date,Strategy,turnover
2010-10-05,RegimeShift,1.0000000000981288
2010-10-06,RegimeShift,0.0
2010-10-07,RegimeShift,0.0
2010-10-08,RegimeShift,0.0
2010-10-11,RegimeShift,0.0
2010-10-12,RegimeShift,0.0
2010-10-13,RegimeShift,0.0
2010-10-14,RegimeShift,0.0
2010-10-15,RegimeShift,0.0
2010-10-18,RegimeShift,0.0
2010-10-19,RegimeShift,0.0
2010-10-20,RegimeShift,0.0
2010-10-21,RegimeShift,0.0
2010-10-22,RegimeShift,0.0
2010-10-25,RegimeShift,0.0
2010-10-26,RegimeShift,0.0
2010-10-27,RegimeShift,0.0
2010-10-28,RegimeShift,0.0
2010-10-29,RegimeShift,0.0
2010-11-01,RegimeShift,0.0
2010-11-02,RegimeShift,0.0
2010-11-03,RegimeShift,0.0039359122953197545
2010-11-04,RegimeShift,0.0
2010-11-08,RegimeShift,0.0
2010-11-09,RegimeShift,0.0
2010-11-10,RegimeShift,0.0
2010-11-11,RegimeShift,0.0
2010-11-12,RegimeShift,0.0
2010-11-15,RegimeShift,0.0
2010-11-16,RegimeShift,0.0
2010-11-18,RegimeShift,0.0
2010-11-19,RegimeShift,0.0
2010-11-22,RegimeShift,0.0
2010-11-23,RegimeShift,0.0
2010-11-24,RegimeShift,0.0
2010-11-25,RegimeShift,0.0
2010-11-26,RegimeShift,0.0
2010-11-29,RegimeShift,0.0
2010-11-30,RegimeShift,0.0
2010-12-01,RegimeShift,0.0
2010-12-02,RegimeShift,0.0
2010-12-03,RegimeShift,0.0
2010-12-06,RegimeShift,0.7091382835525495
2010-12-07,RegimeShift,0.0
2010-12-08,RegimeShift,0.0
2010-12-09,RegimeShift,0.0
2010-12-10,RegimeShift,0.0
2010-12-13,RegimeShift,0.0
2010-12-14,RegimeShift,0.0
2010-12-15,RegimeShift,0.0
2010-12-16,RegimeShift,0.0
2010-12-20,RegimeShift,0.0
2010-12-21,RegimeShift,0.0
2010-12-22,RegimeShift,0.0
2010-12-23,RegimeShift,0.0
2010-12-24,RegimeShift,0.0
2010-12-27,RegimeShift,0.0
2010-12-28,RegimeShift,0.0
2010-12-29,RegimeShift,0.0
2010-12-30,RegimeShift,0.0
2010-12-31,RegimeShift,0.0
2011-01-03,RegimeShift,0.0
2011-01-04,RegimeShift,0.0
2011-01-05,RegimeShift,0.7114365525264665
2011-01-06,RegimeShift,0.0
2011-01-07,RegimeShift,0.0
2011-01-10,RegimeShift,0.0
2011-01-11,RegimeShift,0.0
2011-01-12,RegimeShift,0.0
2011-01-13,RegimeShift,0.0
2011-01-14,RegimeShift,0.0
2011-01-17,RegimeShift,0.0
2011-01-18,RegimeShift,0.0
2011-01-19,RegimeShift,0.0
2011-01-20,RegimeShift,0.0
2011-01-21,RegimeShift,0.0
2011-01-24,RegimeShift,0.0
2011-01-25,RegimeShift,0.0
2011-01-27,RegimeShift,0.0
2011-01-28,RegimeShift,0.0
2011-01-31,RegimeShift,0.0
2011-02-01,RegimeShift,0.0
2011-02-02,RegimeShift,0.0
2011-02-03,RegimeShift,0.0
2011-02-04,RegimeShift,0.7266200598061907
2011-02-07,RegimeShift,0.0
2011-02-08,RegimeShift,0.0
2011-02-09,RegimeShift,0.0
2011-02-10,RegimeShift,0.0
2011-02-11,RegimeShift,0.0
2011-02-14,RegimeShift,0.0
2011-02-15,RegimeShift,0.0
2011-02-16,RegimeShift,0.0
2011-02-17,RegimeShift,0.0
2011-02-18,RegimeShift,0.0
2011-02-21,RegimeShift,0.0
2011-02-22,RegimeShift,0.0
2011-02-23,RegimeShift,0.0
2011-02-24,RegimeShift,0.0
2011-02-25,RegimeShift,0.0
2011-02-28,RegimeShift,0.0
2011-03-01,RegimeShift,0.0
2011-03-03,RegimeShift,0.0
2011-03-04,RegimeShift,0.0
2011-03-07,RegimeShift,0.0
2011-03-08,RegimeShift,0.007935676316885918
2011-03-09,RegimeShift,0.0
2011-03-10,RegimeShift,0.0
2011-03-11,RegimeShift,0.0
2011-03-14,RegimeShift,0.0
2011-03-15,RegimeShift,0.0
2011-03-16,RegimeShift,0.0
2011-03-17,RegimeShift,0.0
2011-03-18,RegimeShift,0.0
2011-03-21,RegimeShift,0.0
2011-03-22,RegimeShift,0.0
2011-03-23,RegimeShift,0.0
2011-03-24,RegimeShift,0.0
2011-03-25,RegimeShift,0.0
2011-03-28,RegimeShift,0.0
2011-03-29,RegimeShift,0.0
2011-03-30,RegimeShift,0.0
2011-03-31,RegimeShift,0.0
2011-04-01,RegimeShift,0.0
2011-04-04,RegimeShift,0.0
2011-04-05,RegimeShift,0.0
2011-04-06,RegimeShift,0.7220541219801322
2011-04-07,RegimeShift,0.0
2011-04-08,RegimeShift,0.0
2011-04-11,RegimeShift,0.0
2011-04-13,RegimeShift,0.0
2011-04-15,RegimeShift,0.0
2011-04-18,RegimeShift,0.0
2011-04-19,RegimeShift,0.0
2011-04-20,RegimeShift,0.0
2011-04-21,RegimeShift,0.0
2011-04-25,RegimeShift,0.0
2011-04-26,RegimeShift,0.0
2011-04-27,RegimeShift,0.0
2011-04-28,RegimeShift,0.0
2011-04-29,RegimeShift,0.0
2011-05-02,RegimeShift,0.0
2011-05-03,RegimeShift,0.0
2011-05-04,RegimeShift,0.0
2011-05-05,RegimeShift,0.0
2011-05-06,RegimeShift,0.0
2011-05-09,RegimeShift,0.0
2011-05-10,RegimeShift,0.017093948132308863
2011-05-11,RegimeShift,0.0
2011-05-12,RegimeShift,0.0
2011-05-13,RegimeShift,0.0
2011-05-16,RegimeShift,0.0
2011-05-17,RegimeShift,0.0
2011-05-18,RegimeShift,0.0
2011-05-19,RegimeShift,0.0
2011-05-20,RegimeShift,0.0
2011-05-23,RegimeShift,0.0
2011-05-24,RegimeShift,0.0
2011-05-25,RegimeShift,0.0
2011-05-26,RegimeShift,0.0
2011-05-27,RegimeShift,0.0
2011-05-30,RegimeShift,0.0
2011-05-31,RegimeShift,0.0
2011-06-01,RegimeShift,0.0
2011-06-02,RegimeShift,0.0
2011-06-03,RegimeShift,0.0
2011-06-06,RegimeShift,0.0
2011-06-07,RegimeShift,0.0
2011-06-08,RegimeShift,0.002141161451303828
2011-06-09,RegimeShift,0.0
2011-06-10,RegimeShift,0.0
2011-06-13,RegimeShift,0.0
2011-06-14,RegimeShift,0.0
2011-06-15,RegimeShift,0.0
2011-06-16,RegimeShift,0.0
2011-06-17,RegimeShift,0.0
2011-06-20,RegimeShift,0.0
2011-06-21,RegimeShift,0.0
2011-06-22,RegimeShift,0.0
2011-06-23,RegimeShift,0.0
2011-06-24,RegimeShift,0.0
2011-06-27,RegimeShift,0.0
2011-06-28,RegimeShift,0.0
2011-06-29,RegimeShift,0.0
2011-06-30,RegimeShift,0.0
2011-07-01,RegimeShift,0.0
2011-07-04,RegimeShift,0.0
2011-07-05,RegimeShift,0.0
2011-07-06,RegimeShift,0.0
2011-07-07,RegimeShift,0.00772648500529237
2011-07-08,RegimeShift,0.0
2011-07-11,RegimeShift,0.0
2011-07-12,RegimeShift,0.0
2011-07-13,RegimeShift,0.0
2011-07-14,RegimeShift,0.0
2011-07-15,RegimeShift,0.0
2011-07-18,RegimeShift,0.0
2011-07-19,RegimeShift,0.0
2011-07-20,RegimeShift,0.0
2011-07-21,RegimeShift,0.0
2011-07-22,RegimeShift,0.0
2011-07-25,RegimeShift,0.0
2011-07-26,RegimeShift,0.0
2011-07-27,RegimeShift,0.0
2011-07-28,RegimeShift,0.0
2011-07-29,RegimeShift,0.0
2011-08-01,RegimeShift,0.0
2011-08-02,RegimeShift,0.0
2011-08-03,RegimeShift,0.0
2011-08-04,RegimeShift,0.0
2011-08-05,RegimeShift,0.19999973537247662
2011-08-08,RegimeShift,0.0
2011-08-09,RegimeShift,0.0
2011-08-10,RegimeShift,0.0
2011-08-11,RegimeShift,0.0
2011-08-12,RegimeShift,0.0
2011-08-16,RegimeShift,0.0
2011-08-17,RegimeShift,0.0
2011-08-18,RegimeShift,0.0
2011-08-19,RegimeShift,0.0
2011-08-22,RegimeShift,0.0
2011-08-23,RegimeShift,0.0
2011-08-24,RegimeShift,0.0
2011-08-25,RegimeShift,0.0
2011-08-26,RegimeShift,0.0
2011-08-29,RegimeShift,0.0
2011-08-30,RegimeShift,0.0
2011-09-02,RegimeShift,0.0
2011-09-05,RegimeShift,0.0
2011-09-06,RegimeShift,0.0
2011-09-07,RegimeShift,0.0
2011-09-08,RegimeShift,0.569234043891244
2011-09-09,RegimeShift,0.0
2011-09-12,RegimeShift,0.0
2011-09-13,RegimeShift,0.0
2011-09-14,RegimeShift,0.0
2011-09-15,RegimeShift,0.0
2011-09-16,RegimeShift,0.0
2011-09-19,RegimeShift,0.0
2011-09-20,RegimeShift,0.0
2011-09-21,RegimeShift,0.0
2011-09-22,RegimeShift,0.0
2011-09-23,RegimeShift,0.0
2011-09-26,RegimeShift,0.0
2011-09-27,RegimeShift,0.0
2011-09-28,RegimeShift,0.0
2011-09-29,RegimeShift,0.0
2011-09-30,RegimeShift,0.0
2011-10-03,RegimeShift,0.0
2011-10-04,RegimeShift,0.0
2011-10-05,RegimeShift,0.0
2011-10-07,RegimeShift,0.0
2011-10-10,RegimeShift,0.008711557583789019
2011-10-11,RegimeShift,0.0
2011-10-12,RegimeShift,0.0
2011-10-13,RegimeShift,0.0
2011-10-14,RegimeShift,0.0
2011-10-17,RegimeShift,0.0
2011-10-18,RegimeShift,0.0
2011-10-19,RegimeShift,0.0
2011-10-20,RegimeShift,0.0
2011-10-21,RegimeShift,0.0
2011-10-24,RegimeShift,0.0
2011-10-25,RegimeShift,0.0
2011-10-28,RegimeShift,0.0
2011-10-31,RegimeShift,0.0
2011-11-01,RegimeShift,0.0
2011-11-02,RegimeShift,0.0
2011-11-03,RegimeShift,0.0
2011-11-04,RegimeShift,0.0
2011-11-08,RegimeShift,0.0
2011-11-09,RegimeShift,0.0
2011-11-11,RegimeShift,0.0
2011-11-14,RegimeShift,0.01653035568954994
2011-11-15,RegimeShift,0.0
2011-11-16,RegimeShift,0.0
2011-11-17,RegimeShift,0.0
2011-11-18,RegimeShift,0.0
2011-11-21,RegimeShift,0.0
2011-11-22,RegimeShift,0.0
2011-11-23,RegimeShift,0.0
2011-11-24,RegimeShift,0.0
2011-11-25,RegimeShift,0.0
2011-11-28,RegimeShift,0.0
2011-11-29,RegimeShift,0.0
2011-11-30,RegimeShift,0.0
2011-12-01,RegimeShift,0.0
2011-12-02,RegimeShift,0.0
2011-12-05,RegimeShift,0.0
2011-12-07,RegimeShift,0.0
2011-12-08,RegimeShift,0.0
2011-12-09,RegimeShift,0.0
2011-12-12,RegimeShift,0.0
2011-12-13,RegimeShift,0.0
2011-12-14,RegimeShift,0.552475872981674
2011-12-15,RegimeShift,0.0
2011-12-16,RegimeShift,0.0
2011-12-19,RegimeShift,0.0
2011-12-20,RegimeShift,0.0
2011-12-21,RegimeShift,0.0
2011-12-22,RegimeShift,0.0
2011-12-23,RegimeShift,0.0
2011-12-26,RegimeShift,0.0
2011-12-27,RegimeShift,0.0
2011-12-28,RegimeShift,0.0
2011-12-29,RegimeShift,0.0
2011-12-30,RegimeShift,0.0
2012-01-02,RegimeShift,0.0
2012-01-03,RegimeShift,0.0
2012-01-04,RegimeShift,0.0
2012-01-05,RegimeShift,0.0
2012-01-06,RegimeShift,0.0
2012-01-09,RegimeShift,0.0
2012-01-10,RegimeShift,0.0
2012-01-11,RegimeShift,0.0
2012-01-12,RegimeShift,0.004881155921910615
2012-01-13,RegimeShift,0.0
2012-01-16,RegimeShift,0.0
2012-01-17,RegimeShift,0.0
2012-01-18,RegimeShift,0.0
2012-01-19,RegimeShift,0.0
2012-01-20,RegimeShift,0.0
2012-01-23,RegimeShift,0.0
2012-01-24,RegimeShift,0.0
2012-01-25,RegimeShift,0.0
2012-01-27,RegimeShift,0.0
2012-01-30,RegimeShift,0.0
2012-01-31,RegimeShift,0.0
2012-02-01,RegimeShift,0.0
2012-02-02,RegimeShift,0.0
2012-02-03,RegimeShift,0.0
2012-02-06,RegimeShift,0.0
2012-02-07,RegimeShift,0.0
2012-02-08,RegimeShift,0.0
2012-02-09,RegimeShift,0.0
2012-02-10,RegimeShift,0.0
2012-02-13,RegimeShift,0.12672428047788825
2012-02-14,RegimeShift,0.0
2012-02-15,RegimeShift,0.0
2012-02-16,RegimeShift,0.0
2012-02-17,RegimeShift,0.0
2012-02-21,RegimeShift,0.0
2012-02-22,RegimeShift,0.0
2012-02-23,RegimeShift,0.0
2012-02-24,RegimeShift,0.0
2012-02-27,RegimeShift,0.0
2012-02-28,RegimeShift,0.0
2012-02-29,RegimeShift,0.0
2012-03-01,RegimeShift,0.0
2012-03-02,RegimeShift,0.0
2012-03-05,RegimeShift,0.0
2012-03-06,RegimeShift,0.0
2012-03-07,RegimeShift,0.0
2012-03-09,RegimeShift,0.0
2012-03-12,RegimeShift,0.0
2012-03-13,RegimeShift,0.0
2012-03-14,RegimeShift,0.0
2012-03-15,RegimeShift,0.4456705582851963
2012-03-16,RegimeShift,0.0
2012-03-19,RegimeShift,0.0
2012-03-20,RegimeShift,0.0
2012-03-21,RegimeShift,0.0
2012-03-22,RegimeShift,0.0
2012-03-23,RegimeShift,0.0
2012-03-26,RegimeShift,0.0
2012-03-27,RegimeShift,0.0
2012-03-28,RegimeShift,0.0
2012-03-29,RegimeShift,0.0
2012-03-30,RegimeShift,0.0
2012-04-02,RegimeShift,0.0
2012-04-03,RegimeShift,0.0
2012-04-04,RegimeShift,0.0
2012-04-09,RegimeShift,0.0
2012-04-10,RegimeShift,0.0
2012-04-11,RegimeShift,0.0
2012-04-12,RegimeShift,0.0
2012-04-13,RegimeShift,0.0
2012-04-16,RegimeShift,0.0
2012-04-17,RegimeShift,0.014399151597620688
2012-04-18,RegimeShift,0.0
2012-04-19,RegimeShift,0.0
2012-04-20,RegimeShift,0.0
2012-04-23,RegimeShift,0.0
2012-04-24,RegimeShift,0.0
2012-04-25,RegimeShift,0.0
2012-04-26,RegimeShift,0.0
2012-04-27,RegimeShift,0.0
2012-04-30,RegimeShift,0.0
2012-05-02,RegimeShift,0.0
2012-05-03,RegimeShift,0.0
2012-05-04,RegimeShift,0.0
2012-05-07,RegimeShift,0.0
2012-05-08,RegimeShift,0.0
2012-05-09,RegimeShift,0.0
2012-05-10,RegimeShift,0.0
2012-05-11,RegimeShift,0.0
2012-05-14,RegimeShift,0.0
2012-05-15,RegimeShift,0.0
2012-05-16,RegimeShift,0.0
2012-05-17,RegimeShift,0.440627931789308
2012-05-18,RegimeShift,0.0
2012-05-21,RegimeShift,0.0
2012-05-22,RegimeShift,0.0
2012-05-23,RegimeShift,0.0
2012-05-24,RegimeShift,0.0
2013-01-31,RegimeShift,0.0
2013-02-01,RegimeShift,0.0
2013-02-04,RegimeShift,0.0
2013-02-05,RegimeShift,0.0
2013-02-06,RegimeShift,0.0
2013-02-07,RegimeShift,0.0
2013-02-08,RegimeShift,0.0
2013-02-11,RegimeShift,0.0
2013-02-12,RegimeShift,0.0
2013-02-13,RegimeShift,0.0
2013-02-14,RegimeShift,0.0
2013-02-15,RegimeShift,0.0
2013-02-18,RegimeShift,0.0
2013-02-19,RegimeShift,0.0
2013-02-20,RegimeShift,0.0
2013-02-21,RegimeShift,0.001450178710774473
2013-02-22,RegimeShift,0.0
2013-02-25,RegimeShift,0.0
2013-02-26,RegimeShift,0.0
2013-02-27,RegimeShift,0.0
2013-02-28,RegimeShift,0.0
2013-03-01,RegimeShift,0.0
2013-03-04,RegimeShift,0.0
2013-03-05,RegimeShift,0.0
2013-03-06,RegimeShift,0.0
2013-03-07,RegimeShift,0.0
2013-03-08,RegimeShift,0.0
2013-03-11,RegimeShift,0.0
2013-03-12,RegimeShift,0.0
2013-03-13,RegimeShift,0.0
2013-03-14,RegimeShift,0.0
2013-03-15,RegimeShift,0.0
2013-03-18,RegimeShift,0.0
2013-03-19,RegimeShift,0.0
2013-03-20,RegimeShift,0.0
2013-03-21,RegimeShift,0.0
2013-03-22,RegimeShift,0.00273328704179669
2013-03-25,RegimeShift,0.0
2013-03-26,RegimeShift,0.0
2013-03-28,RegimeShift,0.0
2013-04-01,RegimeShift,0.0
2013-04-02,RegimeShift,0.0
2013-04-03,RegimeShift,0.0
2013-04-04,RegimeShift,0.0
2013-04-05,RegimeShift,0.0
2013-04-08,RegimeShift,0.0
2013-04-09,RegimeShift,0.0
2013-04-10,RegimeShift,0.0
2013-04-11,RegimeShift,0.0
2013-04-12,RegimeShift,0.0
2013-04-15,RegimeShift,0.0
2013-04-16,RegimeShift,0.0
2013-04-17,RegimeShift,0.0
2013-04-18,RegimeShift,0.0
2013-04-22,RegimeShift,0.0
2013-04-23,RegimeShift,0.0
2013-04-25,RegimeShift,0.0
2013-04-26,RegimeShift,0.38834409215572113
2013-04-29,RegimeShift,0.0
2013-04-30,RegimeShift,0.0
2013-05-02,RegimeShift,0.0
2013-05-03,RegimeShift,0.0
2013-05-06,RegimeShift,0.0
2013-05-07,RegimeShift,0.0
2013-05-08,RegimeShift,0.0
2013-05-09,RegimeShift,0.0
2013-05-10,RegimeShift,0.0
2013-05-13,RegimeShift,0.0
2013-05-14,RegimeShift,0.0
2013-05-15,RegimeShift,0.0
2013-05-16,RegimeShift,0.0
2013-05-17,RegimeShift,0.0
2013-05-20,RegimeShift,0.0
2013-05-21,RegimeShift,0.0
2013-05-22,RegimeShift,0.0
2013-05-23,RegimeShift,0.0
2013-05-24,RegimeShift,0.0
2013-05-27,RegimeShift,0.0
2013-05-28,RegimeShift,0.3857642909160309
2013-05-29,RegimeShift,0.0
2013-05-30,RegimeShift,0.0
2013-05-31,RegimeShift,0.0
2013-06-03,RegimeShift,0.0
2013-06-04,RegimeShift,0.0
2013-06-05,RegimeShift,0.0
2013-06-06,RegimeShift,0.0
2013-06-07,RegimeShift,0.0
2013-06-10,RegimeShift,0.0
2013-06-11,RegimeShift,0.0
2013-06-12,RegimeShift,0.0
2013-06-13,RegimeShift,0.0
2013-06-14,RegimeShift,0.0
2013-06-17,RegimeShift,0.0
2013-06-18,RegimeShift,0.0
2013-06-19,RegimeShift,0.0
2013-06-20,RegimeShift,0.0
2013-06-21,RegimeShift,0.0
2013-06-24,RegimeShift,0.0
2013-06-25,RegimeShift,0.0
2013-06-26,RegimeShift,0.18493086318962368
2013-06-27,RegimeShift,0.0
2013-06-28,RegimeShift,0.0
2013-07-01,RegimeShift,0.0
2013-07-02,RegimeShift,0.0
2013-07-03,RegimeShift,0.0
2013-07-04,RegimeShift,0.0
2013-07-05,RegimeShift,0.0
2013-07-08,RegimeShift,0.0
2013-07-09,RegimeShift,0.0
2013-07-10,RegimeShift,0.0
2013-07-11,RegimeShift,0.0
2013-07-12,RegimeShift,0.0
2013-07-15,RegimeShift,0.0
2013-07-16,RegimeShift,0.0
2013-07-17,RegimeShift,0.0
2013-07-18,RegimeShift,0.0
2013-07-19,RegimeShift,0.0
2013-07-22,RegimeShift,0.0
2013-07-23,RegimeShift,0.0
2013-07-24,RegimeShift,0.0
2013-07-25,RegimeShift,0.1903942000888636
2013-07-26,RegimeShift,0.0
2013-07-29,RegimeShift,0.0
2013-07-30,RegimeShift,0.0
2013-07-31,RegimeShift,0.0
2013-08-01,RegimeShift,0.0
2013-08-02,RegimeShift,0.0
2013-08-05,RegimeShift,0.0
2013-08-06,RegimeShift,0.0
2013-08-07,RegimeShift,0.0
2013-08-08,RegimeShift,0.0
2013-08-12,RegimeShift,0.0
2013-08-13,RegimeShift,0.0
2013-08-14,RegimeShift,0.0
2013-08-16,RegimeShift,0.0
2013-08-19,RegimeShift,0.0
2013-08-20,RegimeShift,0.0
2013-08-21,RegimeShift,0.0
2013-08-22,RegimeShift,0.0
2013-08-23,RegimeShift,0.0
2013-08-26,RegimeShift,0.0
2013-08-27,RegimeShift,0.25000784290238043
2013-08-28,RegimeShift,0.0
2013-08-29,RegimeShift,0.0
2013-08-30,RegimeShift,0.0
2013-09-02,RegimeShift,0.0
2013-09-03,RegimeShift,0.0
2013-09-04,RegimeShift,0.0
2013-09-05,RegimeShift,0.0
2013-09-06,RegimeShift,0.0
2013-09-10,RegimeShift,0.0
2013-09-11,RegimeShift,0.0
2013-09-12,RegimeShift,0.0
2013-09-13,RegimeShift,0.0
2013-09-16,RegimeShift,0.0
2013-09-17,RegimeShift,0.0
2013-09-18,RegimeShift,0.0
2013-09-19,RegimeShift,0.0
2013-09-20,RegimeShift,0.0
2013-09-23,RegimeShift,0.0
2013-09-24,RegimeShift,0.0
2013-09-25,RegimeShift,0.0
2013-09-26,RegimeShift,0.024582279091007134
2013-09-27,RegimeShift,0.0
2013-09-30,RegimeShift,0.0
2013-10-01,RegimeShift,0.0
2013-10-03,RegimeShift,0.0
2013-10-04,RegimeShift,0.0
2013-10-07,RegimeShift,0.0
2013-10-08,RegimeShift,0.0
2013-10-09,RegimeShift,0.0
2013-10-10,RegimeShift,0.0
2013-10-11,RegimeShift,0.0
2013-10-14,RegimeShift,0.0
2013-10-15,RegimeShift,0.0
2013-10-17,RegimeShift,0.0
2013-10-18,RegimeShift,0.0
2013-10-21,RegimeShift,0.0
2013-10-22,RegimeShift,0.0
2013-10-23,RegimeShift,0.0
2013-10-24,RegimeShift,0.0
2013-10-25,RegimeShift,0.0
2013-10-28,RegimeShift,0.0
2013-10-29,RegimeShift,0.007512413234211337
2013-10-30,RegimeShift,0.0
2013-10-31,RegimeShift,0.0
2013-11-01,RegimeShift,0.0
2013-11-05,RegimeShift,0.0
2013-11-06,RegimeShift,0.0
2013-11-07,RegimeShift,0.0
2013-11-08,RegimeShift,0.0
2013-11-11,RegimeShift,0.0
2013-11-12,RegimeShift,0.0
2013-11-13,RegimeShift,0.0
2013-11-14,RegimeShift,0.0
2013-11-18,RegimeShift,0.0
2013-11-19,RegimeShift,0.0
2013-11-20,RegimeShift,0.0
2013-11-21,RegimeShift,0.0
2013-11-22,RegimeShift,0.0
2013-11-25,RegimeShift,0.0
2013-11-26,RegimeShift,0.0
2013-11-27,RegimeShift,0.0
2013-11-28,RegimeShift,0.0
2013-11-29,RegimeShift,0.5206838285287309
2013-12-02,RegimeShift,0.0
2013-12-03,RegimeShift,0.0
2013-12-04,RegimeShift,0.0
2013-12-05,RegimeShift,0.0
2013-12-06,RegimeShift,0.0
2013-12-09,RegimeShift,0.0
2013-12-10,RegimeShift,0.0
2013-12-11,RegimeShift,0.0
2013-12-12,RegimeShift,0.0
2013-12-13,RegimeShift,0.0
2013-12-16,RegimeShift,0.0
2013-12-17,RegimeShift,0.0
2013-12-18,RegimeShift,0.0
2013-12-19,RegimeShift,0.0
2013-12-20,RegimeShift,0.0
2013-12-23,RegimeShift,0.0
2013-12-24,RegimeShift,0.0
2013-12-26,RegimeShift,0.0
2013-12-27,RegimeShift,0.0
2013-12-30,RegimeShift,0.0
2013-12-31,RegimeShift,0.2471579297033178
2014-01-01,RegimeShift,0.0
2014-01-02,RegimeShift,0.0
2014-01-03,RegimeShift,0.0
2014-01-06,RegimeShift,0.0
2014-01-07,RegimeShift,0.0
2014-01-08,RegimeShift,0.0
2014-01-09,RegimeShift,0.0
2014-01-10,RegimeShift,0.0
2014-01-13,RegimeShift,0.0
2014-01-14,RegimeShift,0.0
2014-01-15,RegimeShift,0.0
2014-01-16,RegimeShift,0.0
2014-01-17,RegimeShift,0.0
2014-01-20,RegimeShift,0.0
2014-01-21,RegimeShift,0.0
2014-01-22,RegimeShift,0.0
2014-01-23,RegimeShift,0.0
2014-01-24,RegimeShift,0.0
2014-01-27,RegimeShift,0.0
2014-01-28,RegimeShift,0.0
2014-01-29,RegimeShift,0.008898896167883232
2014-01-30,RegimeShift,0.0
2014-01-31,RegimeShift,0.0
2014-02-03,RegimeShift,0.0
2014-02-04,RegimeShift,0.0
2014-02-05,RegimeShift,0.0
2014-02-06,RegimeShift,0.0
2014-02-07,RegimeShift,0.0
2014-02-10,RegimeShift,0.0
2014-02-11,RegimeShift,0.0
2014-02-12,RegimeShift,0.0
2014-02-13,RegimeShift,0.0
2014-02-14,RegimeShift,0.0
2014-02-17,RegimeShift,0.0
2014-02-18,RegimeShift,0.0
2014-02-19,RegimeShift,0.0
2014-02-20,RegimeShift,0.0
2014-02-21,RegimeShift,0.0
2014-02-24,RegimeShift,0.0
2014-02-25,RegimeShift,0.0
2014-02-26,RegimeShift,0.0
2014-02-28,RegimeShift,0.09084804277248629
2014-03-03,RegimeShift,0.0
2014-03-04,RegimeShift,0.0
2014-03-05,RegimeShift,0.0
2014-03-06,RegimeShift,0.0
2014-03-07,RegimeShift,0.0
2014-03-10,RegimeShift,0.0
2014-03-11,RegimeShift,0.0
2014-03-12,RegimeShift,0.0
2014-03-13,RegimeShift,0.0
2014-03-14,RegimeShift,0.0
2014-03-18,RegimeShift,0.0
2014-03-19,RegimeShift,0.0
2014-03-20,RegimeShift,0.0
2014-03-21,RegimeShift,0.0
2014-03-24,RegimeShift,0.0
2014-03-25,RegimeShift,0.0
2014-03-26,RegimeShift,0.0
2014-03-27,RegimeShift,0.0
2014-03-28,RegimeShift,0.0
2014-03-31,RegimeShift,0.0
2014-04-01,RegimeShift,0.24278576957637224
2014-04-02,RegimeShift,0.0
2014-04-03,RegimeShift,0.0
2014-04-04,RegimeShift,0.0
2014-04-07,RegimeShift,0.0
2014-04-09,RegimeShift,0.0
2014-04-10,RegimeShift,0.0
2014-04-11,RegimeShift,0.0
2014-04-15,RegimeShift,0.0
2014-04-16,RegimeShift,0.0
2014-04-17,RegimeShift,0.0
2014-04-21,RegimeShift,0.0
2014-04-22,RegimeShift,0.0
2014-04-23,RegimeShift,0.0
2014-04-25,RegimeShift,0.0
2014-04-28,RegimeShift,0.0
2014-04-29,RegimeShift,0.0
2014-04-30,RegimeShift,0.0
2014-05-02,RegimeShift,0.0
2014-05-05,RegimeShift,0.0
2014-05-06,RegimeShift,0.0
2014-05-07,RegimeShift,0.25974186584195663
2014-05-08,RegimeShift,0.0
2014-05-09,RegimeShift,0.0
2014-05-12,RegimeShift,0.0
2014-05-13,RegimeShift,0.0
2014-05-14,RegimeShift,0.0
2014-05-15,RegimeShift,0.0
2014-05-16,RegimeShift,0.0
2014-05-19,RegimeShift,0.0
2014-05-20,RegimeShift,0.0
2014-05-21,RegimeShift,0.0
2014-05-22,RegimeShift,0.0
2014-05-23,RegimeShift,0.0
2014-05-26,RegimeShift,0.0
2014-05-27,RegimeShift,0.0
2014-05-28,RegimeShift,0.0
2014-05-29,RegimeShift,0.0
2014-05-30,RegimeShift,0.0
2014-06-02,RegimeShift,0.0
2014-06-03,RegimeShift,0.0
2014-06-04,RegimeShift,0.0
2014-06-05,RegimeShift,0.7310209255566419
2014-06-06,RegimeShift,0.0
2014-06-09,RegimeShift,0.0
2014-06-10,RegimeShift,0.0
2014-06-11,RegimeShift,0.0
2014-06-12,RegimeShift,0.0
2014-06-13,RegimeShift,0.0
2014-06-16,RegimeShift,0.0
2014-06-17,RegimeShift,0.0
2014-06-18,RegimeShift,0.0
2014-06-19,RegimeShift,0.0
2014-06-20,RegimeShift,0.0
2014-06-23,RegimeShift,0.0
2014-06-24,RegimeShift,0.0
2014-06-25,RegimeShift,0.0
2014-06-26,RegimeShift,0.0
2014-06-27,RegimeShift,0.0
2014-06-30,RegimeShift,0.0
2014-07-01,RegimeShift,0.0
2014-07-02,RegimeShift,0.0
2014-07-03,RegimeShift,0.0
2014-07-04,RegimeShift,0.7460502719428396
2014-07-07,RegimeShift,0.0
2014-07-08,RegimeShift,0.0
2014-07-09,RegimeShift,0.0
2014-07-10,RegimeShift,0.0
2014-07-11,RegimeShift,0.0
2014-07-14,RegimeShift,0.0
2014-07-15,RegimeShift,0.0
2014-07-16,RegimeShift,0.0
2014-07-17,RegimeShift,0.0
2014-07-18,RegimeShift,0.0
2014-07-21,RegimeShift,0.0
2014-07-22,RegimeShift,0.0
2014-07-23,RegimeShift,0.0
2014-07-24,RegimeShift,0.0
2014-07-25,RegimeShift,0.0
2014-07-28,RegimeShift,0.0
2014-07-30,RegimeShift,0.0
2014-07-31,RegimeShift,0.0
2014-08-01,RegimeShift,0.0
2014-08-04,RegimeShift,0.0
2014-08-05,RegimeShift,0.20031648551776948
2014-08-06,RegimeShift,0.0
2014-08-07,RegimeShift,0.0
2014-08-08,RegimeShift,0.0
2014-08-11,RegimeShift,0.0
2014-08-12,RegimeShift,0.0
2014-08-13,RegimeShift,0.0
2014-08-14,RegimeShift,0.0
2014-08-18,RegimeShift,0.0
2014-08-19,RegimeShift,0.0
2014-08-20,RegimeShift,0.0
2014-08-21,RegimeShift,0.0
2014-08-22,RegimeShift,0.0
2014-08-25,RegimeShift,0.0
2014-08-26,RegimeShift,0.0
2014-08-27,RegimeShift,0.0
2014-08-28,RegimeShift,0.0
2014-09-01,RegimeShift,0.0
2014-09-02,RegimeShift,0.0
2014-09-03,RegimeShift,0.0
2014-09-04,RegimeShift,0.0
2014-09-05,RegimeShift,0.4060216528439563
2014-09-08,RegimeShift,0.0
2014-09-09,RegimeShift,0.0
2014-09-10,RegimeShift,0.0
2014-09-11,RegimeShift,0.0
2014-09-12,RegimeShift,0.0
2014-09-15,RegimeShift,0.0
2014-09-16,RegimeShift,0.0
2014-09-17,RegimeShift,0.0
2014-09-18,RegimeShift,0.0
2014-09-19,RegimeShift,0.0
2014-09-22,RegimeShift,0.0
2014-09-23,RegimeShift,0.0
2014-09-24,RegimeShift,0.0
2014-09-25,RegimeShift,0.0
2014-09-26,RegimeShift,0.0
2014-09-29,RegimeShift,0.0
2014-09-30,RegimeShift,0.0
2014-10-01,RegimeShift,0.0
2014-10-07,RegimeShift,0.0
2014-10-08,RegimeShift,0.0
2014-10-09,RegimeShift,0.3256183803291814
2014-10-10,RegimeShift,0.0
2014-10-13,RegimeShift,0.0
2014-10-14,RegimeShift,0.0
2014-10-15,RegimeShift,0.0
2014-10-16,RegimeShift,0.0
2014-10-17,RegimeShift,0.0
2014-10-20,RegimeShift,0.0
2014-10-21,RegimeShift,0.0
2014-10-22,RegimeShift,0.0
2014-10-27,RegimeShift,0.0
2014-10-28,RegimeShift,0.0
2014-10-29,RegimeShift,0.0
2014-10-30,RegimeShift,0.0
2014-10-31,RegimeShift,0.0
2014-11-03,RegimeShift,0.0
2014-11-05,RegimeShift,0.0
2014-11-07,RegimeShift,0.0
2014-11-10,RegimeShift,0.0
2014-11-11,RegimeShift,0.0
2014-11-12,RegimeShift,0.0
2014-11-13,RegimeShift,0.011628325618472095
2014-11-14,RegimeShift,0.0
2014-11-17,RegimeShift,0.0
2014-11-18,RegimeShift,0.0
2014-11-19,RegimeShift,0.0
2014-11-20,RegimeShift,0.0
2014-11-21,RegimeShift,0.0
2014-11-24,RegimeShift,0.0
2014-11-25,RegimeShift,0.0
2014-11-26,RegimeShift,0.0
2014-11-27,RegimeShift,0.0
2014-11-28,RegimeShift,0.0
2014-12-01,RegimeShift,0.0
2014-12-02,RegimeShift,0.0
2014-12-03,RegimeShift,0.0
2014-12-04,RegimeShift,0.0
2014-12-05,RegimeShift,0.0
2014-12-08,RegimeShift,0.0
2014-12-09,RegimeShift,0.0
2014-12-10,RegimeShift,0.0
2014-12-11,RegimeShift,0.0
2014-12-12,RegimeShift,0.34011443412501347
2014-12-15,RegimeShift,0.0
2014-12-16,RegimeShift,0.0
2014-12-17,RegimeShift,0.0
2014-12-18,RegimeShift,0.0
2014-12-19,RegimeShift,0.0
2014-12-22,RegimeShift,0.0
2014-12-23,RegimeShift,0.0
2014-12-24,RegimeShift,0.0
2014-12-26,RegimeShift,0.0
2014-12-29,RegimeShift,0.0
2014-12-30,RegimeShift,0.0
2014-12-31,RegimeShift,0.0
2015-01-01,RegimeShift,0.0
2015-01-02,RegimeShift,0.0
2015-01-05,RegimeShift,0.0
2015-01-06,RegimeShift,0.0
2015-01-07,RegimeShift,0.0
2015-01-08,RegimeShift,0.0
2015-01-09,RegimeShift,0.0
2015-01-12,RegimeShift,0.0
2015-01-13,RegimeShift,0.3370952017929666
2015-01-14,RegimeShift,0.0
2015-01-15,RegimeShift,0.0
2015-01-16,RegimeShift,0.0
2015-01-19,RegimeShift,0.0
2015-01-20,RegimeShift,0.0
2015-01-21,RegimeShift,0.0
2015-01-22,RegimeShift,0.0
2015-01-23,RegimeShift,0.0
2015-01-27,RegimeShift,0.0
2015-01-28,RegimeShift,0.0
2015-01-29,RegimeShift,0.0
2015-01-30,RegimeShift,0.0
2015-02-02,RegimeShift,0.0
2015-02-03,RegimeShift,0.0
2015-02-04,RegimeShift,0.0
2015-02-05,RegimeShift,0.0
2015-02-06,RegimeShift,0.0
2015-02-09,RegimeShift,0.0
2015-02-10,RegimeShift,0.0
2015-02-11,RegimeShift,0.0
2015-02-12,RegimeShift,0.7331917246138254
2015-02-13,RegimeShift,0.0
2015-02-16,RegimeShift,0.0
2015-02-18,RegimeShift,0.0
2015-02-19,RegimeShift,0.0
2015-02-20,RegimeShift,0.0
2015-02-23,RegimeShift,0.0
2015-02-24,RegimeShift,0.0
2015-02-25,RegimeShift,0.0
2015-02-26,RegimeShift,0.0
2015-02-27,RegimeShift,0.0
2015-03-02,RegimeShift,0.0
2015-03-03,RegimeShift,0.0
2015-03-04,RegimeShift,0.0
2015-03-05,RegimeShift,0.0
2015-03-09,RegimeShift,0.0
2015-03-10,RegimeShift,0.0
2015-03-11,RegimeShift,0.0
2015-03-12,RegimeShift,0.0
2015-03-13,RegimeShift,0.0
2015-03-16,RegimeShift,0.0
2015-03-17,RegimeShift,0.7476541996210564
2015-03-18,RegimeShift,0.0
2015-03-19,RegimeShift,0.0
2015-03-20,RegimeShift,0.0
2015-03-23,RegimeShift,0.0
2015-03-24,RegimeShift,0.0
2015-03-25,RegimeShift,0.0
2015-03-26,RegimeShift,0.0
2015-03-27,RegimeShift,0.0
2015-03-30,RegimeShift,0.0
2015-03-31,RegimeShift,0.0
2015-04-01,RegimeShift,0.0
2015-04-06,RegimeShift,0.0
2015-04-07,RegimeShift,0.0
2015-04-08,RegimeShift,0.0
2015-04-09,RegimeShift,0.0
2015-04-10,RegimeShift,0.0
2015-04-13,RegimeShift,0.0
2015-04-15,RegimeShift,0.0
2015-04-16,RegimeShift,0.0
2015-04-17,RegimeShift,0.0
2015-04-20,RegimeShift,0.00590244768806537
2015-04-21,RegimeShift,0.0
2015-04-22,RegimeShift,0.0
2015-04-23,RegimeShift,0.0
2015-04-24,RegimeShift,0.0
2015-04-27,RegimeShift,0.0
2015-04-28,RegimeShift,0.0
2015-04-29,RegimeShift,0.0
2015-04-30,RegimeShift,0.0
2015-05-04,RegimeShift,0.0
2015-05-05,RegimeShift,0.0
2015-05-06,RegimeShift,0.0
2015-05-07,RegimeShift,0.0
2015-05-08,RegimeShift,0.0
2015-05-11,RegimeShift,0.0
2015-05-12,RegimeShift,0.0
2015-05-13,RegimeShift,0.0
2015-05-14,RegimeShift,0.0
2015-05-15,RegimeShift,0.0
2015-05-18,RegimeShift,0.0
2015-05-19,RegimeShift,0.0
2015-05-20,RegimeShift,0.0020188553083781494
2015-05-21,RegimeShift,0.0
2015-05-22,RegimeShift,0.0
2015-05-25,RegimeShift,0.0
2015-05-26,RegimeShift,0.0
2015-05-27,RegimeShift,0.0
2015-05-28,RegimeShift,0.0
2015-05-29,RegimeShift,0.0
2015-06-01,RegimeShift,0.0
2015-06-02,RegimeShift,0.0
2015-06-03,RegimeShift,0.0
2015-06-04,RegimeShift,0.0
2015-06-05,RegimeShift,0.0
2015-06-08,RegimeShift,0.0
2015-06-09,RegimeShift,0.0
2015-06-10,RegimeShift,0.0
2015-06-11,RegimeShift,0.0
2015-06-12,RegimeShift,0.0
2015-06-15,RegimeShift,0.0
2015-06-16,RegimeShift,0.0
2015-06-17,RegimeShift,0.0
2015-06-18,RegimeShift,0.007832272062492776
2015-06-19,RegimeShift,0.0
2015-06-22,RegimeShift,0.0
2015-06-23,RegimeShift,0.0
2015-06-24,RegimeShift,0.0
2015-06-25,RegimeShift,0.0
2015-06-26,RegimeShift,0.0
2015-06-29,RegimeShift,0.0
2015-06-30,RegimeShift,0.0
2015-07-01,RegimeShift,0.0
2015-07-02,RegimeShift,0.0
2015-07-03,RegimeShift,0.0
2015-07-06,RegimeShift,0.0
2015-07-07,RegimeShift,0.0
2015-07-08,RegimeShift,0.0
2015-07-09,RegimeShift,0.0
2015-07-10,RegimeShift,0.0
2015-07-13,RegimeShift,0.0
2015-07-14,RegimeShift,0.0
2015-07-15,RegimeShift,0.0
2015-07-16,RegimeShift,0.0
2015-07-17,RegimeShift,0.3527293400749356
2015-07-20,RegimeShift,0.0
2015-07-21,RegimeShift,0.0
2015-07-22,RegimeShift,0.0
2015-07-23,RegimeShift,0.0
2015-07-24,RegimeShift,0.0
2015-07-27,RegimeShift,0.0
2015-07-28,RegimeShift,0.0
2015-07-29,RegimeShift,0.0
2015-07-30,RegimeShift,0.0
2015-07-31,RegimeShift,0.0
2015-08-03,RegimeShift,0.0
2015-08-04,RegimeShift,0.0
2015-08-05,RegimeShift,0.0
2015-08-06,RegimeShift,0.0
2015-08-07,RegimeShift,0.0
2015-08-10,RegimeShift,0.0
2015-08-11,RegimeShift,0.0
2015-08-12,RegimeShift,0.0
2015-08-13,RegimeShift,0.0
2015-08-14,RegimeShift,0.0
2015-08-17,RegimeShift,0.4046710016149736
2015-08-18,RegimeShift,0.0
2015-08-19,RegimeShift,0.0
2015-08-20,RegimeShift,0.0
2015-08-21,RegimeShift,0.0
2015-08-24,RegimeShift,0.0
2015-08-25,RegimeShift,0.0
2015-08-26,RegimeShift,0.0
2015-08-27,RegimeShift,0.0
2015-08-28,RegimeShift,0.0
2015-08-31,RegimeShift,0.0
2015-09-01,RegimeShift,0.0
2015-09-02,RegimeShift,0.0
2015-09-03,RegimeShift,0.0
2015-09-04,RegimeShift,0.0
2015-09-07,RegimeShift,0.0
2015-09-08,RegimeShift,0.0
2015-09-09,RegimeShift,0.0
2015-09-10,RegimeShift,0.0
2015-09-11,RegimeShift,0.0
2015-09-14,RegimeShift,0.0
2015-09-15,RegimeShift,0.7386841663573026
2015-09-16,RegimeShift,0.0
2015-09-18,RegimeShift,0.0
2015-09-21,RegimeShift,0.0
2015-09-22,RegimeShift,0.0
2015-09-23,RegimeShift,0.0
2015-09-24,RegimeShift,0.0
2015-09-28,RegimeShift,0.0
2015-09-29,RegimeShift,0.0
2015-09-30,RegimeShift,0.0
2015-10-01,RegimeShift,0.0
2015-10-05,RegimeShift,0.0
2015-10-06,RegimeShift,0.0
2015-10-07,RegimeShift,0.0
2015-10-08,RegimeShift,0.0
2015-10-09,RegimeShift,0.0
2015-10-12,RegimeShift,0.0
2015-10-13,RegimeShift,0.0
2015-10-14,RegimeShift,0.0
2015-10-15,RegimeShift,0.0
2015-10-16,RegimeShift,0.0
2015-10-19,RegimeShift,0.2538288822006438
2015-10-20,RegimeShift,0.0
2015-10-21,RegimeShift,0.0
2015-10-23,RegimeShift,0.0
2015-10-26,RegimeShift,0.0
2015-10-27,RegimeShift,0.0
2015-10-28,RegimeShift,0.0
2015-10-29,RegimeShift,0.0
2015-10-30,RegimeShift,0.0
2015-11-02,RegimeShift,0.0
2015-11-03,RegimeShift,0.0
2015-11-04,RegimeShift,0.0
2015-11-05,RegimeShift,0.0
2015-11-06,RegimeShift,0.0
2015-11-09,RegimeShift,0.0
2015-11-10,RegimeShift,0.0
2015-11-13,RegimeShift,0.0
2015-11-16,RegimeShift,0.0
2015-11-17,RegimeShift,0.0
2015-11-18,RegimeShift,0.0
2015-11-19,RegimeShift,0.0
2015-11-20,RegimeShift,0.3587434566515074
2015-11-23,RegimeShift,0.0
2015-11-24,RegimeShift,0.0
2015-11-26,RegimeShift,0.0
2015-11-27,RegimeShift,0.0
2015-11-30,RegimeShift,0.0
2015-12-01,RegimeShift,0.0
2015-12-02,RegimeShift,0.0
2015-12-03,RegimeShift,0.0
2015-12-04,RegimeShift,0.0
2015-12-07,RegimeShift,0.0
2015-12-08,RegimeShift,0.0
2015-12-09,RegimeShift,0.0
2015-12-10,RegimeShift,0.0
2015-12-11,RegimeShift,0.0
2015-12-14,RegimeShift,0.0
2015-12-15,RegimeShift,0.0
2015-12-16,RegimeShift,0.0
2015-12-17,RegimeShift,0.0
2015-12-18,RegimeShift,0.0
2015-12-21,RegimeShift,0.0
2015-12-22,RegimeShift,0.026511145453800296
2015-12-23,RegimeShift,0.0
2015-12-24,RegimeShift,0.0
2015-12-28,RegimeShift,0.0
2015-12-29,RegimeShift,0.0
2015-12-30,RegimeShift,0.0
2015-12-31,RegimeShift,0.0
2016-01-01,RegimeShift,0.0
2016-01-04,RegimeShift,0.0
2016-01-05,RegimeShift,0.0
2016-01-06,RegimeShift,0.0
2016-01-07,RegimeShift,0.0
2016-01-08,RegimeShift,0.0
2016-01-11,RegimeShift,0.0
2016-01-12,RegimeShift,0.0
2016-01-13,RegimeShift,0.0
2016-01-14,RegimeShift,0.0
2016-01-15,RegimeShift,0.0
2016-01-18,RegimeShift,0.0
2016-01-19,RegimeShift,0.0
2016-01-20,RegimeShift,0.0
2016-01-21,RegimeShift,0.018785155503445367
2016-01-22,RegimeShift,0.0
2016-01-25,RegimeShift,0.0
2016-01-27,RegimeShift,0.0
2016-01-28,RegimeShift,0.0
2016-01-29,RegimeShift,0.0
2016-02-01,RegimeShift,0.0
2016-02-02,RegimeShift,0.0
2016-02-03,RegimeShift,0.0
2016-02-04,RegimeShift,0.0
2016-02-05,RegimeShift,0.0
2016-02-08,RegimeShift,0.0
2016-02-09,RegimeShift,0.0
2016-02-10,RegimeShift,0.0
2016-02-11,RegimeShift,0.0
2016-02-12,RegimeShift,0.0
2016-02-15,RegimeShift,0.0
2016-02-16,RegimeShift,0.0
2016-02-17,RegimeShift,0.0
2016-02-18,RegimeShift,0.0
2016-02-19,RegimeShift,0.0
2016-02-22,RegimeShift,0.3931282376169771
2016-02-23,RegimeShift,0.0
2016-02-24,RegimeShift,0.0
2016-02-25,RegimeShift,0.0
2016-02-26,RegimeShift,0.0
2016-02-29,RegimeShift,0.0
2016-03-01,RegimeShift,0.0
2016-03-02,RegimeShift,0.0
2016-03-03,RegimeShift,0.0
2016-03-04,RegimeShift,0.0
2016-03-08,RegimeShift,0.0
2016-03-09,RegimeShift,0.0
2016-03-10,RegimeShift,0.0
2016-03-11,RegimeShift,0.0
2016-03-14,RegimeShift,0.0
2016-03-15,RegimeShift,0.0
2016-03-16,RegimeShift,0.0
2016-03-17,RegimeShift,0.0
2016-03-18,RegimeShift,0.0
2016-03-21,RegimeShift,0.0
2016-03-22,RegimeShift,0.0
2016-03-23,RegimeShift,0.0060155805497667525
2016-03-28,RegimeShift,0.0
2016-03-29,RegimeShift,0.0
2016-03-30,RegimeShift,0.0
2016-03-31,RegimeShift,0.0
2016-04-01,RegimeShift,0.0
2016-04-04,RegimeShift,0.0
2016-04-05,RegimeShift,0.0
2016-04-06,RegimeShift,0.0
2016-04-07,RegimeShift,0.0
2016-04-08,RegimeShift,0.0
2016-04-11,RegimeShift,0.0
2016-04-12,RegimeShift,0.0
2016-04-13,RegimeShift,0.0
2016-04-18,RegimeShift,0.0
2016-04-20,RegimeShift,0.0
2016-04-21,RegimeShift,0.0
2016-04-22,RegimeShift,0.0
2016-04-25,RegimeShift,0.0
2016-04-26,RegimeShift,0.0
2016-04-27,RegimeShift,0.0
2016-04-28,RegimeShift,0.484725428124751
2016-04-29,RegimeShift,0.0
2016-05-02,RegimeShift,0.0
2016-05-03,RegimeShift,0.0
2016-05-04,RegimeShift,0.0
2016-05-05,RegimeShift,0.0
2016-05-06,RegimeShift,0.0
2016-05-09,RegimeShift,0.0
2016-05-10,RegimeShift,0.0
2016-05-11,RegimeShift,0.0
2016-05-12,RegimeShift,0.0
2016-05-13,RegimeShift,0.0
2016-05-16,RegimeShift,0.0
2016-05-17,RegimeShift,0.0
2016-05-18,RegimeShift,0.0
2016-05-19,RegimeShift,0.0
2016-05-20,RegimeShift,0.0
2016-05-23,RegimeShift,0.0
2016-05-24,RegimeShift,0.0
2016-05-25,RegimeShift,0.0
2016-05-26,RegimeShift,0.0
2016-05-27,RegimeShift,0.009669177928060685
2016-05-30,RegimeShift,0.0
2016-05-31,RegimeShift,0.0
2016-06-01,RegimeShift,0.0
2016-06-02,RegimeShift,0.0
2016-06-03,RegimeShift,0.0
2016-06-06,RegimeShift,0.0
2016-06-07,RegimeShift,0.0
2016-06-08,RegimeShift,0.0
2016-06-09,RegimeShift,0.0
2016-06-10,RegimeShift,0.0
2016-06-13,RegimeShift,0.0
2016-06-14,RegimeShift,0.0
2016-06-15,RegimeShift,0.0
2016-06-16,RegimeShift,0.0
2016-06-17,RegimeShift,0.0
2016-06-20,RegimeShift,0.0
2016-06-21,RegimeShift,0.0
2016-06-22,RegimeShift,0.0
2016-06-23,RegimeShift,0.0
2016-06-24,RegimeShift,0.0
2016-06-27,RegimeShift,0.01111805507716672
2016-06-28,RegimeShift,0.0
2016-06-29,RegimeShift,0.0
2016-06-30,RegimeShift,0.0
2016-07-01,RegimeShift,0.0
2016-07-04,RegimeShift,0.0
2016-07-05,RegimeShift,0.0
2016-07-07,RegimeShift,0.0
2016-07-08,RegimeShift,0.0
2016-07-11,RegimeShift,0.0
2016-07-12,RegimeShift,0.0
2016-07-13,RegimeShift,0.0
2016-07-14,RegimeShift,0.0
2016-07-15,RegimeShift,0.0
2016-07-18,RegimeShift,0.0
2016-07-19,RegimeShift,0.0
2016-07-20,RegimeShift,0.0
2016-07-21,RegimeShift,0.0
2016-07-22,RegimeShift,0.0
2016-07-25,RegimeShift,0.0
2016-07-26,RegimeShift,0.0
2016-07-27,RegimeShift,0.016175283124945677
2016-07-28,RegimeShift,0.0
2016-07-29,RegimeShift,0.0
2016-08-01,RegimeShift,0.0
2016-08-02,RegimeShift,0.0
2016-08-03,RegimeShift,0.0
2016-08-04,RegimeShift,0.0
2016-08-05,RegimeShift,0.0
2016-08-08,RegimeShift,0.0
2016-08-09,RegimeShift,0.0
2016-08-10,RegimeShift,0.0
2016-08-11,RegimeShift,0.0
2016-08-12,RegimeShift,0.0
2016-08-16,RegimeShift,0.0
2016-08-17,RegimeShift,0.0
2016-08-18,RegimeShift,0.0
2016-08-19,RegimeShift,0.0
2016-08-22,RegimeShift,0.0
2016-08-23,RegimeShift,0.0
2016-08-24,RegimeShift,0.0
2016-08-25,RegimeShift,0.0
2016-08-26,RegimeShift,0.005184574593445762
2016-08-29,RegimeShift,0.0
2016-08-30,RegimeShift,0.0
2016-08-31,RegimeShift,0.0
2016-09-01,RegimeShift,0.0
2016-09-02,RegimeShift,0.0
2016-09-06,RegimeShift,0.0
2016-09-07,RegimeShift,0.0
2016-09-08,RegimeShift,0.0
2016-09-09,RegimeShift,0.0
2016-09-12,RegimeShift,0.0
2016-09-14,RegimeShift,0.0
2016-09-15,RegimeShift,0.0
2016-09-16,RegimeShift,0.0
2016-09-19,RegimeShift,0.0
2016-09-20,RegimeShift,0.0
2016-09-21,RegimeShift,0.0
2016-09-22,RegimeShift,0.0
2016-09-23,RegimeShift,0.0
2016-09-26,RegimeShift,0.0
2016-09-27,RegimeShift,0.0
2016-09-28,RegimeShift,0.19950937360414003
2016-09-29,RegimeShift,0.0
2016-09-30,RegimeShift,0.0
2016-10-03,RegimeShift,0.0
2016-10-04,RegimeShift,0.0
2016-10-05,RegimeShift,0.0
2016-10-06,RegimeShift,0.0
2016-10-07,RegimeShift,0.0
2016-10-10,RegimeShift,0.0
2016-10-13,RegimeShift,0.0
2016-10-14,RegimeShift,0.0
2016-10-17,RegimeShift,0.0
2016-10-18,RegimeShift,0.0
2016-10-19,RegimeShift,0.0
2016-10-20,RegimeShift,0.0
2016-10-21,RegimeShift,0.0
2016-10-24,RegimeShift,0.0
2016-10-25,RegimeShift,0.0
2016-10-26,RegimeShift,0.0
2016-10-27,RegimeShift,0.0
2016-10-28,RegimeShift,0.0
2016-11-01,RegimeShift,0.4526066587051124
2016-11-02,RegimeShift,0.0
2016-11-03,RegimeShift,0.0
2016-11-04,RegimeShift,0.0
2016-11-07,RegimeShift,0.0
2016-11-08,RegimeShift,0.0
2016-11-09,RegimeShift,0.0
2016-11-10,RegimeShift,0.0
2016-11-11,RegimeShift,0.0
2016-11-15,RegimeShift,0.0
2016-11-16,RegimeShift,0.0
2016-11-17,RegimeShift,0.0
2016-11-18,RegimeShift,0.0
2016-11-21,RegimeShift,0.0
2016-11-22,RegimeShift,0.0
2016-11-23,RegimeShift,0.0
2016-11-24,RegimeShift,0.0
2016-11-25,RegimeShift,0.0
2016-11-28,RegimeShift,0.0
2016-11-29,RegimeShift,0.0
2016-11-30,RegimeShift,0.0
2016-12-01,RegimeShift,0.6843138656252705
2016-12-02,RegimeShift,0.0
2016-12-05,RegimeShift,0.0
2016-12-06,RegimeShift,0.0
2016-12-07,RegimeShift,0.0
2016-12-08,RegimeShift,0.0
2016-12-09,RegimeShift,0.0
2016-12-12,RegimeShift,0.0
2016-12-13,RegimeShift,0.0
2016-12-14,RegimeShift,0.0
2016-12-15,RegimeShift,0.0
2016-12-16,RegimeShift,0.0
2016-12-19,RegimeShift,0.0
2016-12-20,RegimeShift,0.0
2016-12-21,RegimeShift,0.0
2016-12-22,RegimeShift,0.0
2016-12-23,RegimeShift,0.0
2016-12-26,RegimeShift,0.0
2016-12-27,RegimeShift,0.0
2016-12-28,RegimeShift,0.0
2016-12-29,RegimeShift,0.0
2016-12-30,RegimeShift,0.6884413160488194
2017-01-02,RegimeShift,0.0
2017-01-03,RegimeShift,0.0
2017-01-04,RegimeShift,0.0
2017-01-05,RegimeShift,0.0
2017-01-06,RegimeShift,0.0
2017-01-09,RegimeShift,0.0
2017-01-10,RegimeShift,0.0
2017-01-11,RegimeShift,0.0
2017-01-12,RegimeShift,0.0
2017-01-13,RegimeShift,0.0
2017-01-16,RegimeShift,0.0
2017-01-17,RegimeShift,0.0
2017-01-18,RegimeShift,0.0
2017-01-19,RegimeShift,0.0
2017-01-20,RegimeShift,0.0
2017-01-23,RegimeShift,0.0
2017-01-24,RegimeShift,0.0
2017-01-25,RegimeShift,0.0
2017-01-27,RegimeShift,0.0
2017-01-30,RegimeShift,0.0
2017-01-31,RegimeShift,0.19677986457014252
2017-02-01,RegimeShift,0.0
2017-02-02,RegimeShift,0.0
2017-02-03,RegimeShift,0.0
2017-02-06,RegimeShift,0.0
2017-02-07,RegimeShift,0.0
2017-02-08,RegimeShift,0.0
2017-02-09,RegimeShift,0.0
2017-02-10,RegimeShift,0.0
2017-02-13,RegimeShift,0.0
2017-02-14,RegimeShift,0.0
2017-02-15,RegimeShift,0.0
2017-02-16,RegimeShift,0.0
2017-02-17,RegimeShift,0.0
2017-02-20,RegimeShift,0.0
2017-02-21,RegimeShift,0.0
2017-02-22,RegimeShift,0.0
2017-02-23,RegimeShift,0.0
2017-02-27,RegimeShift,0.0
2017-02-28,RegimeShift,0.0
2017-03-01,RegimeShift,0.0
2017-03-02,RegimeShift,0.5276986004137604
2017-03-03,RegimeShift,0.0
2017-03-06,RegimeShift,0.0
2017-03-07,RegimeShift,0.0
2017-03-08,RegimeShift,0.0
2017-03-09,RegimeShift,0.0
2017-03-10,RegimeShift,0.0
2017-03-14,RegimeShift,0.0
2017-03-15,RegimeShift,0.0
2017-03-16,RegimeShift,0.0
2017-03-17,RegimeShift,0.0
2017-03-20,RegimeShift,0.0
2017-03-21,RegimeShift,0.0
2017-03-22,RegimeShift,0.0
2017-03-23,RegimeShift,0.0
2017-03-24,RegimeShift,0.0
2017-03-27,RegimeShift,0.0
2017-03-28,RegimeShift,0.0
2017-03-29,RegimeShift,0.0
2017-03-30,RegimeShift,0.0
2017-03-31,RegimeShift,0.0
2017-04-03,RegimeShift,0.39083524616937004
2017-04-05,RegimeShift,0.0
2017-04-06,RegimeShift,0.0
2017-04-07,RegimeShift,0.0
2017-04-10,RegimeShift,0.0
2017-04-11,RegimeShift,0.0
2017-04-12,RegimeShift,0.0
2017-04-13,RegimeShift,0.0
2017-04-17,RegimeShift,0.0
2017-04-18,RegimeShift,0.0
2017-04-19,RegimeShift,0.0
2017-04-20,RegimeShift,0.0
2017-04-21,RegimeShift,0.0
2017-04-24,RegimeShift,0.0
2017-04-25,RegimeShift,0.0
2017-04-26,RegimeShift,0.0
2017-04-27,RegimeShift,0.0
2017-04-28,RegimeShift,0.0
2017-05-02,RegimeShift,0.0
2017-05-03,RegimeShift,0.0
2017-05-04,RegimeShift,0.0
2017-05-05,RegimeShift,0.0003568349139629455
2017-05-08,RegimeShift,0.0
2017-05-09,RegimeShift,0.0
2017-05-10,RegimeShift,0.0
2017-05-11,RegimeShift,0.0
2017-05-12,RegimeShift,0.0
2017-05-15,RegimeShift,0.0
2017-05-16,RegimeShift,0.0
2017-05-17,RegimeShift,0.0
2017-05-18,RegimeShift,0.0
2017-05-19,RegimeShift,0.0
2017-05-22,RegimeShift,0.0
2017-05-23,RegimeShift,0.0
2017-05-24,RegimeShift,0.0
2017-05-25,RegimeShift,0.0
2017-05-26,RegimeShift,0.0
2017-05-29,RegimeShift,0.0
2017-05-30,RegimeShift,0.0
2017-05-31,RegimeShift,0.0
2017-06-01,RegimeShift,0.0
2017-06-02,RegimeShift,0.0
2017-06-05,RegimeShift,0.0059590877335024516
2017-06-06,RegimeShift,0.0
2017-06-07,RegimeShift,0.0
2017-06-08,RegimeShift,0.0
2017-06-09,RegimeShift,0.0
2017-06-12,RegimeShift,0.0
2017-06-13,RegimeShift,0.0
2017-06-14,RegimeShift,0.0
2017-06-15,RegimeShift,0.0
2017-06-16,RegimeShift,0.0
2017-06-19,RegimeShift,0.0
2017-06-20,RegimeShift,0.0
2017-06-21,RegimeShift,0.0
2017-06-22,RegimeShift,0.0
2017-06-23,RegimeShift,0.0
2017-06-27,RegimeShift,0.0
2017-06-28,RegimeShift,0.0
2017-06-29,RegimeShift,0.0
2017-06-30,RegimeShift,0.0
2017-07-03,RegimeShift,0.0
2017-07-04,RegimeShift,0.0
2017-07-05,RegimeShift,0.001136037812862415
2017-07-06,RegimeShift,0.0
2017-07-07,RegimeShift,0.0
2017-07-10,RegimeShift,0.0
2017-07-11,RegimeShift,0.0
2017-07-12,RegimeShift,0.0
2017-07-13,RegimeShift,0.0
2017-07-14,RegimeShift,0.0
2017-07-17,RegimeShift,0.0
2017-07-18,RegimeShift,0.0
2017-07-19,RegimeShift,0.0
2017-07-20,RegimeShift,0.0
2017-07-21,RegimeShift,0.0
2017-07-24,RegimeShift,0.0
2017-07-25,RegimeShift,0.0
2017-07-26,RegimeShift,0.0
2017-07-27,RegimeShift,0.0
2017-07-28,RegimeShift,0.0
2017-07-31,RegimeShift,0.0
2017-08-01,RegimeShift,0.0
2017-08-02,RegimeShift,0.0
2017-08-03,RegimeShift,0.005533290668438934
2017-08-04,RegimeShift,0.0
2017-08-07,RegimeShift,0.0
2017-08-08,RegimeShift,0.0
2017-08-09,RegimeShift,0.0
2017-08-10,RegimeShift,0.0
2017-08-11,RegimeShift,0.0
2017-08-14,RegimeShift,0.0
2017-08-16,RegimeShift,0.0
2017-08-17,RegimeShift,0.0
2017-08-18,RegimeShift,0.0
2017-08-21,RegimeShift,0.0
2017-08-22,RegimeShift,0.0
2017-08-23,RegimeShift,0.0
2017-08-24,RegimeShift,0.0
2017-08-28,RegimeShift,0.0
2017-08-29,RegimeShift,0.0
2017-08-30,RegimeShift,0.0
2017-08-31,RegimeShift,0.0
2017-09-01,RegimeShift,0.0
2017-09-04,RegimeShift,0.0
2017-09-05,RegimeShift,0.7626639374020976
2017-09-06,RegimeShift,0.0
2017-09-07,RegimeShift,0.0
2017-09-08,RegimeShift,0.0
2017-09-11,RegimeShift,0.0
2017-09-12,RegimeShift,0.0
2017-09-13,RegimeShift,0.0
2017-09-14,RegimeShift,0.0
2017-09-15,RegimeShift,0.0
2017-09-18,RegimeShift,0.0
2017-09-19,RegimeShift,0.0
2017-09-20,RegimeShift,0.0
2017-09-21,RegimeShift,0.0
2017-09-22,RegimeShift,0.0
2017-09-25,RegimeShift,0.0
2017-09-26,RegimeShift,0.0
2017-09-27,RegimeShift,0.0
2017-09-28,RegimeShift,0.0
2017-09-29,RegimeShift,0.0
2017-10-03,RegimeShift,0.0
2017-10-04,RegimeShift,0.0
2017-10-05,RegimeShift,0.0074137244539086225
2017-10-06,RegimeShift,0.0
2017-10-09,RegimeShift,0.0
2017-10-10,RegimeShift,0.0
2017-10-11,RegimeShift,0.0
2017-10-12,RegimeShift,0.0
2017-10-13,RegimeShift,0.0
2017-10-16,RegimeShift,0.0
2017-10-17,RegimeShift,0.0
2017-10-18,RegimeShift,0.0
2017-10-19,RegimeShift,0.0
2017-10-23,RegimeShift,0.0
2017-10-24,RegimeShift,0.0
2017-10-25,RegimeShift,0.0
2017-10-26,RegimeShift,0.0
2017-10-27,RegimeShift,0.0
2017-10-30,RegimeShift,0.0
2017-10-31,RegimeShift,0.0
2017-11-01,RegimeShift,0.0
2017-11-02,RegimeShift,0.0
2017-11-03,RegimeShift,0.0
2017-11-06,RegimeShift,0.7591528932092005
2017-11-07,RegimeShift,0.0
2017-11-08,RegimeShift,0.0
2017-11-09,RegimeShift,0.0
2017-11-10,RegimeShift,0.0
2017-11-13,RegimeShift,0.0
2017-11-14,RegimeShift,0.0
2017-11-15,RegimeShift,0.0
2017-11-16,RegimeShift,0.0
2017-11-17,RegimeShift,0.0
2017-11-20,RegimeShift,0.0
2017-11-21,RegimeShift,0.0
2017-11-22,RegimeShift,0.0
2017-11-23,RegimeShift,0.0
2017-11-24,RegimeShift,0.0
2017-11-27,RegimeShift,0.0
2017-11-28,RegimeShift,0.0
2017-11-29,RegimeShift,0.0
2017-11-30,RegimeShift,0.0
2017-12-01,RegimeShift,0.0
2017-12-04,RegimeShift,0.0
2017-12-05,RegimeShift,0.0057521827075213555
2017-12-06,RegimeShift,0.0
2017-12-07,RegimeShift,0.0
2017-12-08,RegimeShift,0.0
2017-12-11,RegimeShift,0.0
2017-12-12,RegimeShift,0.0
2017-12-13,RegimeShift,0.0
2017-12-14,RegimeShift,0.0
2017-12-15,RegimeShift,0.0
2017-12-18,RegimeShift,0.0
2017-12-19,RegimeShift,0.0
2017-12-20,RegimeShift,0.0
2017-12-21,RegimeShift,0.0
2017-12-22,RegimeShift,0.0
2017-12-26,RegimeShift,0.0
2017-12-27,RegimeShift,0.0
2017-12-28,RegimeShift,0.0
2017-12-29,RegimeShift,0.0
2018-01-01,RegimeShift,0.0
2018-01-02,RegimeShift,0.0
2018-01-03,RegimeShift,0.0
2018-01-04,RegimeShift,0.0054173613584779425
2018-01-05,RegimeShift,0.0
2018-01-08,RegimeShift,0.0
2018-01-09,RegimeShift,0.0
2018-01-10,RegimeShift,0.0
2018-01-11,RegimeShift,0.0
2018-01-12,RegimeShift,0.0
2018-01-15,RegimeShift,0.0
2018-01-16,RegimeShift,0.0
2018-01-17,RegimeShift,0.0
2018-01-18,RegimeShift,0.0
2018-01-19,RegimeShift,0.0
2018-01-22,RegimeShift,0.0
2018-01-23,RegimeShift,0.0
2018-01-24,RegimeShift,0.0
2018-01-25,RegimeShift,0.0
2018-01-29,RegimeShift,0.0
2018-01-30,RegimeShift,0.0
2018-01-31,RegimeShift,0.0
2018-02-01,RegimeShift,0.0
2018-02-02,RegimeShift,0.0
2018-02-05,RegimeShift,0.7190154914925644
2018-02-06,RegimeShift,0.0
2018-02-07,RegimeShift,0.0
2018-02-08,RegimeShift,0.0
2018-02-09,RegimeShift,0.0
2018-02-12,RegimeShift,0.0
2018-02-14,RegimeShift,0.0
2018-02-15,RegimeShift,0.0
2018-02-16,RegimeShift,0.0
2018-02-19,RegimeShift,0.0
2018-02-20,RegimeShift,0.0
2018-02-21,RegimeShift,0.0
2018-02-22,RegimeShift,0.0
2018-02-23,RegimeShift,0.0
2018-02-26,RegimeShift,0.0
2018-02-27,RegimeShift,0.0
2018-02-28,RegimeShift,0.0
2018-03-01,RegimeShift,0.0
2018-03-05,RegimeShift,0.0
2018-03-06,RegimeShift,0.0
2018-03-07,RegimeShift,0.0
2018-03-08,RegimeShift,0.0053262823979739055
2018-03-09,RegimeShift,0.0
2018-03-12,RegimeShift,0.0
2018-03-13,RegimeShift,0.0
2018-03-14,RegimeShift,0.0
2018-03-15,RegimeShift,0.0
2018-03-16,RegimeShift,0.0
2018-03-19,RegimeShift,0.0
2018-03-20,RegimeShift,0.0
2018-03-21,RegimeShift,0.0
2018-03-22,RegimeShift,0.0
2018-03-23,RegimeShift,0.0
2018-03-26,RegimeShift,0.0
2018-03-27,RegimeShift,0.0
2018-03-28,RegimeShift,0.0
2018-04-02,RegimeShift,0.0
2018-04-03,RegimeShift,0.0
2018-04-04,RegimeShift,0.0
2018-04-05,RegimeShift,0.0
2018-04-06,RegimeShift,0.0
2018-04-09,RegimeShift,0.0
2018-04-10,RegimeShift,0.0037189870776145606
2018-04-11,RegimeShift,0.0
2018-04-12,RegimeShift,0.0
2018-04-13,RegimeShift,0.0
2018-04-16,RegimeShift,0.0
2018-04-17,RegimeShift,0.0
2018-04-18,RegimeShift,0.0
2018-04-19,RegimeShift,0.0
2018-04-20,RegimeShift,0.0
2018-04-23,RegimeShift,0.0
2018-04-24,RegimeShift,0.0
2018-04-25,RegimeShift,0.0
2018-04-26,RegimeShift,0.0
2018-04-27,RegimeShift,0.0
2018-04-30,RegimeShift,0.0
2018-05-02,RegimeShift,0.0
2018-05-03,RegimeShift,0.0
2018-05-04,RegimeShift,0.0
2018-05-07,RegimeShift,0.0
2018-05-08,RegimeShift,0.0
2018-05-09,RegimeShift,0.0
2018-05-10,RegimeShift,0.7159135387242201
2018-05-11,RegimeShift,0.0
2018-05-14,RegimeShift,0.0
2018-05-15,RegimeShift,0.0
2018-05-16,RegimeShift,0.0
2018-05-17,RegimeShift,0.0
2018-05-18,RegimeShift,0.0
2018-05-21,RegimeShift,0.0
2018-05-22,RegimeShift,0.0
2018-05-23,RegimeShift,0.0
2018-05-24,RegimeShift,0.0
2018-05-25,RegimeShift,0.0
2018-05-28,RegimeShift,0.0
2018-05-29,RegimeShift,0.0
2018-05-30,RegimeShift,0.0
2018-05-31,RegimeShift,0.0
2018-06-01,RegimeShift,0.0
2018-06-04,RegimeShift,0.0
2018-06-05,RegimeShift,0.0
2018-06-06,RegimeShift,0.0
2018-06-07,RegimeShift,0.0
2018-06-08,RegimeShift,0.40312876367112094
2018-06-11,RegimeShift,0.0
2018-06-12,RegimeShift,0.0
2018-06-13,RegimeShift,0.0
2018-06-14,RegimeShift,0.0
2018-06-15,RegimeShift,0.0
2018-06-18,RegimeShift,0.0
2018-06-19,RegimeShift,0.0
2018-06-20,RegimeShift,0.0
2018-06-21,RegimeShift,0.0
2018-06-22,RegimeShift,0.0
2018-06-25,RegimeShift,0.0
2018-06-26,RegimeShift,0.0
2018-06-27,RegimeShift,0.0
2018-06-28,RegimeShift,0.0
2018-06-29,RegimeShift,0.0
2018-07-02,RegimeShift,0.0
2018-07-03,RegimeShift,0.0
2018-07-04,RegimeShift,0.0
2018-07-05,RegimeShift,0.0
2018-07-06,RegimeShift,0.0
2018-07-09,RegimeShift,0.21174208272365855
2018-07-10,RegimeShift,0.0
2018-07-11,RegimeShift,0.0
2018-07-12,RegimeShift,0.0
2018-07-13,RegimeShift,0.0
2018-07-16,RegimeShift,0.0
2018-07-17,RegimeShift,0.0
2018-07-18,RegimeShift,0.0
2018-07-19,RegimeShift,0.0
2018-07-20,RegimeShift,0.0
2018-07-23,RegimeShift,0.0
2018-07-24,RegimeShift,0.0
2018-07-25,RegimeShift,0.0
2018-07-26,RegimeShift,0.0
2018-07-27,RegimeShift,0.0
2018-07-30,RegimeShift,0.0
2018-07-31,RegimeShift,0.0
2018-08-01,RegimeShift,0.0
2018-08-02,RegimeShift,0.0
2018-08-03,RegimeShift,0.0
2018-08-06,RegimeShift,0.0
2018-08-07,RegimeShift,0.5192189420702632
2018-08-08,RegimeShift,0.0
2018-08-09,RegimeShift,0.0
2018-08-10,RegimeShift,0.0
2018-08-13,RegimeShift,0.0
2018-08-14,RegimeShift,0.0
2018-08-16,RegimeShift,0.0
2018-08-17,RegimeShift,0.0
2018-08-20,RegimeShift,0.0
2018-08-21,RegimeShift,0.0
2018-08-23,RegimeShift,0.0
2018-08-24,RegimeShift,0.0
2018-08-27,RegimeShift,0.0
2018-08-28,RegimeShift,0.0
2018-08-29,RegimeShift,0.0
2018-08-30,RegimeShift,0.0
2018-08-31,RegimeShift,0.0
2018-09-03,RegimeShift,0.0
2018-09-04,RegimeShift,0.0
2018-09-05,RegimeShift,0.0
2018-09-06,RegimeShift,0.0
2018-09-07,RegimeShift,0.062085829906185955
2018-09-10,RegimeShift,0.0
2018-09-11,RegimeShift,0.0
2018-09-12,RegimeShift,0.0
2018-09-14,RegimeShift,0.0
2018-09-17,RegimeShift,0.0
2018-09-18,RegimeShift,0.0
2018-09-19,RegimeShift,0.0
2018-09-21,RegimeShift,0.0
2018-09-24,RegimeShift,0.0
2018-09-25,RegimeShift,0.0
2018-09-26,RegimeShift,0.0
2018-09-27,RegimeShift,0.0
2018-09-28,RegimeShift,0.0
2018-10-01,RegimeShift,0.0
2018-10-03,RegimeShift,0.0
2018-10-04,RegimeShift,0.0
2018-10-05,RegimeShift,0.0
2018-10-08,RegimeShift,0.0
2018-10-09,RegimeShift,0.0
2018-10-10,RegimeShift,0.0
2018-10-11,RegimeShift,0.7281149994101431
2018-10-12,RegimeShift,0.0
2018-10-15,RegimeShift,0.0
2018-10-16,RegimeShift,0.0
2018-10-17,RegimeShift,0.0
2018-10-19,RegimeShift,0.0
2018-10-22,RegimeShift,0.0
2018-10-23,RegimeShift,0.0
2018-10-24,RegimeShift,0.0
2018-10-25,RegimeShift,0.0
2018-10-26,RegimeShift,0.0
2018-10-29,RegimeShift,0.0
2018-10-30,RegimeShift,0.0
2018-10-31,RegimeShift,0.0
2018-11-01,RegimeShift,0.0
2018-11-02,RegimeShift,0.0
2018-11-05,RegimeShift,0.0
2018-11-06,RegimeShift,0.0
2018-11-07,RegimeShift,0.0
2018-11-09,RegimeShift,0.0
2018-11-12,RegimeShift,0.0
2018-11-13,RegimeShift,0.01216363882114646
2018-11-14,RegimeShift,0.0
2018-11-15,RegimeShift,0.0
2018-11-16,RegimeShift,0.0
2018-11-19,RegimeShift,0.0
2018-11-20,RegimeShift,0.0
2018-11-21,RegimeShift,0.0
2018-11-22,RegimeShift,0.0
2018-11-26,RegimeShift,0.0
2018-11-27,RegimeShift,0.0
2018-11-28,RegimeShift,0.0
2018-11-29,RegimeShift,0.0
2018-11-30,RegimeShift,0.0
2018-12-03,RegimeShift,0.0
2018-12-04,RegimeShift,0.0
2018-12-05,RegimeShift,0.0
2018-12-06,RegimeShift,0.0
2018-12-07,RegimeShift,0.0
2018-12-10,RegimeShift,0.0
2018-12-11,RegimeShift,0.0
2018-12-12,RegimeShift,0.0
2018-12-13,RegimeShift,0.708450131872399
2018-12-14,RegimeShift,0.0
2018-12-17,RegimeShift,0.0
2018-12-18,RegimeShift,0.0
2018-12-19,RegimeShift,0.0
2018-12-20,RegimeShift,0.0
2018-12-21,RegimeShift,0.0
2018-12-24,RegimeShift,0.0
2018-12-26,RegimeShift,0.0
2018-12-27,RegimeShift,0.0
2018-12-28,RegimeShift,0.0
2018-12-31,RegimeShift,0.0
2019-01-01,RegimeShift,0.0
2019-01-02,RegimeShift,0.0
2019-01-03,RegimeShift,0.0
2019-01-04,RegimeShift,0.0
2019-01-07,RegimeShift,0.0
2019-01-08,RegimeShift,0.0
2019-01-09,RegimeShift,0.0
2019-01-10,RegimeShift,0.0
2019-01-11,RegimeShift,0.0
2019-01-14,RegimeShift,0.38313098845067384
2019-01-15,RegimeShift,0.0
2019-01-16,RegimeShift,0.0
2019-01-17,RegimeShift,0.0
2019-01-18,RegimeShift,0.0
2019-01-21,RegimeShift,0.0
2019-01-22,RegimeShift,0.0
2019-01-23,RegimeShift,0.0
2019-01-24,RegimeShift,0.0
2019-01-25,RegimeShift,0.0
2019-01-28,RegimeShift,0.0
2019-01-29,RegimeShift,0.0
2019-01-30,RegimeShift,0.0
2019-01-31,RegimeShift,0.0
2019-02-01,RegimeShift,0.0
2019-02-04,RegimeShift,0.0
2019-02-05,RegimeShift,0.0
2019-02-06,RegimeShift,0.0
2019-02-07,RegimeShift,0.0
2019-02-08,RegimeShift,0.0
2019-02-11,RegimeShift,0.0
2019-02-12,RegimeShift,0.002816864772692577
2019-02-14,RegimeShift,0.0
2019-02-15,RegimeShift,0.0
2019-02-18,RegimeShift,0.0
2019-02-19,RegimeShift,0.0
2019-02-20,RegimeShift,0.0
2019-02-21,RegimeShift,0.0
2019-02-22,RegimeShift,0.0
2019-02-25,RegimeShift,0.0
2019-02-26,RegimeShift,0.0
2019-02-27,RegimeShift,0.0
2019-02-28,RegimeShift,0.0
2019-03-01,RegimeShift,0.0
2019-03-05,RegimeShift,0.0
2019-03-06,RegimeShift,0.0
2019-03-07,RegimeShift,0.0
2019-03-08,RegimeShift,0.0
2019-03-11,RegimeShift,0.0
2019-03-12,RegimeShift,0.0
2019-03-13,RegimeShift,0.0
2019-03-14,RegimeShift,0.0
2019-03-15,RegimeShift,0.6522132565175323
2019-03-18,RegimeShift,0.0
2019-03-19,RegimeShift,0.0
2019-03-20,RegimeShift,0.0
2019-03-22,RegimeShift,0.0
2019-03-25,RegimeShift,0.0
2019-03-26,RegimeShift,0.0
2019-03-27,RegimeShift,0.0
2019-03-28,RegimeShift,0.0
2019-04-01,RegimeShift,0.0
2019-04-02,RegimeShift,0.0
2019-04-03,RegimeShift,0.0
2019-04-04,RegimeShift,0.0
2019-04-05,RegimeShift,0.0
2019-04-08,RegimeShift,0.0
2019-04-09,RegimeShift,0.0
2019-04-10,RegimeShift,0.0
2019-04-11,RegimeShift,0.0
2019-04-12,RegimeShift,0.0
2019-04-15,RegimeShift,0.0
2019-04-16,RegimeShift,0.0
2019-04-18,RegimeShift,0.39301672990042946
2019-04-22,RegimeShift,0.0
2019-04-23,RegimeShift,0.0
2019-04-24,RegimeShift,0.0
2019-04-25,RegimeShift,0.0
2019-04-26,RegimeShift,0.0
2019-04-30,RegimeShift,0.0
2019-05-02,RegimeShift,0.0
2019-05-03,RegimeShift,0.0
2019-05-06,RegimeShift,0.0
2019-05-07,RegimeShift,0.0
2019-05-08,RegimeShift,0.0
2019-05-09,RegimeShift,0.0
2019-05-10,RegimeShift,0.0
2019-05-13,RegimeShift,0.0
2019-05-14,RegimeShift,0.0
2019-05-15,RegimeShift,0.0
2019-05-16,RegimeShift,0.0
2019-05-17,RegimeShift,0.0
2019-05-20,RegimeShift,0.0
2019-05-21,RegimeShift,0.0
2019-05-22,RegimeShift,0.3992852400663449
2019-05-23,RegimeShift,0.0
2019-05-24,RegimeShift,0.0
2019-05-27,RegimeShift,0.0
2019-05-28,RegimeShift,0.0
2019-05-29,RegimeShift,0.0
2019-05-30,RegimeShift,0.0
2019-05-31,RegimeShift,0.0
2019-06-03,RegimeShift,0.0
2019-06-04,RegimeShift,0.0
2019-06-06,RegimeShift,0.0
2019-06-07,RegimeShift,0.0
2019-06-10,RegimeShift,0.0
2019-06-11,RegimeShift,0.0
2019-06-12,RegimeShift,0.0
2019-06-13,RegimeShift,0.0
2019-06-14,RegimeShift,0.0
2019-06-17,RegimeShift,0.0
2019-06-18,RegimeShift,0.0
2019-06-19,RegimeShift,0.0
2019-06-20,RegimeShift,0.0
2019-06-21,RegimeShift,0.6010856518444959
2019-06-24,RegimeShift,0.0
2019-06-25,RegimeShift,0.0
2019-06-26,RegimeShift,0.0
2019-06-27,RegimeShift,0.0
2019-06-28,RegimeShift,0.0
2019-07-01,RegimeShift,0.0
2019-07-02,RegimeShift,0.0
2019-07-03,RegimeShift,0.0
2019-07-04,RegimeShift,0.0
2019-07-05,RegimeShift,0.0
2019-07-08,RegimeShift,0.0
2019-07-09,RegimeShift,0.0
2019-07-10,RegimeShift,0.0
2019-07-11,RegimeShift,0.0
2019-07-12,RegimeShift,0.0
2019-07-15,RegimeShift,0.0
2019-07-16,RegimeShift,0.0
2019-07-17,RegimeShift,0.0
2019-07-18,RegimeShift,0.0
2019-07-19,RegimeShift,0.0
2019-07-22,RegimeShift,0.18355106600058702
2019-07-23,RegimeShift,0.0
2019-07-24,RegimeShift,0.0
2019-07-25,RegimeShift,0.0
2019-07-26,RegimeShift,0.0
2019-07-29,RegimeShift,0.0
2019-07-30,RegimeShift,0.0
2019-07-31,RegimeShift,0.0
2019-08-01,RegimeShift,0.0
2019-08-02,RegimeShift,0.0
2019-08-05,RegimeShift,0.0
2019-08-06,RegimeShift,0.0
2019-08-07,RegimeShift,0.0
2019-08-08,RegimeShift,0.0
2019-08-09,RegimeShift,0.0
2019-08-13,RegimeShift,0.0
2019-08-14,RegimeShift,0.0
2019-08-16,RegimeShift,0.0
2019-08-19,RegimeShift,0.0
2019-08-20,RegimeShift,0.0
2019-08-21,RegimeShift,0.0
2019-08-22,RegimeShift,0.6899676845946492
2019-08-23,RegimeShift,0.0
2019-08-26,RegimeShift,0.0
2019-08-27,RegimeShift,0.0
2019-08-28,RegimeShift,0.0
2019-08-29,RegimeShift,0.0
2019-08-30,RegimeShift,0.0
2019-09-03,RegimeShift,0.0
2019-09-04,RegimeShift,0.0
2019-09-05,RegimeShift,0.0
2019-09-06,RegimeShift,0.0
2019-09-09,RegimeShift,0.0
2019-09-11,RegimeShift,0.0
2019-09-12,RegimeShift,0.0
2019-09-13,RegimeShift,0.0
2019-09-16,RegimeShift,0.0
2019-09-17,RegimeShift,0.0
2019-09-18,RegimeShift,0.0
2019-09-19,RegimeShift,0.0
2019-09-20,RegimeShift,0.0
2019-09-23,RegimeShift,0.0
2019-09-24,RegimeShift,0.015872786454650477
2019-09-25,RegimeShift,0.0
2019-09-26,RegimeShift,0.0
2019-09-27,RegimeShift,0.0
2019-09-30,RegimeShift,0.0
2019-10-01,RegimeShift,0.0
2019-10-03,RegimeShift,0.0
2019-10-04,RegimeShift,0.0
2019-10-07,RegimeShift,0.0
2019-10-09,RegimeShift,0.0
2019-10-10,RegimeShift,0.0
2019-10-11,RegimeShift,0.0
2019-10-14,RegimeShift,0.0
2019-10-15,RegimeShift,0.0
2019-10-16,RegimeShift,0.0
2019-10-17,RegimeShift,0.0
2019-10-18,RegimeShift,0.0
2019-10-22,RegimeShift,0.0
2019-10-23,RegimeShift,0.0
2019-10-24,RegimeShift,0.0
2019-10-25,RegimeShift,0.0
2019-10-27,RegimeShift,0.6966271640916728
2019-10-29,RegimeShift,0.0
2019-10-30,RegimeShift,0.0
2019-10-31,RegimeShift,0.0
2019-11-01,RegimeShift,0.0
2019-11-04,RegimeShift,0.0
2019-11-05,RegimeShift,0.0
2019-11-06,RegimeShift,0.0
2019-11-07,RegimeShift,0.0
2019-11-08,RegimeShift,0.0
2019-11-11,RegimeShift,0.0
2019-11-13,RegimeShift,0.0
2019-11-14,RegimeShift,0.0
2019-11-15,RegimeShift,0.0
2019-11-18,RegimeShift,0.0
2019-11-19,RegimeShift,0.0
2019-11-20,RegimeShift,0.0
2019-11-21,RegimeShift,0.0
2019-11-22,RegimeShift,0.0
2019-11-25,RegimeShift,0.0
2019-11-26,RegimeShift,0.0
2019-11-27,RegimeShift,0.43876882476697354
2019-11-28,RegimeShift,0.0
2019-11-29,RegimeShift,0.0
2019-12-02,RegimeShift,0.0
2019-12-03,RegimeShift,0.0
2019-12-04,RegimeShift,0.0
2019-12-05,RegimeShift,0.0
2019-12-06,RegimeShift,0.0
2019-12-09,RegimeShift,0.0
2019-12-10,RegimeShift,0.0
2019-12-11,RegimeShift,0.0
2019-12-12,RegimeShift,0.0
2019-12-13,RegimeShift,0.0
2019-12-16,RegimeShift,0.0
2019-12-17,RegimeShift,0.0
2019-12-18,RegimeShift,0.0
2019-12-19,RegimeShift,0.0
2019-12-20,RegimeShift,0.0
2019-12-23,RegimeShift,0.0
2019-12-24,RegimeShift,0.0
2019-12-26,RegimeShift,0.0
2019-12-27,RegimeShift,0.34809856508725434
2019-12-30,RegimeShift,0.0
2019-12-31,RegimeShift,0.0
2020-01-01,RegimeShift,0.0
2020-01-02,RegimeShift,0.0
2020-01-03,RegimeShift,0.0
2020-01-06,RegimeShift,0.0
2020-01-07,RegimeShift,0.0
2020-01-08,RegimeShift,0.0
2020-01-09,RegimeShift,0.0
2020-01-10,RegimeShift,0.0
2020-01-13,RegimeShift,0.0
2020-01-14,RegimeShift,0.0
2020-01-15,RegimeShift,0.0
2020-01-16,RegimeShift,0.0
2020-01-17,RegimeShift,0.0
2020-01-20,RegimeShift,0.0
2020-01-21,RegimeShift,0.0
2020-01-22,RegimeShift,0.0
2020-01-23,RegimeShift,0.0
2020-01-24,RegimeShift,0.0
2020-01-27,RegimeShift,0.4005153521727298
2020-01-28,RegimeShift,0.0
2020-01-29,RegimeShift,0.0
2020-01-30,RegimeShift,0.0
2020-01-31,RegimeShift,0.0
2020-02-03,RegimeShift,0.0
2020-02-04,RegimeShift,0.0
2020-02-05,RegimeShift,0.0
2020-02-06,RegimeShift,0.0
2020-02-07,RegimeShift,0.0
2020-02-10,RegimeShift,0.0
2020-02-11,RegimeShift,0.0
2020-02-12,RegimeShift,0.0
2020-02-13,RegimeShift,0.0
2020-02-14,RegimeShift,0.0
2020-02-17,RegimeShift,0.0
2020-02-18,RegimeShift,0.0
2020-02-19,RegimeShift,0.0
2020-02-20,RegimeShift,0.0
2020-02-24,RegimeShift,0.0
2020-02-25,RegimeShift,0.0
2020-02-26,RegimeShift,0.24733770389514886
2020-02-27,RegimeShift,0.0
2020-02-28,RegimeShift,0.0
2020-03-02,RegimeShift,0.0
2020-03-03,RegimeShift,0.0
2020-03-04,RegimeShift,0.0
2020-03-05,RegimeShift,0.0
2020-03-06,RegimeShift,0.0
2020-03-09,RegimeShift,0.0
2020-03-11,RegimeShift,0.0
2020-03-12,RegimeShift,0.0
2020-03-13,RegimeShift,0.0
2020-03-16,RegimeShift,0.0
2020-03-17,RegimeShift,0.0
2020-03-18,RegimeShift,0.0
2020-03-19,RegimeShift,0.0
2020-03-20,RegimeShift,0.0
2020-03-23,RegimeShift,0.0
2020-03-24,RegimeShift,0.0
2020-03-25,RegimeShift,0.0
2020-03-26,RegimeShift,0.0
2020-03-27,RegimeShift,0.12810488984710044
2020-03-30,RegimeShift,0.0
2020-03-31,RegimeShift,0.0
2020-04-01,RegimeShift,0.0
2020-04-03,RegimeShift,0.0
2020-04-07,RegimeShift,0.0
2020-04-08,RegimeShift,0.0
2020-04-09,RegimeShift,0.0
2020-04-13,RegimeShift,0.0
2020-04-15,RegimeShift,0.0
2020-04-16,RegimeShift,0.0
2020-04-17,RegimeShift,0.0
2020-04-20,RegimeShift,0.0
2020-04-21,RegimeShift,0.0
2020-04-22,RegimeShift,0.0
2020-04-23,RegimeShift,0.0
2020-04-24,RegimeShift,0.0
2020-04-27,RegimeShift,0.0
2020-04-28,RegimeShift,0.0
2020-04-29,RegimeShift,0.0
2020-04-30,RegimeShift,0.0
2020-05-04,RegimeShift,0.021134962298775824
2020-05-05,RegimeShift,0.0
2020-05-06,RegimeShift,0.0
2020-05-07,RegimeShift,0.0
2020-05-08,RegimeShift,0.0
2020-05-11,RegimeShift,0.0
2020-05-12,RegimeShift,0.0
2020-05-13,RegimeShift,0.0
2020-05-14,RegimeShift,0.0
2020-05-15,RegimeShift,0.0
2020-05-18,RegimeShift,0.0
2020-05-19,RegimeShift,0.0
2020-05-20,RegimeShift,0.0
2020-05-21,RegimeShift,0.0
2020-05-22,RegimeShift,0.0
2020-05-26,RegimeShift,0.0
2020-05-27,RegimeShift,0.0
2020-05-28,RegimeShift,0.0
2020-05-29,RegimeShift,0.0
2020-06-01,RegimeShift,0.0
2020-06-02,RegimeShift,0.0
2020-06-03,RegimeShift,0.23893719110222023
2020-06-04,RegimeShift,0.0
2020-06-05,RegimeShift,0.0
2020-06-08,RegimeShift,0.0
2020-06-09,RegimeShift,0.0
2020-06-10,RegimeShift,0.0
2020-06-11,RegimeShift,0.0
2020-06-12,RegimeShift,0.0
2020-06-15,RegimeShift,0.0
2020-06-16,RegimeShift,0.0
2020-06-17,RegimeShift,0.0
2020-06-18,RegimeShift,0.0
2020-06-19,RegimeShift,0.0
2020-06-22,RegimeShift,0.0
2020-06-23,RegimeShift,0.0
2020-06-24,RegimeShift,0.0
2020-06-25,RegimeShift,0.0
2020-06-26,RegimeShift,0.0
2020-06-29,RegimeShift,0.0
2020-06-30,RegimeShift,0.0
2020-07-01,RegimeShift,0.0
2020-07-02,RegimeShift,0.3426171480958381
2020-07-03,RegimeShift,0.0
2020-07-06,RegimeShift,0.0
2020-07-07,RegimeShift,0.0
2020-07-08,RegimeShift,0.0
2020-07-09,RegimeShift,0.0
2020-07-10,RegimeShift,0.0
2020-07-13,RegimeShift,0.0
2020-07-14,RegimeShift,0.0
2020-07-15,RegimeShift,0.0
2020-07-16,RegimeShift,0.0
2020-07-17,RegimeShift,0.0
2020-07-20,RegimeShift,0.0
2020-07-21,RegimeShift,0.0
2020-07-22,RegimeShift,0.0
2020-07-23,RegimeShift,0.0
2020-07-24,RegimeShift,0.0
2020-07-27,RegimeShift,0.0
2020-07-28,RegimeShift,0.0
2020-07-29,RegimeShift,0.0
2020-07-30,RegimeShift,0.0
2020-07-31,RegimeShift,0.011550819037517465
2020-08-03,RegimeShift,0.0
2020-08-04,RegimeShift,0.0
2020-08-05,RegimeShift,0.0
2020-08-06,RegimeShift,0.0
2020-08-07,RegimeShift,0.0
2020-08-10,RegimeShift,0.0
2020-08-11,RegimeShift,0.0
2020-08-12,RegimeShift,0.0
2020-08-13,RegimeShift,0.0
2020-08-14,RegimeShift,0.0
2020-08-17,RegimeShift,0.0
2020-08-18,RegimeShift,0.0
2020-08-19,RegimeShift,0.0
2020-08-20,RegimeShift,0.0
2020-08-21,RegimeShift,0.0
2020-08-24,RegimeShift,0.0
2020-08-25,RegimeShift,0.0
2020-08-26,RegimeShift,0.0
2020-08-27,RegimeShift,0.0
2020-08-28,RegimeShift,0.0
2020-08-31,RegimeShift,0.006613380808625118
2020-09-01,RegimeShift,0.0
2020-09-02,RegimeShift,0.0
2020-09-03,RegimeShift,0.0
2020-09-04,RegimeShift,0.0
2020-09-07,RegimeShift,0.0
2020-09-08,RegimeShift,0.0
2020-09-09,RegimeShift,0.0
2020-09-10,RegimeShift,0.0
2020-09-11,RegimeShift,0.0
2020-09-14,RegimeShift,0.0
2020-09-15,RegimeShift,0.0
2020-09-16,RegimeShift,0.0
2020-09-17,RegimeShift,0.0
2020-09-18,RegimeShift,0.0
2020-09-21,RegimeShift,0.0
2020-09-22,RegimeShift,0.0
2020-09-23,RegimeShift,0.0
2020-09-24,RegimeShift,0.0
2020-09-25,RegimeShift,0.0
2020-09-28,RegimeShift,0.0
2020-09-29,RegimeShift,0.0036440701040090758
2020-09-30,RegimeShift,0.0
2020-10-01,RegimeShift,0.0
2020-10-05,RegimeShift,0.0
2020-10-06,RegimeShift,0.0
2020-10-07,RegimeShift,0.0
2020-10-08,RegimeShift,0.0
2020-10-09,RegimeShift,0.0
2020-10-12,RegimeShift,0.0
2020-10-13,RegimeShift,0.0
2020-10-14,RegimeShift,0.0
2020-10-15,RegimeShift,0.0
2020-10-16,RegimeShift,0.0
2020-10-19,RegimeShift,0.0
2020-10-20,RegimeShift,0.0
2020-10-21,RegimeShift,0.0
2020-10-22,RegimeShift,0.0
2020-10-23,RegimeShift,0.0
2020-10-26,RegimeShift,0.0
2020-10-27,RegimeShift,0.0
2020-10-28,RegimeShift,0.0
2020-10-29,RegimeShift,0.3586488638201799
2020-10-30,RegimeShift,0.0
2020-11-02,RegimeShift,0.0
2020-11-03,RegimeShift,0.0
2020-11-04,RegimeShift,0.0
2020-11-05,RegimeShift,0.0
2020-11-06,RegimeShift,0.0
2020-11-09,RegimeShift,0.0
2020-11-10,RegimeShift,0.0
2020-11-11,RegimeShift,0.0
2020-11-12,RegimeShift,0.0
2020-11-13,RegimeShift,0.0
2020-11-14,RegimeShift,0.0
2020-11-17,RegimeShift,0.0
2020-11-18,RegimeShift,0.0
2020-11-19,RegimeShift,0.0
2020-11-20,RegimeShift,0.0
2020-11-23,RegimeShift,0.0
2020-11-24,RegimeShift,0.0
2020-11-25,RegimeShift,0.0
2020-11-26,RegimeShift,0.0
2020-11-27,RegimeShift,0.3331922787617247
2020-12-01,RegimeShift,0.0
2020-12-02,RegimeShift,0.0
2020-12-03,RegimeShift,0.0
2020-12-04,RegimeShift,0.0
2020-12-07,RegimeShift,0.0
2020-12-08,RegimeShift,0.0
2020-12-09,RegimeShift,0.0
2020-12-10,RegimeShift,0.0
2020-12-11,RegimeShift,0.0
2020-12-14,RegimeShift,0.0
2020-12-15,RegimeShift,0.0
2020-12-16,RegimeShift,0.0
2020-12-17,RegimeShift,0.0
2020-12-18,RegimeShift,0.0
2020-12-21,RegimeShift,0.0
2020-12-22,RegimeShift,0.0
2020-12-23,RegimeShift,0.0
2020-12-24,RegimeShift,0.0
2020-12-28,RegimeShift,0.0
2020-12-29,RegimeShift,0.0
2020-12-30,RegimeShift,0.4315889100948697
2020-12-31,RegimeShift,0.0
2021-01-01,RegimeShift,0.0
2021-01-04,RegimeShift,0.0
2021-01-05,RegimeShift,0.0
2021-01-06,RegimeShift,0.0
2021-01-07,RegimeShift,0.0
2021-01-08,RegimeShift,0.0
2021-01-11,RegimeShift,0.0
2021-01-12,RegimeShift,0.0
2021-01-13,RegimeShift,0.0
2021-01-14,RegimeShift,0.0
2021-01-15,RegimeShift,0.0
2021-01-18,RegimeShift,0.0
2021-01-19,RegimeShift,0.0
2021-01-20,RegimeShift,0.0
2021-01-21,RegimeShift,0.0
2021-01-22,RegimeShift,0.0
2021-01-25,RegimeShift,0.0
2021-01-27,RegimeShift,0.0
2021-01-28,RegimeShift,0.0
2021-01-29,RegimeShift,0.0008161435375088636
2021-02-01,RegimeShift,0.0
2021-02-02,RegimeShift,0.0
2021-02-03,RegimeShift,0.0
2021-02-04,RegimeShift,0.0
2021-02-05,RegimeShift,0.0
2021-02-08,RegimeShift,0.0
2021-02-09,RegimeShift,0.0
2021-02-10,RegimeShift,0.0
2021-02-11,RegimeShift,0.0
2021-02-12,RegimeShift,0.0
2021-02-15,RegimeShift,0.0
2021-02-16,RegimeShift,0.0
2021-02-17,RegimeShift,0.0
2021-02-18,RegimeShift,0.0
2021-02-19,RegimeShift,0.0
2021-02-22,RegimeShift,0.0
2021-02-23,RegimeShift,0.0
2021-02-24,RegimeShift,0.0
2021-02-25,RegimeShift,0.0
2021-02-26,RegimeShift,0.0
2021-03-01,RegimeShift,0.11786475591988384
2021-03-02,RegimeShift,0.0
2021-03-03,RegimeShift,0.0
2021-03-04,RegimeShift,0.0
2021-03-05,RegimeShift,0.0
2021-03-08,RegimeShift,0.0
2021-03-09,RegimeShift,0.0
2021-03-10,RegimeShift,0.0
2021-03-12,RegimeShift,0.0
2021-03-15,RegimeShift,0.0
2021-03-16,RegimeShift,0.0
2021-03-17,RegimeShift,0.0
2021-03-18,RegimeShift,0.0
2021-03-19,RegimeShift,0.0
2021-03-22,RegimeShift,0.0
2021-03-23,RegimeShift,0.0
2021-03-24,RegimeShift,0.0
2021-03-25,RegimeShift,0.0
2021-03-26,RegimeShift,0.0
2021-03-30,RegimeShift,0.0
2021-03-31,RegimeShift,0.0
2021-04-01,RegimeShift,0.004583653636960887
2021-04-05,RegimeShift,0.0
2021-04-06,RegimeShift,0.0
2021-04-07,RegimeShift,0.0
2021-04-08,RegimeShift,0.0
2021-04-09,RegimeShift,0.0
2021-04-12,RegimeShift,0.0
2021-04-13,RegimeShift,0.0
2021-04-15,RegimeShift,0.0
2021-04-16,RegimeShift,0.0
2021-04-19,RegimeShift,0.0
2021-04-20,RegimeShift,0.0
2021-04-22,RegimeShift,0.0
2021-04-23,RegimeShift,0.0
2021-04-26,RegimeShift,0.0
2021-04-27,RegimeShift,0.0
2021-04-28,RegimeShift,0.0
2021-04-29,RegimeShift,0.0
2021-04-30,RegimeShift,0.0
2021-05-03,RegimeShift,0.0
2021-05-04,RegimeShift,0.0
2021-05-05,RegimeShift,0.599994483171381
2021-05-06,RegimeShift,0.0
2021-05-07,RegimeShift,0.0
2021-05-10,RegimeShift,0.0
2021-05-11,RegimeShift,0.0
2021-05-12,RegimeShift,0.0
2021-05-14,RegimeShift,0.0
2021-05-17,RegimeShift,0.0
2021-05-18,RegimeShift,0.0
2021-05-19,RegimeShift,0.0
2021-05-20,RegimeShift,0.0
2021-05-21,RegimeShift,0.0
2021-05-24,RegimeShift,0.0
2021-05-25,RegimeShift,0.0
2021-05-26,RegimeShift,0.0
2021-05-27,RegimeShift,0.0
2021-05-28,RegimeShift,0.0
2021-05-31,RegimeShift,0.0
2021-06-01,RegimeShift,0.0
2021-06-02,RegimeShift,0.0
2021-06-03,RegimeShift,0.0
2021-06-04,RegimeShift,0.21747602521918824
2021-06-07,RegimeShift,0.0
2021-06-08,RegimeShift,0.0
2021-06-09,RegimeShift,0.0
2021-06-10,RegimeShift,0.0
2021-06-11,RegimeShift,0.0
2021-06-14,RegimeShift,0.0
2021-06-15,RegimeShift,0.0
2021-06-16,RegimeShift,0.0
2021-06-17,RegimeShift,0.0
2021-06-18,RegimeShift,0.0
2021-06-21,RegimeShift,0.0
2021-06-22,RegimeShift,0.0
2021-06-23,RegimeShift,0.0
2021-06-24,RegimeShift,0.0
2021-06-25,RegimeShift,0.0
2021-06-28,RegimeShift,0.0
2021-06-29,RegimeShift,0.0
2021-06-30,RegimeShift,0.0
2021-07-01,RegimeShift,0.0
2021-07-02,RegimeShift,0.0
2021-07-05,RegimeShift,0.21675874062590508
2021-07-06,RegimeShift,0.0
2021-07-07,RegimeShift,0.0
2021-07-08,RegimeShift,0.0
2021-07-09,RegimeShift,0.0
2021-07-12,RegimeShift,0.0
2021-07-13,RegimeShift,0.0
2021-07-14,RegimeShift,0.0
2021-07-15,RegimeShift,0.0
2021-07-16,RegimeShift,0.0
2021-07-19,RegimeShift,0.0
2021-07-20,RegimeShift,0.0
2021-07-22,RegimeShift,0.0
2021-07-23,RegimeShift,0.0
2021-07-26,RegimeShift,0.0
2021-07-27,RegimeShift,0.0
2021-07-28,RegimeShift,0.0
2021-07-29,RegimeShift,0.0
2021-07-30,RegimeShift,0.0
2021-08-02,RegimeShift,0.0
2021-08-03,RegimeShift,0.0
2021-08-04,RegimeShift,0.0059902987584271325
2021-08-05,RegimeShift,0.0
2021-08-06,RegimeShift,0.0
2021-08-09,RegimeShift,0.0
2021-08-10,RegimeShift,0.0
2021-08-11,RegimeShift,0.0
2021-08-12,RegimeShift,0.0
2021-08-13,RegimeShift,0.0
2021-08-16,RegimeShift,0.0
2021-08-17,RegimeShift,0.0
2021-08-18,RegimeShift,0.0
2021-08-20,RegimeShift,0.0
2021-08-23,RegimeShift,0.0
2021-08-24,RegimeShift,0.0
2021-08-25,RegimeShift,0.0
2021-08-26,RegimeShift,0.0
2021-08-27,RegimeShift,0.0
2021-08-30,RegimeShift,0.0
2021-08-31,RegimeShift,0.0
2021-09-01,RegimeShift,0.0
2021-09-02,RegimeShift,0.0
2021-09-03,RegimeShift,0.014827652387550058
2021-09-06,RegimeShift,0.0
2021-09-07,RegimeShift,0.0
2021-09-08,RegimeShift,0.0
2021-09-09,RegimeShift,0.0
2021-09-13,RegimeShift,0.0
2021-09-14,RegimeShift,0.0
2021-09-15,RegimeShift,0.0
2021-09-16,RegimeShift,0.0
2021-09-17,RegimeShift,0.0
2021-09-20,RegimeShift,0.0
2021-09-21,RegimeShift,0.0
2021-09-22,RegimeShift,0.0
2021-09-23,RegimeShift,0.0
2021-09-24,RegimeShift,0.0
2021-09-27,RegimeShift,0.0
2021-09-28,RegimeShift,0.0
2021-09-29,RegimeShift,0.0
2021-09-30,RegimeShift,0.0
2021-10-01,RegimeShift,0.0
2021-10-04,RegimeShift,0.0
2021-10-05,RegimeShift,0.006447148517775605
2021-10-06,RegimeShift,0.0
2021-10-07,RegimeShift,0.0
2021-10-08,RegimeShift,0.0
2021-10-11,RegimeShift,0.0
2021-10-12,RegimeShift,0.0
2021-10-13,RegimeShift,0.0
2021-10-14,RegimeShift,0.0
2021-10-18,RegimeShift,0.0
2021-10-19,RegimeShift,0.0
2021-10-20,RegimeShift,0.0
2021-10-21,RegimeShift,0.0
2021-10-22,RegimeShift,0.0
2021-10-25,RegimeShift,0.0
2021-10-26,RegimeShift,0.0
2021-10-27,RegimeShift,0.0
2021-10-28,RegimeShift,0.0
2021-10-29,RegimeShift,0.0
2021-11-01,RegimeShift,0.0
2021-11-02,RegimeShift,0.0
2021-11-03,RegimeShift,0.0
2021-11-04,RegimeShift,0.0007439048117441453
2021-11-08,RegimeShift,0.0
2021-11-09,RegimeShift,0.0
2021-11-10,RegimeShift,0.0
2021-11-11,RegimeShift,0.0
2021-11-12,RegimeShift,0.0
2021-11-15,RegimeShift,0.0
2021-11-16,RegimeShift,0.0
2021-11-17,RegimeShift,0.0
2021-11-18,RegimeShift,0.0
2021-11-22,RegimeShift,0.0
2021-11-23,RegimeShift,0.0
2021-11-24,RegimeShift,0.0
2021-11-25,RegimeShift,0.0
2021-11-26,RegimeShift,0.0
2021-11-29,RegimeShift,0.0
2021-11-30,RegimeShift,0.0
2021-12-01,RegimeShift,0.0
2021-12-02,RegimeShift,0.0
2021-12-03,RegimeShift,0.0
2021-12-06,RegimeShift,0.0
2021-12-07,RegimeShift,0.36117438743869007
2021-12-08,RegimeShift,0.0
2021-12-09,RegimeShift,0.0
2021-12-10,RegimeShift,0.0
2021-12-13,RegimeShift,0.0
2021-12-14,RegimeShift,0.0
2021-12-15,RegimeShift,0.0
2021-12-16,RegimeShift,0.0
2021-12-17,RegimeShift,0.0
2021-12-20,RegimeShift,0.0
2021-12-21,RegimeShift,0.0
2021-12-22,RegimeShift,0.0
2021-12-23,RegimeShift,0.0
2021-12-24,RegimeShift,0.0
2021-12-27,RegimeShift,0.0
2021-12-28,RegimeShift,0.0
2021-12-29,RegimeShift,0.0
2021-12-30,RegimeShift,0.0
2021-12-31,RegimeShift,0.0
2022-01-03,RegimeShift,0.0
2022-01-04,RegimeShift,0.0
2022-01-05,RegimeShift,0.007243760481178686
2022-01-06,RegimeShift,0.0
2022-01-07,RegimeShift,0.0
2022-01-10,RegimeShift,0.0
2022-01-11,RegimeShift,0.0
2022-01-12,RegimeShift,0.0
2022-01-13,RegimeShift,0.0
2022-01-14,RegimeShift,0.0
2022-01-17,RegimeShift,0.0
2022-01-18,RegimeShift,0.0
2022-01-19,RegimeShift,0.0
2022-01-20,RegimeShift,0.0
2022-01-21,RegimeShift,0.0
2022-01-24,RegimeShift,0.0
2022-01-25,RegimeShift,0.0
2022-01-27,RegimeShift,0.0
2022-01-28,RegimeShift,0.0
2022-01-31,RegimeShift,0.0
2022-02-01,RegimeShift,0.0
2022-02-02,RegimeShift,0.0
2022-02-03,RegimeShift,0.0
2022-02-04,RegimeShift,0.3775976943232693
2022-02-07,RegimeShift,0.0
2022-02-08,RegimeShift,0.0
2022-02-09,RegimeShift,0.0
2022-02-10,RegimeShift,0.0
2022-02-11,RegimeShift,0.0
2022-02-14,RegimeShift,0.0
2022-02-15,RegimeShift,0.0
2022-02-16,RegimeShift,0.0
2022-02-17,RegimeShift,0.0
2022-02-18,RegimeShift,0.0
2022-02-21,RegimeShift,0.0
2022-02-22,RegimeShift,0.0
2022-02-23,RegimeShift,0.0
2022-02-24,RegimeShift,0.0
2022-02-25,RegimeShift,0.0
2022-02-28,RegimeShift,0.0
2022-03-02,RegimeShift,0.0
2022-03-03,RegimeShift,0.0
2022-03-04,RegimeShift,0.0
2022-03-07,RegimeShift,0.0
2022-03-08,RegimeShift,0.32683912924406494
2022-03-09,RegimeShift,0.0
2022-03-10,RegimeShift,0.0
2022-03-11,RegimeShift,0.0
2022-03-14,RegimeShift,0.0
2022-03-15,RegimeShift,0.0
2022-03-16,RegimeShift,0.0
2022-03-17,RegimeShift,0.0
2022-03-21,RegimeShift,0.0
2022-03-22,RegimeShift,0.0
2022-03-23,RegimeShift,0.0
2022-03-24,RegimeShift,0.0
2022-03-25,RegimeShift,0.0
2022-03-28,RegimeShift,0.0
2022-03-29,RegimeShift,0.0
2022-03-30,RegimeShift,0.0
2022-03-31,RegimeShift,0.0
2022-04-01,RegimeShift,0.0
2022-04-04,RegimeShift,0.0
2022-04-05,RegimeShift,0.0
2022-04-06,RegimeShift,0.0
2022-04-07,RegimeShift,0.010099330932699716
2022-04-08,RegimeShift,0.0
2022-04-11,RegimeShift,0.0
2022-04-12,RegimeShift,0.0
2022-04-13,RegimeShift,0.0
2022-04-18,RegimeShift,0.0
2022-04-19,RegimeShift,0.0
2022-04-20,RegimeShift,0.0
2022-04-21,RegimeShift,0.0
2022-04-22,RegimeShift,0.0
2022-04-25,RegimeShift,0.0
2022-04-26,RegimeShift,0.0
2022-04-27,RegimeShift,0.0
2022-04-28,RegimeShift,0.0
2022-04-29,RegimeShift,0.0
2022-05-02,RegimeShift,0.0
2022-05-04,RegimeShift,0.0
2022-05-05,RegimeShift,0.0
2022-05-06,RegimeShift,0.0
2022-05-09,RegimeShift,0.0
2022-05-10,RegimeShift,0.0
2022-05-11,RegimeShift,0.005468014132734459
2022-05-12,RegimeShift,0.0
2022-05-13,RegimeShift,0.0
2022-05-16,RegimeShift,0.0
2022-05-17,RegimeShift,0.0
2022-05-18,RegimeShift,0.0
2022-05-19,RegimeShift,0.0
2022-05-20,RegimeShift,0.0
2022-05-23,RegimeShift,0.0
2022-05-24,RegimeShift,0.0
2022-05-25,RegimeShift,0.0
2022-05-26,RegimeShift,0.0
2022-05-27,RegimeShift,0.0
2022-05-30,RegimeShift,0.0
2022-05-31,RegimeShift,0.0
2022-06-01,RegimeShift,0.0
2022-06-02,RegimeShift,0.0
2022-06-03,RegimeShift,0.0
2022-06-06,RegimeShift,0.0
2022-06-07,RegimeShift,0.0
2022-06-08,RegimeShift,0.0
2022-06-09,RegimeShift,0.005030962069233067
2022-06-10,RegimeShift,0.0
2022-06-13,RegimeShift,0.0
2022-06-14,RegimeShift,0.0
2022-06-15,RegimeShift,0.0
2022-06-16,RegimeShift,0.0
2022-06-17,RegimeShift,0.0
2022-06-20,RegimeShift,0.0
2022-06-21,RegimeShift,0.0
2022-06-22,RegimeShift,0.0
2022-06-23,RegimeShift,0.0
2022-06-24,RegimeShift,0.0
2022-06-27,RegimeShift,0.0
2022-06-28,RegimeShift,0.0
2022-06-29,RegimeShift,0.0
2022-06-30,RegimeShift,0.0
2022-07-01,RegimeShift,0.0
2022-07-04,RegimeShift,0.0
2022-07-05,RegimeShift,0.0
2022-07-06,RegimeShift,0.0
2022-07-07,RegimeShift,0.0
2022-07-08,RegimeShift,0.6971686844232492
2022-07-11,RegimeShift,0.0
2022-07-12,RegimeShift,0.0
2022-07-13,RegimeShift,0.0
2022-07-14,RegimeShift,0.0
2022-07-15,RegimeShift,0.0
2022-07-18,RegimeShift,0.0
2022-07-19,RegimeShift,0.0
2022-07-20,RegimeShift,0.0
2022-07-21,RegimeShift,0.0
2022-07-22,RegimeShift,0.0
2022-07-25,RegimeShift,0.0
2022-07-26,RegimeShift,0.0
2022-07-27,RegimeShift,0.0
2022-07-28,RegimeShift,0.0
2022-07-29,RegimeShift,0.0
2022-08-01,RegimeShift,0.0
2022-08-02,RegimeShift,0.0
2022-08-03,RegimeShift,0.0
2022-08-04,RegimeShift,0.0
2022-08-05,RegimeShift,0.0
2022-08-08,RegimeShift,0.39162976082226686
2022-08-10,RegimeShift,0.0
2022-08-11,RegimeShift,0.0
2022-08-12,RegimeShift,0.0
2022-08-16,RegimeShift,0.0
2022-08-17,RegimeShift,0.0
2022-08-18,RegimeShift,0.0
2022-08-19,RegimeShift,0.0
2022-08-22,RegimeShift,0.0
2022-08-23,RegimeShift,0.0
2022-08-24,RegimeShift,0.0
2022-08-25,RegimeShift,0.0
2022-08-26,RegimeShift,0.0
2022-08-29,RegimeShift,0.0
2022-08-30,RegimeShift,0.0
2022-09-01,RegimeShift,0.0
2022-09-02,RegimeShift,0.0
2022-09-05,RegimeShift,0.0
2022-09-06,RegimeShift,0.0
2022-09-07,RegimeShift,0.0
2022-09-08,RegimeShift,0.0
2022-09-09,RegimeShift,0.20886156745195808
2022-09-12,RegimeShift,0.0
2022-09-13,RegimeShift,0.0
2022-09-14,RegimeShift,0.0
2022-09-15,RegimeShift,0.0
2022-09-16,RegimeShift,0.0
2022-09-19,RegimeShift,0.0
2022-09-20,RegimeShift,0.0
2022-09-21,RegimeShift,0.0
2022-09-22,RegimeShift,0.0
2022-09-23,RegimeShift,0.0
2022-09-26,RegimeShift,0.0
2022-09-27,RegimeShift,0.0
2022-09-28,RegimeShift,0.0
2022-09-29,RegimeShift,0.0
2022-09-30,RegimeShift,0.0
2022-10-03,RegimeShift,0.0
2022-10-04,RegimeShift,0.0
2022-10-06,RegimeShift,0.0
2022-10-07,RegimeShift,0.0
2022-10-10,RegimeShift,0.0
2022-10-11,RegimeShift,0.011512589430334452
2022-10-12,RegimeShift,0.0
2022-10-13,RegimeShift,0.0
2022-10-14,RegimeShift,0.0
2022-10-17,RegimeShift,0.0
2022-10-18,RegimeShift,0.0
2022-10-19,RegimeShift,0.0
2022-10-20,RegimeShift,0.0
2022-10-21,RegimeShift,0.0
2022-10-24,RegimeShift,0.0
2022-10-25,RegimeShift,0.0
2022-10-27,RegimeShift,0.0
2022-10-28,RegimeShift,0.0
2022-10-31,RegimeShift,0.0
2022-11-01,RegimeShift,0.0
2022-11-02,RegimeShift,0.0
2022-11-03,RegimeShift,0.0
2022-11-04,RegimeShift,0.0
2022-11-07,RegimeShift,0.0
2022-11-09,RegimeShift,0.0
2022-11-10,RegimeShift,0.0
2022-11-11,RegimeShift,0.013969349709542958
2022-11-14,RegimeShift,0.0
2022-11-15,RegimeShift,0.0
2022-11-16,RegimeShift,0.0
2022-11-17,RegimeShift,0.0
2022-11-18,RegimeShift,0.0
2022-11-21,RegimeShift,0.0
2022-11-22,RegimeShift,0.0
2022-11-23,RegimeShift,0.0
2022-11-24,RegimeShift,0.0
2022-11-25,RegimeShift,0.0
2022-11-28,RegimeShift,0.0
2022-11-29,RegimeShift,0.0
2022-11-30,RegimeShift,0.0
2022-12-01,RegimeShift,0.0
2022-12-02,RegimeShift,0.0
2022-12-05,RegimeShift,0.0
2022-12-06,RegimeShift,0.0
2022-12-07,RegimeShift,0.0
2022-12-08,RegimeShift,0.0
2022-12-09,RegimeShift,0.0
2022-12-12,RegimeShift,0.20334535576267093
2022-12-13,RegimeShift,0.0
2022-12-14,RegimeShift,0.0
2022-12-15,RegimeShift,0.0
2022-12-16,RegimeShift,0.0
2022-12-19,RegimeShift,0.0
2022-12-20,RegimeShift,0.0
2022-12-21,RegimeShift,0.0
2022-12-22,RegimeShift,0.0
2022-12-23,RegimeShift,0.0
2022-12-26,RegimeShift,0.0
2022-12-27,RegimeShift,0.0
2022-12-28,RegimeShift,0.0
2022-12-29,RegimeShift,0.0
2022-12-30,RegimeShift,0.0
2023-01-02,RegimeShift,0.0
2023-01-03,RegimeShift,0.0
2023-01-04,RegimeShift,0.0
2023-01-05,RegimeShift,0.0
2023-01-06,RegimeShift,0.0
2023-01-09,RegimeShift,0.0
2023-01-10,RegimeShift,0.19999998720708512
2023-01-11,RegimeShift,0.0
2023-01-12,RegimeShift,0.0
2023-01-13,RegimeShift,0.0
2023-01-16,RegimeShift,0.0
2023-01-17,RegimeShift,0.0
2023-01-18,RegimeShift,0.0
2023-01-19,RegimeShift,0.0
2023-01-20,RegimeShift,0.0
2023-01-23,RegimeShift,0.0
2023-01-24,RegimeShift,0.0
2023-01-25,RegimeShift,0.0
2023-01-27,RegimeShift,0.0
2023-01-30,RegimeShift,0.0
2023-01-31,RegimeShift,0.0
2023-02-01,RegimeShift,0.0
2023-02-02,RegimeShift,0.0
2023-02-03,RegimeShift,0.0
2023-02-06,RegimeShift,0.0
2023-02-07,RegimeShift,0.0
2023-02-08,RegimeShift,0.0
2023-02-09,RegimeShift,0.5278873999572156
2023-02-10,RegimeShift,0.0
2023-02-13,RegimeShift,0.0
2023-02-14,RegimeShift,0.0
2023-02-15,RegimeShift,0.0
2023-02-16,RegimeShift,0.0
2023-02-17,RegimeShift,0.0
2023-02-20,RegimeShift,0.0
2023-02-21,RegimeShift,0.0
2023-02-22,RegimeShift,0.0
2023-02-23,RegimeShift,0.0
2023-02-24,RegimeShift,0.0
2023-02-27,RegimeShift,0.0
2023-02-28,RegimeShift,0.0
2023-03-01,RegimeShift,0.0
2023-03-02,RegimeShift,0.0
2023-03-03,RegimeShift,0.0
2023-03-06,RegimeShift,0.0
2023-03-08,RegimeShift,0.0
2023-03-09,RegimeShift,0.0
2023-03-10,RegimeShift,0.0
2023-03-13,RegimeShift,0.5617474999281171
2023-03-14,RegimeShift,0.0
2023-03-15,RegimeShift,0.0
2023-03-16,RegimeShift,0.0
2023-03-17,RegimeShift,0.0
2023-03-20,RegimeShift,0.0
2023-03-21,RegimeShift,0.0
2023-03-22,RegimeShift,0.0
2023-03-23,RegimeShift,0.0
2023-03-24,RegimeShift,0.0
2023-03-27,RegimeShift,0.0
2023-03-28,RegimeShift,0.0
2023-03-29,RegimeShift,0.0
2023-03-31,RegimeShift,0.0
2023-04-03,RegimeShift,0.0
2023-04-05,RegimeShift,0.0
2023-04-06,RegimeShift,0.0
2023-04-10,RegimeShift,0.0
2023-04-11,RegimeShift,0.0
2023-04-12,RegimeShift,0.0
2023-04-13,RegimeShift,0.0
2023-04-17,RegimeShift,0.5871733553471457
2023-04-18,RegimeShift,0.0
2023-04-19,RegimeShift,0.0
2023-04-20,RegimeShift,0.0
2023-04-21,RegimeShift,0.0
2023-04-24,RegimeShift,0.0
2023-04-25,RegimeShift,0.0
2023-04-26,RegimeShift,0.0
2023-04-27,RegimeShift,0.0
2023-04-28,RegimeShift,0.0
2023-05-02,RegimeShift,0.0
2023-05-03,RegimeShift,0.0
2023-05-04,RegimeShift,0.0
2023-05-05,RegimeShift,0.0
2023-05-08,RegimeShift,0.0
2023-05-09,RegimeShift,0.0
2023-05-10,RegimeShift,0.0
2023-05-11,RegimeShift,0.0
2023-05-12,RegimeShift,0.0
2023-05-15,RegimeShift,0.0
2023-05-16,RegimeShift,0.0
2023-05-17,RegimeShift,0.7505529969673495
2023-05-18,RegimeShift,0.0
2023-05-19,RegimeShift,0.0
2023-05-22,RegimeShift,0.0
2023-05-23,RegimeShift,0.0
2023-05-24,RegimeShift,0.0
2023-05-25,RegimeShift,0.0
2023-05-26,RegimeShift,0.0
2023-05-29,RegimeShift,0.0
2023-05-30,RegimeShift,0.0
2023-05-31,RegimeShift,0.0
2023-06-01,RegimeShift,0.0
2023-06-02,RegimeShift,0.0
2023-06-05,RegimeShift,0.0
2023-06-06,RegimeShift,0.0
2023-06-07,RegimeShift,0.0
2023-06-08,RegimeShift,0.0
2023-06-09,RegimeShift,0.0
2023-06-12,RegimeShift,0.0
2023-06-13,RegimeShift,0.0
2023-06-14,RegimeShift,0.0
2023-06-15,RegimeShift,0.18846523985813737
2023-06-16,RegimeShift,0.0
2023-06-19,RegimeShift,0.0
2023-06-20,RegimeShift,0.0
2023-06-21,RegimeShift,0.0
2023-06-22,RegimeShift,0.0
2023-06-23,RegimeShift,0.0
2023-06-26,RegimeShift,0.0
2023-06-27,RegimeShift,0.0
2023-06-28,RegimeShift,0.0
2023-06-30,RegimeShift,0.0
2023-07-03,RegimeShift,0.0
2023-07-04,RegimeShift,0.0
2023-07-05,RegimeShift,0.0
2023-07-06,RegimeShift,0.0
2023-07-07,RegimeShift,0.0
2023-07-10,RegimeShift,0.0
2023-07-11,RegimeShift,0.0
2023-07-12,RegimeShift,0.0
2023-07-13,RegimeShift,0.0
2023-07-14,RegimeShift,0.0
2023-07-17,RegimeShift,0.39114840316534344
2023-07-18,RegimeShift,0.0
2023-07-19,RegimeShift,0.0
2023-07-20,RegimeShift,0.0
2023-07-21,RegimeShift,0.0
2023-07-24,RegimeShift,0.0
2023-07-25,RegimeShift,0.0
2023-07-26,RegimeShift,0.0
2023-07-27,RegimeShift,0.0
2023-07-28,RegimeShift,0.0
2023-07-31,RegimeShift,0.0
2023-08-01,RegimeShift,0.0
2023-08-02,RegimeShift,0.0
2023-08-03,RegimeShift,0.0
2023-08-04,RegimeShift,0.0
2023-08-07,RegimeShift,0.0
2023-08-08,RegimeShift,0.0
2023-08-09,RegimeShift,0.0
2023-08-10,RegimeShift,0.0
2023-08-11,RegimeShift,0.0
2023-08-14,RegimeShift,0.0
2023-08-16,RegimeShift,0.44727692317976625
2023-08-17,RegimeShift,0.0
2023-08-18,RegimeShift,0.0
2023-08-21,RegimeShift,0.0
2023-08-22,RegimeShift,0.0
2023-08-23,RegimeShift,0.0
2023-08-24,RegimeShift,0.0
2023-08-25,RegimeShift,0.0
2023-08-28,RegimeShift,0.0
2023-08-29,RegimeShift,0.0
2023-08-30,RegimeShift,0.0
2023-08-31,RegimeShift,0.0
2023-09-01,RegimeShift,0.0
2023-09-04,RegimeShift,0.0
2023-09-05,RegimeShift,0.0
2023-09-06,RegimeShift,0.0
2023-09-07,RegimeShift,0.0
2023-09-08,RegimeShift,0.0
2023-09-11,RegimeShift,0.0
2023-09-12,RegimeShift,0.0
2023-09-13,RegimeShift,0.0
2023-09-14,RegimeShift,0.027020743907114543
2023-09-15,RegimeShift,0.0
2023-09-18,RegimeShift,0.0
2023-09-20,RegimeShift,0.0
2023-09-21,RegimeShift,0.0
2023-09-22,RegimeShift,0.0
2023-09-25,RegimeShift,0.0
2023-09-26,RegimeShift,0.0
2023-09-27,RegimeShift,0.0
2023-09-28,RegimeShift,0.0
2023-09-29,RegimeShift,0.0
2023-10-03,RegimeShift,0.0
2023-10-04,RegimeShift,0.0
2023-10-05,RegimeShift,0.0
2023-10-06,RegimeShift,0.0
2023-10-09,RegimeShift,0.0
2023-10-10,RegimeShift,0.0
2023-10-11,RegimeShift,0.0
2023-10-12,RegimeShift,0.0
2023-10-13,RegimeShift,0.0
2023-10-16,RegimeShift,0.0
2023-10-17,RegimeShift,0.7389203505412287
2023-10-18,RegimeShift,0.0
2023-10-19,RegimeShift,0.0
2023-10-20,RegimeShift,0.0
2023-10-23,RegimeShift,0.0
2023-10-25,RegimeShift,0.0
2023-10-26,RegimeShift,0.0
2023-10-27,RegimeShift,0.0
2023-10-30,RegimeShift,0.0
2023-10-31,RegimeShift,0.0
2023-11-01,RegimeShift,0.0
2023-11-02,RegimeShift,0.0
2023-11-03,RegimeShift,0.0
2023-11-06,RegimeShift,0.0
2023-11-07,RegimeShift,0.0
2023-11-08,RegimeShift,0.0
2023-11-09,RegimeShift,0.0
2023-11-10,RegimeShift,0.0
2023-11-13,RegimeShift,0.0
2023-11-15,RegimeShift,0.0
2023-11-16,RegimeShift,0.0
2023-11-17,RegimeShift,0.010520502522248999
2023-11-20,RegimeShift,0.0
2023-11-21,RegimeShift,0.0
2023-11-22,RegimeShift,0.0
2023-11-23,RegimeShift,0.0
2023-11-24,RegimeShift,0.0
2023-11-28,RegimeShift,0.0
2023-11-29,RegimeShift,0.0
2023-11-30,RegimeShift,0.0
2023-12-01,RegimeShift,0.0
2023-12-04,RegimeShift,0.0
2023-12-05,RegimeShift,0.0
2023-12-06,RegimeShift,0.0
2023-12-07,RegimeShift,0.0
2023-12-08,RegimeShift,0.0
2023-12-11,RegimeShift,0.0
2023-12-12,RegimeShift,0.0
2023-12-13,RegimeShift,0.0
2023-12-14,RegimeShift,0.0
2023-12-15,RegimeShift,0.0
2023-12-18,RegimeShift,0.0
2023-12-19,RegimeShift,0.7769089515482432
2023-12-20,RegimeShift,0.0
2023-12-21,RegimeShift,0.0
2023-12-22,RegimeShift,0.0
2023-12-26,RegimeShift,0.0
2023-12-27,RegimeShift,0.0
2023-12-28,RegimeShift,0.0
2023-12-29,RegimeShift,0.0
2024-01-01,RegimeShift,0.0
2024-01-02,RegimeShift,0.0
2024-01-03,RegimeShift,0.0
2024-01-04,RegimeShift,0.0
2024-01-05,RegimeShift,0.0
2024-01-08,RegimeShift,0.0
2024-01-09,RegimeShift,0.0
2024-01-10,RegimeShift,0.0
2024-01-11,RegimeShift,0.0
2024-01-12,RegimeShift,0.0
2024-01-15,RegimeShift,0.0
2024-01-16,RegimeShift,0.0
2024-01-17,RegimeShift,0.0
2024-01-18,RegimeShift,0.0003724580518217281
2024-01-19,RegimeShift,0.0
2024-01-23,RegimeShift,0.0
2024-01-24,RegimeShift,0.0
2024-01-25,RegimeShift,0.0
2024-01-29,RegimeShift,0.0
2024-01-30,RegimeShift,0.0
2024-01-31,RegimeShift,0.0
2024-02-01,RegimeShift,0.0
2024-02-02,RegimeShift,0.0
2024-02-05,RegimeShift,0.0
2024-02-06,RegimeShift,0.0
2024-02-07,RegimeShift,0.0
2024-02-08,RegimeShift,0.0
2024-02-09,RegimeShift,0.0
2024-02-12,RegimeShift,0.0
2024-02-13,RegimeShift,0.0
2024-02-14,RegimeShift,0.0
2024-02-15,RegimeShift,0.0
2024-02-16,RegimeShift,0.0
2024-02-19,RegimeShift,0.0
2024-02-20,RegimeShift,0.005122133887754892
2024-02-21,RegimeShift,0.0
2024-02-22,RegimeShift,0.0
2024-02-23,RegimeShift,0.0
2024-02-26,RegimeShift,0.0
2024-02-27,RegimeShift,0.0
2024-02-28,RegimeShift,0.0
2024-02-29,RegimeShift,0.0
2024-03-01,RegimeShift,0.0
2024-03-04,RegimeShift,0.0
2024-03-05,RegimeShift,0.0
2024-03-06,RegimeShift,0.0
2024-03-07,RegimeShift,0.0
2024-03-11,RegimeShift,0.0
2024-03-12,RegimeShift,0.0
2024-03-13,RegimeShift,0.0
2024-03-14,RegimeShift,0.0
2024-03-15,RegimeShift,0.0
2024-03-18,RegimeShift,0.0
2024-03-19,RegimeShift,0.0
2024-03-20,RegimeShift,0.0
2024-03-21,RegimeShift,0.013810767302487278
2024-03-22,RegimeShift,0.0
2024-03-26,RegimeShift,0.0
2024-03-27,RegimeShift,0.0
2024-03-28,RegimeShift,0.0
2024-04-01,RegimeShift,0.0
2024-04-02,RegimeShift,0.0
2024-04-03,RegimeShift,0.0
2024-04-04,RegimeShift,0.0
2024-04-05,RegimeShift,0.0
2024-04-08,RegimeShift,0.0
2024-04-09,RegimeShift,0.0
2024-04-10,RegimeShift,0.0
2024-04-12,RegimeShift,0.0
2024-04-15,RegimeShift,0.0
2024-04-16,RegimeShift,0.0
2024-04-18,RegimeShift,0.0
2024-04-19,RegimeShift,0.0
2024-04-22,RegimeShift,0.0
2024-04-23,RegimeShift,0.0
2024-04-24,RegimeShift,0.0
2024-04-25,RegimeShift,0.3925794007780915
2024-04-26,RegimeShift,0.0
2024-04-29,RegimeShift,0.0
2024-04-30,RegimeShift,0.0
2024-05-02,RegimeShift,0.0
2024-05-03,RegimeShift,0.0
2024-05-06,RegimeShift,0.0
2024-05-07,RegimeShift,0.0
2024-05-08,RegimeShift,0.0
2024-05-09,RegimeShift,0.0
2024-05-10,RegimeShift,0.0
2024-05-13,RegimeShift,0.0
2024-05-14,RegimeShift,0.0
2024-05-15,RegimeShift,0.0
2024-05-16,RegimeShift,0.0
2024-05-17,RegimeShift,0.0
2024-05-21,RegimeShift,0.0
2024-05-22,RegimeShift,0.0
2024-05-23,RegimeShift,0.0
2024-05-24,RegimeShift,0.0
2024-05-27,RegimeShift,0.0
2024-05-28,RegimeShift,0.7469222561228339
2024-05-29,RegimeShift,0.0
2024-05-30,RegimeShift,0.0
2024-05-31,RegimeShift,0.0
2024-06-03,RegimeShift,0.0
2024-06-04,RegimeShift,0.0
2024-06-05,RegimeShift,0.0
2024-06-06,RegimeShift,0.0
2024-06-07,RegimeShift,0.0
2024-06-10,RegimeShift,0.0
2024-06-11,RegimeShift,0.0
2024-06-12,RegimeShift,0.0
2024-06-13,RegimeShift,0.0
2024-06-14,RegimeShift,0.0
2024-06-18,RegimeShift,0.0
2024-06-19,RegimeShift,0.0
2024-06-20,RegimeShift,0.0
2024-06-21,RegimeShift,0.0
2024-06-24,RegimeShift,0.0
2024-06-25,RegimeShift,0.0
2024-06-26,RegimeShift,0.0
2024-06-27,RegimeShift,0.0038097815531117404
2024-06-28,RegimeShift,0.0
2024-07-01,RegimeShift,0.0
2024-07-02,RegimeShift,0.0
2024-07-03,RegimeShift,0.0
2024-07-04,RegimeShift,0.0
2024-07-05,RegimeShift,0.0
2024-07-08,RegimeShift,0.0
2024-07-09,RegimeShift,0.0
2024-07-10,RegimeShift,0.0
2024-07-11,RegimeShift,0.0
2024-07-12,RegimeShift,0.0
2024-07-15,RegimeShift,0.0
2024-07-16,RegimeShift,0.0
2024-07-18,RegimeShift,0.0
2024-07-19,RegimeShift,0.0
2024-07-22,RegimeShift,0.0
2024-07-23,RegimeShift,0.0
2024-07-24,RegimeShift,0.0
2024-07-25,RegimeShift,0.0
2024-07-26,RegimeShift,0.0
2024-07-29,RegimeShift,0.7959876636615426
2024-07-30,RegimeShift,0.0
2024-07-31,RegimeShift,0.0
2024-08-01,RegimeShift,0.0
2024-08-02,RegimeShift,0.0
2024-08-05,RegimeShift,0.0
2024-08-06,RegimeShift,0.0
2024-08-07,RegimeShift,0.0
2024-08-08,RegimeShift,0.0
2024-08-09,RegimeShift,0.0
2024-08-12,RegimeShift,0.0
2024-08-13,RegimeShift,0.0
2024-08-14,RegimeShift,0.0
2024-08-16,RegimeShift,0.0
2024-08-19,RegimeShift,0.0
2024-08-20,RegimeShift,0.0
2024-08-21,RegimeShift,0.0
2024-08-22,RegimeShift,0.0
2024-08-23,RegimeShift,0.0
2024-08-26,RegimeShift,0.0
2024-08-27,RegimeShift,0.0
2024-08-28,RegimeShift,0.003380873809761141
2024-08-29,RegimeShift,0.0
2024-08-30,RegimeShift,0.0
2024-09-02,RegimeShift,0.0
2024-09-03,RegimeShift,0.0
2024-09-04,RegimeShift,0.0
2024-09-05,RegimeShift,0.0
2024-09-06,RegimeShift,0.0
2024-09-09,RegimeShift,0.0
2024-09-10,RegimeShift,0.0
2024-09-11,RegimeShift,0.0
2024-09-12,RegimeShift,0.0
2024-09-13,RegimeShift,0.0
2024-09-16,RegimeShift,0.0
2024-09-17,RegimeShift,0.0
2024-09-18,RegimeShift,0.0
2024-09-19,RegimeShift,0.0
2024-09-20,RegimeShift,0.0
2024-09-23,RegimeShift,0.0
2024-09-24,RegimeShift,0.0
2024-09-25,RegimeShift,0.0
2024-09-26,RegimeShift,0.0004199402459776587
2024-09-27,RegimeShift,0.0
2024-09-30,RegimeShift,0.0
2024-10-01,RegimeShift,0.0
2024-10-03,RegimeShift,0.0
2024-10-04,RegimeShift,0.0
2024-10-07,RegimeShift,0.0
2024-10-08,RegimeShift,0.0
2024-10-09,RegimeShift,0.0
2024-10-10,RegimeShift,0.0
2024-10-11,RegimeShift,0.0
2024-10-14,RegimeShift,0.0
2024-10-15,RegimeShift,0.0
2024-10-16,RegimeShift,0.0
2024-10-17,RegimeShift,0.0
2024-10-18,RegimeShift,0.0
2024-10-21,RegimeShift,0.0
2024-10-22,RegimeShift,0.0
2024-10-23,RegimeShift,0.0
2024-10-24,RegimeShift,0.0
2024-10-25,RegimeShift,0.0
2024-10-28,RegimeShift,0.5819697565989375
2024-10-29,RegimeShift,0.0
2024-10-30,RegimeShift,0.0
2024-10-31,RegimeShift,0.0
2024-11-01,RegimeShift,0.0
2024-11-04,RegimeShift,0.0
2024-11-05,RegimeShift,0.0
2024-11-06,RegimeShift,0.0
2024-11-07,RegimeShift,0.0
2024-11-08,RegimeShift,0.0
2024-11-11,RegimeShift,0.0
2024-11-12,RegimeShift,0.0
2024-11-13,RegimeShift,0.0
2024-11-14,RegimeShift,0.0
2024-11-18,RegimeShift,0.0
2024-11-19,RegimeShift,0.0
2024-11-21,RegimeShift,0.0
2024-11-22,RegimeShift,0.0
2024-11-25,RegimeShift,0.0
2024-11-26,RegimeShift,0.0
2024-11-27,RegimeShift,0.0
2024-11-28,RegimeShift,0.13303389036632235
2024-11-29,RegimeShift,0.0
2024-12-02,RegimeShift,0.0
2024-12-03,RegimeShift,0.0
2024-12-04,RegimeShift,0.0
2024-12-05,RegimeShift,0.0
2024-12-06,RegimeShift,0.0
2024-12-09,RegimeShift,0.0
2024-12-10,RegimeShift,0.0
2024-12-11,RegimeShift,0.0
2024-12-12,RegimeShift,0.0
2024-12-13,RegimeShift,0.0
2024-12-16,RegimeShift,0.0
2024-12-17,RegimeShift,0.0
2024-12-18,RegimeShift,0.0
2024-12-19,RegimeShift,0.0
2024-12-20,RegimeShift,0.0
2024-12-23,RegimeShift,0.0
2024-12-24,RegimeShift,0.0
2024-12-26,RegimeShift,0.0
2024-12-27,RegimeShift,0.0
2024-12-30,RegimeShift,0.1321314799587208
2024-12-31,RegimeShift,0.0
2025-01-01,RegimeShift,0.0
2025-01-02,RegimeShift,0.0
2025-01-03,RegimeShift,0.0
2025-01-06,RegimeShift,0.0
2025-01-07,RegimeShift,0.0
2025-01-08,RegimeShift,0.0
2025-01-09,RegimeShift,0.0
2025-01-10,RegimeShift,0.0
2025-01-13,RegimeShift,0.0
2025-01-14,RegimeShift,0.0
2025-01-15,RegimeShift,0.0
2025-01-16,RegimeShift,0.0
2025-01-17,RegimeShift,0.0
2025-01-20,RegimeShift,0.0
2025-01-21,RegimeShift,0.0
2025-01-22,RegimeShift,0.0
2025-01-23,RegimeShift,0.0
2025-01-24,RegimeShift,0.0
2025-01-27,RegimeShift,0.0
2025-01-28,RegimeShift,0.01309343148888316
2025-01-29,RegimeShift,0.0
2025-01-30,RegimeShift,0.0
2025-01-31,RegimeShift,0.0
2025-02-01,RegimeShift,0.0
2025-02-03,RegimeShift,0.0
2025-02-04,RegimeShift,0.0
2025-02-05,RegimeShift,0.0
2025-02-06,RegimeShift,0.0
2025-02-07,RegimeShift,0.0
2025-02-10,RegimeShift,0.0
2025-02-11,RegimeShift,0.0
2025-02-12,RegimeShift,0.0
2025-02-13,RegimeShift,0.0
2025-02-14,RegimeShift,0.0
2025-02-17,RegimeShift,0.0
2025-02-18,RegimeShift,0.0
2025-02-19,RegimeShift,0.0
2025-02-20,RegimeShift,0.0
2025-02-21,RegimeShift,0.0
2025-02-24,RegimeShift,0.0
2025-02-25,RegimeShift,0.19999829765966554
2025-02-27,RegimeShift,0.0
2025-02-28,RegimeShift,0.0
2025-03-03,RegimeShift,0.0
2025-03-04,RegimeShift,0.0
2025-03-05,RegimeShift,0.0
2025-03-06,RegimeShift,0.0
2025-03-07,RegimeShift,0.0
2025-03-10,RegimeShift,0.0
2025-03-11,RegimeShift,0.0
2025-03-12,RegimeShift,0.0
2025-03-13,RegimeShift,0.0
2025-03-17,RegimeShift,0.0
2025-03-18,RegimeShift,0.0
2025-03-19,RegimeShift,0.0
2025-03-20,RegimeShift,0.0
2025-03-21,RegimeShift,0.0
2025-03-24,RegimeShift,0.0
2025-03-25,RegimeShift,0.0
2025-03-26,RegimeShift,0.0
2025-03-27,RegimeShift,0.0
2025-03-28,RegimeShift,0.19999061012341923
2025-04-01,RegimeShift,0.0
2025-04-02,RegimeShift,0.0
2025-04-03,RegimeShift,0.0
2025-04-04,RegimeShift,0.0
2025-04-07,RegimeShift,0.0
2025-04-08,RegimeShift,0.0
2025-04-09,RegimeShift,0.0
2025-04-11,RegimeShift,0.0
2025-04-15,RegimeShift,0.0
2025-04-16,RegimeShift,0.0
2025-04-17,RegimeShift,0.0
2025-04-21,RegimeShift,0.0
2025-04-22,RegimeShift,0.0
2025-04-23,RegimeShift,0.0
2025-04-24,RegimeShift,0.0
2025-04-25,RegimeShift,0.0
2025-04-28,RegimeShift,0.0
2025-04-29,RegimeShift,0.0
2025-04-30,RegimeShift,0.0
2025-05-02,RegimeShift,0.0
2025-05-05,RegimeShift,0.7471399224945401
2025-05-06,RegimeShift,0.0
2025-05-07,RegimeShift,0.0
2025-05-08,RegimeShift,0.0
2025-05-09,RegimeShift,0.0
2025-05-12,RegimeShift,0.0
2025-05-13,RegimeShift,0.0
2025-05-14,RegimeShift,0.0
2025-05-15,RegimeShift,0.0
2025-05-16,RegimeShift,0.0
2025-05-19,RegimeShift,0.0
2025-05-20,RegimeShift,0.0
2025-05-21,RegimeShift,0.0
2025-05-22,RegimeShift,0.0
2025-05-23,RegimeShift,0.0
2025-05-26,RegimeShift,0.0
2025-05-27,RegimeShift,0.0
2025-05-28,RegimeShift,0.0
2025-05-29,RegimeShift,0.0
2025-05-30,RegimeShift,0.0
2025-06-02,RegimeShift,0.0
2025-06-03,RegimeShift,0.011932108151656063
2025-06-04,RegimeShift,0.0
2025-06-05,RegimeShift,0.0
2025-06-06,RegimeShift,0.0
2025-06-09,RegimeShift,0.0
2025-06-10,RegimeShift,0.0
2025-06-11,RegimeShift,0.0
2025-06-12,RegimeShift,0.0
2025-06-13,RegimeShift,0.0
2025-06-16,RegimeShift,0.0
2025-06-17,RegimeShift,0.0
2025-06-18,RegimeShift,0.0
2025-06-19,RegimeShift,0.0
2025-06-20,RegimeShift,0.0
2025-06-23,RegimeShift,0.0
2025-06-24,RegimeShift,0.0
2025-06-25,RegimeShift,0.0
2025-06-26,RegimeShift,0.0
2025-06-27,RegimeShift,0.0
2025-06-30,RegimeShift,0.0
2025-07-01,RegimeShift,0.0
2025-07-02,RegimeShift,0.5647502972897205
2025-07-03,RegimeShift,0.0
2025-07-04,RegimeShift,0.0
2025-07-07,RegimeShift,0.0
2025-07-08,RegimeShift,0.0
2025-07-09,RegimeShift,0.0
2025-07-10,RegimeShift,0.0
2025-07-11,RegimeShift,0.0
2025-07-14,RegimeShift,0.0
2025-07-15,RegimeShift,0.0
2025-07-16,RegimeShift,0.0
2025-07-17,RegimeShift,0.0
2025-07-18,RegimeShift,0.0
2025-07-21,RegimeShift,0.0
2025-07-22,RegimeShift,0.0
2025-07-23,RegimeShift,0.0
2025-07-24,RegimeShift,0.0
2025-07-25,RegimeShift,0.0
2025-07-28,RegimeShift,0.0
2025-07-29,RegimeShift,0.0
2025-07-30,RegimeShift,0.0
2025-07-31,RegimeShift,0.0276864796358796
2025-08-01,RegimeShift,0.0
2025-08-04,RegimeShift,0.0
2025-08-05,RegimeShift,0.0
2025-08-06,RegimeShift,0.0
2025-08-07,RegimeShift,0.0
2025-08-08,RegimeShift,0.0
2025-08-11,RegimeShift,0.0
2025-08-12,RegimeShift,0.0
2025-08-13,RegimeShift,0.0
2025-08-14,RegimeShift,0.0
2025-08-18,RegimeShift,0.0
2025-08-19,RegimeShift,0.0
2025-08-20,RegimeShift,0.0
2025-08-21,RegimeShift,0.0
2025-08-22,RegimeShift,0.0
2025-08-25,RegimeShift,0.0
2025-08-26,RegimeShift,0.0
2025-08-28,RegimeShift,0.0
2025-08-29,RegimeShift,0.0
2025-09-01,RegimeShift,0.0
2025-09-02,RegimeShift,0.012983886830404315
2025-09-03,RegimeShift,0.0
2025-09-04,RegimeShift,0.0
2025-09-05,RegimeShift,0.0
2025-09-08,RegimeShift,0.0
2025-09-09,RegimeShift,0.0
2025-09-10,RegimeShift,0.0
2025-09-11,RegimeShift,0.0
2025-09-12,RegimeShift,0.0
2025-09-15,RegimeShift,0.0
2025-09-16,RegimeShift,0.0
2025-09-17,RegimeShift,0.0
2025-09-18,RegimeShift,0.0
2025-09-19,RegimeShift,0.0
2025-09-22,RegimeShift,0.0
2025-09-23,RegimeShift,0.0
2025-09-24,RegimeShift,0.0
2025-09-25,RegimeShift,0.0
2025-09-26,RegimeShift,0.0
2025-09-29,RegimeShift,0.0
2025-09-30,RegimeShift,0.0
2025-10-01,RegimeShift,0.025798656370242715
2025-10-03,RegimeShift,0.0
2025-10-06,RegimeShift,0.0
2025-10-07,RegimeShift,0.0
2025-10-08,RegimeShift,0.0
2025-10-09,RegimeShift,0.0
2025-10-10,RegimeShift,0.0
2025-10-13,RegimeShift,0.0
2025-10-14,RegimeShift,0.0
2025-10-15,RegimeShift,0.0
2025-10-16,RegimeShift,0.0
2025-10-17,RegimeShift,0.0
2025-10-20,RegimeShift,0.0
2025-10-21,RegimeShift,0.0
2025-10-23,RegimeShift,0.0
2025-10-24,RegimeShift,0.0
2025-10-27,RegimeShift,0.0
2025-10-28,RegimeShift,0.0
2025-10-29,RegimeShift,0.0
2025-10-30,RegimeShift,0.0
2025-10-31,RegimeShift,0.0
2025-11-03,RegimeShift,0.18380557151803148
2025-11-04,RegimeShift,0.0
2025-11-06,RegimeShift,0.0
2025-11-07,RegimeShift,0.0
2025-11-10,RegimeShift,0.0
2025-11-11,RegimeShift,0.0
2025-11-12,RegimeShift,0.0
2025-11-13,RegimeShift,0.0
2025-11-14,RegimeShift,0.0
2025-11-17,RegimeShift,0.0
2025-11-18,RegimeShift,0.0
2025-11-19,RegimeShift,0.0
2025-11-20,RegimeShift,0.0
2025-11-21,RegimeShift,0.0
2025-11-24,RegimeShift,0.0
2025-11-25,RegimeShift,0.0
2025-11-26,RegimeShift,0.0
2025-11-27,RegimeShift,0.0
2025-11-28,RegimeShift,0.0
2025-12-01,RegimeShift,0.0
2025-12-02,RegimeShift,0.0
2025-12-03,RegimeShift,0.023325787101907615
2025-12-04,RegimeShift,0.0
2025-12-05,RegimeShift,0.0
2025-12-08,RegimeShift,0.0
2025-12-09,RegimeShift,0.0
2025-12-10,RegimeShift,0.0
2025-12-11,RegimeShift,0.0
2025-12-12,RegimeShift,0.0
2025-12-15,RegimeShift,0.0
2025-12-16,RegimeShift,0.0
2025-12-17,RegimeShift,0.0
2025-12-18,RegimeShift,0.0
2025-12-19,RegimeShift,0.0
2025-12-22,RegimeShift,0.0
2025-12-23,RegimeShift,0.0
2025-12-24,RegimeShift,0.0
2025-12-26,RegimeShift,0.0
2025-12-29,RegimeShift,0.0
2025-12-30,RegimeShift,0.0
2025-12-31,RegimeShift,0.0
2026-01-01,RegimeShift,0.0
2026-01-02,RegimeShift,0.008131395622939245
2026-01-05,RegimeShift,0.0
2026-01-06,RegimeShift,0.0
2026-01-07,RegimeShift,0.0
2026-01-08,RegimeShift,0.0
2026-01-09,RegimeShift,0.0
2026-01-12,RegimeShift,0.0
2026-01-13,RegimeShift,0.0
2026-01-14,RegimeShift,0.0
2026-01-15,RegimeShift,0.0
2026-01-16,RegimeShift,0.0
2026-01-19,RegimeShift,0.0
2026-01-20,RegimeShift,0.0
2026-01-21,RegimeShift,0.0
2026-01-22,RegimeShift,0.0
2026-01-23,RegimeShift,0.0
2026-01-27,RegimeShift,0.0
2026-01-28,RegimeShift,0.0
2026-01-29,RegimeShift,0.0
2026-01-30,RegimeShift,0.0
2026-02-02,RegimeShift,0.0
2026-02-03,RegimeShift,0.741846775793892
2026-02-04,RegimeShift,0.0
2026-02-05,RegimeShift,0.0
2026-02-06,RegimeShift,0.0
2026-02-09,RegimeShift,0.0
2026-02-10,RegimeShift,0.0
2026-02-11,RegimeShift,0.0
2026-02-12,RegimeShift,0.0
2026-02-13,RegimeShift,0.0
2026-02-16,RegimeShift,0.0
2026-02-17,RegimeShift,0.0
2026-02-18,RegimeShift,0.0
2026-02-19,RegimeShift,0.0
2026-02-20,RegimeShift,0.0
2026-02-23,RegimeShift,0.0
2026-02-24,RegimeShift,0.0
2026-02-25,RegimeShift,0.0
2026-02-26,RegimeShift,0.0
2026-02-27,RegimeShift,0.0
2026-03-02,RegimeShift,0.0
2026-03-04,RegimeShift,0.0
2026-03-05,RegimeShift,0.010473538190358834
2026-03-06,RegimeShift,0.0
2026-03-09,RegimeShift,0.0
2026-03-10,RegimeShift,0.0
2026-03-11,RegimeShift,0.0
2026-03-12,RegimeShift,0.0
2026-03-13,RegimeShift,0.0
2026-03-16,RegimeShift,0.0
2026-03-17,RegimeShift,0.0
2026-03-18,RegimeShift,0.0
2026-03-19,RegimeShift,0.0
2026-03-20,RegimeShift,0.0
2026-03-23,RegimeShift,0.0
2026-03-24,RegimeShift,0.0
2026-03-25,RegimeShift,0.0
2026-03-27,RegimeShift,0.0
2026-03-30,RegimeShift,0.0
2026-04-01,RegimeShift,0.0
2026-04-02,RegimeShift,0.0
2026-04-06,RegimeShift,0.0
2026-04-07,RegimeShift,0.0
2026-04-08,RegimeShift,0.011227744429923373
2026-04-09,RegimeShift,0.0
2026-04-10,RegimeShift,0.0
2026-04-13,RegimeShift,0.0
2026-04-15,RegimeShift,0.0
2026-04-16,RegimeShift,0.0
2026-04-17,RegimeShift,0.0
2026-04-20,RegimeShift,0.0
2026-04-21,RegimeShift,0.0
2026-04-22,RegimeShift,0.0
2026-04-23,RegimeShift,0.0
2026-04-24,RegimeShift,0.0
2026-04-27,RegimeShift,0.0
2026-04-28,RegimeShift,0.0
2026-04-29,RegimeShift,0.0
2026-04-30,RegimeShift,0.0
2026-05-01,RegimeShift,0.0
2026-05-04,RegimeShift,0.0
2026-05-05,RegimeShift,0.0
2026-05-06,RegimeShift,0.0
2026-05-07,RegimeShift,0.0
2026-05-08,RegimeShift,0.5501158339180945
2026-05-11,RegimeShift,0.0
2026-05-12,RegimeShift,0.0
2026-05-13,RegimeShift,0.0
2026-05-14,RegimeShift,0.0
2026-05-15,RegimeShift,0.0
2026-05-18,RegimeShift,0.0
2026-05-19,RegimeShift,0.0
2026-05-20,RegimeShift,0.0
2026-05-21,RegimeShift,0.0
2026-05-22,RegimeShift,0.0
2026-05-25,RegimeShift,0.0
2026-05-26,RegimeShift,0.0
2026-05-27,RegimeShift,0.0
2026-05-28,RegimeShift,0.0
2026-05-29,RegimeShift,0.0
2026-06-01,RegimeShift,0.0
2026-06-02,RegimeShift,0.0
2026-06-03,RegimeShift,0.0
2026-06-04,RegimeShift,0.0
2026-06-05,RegimeShift,0.0
2026-06-08,RegimeShift,0.5459135429001416
2026-06-09,RegimeShift,0.0
2026-06-10,RegimeShift,0.0
2026-06-11,RegimeShift,0.0
2026-06-12,RegimeShift,0.0
2026-06-15,RegimeShift,0.0
2026-06-16,RegimeShift,0.0
2026-06-17,RegimeShift,0.0
2026-06-18,RegimeShift,0.0
2026-06-19,RegimeShift,0.0
2026-06-22,RegimeShift,0.0
2026-06-23,RegimeShift,0.0
2026-06-24,RegimeShift,0.0
2026-06-25,RegimeShift,0.0
2026-06-26,RegimeShift,0.0
2026-06-29,RegimeShift,0.0
2026-06-30,RegimeShift,0.0
2026-07-01,RegimeShift,0.0
2026-07-02,RegimeShift,0.0
2026-07-03,RegimeShift,0.0
2026-07-06,RegimeShift,0.0
2026-07-07,RegimeShift,0.5585239669434477
2026-07-08,RegimeShift,0.0
2026-07-09,RegimeShift,0.0
2026-07-10,RegimeShift,0.0
2026-07-13,RegimeShift,0.0
2026-07-14,RegimeShift,0.0
2026-07-15,RegimeShift,0.0
2026-07-16,RegimeShift,0.0
2026-07-17,RegimeShift,0.0
2026-07-20,RegimeShift,0.0
2026-07-21,RegimeShift,0.0
2026-07-22,RegimeShift,0.0
2026-07-23,RegimeShift,0.0
2026-07-24,RegimeShift,0.0
2026-07-27,RegimeShift,0.0
2010-10-05,No-regime optimizer,1.0
2010-10-06,No-regime optimizer,0.0
2010-10-07,No-regime optimizer,0.0
2010-10-08,No-regime optimizer,0.0
2010-10-11,No-regime optimizer,0.0
2010-10-12,No-regime optimizer,0.0
2010-10-13,No-regime optimizer,0.0
2010-10-14,No-regime optimizer,0.0
2010-10-15,No-regime optimizer,0.0
2010-10-18,No-regime optimizer,0.0
2010-10-19,No-regime optimizer,0.0
2010-10-20,No-regime optimizer,0.0
2010-10-21,No-regime optimizer,0.0
2010-10-22,No-regime optimizer,0.0
2010-10-25,No-regime optimizer,0.0
2010-10-26,No-regime optimizer,0.0
2010-10-27,No-regime optimizer,0.0
2010-10-28,No-regime optimizer,0.0
2010-10-29,No-regime optimizer,0.0
2010-11-01,No-regime optimizer,0.0
2010-11-02,No-regime optimizer,0.0
2010-11-03,No-regime optimizer,0.00023196720144243887
2010-11-04,No-regime optimizer,0.0
2010-11-08,No-regime optimizer,0.0
2010-11-09,No-regime optimizer,0.0
2010-11-10,No-regime optimizer,0.0
2010-11-11,No-regime optimizer,0.0
2010-11-12,No-regime optimizer,0.0
2010-11-15,No-regime optimizer,0.0
2010-11-16,No-regime optimizer,0.0
2010-11-18,No-regime optimizer,0.0
2010-11-19,No-regime optimizer,0.0
2010-11-22,No-regime optimizer,0.0
2010-11-23,No-regime optimizer,0.0
2010-11-24,No-regime optimizer,0.0
2010-11-25,No-regime optimizer,0.0
2010-11-26,No-regime optimizer,0.0
2010-11-29,No-regime optimizer,0.0
2010-11-30,No-regime optimizer,0.0
2010-12-01,No-regime optimizer,0.0
2010-12-02,No-regime optimizer,0.0
2010-12-03,No-regime optimizer,0.0
2010-12-06,No-regime optimizer,0.0119052743504141
2010-12-07,No-regime optimizer,0.0
2010-12-08,No-regime optimizer,0.0
2010-12-09,No-regime optimizer,0.0
2010-12-10,No-regime optimizer,0.0
2010-12-13,No-regime optimizer,0.0
2010-12-14,No-regime optimizer,0.0
2010-12-15,No-regime optimizer,0.0
2010-12-16,No-regime optimizer,0.0
2010-12-20,No-regime optimizer,0.0
2010-12-21,No-regime optimizer,0.0
2010-12-22,No-regime optimizer,0.0
2010-12-23,No-regime optimizer,0.0
2010-12-24,No-regime optimizer,0.0
2010-12-27,No-regime optimizer,0.0
2010-12-28,No-regime optimizer,0.0
2010-12-29,No-regime optimizer,0.0
2010-12-30,No-regime optimizer,0.0
2010-12-31,No-regime optimizer,0.0
2011-01-03,No-regime optimizer,0.0
2011-01-04,No-regime optimizer,0.0
2011-01-05,No-regime optimizer,0.00483420398699227
2011-01-06,No-regime optimizer,0.0
2011-01-07,No-regime optimizer,0.0
2011-01-10,No-regime optimizer,0.0
2011-01-11,No-regime optimizer,0.0
2011-01-12,No-regime optimizer,0.0
2011-01-13,No-regime optimizer,0.0
2011-01-14,No-regime optimizer,0.0
2011-01-17,No-regime optimizer,0.0
2011-01-18,No-regime optimizer,0.0
2011-01-19,No-regime optimizer,0.0
2011-01-20,No-regime optimizer,0.0
2011-01-21,No-regime optimizer,0.0
2011-01-24,No-regime optimizer,0.0
2011-01-25,No-regime optimizer,0.0
2011-01-27,No-regime optimizer,0.0
2011-01-28,No-regime optimizer,0.0
2011-01-31,No-regime optimizer,0.0
2011-02-01,No-regime optimizer,0.0
2011-02-02,No-regime optimizer,0.0
2011-02-03,No-regime optimizer,0.0
2011-02-04,No-regime optimizer,0.015821297867282452
2011-02-07,No-regime optimizer,0.0
2011-02-08,No-regime optimizer,0.0
2011-02-09,No-regime optimizer,0.0
2011-02-10,No-regime optimizer,0.0
2011-02-11,No-regime optimizer,0.0
2011-02-14,No-regime optimizer,0.0
2011-02-15,No-regime optimizer,0.0
2011-02-16,No-regime optimizer,0.0
2011-02-17,No-regime optimizer,0.0
2011-02-18,No-regime optimizer,0.0
2011-02-21,No-regime optimizer,0.0
2011-02-22,No-regime optimizer,0.0
2011-02-23,No-regime optimizer,0.0
2011-02-24,No-regime optimizer,0.0
2011-02-25,No-regime optimizer,0.0
2011-02-28,No-regime optimizer,0.0
2011-03-01,No-regime optimizer,0.0
2011-03-03,No-regime optimizer,0.0
2011-03-04,No-regime optimizer,0.0
2011-03-07,No-regime optimizer,0.0
2011-03-08,No-regime optimizer,0.0031330992793975
2011-03-09,No-regime optimizer,0.0
2011-03-10,No-regime optimizer,0.0
2011-03-11,No-regime optimizer,0.0
2011-03-14,No-regime optimizer,0.0
2011-03-15,No-regime optimizer,0.0
2011-03-16,No-regime optimizer,0.0
2011-03-17,No-regime optimizer,0.0
2011-03-18,No-regime optimizer,0.0
2011-03-21,No-regime optimizer,0.0
2011-03-22,No-regime optimizer,0.0
2011-03-23,No-regime optimizer,0.0
2011-03-24,No-regime optimizer,0.0
2011-03-25,No-regime optimizer,0.0
2011-03-28,No-regime optimizer,0.0
2011-03-29,No-regime optimizer,0.0
2011-03-30,No-regime optimizer,0.0
2011-03-31,No-regime optimizer,0.0
2011-04-01,No-regime optimizer,0.0
2011-04-04,No-regime optimizer,0.0
2011-04-05,No-regime optimizer,0.0
2011-04-06,No-regime optimizer,0.01043730983128348
2011-04-07,No-regime optimizer,0.0
2011-04-08,No-regime optimizer,0.0
2011-04-11,No-regime optimizer,0.0
2011-04-13,No-regime optimizer,0.0
2011-04-15,No-regime optimizer,0.0
2011-04-18,No-regime optimizer,0.0
2011-04-19,No-regime optimizer,0.0
2011-04-20,No-regime optimizer,0.0
2011-04-21,No-regime optimizer,0.0
2011-04-25,No-regime optimizer,0.0
2011-04-26,No-regime optimizer,0.0
2011-04-27,No-regime optimizer,0.0
2011-04-28,No-regime optimizer,0.0
2011-04-29,No-regime optimizer,0.0
2011-05-02,No-regime optimizer,0.0
2011-05-03,No-regime optimizer,0.0
2011-05-04,No-regime optimizer,0.0
2011-05-05,No-regime optimizer,0.0
2011-05-06,No-regime optimizer,0.0
2011-05-09,No-regime optimizer,0.0
2011-05-10,No-regime optimizer,0.01709399299339007
2011-05-11,No-regime optimizer,0.0
2011-05-12,No-regime optimizer,0.0
2011-05-13,No-regime optimizer,0.0
2011-05-16,No-regime optimizer,0.0
2011-05-17,No-regime optimizer,0.0
2011-05-18,No-regime optimizer,0.0
2011-05-19,No-regime optimizer,0.0
2011-05-20,No-regime optimizer,0.0
2011-05-23,No-regime optimizer,0.0
2011-05-24,No-regime optimizer,0.0
2011-05-25,No-regime optimizer,0.0
2011-05-26,No-regime optimizer,0.0
2011-05-27,No-regime optimizer,0.0
2011-05-30,No-regime optimizer,0.0
2011-05-31,No-regime optimizer,0.0
2011-06-01,No-regime optimizer,0.0
2011-06-02,No-regime optimizer,0.0
2011-06-03,No-regime optimizer,0.0
2011-06-06,No-regime optimizer,0.0
2011-06-07,No-regime optimizer,0.0
2011-06-08,No-regime optimizer,0.0021414559829039813
2011-06-09,No-regime optimizer,0.0
2011-06-10,No-regime optimizer,0.0
2011-06-13,No-regime optimizer,0.0
2011-06-14,No-regime optimizer,0.0
2011-06-15,No-regime optimizer,0.0
2011-06-16,No-regime optimizer,0.0
2011-06-17,No-regime optimizer,0.0
2011-06-20,No-regime optimizer,0.0
2011-06-21,No-regime optimizer,0.0
2011-06-22,No-regime optimizer,0.0
2011-06-23,No-regime optimizer,0.0
2011-06-24,No-regime optimizer,0.0
2011-06-27,No-regime optimizer,0.0
2011-06-28,No-regime optimizer,0.0
2011-06-29,No-regime optimizer,0.0
2011-06-30,No-regime optimizer,0.0
2011-07-01,No-regime optimizer,0.0
2011-07-04,No-regime optimizer,0.0
2011-07-05,No-regime optimizer,0.0
2011-07-06,No-regime optimizer,0.0
2011-07-07,No-regime optimizer,0.007726774021249841
2011-07-08,No-regime optimizer,0.0
2011-07-11,No-regime optimizer,0.0
2011-07-12,No-regime optimizer,0.0
2011-07-13,No-regime optimizer,0.0
2011-07-14,No-regime optimizer,0.0
2011-07-15,No-regime optimizer,0.0
2011-07-18,No-regime optimizer,0.0
2011-07-19,No-regime optimizer,0.0
2011-07-20,No-regime optimizer,0.0
2011-07-21,No-regime optimizer,0.0
2011-07-22,No-regime optimizer,0.0
2011-07-25,No-regime optimizer,0.0
2011-07-26,No-regime optimizer,0.0
2011-07-27,No-regime optimizer,0.0
2011-07-28,No-regime optimizer,0.0
2011-07-29,No-regime optimizer,0.0
2011-08-01,No-regime optimizer,0.0
2011-08-02,No-regime optimizer,0.0
2011-08-03,No-regime optimizer,0.0
2011-08-04,No-regime optimizer,0.0
2011-08-05,No-regime optimizer,0.19999978891846654
2011-08-08,No-regime optimizer,0.0
2011-08-09,No-regime optimizer,0.0
2011-08-10,No-regime optimizer,0.0
2011-08-11,No-regime optimizer,0.0
2011-08-12,No-regime optimizer,0.0
2011-08-16,No-regime optimizer,0.0
2011-08-17,No-regime optimizer,0.0
2011-08-18,No-regime optimizer,0.0
2011-08-19,No-regime optimizer,0.0
2011-08-22,No-regime optimizer,0.0
2011-08-23,No-regime optimizer,0.0
2011-08-24,No-regime optimizer,0.0
2011-08-25,No-regime optimizer,0.0
2011-08-26,No-regime optimizer,0.0
2011-08-29,No-regime optimizer,0.0
2011-08-30,No-regime optimizer,0.0
2011-09-02,No-regime optimizer,0.0
2011-09-05,No-regime optimizer,0.0
2011-09-06,No-regime optimizer,0.0
2011-09-07,No-regime optimizer,0.0
2011-09-08,No-regime optimizer,0.019237673897589274
2011-09-09,No-regime optimizer,0.0
2011-09-12,No-regime optimizer,0.0
2011-09-13,No-regime optimizer,0.0
2011-09-14,No-regime optimizer,0.0
2011-09-15,No-regime optimizer,0.0
2011-09-16,No-regime optimizer,0.0
2011-09-19,No-regime optimizer,0.0
2011-09-20,No-regime optimizer,0.0
2011-09-21,No-regime optimizer,0.0
2011-09-22,No-regime optimizer,0.0
2011-09-23,No-regime optimizer,0.0
2011-09-26,No-regime optimizer,0.0
2011-09-27,No-regime optimizer,0.0
2011-09-28,No-regime optimizer,0.0
2011-09-29,No-regime optimizer,0.0
2011-09-30,No-regime optimizer,0.0
2011-10-03,No-regime optimizer,0.0
2011-10-04,No-regime optimizer,0.0
2011-10-05,No-regime optimizer,0.0
2011-10-07,No-regime optimizer,0.0
2011-10-10,No-regime optimizer,0.005688442861647063
2011-10-11,No-regime optimizer,0.0
2011-10-12,No-regime optimizer,0.0
2011-10-13,No-regime optimizer,0.0
2011-10-14,No-regime optimizer,0.0
2011-10-17,No-regime optimizer,0.0
2011-10-18,No-regime optimizer,0.0
2011-10-19,No-regime optimizer,0.0
2011-10-20,No-regime optimizer,0.0
2011-10-21,No-regime optimizer,0.0
2011-10-24,No-regime optimizer,0.0
2011-10-25,No-regime optimizer,0.0
2011-10-28,No-regime optimizer,0.0
2011-10-31,No-regime optimizer,0.0
2011-11-01,No-regime optimizer,0.0
2011-11-02,No-regime optimizer,0.0
2011-11-03,No-regime optimizer,0.0
2011-11-04,No-regime optimizer,0.0
2011-11-08,No-regime optimizer,0.0
2011-11-09,No-regime optimizer,0.0
2011-11-11,No-regime optimizer,0.0
2011-11-14,No-regime optimizer,0.013540206338547727
2011-11-15,No-regime optimizer,0.0
2011-11-16,No-regime optimizer,0.0
2011-11-17,No-regime optimizer,0.0
2011-11-18,No-regime optimizer,0.0
2011-11-21,No-regime optimizer,0.0
2011-11-22,No-regime optimizer,0.0
2011-11-23,No-regime optimizer,0.0
2011-11-24,No-regime optimizer,0.0
2011-11-25,No-regime optimizer,0.0
2011-11-28,No-regime optimizer,0.0
2011-11-29,No-regime optimizer,0.0
2011-11-30,No-regime optimizer,0.0
2011-12-01,No-regime optimizer,0.0
2011-12-02,No-regime optimizer,0.0
2011-12-05,No-regime optimizer,0.0
2011-12-07,No-regime optimizer,0.0
2011-12-08,No-regime optimizer,0.0
2011-12-09,No-regime optimizer,0.0
2011-12-12,No-regime optimizer,0.0
2011-12-13,No-regime optimizer,0.0
2011-12-14,No-regime optimizer,0.002345587477371936
2011-12-15,No-regime optimizer,0.0
2011-12-16,No-regime optimizer,0.0
2011-12-19,No-regime optimizer,0.0
2011-12-20,No-regime optimizer,0.0
2011-12-21,No-regime optimizer,0.0
2011-12-22,No-regime optimizer,0.0
2011-12-23,No-regime optimizer,0.0
2011-12-26,No-regime optimizer,0.0
2011-12-27,No-regime optimizer,0.0
2011-12-28,No-regime optimizer,0.0
2011-12-29,No-regime optimizer,0.0
2011-12-30,No-regime optimizer,0.0
2012-01-02,No-regime optimizer,0.0
2012-01-03,No-regime optimizer,0.0
2012-01-04,No-regime optimizer,0.0
2012-01-05,No-regime optimizer,0.0
2012-01-06,No-regime optimizer,0.0
2012-01-09,No-regime optimizer,0.0
2012-01-10,No-regime optimizer,0.0
2012-01-11,No-regime optimizer,0.0
2012-01-12,No-regime optimizer,0.004881137375880279
2012-01-13,No-regime optimizer,0.0
2012-01-16,No-regime optimizer,0.0
2012-01-17,No-regime optimizer,0.0
2012-01-18,No-regime optimizer,0.0
2012-01-19,No-regime optimizer,0.0
2012-01-20,No-regime optimizer,0.0
2012-01-23,No-regime optimizer,0.0
2012-01-24,No-regime optimizer,0.0
2012-01-25,No-regime optimizer,0.0
2012-01-27,No-regime optimizer,0.0
2012-01-30,No-regime optimizer,0.0
2012-01-31,No-regime optimizer,0.0
2012-02-01,No-regime optimizer,0.0
2012-02-02,No-regime optimizer,0.0
2012-02-03,No-regime optimizer,0.0
2012-02-06,No-regime optimizer,0.0
2012-02-07,No-regime optimizer,0.0
2012-02-08,No-regime optimizer,0.0
2012-02-09,No-regime optimizer,0.0
2012-02-10,No-regime optimizer,0.0
2012-02-13,No-regime optimizer,0.19971079689477494
2012-02-14,No-regime optimizer,0.0
2012-02-15,No-regime optimizer,0.0
2012-02-16,No-regime optimizer,0.0
2012-02-17,No-regime optimizer,0.0
2012-02-21,No-regime optimizer,0.0
2012-02-22,No-regime optimizer,0.0
2012-02-23,No-regime optimizer,0.0
2012-02-24,No-regime optimizer,0.0
2012-02-27,No-regime optimizer,0.0
2012-02-28,No-regime optimizer,0.0
2012-02-29,No-regime optimizer,0.0
2012-03-01,No-regime optimizer,0.0
2012-03-02,No-regime optimizer,0.0
2012-03-05,No-regime optimizer,0.0
2012-03-06,No-regime optimizer,0.0
2012-03-07,No-regime optimizer,0.0
2012-03-09,No-regime optimizer,0.0
2012-03-12,No-regime optimizer,0.0
2012-03-13,No-regime optimizer,0.0
2012-03-14,No-regime optimizer,0.0
2012-03-15,No-regime optimizer,0.20388684331012474
2012-03-16,No-regime optimizer,0.0
2012-03-19,No-regime optimizer,0.0
2012-03-20,No-regime optimizer,0.0
2012-03-21,No-regime optimizer,0.0
2012-03-22,No-regime optimizer,0.0
2012-03-23,No-regime optimizer,0.0
2012-03-26,No-regime optimizer,0.0
2012-03-27,No-regime optimizer,0.0
2012-03-28,No-regime optimizer,0.0
2012-03-29,No-regime optimizer,0.0
2012-03-30,No-regime optimizer,0.0
2012-04-02,No-regime optimizer,0.0
2012-04-03,No-regime optimizer,0.0
2012-04-04,No-regime optimizer,0.0
2012-04-09,No-regime optimizer,0.0
2012-04-10,No-regime optimizer,0.0
2012-04-11,No-regime optimizer,0.0
2012-04-12,No-regime optimizer,0.0
2012-04-13,No-regime optimizer,0.0
2012-04-16,No-regime optimizer,0.0
2012-04-17,No-regime optimizer,0.008068084121878087
2012-04-18,No-regime optimizer,0.0
2012-04-19,No-regime optimizer,0.0
2012-04-20,No-regime optimizer,0.0
2012-04-23,No-regime optimizer,0.0
2012-04-24,No-regime optimizer,0.0
2012-04-25,No-regime optimizer,0.0
2012-04-26,No-regime optimizer,0.0
2012-04-27,No-regime optimizer,0.0
2012-04-30,No-regime optimizer,0.0
2012-05-02,No-regime optimizer,0.0
2012-05-03,No-regime optimizer,0.0
2012-05-04,No-regime optimizer,0.0
2012-05-07,No-regime optimizer,0.0
2012-05-08,No-regime optimizer,0.0
2012-05-09,No-regime optimizer,0.0
2012-05-10,No-regime optimizer,0.0
2012-05-11,No-regime optimizer,0.0
2012-05-14,No-regime optimizer,0.0
2012-05-15,No-regime optimizer,0.0
2012-05-16,No-regime optimizer,0.0
2012-05-17,No-regime optimizer,0.002494707733784305
2012-05-18,No-regime optimizer,0.0
2012-05-21,No-regime optimizer,0.0
2012-05-22,No-regime optimizer,0.0
2012-05-23,No-regime optimizer,0.0
2012-05-24,No-regime optimizer,0.0
2013-01-31,No-regime optimizer,0.0
2013-02-01,No-regime optimizer,0.0
2013-02-04,No-regime optimizer,0.0
2013-02-05,No-regime optimizer,0.0
2013-02-06,No-regime optimizer,0.0
2013-02-07,No-regime optimizer,0.0
2013-02-08,No-regime optimizer,0.0
2013-02-11,No-regime optimizer,0.0
2013-02-12,No-regime optimizer,0.0
2013-02-13,No-regime optimizer,0.0
2013-02-14,No-regime optimizer,0.0
2013-02-15,No-regime optimizer,0.0
2013-02-18,No-regime optimizer,0.0
2013-02-19,No-regime optimizer,0.0
2013-02-20,No-regime optimizer,0.0
2013-02-21,No-regime optimizer,0.0014502256592053295
2013-02-22,No-regime optimizer,0.0
2013-02-25,No-regime optimizer,0.0
2013-02-26,No-regime optimizer,0.0
2013-02-27,No-regime optimizer,0.0
2013-02-28,No-regime optimizer,0.0
2013-03-01,No-regime optimizer,0.0
2013-03-04,No-regime optimizer,0.0
2013-03-05,No-regime optimizer,0.0
2013-03-06,No-regime optimizer,0.0
2013-03-07,No-regime optimizer,0.0
2013-03-08,No-regime optimizer,0.0
2013-03-11,No-regime optimizer,0.0
2013-03-12,No-regime optimizer,0.0
2013-03-13,No-regime optimizer,0.0
2013-03-14,No-regime optimizer,0.0
2013-03-15,No-regime optimizer,0.0
2013-03-18,No-regime optimizer,0.0
2013-03-19,No-regime optimizer,0.0
2013-03-20,No-regime optimizer,0.0
2013-03-21,No-regime optimizer,0.0
2013-03-22,No-regime optimizer,0.002733296111760468
2013-03-25,No-regime optimizer,0.0
2013-03-26,No-regime optimizer,0.0
2013-03-28,No-regime optimizer,0.0
2013-04-01,No-regime optimizer,0.0
2013-04-02,No-regime optimizer,0.0
2013-04-03,No-regime optimizer,0.0
2013-04-04,No-regime optimizer,0.0
2013-04-05,No-regime optimizer,0.0
2013-04-08,No-regime optimizer,0.0
2013-04-09,No-regime optimizer,0.0
2013-04-10,No-regime optimizer,0.0
2013-04-11,No-regime optimizer,0.0
2013-04-12,No-regime optimizer,0.0
2013-04-15,No-regime optimizer,0.0
2013-04-16,No-regime optimizer,0.0
2013-04-17,No-regime optimizer,0.0
2013-04-18,No-regime optimizer,0.0
2013-04-22,No-regime optimizer,0.0
2013-04-23,No-regime optimizer,0.0
2013-04-25,No-regime optimizer,0.0
2013-04-26,No-regime optimizer,0.0018609211853784367
2013-04-29,No-regime optimizer,0.0
2013-04-30,No-regime optimizer,0.0
2013-05-02,No-regime optimizer,0.0
2013-05-03,No-regime optimizer,0.0
2013-05-06,No-regime optimizer,0.0
2013-05-07,No-regime optimizer,0.0
2013-05-08,No-regime optimizer,0.0
2013-05-09,No-regime optimizer,0.0
2013-05-10,No-regime optimizer,0.0
2013-05-13,No-regime optimizer,0.0
2013-05-14,No-regime optimizer,0.0
2013-05-15,No-regime optimizer,0.0
2013-05-16,No-regime optimizer,0.0
2013-05-17,No-regime optimizer,0.0
2013-05-20,No-regime optimizer,0.0
2013-05-21,No-regime optimizer,0.0
2013-05-22,No-regime optimizer,0.0
2013-05-23,No-regime optimizer,0.0
2013-05-24,No-regime optimizer,0.0
2013-05-27,No-regime optimizer,0.0
2013-05-28,No-regime optimizer,0.7745541528549995
2013-05-29,No-regime optimizer,0.0
2013-05-30,No-regime optimizer,0.0
2013-05-31,No-regime optimizer,0.0
2013-06-03,No-regime optimizer,0.0
2013-06-04,No-regime optimizer,0.0
2013-06-05,No-regime optimizer,0.0
2013-06-06,No-regime optimizer,0.0
2013-06-07,No-regime optimizer,0.0
2013-06-10,No-regime optimizer,0.0
2013-06-11,No-regime optimizer,0.0
2013-06-12,No-regime optimizer,0.0
2013-06-13,No-regime optimizer,0.0
2013-06-14,No-regime optimizer,0.0
2013-06-17,No-regime optimizer,0.0
2013-06-18,No-regime optimizer,0.0
2013-06-19,No-regime optimizer,0.0
2013-06-20,No-regime optimizer,0.0
2013-06-21,No-regime optimizer,0.0
2013-06-24,No-regime optimizer,0.0
2013-06-25,No-regime optimizer,0.0
2013-06-26,No-regime optimizer,0.199946605753516
2013-06-27,No-regime optimizer,0.0
2013-06-28,No-regime optimizer,0.0
2013-07-01,No-regime optimizer,0.0
2013-07-02,No-regime optimizer,0.0
2013-07-03,No-regime optimizer,0.0
2013-07-04,No-regime optimizer,0.0
2013-07-05,No-regime optimizer,0.0
2013-07-08,No-regime optimizer,0.0
2013-07-09,No-regime optimizer,0.0
2013-07-10,No-regime optimizer,0.0
2013-07-11,No-regime optimizer,0.0
2013-07-12,No-regime optimizer,0.0
2013-07-15,No-regime optimizer,0.0
2013-07-16,No-regime optimizer,0.0
2013-07-17,No-regime optimizer,0.0
2013-07-18,No-regime optimizer,0.0
2013-07-19,No-regime optimizer,0.0
2013-07-22,No-regime optimizer,0.0
2013-07-23,No-regime optimizer,0.0
2013-07-24,No-regime optimizer,0.0
2013-07-25,No-regime optimizer,0.20589978080971832
2013-07-26,No-regime optimizer,0.0
2013-07-29,No-regime optimizer,0.0
2013-07-30,No-regime optimizer,0.0
2013-07-31,No-regime optimizer,0.0
2013-08-01,No-regime optimizer,0.0
2013-08-02,No-regime optimizer,0.0
2013-08-05,No-regime optimizer,0.0
2013-08-06,No-regime optimizer,0.0
2013-08-07,No-regime optimizer,0.0
2013-08-08,No-regime optimizer,0.0
2013-08-12,No-regime optimizer,0.0
2013-08-13,No-regime optimizer,0.0
2013-08-14,No-regime optimizer,0.0
2013-08-16,No-regime optimizer,0.0
2013-08-19,No-regime optimizer,0.0
2013-08-20,No-regime optimizer,0.0
2013-08-21,No-regime optimizer,0.0
2013-08-22,No-regime optimizer,0.0
2013-08-23,No-regime optimizer,0.0
2013-08-26,No-regime optimizer,0.0
2013-08-27,No-regime optimizer,0.5195308604103209
2013-08-28,No-regime optimizer,0.0
2013-08-29,No-regime optimizer,0.0
2013-08-30,No-regime optimizer,0.0
2013-09-02,No-regime optimizer,0.0
2013-09-03,No-regime optimizer,0.0
2013-09-04,No-regime optimizer,0.0
2013-09-05,No-regime optimizer,0.0
2013-09-06,No-regime optimizer,0.0
2013-09-10,No-regime optimizer,0.0
2013-09-11,No-regime optimizer,0.0
2013-09-12,No-regime optimizer,0.0
2013-09-13,No-regime optimizer,0.0
2013-09-16,No-regime optimizer,0.0
2013-09-17,No-regime optimizer,0.0
2013-09-18,No-regime optimizer,0.0
2013-09-19,No-regime optimizer,0.0
2013-09-20,No-regime optimizer,0.0
2013-09-23,No-regime optimizer,0.0
2013-09-24,No-regime optimizer,0.0
2013-09-25,No-regime optimizer,0.0
2013-09-26,No-regime optimizer,0.30242547508846607
2013-09-27,No-regime optimizer,0.0
2013-09-30,No-regime optimizer,0.0
2013-10-01,No-regime optimizer,0.0
2013-10-03,No-regime optimizer,0.0
2013-10-04,No-regime optimizer,0.0
2013-10-07,No-regime optimizer,0.0
2013-10-08,No-regime optimizer,0.0
2013-10-09,No-regime optimizer,0.0
2013-10-10,No-regime optimizer,0.0
2013-10-11,No-regime optimizer,0.0
2013-10-14,No-regime optimizer,0.0
2013-10-15,No-regime optimizer,0.0
2013-10-17,No-regime optimizer,0.0
2013-10-18,No-regime optimizer,0.0
2013-10-21,No-regime optimizer,0.0
2013-10-22,No-regime optimizer,0.0
2013-10-23,No-regime optimizer,0.0
2013-10-24,No-regime optimizer,0.0
2013-10-25,No-regime optimizer,0.0
2013-10-28,No-regime optimizer,0.0
2013-10-29,No-regime optimizer,0.23660920335081065
2013-10-30,No-regime optimizer,0.0
2013-10-31,No-regime optimizer,0.0
2013-11-01,No-regime optimizer,0.0
2013-11-05,No-regime optimizer,0.0
2013-11-06,No-regime optimizer,0.0
2013-11-07,No-regime optimizer,0.0
2013-11-08,No-regime optimizer,0.0
2013-11-11,No-regime optimizer,0.0
2013-11-12,No-regime optimizer,0.0
2013-11-13,No-regime optimizer,0.0
2013-11-14,No-regime optimizer,0.0
2013-11-18,No-regime optimizer,0.0
2013-11-19,No-regime optimizer,0.0
2013-11-20,No-regime optimizer,0.0
2013-11-21,No-regime optimizer,0.0
2013-11-22,No-regime optimizer,0.0
2013-11-25,No-regime optimizer,0.0
2013-11-26,No-regime optimizer,0.0
2013-11-27,No-regime optimizer,0.0
2013-11-28,No-regime optimizer,0.0
2013-11-29,No-regime optimizer,0.0603598191594259
2013-12-02,No-regime optimizer,0.0
2013-12-03,No-regime optimizer,0.0
2013-12-04,No-regime optimizer,0.0
2013-12-05,No-regime optimizer,0.0
2013-12-06,No-regime optimizer,0.0
2013-12-09,No-regime optimizer,0.0
2013-12-10,No-regime optimizer,0.0
2013-12-11,No-regime optimizer,0.0
2013-12-12,No-regime optimizer,0.0
2013-12-13,No-regime optimizer,0.0
2013-12-16,No-regime optimizer,0.0
2013-12-17,No-regime optimizer,0.0
2013-12-18,No-regime optimizer,0.0
2013-12-19,No-regime optimizer,0.0
2013-12-20,No-regime optimizer,0.0
2013-12-23,No-regime optimizer,0.0
2013-12-24,No-regime optimizer,0.0
2013-12-26,No-regime optimizer,0.0
2013-12-27,No-regime optimizer,0.0
2013-12-30,No-regime optimizer,0.0
2013-12-31,No-regime optimizer,0.43103966547400363
2014-01-01,No-regime optimizer,0.0
2014-01-02,No-regime optimizer,0.0
2014-01-03,No-regime optimizer,0.0
2014-01-06,No-regime optimizer,0.0
2014-01-07,No-regime optimizer,0.0
2014-01-08,No-regime optimizer,0.0
2014-01-09,No-regime optimizer,0.0
2014-01-10,No-regime optimizer,0.0
2014-01-13,No-regime optimizer,0.0
2014-01-14,No-regime optimizer,0.0
2014-01-15,No-regime optimizer,0.0
2014-01-16,No-regime optimizer,0.0
2014-01-17,No-regime optimizer,0.0
2014-01-20,No-regime optimizer,0.0
2014-01-21,No-regime optimizer,0.0
2014-01-22,No-regime optimizer,0.0
2014-01-23,No-regime optimizer,0.0
2014-01-24,No-regime optimizer,0.0
2014-01-27,No-regime optimizer,0.0
2014-01-28,No-regime optimizer,0.0
2014-01-29,No-regime optimizer,0.018705188149260827
2014-01-30,No-regime optimizer,0.0
2014-01-31,No-regime optimizer,0.0
2014-02-03,No-regime optimizer,0.0
2014-02-04,No-regime optimizer,0.0
2014-02-05,No-regime optimizer,0.0
2014-02-06,No-regime optimizer,0.0
2014-02-07,No-regime optimizer,0.0
2014-02-10,No-regime optimizer,0.0
2014-02-11,No-regime optimizer,0.0
2014-02-12,No-regime optimizer,0.0
2014-02-13,No-regime optimizer,0.0
2014-02-14,No-regime optimizer,0.0
2014-02-17,No-regime optimizer,0.0
2014-02-18,No-regime optimizer,0.0
2014-02-19,No-regime optimizer,0.0
2014-02-20,No-regime optimizer,0.0
2014-02-21,No-regime optimizer,0.0
2014-02-24,No-regime optimizer,0.0
2014-02-25,No-regime optimizer,0.0
2014-02-26,No-regime optimizer,0.0
2014-02-28,No-regime optimizer,0.2625555327866536
2014-03-03,No-regime optimizer,0.0
2014-03-04,No-regime optimizer,0.0
2014-03-05,No-regime optimizer,0.0
2014-03-06,No-regime optimizer,0.0
2014-03-07,No-regime optimizer,0.0
2014-03-10,No-regime optimizer,0.0
2014-03-11,No-regime optimizer,0.0
2014-03-12,No-regime optimizer,0.0
2014-03-13,No-regime optimizer,0.0
2014-03-14,No-regime optimizer,0.0
2014-03-18,No-regime optimizer,0.0
2014-03-19,No-regime optimizer,0.0
2014-03-20,No-regime optimizer,0.0
2014-03-21,No-regime optimizer,0.0
2014-03-24,No-regime optimizer,0.0
2014-03-25,No-regime optimizer,0.0
2014-03-26,No-regime optimizer,0.0
2014-03-27,No-regime optimizer,0.0
2014-03-28,No-regime optimizer,0.0
2014-03-31,No-regime optimizer,0.0
2014-04-01,No-regime optimizer,0.3562925022292766
2014-04-02,No-regime optimizer,0.0
2014-04-03,No-regime optimizer,0.0
2014-04-04,No-regime optimizer,0.0
2014-04-07,No-regime optimizer,0.0
2014-04-09,No-regime optimizer,0.0
2014-04-10,No-regime optimizer,0.0
2014-04-11,No-regime optimizer,0.0
2014-04-15,No-regime optimizer,0.0
2014-04-16,No-regime optimizer,0.0
2014-04-17,No-regime optimizer,0.0
2014-04-21,No-regime optimizer,0.0
2014-04-22,No-regime optimizer,0.0
2014-04-23,No-regime optimizer,0.0
2014-04-25,No-regime optimizer,0.0
2014-04-28,No-regime optimizer,0.0
2014-04-29,No-regime optimizer,0.0
2014-04-30,No-regime optimizer,0.0
2014-05-02,No-regime optimizer,0.0
2014-05-05,No-regime optimizer,0.0
2014-05-06,No-regime optimizer,0.0
2014-05-07,No-regime optimizer,0.2598460744746827
2014-05-08,No-regime optimizer,0.0
2014-05-09,No-regime optimizer,0.0
2014-05-12,No-regime optimizer,0.0
2014-05-13,No-regime optimizer,0.0
2014-05-14,No-regime optimizer,0.0
2014-05-15,No-regime optimizer,0.0
2014-05-16,No-regime optimizer,0.0
2014-05-19,No-regime optimizer,0.0
2014-05-20,No-regime optimizer,0.0
2014-05-21,No-regime optimizer,0.0
2014-05-22,No-regime optimizer,0.0
2014-05-23,No-regime optimizer,0.0
2014-05-26,No-regime optimizer,0.0
2014-05-27,No-regime optimizer,0.0
2014-05-28,No-regime optimizer,0.0
2014-05-29,No-regime optimizer,0.0
2014-05-30,No-regime optimizer,0.0
2014-06-02,No-regime optimizer,0.0
2014-06-03,No-regime optimizer,0.0
2014-06-04,No-regime optimizer,0.0
2014-06-05,No-regime optimizer,0.21619924104080607
2014-06-06,No-regime optimizer,0.0
2014-06-09,No-regime optimizer,0.0
2014-06-10,No-regime optimizer,0.0
2014-06-11,No-regime optimizer,0.0
2014-06-12,No-regime optimizer,0.0
2014-06-13,No-regime optimizer,0.0
2014-06-16,No-regime optimizer,0.0
2014-06-17,No-regime optimizer,0.0
2014-06-18,No-regime optimizer,0.0
2014-06-19,No-regime optimizer,0.0
2014-06-20,No-regime optimizer,0.0
2014-06-23,No-regime optimizer,0.0
2014-06-24,No-regime optimizer,0.0
2014-06-25,No-regime optimizer,0.0
2014-06-26,No-regime optimizer,0.0
2014-06-27,No-regime optimizer,0.0
2014-06-30,No-regime optimizer,0.0
2014-07-01,No-regime optimizer,0.0
2014-07-02,No-regime optimizer,0.0
2014-07-03,No-regime optimizer,0.0
2014-07-04,No-regime optimizer,0.19990767574369972
2014-07-07,No-regime optimizer,0.0
2014-07-08,No-regime optimizer,0.0
2014-07-09,No-regime optimizer,0.0
2014-07-10,No-regime optimizer,0.0
2014-07-11,No-regime optimizer,0.0
2014-07-14,No-regime optimizer,0.0
2014-07-15,No-regime optimizer,0.0
2014-07-16,No-regime optimizer,0.0
2014-07-17,No-regime optimizer,0.0
2014-07-18,No-regime optimizer,0.0
2014-07-21,No-regime optimizer,0.0
2014-07-22,No-regime optimizer,0.0
2014-07-23,No-regime optimizer,0.0
2014-07-24,No-regime optimizer,0.0
2014-07-25,No-regime optimizer,0.0
2014-07-28,No-regime optimizer,0.0
2014-07-30,No-regime optimizer,0.0
2014-07-31,No-regime optimizer,0.0
2014-08-01,No-regime optimizer,0.0
2014-08-04,No-regime optimizer,0.0
2014-08-05,No-regime optimizer,0.2002875718990198
2014-08-06,No-regime optimizer,0.0
2014-08-07,No-regime optimizer,0.0
2014-08-08,No-regime optimizer,0.0
2014-08-11,No-regime optimizer,0.0
2014-08-12,No-regime optimizer,0.0
2014-08-13,No-regime optimizer,0.0
2014-08-14,No-regime optimizer,0.0
2014-08-18,No-regime optimizer,0.0
2014-08-19,No-regime optimizer,0.0
2014-08-20,No-regime optimizer,0.0
2014-08-21,No-regime optimizer,0.0
2014-08-22,No-regime optimizer,0.0
2014-08-25,No-regime optimizer,0.0
2014-08-26,No-regime optimizer,0.0
2014-08-27,No-regime optimizer,0.0
2014-08-28,No-regime optimizer,0.0
2014-09-01,No-regime optimizer,0.0
2014-09-02,No-regime optimizer,0.0
2014-09-03,No-regime optimizer,0.0
2014-09-04,No-regime optimizer,0.0
2014-09-05,No-regime optimizer,0.006021752990178177
2014-09-08,No-regime optimizer,0.0
2014-09-09,No-regime optimizer,0.0
2014-09-10,No-regime optimizer,0.0
2014-09-11,No-regime optimizer,0.0
2014-09-12,No-regime optimizer,0.0
2014-09-15,No-regime optimizer,0.0
2014-09-16,No-regime optimizer,0.0
2014-09-17,No-regime optimizer,0.0
2014-09-18,No-regime optimizer,0.0
2014-09-19,No-regime optimizer,0.0
2014-09-22,No-regime optimizer,0.0
2014-09-23,No-regime optimizer,0.0
2014-09-24,No-regime optimizer,0.0
2014-09-25,No-regime optimizer,0.0
2014-09-26,No-regime optimizer,0.0
2014-09-29,No-regime optimizer,0.0
2014-09-30,No-regime optimizer,0.0
2014-10-01,No-regime optimizer,0.0
2014-10-07,No-regime optimizer,0.0
2014-10-08,No-regime optimizer,0.0
2014-10-09,No-regime optimizer,0.003280041399154658
2014-10-10,No-regime optimizer,0.0
2014-10-13,No-regime optimizer,0.0
2014-10-14,No-regime optimizer,0.0
2014-10-15,No-regime optimizer,0.0
2014-10-16,No-regime optimizer,0.0
2014-10-17,No-regime optimizer,0.0
2014-10-20,No-regime optimizer,0.0
2014-10-21,No-regime optimizer,0.0
2014-10-22,No-regime optimizer,0.0
2014-10-27,No-regime optimizer,0.0
2014-10-28,No-regime optimizer,0.0
2014-10-29,No-regime optimizer,0.0
2014-10-30,No-regime optimizer,0.0
2014-10-31,No-regime optimizer,0.0
2014-11-03,No-regime optimizer,0.0
2014-11-05,No-regime optimizer,0.0
2014-11-07,No-regime optimizer,0.0
2014-11-10,No-regime optimizer,0.0
2014-11-11,No-regime optimizer,0.0
2014-11-12,No-regime optimizer,0.0
2014-11-13,No-regime optimizer,0.006963864919332579
2014-11-14,No-regime optimizer,0.0
2014-11-17,No-regime optimizer,0.0
2014-11-18,No-regime optimizer,0.0
2014-11-19,No-regime optimizer,0.0
2014-11-20,No-regime optimizer,0.0
2014-11-21,No-regime optimizer,0.0
2014-11-24,No-regime optimizer,0.0
2014-11-25,No-regime optimizer,0.0
2014-11-26,No-regime optimizer,0.0
2014-11-27,No-regime optimizer,0.0
2014-11-28,No-regime optimizer,0.0
2014-12-01,No-regime optimizer,0.0
2014-12-02,No-regime optimizer,0.0
2014-12-03,No-regime optimizer,0.0
2014-12-04,No-regime optimizer,0.0
2014-12-05,No-regime optimizer,0.0
2014-12-08,No-regime optimizer,0.0
2014-12-09,No-regime optimizer,0.0
2014-12-10,No-regime optimizer,0.0
2014-12-11,No-regime optimizer,0.0
2014-12-12,No-regime optimizer,0.0032905168111424764
2014-12-15,No-regime optimizer,0.0
2014-12-16,No-regime optimizer,0.0
2014-12-17,No-regime optimizer,0.0
2014-12-18,No-regime optimizer,0.0
2014-12-19,No-regime optimizer,0.0
2014-12-22,No-regime optimizer,0.0
2014-12-23,No-regime optimizer,0.0
2014-12-24,No-regime optimizer,0.0
2014-12-26,No-regime optimizer,0.0
2014-12-29,No-regime optimizer,0.0
2014-12-30,No-regime optimizer,0.0
2014-12-31,No-regime optimizer,0.0
2015-01-01,No-regime optimizer,0.0
2015-01-02,No-regime optimizer,0.0
2015-01-05,No-regime optimizer,0.0
2015-01-06,No-regime optimizer,0.0
2015-01-07,No-regime optimizer,0.0
2015-01-08,No-regime optimizer,0.0
2015-01-09,No-regime optimizer,0.0
2015-01-12,No-regime optimizer,0.0
2015-01-13,No-regime optimizer,0.0007082542788727669
2015-01-14,No-regime optimizer,0.0
2015-01-15,No-regime optimizer,0.0
2015-01-16,No-regime optimizer,0.0
2015-01-19,No-regime optimizer,0.0
2015-01-20,No-regime optimizer,0.0
2015-01-21,No-regime optimizer,0.0
2015-01-22,No-regime optimizer,0.0
2015-01-23,No-regime optimizer,0.0
2015-01-27,No-regime optimizer,0.0
2015-01-28,No-regime optimizer,0.0
2015-01-29,No-regime optimizer,0.0
2015-01-30,No-regime optimizer,0.0
2015-02-02,No-regime optimizer,0.0
2015-02-03,No-regime optimizer,0.0
2015-02-04,No-regime optimizer,0.0
2015-02-05,No-regime optimizer,0.0
2015-02-06,No-regime optimizer,0.0
2015-02-09,No-regime optimizer,0.0
2015-02-10,No-regime optimizer,0.0
2015-02-11,No-regime optimizer,0.0
2015-02-12,No-regime optimizer,0.006951873929473465
2015-02-13,No-regime optimizer,0.0
2015-02-16,No-regime optimizer,0.0
2015-02-18,No-regime optimizer,0.0
2015-02-19,No-regime optimizer,0.0
2015-02-20,No-regime optimizer,0.0
2015-02-23,No-regime optimizer,0.0
2015-02-24,No-regime optimizer,0.0
2015-02-25,No-regime optimizer,0.0
2015-02-26,No-regime optimizer,0.0
2015-02-27,No-regime optimizer,0.0
2015-03-02,No-regime optimizer,0.0
2015-03-03,No-regime optimizer,0.0
2015-03-04,No-regime optimizer,0.0
2015-03-05,No-regime optimizer,0.0
2015-03-09,No-regime optimizer,0.0
2015-03-10,No-regime optimizer,0.0
2015-03-11,No-regime optimizer,0.0
2015-03-12,No-regime optimizer,0.0
2015-03-13,No-regime optimizer,0.0
2015-03-16,No-regime optimizer,0.0
2015-03-17,No-regime optimizer,0.00042192336436803514
2015-03-18,No-regime optimizer,0.0
2015-03-19,No-regime optimizer,0.0
2015-03-20,No-regime optimizer,0.0
2015-03-23,No-regime optimizer,0.0
2015-03-24,No-regime optimizer,0.0
2015-03-25,No-regime optimizer,0.0
2015-03-26,No-regime optimizer,0.0
2015-03-27,No-regime optimizer,0.0
2015-03-30,No-regime optimizer,0.0
2015-03-31,No-regime optimizer,0.0
2015-04-01,No-regime optimizer,0.0
2015-04-06,No-regime optimizer,0.0
2015-04-07,No-regime optimizer,0.0
2015-04-08,No-regime optimizer,0.0
2015-04-09,No-regime optimizer,0.0
2015-04-10,No-regime optimizer,0.0
2015-04-13,No-regime optimizer,0.0
2015-04-15,No-regime optimizer,0.0
2015-04-16,No-regime optimizer,0.0
2015-04-17,No-regime optimizer,0.0
2015-04-20,No-regime optimizer,0.005892380709741777
2015-04-21,No-regime optimizer,0.0
2015-04-22,No-regime optimizer,0.0
2015-04-23,No-regime optimizer,0.0
2015-04-24,No-regime optimizer,0.0
2015-04-27,No-regime optimizer,0.0
2015-04-28,No-regime optimizer,0.0
2015-04-29,No-regime optimizer,0.0
2015-04-30,No-regime optimizer,0.0
2015-05-04,No-regime optimizer,0.0
2015-05-05,No-regime optimizer,0.0
2015-05-06,No-regime optimizer,0.0
2015-05-07,No-regime optimizer,0.0
2015-05-08,No-regime optimizer,0.0
2015-05-11,No-regime optimizer,0.0
2015-05-12,No-regime optimizer,0.0
2015-05-13,No-regime optimizer,0.0
2015-05-14,No-regime optimizer,0.0
2015-05-15,No-regime optimizer,0.0
2015-05-18,No-regime optimizer,0.0
2015-05-19,No-regime optimizer,0.0
2015-05-20,No-regime optimizer,0.0011471080541018185
2015-05-21,No-regime optimizer,0.0
2015-05-22,No-regime optimizer,0.0
2015-05-25,No-regime optimizer,0.0
2015-05-26,No-regime optimizer,0.0
2015-05-27,No-regime optimizer,0.0
2015-05-28,No-regime optimizer,0.0
2015-05-29,No-regime optimizer,0.0
2015-06-01,No-regime optimizer,0.0
2015-06-02,No-regime optimizer,0.0
2015-06-03,No-regime optimizer,0.0
2015-06-04,No-regime optimizer,0.0
2015-06-05,No-regime optimizer,0.0
2015-06-08,No-regime optimizer,0.0
2015-06-09,No-regime optimizer,0.0
2015-06-10,No-regime optimizer,0.0
2015-06-11,No-regime optimizer,0.0
2015-06-12,No-regime optimizer,0.0
2015-06-15,No-regime optimizer,0.0
2015-06-16,No-regime optimizer,0.0
2015-06-17,No-regime optimizer,0.0
2015-06-18,No-regime optimizer,0.005517383877570607
2015-06-19,No-regime optimizer,0.0
2015-06-22,No-regime optimizer,0.0
2015-06-23,No-regime optimizer,0.0
2015-06-24,No-regime optimizer,0.0
2015-06-25,No-regime optimizer,0.0
2015-06-26,No-regime optimizer,0.0
2015-06-29,No-regime optimizer,0.0
2015-06-30,No-regime optimizer,0.0
2015-07-01,No-regime optimizer,0.0
2015-07-02,No-regime optimizer,0.0
2015-07-03,No-regime optimizer,0.0
2015-07-06,No-regime optimizer,0.0
2015-07-07,No-regime optimizer,0.0
2015-07-08,No-regime optimizer,0.0
2015-07-09,No-regime optimizer,0.0
2015-07-10,No-regime optimizer,0.0
2015-07-13,No-regime optimizer,0.0
2015-07-14,No-regime optimizer,0.0
2015-07-15,No-regime optimizer,0.0
2015-07-16,No-regime optimizer,0.0
2015-07-17,No-regime optimizer,0.007569015089147997
2015-07-20,No-regime optimizer,0.0
2015-07-21,No-regime optimizer,0.0
2015-07-22,No-regime optimizer,0.0
2015-07-23,No-regime optimizer,0.0
2015-07-24,No-regime optimizer,0.0
2015-07-27,No-regime optimizer,0.0
2015-07-28,No-regime optimizer,0.0
2015-07-29,No-regime optimizer,0.0
2015-07-30,No-regime optimizer,0.0
2015-07-31,No-regime optimizer,0.0
2015-08-03,No-regime optimizer,0.0
2015-08-04,No-regime optimizer,0.0
2015-08-05,No-regime optimizer,0.0
2015-08-06,No-regime optimizer,0.0
2015-08-07,No-regime optimizer,0.0
2015-08-10,No-regime optimizer,0.0
2015-08-11,No-regime optimizer,0.0
2015-08-12,No-regime optimizer,0.0
2015-08-13,No-regime optimizer,0.0
2015-08-14,No-regime optimizer,0.0
2015-08-17,No-regime optimizer,0.003138521334171539
2015-08-18,No-regime optimizer,0.0
2015-08-19,No-regime optimizer,0.0
2015-08-20,No-regime optimizer,0.0
2015-08-21,No-regime optimizer,0.0
2015-08-24,No-regime optimizer,0.0
2015-08-25,No-regime optimizer,0.0
2015-08-26,No-regime optimizer,0.0
2015-08-27,No-regime optimizer,0.0
2015-08-28,No-regime optimizer,0.0
2015-08-31,No-regime optimizer,0.0
2015-09-01,No-regime optimizer,0.0
2015-09-02,No-regime optimizer,0.0
2015-09-03,No-regime optimizer,0.0
2015-09-04,No-regime optimizer,0.0
2015-09-07,No-regime optimizer,0.0
2015-09-08,No-regime optimizer,0.0
2015-09-09,No-regime optimizer,0.0
2015-09-10,No-regime optimizer,0.0
2015-09-11,No-regime optimizer,0.0
2015-09-14,No-regime optimizer,0.0
2015-09-15,No-regime optimizer,0.5863022117629935
2015-09-16,No-regime optimizer,0.0
2015-09-18,No-regime optimizer,0.0
2015-09-21,No-regime optimizer,0.0
2015-09-22,No-regime optimizer,0.0
2015-09-23,No-regime optimizer,0.0
2015-09-24,No-regime optimizer,0.0
2015-09-28,No-regime optimizer,0.0
2015-09-29,No-regime optimizer,0.0
2015-09-30,No-regime optimizer,0.0
2015-10-01,No-regime optimizer,0.0
2015-10-05,No-regime optimizer,0.0
2015-10-06,No-regime optimizer,0.0
2015-10-07,No-regime optimizer,0.0
2015-10-08,No-regime optimizer,0.0
2015-10-09,No-regime optimizer,0.0
2015-10-12,No-regime optimizer,0.0
2015-10-13,No-regime optimizer,0.0
2015-10-14,No-regime optimizer,0.0
2015-10-15,No-regime optimizer,0.0
2015-10-16,No-regime optimizer,0.0
2015-10-19,No-regime optimizer,0.00836736854837625
2015-10-20,No-regime optimizer,0.0
2015-10-21,No-regime optimizer,0.0
2015-10-23,No-regime optimizer,0.0
2015-10-26,No-regime optimizer,0.0
2015-10-27,No-regime optimizer,0.0
2015-10-28,No-regime optimizer,0.0
2015-10-29,No-regime optimizer,0.0
2015-10-30,No-regime optimizer,0.0
2015-11-02,No-regime optimizer,0.0
2015-11-03,No-regime optimizer,0.0
2015-11-04,No-regime optimizer,0.0
2015-11-05,No-regime optimizer,0.0
2015-11-06,No-regime optimizer,0.0
2015-11-09,No-regime optimizer,0.0
2015-11-10,No-regime optimizer,0.0
2015-11-13,No-regime optimizer,0.0
2015-11-16,No-regime optimizer,0.0
2015-11-17,No-regime optimizer,0.0
2015-11-18,No-regime optimizer,0.0
2015-11-19,No-regime optimizer,0.0
2015-11-20,No-regime optimizer,0.19999980907995235
2015-11-23,No-regime optimizer,0.0
2015-11-24,No-regime optimizer,0.0
2015-11-26,No-regime optimizer,0.0
2015-11-27,No-regime optimizer,0.0
2015-11-30,No-regime optimizer,0.0
2015-12-01,No-regime optimizer,0.0
2015-12-02,No-regime optimizer,0.0
2015-12-03,No-regime optimizer,0.0
2015-12-04,No-regime optimizer,0.0
2015-12-07,No-regime optimizer,0.0
2015-12-08,No-regime optimizer,0.0
2015-12-09,No-regime optimizer,0.0
2015-12-10,No-regime optimizer,0.0
2015-12-11,No-regime optimizer,0.0
2015-12-14,No-regime optimizer,0.0
2015-12-15,No-regime optimizer,0.0
2015-12-16,No-regime optimizer,0.0
2015-12-17,No-regime optimizer,0.0
2015-12-18,No-regime optimizer,0.0
2015-12-21,No-regime optimizer,0.0
2015-12-22,No-regime optimizer,0.1999993507551544
2015-12-23,No-regime optimizer,0.0
2015-12-24,No-regime optimizer,0.0
2015-12-28,No-regime optimizer,0.0
2015-12-29,No-regime optimizer,0.0
2015-12-30,No-regime optimizer,0.0
2015-12-31,No-regime optimizer,0.0
2016-01-01,No-regime optimizer,0.0
2016-01-04,No-regime optimizer,0.0
2016-01-05,No-regime optimizer,0.0
2016-01-06,No-regime optimizer,0.0
2016-01-07,No-regime optimizer,0.0
2016-01-08,No-regime optimizer,0.0
2016-01-11,No-regime optimizer,0.0
2016-01-12,No-regime optimizer,0.0
2016-01-13,No-regime optimizer,0.0
2016-01-14,No-regime optimizer,0.0
2016-01-15,No-regime optimizer,0.0
2016-01-18,No-regime optimizer,0.0
2016-01-19,No-regime optimizer,0.0
2016-01-20,No-regime optimizer,0.0
2016-01-21,No-regime optimizer,0.1999993134305529
2016-01-22,No-regime optimizer,0.0
2016-01-25,No-regime optimizer,0.0
2016-01-27,No-regime optimizer,0.0
2016-01-28,No-regime optimizer,0.0
2016-01-29,No-regime optimizer,0.0
2016-02-01,No-regime optimizer,0.0
2016-02-02,No-regime optimizer,0.0
2016-02-03,No-regime optimizer,0.0
2016-02-04,No-regime optimizer,0.0
2016-02-05,No-regime optimizer,0.0
2016-02-08,No-regime optimizer,0.0
2016-02-09,No-regime optimizer,0.0
2016-02-10,No-regime optimizer,0.0
2016-02-11,No-regime optimizer,0.0
2016-02-12,No-regime optimizer,0.0
2016-02-15,No-regime optimizer,0.0
2016-02-16,No-regime optimizer,0.0
2016-02-17,No-regime optimizer,0.0
2016-02-18,No-regime optimizer,0.0
2016-02-19,No-regime optimizer,0.0
2016-02-22,No-regime optimizer,0.011817987152444821
2016-02-23,No-regime optimizer,0.0
2016-02-24,No-regime optimizer,0.0
2016-02-25,No-regime optimizer,0.0
2016-02-26,No-regime optimizer,0.0
2016-02-29,No-regime optimizer,0.0
2016-03-01,No-regime optimizer,0.0
2016-03-02,No-regime optimizer,0.0
2016-03-03,No-regime optimizer,0.0
2016-03-04,No-regime optimizer,0.0
2016-03-08,No-regime optimizer,0.0
2016-03-09,No-regime optimizer,0.0
2016-03-10,No-regime optimizer,0.0
2016-03-11,No-regime optimizer,0.0
2016-03-14,No-regime optimizer,0.0
2016-03-15,No-regime optimizer,0.0
2016-03-16,No-regime optimizer,0.0
2016-03-17,No-regime optimizer,0.0
2016-03-18,No-regime optimizer,0.0
2016-03-21,No-regime optimizer,0.0
2016-03-22,No-regime optimizer,0.0
2016-03-23,No-regime optimizer,0.6014115754663748
2016-03-28,No-regime optimizer,0.0
2016-03-29,No-regime optimizer,0.0
2016-03-30,No-regime optimizer,0.0
2016-03-31,No-regime optimizer,0.0
2016-04-01,No-regime optimizer,0.0
2016-04-04,No-regime optimizer,0.0
2016-04-05,No-regime optimizer,0.0
2016-04-06,No-regime optimizer,0.0
2016-04-07,No-regime optimizer,0.0
2016-04-08,No-regime optimizer,0.0
2016-04-11,No-regime optimizer,0.0
2016-04-12,No-regime optimizer,0.0
2016-04-13,No-regime optimizer,0.0
2016-04-18,No-regime optimizer,0.0
2016-04-20,No-regime optimizer,0.0
2016-04-21,No-regime optimizer,0.0
2016-04-22,No-regime optimizer,0.0
2016-04-25,No-regime optimizer,0.0
2016-04-26,No-regime optimizer,0.0
2016-04-27,No-regime optimizer,0.0
2016-04-28,No-regime optimizer,0.0062177875010221186
2016-04-29,No-regime optimizer,0.0
2016-05-02,No-regime optimizer,0.0
2016-05-03,No-regime optimizer,0.0
2016-05-04,No-regime optimizer,0.0
2016-05-05,No-regime optimizer,0.0
2016-05-06,No-regime optimizer,0.0
2016-05-09,No-regime optimizer,0.0
2016-05-10,No-regime optimizer,0.0
2016-05-11,No-regime optimizer,0.0
2016-05-12,No-regime optimizer,0.0
2016-05-13,No-regime optimizer,0.0
2016-05-16,No-regime optimizer,0.0
2016-05-17,No-regime optimizer,0.0
2016-05-18,No-regime optimizer,0.0
2016-05-19,No-regime optimizer,0.0
2016-05-20,No-regime optimizer,0.0
2016-05-23,No-regime optimizer,0.0
2016-05-24,No-regime optimizer,0.0
2016-05-25,No-regime optimizer,0.0
2016-05-26,No-regime optimizer,0.0
2016-05-27,No-regime optimizer,0.0009042927005708072
2016-05-30,No-regime optimizer,0.0
2016-05-31,No-regime optimizer,0.0
2016-06-01,No-regime optimizer,0.0
2016-06-02,No-regime optimizer,0.0
2016-06-03,No-regime optimizer,0.0
2016-06-06,No-regime optimizer,0.0
2016-06-07,No-regime optimizer,0.0
2016-06-08,No-regime optimizer,0.0
2016-06-09,No-regime optimizer,0.0
2016-06-10,No-regime optimizer,0.0
2016-06-13,No-regime optimizer,0.0
2016-06-14,No-regime optimizer,0.0
2016-06-15,No-regime optimizer,0.0
2016-06-16,No-regime optimizer,0.0
2016-06-17,No-regime optimizer,0.0
2016-06-20,No-regime optimizer,0.0
2016-06-21,No-regime optimizer,0.0
2016-06-22,No-regime optimizer,0.0
2016-06-23,No-regime optimizer,0.0
2016-06-24,No-regime optimizer,0.0
2016-06-27,No-regime optimizer,0.006445751508035818
2016-06-28,No-regime optimizer,0.0
2016-06-29,No-regime optimizer,0.0
2016-06-30,No-regime optimizer,0.0
2016-07-01,No-regime optimizer,0.0
2016-07-04,No-regime optimizer,0.0
2016-07-05,No-regime optimizer,0.0
2016-07-07,No-regime optimizer,0.0
2016-07-08,No-regime optimizer,0.0
2016-07-11,No-regime optimizer,0.0
2016-07-12,No-regime optimizer,0.0
2016-07-13,No-regime optimizer,0.0
2016-07-14,No-regime optimizer,0.0
2016-07-15,No-regime optimizer,0.0
2016-07-18,No-regime optimizer,0.0
2016-07-19,No-regime optimizer,0.0
2016-07-20,No-regime optimizer,0.0
2016-07-21,No-regime optimizer,0.0
2016-07-22,No-regime optimizer,0.0
2016-07-25,No-regime optimizer,0.0
2016-07-26,No-regime optimizer,0.0
2016-07-27,No-regime optimizer,0.0016525338722749956
2016-07-28,No-regime optimizer,0.0
2016-07-29,No-regime optimizer,0.0
2016-08-01,No-regime optimizer,0.0
2016-08-02,No-regime optimizer,0.0
2016-08-03,No-regime optimizer,0.0
2016-08-04,No-regime optimizer,0.0
2016-08-05,No-regime optimizer,0.0
2016-08-08,No-regime optimizer,0.0
2016-08-09,No-regime optimizer,0.0
2016-08-10,No-regime optimizer,0.0
2016-08-11,No-regime optimizer,0.0
2016-08-12,No-regime optimizer,0.0
2016-08-16,No-regime optimizer,0.0
2016-08-17,No-regime optimizer,0.0
2016-08-18,No-regime optimizer,0.0
2016-08-19,No-regime optimizer,0.0
2016-08-22,No-regime optimizer,0.0
2016-08-23,No-regime optimizer,0.0
2016-08-24,No-regime optimizer,0.0
2016-08-25,No-regime optimizer,0.0
2016-08-26,No-regime optimizer,0.0026815282695696508
2016-08-29,No-regime optimizer,0.0
2016-08-30,No-regime optimizer,0.0
2016-08-31,No-regime optimizer,0.0
2016-09-01,No-regime optimizer,0.0
2016-09-02,No-regime optimizer,0.0
2016-09-06,No-regime optimizer,0.0
2016-09-07,No-regime optimizer,0.0
2016-09-08,No-regime optimizer,0.0
2016-09-09,No-regime optimizer,0.0
2016-09-12,No-regime optimizer,0.0
2016-09-14,No-regime optimizer,0.0
2016-09-15,No-regime optimizer,0.0
2016-09-16,No-regime optimizer,0.0
2016-09-19,No-regime optimizer,0.0
2016-09-20,No-regime optimizer,0.0
2016-09-21,No-regime optimizer,0.0
2016-09-22,No-regime optimizer,0.0
2016-09-23,No-regime optimizer,0.0
2016-09-26,No-regime optimizer,0.0
2016-09-27,No-regime optimizer,0.0
2016-09-28,No-regime optimizer,0.2023256004019287
2016-09-29,No-regime optimizer,0.0
2016-09-30,No-regime optimizer,0.0
2016-10-03,No-regime optimizer,0.0
2016-10-04,No-regime optimizer,0.0
2016-10-05,No-regime optimizer,0.0
2016-10-06,No-regime optimizer,0.0
2016-10-07,No-regime optimizer,0.0
2016-10-10,No-regime optimizer,0.0
2016-10-13,No-regime optimizer,0.0
2016-10-14,No-regime optimizer,0.0
2016-10-17,No-regime optimizer,0.0
2016-10-18,No-regime optimizer,0.0
2016-10-19,No-regime optimizer,0.0
2016-10-20,No-regime optimizer,0.0
2016-10-21,No-regime optimizer,0.0
2016-10-24,No-regime optimizer,0.0
2016-10-25,No-regime optimizer,0.0
2016-10-26,No-regime optimizer,0.0
2016-10-27,No-regime optimizer,0.0
2016-10-28,No-regime optimizer,0.0
2016-11-01,No-regime optimizer,0.0018428694539012463
2016-11-02,No-regime optimizer,0.0
2016-11-03,No-regime optimizer,0.0
2016-11-04,No-regime optimizer,0.0
2016-11-07,No-regime optimizer,0.0
2016-11-08,No-regime optimizer,0.0
2016-11-09,No-regime optimizer,0.0
2016-11-10,No-regime optimizer,0.0
2016-11-11,No-regime optimizer,0.0
2016-11-15,No-regime optimizer,0.0
2016-11-16,No-regime optimizer,0.0
2016-11-17,No-regime optimizer,0.0
2016-11-18,No-regime optimizer,0.0
2016-11-21,No-regime optimizer,0.0
2016-11-22,No-regime optimizer,0.0
2016-11-23,No-regime optimizer,0.0
2016-11-24,No-regime optimizer,0.0
2016-11-25,No-regime optimizer,0.0
2016-11-28,No-regime optimizer,0.0
2016-11-29,No-regime optimizer,0.0
2016-11-30,No-regime optimizer,0.0
2016-12-01,No-regime optimizer,0.0008202641989122621
2016-12-02,No-regime optimizer,0.0
2016-12-05,No-regime optimizer,0.0
2016-12-06,No-regime optimizer,0.0
2016-12-07,No-regime optimizer,0.0
2016-12-08,No-regime optimizer,0.0
2016-12-09,No-regime optimizer,0.0
2016-12-12,No-regime optimizer,0.0
2016-12-13,No-regime optimizer,0.0
2016-12-14,No-regime optimizer,0.0
2016-12-15,No-regime optimizer,0.0
2016-12-16,No-regime optimizer,0.0
2016-12-19,No-regime optimizer,0.0
2016-12-20,No-regime optimizer,0.0
2016-12-21,No-regime optimizer,0.0
2016-12-22,No-regime optimizer,0.0
2016-12-23,No-regime optimizer,0.0
2016-12-26,No-regime optimizer,0.0
2016-12-27,No-regime optimizer,0.0
2016-12-28,No-regime optimizer,0.0
2016-12-29,No-regime optimizer,0.0
2016-12-30,No-regime optimizer,0.0030659934826215056
2017-01-02,No-regime optimizer,0.0
2017-01-03,No-regime optimizer,0.0
2017-01-04,No-regime optimizer,0.0
2017-01-05,No-regime optimizer,0.0
2017-01-06,No-regime optimizer,0.0
2017-01-09,No-regime optimizer,0.0
2017-01-10,No-regime optimizer,0.0
2017-01-11,No-regime optimizer,0.0
2017-01-12,No-regime optimizer,0.0
2017-01-13,No-regime optimizer,0.0
2017-01-16,No-regime optimizer,0.0
2017-01-17,No-regime optimizer,0.0
2017-01-18,No-regime optimizer,0.0
2017-01-19,No-regime optimizer,0.0
2017-01-20,No-regime optimizer,0.0
2017-01-23,No-regime optimizer,0.0
2017-01-24,No-regime optimizer,0.0
2017-01-25,No-regime optimizer,0.0
2017-01-27,No-regime optimizer,0.0
2017-01-30,No-regime optimizer,0.0
2017-01-31,No-regime optimizer,0.596877368913982
2017-02-01,No-regime optimizer,0.0
2017-02-02,No-regime optimizer,0.0
2017-02-03,No-regime optimizer,0.0
2017-02-06,No-regime optimizer,0.0
2017-02-07,No-regime optimizer,0.0
2017-02-08,No-regime optimizer,0.0
2017-02-09,No-regime optimizer,0.0
2017-02-10,No-regime optimizer,0.0
2017-02-13,No-regime optimizer,0.0
2017-02-14,No-regime optimizer,0.0
2017-02-15,No-regime optimizer,0.0
2017-02-16,No-regime optimizer,0.0
2017-02-17,No-regime optimizer,0.0
2017-02-20,No-regime optimizer,0.0
2017-02-21,No-regime optimizer,0.0
2017-02-22,No-regime optimizer,0.0
2017-02-23,No-regime optimizer,0.0
2017-02-27,No-regime optimizer,0.0
2017-02-28,No-regime optimizer,0.0
2017-03-01,No-regime optimizer,0.0
2017-03-02,No-regime optimizer,0.07909607265780463
2017-03-03,No-regime optimizer,0.0
2017-03-06,No-regime optimizer,0.0
2017-03-07,No-regime optimizer,0.0
2017-03-08,No-regime optimizer,0.0
2017-03-09,No-regime optimizer,0.0
2017-03-10,No-regime optimizer,0.0
2017-03-14,No-regime optimizer,0.0
2017-03-15,No-regime optimizer,0.0
2017-03-16,No-regime optimizer,0.0
2017-03-17,No-regime optimizer,0.0
2017-03-20,No-regime optimizer,0.0
2017-03-21,No-regime optimizer,0.0
2017-03-22,No-regime optimizer,0.0
2017-03-23,No-regime optimizer,0.0
2017-03-24,No-regime optimizer,0.0
2017-03-27,No-regime optimizer,0.0
2017-03-28,No-regime optimizer,0.0
2017-03-29,No-regime optimizer,0.0
2017-03-30,No-regime optimizer,0.0
2017-03-31,No-regime optimizer,0.0
2017-04-03,No-regime optimizer,0.12274988949398605
2017-04-05,No-regime optimizer,0.0
2017-04-06,No-regime optimizer,0.0
2017-04-07,No-regime optimizer,0.0
2017-04-10,No-regime optimizer,0.0
2017-04-11,No-regime optimizer,0.0
2017-04-12,No-regime optimizer,0.0
2017-04-13,No-regime optimizer,0.0
2017-04-17,No-regime optimizer,0.0
2017-04-18,No-regime optimizer,0.0
2017-04-19,No-regime optimizer,0.0
2017-04-20,No-regime optimizer,0.0
2017-04-21,No-regime optimizer,0.0
2017-04-24,No-regime optimizer,0.0
2017-04-25,No-regime optimizer,0.0
2017-04-26,No-regime optimizer,0.0
2017-04-27,No-regime optimizer,0.0
2017-04-28,No-regime optimizer,0.0
2017-05-02,No-regime optimizer,0.0
2017-05-03,No-regime optimizer,0.0
2017-05-04,No-regime optimizer,0.0
2017-05-05,No-regime optimizer,0.0003568937820845121
2017-05-08,No-regime optimizer,0.0
2017-05-09,No-regime optimizer,0.0
2017-05-10,No-regime optimizer,0.0
2017-05-11,No-regime optimizer,0.0
2017-05-12,No-regime optimizer,0.0
2017-05-15,No-regime optimizer,0.0
2017-05-16,No-regime optimizer,0.0
2017-05-17,No-regime optimizer,0.0
2017-05-18,No-regime optimizer,0.0
2017-05-19,No-regime optimizer,0.0
2017-05-22,No-regime optimizer,0.0
2017-05-23,No-regime optimizer,0.0
2017-05-24,No-regime optimizer,0.0
2017-05-25,No-regime optimizer,0.0
2017-05-26,No-regime optimizer,0.0
2017-05-29,No-regime optimizer,0.0
2017-05-30,No-regime optimizer,0.0
2017-05-31,No-regime optimizer,0.0
2017-06-01,No-regime optimizer,0.0
2017-06-02,No-regime optimizer,0.0
2017-06-05,No-regime optimizer,0.0059590939961464764
2017-06-06,No-regime optimizer,0.0
2017-06-07,No-regime optimizer,0.0
2017-06-08,No-regime optimizer,0.0
2017-06-09,No-regime optimizer,0.0
2017-06-12,No-regime optimizer,0.0
2017-06-13,No-regime optimizer,0.0
2017-06-14,No-regime optimizer,0.0
2017-06-15,No-regime optimizer,0.0
2017-06-16,No-regime optimizer,0.0
2017-06-19,No-regime optimizer,0.0
2017-06-20,No-regime optimizer,0.0
2017-06-21,No-regime optimizer,0.0
2017-06-22,No-regime optimizer,0.0
2017-06-23,No-regime optimizer,0.0
2017-06-27,No-regime optimizer,0.0
2017-06-28,No-regime optimizer,0.0
2017-06-29,No-regime optimizer,0.0
2017-06-30,No-regime optimizer,0.0
2017-07-03,No-regime optimizer,0.0
2017-07-04,No-regime optimizer,0.0
2017-07-05,No-regime optimizer,0.0011360387668434605
2017-07-06,No-regime optimizer,0.0
2017-07-07,No-regime optimizer,0.0
2017-07-10,No-regime optimizer,0.0
2017-07-11,No-regime optimizer,0.0
2017-07-12,No-regime optimizer,0.0
2017-07-13,No-regime optimizer,0.0
2017-07-14,No-regime optimizer,0.0
2017-07-17,No-regime optimizer,0.0
2017-07-18,No-regime optimizer,0.0
2017-07-19,No-regime optimizer,0.0
2017-07-20,No-regime optimizer,0.0
2017-07-21,No-regime optimizer,0.0
2017-07-24,No-regime optimizer,0.0
2017-07-25,No-regime optimizer,0.0
2017-07-26,No-regime optimizer,0.0
2017-07-27,No-regime optimizer,0.0
2017-07-28,No-regime optimizer,0.0
2017-07-31,No-regime optimizer,0.0
2017-08-01,No-regime optimizer,0.0
2017-08-02,No-regime optimizer,0.0
2017-08-03,No-regime optimizer,0.005533293304533435
2017-08-04,No-regime optimizer,0.0
2017-08-07,No-regime optimizer,0.0
2017-08-08,No-regime optimizer,0.0
2017-08-09,No-regime optimizer,0.0
2017-08-10,No-regime optimizer,0.0
2017-08-11,No-regime optimizer,0.0
2017-08-14,No-regime optimizer,0.0
2017-08-16,No-regime optimizer,0.0
2017-08-17,No-regime optimizer,0.0
2017-08-18,No-regime optimizer,0.0
2017-08-21,No-regime optimizer,0.0
2017-08-22,No-regime optimizer,0.0
2017-08-23,No-regime optimizer,0.0
2017-08-24,No-regime optimizer,0.0
2017-08-28,No-regime optimizer,0.0
2017-08-29,No-regime optimizer,0.0
2017-08-30,No-regime optimizer,0.0
2017-08-31,No-regime optimizer,0.0
2017-09-01,No-regime optimizer,0.0
2017-09-04,No-regime optimizer,0.0
2017-09-05,No-regime optimizer,0.0014961435460327107
2017-09-06,No-regime optimizer,0.0
2017-09-07,No-regime optimizer,0.0
2017-09-08,No-regime optimizer,0.0
2017-09-11,No-regime optimizer,0.0
2017-09-12,No-regime optimizer,0.0
2017-09-13,No-regime optimizer,0.0
2017-09-14,No-regime optimizer,0.0
2017-09-15,No-regime optimizer,0.0
2017-09-18,No-regime optimizer,0.0
2017-09-19,No-regime optimizer,0.0
2017-09-20,No-regime optimizer,0.0
2017-09-21,No-regime optimizer,0.0
2017-09-22,No-regime optimizer,0.0
2017-09-25,No-regime optimizer,0.0
2017-09-26,No-regime optimizer,0.0
2017-09-27,No-regime optimizer,0.0
2017-09-28,No-regime optimizer,0.0
2017-09-29,No-regime optimizer,0.0
2017-10-03,No-regime optimizer,0.0
2017-10-04,No-regime optimizer,0.0
2017-10-05,No-regime optimizer,0.0015043713148767666
2017-10-06,No-regime optimizer,0.0
2017-10-09,No-regime optimizer,0.0
2017-10-10,No-regime optimizer,0.0
2017-10-11,No-regime optimizer,0.0
2017-10-12,No-regime optimizer,0.0
2017-10-13,No-regime optimizer,0.0
2017-10-16,No-regime optimizer,0.0
2017-10-17,No-regime optimizer,0.0
2017-10-18,No-regime optimizer,0.0
2017-10-19,No-regime optimizer,0.0
2017-10-23,No-regime optimizer,0.0
2017-10-24,No-regime optimizer,0.0
2017-10-25,No-regime optimizer,0.0
2017-10-26,No-regime optimizer,0.0
2017-10-27,No-regime optimizer,0.0
2017-10-30,No-regime optimizer,0.0
2017-10-31,No-regime optimizer,0.0
2017-11-01,No-regime optimizer,0.0
2017-11-02,No-regime optimizer,0.0
2017-11-03,No-regime optimizer,0.0
2017-11-06,No-regime optimizer,0.008213073052366097
2017-11-07,No-regime optimizer,0.0
2017-11-08,No-regime optimizer,0.0
2017-11-09,No-regime optimizer,0.0
2017-11-10,No-regime optimizer,0.0
2017-11-13,No-regime optimizer,0.0
2017-11-14,No-regime optimizer,0.0
2017-11-15,No-regime optimizer,0.0
2017-11-16,No-regime optimizer,0.0
2017-11-17,No-regime optimizer,0.0
2017-11-20,No-regime optimizer,0.0
2017-11-21,No-regime optimizer,0.0
2017-11-22,No-regime optimizer,0.0
2017-11-23,No-regime optimizer,0.0
2017-11-24,No-regime optimizer,0.0
2017-11-27,No-regime optimizer,0.0
2017-11-28,No-regime optimizer,0.0
2017-11-29,No-regime optimizer,0.0
2017-11-30,No-regime optimizer,0.0
2017-12-01,No-regime optimizer,0.0
2017-12-04,No-regime optimizer,0.0
2017-12-05,No-regime optimizer,0.005752209876586149
2017-12-06,No-regime optimizer,0.0
2017-12-07,No-regime optimizer,0.0
2017-12-08,No-regime optimizer,0.0
2017-12-11,No-regime optimizer,0.0
2017-12-12,No-regime optimizer,0.0
2017-12-13,No-regime optimizer,0.0
2017-12-14,No-regime optimizer,0.0
2017-12-15,No-regime optimizer,0.0
2017-12-18,No-regime optimizer,0.0
2017-12-19,No-regime optimizer,0.0
2017-12-20,No-regime optimizer,0.0
2017-12-21,No-regime optimizer,0.0
2017-12-22,No-regime optimizer,0.0
2017-12-26,No-regime optimizer,0.0
2017-12-27,No-regime optimizer,0.0
2017-12-28,No-regime optimizer,0.0
2017-12-29,No-regime optimizer,0.0
2018-01-01,No-regime optimizer,0.0
2018-01-02,No-regime optimizer,0.0
2018-01-03,No-regime optimizer,0.0
2018-01-04,No-regime optimizer,0.005417390938734433
2018-01-05,No-regime optimizer,0.0
2018-01-08,No-regime optimizer,0.0
2018-01-09,No-regime optimizer,0.0
2018-01-10,No-regime optimizer,0.0
2018-01-11,No-regime optimizer,0.0
2018-01-12,No-regime optimizer,0.0
2018-01-15,No-regime optimizer,0.0
2018-01-16,No-regime optimizer,0.0
2018-01-17,No-regime optimizer,0.0
2018-01-18,No-regime optimizer,0.0
2018-01-19,No-regime optimizer,0.0
2018-01-22,No-regime optimizer,0.0
2018-01-23,No-regime optimizer,0.0
2018-01-24,No-regime optimizer,0.0
2018-01-25,No-regime optimizer,0.0
2018-01-29,No-regime optimizer,0.0
2018-01-30,No-regime optimizer,0.0
2018-01-31,No-regime optimizer,0.0
2018-02-01,No-regime optimizer,0.0
2018-02-02,No-regime optimizer,0.0
2018-02-05,No-regime optimizer,0.11221894153083134
2018-02-06,No-regime optimizer,0.0
2018-02-07,No-regime optimizer,0.0
2018-02-08,No-regime optimizer,0.0
2018-02-09,No-regime optimizer,0.0
2018-02-12,No-regime optimizer,0.0
2018-02-14,No-regime optimizer,0.0
2018-02-15,No-regime optimizer,0.0
2018-02-16,No-regime optimizer,0.0
2018-02-19,No-regime optimizer,0.0
2018-02-20,No-regime optimizer,0.0
2018-02-21,No-regime optimizer,0.0
2018-02-22,No-regime optimizer,0.0
2018-02-23,No-regime optimizer,0.0
2018-02-26,No-regime optimizer,0.0
2018-02-27,No-regime optimizer,0.0
2018-02-28,No-regime optimizer,0.0
2018-03-01,No-regime optimizer,0.0
2018-03-05,No-regime optimizer,0.0
2018-03-06,No-regime optimizer,0.0
2018-03-07,No-regime optimizer,0.0
2018-03-08,No-regime optimizer,0.1165205730440738
2018-03-09,No-regime optimizer,0.0
2018-03-12,No-regime optimizer,0.0
2018-03-13,No-regime optimizer,0.0
2018-03-14,No-regime optimizer,0.0
2018-03-15,No-regime optimizer,0.0
2018-03-16,No-regime optimizer,0.0
2018-03-19,No-regime optimizer,0.0
2018-03-20,No-regime optimizer,0.0
2018-03-21,No-regime optimizer,0.0
2018-03-22,No-regime optimizer,0.0
2018-03-23,No-regime optimizer,0.0
2018-03-26,No-regime optimizer,0.0
2018-03-27,No-regime optimizer,0.0
2018-03-28,No-regime optimizer,0.0
2018-04-02,No-regime optimizer,0.0
2018-04-03,No-regime optimizer,0.0
2018-04-04,No-regime optimizer,0.0
2018-04-05,No-regime optimizer,0.0
2018-04-06,No-regime optimizer,0.0
2018-04-09,No-regime optimizer,0.0
2018-04-10,No-regime optimizer,0.19999982365017976
2018-04-11,No-regime optimizer,0.0
2018-04-12,No-regime optimizer,0.0
2018-04-13,No-regime optimizer,0.0
2018-04-16,No-regime optimizer,0.0
2018-04-17,No-regime optimizer,0.0
2018-04-18,No-regime optimizer,0.0
2018-04-19,No-regime optimizer,0.0
2018-04-20,No-regime optimizer,0.0
2018-04-23,No-regime optimizer,0.0
2018-04-24,No-regime optimizer,0.0
2018-04-25,No-regime optimizer,0.0
2018-04-26,No-regime optimizer,0.0
2018-04-27,No-regime optimizer,0.0
2018-04-30,No-regime optimizer,0.0
2018-05-02,No-regime optimizer,0.0
2018-05-03,No-regime optimizer,0.0
2018-05-04,No-regime optimizer,0.0
2018-05-07,No-regime optimizer,0.0
2018-05-08,No-regime optimizer,0.0
2018-05-09,No-regime optimizer,0.0
2018-05-10,No-regime optimizer,0.001264367581508053
2018-05-11,No-regime optimizer,0.0
2018-05-14,No-regime optimizer,0.0
2018-05-15,No-regime optimizer,0.0
2018-05-16,No-regime optimizer,0.0
2018-05-17,No-regime optimizer,0.0
2018-05-18,No-regime optimizer,0.0
2018-05-21,No-regime optimizer,0.0
2018-05-22,No-regime optimizer,0.0
2018-05-23,No-regime optimizer,0.0
2018-05-24,No-regime optimizer,0.0
2018-05-25,No-regime optimizer,0.0
2018-05-28,No-regime optimizer,0.0
2018-05-29,No-regime optimizer,0.0
2018-05-30,No-regime optimizer,0.0
2018-05-31,No-regime optimizer,0.0
2018-06-01,No-regime optimizer,0.0
2018-06-04,No-regime optimizer,0.0
2018-06-05,No-regime optimizer,0.0
2018-06-06,No-regime optimizer,0.0
2018-06-07,No-regime optimizer,0.0
2018-06-08,No-regime optimizer,0.003128735487155631
2018-06-11,No-regime optimizer,0.0
2018-06-12,No-regime optimizer,0.0
2018-06-13,No-regime optimizer,0.0
2018-06-14,No-regime optimizer,0.0
2018-06-15,No-regime optimizer,0.0
2018-06-18,No-regime optimizer,0.0
2018-06-19,No-regime optimizer,0.0
2018-06-20,No-regime optimizer,0.0
2018-06-21,No-regime optimizer,0.0
2018-06-22,No-regime optimizer,0.0
2018-06-25,No-regime optimizer,0.0
2018-06-26,No-regime optimizer,0.0
2018-06-27,No-regime optimizer,0.0
2018-06-28,No-regime optimizer,0.0
2018-06-29,No-regime optimizer,0.0
2018-07-02,No-regime optimizer,0.0
2018-07-03,No-regime optimizer,0.0
2018-07-04,No-regime optimizer,0.0
2018-07-05,No-regime optimizer,0.0
2018-07-06,No-regime optimizer,0.0
2018-07-09,No-regime optimizer,0.0033496923865720084
2018-07-10,No-regime optimizer,0.0
2018-07-11,No-regime optimizer,0.0
2018-07-12,No-regime optimizer,0.0
2018-07-13,No-regime optimizer,0.0
2018-07-16,No-regime optimizer,0.0
2018-07-17,No-regime optimizer,0.0
2018-07-18,No-regime optimizer,0.0
2018-07-19,No-regime optimizer,0.0
2018-07-20,No-regime optimizer,0.0
2018-07-23,No-regime optimizer,0.0
2018-07-24,No-regime optimizer,0.0
2018-07-25,No-regime optimizer,0.0
2018-07-26,No-regime optimizer,0.0
2018-07-27,No-regime optimizer,0.0
2018-07-30,No-regime optimizer,0.0
2018-07-31,No-regime optimizer,0.0
2018-08-01,No-regime optimizer,0.0
2018-08-02,No-regime optimizer,0.0
2018-08-03,No-regime optimizer,0.0
2018-08-06,No-regime optimizer,0.0
2018-08-07,No-regime optimizer,0.139639329787511
2018-08-08,No-regime optimizer,0.0
2018-08-09,No-regime optimizer,0.0
2018-08-10,No-regime optimizer,0.0
2018-08-13,No-regime optimizer,0.0
2018-08-14,No-regime optimizer,0.0
2018-08-16,No-regime optimizer,0.0
2018-08-17,No-regime optimizer,0.0
2018-08-20,No-regime optimizer,0.0
2018-08-21,No-regime optimizer,0.0
2018-08-23,No-regime optimizer,0.0
2018-08-24,No-regime optimizer,0.0
2018-08-27,No-regime optimizer,0.0
2018-08-28,No-regime optimizer,0.0
2018-08-29,No-regime optimizer,0.0
2018-08-30,No-regime optimizer,0.0
2018-08-31,No-regime optimizer,0.0
2018-09-03,No-regime optimizer,0.0
2018-09-04,No-regime optimizer,0.0
2018-09-05,No-regime optimizer,0.0
2018-09-06,No-regime optimizer,0.0
2018-09-07,No-regime optimizer,0.06208960685939814
2018-09-10,No-regime optimizer,0.0
2018-09-11,No-regime optimizer,0.0
2018-09-12,No-regime optimizer,0.0
2018-09-14,No-regime optimizer,0.0
2018-09-17,No-regime optimizer,0.0
2018-09-18,No-regime optimizer,0.0
2018-09-19,No-regime optimizer,0.0
2018-09-21,No-regime optimizer,0.0
2018-09-24,No-regime optimizer,0.0
2018-09-25,No-regime optimizer,0.0
2018-09-26,No-regime optimizer,0.0
2018-09-27,No-regime optimizer,0.0
2018-09-28,No-regime optimizer,0.0
2018-10-01,No-regime optimizer,0.0
2018-10-03,No-regime optimizer,0.0
2018-10-04,No-regime optimizer,0.0
2018-10-05,No-regime optimizer,0.0
2018-10-08,No-regime optimizer,0.0
2018-10-09,No-regime optimizer,0.0
2018-10-10,No-regime optimizer,0.0
2018-10-11,No-regime optimizer,0.7999995579066642
2018-10-12,No-regime optimizer,0.0
2018-10-15,No-regime optimizer,0.0
2018-10-16,No-regime optimizer,0.0
2018-10-17,No-regime optimizer,0.0
2018-10-19,No-regime optimizer,0.0
2018-10-22,No-regime optimizer,0.0
2018-10-23,No-regime optimizer,0.0
2018-10-24,No-regime optimizer,0.0
2018-10-25,No-regime optimizer,0.0
2018-10-26,No-regime optimizer,0.0
2018-10-29,No-regime optimizer,0.0
2018-10-30,No-regime optimizer,0.0
2018-10-31,No-regime optimizer,0.0
2018-11-01,No-regime optimizer,0.0
2018-11-02,No-regime optimizer,0.0
2018-11-05,No-regime optimizer,0.0
2018-11-06,No-regime optimizer,0.0
2018-11-07,No-regime optimizer,0.0
2018-11-09,No-regime optimizer,0.0
2018-11-12,No-regime optimizer,0.0
2018-11-13,No-regime optimizer,0.16634388032484224
2018-11-14,No-regime optimizer,0.0
2018-11-15,No-regime optimizer,0.0
2018-11-16,No-regime optimizer,0.0
2018-11-19,No-regime optimizer,0.0
2018-11-20,No-regime optimizer,0.0
2018-11-21,No-regime optimizer,0.0
2018-11-22,No-regime optimizer,0.0
2018-11-26,No-regime optimizer,0.0
2018-11-27,No-regime optimizer,0.0
2018-11-28,No-regime optimizer,0.0
2018-11-29,No-regime optimizer,0.0
2018-11-30,No-regime optimizer,0.0
2018-12-03,No-regime optimizer,0.0
2018-12-04,No-regime optimizer,0.0
2018-12-05,No-regime optimizer,0.0
2018-12-06,No-regime optimizer,0.0
2018-12-07,No-regime optimizer,0.0
2018-12-10,No-regime optimizer,0.0
2018-12-11,No-regime optimizer,0.0
2018-12-12,No-regime optimizer,0.0
2018-12-13,No-regime optimizer,0.42068907413715756
2018-12-14,No-regime optimizer,0.0
2018-12-17,No-regime optimizer,0.0
2018-12-18,No-regime optimizer,0.0
2018-12-19,No-regime optimizer,0.0
2018-12-20,No-regime optimizer,0.0
2018-12-21,No-regime optimizer,0.0
2018-12-24,No-regime optimizer,0.0
2018-12-26,No-regime optimizer,0.0
2018-12-27,No-regime optimizer,0.0
2018-12-28,No-regime optimizer,0.0
2018-12-31,No-regime optimizer,0.0
2019-01-01,No-regime optimizer,0.0
2019-01-02,No-regime optimizer,0.0
2019-01-03,No-regime optimizer,0.0
2019-01-04,No-regime optimizer,0.0
2019-01-07,No-regime optimizer,0.0
2019-01-08,No-regime optimizer,0.0
2019-01-09,No-regime optimizer,0.0
2019-01-10,No-regime optimizer,0.0
2019-01-11,No-regime optimizer,0.0
2019-01-14,No-regime optimizer,0.4136477470729928
2019-01-15,No-regime optimizer,0.0
2019-01-16,No-regime optimizer,0.0
2019-01-17,No-regime optimizer,0.0
2019-01-18,No-regime optimizer,0.0
2019-01-21,No-regime optimizer,0.0
2019-01-22,No-regime optimizer,0.0
2019-01-23,No-regime optimizer,0.0
2019-01-24,No-regime optimizer,0.0
2019-01-25,No-regime optimizer,0.0
2019-01-28,No-regime optimizer,0.0
2019-01-29,No-regime optimizer,0.0
2019-01-30,No-regime optimizer,0.0
2019-01-31,No-regime optimizer,0.0
2019-02-01,No-regime optimizer,0.0
2019-02-04,No-regime optimizer,0.0
2019-02-05,No-regime optimizer,0.0
2019-02-06,No-regime optimizer,0.0
2019-02-07,No-regime optimizer,0.0
2019-02-08,No-regime optimizer,0.0
2019-02-11,No-regime optimizer,0.0
2019-02-12,No-regime optimizer,0.00271724009208535
2019-02-14,No-regime optimizer,0.0
2019-02-15,No-regime optimizer,0.0
2019-02-18,No-regime optimizer,0.0
2019-02-19,No-regime optimizer,0.0
2019-02-20,No-regime optimizer,0.0
2019-02-21,No-regime optimizer,0.0
2019-02-22,No-regime optimizer,0.0
2019-02-25,No-regime optimizer,0.0
2019-02-26,No-regime optimizer,0.0
2019-02-27,No-regime optimizer,0.0
2019-02-28,No-regime optimizer,0.0
2019-03-01,No-regime optimizer,0.0
2019-03-05,No-regime optimizer,0.0
2019-03-06,No-regime optimizer,0.0
2019-03-07,No-regime optimizer,0.0
2019-03-08,No-regime optimizer,0.0
2019-03-11,No-regime optimizer,0.0
2019-03-12,No-regime optimizer,0.0
2019-03-13,No-regime optimizer,0.0
2019-03-14,No-regime optimizer,0.0
2019-03-15,No-regime optimizer,0.7999990455389876
2019-03-18,No-regime optimizer,0.0
2019-03-19,No-regime optimizer,0.0
2019-03-20,No-regime optimizer,0.0
2019-03-22,No-regime optimizer,0.0
2019-03-25,No-regime optimizer,0.0
2019-03-26,No-regime optimizer,0.0
2019-03-27,No-regime optimizer,0.0
2019-03-28,No-regime optimizer,0.0
2019-04-01,No-regime optimizer,0.0
2019-04-02,No-regime optimizer,0.0
2019-04-03,No-regime optimizer,0.0
2019-04-04,No-regime optimizer,0.0
2019-04-05,No-regime optimizer,0.0
2019-04-08,No-regime optimizer,0.0
2019-04-09,No-regime optimizer,0.0
2019-04-10,No-regime optimizer,0.0
2019-04-11,No-regime optimizer,0.0
2019-04-12,No-regime optimizer,0.0
2019-04-15,No-regime optimizer,0.0
2019-04-16,No-regime optimizer,0.0
2019-04-18,No-regime optimizer,0.19952614445792052
2019-04-22,No-regime optimizer,0.0
2019-04-23,No-regime optimizer,0.0
2019-04-24,No-regime optimizer,0.0
2019-04-25,No-regime optimizer,0.0
2019-04-26,No-regime optimizer,0.0
2019-04-30,No-regime optimizer,0.0
2019-05-02,No-regime optimizer,0.0
2019-05-03,No-regime optimizer,0.0
2019-05-06,No-regime optimizer,0.0
2019-05-07,No-regime optimizer,0.0
2019-05-08,No-regime optimizer,0.0
2019-05-09,No-regime optimizer,0.0
2019-05-10,No-regime optimizer,0.0
2019-05-13,No-regime optimizer,0.0
2019-05-14,No-regime optimizer,0.0
2019-05-15,No-regime optimizer,0.0
2019-05-16,No-regime optimizer,0.0
2019-05-17,No-regime optimizer,0.0
2019-05-20,No-regime optimizer,0.0
2019-05-21,No-regime optimizer,0.0
2019-05-22,No-regime optimizer,0.0007147401413296702
2019-05-23,No-regime optimizer,0.0
2019-05-24,No-regime optimizer,0.0
2019-05-27,No-regime optimizer,0.0
2019-05-28,No-regime optimizer,0.0
2019-05-29,No-regime optimizer,0.0
2019-05-30,No-regime optimizer,0.0
2019-05-31,No-regime optimizer,0.0
2019-06-03,No-regime optimizer,0.0
2019-06-04,No-regime optimizer,0.0
2019-06-06,No-regime optimizer,0.0
2019-06-07,No-regime optimizer,0.0
2019-06-10,No-regime optimizer,0.0
2019-06-11,No-regime optimizer,0.0
2019-06-12,No-regime optimizer,0.0
2019-06-13,No-regime optimizer,0.0
2019-06-14,No-regime optimizer,0.0
2019-06-17,No-regime optimizer,0.0
2019-06-18,No-regime optimizer,0.0
2019-06-19,No-regime optimizer,0.0
2019-06-20,No-regime optimizer,0.0
2019-06-21,No-regime optimizer,0.3605549584217757
2019-06-24,No-regime optimizer,0.0
2019-06-25,No-regime optimizer,0.0
2019-06-26,No-regime optimizer,0.0
2019-06-27,No-regime optimizer,0.0
2019-06-28,No-regime optimizer,0.0
2019-07-01,No-regime optimizer,0.0
2019-07-02,No-regime optimizer,0.0
2019-07-03,No-regime optimizer,0.0
2019-07-04,No-regime optimizer,0.0
2019-07-05,No-regime optimizer,0.0
2019-07-08,No-regime optimizer,0.0
2019-07-09,No-regime optimizer,0.0
2019-07-10,No-regime optimizer,0.0
2019-07-11,No-regime optimizer,0.0
2019-07-12,No-regime optimizer,0.0
2019-07-15,No-regime optimizer,0.0
2019-07-16,No-regime optimizer,0.0
2019-07-17,No-regime optimizer,0.0
2019-07-18,No-regime optimizer,0.0
2019-07-19,No-regime optimizer,0.0
2019-07-22,No-regime optimizer,0.4233799676097663
2019-07-23,No-regime optimizer,0.0
2019-07-24,No-regime optimizer,0.0
2019-07-25,No-regime optimizer,0.0
2019-07-26,No-regime optimizer,0.0
2019-07-29,No-regime optimizer,0.0
2019-07-30,No-regime optimizer,0.0
2019-07-31,No-regime optimizer,0.0
2019-08-01,No-regime optimizer,0.0
2019-08-02,No-regime optimizer,0.0
2019-08-05,No-regime optimizer,0.0
2019-08-06,No-regime optimizer,0.0
2019-08-07,No-regime optimizer,0.0
2019-08-08,No-regime optimizer,0.0
2019-08-09,No-regime optimizer,0.0
2019-08-13,No-regime optimizer,0.0
2019-08-14,No-regime optimizer,0.0
2019-08-16,No-regime optimizer,0.0
2019-08-19,No-regime optimizer,0.0
2019-08-20,No-regime optimizer,0.0
2019-08-21,No-regime optimizer,0.0
2019-08-22,No-regime optimizer,0.19999981635056358
2019-08-23,No-regime optimizer,0.0
2019-08-26,No-regime optimizer,0.0
2019-08-27,No-regime optimizer,0.0
2019-08-28,No-regime optimizer,0.0
2019-08-29,No-regime optimizer,0.0
2019-08-30,No-regime optimizer,0.0
2019-09-03,No-regime optimizer,0.0
2019-09-04,No-regime optimizer,0.0
2019-09-05,No-regime optimizer,0.0
2019-09-06,No-regime optimizer,0.0
2019-09-09,No-regime optimizer,0.0
2019-09-11,No-regime optimizer,0.0
2019-09-12,No-regime optimizer,0.0
2019-09-13,No-regime optimizer,0.0
2019-09-16,No-regime optimizer,0.0
2019-09-17,No-regime optimizer,0.0
2019-09-18,No-regime optimizer,0.0
2019-09-19,No-regime optimizer,0.0
2019-09-20,No-regime optimizer,0.0
2019-09-23,No-regime optimizer,0.0
2019-09-24,No-regime optimizer,0.0009912107497392262
2019-09-25,No-regime optimizer,0.0
2019-09-26,No-regime optimizer,0.0
2019-09-27,No-regime optimizer,0.0
2019-09-30,No-regime optimizer,0.0
2019-10-01,No-regime optimizer,0.0
2019-10-03,No-regime optimizer,0.0
2019-10-04,No-regime optimizer,0.0
2019-10-07,No-regime optimizer,0.0
2019-10-09,No-regime optimizer,0.0
2019-10-10,No-regime optimizer,0.0
2019-10-11,No-regime optimizer,0.0
2019-10-14,No-regime optimizer,0.0
2019-10-15,No-regime optimizer,0.0
2019-10-16,No-regime optimizer,0.0
2019-10-17,No-regime optimizer,0.0
2019-10-18,No-regime optimizer,0.0
2019-10-22,No-regime optimizer,0.0
2019-10-23,No-regime optimizer,0.0
2019-10-24,No-regime optimizer,0.0
2019-10-25,No-regime optimizer,0.0
2019-10-27,No-regime optimizer,0.19999977358134713
2019-10-29,No-regime optimizer,0.0
2019-10-30,No-regime optimizer,0.0
2019-10-31,No-regime optimizer,0.0
2019-11-01,No-regime optimizer,0.0
2019-11-04,No-regime optimizer,0.0
2019-11-05,No-regime optimizer,0.0
2019-11-06,No-regime optimizer,0.0
2019-11-07,No-regime optimizer,0.0
2019-11-08,No-regime optimizer,0.0
2019-11-11,No-regime optimizer,0.0
2019-11-13,No-regime optimizer,0.0
2019-11-14,No-regime optimizer,0.0
2019-11-15,No-regime optimizer,0.0
2019-11-18,No-regime optimizer,0.0
2019-11-19,No-regime optimizer,0.0
2019-11-20,No-regime optimizer,0.0
2019-11-21,No-regime optimizer,0.0
2019-11-22,No-regime optimizer,0.0
2019-11-25,No-regime optimizer,0.0
2019-11-26,No-regime optimizer,0.0
2019-11-27,No-regime optimizer,0.011230537531257884
2019-11-28,No-regime optimizer,0.0
2019-11-29,No-regime optimizer,0.0
2019-12-02,No-regime optimizer,0.0
2019-12-03,No-regime optimizer,0.0
2019-12-04,No-regime optimizer,0.0
2019-12-05,No-regime optimizer,0.0
2019-12-06,No-regime optimizer,0.0
2019-12-09,No-regime optimizer,0.0
2019-12-10,No-regime optimizer,0.0
2019-12-11,No-regime optimizer,0.0
2019-12-12,No-regime optimizer,0.0
2019-12-13,No-regime optimizer,0.0
2019-12-16,No-regime optimizer,0.0
2019-12-17,No-regime optimizer,0.0
2019-12-18,No-regime optimizer,0.0
2019-12-19,No-regime optimizer,0.0
2019-12-20,No-regime optimizer,0.0
2019-12-23,No-regime optimizer,0.0
2019-12-24,No-regime optimizer,0.0
2019-12-26,No-regime optimizer,0.0
2019-12-27,No-regime optimizer,0.7971593914764475
2019-12-30,No-regime optimizer,0.0
2019-12-31,No-regime optimizer,0.0
2020-01-01,No-regime optimizer,0.0
2020-01-02,No-regime optimizer,0.0
2020-01-03,No-regime optimizer,0.0
2020-01-06,No-regime optimizer,0.0
2020-01-07,No-regime optimizer,0.0
2020-01-08,No-regime optimizer,0.0
2020-01-09,No-regime optimizer,0.0
2020-01-10,No-regime optimizer,0.0
2020-01-13,No-regime optimizer,0.0
2020-01-14,No-regime optimizer,0.0
2020-01-15,No-regime optimizer,0.0
2020-01-16,No-regime optimizer,0.0
2020-01-17,No-regime optimizer,0.0
2020-01-20,No-regime optimizer,0.0
2020-01-21,No-regime optimizer,0.0
2020-01-22,No-regime optimizer,0.0
2020-01-23,No-regime optimizer,0.0
2020-01-24,No-regime optimizer,0.0
2020-01-27,No-regime optimizer,0.00228297781647719
2020-01-28,No-regime optimizer,0.0
2020-01-29,No-regime optimizer,0.0
2020-01-30,No-regime optimizer,0.0
2020-01-31,No-regime optimizer,0.0
2020-02-03,No-regime optimizer,0.0
2020-02-04,No-regime optimizer,0.0
2020-02-05,No-regime optimizer,0.0
2020-02-06,No-regime optimizer,0.0
2020-02-07,No-regime optimizer,0.0
2020-02-10,No-regime optimizer,0.0
2020-02-11,No-regime optimizer,0.0
2020-02-12,No-regime optimizer,0.0
2020-02-13,No-regime optimizer,0.0
2020-02-14,No-regime optimizer,0.0
2020-02-17,No-regime optimizer,0.0
2020-02-18,No-regime optimizer,0.0
2020-02-19,No-regime optimizer,0.0
2020-02-20,No-regime optimizer,0.0
2020-02-24,No-regime optimizer,0.0
2020-02-25,No-regime optimizer,0.0
2020-02-26,No-regime optimizer,0.006575819370887447
2020-02-27,No-regime optimizer,0.0
2020-02-28,No-regime optimizer,0.0
2020-03-02,No-regime optimizer,0.0
2020-03-03,No-regime optimizer,0.0
2020-03-04,No-regime optimizer,0.0
2020-03-05,No-regime optimizer,0.0
2020-03-06,No-regime optimizer,0.0
2020-03-09,No-regime optimizer,0.0
2020-03-11,No-regime optimizer,0.0
2020-03-12,No-regime optimizer,0.0
2020-03-13,No-regime optimizer,0.0
2020-03-16,No-regime optimizer,0.0
2020-03-17,No-regime optimizer,0.0
2020-03-18,No-regime optimizer,0.0
2020-03-19,No-regime optimizer,0.0
2020-03-20,No-regime optimizer,0.0
2020-03-23,No-regime optimizer,0.0
2020-03-24,No-regime optimizer,0.0
2020-03-25,No-regime optimizer,0.0
2020-03-26,No-regime optimizer,0.0
2020-03-27,No-regime optimizer,0.5538364842090249
2020-03-30,No-regime optimizer,0.0
2020-03-31,No-regime optimizer,0.0
2020-04-01,No-regime optimizer,0.0
2020-04-03,No-regime optimizer,0.0
2020-04-07,No-regime optimizer,0.0
2020-04-08,No-regime optimizer,0.0
2020-04-09,No-regime optimizer,0.0
2020-04-13,No-regime optimizer,0.0
2020-04-15,No-regime optimizer,0.0
2020-04-16,No-regime optimizer,0.0
2020-04-17,No-regime optimizer,0.0
2020-04-20,No-regime optimizer,0.0
2020-04-21,No-regime optimizer,0.0
2020-04-22,No-regime optimizer,0.0
2020-04-23,No-regime optimizer,0.0
2020-04-24,No-regime optimizer,0.0
2020-04-27,No-regime optimizer,0.0
2020-04-28,No-regime optimizer,0.0
2020-04-29,No-regime optimizer,0.0
2020-04-30,No-regime optimizer,0.0
2020-05-04,No-regime optimizer,0.01119312422599963
2020-05-05,No-regime optimizer,0.0
2020-05-06,No-regime optimizer,0.0
2020-05-07,No-regime optimizer,0.0
2020-05-08,No-regime optimizer,0.0
2020-05-11,No-regime optimizer,0.0
2020-05-12,No-regime optimizer,0.0
2020-05-13,No-regime optimizer,0.0
2020-05-14,No-regime optimizer,0.0
2020-05-15,No-regime optimizer,0.0
2020-05-18,No-regime optimizer,0.0
2020-05-19,No-regime optimizer,0.0
2020-05-20,No-regime optimizer,0.0
2020-05-21,No-regime optimizer,0.0
2020-05-22,No-regime optimizer,0.0
2020-05-26,No-regime optimizer,0.0
2020-05-27,No-regime optimizer,0.0
2020-05-28,No-regime optimizer,0.0
2020-05-29,No-regime optimizer,0.0
2020-06-01,No-regime optimizer,0.0
2020-06-02,No-regime optimizer,0.0
2020-06-03,No-regime optimizer,0.012504798170020297
2020-06-04,No-regime optimizer,0.0
2020-06-05,No-regime optimizer,0.0
2020-06-08,No-regime optimizer,0.0
2020-06-09,No-regime optimizer,0.0
2020-06-10,No-regime optimizer,0.0
2020-06-11,No-regime optimizer,0.0
2020-06-12,No-regime optimizer,0.0
2020-06-15,No-regime optimizer,0.0
2020-06-16,No-regime optimizer,0.0
2020-06-17,No-regime optimizer,0.0
2020-06-18,No-regime optimizer,0.0
2020-06-19,No-regime optimizer,0.0
2020-06-22,No-regime optimizer,0.0
2020-06-23,No-regime optimizer,0.0
2020-06-24,No-regime optimizer,0.0
2020-06-25,No-regime optimizer,0.0
2020-06-26,No-regime optimizer,0.0
2020-06-29,No-regime optimizer,0.0
2020-06-30,No-regime optimizer,0.0
2020-07-01,No-regime optimizer,0.0
2020-07-02,No-regime optimizer,0.007352522712807631
2020-07-03,No-regime optimizer,0.0
2020-07-06,No-regime optimizer,0.0
2020-07-07,No-regime optimizer,0.0
2020-07-08,No-regime optimizer,0.0
2020-07-09,No-regime optimizer,0.0
2020-07-10,No-regime optimizer,0.0
2020-07-13,No-regime optimizer,0.0
2020-07-14,No-regime optimizer,0.0
2020-07-15,No-regime optimizer,0.0
2020-07-16,No-regime optimizer,0.0
2020-07-17,No-regime optimizer,0.0
2020-07-20,No-regime optimizer,0.0
2020-07-21,No-regime optimizer,0.0
2020-07-22,No-regime optimizer,0.0
2020-07-23,No-regime optimizer,0.0
2020-07-24,No-regime optimizer,0.0
2020-07-27,No-regime optimizer,0.0
2020-07-28,No-regime optimizer,0.0
2020-07-29,No-regime optimizer,0.0
2020-07-30,No-regime optimizer,0.0
2020-07-31,No-regime optimizer,0.0077560819608992115
2020-08-03,No-regime optimizer,0.0
2020-08-04,No-regime optimizer,0.0
2020-08-05,No-regime optimizer,0.0
2020-08-06,No-regime optimizer,0.0
2020-08-07,No-regime optimizer,0.0
2020-08-10,No-regime optimizer,0.0
2020-08-11,No-regime optimizer,0.0
2020-08-12,No-regime optimizer,0.0
2020-08-13,No-regime optimizer,0.0
2020-08-14,No-regime optimizer,0.0
2020-08-17,No-regime optimizer,0.0
2020-08-18,No-regime optimizer,0.0
2020-08-19,No-regime optimizer,0.0
2020-08-20,No-regime optimizer,0.0
2020-08-21,No-regime optimizer,0.0
2020-08-24,No-regime optimizer,0.0
2020-08-25,No-regime optimizer,0.0
2020-08-26,No-regime optimizer,0.0
2020-08-27,No-regime optimizer,0.0
2020-08-28,No-regime optimizer,0.0
2020-08-31,No-regime optimizer,0.21596714402356515
2020-09-01,No-regime optimizer,0.0
2020-09-02,No-regime optimizer,0.0
2020-09-03,No-regime optimizer,0.0
2020-09-04,No-regime optimizer,0.0
2020-09-07,No-regime optimizer,0.0
2020-09-08,No-regime optimizer,0.0
2020-09-09,No-regime optimizer,0.0
2020-09-10,No-regime optimizer,0.0
2020-09-11,No-regime optimizer,0.0
2020-09-14,No-regime optimizer,0.0
2020-09-15,No-regime optimizer,0.0
2020-09-16,No-regime optimizer,0.0
2020-09-17,No-regime optimizer,0.0
2020-09-18,No-regime optimizer,0.0
2020-09-21,No-regime optimizer,0.0
2020-09-22,No-regime optimizer,0.0
2020-09-23,No-regime optimizer,0.0
2020-09-24,No-regime optimizer,0.0
2020-09-25,No-regime optimizer,0.0
2020-09-28,No-regime optimizer,0.0
2020-09-29,No-regime optimizer,0.2164554352472747
2020-09-30,No-regime optimizer,0.0
2020-10-01,No-regime optimizer,0.0
2020-10-05,No-regime optimizer,0.0
2020-10-06,No-regime optimizer,0.0
2020-10-07,No-regime optimizer,0.0
2020-10-08,No-regime optimizer,0.0
2020-10-09,No-regime optimizer,0.0
2020-10-12,No-regime optimizer,0.0
2020-10-13,No-regime optimizer,0.0
2020-10-14,No-regime optimizer,0.0
2020-10-15,No-regime optimizer,0.0
2020-10-16,No-regime optimizer,0.0
2020-10-19,No-regime optimizer,0.0
2020-10-20,No-regime optimizer,0.0
2020-10-21,No-regime optimizer,0.0
2020-10-22,No-regime optimizer,0.0
2020-10-23,No-regime optimizer,0.0
2020-10-26,No-regime optimizer,0.0
2020-10-27,No-regime optimizer,0.0
2020-10-28,No-regime optimizer,0.0
2020-10-29,No-regime optimizer,0.0055302886881802744
2020-10-30,No-regime optimizer,0.0
2020-11-02,No-regime optimizer,0.0
2020-11-03,No-regime optimizer,0.0
2020-11-04,No-regime optimizer,0.0
2020-11-05,No-regime optimizer,0.0
2020-11-06,No-regime optimizer,0.0
2020-11-09,No-regime optimizer,0.0
2020-11-10,No-regime optimizer,0.0
2020-11-11,No-regime optimizer,0.0
2020-11-12,No-regime optimizer,0.0
2020-11-13,No-regime optimizer,0.0
2020-11-14,No-regime optimizer,0.0
2020-11-17,No-regime optimizer,0.0
2020-11-18,No-regime optimizer,0.0
2020-11-19,No-regime optimizer,0.0
2020-11-20,No-regime optimizer,0.0
2020-11-23,No-regime optimizer,0.0
2020-11-24,No-regime optimizer,0.0
2020-11-25,No-regime optimizer,0.0
2020-11-26,No-regime optimizer,0.0
2020-11-27,No-regime optimizer,0.2736894828161819
2020-12-01,No-regime optimizer,0.0
2020-12-02,No-regime optimizer,0.0
2020-12-03,No-regime optimizer,0.0
2020-12-04,No-regime optimizer,0.0
2020-12-07,No-regime optimizer,0.0
2020-12-08,No-regime optimizer,0.0
2020-12-09,No-regime optimizer,0.0
2020-12-10,No-regime optimizer,0.0
2020-12-11,No-regime optimizer,0.0
2020-12-14,No-regime optimizer,0.0
2020-12-15,No-regime optimizer,0.0
2020-12-16,No-regime optimizer,0.0
2020-12-17,No-regime optimizer,0.0
2020-12-18,No-regime optimizer,0.0
2020-12-21,No-regime optimizer,0.0
2020-12-22,No-regime optimizer,0.0
2020-12-23,No-regime optimizer,0.0
2020-12-24,No-regime optimizer,0.0
2020-12-28,No-regime optimizer,0.0
2020-12-29,No-regime optimizer,0.0
2020-12-30,No-regime optimizer,0.7950817572463784
2020-12-31,No-regime optimizer,0.0
2021-01-01,No-regime optimizer,0.0
2021-01-04,No-regime optimizer,0.0
2021-01-05,No-regime optimizer,0.0
2021-01-06,No-regime optimizer,0.0
2021-01-07,No-regime optimizer,0.0
2021-01-08,No-regime optimizer,0.0
2021-01-11,No-regime optimizer,0.0
2021-01-12,No-regime optimizer,0.0
2021-01-13,No-regime optimizer,0.0
2021-01-14,No-regime optimizer,0.0
2021-01-15,No-regime optimizer,0.0
2021-01-18,No-regime optimizer,0.0
2021-01-19,No-regime optimizer,0.0
2021-01-20,No-regime optimizer,0.0
2021-01-21,No-regime optimizer,0.0
2021-01-22,No-regime optimizer,0.0
2021-01-25,No-regime optimizer,0.0
2021-01-27,No-regime optimizer,0.0
2021-01-28,No-regime optimizer,0.0
2021-01-29,No-regime optimizer,0.0007187528036112244
2021-02-01,No-regime optimizer,0.0
2021-02-02,No-regime optimizer,0.0
2021-02-03,No-regime optimizer,0.0
2021-02-04,No-regime optimizer,0.0
2021-02-05,No-regime optimizer,0.0
2021-02-08,No-regime optimizer,0.0
2021-02-09,No-regime optimizer,0.0
2021-02-10,No-regime optimizer,0.0
2021-02-11,No-regime optimizer,0.0
2021-02-12,No-regime optimizer,0.0
2021-02-15,No-regime optimizer,0.0
2021-02-16,No-regime optimizer,0.0
2021-02-17,No-regime optimizer,0.0
2021-02-18,No-regime optimizer,0.0
2021-02-19,No-regime optimizer,0.0
2021-02-22,No-regime optimizer,0.0
2021-02-23,No-regime optimizer,0.0
2021-02-24,No-regime optimizer,0.0
2021-02-25,No-regime optimizer,0.0
2021-02-26,No-regime optimizer,0.0
2021-03-01,No-regime optimizer,0.5757086744092819
2021-03-02,No-regime optimizer,0.0
2021-03-03,No-regime optimizer,0.0
2021-03-04,No-regime optimizer,0.0
2021-03-05,No-regime optimizer,0.0
2021-03-08,No-regime optimizer,0.0
2021-03-09,No-regime optimizer,0.0
2021-03-10,No-regime optimizer,0.0
2021-03-12,No-regime optimizer,0.0
2021-03-15,No-regime optimizer,0.0
2021-03-16,No-regime optimizer,0.0
2021-03-17,No-regime optimizer,0.0
2021-03-18,No-regime optimizer,0.0
2021-03-19,No-regime optimizer,0.0
2021-03-22,No-regime optimizer,0.0
2021-03-23,No-regime optimizer,0.0
2021-03-24,No-regime optimizer,0.0
2021-03-25,No-regime optimizer,0.0
2021-03-26,No-regime optimizer,0.0
2021-03-30,No-regime optimizer,0.0
2021-03-31,No-regime optimizer,0.0
2021-04-01,No-regime optimizer,0.004583372165868249
2021-04-05,No-regime optimizer,0.0
2021-04-06,No-regime optimizer,0.0
2021-04-07,No-regime optimizer,0.0
2021-04-08,No-regime optimizer,0.0
2021-04-09,No-regime optimizer,0.0
2021-04-12,No-regime optimizer,0.0
2021-04-13,No-regime optimizer,0.0
2021-04-15,No-regime optimizer,0.0
2021-04-16,No-regime optimizer,0.0
2021-04-19,No-regime optimizer,0.0
2021-04-20,No-regime optimizer,0.0
2021-04-22,No-regime optimizer,0.0
2021-04-23,No-regime optimizer,0.0
2021-04-26,No-regime optimizer,0.0
2021-04-27,No-regime optimizer,0.0
2021-04-28,No-regime optimizer,0.0
2021-04-29,No-regime optimizer,0.0
2021-04-30,No-regime optimizer,0.0
2021-05-03,No-regime optimizer,0.0
2021-05-04,No-regime optimizer,0.0
2021-05-05,No-regime optimizer,0.2085770211443166
2021-05-06,No-regime optimizer,0.0
2021-05-07,No-regime optimizer,0.0
2021-05-10,No-regime optimizer,0.0
2021-05-11,No-regime optimizer,0.0
2021-05-12,No-regime optimizer,0.0
2021-05-14,No-regime optimizer,0.0
2021-05-17,No-regime optimizer,0.0
2021-05-18,No-regime optimizer,0.0
2021-05-19,No-regime optimizer,0.0
2021-05-20,No-regime optimizer,0.0
2021-05-21,No-regime optimizer,0.0
2021-05-24,No-regime optimizer,0.0
2021-05-25,No-regime optimizer,0.0
2021-05-26,No-regime optimizer,0.0
2021-05-27,No-regime optimizer,0.0
2021-05-28,No-regime optimizer,0.0
2021-05-31,No-regime optimizer,0.0
2021-06-01,No-regime optimizer,0.0
2021-06-02,No-regime optimizer,0.0
2021-06-03,No-regime optimizer,0.0
2021-06-04,No-regime optimizer,0.19999678642590737
2021-06-07,No-regime optimizer,0.0
2021-06-08,No-regime optimizer,0.0
2021-06-09,No-regime optimizer,0.0
2021-06-10,No-regime optimizer,0.0
2021-06-11,No-regime optimizer,0.0
2021-06-14,No-regime optimizer,0.0
2021-06-15,No-regime optimizer,0.0
2021-06-16,No-regime optimizer,0.0
2021-06-17,No-regime optimizer,0.0
2021-06-18,No-regime optimizer,0.0
2021-06-21,No-regime optimizer,0.0
2021-06-22,No-regime optimizer,0.0
2021-06-23,No-regime optimizer,0.0
2021-06-24,No-regime optimizer,0.0
2021-06-25,No-regime optimizer,0.0
2021-06-28,No-regime optimizer,0.0
2021-06-29,No-regime optimizer,0.0
2021-06-30,No-regime optimizer,0.0
2021-07-01,No-regime optimizer,0.0
2021-07-02,No-regime optimizer,0.0
2021-07-05,No-regime optimizer,0.19999669370215672
2021-07-06,No-regime optimizer,0.0
2021-07-07,No-regime optimizer,0.0
2021-07-08,No-regime optimizer,0.0
2021-07-09,No-regime optimizer,0.0
2021-07-12,No-regime optimizer,0.0
2021-07-13,No-regime optimizer,0.0
2021-07-14,No-regime optimizer,0.0
2021-07-15,No-regime optimizer,0.0
2021-07-16,No-regime optimizer,0.0
2021-07-19,No-regime optimizer,0.0
2021-07-20,No-regime optimizer,0.0
2021-07-22,No-regime optimizer,0.0
2021-07-23,No-regime optimizer,0.0
2021-07-26,No-regime optimizer,0.0
2021-07-27,No-regime optimizer,0.0
2021-07-28,No-regime optimizer,0.0
2021-07-29,No-regime optimizer,0.0
2021-07-30,No-regime optimizer,0.0
2021-08-02,No-regime optimizer,0.0
2021-08-03,No-regime optimizer,0.0
2021-08-04,No-regime optimizer,0.003954185449795707
2021-08-05,No-regime optimizer,0.0
2021-08-06,No-regime optimizer,0.0
2021-08-09,No-regime optimizer,0.0
2021-08-10,No-regime optimizer,0.0
2021-08-11,No-regime optimizer,0.0
2021-08-12,No-regime optimizer,0.0
2021-08-13,No-regime optimizer,0.0
2021-08-16,No-regime optimizer,0.0
2021-08-17,No-regime optimizer,0.0
2021-08-18,No-regime optimizer,0.0
2021-08-20,No-regime optimizer,0.0
2021-08-23,No-regime optimizer,0.0
2021-08-24,No-regime optimizer,0.0
2021-08-25,No-regime optimizer,0.0
2021-08-26,No-regime optimizer,0.0
2021-08-27,No-regime optimizer,0.0
2021-08-30,No-regime optimizer,0.0
2021-08-31,No-regime optimizer,0.0
2021-09-01,No-regime optimizer,0.0
2021-09-02,No-regime optimizer,0.0
2021-09-03,No-regime optimizer,0.009646704867289049
2021-09-06,No-regime optimizer,0.0
2021-09-07,No-regime optimizer,0.0
2021-09-08,No-regime optimizer,0.0
2021-09-09,No-regime optimizer,0.0
2021-09-13,No-regime optimizer,0.0
2021-09-14,No-regime optimizer,0.0
2021-09-15,No-regime optimizer,0.0
2021-09-16,No-regime optimizer,0.0
2021-09-17,No-regime optimizer,0.0
2021-09-20,No-regime optimizer,0.0
2021-09-21,No-regime optimizer,0.0
2021-09-22,No-regime optimizer,0.0
2021-09-23,No-regime optimizer,0.0
2021-09-24,No-regime optimizer,0.0
2021-09-27,No-regime optimizer,0.0
2021-09-28,No-regime optimizer,0.0
2021-09-29,No-regime optimizer,0.0
2021-09-30,No-regime optimizer,0.0
2021-10-01,No-regime optimizer,0.0
2021-10-04,No-regime optimizer,0.0
2021-10-05,No-regime optimizer,0.004252405740310022
2021-10-06,No-regime optimizer,0.0
2021-10-07,No-regime optimizer,0.0
2021-10-08,No-regime optimizer,0.0
2021-10-11,No-regime optimizer,0.0
2021-10-12,No-regime optimizer,0.0
2021-10-13,No-regime optimizer,0.0
2021-10-14,No-regime optimizer,0.0
2021-10-18,No-regime optimizer,0.0
2021-10-19,No-regime optimizer,0.0
2021-10-20,No-regime optimizer,0.0
2021-10-21,No-regime optimizer,0.0
2021-10-22,No-regime optimizer,0.0
2021-10-25,No-regime optimizer,0.0
2021-10-26,No-regime optimizer,0.0
2021-10-27,No-regime optimizer,0.0
2021-10-28,No-regime optimizer,0.0
2021-10-29,No-regime optimizer,0.0
2021-11-01,No-regime optimizer,0.0
2021-11-02,No-regime optimizer,0.0
2021-11-03,No-regime optimizer,0.0
2021-11-04,No-regime optimizer,0.0004953218504084691
2021-11-08,No-regime optimizer,0.0
2021-11-09,No-regime optimizer,0.0
2021-11-10,No-regime optimizer,0.0
2021-11-11,No-regime optimizer,0.0
2021-11-12,No-regime optimizer,0.0
2021-11-15,No-regime optimizer,0.0
2021-11-16,No-regime optimizer,0.0
2021-11-17,No-regime optimizer,0.0
2021-11-18,No-regime optimizer,0.0
2021-11-22,No-regime optimizer,0.0
2021-11-23,No-regime optimizer,0.0
2021-11-24,No-regime optimizer,0.0
2021-11-25,No-regime optimizer,0.0
2021-11-26,No-regime optimizer,0.0
2021-11-29,No-regime optimizer,0.0
2021-11-30,No-regime optimizer,0.0
2021-12-01,No-regime optimizer,0.0
2021-12-02,No-regime optimizer,0.0
2021-12-03,No-regime optimizer,0.0
2021-12-06,No-regime optimizer,0.0
2021-12-07,No-regime optimizer,0.007180940930996577
2021-12-08,No-regime optimizer,0.0
2021-12-09,No-regime optimizer,0.0
2021-12-10,No-regime optimizer,0.0
2021-12-13,No-regime optimizer,0.0
2021-12-14,No-regime optimizer,0.0
2021-12-15,No-regime optimizer,0.0
2021-12-16,No-regime optimizer,0.0
2021-12-17,No-regime optimizer,0.0
2021-12-20,No-regime optimizer,0.0
2021-12-21,No-regime optimizer,0.0
2021-12-22,No-regime optimizer,0.0
2021-12-23,No-regime optimizer,0.0
2021-12-24,No-regime optimizer,0.0
2021-12-27,No-regime optimizer,0.0
2021-12-28,No-regime optimizer,0.0
2021-12-29,No-regime optimizer,0.0
2021-12-30,No-regime optimizer,0.0
2021-12-31,No-regime optimizer,0.0
2022-01-03,No-regime optimizer,0.0
2022-01-04,No-regime optimizer,0.0
2022-01-05,No-regime optimizer,0.0064218730693826
2022-01-06,No-regime optimizer,0.0
2022-01-07,No-regime optimizer,0.0
2022-01-10,No-regime optimizer,0.0
2022-01-11,No-regime optimizer,0.0
2022-01-12,No-regime optimizer,0.0
2022-01-13,No-regime optimizer,0.0
2022-01-14,No-regime optimizer,0.0
2022-01-17,No-regime optimizer,0.0
2022-01-18,No-regime optimizer,0.0
2022-01-19,No-regime optimizer,0.0
2022-01-20,No-regime optimizer,0.0
2022-01-21,No-regime optimizer,0.0
2022-01-24,No-regime optimizer,0.0
2022-01-25,No-regime optimizer,0.0
2022-01-27,No-regime optimizer,0.0
2022-01-28,No-regime optimizer,0.0
2022-01-31,No-regime optimizer,0.0
2022-02-01,No-regime optimizer,0.0
2022-02-02,No-regime optimizer,0.0
2022-02-03,No-regime optimizer,0.0
2022-02-04,No-regime optimizer,0.004107356171942411
2022-02-07,No-regime optimizer,0.0
2022-02-08,No-regime optimizer,0.0
2022-02-09,No-regime optimizer,0.0
2022-02-10,No-regime optimizer,0.0
2022-02-11,No-regime optimizer,0.0
2022-02-14,No-regime optimizer,0.0
2022-02-15,No-regime optimizer,0.0
2022-02-16,No-regime optimizer,0.0
2022-02-17,No-regime optimizer,0.0
2022-02-18,No-regime optimizer,0.0
2022-02-21,No-regime optimizer,0.0
2022-02-22,No-regime optimizer,0.0
2022-02-23,No-regime optimizer,0.0
2022-02-24,No-regime optimizer,0.0
2022-02-25,No-regime optimizer,0.0
2022-02-28,No-regime optimizer,0.0
2022-03-02,No-regime optimizer,0.0
2022-03-03,No-regime optimizer,0.0
2022-03-04,No-regime optimizer,0.0
2022-03-07,No-regime optimizer,0.0
2022-03-08,No-regime optimizer,0.7999999300958742
2022-03-09,No-regime optimizer,0.0
2022-03-10,No-regime optimizer,0.0
2022-03-11,No-regime optimizer,0.0
2022-03-14,No-regime optimizer,0.0
2022-03-15,No-regime optimizer,0.0
2022-03-16,No-regime optimizer,0.0
2022-03-17,No-regime optimizer,0.0
2022-03-21,No-regime optimizer,0.0
2022-03-22,No-regime optimizer,0.0
2022-03-23,No-regime optimizer,0.0
2022-03-24,No-regime optimizer,0.0
2022-03-25,No-regime optimizer,0.0
2022-03-28,No-regime optimizer,0.0
2022-03-29,No-regime optimizer,0.0
2022-03-30,No-regime optimizer,0.0
2022-03-31,No-regime optimizer,0.0
2022-04-01,No-regime optimizer,0.0
2022-04-04,No-regime optimizer,0.0
2022-04-05,No-regime optimizer,0.0
2022-04-06,No-regime optimizer,0.0
2022-04-07,No-regime optimizer,0.5789227703877359
2022-04-08,No-regime optimizer,0.0
2022-04-11,No-regime optimizer,0.0
2022-04-12,No-regime optimizer,0.0
2022-04-13,No-regime optimizer,0.0
2022-04-18,No-regime optimizer,0.0
2022-04-19,No-regime optimizer,0.0
2022-04-20,No-regime optimizer,0.0
2022-04-21,No-regime optimizer,0.0
2022-04-22,No-regime optimizer,0.0
2022-04-25,No-regime optimizer,0.0
2022-04-26,No-regime optimizer,0.0
2022-04-27,No-regime optimizer,0.0
2022-04-28,No-regime optimizer,0.0
2022-04-29,No-regime optimizer,0.0
2022-05-02,No-regime optimizer,0.0
2022-05-04,No-regime optimizer,0.0
2022-05-05,No-regime optimizer,0.0
2022-05-06,No-regime optimizer,0.0
2022-05-09,No-regime optimizer,0.0
2022-05-10,No-regime optimizer,0.0
2022-05-11,No-regime optimizer,0.1705290706135264
2022-05-12,No-regime optimizer,0.0
2022-05-13,No-regime optimizer,0.0
2022-05-16,No-regime optimizer,0.0
2022-05-17,No-regime optimizer,0.0
2022-05-18,No-regime optimizer,0.0
2022-05-19,No-regime optimizer,0.0
2022-05-20,No-regime optimizer,0.0
2022-05-23,No-regime optimizer,0.0
2022-05-24,No-regime optimizer,0.0
2022-05-25,No-regime optimizer,0.0
2022-05-26,No-regime optimizer,0.0
2022-05-27,No-regime optimizer,0.0
2022-05-30,No-regime optimizer,0.0
2022-05-31,No-regime optimizer,0.0
2022-06-01,No-regime optimizer,0.0
2022-06-02,No-regime optimizer,0.0
2022-06-03,No-regime optimizer,0.0
2022-06-06,No-regime optimizer,0.0
2022-06-07,No-regime optimizer,0.0
2022-06-08,No-regime optimizer,0.0
2022-06-09,No-regime optimizer,0.11340541025286426
2022-06-10,No-regime optimizer,0.0
2022-06-13,No-regime optimizer,0.0
2022-06-14,No-regime optimizer,0.0
2022-06-15,No-regime optimizer,0.0
2022-06-16,No-regime optimizer,0.0
2022-06-17,No-regime optimizer,0.0
2022-06-20,No-regime optimizer,0.0
2022-06-21,No-regime optimizer,0.0
2022-06-22,No-regime optimizer,0.0
2022-06-23,No-regime optimizer,0.0
2022-06-24,No-regime optimizer,0.0
2022-06-27,No-regime optimizer,0.0
2022-06-28,No-regime optimizer,0.0
2022-06-29,No-regime optimizer,0.0
2022-06-30,No-regime optimizer,0.0
2022-07-01,No-regime optimizer,0.0
2022-07-04,No-regime optimizer,0.0
2022-07-05,No-regime optimizer,0.0
2022-07-06,No-regime optimizer,0.0
2022-07-07,No-regime optimizer,0.0
2022-07-08,No-regime optimizer,0.3069555562827998
2022-07-11,No-regime optimizer,0.0
2022-07-12,No-regime optimizer,0.0
2022-07-13,No-regime optimizer,0.0
2022-07-14,No-regime optimizer,0.0
2022-07-15,No-regime optimizer,0.0
2022-07-18,No-regime optimizer,0.0
2022-07-19,No-regime optimizer,0.0
2022-07-20,No-regime optimizer,0.0
2022-07-21,No-regime optimizer,0.0
2022-07-22,No-regime optimizer,0.0
2022-07-25,No-regime optimizer,0.0
2022-07-26,No-regime optimizer,0.0
2022-07-27,No-regime optimizer,0.0
2022-07-28,No-regime optimizer,0.0
2022-07-29,No-regime optimizer,0.0
2022-08-01,No-regime optimizer,0.0
2022-08-02,No-regime optimizer,0.0
2022-08-03,No-regime optimizer,0.0
2022-08-04,No-regime optimizer,0.0
2022-08-05,No-regime optimizer,0.0
2022-08-08,No-regime optimizer,0.24810280449434988
2022-08-10,No-regime optimizer,0.0
2022-08-11,No-regime optimizer,0.0
2022-08-12,No-regime optimizer,0.0
2022-08-16,No-regime optimizer,0.0
2022-08-17,No-regime optimizer,0.0
2022-08-18,No-regime optimizer,0.0
2022-08-19,No-regime optimizer,0.0
2022-08-22,No-regime optimizer,0.0
2022-08-23,No-regime optimizer,0.0
2022-08-24,No-regime optimizer,0.0
2022-08-25,No-regime optimizer,0.0
2022-08-26,No-regime optimizer,0.0
2022-08-29,No-regime optimizer,0.0
2022-08-30,No-regime optimizer,0.0
2022-09-01,No-regime optimizer,0.0
2022-09-02,No-regime optimizer,0.0
2022-09-05,No-regime optimizer,0.0
2022-09-06,No-regime optimizer,0.0
2022-09-07,No-regime optimizer,0.0
2022-09-08,No-regime optimizer,0.0
2022-09-09,No-regime optimizer,0.26654769122981103
2022-09-12,No-regime optimizer,0.0
2022-09-13,No-regime optimizer,0.0
2022-09-14,No-regime optimizer,0.0
2022-09-15,No-regime optimizer,0.0
2022-09-16,No-regime optimizer,0.0
2022-09-19,No-regime optimizer,0.0
2022-09-20,No-regime optimizer,0.0
2022-09-21,No-regime optimizer,0.0
2022-09-22,No-regime optimizer,0.0
2022-09-23,No-regime optimizer,0.0
2022-09-26,No-regime optimizer,0.0
2022-09-27,No-regime optimizer,0.0
2022-09-28,No-regime optimizer,0.0
2022-09-29,No-regime optimizer,0.0
2022-09-30,No-regime optimizer,0.0
2022-10-03,No-regime optimizer,0.0
2022-10-04,No-regime optimizer,0.0
2022-10-06,No-regime optimizer,0.0
2022-10-07,No-regime optimizer,0.0
2022-10-10,No-regime optimizer,0.0
2022-10-11,No-regime optimizer,0.1999997358461199
2022-10-12,No-regime optimizer,0.0
2022-10-13,No-regime optimizer,0.0
2022-10-14,No-regime optimizer,0.0
2022-10-17,No-regime optimizer,0.0
2022-10-18,No-regime optimizer,0.0
2022-10-19,No-regime optimizer,0.0
2022-10-20,No-regime optimizer,0.0
2022-10-21,No-regime optimizer,0.0
2022-10-24,No-regime optimizer,0.0
2022-10-25,No-regime optimizer,0.0
2022-10-27,No-regime optimizer,0.0
2022-10-28,No-regime optimizer,0.0
2022-10-31,No-regime optimizer,0.0
2022-11-01,No-regime optimizer,0.0
2022-11-02,No-regime optimizer,0.0
2022-11-03,No-regime optimizer,0.0
2022-11-04,No-regime optimizer,0.0
2022-11-07,No-regime optimizer,0.0
2022-11-09,No-regime optimizer,0.0
2022-11-10,No-regime optimizer,0.0
2022-11-11,No-regime optimizer,0.19793742834351058
2022-11-14,No-regime optimizer,0.0
2022-11-15,No-regime optimizer,0.0
2022-11-16,No-regime optimizer,0.0
2022-11-17,No-regime optimizer,0.0
2022-11-18,No-regime optimizer,0.0
2022-11-21,No-regime optimizer,0.0
2022-11-22,No-regime optimizer,0.0
2022-11-23,No-regime optimizer,0.0
2022-11-24,No-regime optimizer,0.0
2022-11-25,No-regime optimizer,0.0
2022-11-28,No-regime optimizer,0.0
2022-11-29,No-regime optimizer,0.0
2022-11-30,No-regime optimizer,0.0
2022-12-01,No-regime optimizer,0.0
2022-12-02,No-regime optimizer,0.0
2022-12-05,No-regime optimizer,0.0
2022-12-06,No-regime optimizer,0.0
2022-12-07,No-regime optimizer,0.0
2022-12-08,No-regime optimizer,0.0
2022-12-09,No-regime optimizer,0.0
2022-12-12,No-regime optimizer,0.005747733886400308
2022-12-13,No-regime optimizer,0.0
2022-12-14,No-regime optimizer,0.0
2022-12-15,No-regime optimizer,0.0
2022-12-16,No-regime optimizer,0.0
2022-12-19,No-regime optimizer,0.0
2022-12-20,No-regime optimizer,0.0
2022-12-21,No-regime optimizer,0.0
2022-12-22,No-regime optimizer,0.0
2022-12-23,No-regime optimizer,0.0
2022-12-26,No-regime optimizer,0.0
2022-12-27,No-regime optimizer,0.0
2022-12-28,No-regime optimizer,0.0
2022-12-29,No-regime optimizer,0.0
2022-12-30,No-regime optimizer,0.0
2023-01-02,No-regime optimizer,0.0
2023-01-03,No-regime optimizer,0.0
2023-01-04,No-regime optimizer,0.0
2023-01-05,No-regime optimizer,0.0
2023-01-06,No-regime optimizer,0.0
2023-01-09,No-regime optimizer,0.0
2023-01-10,No-regime optimizer,0.19999983820342532
2023-01-11,No-regime optimizer,0.0
2023-01-12,No-regime optimizer,0.0
2023-01-13,No-regime optimizer,0.0
2023-01-16,No-regime optimizer,0.0
2023-01-17,No-regime optimizer,0.0
2023-01-18,No-regime optimizer,0.0
2023-01-19,No-regime optimizer,0.0
2023-01-20,No-regime optimizer,0.0
2023-01-23,No-regime optimizer,0.0
2023-01-24,No-regime optimizer,0.0
2023-01-25,No-regime optimizer,0.0
2023-01-27,No-regime optimizer,0.0
2023-01-30,No-regime optimizer,0.0
2023-01-31,No-regime optimizer,0.0
2023-02-01,No-regime optimizer,0.0
2023-02-02,No-regime optimizer,0.0
2023-02-03,No-regime optimizer,0.0
2023-02-06,No-regime optimizer,0.0
2023-02-07,No-regime optimizer,0.0
2023-02-08,No-regime optimizer,0.0
2023-02-09,No-regime optimizer,0.01790232475124448
2023-02-10,No-regime optimizer,0.0
2023-02-13,No-regime optimizer,0.0
2023-02-14,No-regime optimizer,0.0
2023-02-15,No-regime optimizer,0.0
2023-02-16,No-regime optimizer,0.0
2023-02-17,No-regime optimizer,0.0
2023-02-20,No-regime optimizer,0.0
2023-02-21,No-regime optimizer,0.0
2023-02-22,No-regime optimizer,0.0
2023-02-23,No-regime optimizer,0.0
2023-02-24,No-regime optimizer,0.0
2023-02-27,No-regime optimizer,0.0
2023-02-28,No-regime optimizer,0.0
2023-03-01,No-regime optimizer,0.0
2023-03-02,No-regime optimizer,0.0
2023-03-03,No-regime optimizer,0.0
2023-03-06,No-regime optimizer,0.0
2023-03-08,No-regime optimizer,0.0
2023-03-09,No-regime optimizer,0.0
2023-03-10,No-regime optimizer,0.0
2023-03-13,No-regime optimizer,0.5238716232497456
2023-03-14,No-regime optimizer,0.0
2023-03-15,No-regime optimizer,0.0
2023-03-16,No-regime optimizer,0.0
2023-03-17,No-regime optimizer,0.0
2023-03-20,No-regime optimizer,0.0
2023-03-21,No-regime optimizer,0.0
2023-03-22,No-regime optimizer,0.0
2023-03-23,No-regime optimizer,0.0
2023-03-24,No-regime optimizer,0.0
2023-03-27,No-regime optimizer,0.0
2023-03-28,No-regime optimizer,0.0
2023-03-29,No-regime optimizer,0.0
2023-03-31,No-regime optimizer,0.0
2023-04-03,No-regime optimizer,0.0
2023-04-05,No-regime optimizer,0.0
2023-04-06,No-regime optimizer,0.0
2023-04-10,No-regime optimizer,0.0
2023-04-11,No-regime optimizer,0.0
2023-04-12,No-regime optimizer,0.0
2023-04-13,No-regime optimizer,0.0
2023-04-17,No-regime optimizer,0.5347482338769097
2023-04-18,No-regime optimizer,0.0
2023-04-19,No-regime optimizer,0.0
2023-04-20,No-regime optimizer,0.0
2023-04-21,No-regime optimizer,0.0
2023-04-24,No-regime optimizer,0.0
2023-04-25,No-regime optimizer,0.0
2023-04-26,No-regime optimizer,0.0
2023-04-27,No-regime optimizer,0.0
2023-04-28,No-regime optimizer,0.0
2023-05-02,No-regime optimizer,0.0
2023-05-03,No-regime optimizer,0.0
2023-05-04,No-regime optimizer,0.0
2023-05-05,No-regime optimizer,0.0
2023-05-08,No-regime optimizer,0.0
2023-05-09,No-regime optimizer,0.0
2023-05-10,No-regime optimizer,0.0
2023-05-11,No-regime optimizer,0.0
2023-05-12,No-regime optimizer,0.0
2023-05-15,No-regime optimizer,0.0
2023-05-16,No-regime optimizer,0.0
2023-05-17,No-regime optimizer,0.20096871490730156
2023-05-18,No-regime optimizer,0.0
2023-05-19,No-regime optimizer,0.0
2023-05-22,No-regime optimizer,0.0
2023-05-23,No-regime optimizer,0.0
2023-05-24,No-regime optimizer,0.0
2023-05-25,No-regime optimizer,0.0
2023-05-26,No-regime optimizer,0.0
2023-05-29,No-regime optimizer,0.0
2023-05-30,No-regime optimizer,0.0
2023-05-31,No-regime optimizer,0.0
2023-06-01,No-regime optimizer,0.0
2023-06-02,No-regime optimizer,0.0
2023-06-05,No-regime optimizer,0.0
2023-06-06,No-regime optimizer,0.0
2023-06-07,No-regime optimizer,0.0
2023-06-08,No-regime optimizer,0.0
2023-06-09,No-regime optimizer,0.0
2023-06-12,No-regime optimizer,0.0
2023-06-13,No-regime optimizer,0.0
2023-06-14,No-regime optimizer,0.0
2023-06-15,No-regime optimizer,0.1410429684231194
2023-06-16,No-regime optimizer,0.0
2023-06-19,No-regime optimizer,0.0
2023-06-20,No-regime optimizer,0.0
2023-06-21,No-regime optimizer,0.0
2023-06-22,No-regime optimizer,0.0
2023-06-23,No-regime optimizer,0.0
2023-06-26,No-regime optimizer,0.0
2023-06-27,No-regime optimizer,0.0
2023-06-28,No-regime optimizer,0.0
2023-06-30,No-regime optimizer,0.0
2023-07-03,No-regime optimizer,0.0
2023-07-04,No-regime optimizer,0.0
2023-07-05,No-regime optimizer,0.0
2023-07-06,No-regime optimizer,0.0
2023-07-07,No-regime optimizer,0.0
2023-07-10,No-regime optimizer,0.0
2023-07-11,No-regime optimizer,0.0
2023-07-12,No-regime optimizer,0.0
2023-07-13,No-regime optimizer,0.0
2023-07-14,No-regime optimizer,0.0
2023-07-17,No-regime optimizer,0.4391075918292458
2023-07-18,No-regime optimizer,0.0
2023-07-19,No-regime optimizer,0.0
2023-07-20,No-regime optimizer,0.0
2023-07-21,No-regime optimizer,0.0
2023-07-24,No-regime optimizer,0.0
2023-07-25,No-regime optimizer,0.0
2023-07-26,No-regime optimizer,0.0
2023-07-27,No-regime optimizer,0.0
2023-07-28,No-regime optimizer,0.0
2023-07-31,No-regime optimizer,0.0
2023-08-01,No-regime optimizer,0.0
2023-08-02,No-regime optimizer,0.0
2023-08-03,No-regime optimizer,0.0
2023-08-04,No-regime optimizer,0.0
2023-08-07,No-regime optimizer,0.0
2023-08-08,No-regime optimizer,0.0
2023-08-09,No-regime optimizer,0.0
2023-08-10,No-regime optimizer,0.0
2023-08-11,No-regime optimizer,0.0
2023-08-14,No-regime optimizer,0.0
2023-08-16,No-regime optimizer,0.5744992245860555
2023-08-17,No-regime optimizer,0.0
2023-08-18,No-regime optimizer,0.0
2023-08-21,No-regime optimizer,0.0
2023-08-22,No-regime optimizer,0.0
2023-08-23,No-regime optimizer,0.0
2023-08-24,No-regime optimizer,0.0
2023-08-25,No-regime optimizer,0.0
2023-08-28,No-regime optimizer,0.0
2023-08-29,No-regime optimizer,0.0
2023-08-30,No-regime optimizer,0.0
2023-08-31,No-regime optimizer,0.0
2023-09-01,No-regime optimizer,0.0
2023-09-04,No-regime optimizer,0.0
2023-09-05,No-regime optimizer,0.0
2023-09-06,No-regime optimizer,0.0
2023-09-07,No-regime optimizer,0.0
2023-09-08,No-regime optimizer,0.0
2023-09-11,No-regime optimizer,0.0
2023-09-12,No-regime optimizer,0.0
2023-09-13,No-regime optimizer,0.0
2023-09-14,No-regime optimizer,0.030845735596253733
2023-09-15,No-regime optimizer,0.0
2023-09-18,No-regime optimizer,0.0
2023-09-20,No-regime optimizer,0.0
2023-09-21,No-regime optimizer,0.0
2023-09-22,No-regime optimizer,0.0
2023-09-25,No-regime optimizer,0.0
2023-09-26,No-regime optimizer,0.0
2023-09-27,No-regime optimizer,0.0
2023-09-28,No-regime optimizer,0.0
2023-09-29,No-regime optimizer,0.0
2023-10-03,No-regime optimizer,0.0
2023-10-04,No-regime optimizer,0.0
2023-10-05,No-regime optimizer,0.0
2023-10-06,No-regime optimizer,0.0
2023-10-09,No-regime optimizer,0.0
2023-10-10,No-regime optimizer,0.0
2023-10-11,No-regime optimizer,0.0
2023-10-12,No-regime optimizer,0.0
2023-10-13,No-regime optimizer,0.0
2023-10-16,No-regime optimizer,0.0
2023-10-17,No-regime optimizer,0.49042555715500463
2023-10-18,No-regime optimizer,0.0
2023-10-19,No-regime optimizer,0.0
2023-10-20,No-regime optimizer,0.0
2023-10-23,No-regime optimizer,0.0
2023-10-25,No-regime optimizer,0.0
2023-10-26,No-regime optimizer,0.0
2023-10-27,No-regime optimizer,0.0
2023-10-30,No-regime optimizer,0.0
2023-10-31,No-regime optimizer,0.0
2023-11-01,No-regime optimizer,0.0
2023-11-02,No-regime optimizer,0.0
2023-11-03,No-regime optimizer,0.0
2023-11-06,No-regime optimizer,0.0
2023-11-07,No-regime optimizer,0.0
2023-11-08,No-regime optimizer,0.0
2023-11-09,No-regime optimizer,0.0
2023-11-10,No-regime optimizer,0.0
2023-11-13,No-regime optimizer,0.0
2023-11-15,No-regime optimizer,0.0
2023-11-16,No-regime optimizer,0.0
2023-11-17,No-regime optimizer,0.4796333746307934
2023-11-20,No-regime optimizer,0.0
2023-11-21,No-regime optimizer,0.0
2023-11-22,No-regime optimizer,0.0
2023-11-23,No-regime optimizer,0.0
2023-11-24,No-regime optimizer,0.0
2023-11-28,No-regime optimizer,0.0
2023-11-29,No-regime optimizer,0.0
2023-11-30,No-regime optimizer,0.0
2023-12-01,No-regime optimizer,0.0
2023-12-04,No-regime optimizer,0.0
2023-12-05,No-regime optimizer,0.0
2023-12-06,No-regime optimizer,0.0
2023-12-07,No-regime optimizer,0.0
2023-12-08,No-regime optimizer,0.0
2023-12-11,No-regime optimizer,0.0
2023-12-12,No-regime optimizer,0.0
2023-12-13,No-regime optimizer,0.0
2023-12-14,No-regime optimizer,0.0
2023-12-15,No-regime optimizer,0.0
2023-12-18,No-regime optimizer,0.0
2023-12-19,No-regime optimizer,0.5885711743255488
2023-12-20,No-regime optimizer,0.0
2023-12-21,No-regime optimizer,0.0
2023-12-22,No-regime optimizer,0.0
2023-12-26,No-regime optimizer,0.0
2023-12-27,No-regime optimizer,0.0
2023-12-28,No-regime optimizer,0.0
2023-12-29,No-regime optimizer,0.0
2024-01-01,No-regime optimizer,0.0
2024-01-02,No-regime optimizer,0.0
2024-01-03,No-regime optimizer,0.0
2024-01-04,No-regime optimizer,0.0
2024-01-05,No-regime optimizer,0.0
2024-01-08,No-regime optimizer,0.0
2024-01-09,No-regime optimizer,0.0
2024-01-10,No-regime optimizer,0.0
2024-01-11,No-regime optimizer,0.0
2024-01-12,No-regime optimizer,0.0
2024-01-15,No-regime optimizer,0.0
2024-01-16,No-regime optimizer,0.0
2024-01-17,No-regime optimizer,0.0
2024-01-18,No-regime optimizer,0.0003224156144982958
2024-01-19,No-regime optimizer,0.0
2024-01-23,No-regime optimizer,0.0
2024-01-24,No-regime optimizer,0.0
2024-01-25,No-regime optimizer,0.0
2024-01-29,No-regime optimizer,0.0
2024-01-30,No-regime optimizer,0.0
2024-01-31,No-regime optimizer,0.0
2024-02-01,No-regime optimizer,0.0
2024-02-02,No-regime optimizer,0.0
2024-02-05,No-regime optimizer,0.0
2024-02-06,No-regime optimizer,0.0
2024-02-07,No-regime optimizer,0.0
2024-02-08,No-regime optimizer,0.0
2024-02-09,No-regime optimizer,0.0
2024-02-12,No-regime optimizer,0.0
2024-02-13,No-regime optimizer,0.0
2024-02-14,No-regime optimizer,0.0
2024-02-15,No-regime optimizer,0.0
2024-02-16,No-regime optimizer,0.0
2024-02-19,No-regime optimizer,0.0
2024-02-20,No-regime optimizer,0.005122136866976078
2024-02-21,No-regime optimizer,0.0
2024-02-22,No-regime optimizer,0.0
2024-02-23,No-regime optimizer,0.0
2024-02-26,No-regime optimizer,0.0
2024-02-27,No-regime optimizer,0.0
2024-02-28,No-regime optimizer,0.0
2024-02-29,No-regime optimizer,0.0
2024-03-01,No-regime optimizer,0.0
2024-03-04,No-regime optimizer,0.0
2024-03-05,No-regime optimizer,0.0
2024-03-06,No-regime optimizer,0.0
2024-03-07,No-regime optimizer,0.0
2024-03-11,No-regime optimizer,0.0
2024-03-12,No-regime optimizer,0.0
2024-03-13,No-regime optimizer,0.0
2024-03-14,No-regime optimizer,0.0
2024-03-15,No-regime optimizer,0.0
2024-03-18,No-regime optimizer,0.0
2024-03-19,No-regime optimizer,0.0
2024-03-20,No-regime optimizer,0.0
2024-03-21,No-regime optimizer,0.013810760969353292
2024-03-22,No-regime optimizer,0.0
2024-03-26,No-regime optimizer,0.0
2024-03-27,No-regime optimizer,0.0
2024-03-28,No-regime optimizer,0.0
2024-04-01,No-regime optimizer,0.0
2024-04-02,No-regime optimizer,0.0
2024-04-03,No-regime optimizer,0.0
2024-04-04,No-regime optimizer,0.0
2024-04-05,No-regime optimizer,0.0
2024-04-08,No-regime optimizer,0.0
2024-04-09,No-regime optimizer,0.0
2024-04-10,No-regime optimizer,0.0
2024-04-12,No-regime optimizer,0.0
2024-04-15,No-regime optimizer,0.0
2024-04-16,No-regime optimizer,0.0
2024-04-18,No-regime optimizer,0.0
2024-04-19,No-regime optimizer,0.0
2024-04-22,No-regime optimizer,0.0
2024-04-23,No-regime optimizer,0.0
2024-04-24,No-regime optimizer,0.0
2024-04-25,No-regime optimizer,0.007420602257286241
2024-04-26,No-regime optimizer,0.0
2024-04-29,No-regime optimizer,0.0
2024-04-30,No-regime optimizer,0.0
2024-05-02,No-regime optimizer,0.0
2024-05-03,No-regime optimizer,0.0
2024-05-06,No-regime optimizer,0.0
2024-05-07,No-regime optimizer,0.0
2024-05-08,No-regime optimizer,0.0
2024-05-09,No-regime optimizer,0.0
2024-05-10,No-regime optimizer,0.0
2024-05-13,No-regime optimizer,0.0
2024-05-14,No-regime optimizer,0.0
2024-05-15,No-regime optimizer,0.0
2024-05-16,No-regime optimizer,0.0
2024-05-17,No-regime optimizer,0.0
2024-05-21,No-regime optimizer,0.0
2024-05-22,No-regime optimizer,0.0
2024-05-23,No-regime optimizer,0.0
2024-05-24,No-regime optimizer,0.0
2024-05-27,No-regime optimizer,0.0
2024-05-28,No-regime optimizer,0.0015505503191960044
2024-05-29,No-regime optimizer,0.0
2024-05-30,No-regime optimizer,0.0
2024-05-31,No-regime optimizer,0.0
2024-06-03,No-regime optimizer,0.0
2024-06-04,No-regime optimizer,0.0
2024-06-05,No-regime optimizer,0.0
2024-06-06,No-regime optimizer,0.0
2024-06-07,No-regime optimizer,0.0
2024-06-10,No-regime optimizer,0.0
2024-06-11,No-regime optimizer,0.0
2024-06-12,No-regime optimizer,0.0
2024-06-13,No-regime optimizer,0.0
2024-06-14,No-regime optimizer,0.0
2024-06-18,No-regime optimizer,0.0
2024-06-19,No-regime optimizer,0.0
2024-06-20,No-regime optimizer,0.0
2024-06-21,No-regime optimizer,0.0
2024-06-24,No-regime optimizer,0.0
2024-06-25,No-regime optimizer,0.0
2024-06-26,No-regime optimizer,0.0
2024-06-27,No-regime optimizer,0.00980701903323266
2024-06-28,No-regime optimizer,0.0
2024-07-01,No-regime optimizer,0.0
2024-07-02,No-regime optimizer,0.0
2024-07-03,No-regime optimizer,0.0
2024-07-04,No-regime optimizer,0.0
2024-07-05,No-regime optimizer,0.0
2024-07-08,No-regime optimizer,0.0
2024-07-09,No-regime optimizer,0.0
2024-07-10,No-regime optimizer,0.0
2024-07-11,No-regime optimizer,0.0
2024-07-12,No-regime optimizer,0.0
2024-07-15,No-regime optimizer,0.0
2024-07-16,No-regime optimizer,0.0
2024-07-18,No-regime optimizer,0.0
2024-07-19,No-regime optimizer,0.0
2024-07-22,No-regime optimizer,0.0
2024-07-23,No-regime optimizer,0.0
2024-07-24,No-regime optimizer,0.0
2024-07-25,No-regime optimizer,0.0
2024-07-26,No-regime optimizer,0.0
2024-07-29,No-regime optimizer,0.009158006568767366
2024-07-30,No-regime optimizer,0.0
2024-07-31,No-regime optimizer,0.0
2024-08-01,No-regime optimizer,0.0
2024-08-02,No-regime optimizer,0.0
2024-08-05,No-regime optimizer,0.0
2024-08-06,No-regime optimizer,0.0
2024-08-07,No-regime optimizer,0.0
2024-08-08,No-regime optimizer,0.0
2024-08-09,No-regime optimizer,0.0
2024-08-12,No-regime optimizer,0.0
2024-08-13,No-regime optimizer,0.0
2024-08-14,No-regime optimizer,0.0
2024-08-16,No-regime optimizer,0.0
2024-08-19,No-regime optimizer,0.0
2024-08-20,No-regime optimizer,0.0
2024-08-21,No-regime optimizer,0.0
2024-08-22,No-regime optimizer,0.0
2024-08-23,No-regime optimizer,0.0
2024-08-26,No-regime optimizer,0.0
2024-08-27,No-regime optimizer,0.0
2024-08-28,No-regime optimizer,0.003380921028040331
2024-08-29,No-regime optimizer,0.0
2024-08-30,No-regime optimizer,0.0
2024-09-02,No-regime optimizer,0.0
2024-09-03,No-regime optimizer,0.0
2024-09-04,No-regime optimizer,0.0
2024-09-05,No-regime optimizer,0.0
2024-09-06,No-regime optimizer,0.0
2024-09-09,No-regime optimizer,0.0
2024-09-10,No-regime optimizer,0.0
2024-09-11,No-regime optimizer,0.0
2024-09-12,No-regime optimizer,0.0
2024-09-13,No-regime optimizer,0.0
2024-09-16,No-regime optimizer,0.0
2024-09-17,No-regime optimizer,0.0
2024-09-18,No-regime optimizer,0.0
2024-09-19,No-regime optimizer,0.0
2024-09-20,No-regime optimizer,0.0
2024-09-23,No-regime optimizer,0.0
2024-09-24,No-regime optimizer,0.0
2024-09-25,No-regime optimizer,0.0
2024-09-26,No-regime optimizer,0.0005616817677021131
2024-09-27,No-regime optimizer,0.0
2024-09-30,No-regime optimizer,0.0
2024-10-01,No-regime optimizer,0.0
2024-10-03,No-regime optimizer,0.0
2024-10-04,No-regime optimizer,0.0
2024-10-07,No-regime optimizer,0.0
2024-10-08,No-regime optimizer,0.0
2024-10-09,No-regime optimizer,0.0
2024-10-10,No-regime optimizer,0.0
2024-10-11,No-regime optimizer,0.0
2024-10-14,No-regime optimizer,0.0
2024-10-15,No-regime optimizer,0.0
2024-10-16,No-regime optimizer,0.0
2024-10-17,No-regime optimizer,0.0
2024-10-18,No-regime optimizer,0.0
2024-10-21,No-regime optimizer,0.0
2024-10-22,No-regime optimizer,0.0
2024-10-23,No-regime optimizer,0.0
2024-10-24,No-regime optimizer,0.0
2024-10-25,No-regime optimizer,0.0
2024-10-28,No-regime optimizer,0.5821206087076239
2024-10-29,No-regime optimizer,0.0
2024-10-30,No-regime optimizer,0.0
2024-10-31,No-regime optimizer,0.0
2024-11-01,No-regime optimizer,0.0
2024-11-04,No-regime optimizer,0.0
2024-11-05,No-regime optimizer,0.0
2024-11-06,No-regime optimizer,0.0
2024-11-07,No-regime optimizer,0.0
2024-11-08,No-regime optimizer,0.0
2024-11-11,No-regime optimizer,0.0
2024-11-12,No-regime optimizer,0.0
2024-11-13,No-regime optimizer,0.0
2024-11-14,No-regime optimizer,0.0
2024-11-18,No-regime optimizer,0.0
2024-11-19,No-regime optimizer,0.0
2024-11-21,No-regime optimizer,0.0
2024-11-22,No-regime optimizer,0.0
2024-11-25,No-regime optimizer,0.0
2024-11-26,No-regime optimizer,0.0
2024-11-27,No-regime optimizer,0.0
2024-11-28,No-regime optimizer,0.0017724080928401503
2024-11-29,No-regime optimizer,0.0
2024-12-02,No-regime optimizer,0.0
2024-12-03,No-regime optimizer,0.0
2024-12-04,No-regime optimizer,0.0
2024-12-05,No-regime optimizer,0.0
2024-12-06,No-regime optimizer,0.0
2024-12-09,No-regime optimizer,0.0
2024-12-10,No-regime optimizer,0.0
2024-12-11,No-regime optimizer,0.0
2024-12-12,No-regime optimizer,0.0
2024-12-13,No-regime optimizer,0.0
2024-12-16,No-regime optimizer,0.0
2024-12-17,No-regime optimizer,0.0
2024-12-18,No-regime optimizer,0.0
2024-12-19,No-regime optimizer,0.0
2024-12-20,No-regime optimizer,0.0
2024-12-23,No-regime optimizer,0.0
2024-12-24,No-regime optimizer,0.0
2024-12-26,No-regime optimizer,0.0
2024-12-27,No-regime optimizer,0.0
2024-12-30,No-regime optimizer,0.0015202831221189691
2024-12-31,No-regime optimizer,0.0
2025-01-01,No-regime optimizer,0.0
2025-01-02,No-regime optimizer,0.0
2025-01-03,No-regime optimizer,0.0
2025-01-06,No-regime optimizer,0.0
2025-01-07,No-regime optimizer,0.0
2025-01-08,No-regime optimizer,0.0
2025-01-09,No-regime optimizer,0.0
2025-01-10,No-regime optimizer,0.0
2025-01-13,No-regime optimizer,0.0
2025-01-14,No-regime optimizer,0.0
2025-01-15,No-regime optimizer,0.0
2025-01-16,No-regime optimizer,0.0
2025-01-17,No-regime optimizer,0.0
2025-01-20,No-regime optimizer,0.0
2025-01-21,No-regime optimizer,0.0
2025-01-22,No-regime optimizer,0.0
2025-01-23,No-regime optimizer,0.0
2025-01-24,No-regime optimizer,0.0
2025-01-27,No-regime optimizer,0.0
2025-01-28,No-regime optimizer,0.013093417858090596
2025-01-29,No-regime optimizer,0.0
2025-01-30,No-regime optimizer,0.0
2025-01-31,No-regime optimizer,0.0
2025-02-01,No-regime optimizer,0.0
2025-02-03,No-regime optimizer,0.0
2025-02-04,No-regime optimizer,0.0
2025-02-05,No-regime optimizer,0.0
2025-02-06,No-regime optimizer,0.0
2025-02-07,No-regime optimizer,0.0
2025-02-10,No-regime optimizer,0.0
2025-02-11,No-regime optimizer,0.0
2025-02-12,No-regime optimizer,0.0
2025-02-13,No-regime optimizer,0.0
2025-02-14,No-regime optimizer,0.0
2025-02-17,No-regime optimizer,0.0
2025-02-18,No-regime optimizer,0.0
2025-02-19,No-regime optimizer,0.0
2025-02-20,No-regime optimizer,0.0
2025-02-21,No-regime optimizer,0.0
2025-02-24,No-regime optimizer,0.0
2025-02-25,No-regime optimizer,0.19999947999296475
2025-02-27,No-regime optimizer,0.0
2025-02-28,No-regime optimizer,0.0
2025-03-03,No-regime optimizer,0.0
2025-03-04,No-regime optimizer,0.0
2025-03-05,No-regime optimizer,0.0
2025-03-06,No-regime optimizer,0.0
2025-03-07,No-regime optimizer,0.0
2025-03-10,No-regime optimizer,0.0
2025-03-11,No-regime optimizer,0.0
2025-03-12,No-regime optimizer,0.0
2025-03-13,No-regime optimizer,0.0
2025-03-17,No-regime optimizer,0.0
2025-03-18,No-regime optimizer,0.0
2025-03-19,No-regime optimizer,0.0
2025-03-20,No-regime optimizer,0.0
2025-03-21,No-regime optimizer,0.0
2025-03-24,No-regime optimizer,0.0
2025-03-25,No-regime optimizer,0.0
2025-03-26,No-regime optimizer,0.0
2025-03-27,No-regime optimizer,0.0
2025-03-28,No-regime optimizer,0.19999921461469466
2025-04-01,No-regime optimizer,0.0
2025-04-02,No-regime optimizer,0.0
2025-04-03,No-regime optimizer,0.0
2025-04-04,No-regime optimizer,0.0
2025-04-07,No-regime optimizer,0.0
2025-04-08,No-regime optimizer,0.0
2025-04-09,No-regime optimizer,0.0
2025-04-11,No-regime optimizer,0.0
2025-04-15,No-regime optimizer,0.0
2025-04-16,No-regime optimizer,0.0
2025-04-17,No-regime optimizer,0.0
2025-04-21,No-regime optimizer,0.0
2025-04-22,No-regime optimizer,0.0
2025-04-23,No-regime optimizer,0.0
2025-04-24,No-regime optimizer,0.0
2025-04-25,No-regime optimizer,0.0
2025-04-28,No-regime optimizer,0.0
2025-04-29,No-regime optimizer,0.0
2025-04-30,No-regime optimizer,0.0
2025-05-02,No-regime optimizer,0.0
2025-05-05,No-regime optimizer,0.004957458037604894
2025-05-06,No-regime optimizer,0.0
2025-05-07,No-regime optimizer,0.0
2025-05-08,No-regime optimizer,0.0
2025-05-09,No-regime optimizer,0.0
2025-05-12,No-regime optimizer,0.0
2025-05-13,No-regime optimizer,0.0
2025-05-14,No-regime optimizer,0.0
2025-05-15,No-regime optimizer,0.0
2025-05-16,No-regime optimizer,0.0
2025-05-19,No-regime optimizer,0.0
2025-05-20,No-regime optimizer,0.0
2025-05-21,No-regime optimizer,0.0
2025-05-22,No-regime optimizer,0.0
2025-05-23,No-regime optimizer,0.0
2025-05-26,No-regime optimizer,0.0
2025-05-27,No-regime optimizer,0.0
2025-05-28,No-regime optimizer,0.0
2025-05-29,No-regime optimizer,0.0
2025-05-30,No-regime optimizer,0.0
2025-06-02,No-regime optimizer,0.0
2025-06-03,No-regime optimizer,0.0022299237257994995
2025-06-04,No-regime optimizer,0.0
2025-06-05,No-regime optimizer,0.0
2025-06-06,No-regime optimizer,0.0
2025-06-09,No-regime optimizer,0.0
2025-06-10,No-regime optimizer,0.0
2025-06-11,No-regime optimizer,0.0
2025-06-12,No-regime optimizer,0.0
2025-06-13,No-regime optimizer,0.0
2025-06-16,No-regime optimizer,0.0
2025-06-17,No-regime optimizer,0.0
2025-06-18,No-regime optimizer,0.0
2025-06-19,No-regime optimizer,0.0
2025-06-20,No-regime optimizer,0.0
2025-06-23,No-regime optimizer,0.0
2025-06-24,No-regime optimizer,0.0
2025-06-25,No-regime optimizer,0.0
2025-06-26,No-regime optimizer,0.0
2025-06-27,No-regime optimizer,0.0
2025-06-30,No-regime optimizer,0.0
2025-07-01,No-regime optimizer,0.0
2025-07-02,No-regime optimizer,0.005613644159311401
2025-07-03,No-regime optimizer,0.0
2025-07-04,No-regime optimizer,0.0
2025-07-07,No-regime optimizer,0.0
2025-07-08,No-regime optimizer,0.0
2025-07-09,No-regime optimizer,0.0
2025-07-10,No-regime optimizer,0.0
2025-07-11,No-regime optimizer,0.0
2025-07-14,No-regime optimizer,0.0
2025-07-15,No-regime optimizer,0.0
2025-07-16,No-regime optimizer,0.0
2025-07-17,No-regime optimizer,0.0
2025-07-18,No-regime optimizer,0.0
2025-07-21,No-regime optimizer,0.0
2025-07-22,No-regime optimizer,0.0
2025-07-23,No-regime optimizer,0.0
2025-07-24,No-regime optimizer,0.0
2025-07-25,No-regime optimizer,0.0
2025-07-28,No-regime optimizer,0.0
2025-07-29,No-regime optimizer,0.0
2025-07-30,No-regime optimizer,0.0
2025-07-31,No-regime optimizer,0.1999983760245934
2025-08-01,No-regime optimizer,0.0
2025-08-04,No-regime optimizer,0.0
2025-08-05,No-regime optimizer,0.0
2025-08-06,No-regime optimizer,0.0
2025-08-07,No-regime optimizer,0.0
2025-08-08,No-regime optimizer,0.0
2025-08-11,No-regime optimizer,0.0
2025-08-12,No-regime optimizer,0.0
2025-08-13,No-regime optimizer,0.0
2025-08-14,No-regime optimizer,0.0
2025-08-18,No-regime optimizer,0.0
2025-08-19,No-regime optimizer,0.0
2025-08-20,No-regime optimizer,0.0
2025-08-21,No-regime optimizer,0.0
2025-08-22,No-regime optimizer,0.0
2025-08-25,No-regime optimizer,0.0
2025-08-26,No-regime optimizer,0.0
2025-08-28,No-regime optimizer,0.0
2025-08-29,No-regime optimizer,0.0
2025-09-01,No-regime optimizer,0.0
2025-09-02,No-regime optimizer,0.007756213498054238
2025-09-03,No-regime optimizer,0.0
2025-09-04,No-regime optimizer,0.0
2025-09-05,No-regime optimizer,0.0
2025-09-08,No-regime optimizer,0.0
2025-09-09,No-regime optimizer,0.0
2025-09-10,No-regime optimizer,0.0
2025-09-11,No-regime optimizer,0.0
2025-09-12,No-regime optimizer,0.0
2025-09-15,No-regime optimizer,0.0
2025-09-16,No-regime optimizer,0.0
2025-09-17,No-regime optimizer,0.0
2025-09-18,No-regime optimizer,0.0
2025-09-19,No-regime optimizer,0.0
2025-09-22,No-regime optimizer,0.0
2025-09-23,No-regime optimizer,0.0
2025-09-24,No-regime optimizer,0.0
2025-09-25,No-regime optimizer,0.0
2025-09-26,No-regime optimizer,0.0
2025-09-29,No-regime optimizer,0.0
2025-09-30,No-regime optimizer,0.0
2025-10-01,No-regime optimizer,0.018017328494944723
2025-10-03,No-regime optimizer,0.0
2025-10-06,No-regime optimizer,0.0
2025-10-07,No-regime optimizer,0.0
2025-10-08,No-regime optimizer,0.0
2025-10-09,No-regime optimizer,0.0
2025-10-10,No-regime optimizer,0.0
2025-10-13,No-regime optimizer,0.0
2025-10-14,No-regime optimizer,0.0
2025-10-15,No-regime optimizer,0.0
2025-10-16,No-regime optimizer,0.0
2025-10-17,No-regime optimizer,0.0
2025-10-20,No-regime optimizer,0.0
2025-10-21,No-regime optimizer,0.0
2025-10-23,No-regime optimizer,0.0
2025-10-24,No-regime optimizer,0.0
2025-10-27,No-regime optimizer,0.0
2025-10-28,No-regime optimizer,0.0
2025-10-29,No-regime optimizer,0.0
2025-10-30,No-regime optimizer,0.0
2025-10-31,No-regime optimizer,0.0
2025-11-03,No-regime optimizer,0.1999993092545656
2025-11-04,No-regime optimizer,0.0
2025-11-06,No-regime optimizer,0.0
2025-11-07,No-regime optimizer,0.0
2025-11-10,No-regime optimizer,0.0
2025-11-11,No-regime optimizer,0.0
2025-11-12,No-regime optimizer,0.0
2025-11-13,No-regime optimizer,0.0
2025-11-14,No-regime optimizer,0.0
2025-11-17,No-regime optimizer,0.0
2025-11-18,No-regime optimizer,0.0
2025-11-19,No-regime optimizer,0.0
2025-11-20,No-regime optimizer,0.0
2025-11-21,No-regime optimizer,0.0
2025-11-24,No-regime optimizer,0.0
2025-11-25,No-regime optimizer,0.0
2025-11-26,No-regime optimizer,0.0
2025-11-27,No-regime optimizer,0.0
2025-11-28,No-regime optimizer,0.0
2025-12-01,No-regime optimizer,0.0
2025-12-02,No-regime optimizer,0.0
2025-12-03,No-regime optimizer,0.00849518039431122
2025-12-04,No-regime optimizer,0.0
2025-12-05,No-regime optimizer,0.0
2025-12-08,No-regime optimizer,0.0
2025-12-09,No-regime optimizer,0.0
2025-12-10,No-regime optimizer,0.0
2025-12-11,No-regime optimizer,0.0
2025-12-12,No-regime optimizer,0.0
2025-12-15,No-regime optimizer,0.0
2025-12-16,No-regime optimizer,0.0
2025-12-17,No-regime optimizer,0.0
2025-12-18,No-regime optimizer,0.0
2025-12-19,No-regime optimizer,0.0
2025-12-22,No-regime optimizer,0.0
2025-12-23,No-regime optimizer,0.0
2025-12-24,No-regime optimizer,0.0
2025-12-26,No-regime optimizer,0.0
2025-12-29,No-regime optimizer,0.0
2025-12-30,No-regime optimizer,0.0
2025-12-31,No-regime optimizer,0.0
2026-01-01,No-regime optimizer,0.0
2026-01-02,No-regime optimizer,0.005628310283782121
2026-01-05,No-regime optimizer,0.0
2026-01-06,No-regime optimizer,0.0
2026-01-07,No-regime optimizer,0.0
2026-01-08,No-regime optimizer,0.0
2026-01-09,No-regime optimizer,0.0
2026-01-12,No-regime optimizer,0.0
2026-01-13,No-regime optimizer,0.0
2026-01-14,No-regime optimizer,0.0
2026-01-15,No-regime optimizer,0.0
2026-01-16,No-regime optimizer,0.0
2026-01-19,No-regime optimizer,0.0
2026-01-20,No-regime optimizer,0.0
2026-01-21,No-regime optimizer,0.0
2026-01-22,No-regime optimizer,0.0
2026-01-23,No-regime optimizer,0.0
2026-01-27,No-regime optimizer,0.0
2026-01-28,No-regime optimizer,0.0
2026-01-29,No-regime optimizer,0.0
2026-01-30,No-regime optimizer,0.0
2026-02-02,No-regime optimizer,0.0
2026-02-03,No-regime optimizer,0.02089277637322336
2026-02-04,No-regime optimizer,0.0
2026-02-05,No-regime optimizer,0.0
2026-02-06,No-regime optimizer,0.0
2026-02-09,No-regime optimizer,0.0
2026-02-10,No-regime optimizer,0.0
2026-02-11,No-regime optimizer,0.0
2026-02-12,No-regime optimizer,0.0
2026-02-13,No-regime optimizer,0.0
2026-02-16,No-regime optimizer,0.0
2026-02-17,No-regime optimizer,0.0
2026-02-18,No-regime optimizer,0.0
2026-02-19,No-regime optimizer,0.0
2026-02-20,No-regime optimizer,0.0
2026-02-23,No-regime optimizer,0.0
2026-02-24,No-regime optimizer,0.0
2026-02-25,No-regime optimizer,0.0
2026-02-26,No-regime optimizer,0.0
2026-02-27,No-regime optimizer,0.0
2026-03-02,No-regime optimizer,0.0
2026-03-04,No-regime optimizer,0.0
2026-03-05,No-regime optimizer,0.014435866027333965
2026-03-06,No-regime optimizer,0.0
2026-03-09,No-regime optimizer,0.0
2026-03-10,No-regime optimizer,0.0
2026-03-11,No-regime optimizer,0.0
2026-03-12,No-regime optimizer,0.0
2026-03-13,No-regime optimizer,0.0
2026-03-16,No-regime optimizer,0.0
2026-03-17,No-regime optimizer,0.0
2026-03-18,No-regime optimizer,0.0
2026-03-19,No-regime optimizer,0.0
2026-03-20,No-regime optimizer,0.0
2026-03-23,No-regime optimizer,0.0
2026-03-24,No-regime optimizer,0.0
2026-03-25,No-regime optimizer,0.0
2026-03-27,No-regime optimizer,0.0
2026-03-30,No-regime optimizer,0.0
2026-04-01,No-regime optimizer,0.0
2026-04-02,No-regime optimizer,0.0
2026-04-06,No-regime optimizer,0.0
2026-04-07,No-regime optimizer,0.0
2026-04-08,No-regime optimizer,0.20439872970703088
2026-04-09,No-regime optimizer,0.0
2026-04-10,No-regime optimizer,0.0
2026-04-13,No-regime optimizer,0.0
2026-04-15,No-regime optimizer,0.0
2026-04-16,No-regime optimizer,0.0
2026-04-17,No-regime optimizer,0.0
2026-04-20,No-regime optimizer,0.0
2026-04-21,No-regime optimizer,0.0
2026-04-22,No-regime optimizer,0.0
2026-04-23,No-regime optimizer,0.0
2026-04-24,No-regime optimizer,0.0
2026-04-27,No-regime optimizer,0.0
2026-04-28,No-regime optimizer,0.0
2026-04-29,No-regime optimizer,0.0
2026-04-30,No-regime optimizer,0.0
2026-05-01,No-regime optimizer,0.0
2026-05-04,No-regime optimizer,0.0
2026-05-05,No-regime optimizer,0.0
2026-05-06,No-regime optimizer,0.0
2026-05-07,No-regime optimizer,0.0
2026-05-08,No-regime optimizer,0.00039399515158876716
2026-05-11,No-regime optimizer,0.0
2026-05-12,No-regime optimizer,0.0
2026-05-13,No-regime optimizer,0.0
2026-05-14,No-regime optimizer,0.0
2026-05-15,No-regime optimizer,0.0
2026-05-18,No-regime optimizer,0.0
2026-05-19,No-regime optimizer,0.0
2026-05-20,No-regime optimizer,0.0
2026-05-21,No-regime optimizer,0.0
2026-05-22,No-regime optimizer,0.0
2026-05-25,No-regime optimizer,0.0
2026-05-26,No-regime optimizer,0.0
2026-05-27,No-regime optimizer,0.0
2026-05-28,No-regime optimizer,0.0
2026-05-29,No-regime optimizer,0.0
2026-06-01,No-regime optimizer,0.0
2026-06-02,No-regime optimizer,0.0
2026-06-03,No-regime optimizer,0.0
2026-06-04,No-regime optimizer,0.0
2026-06-05,No-regime optimizer,0.0
2026-06-08,No-regime optimizer,0.00019163738780518476
2026-06-09,No-regime optimizer,0.0
2026-06-10,No-regime optimizer,0.0
2026-06-11,No-regime optimizer,0.0
2026-06-12,No-regime optimizer,0.0
2026-06-15,No-regime optimizer,0.0
2026-06-16,No-regime optimizer,0.0
2026-06-17,No-regime optimizer,0.0
2026-06-18,No-regime optimizer,0.0
2026-06-19,No-regime optimizer,0.0
2026-06-22,No-regime optimizer,0.0
2026-06-23,No-regime optimizer,0.0
2026-06-24,No-regime optimizer,0.0
2026-06-25,No-regime optimizer,0.0
2026-06-26,No-regime optimizer,0.0
2026-06-29,No-regime optimizer,0.0
2026-06-30,No-regime optimizer,0.0
2026-07-01,No-regime optimizer,0.0
2026-07-02,No-regime optimizer,0.0
2026-07-03,No-regime optimizer,0.0
2026-07-06,No-regime optimizer,0.0
2026-07-07,No-regime optimizer,0.0074605528763863425
2026-07-08,No-regime optimizer,0.0
2026-07-09,No-regime optimizer,0.0
2026-07-10,No-regime optimizer,0.0
2026-07-13,No-regime optimizer,0.0
2026-07-14,No-regime optimizer,0.0
2026-07-15,No-regime optimizer,0.0
2026-07-16,No-regime optimizer,0.0
2026-07-17,No-regime optimizer,0.0
2026-07-20,No-regime optimizer,0.0
2026-07-21,No-regime optimizer,0.0
2026-07-22,No-regime optimizer,0.0
2026-07-23,No-regime optimizer,0.0
2026-07-24,No-regime optimizer,0.0
2026-07-27,No-regime optimizer,0.0
2010-10-05,Volatility rule,1.0
2010-10-06,Volatility rule,0.0
2010-10-07,Volatility rule,0.0
2010-10-08,Volatility rule,0.0
2010-10-11,Volatility rule,0.0
2010-10-12,Volatility rule,0.0
2010-10-13,Volatility rule,0.0
2010-10-14,Volatility rule,0.0
2010-10-15,Volatility rule,0.0
2010-10-18,Volatility rule,0.0
2010-10-19,Volatility rule,0.0
2010-10-20,Volatility rule,0.0
2010-10-21,Volatility rule,0.0
2010-10-22,Volatility rule,0.0
2010-10-25,Volatility rule,0.0
2010-10-26,Volatility rule,0.0
2010-10-27,Volatility rule,0.0
2010-10-28,Volatility rule,0.0
2010-10-29,Volatility rule,0.0
2010-11-01,Volatility rule,0.0
2010-11-02,Volatility rule,0.0
2010-11-03,Volatility rule,0.002847676119776363
2010-11-04,Volatility rule,0.0
2010-11-08,Volatility rule,0.0
2010-11-09,Volatility rule,0.0
2010-11-10,Volatility rule,0.0
2010-11-11,Volatility rule,0.0
2010-11-12,Volatility rule,0.0
2010-11-15,Volatility rule,0.0
2010-11-16,Volatility rule,0.0
2010-11-18,Volatility rule,0.0
2010-11-19,Volatility rule,0.0
2010-11-22,Volatility rule,0.0
2010-11-23,Volatility rule,0.0
2010-11-24,Volatility rule,0.0
2010-11-25,Volatility rule,0.0
2010-11-26,Volatility rule,0.0
2010-11-29,Volatility rule,0.0
2010-11-30,Volatility rule,0.0
2010-12-01,Volatility rule,0.0
2010-12-02,Volatility rule,0.0
2010-12-03,Volatility rule,0.0
2010-12-06,Volatility rule,0.2872319369017259
2010-12-07,Volatility rule,0.0
2010-12-08,Volatility rule,0.0
2010-12-09,Volatility rule,0.0
2010-12-10,Volatility rule,0.0
2010-12-13,Volatility rule,0.0
2010-12-14,Volatility rule,0.0
2010-12-15,Volatility rule,0.0
2010-12-16,Volatility rule,0.0
2010-12-20,Volatility rule,0.0
2010-12-21,Volatility rule,0.0
2010-12-22,Volatility rule,0.0
2010-12-23,Volatility rule,0.0
2010-12-24,Volatility rule,0.0
2010-12-27,Volatility rule,0.0
2010-12-28,Volatility rule,0.0
2010-12-29,Volatility rule,0.0
2010-12-30,Volatility rule,0.0
2010-12-31,Volatility rule,0.0
2011-01-03,Volatility rule,0.0
2011-01-04,Volatility rule,0.0
2011-01-05,Volatility rule,0.29506872431593234
2011-01-06,Volatility rule,0.0
2011-01-07,Volatility rule,0.0
2011-01-10,Volatility rule,0.0
2011-01-11,Volatility rule,0.0
2011-01-12,Volatility rule,0.0
2011-01-13,Volatility rule,0.0
2011-01-14,Volatility rule,0.0
2011-01-17,Volatility rule,0.0
2011-01-18,Volatility rule,0.0
2011-01-19,Volatility rule,0.0
2011-01-20,Volatility rule,0.0
2011-01-21,Volatility rule,0.0
2011-01-24,Volatility rule,0.0
2011-01-25,Volatility rule,0.0
2011-01-27,Volatility rule,0.0
2011-01-28,Volatility rule,0.0
2011-01-31,Volatility rule,0.0
2011-02-01,Volatility rule,0.0
2011-02-02,Volatility rule,0.0
2011-02-03,Volatility rule,0.0
2011-02-04,Volatility rule,0.2747035901184463
2011-02-07,Volatility rule,0.0
2011-02-08,Volatility rule,0.0
2011-02-09,Volatility rule,0.0
2011-02-10,Volatility rule,0.0
2011-02-11,Volatility rule,0.0
2011-02-14,Volatility rule,0.0
2011-02-15,Volatility rule,0.0
2011-02-16,Volatility rule,0.0
2011-02-17,Volatility rule,0.0
2011-02-18,Volatility rule,0.0
2011-02-21,Volatility rule,0.0
2011-02-22,Volatility rule,0.0
2011-02-23,Volatility rule,0.0
2011-02-24,Volatility rule,0.0
2011-02-25,Volatility rule,0.0
2011-02-28,Volatility rule,0.0
2011-03-01,Volatility rule,0.0
2011-03-03,Volatility rule,0.0
2011-03-04,Volatility rule,0.0
2011-03-07,Volatility rule,0.0
2011-03-08,Volatility rule,0.007256525174965112
2011-03-09,Volatility rule,0.0
2011-03-10,Volatility rule,0.0
2011-03-11,Volatility rule,0.0
2011-03-14,Volatility rule,0.0
2011-03-15,Volatility rule,0.0
2011-03-16,Volatility rule,0.0
2011-03-17,Volatility rule,0.0
2011-03-18,Volatility rule,0.0
2011-03-21,Volatility rule,0.0
2011-03-22,Volatility rule,0.0
2011-03-23,Volatility rule,0.0
2011-03-24,Volatility rule,0.0
2011-03-25,Volatility rule,0.0
2011-03-28,Volatility rule,0.0
2011-03-29,Volatility rule,0.0
2011-03-30,Volatility rule,0.0
2011-03-31,Volatility rule,0.0
2011-04-01,Volatility rule,0.0
2011-04-04,Volatility rule,0.0
2011-04-05,Volatility rule,0.0
2011-04-06,Volatility rule,0.01482491634811503
2011-04-07,Volatility rule,0.0
2011-04-08,Volatility rule,0.0
2011-04-11,Volatility rule,0.0
2011-04-13,Volatility rule,0.0
2011-04-15,Volatility rule,0.0
2011-04-18,Volatility rule,0.0
2011-04-19,Volatility rule,0.0
2011-04-20,Volatility rule,0.0
2011-04-21,Volatility rule,0.0
2011-04-25,Volatility rule,0.0
2011-04-26,Volatility rule,0.0
2011-04-27,Volatility rule,0.0
2011-04-28,Volatility rule,0.0
2011-04-29,Volatility rule,0.0
2011-05-02,Volatility rule,0.0
2011-05-03,Volatility rule,0.0
2011-05-04,Volatility rule,0.0
2011-05-05,Volatility rule,0.0
2011-05-06,Volatility rule,0.0
2011-05-09,Volatility rule,0.0
2011-05-10,Volatility rule,0.018933316133940115
2011-05-11,Volatility rule,0.0
2011-05-12,Volatility rule,0.0
2011-05-13,Volatility rule,0.0
2011-05-16,Volatility rule,0.0
2011-05-17,Volatility rule,0.0
2011-05-18,Volatility rule,0.0
2011-05-19,Volatility rule,0.0
2011-05-20,Volatility rule,0.0
2011-05-23,Volatility rule,0.0
2011-05-24,Volatility rule,0.0
2011-05-25,Volatility rule,0.0
2011-05-26,Volatility rule,0.0
2011-05-27,Volatility rule,0.0
2011-05-30,Volatility rule,0.0
2011-05-31,Volatility rule,0.0
2011-06-01,Volatility rule,0.0
2011-06-02,Volatility rule,0.0
2011-06-03,Volatility rule,0.0
2011-06-06,Volatility rule,0.0
2011-06-07,Volatility rule,0.0
2011-06-08,Volatility rule,0.30173076463207144
2011-06-09,Volatility rule,0.0
2011-06-10,Volatility rule,0.0
2011-06-13,Volatility rule,0.0
2011-06-14,Volatility rule,0.0
2011-06-15,Volatility rule,0.0
2011-06-16,Volatility rule,0.0
2011-06-17,Volatility rule,0.0
2011-06-20,Volatility rule,0.0
2011-06-21,Volatility rule,0.0
2011-06-22,Volatility rule,0.0
2011-06-23,Volatility rule,0.0
2011-06-24,Volatility rule,0.0
2011-06-27,Volatility rule,0.0
2011-06-28,Volatility rule,0.0
2011-06-29,Volatility rule,0.0
2011-06-30,Volatility rule,0.0
2011-07-01,Volatility rule,0.0
2011-07-04,Volatility rule,0.0
2011-07-05,Volatility rule,0.0
2011-07-06,Volatility rule,0.0
2011-07-07,Volatility rule,0.00962498694399358
2011-07-08,Volatility rule,0.0
2011-07-11,Volatility rule,0.0
2011-07-12,Volatility rule,0.0
2011-07-13,Volatility rule,0.0
2011-07-14,Volatility rule,0.0
2011-07-15,Volatility rule,0.0
2011-07-18,Volatility rule,0.0
2011-07-19,Volatility rule,0.0
2011-07-20,Volatility rule,0.0
2011-07-21,Volatility rule,0.0
2011-07-22,Volatility rule,0.0
2011-07-25,Volatility rule,0.0
2011-07-26,Volatility rule,0.0
2011-07-27,Volatility rule,0.0
2011-07-28,Volatility rule,0.0
2011-07-29,Volatility rule,0.0
2011-08-01,Volatility rule,0.0
2011-08-02,Volatility rule,0.0
2011-08-03,Volatility rule,0.0
2011-08-04,Volatility rule,0.0
2011-08-05,Volatility rule,0.03275643598457119
2011-08-08,Volatility rule,0.0
2011-08-09,Volatility rule,0.0
2011-08-10,Volatility rule,0.0
2011-08-11,Volatility rule,0.0
2011-08-12,Volatility rule,0.0
2011-08-16,Volatility rule,0.0
2011-08-17,Volatility rule,0.0
2011-08-18,Volatility rule,0.0
2011-08-19,Volatility rule,0.0
2011-08-22,Volatility rule,0.0
2011-08-23,Volatility rule,0.0
2011-08-24,Volatility rule,0.0
2011-08-25,Volatility rule,0.0
2011-08-26,Volatility rule,0.0
2011-08-29,Volatility rule,0.0
2011-08-30,Volatility rule,0.0
2011-09-02,Volatility rule,0.0
2011-09-05,Volatility rule,0.0
2011-09-06,Volatility rule,0.0
2011-09-07,Volatility rule,0.0
2011-09-08,Volatility rule,0.02230124625245139
2011-09-09,Volatility rule,0.0
2011-09-12,Volatility rule,0.0
2011-09-13,Volatility rule,0.0
2011-09-14,Volatility rule,0.0
2011-09-15,Volatility rule,0.0
2011-09-16,Volatility rule,0.0
2011-09-19,Volatility rule,0.0
2011-09-20,Volatility rule,0.0
2011-09-21,Volatility rule,0.0
2011-09-22,Volatility rule,0.0
2011-09-23,Volatility rule,0.0
2011-09-26,Volatility rule,0.0
2011-09-27,Volatility rule,0.0
2011-09-28,Volatility rule,0.0
2011-09-29,Volatility rule,0.0
2011-09-30,Volatility rule,0.0
2011-10-03,Volatility rule,0.0
2011-10-04,Volatility rule,0.0
2011-10-05,Volatility rule,0.0
2011-10-07,Volatility rule,0.0
2011-10-10,Volatility rule,0.29673605643938744
2011-10-11,Volatility rule,0.0
2011-10-12,Volatility rule,0.0
2011-10-13,Volatility rule,0.0
2011-10-14,Volatility rule,0.0
2011-10-17,Volatility rule,0.0
2011-10-18,Volatility rule,0.0
2011-10-19,Volatility rule,0.0
2011-10-20,Volatility rule,0.0
2011-10-21,Volatility rule,0.0
2011-10-24,Volatility rule,0.0
2011-10-25,Volatility rule,0.0
2011-10-28,Volatility rule,0.0
2011-10-31,Volatility rule,0.0
2011-11-01,Volatility rule,0.0
2011-11-02,Volatility rule,0.0
2011-11-03,Volatility rule,0.0
2011-11-04,Volatility rule,0.0
2011-11-08,Volatility rule,0.0
2011-11-09,Volatility rule,0.0
2011-11-11,Volatility rule,0.0
2011-11-14,Volatility rule,0.014921546043672101
2011-11-15,Volatility rule,0.0
2011-11-16,Volatility rule,0.0
2011-11-17,Volatility rule,0.0
2011-11-18,Volatility rule,0.0
2011-11-21,Volatility rule,0.0
2011-11-22,Volatility rule,0.0
2011-11-23,Volatility rule,0.0
2011-11-24,Volatility rule,0.0
2011-11-25,Volatility rule,0.0
2011-11-28,Volatility rule,0.0
2011-11-29,Volatility rule,0.0
2011-11-30,Volatility rule,0.0
2011-12-01,Volatility rule,0.0
2011-12-02,Volatility rule,0.0
2011-12-05,Volatility rule,0.0
2011-12-07,Volatility rule,0.0
2011-12-08,Volatility rule,0.0
2011-12-09,Volatility rule,0.0
2011-12-12,Volatility rule,0.0
2011-12-13,Volatility rule,0.0
2011-12-14,Volatility rule,0.015983652304227353
2011-12-15,Volatility rule,0.0
2011-12-16,Volatility rule,0.0
2011-12-19,Volatility rule,0.0
2011-12-20,Volatility rule,0.0
2011-12-21,Volatility rule,0.0
2011-12-22,Volatility rule,0.0
2011-12-23,Volatility rule,0.0
2011-12-26,Volatility rule,0.0
2011-12-27,Volatility rule,0.0
2011-12-28,Volatility rule,0.0
2011-12-29,Volatility rule,0.0
2011-12-30,Volatility rule,0.0
2012-01-02,Volatility rule,0.0
2012-01-03,Volatility rule,0.0
2012-01-04,Volatility rule,0.0
2012-01-05,Volatility rule,0.0
2012-01-06,Volatility rule,0.0
2012-01-09,Volatility rule,0.0
2012-01-10,Volatility rule,0.0
2012-01-11,Volatility rule,0.0
2012-01-12,Volatility rule,0.29359783105592857
2012-01-13,Volatility rule,0.0
2012-01-16,Volatility rule,0.0
2012-01-17,Volatility rule,0.0
2012-01-18,Volatility rule,0.0
2012-01-19,Volatility rule,0.0
2012-01-20,Volatility rule,0.0
2012-01-23,Volatility rule,0.0
2012-01-24,Volatility rule,0.0
2012-01-25,Volatility rule,0.0
2012-01-27,Volatility rule,0.0
2012-01-30,Volatility rule,0.0
2012-01-31,Volatility rule,0.0
2012-02-01,Volatility rule,0.0
2012-02-02,Volatility rule,0.0
2012-02-03,Volatility rule,0.0
2012-02-06,Volatility rule,0.0
2012-02-07,Volatility rule,0.0
2012-02-08,Volatility rule,0.0
2012-02-09,Volatility rule,0.0
2012-02-10,Volatility rule,0.0
2012-02-13,Volatility rule,0.023522347026537035
2012-02-14,Volatility rule,0.0
2012-02-15,Volatility rule,0.0
2012-02-16,Volatility rule,0.0
2012-02-17,Volatility rule,0.0
2012-02-21,Volatility rule,0.0
2012-02-22,Volatility rule,0.0
2012-02-23,Volatility rule,0.0
2012-02-24,Volatility rule,0.0
2012-02-27,Volatility rule,0.0
2012-02-28,Volatility rule,0.0
2012-02-29,Volatility rule,0.0
2012-03-01,Volatility rule,0.0
2012-03-02,Volatility rule,0.0
2012-03-05,Volatility rule,0.0
2012-03-06,Volatility rule,0.0
2012-03-07,Volatility rule,0.0
2012-03-09,Volatility rule,0.0
2012-03-12,Volatility rule,0.0
2012-03-13,Volatility rule,0.0
2012-03-14,Volatility rule,0.0
2012-03-15,Volatility rule,0.0042095220534286715
2012-03-16,Volatility rule,0.0
2012-03-19,Volatility rule,0.0
2012-03-20,Volatility rule,0.0
2012-03-21,Volatility rule,0.0
2012-03-22,Volatility rule,0.0
2012-03-23,Volatility rule,0.0
2012-03-26,Volatility rule,0.0
2012-03-27,Volatility rule,0.0
2012-03-28,Volatility rule,0.0
2012-03-29,Volatility rule,0.0
2012-03-30,Volatility rule,0.0
2012-04-02,Volatility rule,0.0
2012-04-03,Volatility rule,0.0
2012-04-04,Volatility rule,0.0
2012-04-09,Volatility rule,0.0
2012-04-10,Volatility rule,0.0
2012-04-11,Volatility rule,0.0
2012-04-12,Volatility rule,0.0
2012-04-13,Volatility rule,0.0
2012-04-16,Volatility rule,0.0
2012-04-17,Volatility rule,0.010642038837034185
2012-04-18,Volatility rule,0.0
2012-04-19,Volatility rule,0.0
2012-04-20,Volatility rule,0.0
2012-04-23,Volatility rule,0.0
2012-04-24,Volatility rule,0.0
2012-04-25,Volatility rule,0.0
2012-04-26,Volatility rule,0.0
2012-04-27,Volatility rule,0.0
2012-04-30,Volatility rule,0.0
2012-05-02,Volatility rule,0.0
2012-05-03,Volatility rule,0.0
2012-05-04,Volatility rule,0.0
2012-05-07,Volatility rule,0.0
2012-05-08,Volatility rule,0.0
2012-05-09,Volatility rule,0.0
2012-05-10,Volatility rule,0.0
2012-05-11,Volatility rule,0.0
2012-05-14,Volatility rule,0.0
2012-05-15,Volatility rule,0.0
2012-05-16,Volatility rule,0.0
2012-05-17,Volatility rule,0.01696678908252265
2012-05-18,Volatility rule,0.0
2012-05-21,Volatility rule,0.0
2012-05-22,Volatility rule,0.0
2012-05-23,Volatility rule,0.0
2012-05-24,Volatility rule,0.0
2013-01-31,Volatility rule,0.0
2013-02-01,Volatility rule,0.0
2013-02-04,Volatility rule,0.0
2013-02-05,Volatility rule,0.0
2013-02-06,Volatility rule,0.0
2013-02-07,Volatility rule,0.0
2013-02-08,Volatility rule,0.0
2013-02-11,Volatility rule,0.0
2013-02-12,Volatility rule,0.0
2013-02-13,Volatility rule,0.0
2013-02-14,Volatility rule,0.0
2013-02-15,Volatility rule,0.0
2013-02-18,Volatility rule,0.0
2013-02-19,Volatility rule,0.0
2013-02-20,Volatility rule,0.0
2013-02-21,Volatility rule,0.005339208350371438
2013-02-22,Volatility rule,0.0
2013-02-25,Volatility rule,0.0
2013-02-26,Volatility rule,0.0
2013-02-27,Volatility rule,0.0
2013-02-28,Volatility rule,0.0
2013-03-01,Volatility rule,0.0
2013-03-04,Volatility rule,0.0
2013-03-05,Volatility rule,0.0
2013-03-06,Volatility rule,0.0
2013-03-07,Volatility rule,0.0
2013-03-08,Volatility rule,0.0
2013-03-11,Volatility rule,0.0
2013-03-12,Volatility rule,0.0
2013-03-13,Volatility rule,0.0
2013-03-14,Volatility rule,0.0
2013-03-15,Volatility rule,0.0
2013-03-18,Volatility rule,0.0
2013-03-19,Volatility rule,0.0
2013-03-20,Volatility rule,0.0
2013-03-21,Volatility rule,0.0
2013-03-22,Volatility rule,0.011224243903261863
2013-03-25,Volatility rule,0.0
2013-03-26,Volatility rule,0.0
2013-03-28,Volatility rule,0.0
2013-04-01,Volatility rule,0.0
2013-04-02,Volatility rule,0.0
2013-04-03,Volatility rule,0.0
2013-04-04,Volatility rule,0.0
2013-04-05,Volatility rule,0.0
2013-04-08,Volatility rule,0.0
2013-04-09,Volatility rule,0.0
2013-04-10,Volatility rule,0.0
2013-04-11,Volatility rule,0.0
2013-04-12,Volatility rule,0.0
2013-04-15,Volatility rule,0.0
2013-04-16,Volatility rule,0.0
2013-04-17,Volatility rule,0.0
2013-04-18,Volatility rule,0.0
2013-04-22,Volatility rule,0.0
2013-04-23,Volatility rule,0.0
2013-04-25,Volatility rule,0.0
2013-04-26,Volatility rule,0.020718540688021342
2013-04-29,Volatility rule,0.0
2013-04-30,Volatility rule,0.0
2013-05-02,Volatility rule,0.0
2013-05-03,Volatility rule,0.0
2013-05-06,Volatility rule,0.0
2013-05-07,Volatility rule,0.0
2013-05-08,Volatility rule,0.0
2013-05-09,Volatility rule,0.0
2013-05-10,Volatility rule,0.0
2013-05-13,Volatility rule,0.0
2013-05-14,Volatility rule,0.0
2013-05-15,Volatility rule,0.0
2013-05-16,Volatility rule,0.0
2013-05-17,Volatility rule,0.0
2013-05-20,Volatility rule,0.0
2013-05-21,Volatility rule,0.0
2013-05-22,Volatility rule,0.0
2013-05-23,Volatility rule,0.0
2013-05-24,Volatility rule,0.0
2013-05-27,Volatility rule,0.0
2013-05-28,Volatility rule,0.01263000162819003
2013-05-29,Volatility rule,0.0
2013-05-30,Volatility rule,0.0
2013-05-31,Volatility rule,0.0
2013-06-03,Volatility rule,0.0
2013-06-04,Volatility rule,0.0
2013-06-05,Volatility rule,0.0
2013-06-06,Volatility rule,0.0
2013-06-07,Volatility rule,0.0
2013-06-10,Volatility rule,0.0
2013-06-11,Volatility rule,0.0
2013-06-12,Volatility rule,0.0
2013-06-13,Volatility rule,0.0
2013-06-14,Volatility rule,0.0
2013-06-17,Volatility rule,0.0
2013-06-18,Volatility rule,0.0
2013-06-19,Volatility rule,0.0
2013-06-20,Volatility rule,0.0
2013-06-21,Volatility rule,0.0
2013-06-24,Volatility rule,0.0
2013-06-25,Volatility rule,0.0
2013-06-26,Volatility rule,0.019249108943484763
2013-06-27,Volatility rule,0.0
2013-06-28,Volatility rule,0.0
2013-07-01,Volatility rule,0.0
2013-07-02,Volatility rule,0.0
2013-07-03,Volatility rule,0.0
2013-07-04,Volatility rule,0.0
2013-07-05,Volatility rule,0.0
2013-07-08,Volatility rule,0.0
2013-07-09,Volatility rule,0.0
2013-07-10,Volatility rule,0.0
2013-07-11,Volatility rule,0.0
2013-07-12,Volatility rule,0.0
2013-07-15,Volatility rule,0.0
2013-07-16,Volatility rule,0.0
2013-07-17,Volatility rule,0.0
2013-07-18,Volatility rule,0.0
2013-07-19,Volatility rule,0.0
2013-07-22,Volatility rule,0.0
2013-07-23,Volatility rule,0.0
2013-07-24,Volatility rule,0.0
2013-07-25,Volatility rule,0.006844688842701924
2013-07-26,Volatility rule,0.0
2013-07-29,Volatility rule,0.0
2013-07-30,Volatility rule,0.0
2013-07-31,Volatility rule,0.0
2013-08-01,Volatility rule,0.0
2013-08-02,Volatility rule,0.0
2013-08-05,Volatility rule,0.0
2013-08-06,Volatility rule,0.0
2013-08-07,Volatility rule,0.0
2013-08-08,Volatility rule,0.0
2013-08-12,Volatility rule,0.0
2013-08-13,Volatility rule,0.0
2013-08-14,Volatility rule,0.0
2013-08-16,Volatility rule,0.0
2013-08-19,Volatility rule,0.0
2013-08-20,Volatility rule,0.0
2013-08-21,Volatility rule,0.0
2013-08-22,Volatility rule,0.0
2013-08-23,Volatility rule,0.0
2013-08-26,Volatility rule,0.0
2013-08-27,Volatility rule,0.25263951198976103
2013-08-28,Volatility rule,0.0
2013-08-29,Volatility rule,0.0
2013-08-30,Volatility rule,0.0
2013-09-02,Volatility rule,0.0
2013-09-03,Volatility rule,0.0
2013-09-04,Volatility rule,0.0
2013-09-05,Volatility rule,0.0
2013-09-06,Volatility rule,0.0
2013-09-10,Volatility rule,0.0
2013-09-11,Volatility rule,0.0
2013-09-12,Volatility rule,0.0
2013-09-13,Volatility rule,0.0
2013-09-16,Volatility rule,0.0
2013-09-17,Volatility rule,0.0
2013-09-18,Volatility rule,0.0
2013-09-19,Volatility rule,0.0
2013-09-20,Volatility rule,0.0
2013-09-23,Volatility rule,0.0
2013-09-24,Volatility rule,0.0
2013-09-25,Volatility rule,0.0
2013-09-26,Volatility rule,0.030543302596086702
2013-09-27,Volatility rule,0.0
2013-09-30,Volatility rule,0.0
2013-10-01,Volatility rule,0.0
2013-10-03,Volatility rule,0.0
2013-10-04,Volatility rule,0.0
2013-10-07,Volatility rule,0.0
2013-10-08,Volatility rule,0.0
2013-10-09,Volatility rule,0.0
2013-10-10,Volatility rule,0.0
2013-10-11,Volatility rule,0.0
2013-10-14,Volatility rule,0.0
2013-10-15,Volatility rule,0.0
2013-10-17,Volatility rule,0.0
2013-10-18,Volatility rule,0.0
2013-10-21,Volatility rule,0.0
2013-10-22,Volatility rule,0.0
2013-10-23,Volatility rule,0.0
2013-10-24,Volatility rule,0.0
2013-10-25,Volatility rule,0.0
2013-10-28,Volatility rule,0.0
2013-10-29,Volatility rule,0.01097840388786539
2013-10-30,Volatility rule,0.0
2013-10-31,Volatility rule,0.0
2013-11-01,Volatility rule,0.0
2013-11-05,Volatility rule,0.0
2013-11-06,Volatility rule,0.0
2013-11-07,Volatility rule,0.0
2013-11-08,Volatility rule,0.0
2013-11-11,Volatility rule,0.0
2013-11-12,Volatility rule,0.0
2013-11-13,Volatility rule,0.0
2013-11-14,Volatility rule,0.0
2013-11-18,Volatility rule,0.0
2013-11-19,Volatility rule,0.0
2013-11-20,Volatility rule,0.0
2013-11-21,Volatility rule,0.0
2013-11-22,Volatility rule,0.0
2013-11-25,Volatility rule,0.0
2013-11-26,Volatility rule,0.0
2013-11-27,Volatility rule,0.0
2013-11-28,Volatility rule,0.0
2013-11-29,Volatility rule,0.30144952611673587
2013-12-02,Volatility rule,0.0
2013-12-03,Volatility rule,0.0
2013-12-04,Volatility rule,0.0
2013-12-05,Volatility rule,0.0
2013-12-06,Volatility rule,0.0
2013-12-09,Volatility rule,0.0
2013-12-10,Volatility rule,0.0
2013-12-11,Volatility rule,0.0
2013-12-12,Volatility rule,0.0
2013-12-13,Volatility rule,0.0
2013-12-16,Volatility rule,0.0
2013-12-17,Volatility rule,0.0
2013-12-18,Volatility rule,0.0
2013-12-19,Volatility rule,0.0
2013-12-20,Volatility rule,0.0
2013-12-23,Volatility rule,0.0
2013-12-24,Volatility rule,0.0
2013-12-26,Volatility rule,0.0
2013-12-27,Volatility rule,0.0
2013-12-30,Volatility rule,0.0
2013-12-31,Volatility rule,0.011626887718614837
2014-01-01,Volatility rule,0.0
2014-01-02,Volatility rule,0.0
2014-01-03,Volatility rule,0.0
2014-01-06,Volatility rule,0.0
2014-01-07,Volatility rule,0.0
2014-01-08,Volatility rule,0.0
2014-01-09,Volatility rule,0.0
2014-01-10,Volatility rule,0.0
2014-01-13,Volatility rule,0.0
2014-01-14,Volatility rule,0.0
2014-01-15,Volatility rule,0.0
2014-01-16,Volatility rule,0.0
2014-01-17,Volatility rule,0.0
2014-01-20,Volatility rule,0.0
2014-01-21,Volatility rule,0.0
2014-01-22,Volatility rule,0.0
2014-01-23,Volatility rule,0.0
2014-01-24,Volatility rule,0.0
2014-01-27,Volatility rule,0.0
2014-01-28,Volatility rule,0.0
2014-01-29,Volatility rule,0.011387160623191922
2014-01-30,Volatility rule,0.0
2014-01-31,Volatility rule,0.0
2014-02-03,Volatility rule,0.0
2014-02-04,Volatility rule,0.0
2014-02-05,Volatility rule,0.0
2014-02-06,Volatility rule,0.0
2014-02-07,Volatility rule,0.0
2014-02-10,Volatility rule,0.0
2014-02-11,Volatility rule,0.0
2014-02-12,Volatility rule,0.0
2014-02-13,Volatility rule,0.0
2014-02-14,Volatility rule,0.0
2014-02-17,Volatility rule,0.0
2014-02-18,Volatility rule,0.0
2014-02-19,Volatility rule,0.0
2014-02-20,Volatility rule,0.0
2014-02-21,Volatility rule,0.0
2014-02-24,Volatility rule,0.0
2014-02-25,Volatility rule,0.0
2014-02-26,Volatility rule,0.0
2014-02-28,Volatility rule,0.0031572917863284533
2014-03-03,Volatility rule,0.0
2014-03-04,Volatility rule,0.0
2014-03-05,Volatility rule,0.0
2014-03-06,Volatility rule,0.0
2014-03-07,Volatility rule,0.0
2014-03-10,Volatility rule,0.0
2014-03-11,Volatility rule,0.0
2014-03-12,Volatility rule,0.0
2014-03-13,Volatility rule,0.0
2014-03-14,Volatility rule,0.0
2014-03-18,Volatility rule,0.0
2014-03-19,Volatility rule,0.0
2014-03-20,Volatility rule,0.0
2014-03-21,Volatility rule,0.0
2014-03-24,Volatility rule,0.0
2014-03-25,Volatility rule,0.0
2014-03-26,Volatility rule,0.0
2014-03-27,Volatility rule,0.0
2014-03-28,Volatility rule,0.0
2014-03-31,Volatility rule,0.0
2014-04-01,Volatility rule,0.022668738017929027
2014-04-02,Volatility rule,0.0
2014-04-03,Volatility rule,0.0
2014-04-04,Volatility rule,0.0
2014-04-07,Volatility rule,0.0
2014-04-09,Volatility rule,0.0
2014-04-10,Volatility rule,0.0
2014-04-11,Volatility rule,0.0
2014-04-15,Volatility rule,0.0
2014-04-16,Volatility rule,0.0
2014-04-17,Volatility rule,0.0
2014-04-21,Volatility rule,0.0
2014-04-22,Volatility rule,0.0
2014-04-23,Volatility rule,0.0
2014-04-25,Volatility rule,0.0
2014-04-28,Volatility rule,0.0
2014-04-29,Volatility rule,0.0
2014-04-30,Volatility rule,0.0
2014-05-02,Volatility rule,0.0
2014-05-05,Volatility rule,0.0
2014-05-06,Volatility rule,0.0
2014-05-07,Volatility rule,0.008684651147472036
2014-05-08,Volatility rule,0.0
2014-05-09,Volatility rule,0.0
2014-05-12,Volatility rule,0.0
2014-05-13,Volatility rule,0.0
2014-05-14,Volatility rule,0.0
2014-05-15,Volatility rule,0.0
2014-05-16,Volatility rule,0.0
2014-05-19,Volatility rule,0.0
2014-05-20,Volatility rule,0.0
2014-05-21,Volatility rule,0.0
2014-05-22,Volatility rule,0.0
2014-05-23,Volatility rule,0.0
2014-05-26,Volatility rule,0.0
2014-05-27,Volatility rule,0.0
2014-05-28,Volatility rule,0.0
2014-05-29,Volatility rule,0.0
2014-05-30,Volatility rule,0.0
2014-06-02,Volatility rule,0.0
2014-06-03,Volatility rule,0.0
2014-06-04,Volatility rule,0.0
2014-06-05,Volatility rule,0.04052188632185928
2014-06-06,Volatility rule,0.0
2014-06-09,Volatility rule,0.0
2014-06-10,Volatility rule,0.0
2014-06-11,Volatility rule,0.0
2014-06-12,Volatility rule,0.0
2014-06-13,Volatility rule,0.0
2014-06-16,Volatility rule,0.0
2014-06-17,Volatility rule,0.0
2014-06-18,Volatility rule,0.0
2014-06-19,Volatility rule,0.0
2014-06-20,Volatility rule,0.0
2014-06-23,Volatility rule,0.0
2014-06-24,Volatility rule,0.0
2014-06-25,Volatility rule,0.0
2014-06-26,Volatility rule,0.0
2014-06-27,Volatility rule,0.0
2014-06-30,Volatility rule,0.0
2014-07-01,Volatility rule,0.0
2014-07-02,Volatility rule,0.0
2014-07-03,Volatility rule,0.0
2014-07-04,Volatility rule,0.004169799748037953
2014-07-07,Volatility rule,0.0
2014-07-08,Volatility rule,0.0
2014-07-09,Volatility rule,0.0
2014-07-10,Volatility rule,0.0
2014-07-11,Volatility rule,0.0
2014-07-14,Volatility rule,0.0
2014-07-15,Volatility rule,0.0
2014-07-16,Volatility rule,0.0
2014-07-17,Volatility rule,0.0
2014-07-18,Volatility rule,0.0
2014-07-21,Volatility rule,0.0
2014-07-22,Volatility rule,0.0
2014-07-23,Volatility rule,0.0
2014-07-24,Volatility rule,0.0
2014-07-25,Volatility rule,0.0
2014-07-28,Volatility rule,0.0
2014-07-30,Volatility rule,0.0
2014-07-31,Volatility rule,0.0
2014-08-01,Volatility rule,0.0
2014-08-04,Volatility rule,0.0
2014-08-05,Volatility rule,0.00088387272497846
2014-08-06,Volatility rule,0.0
2014-08-07,Volatility rule,0.0
2014-08-08,Volatility rule,0.0
2014-08-11,Volatility rule,0.0
2014-08-12,Volatility rule,0.0
2014-08-13,Volatility rule,0.0
2014-08-14,Volatility rule,0.0
2014-08-18,Volatility rule,0.0
2014-08-19,Volatility rule,0.0
2014-08-20,Volatility rule,0.0
2014-08-21,Volatility rule,0.0
2014-08-22,Volatility rule,0.0
2014-08-25,Volatility rule,0.0
2014-08-26,Volatility rule,0.0
2014-08-27,Volatility rule,0.0
2014-08-28,Volatility rule,0.0
2014-09-01,Volatility rule,0.0
2014-09-02,Volatility rule,0.0
2014-09-03,Volatility rule,0.0
2014-09-04,Volatility rule,0.0
2014-09-05,Volatility rule,0.012051675957924515
2014-09-08,Volatility rule,0.0
2014-09-09,Volatility rule,0.0
2014-09-10,Volatility rule,0.0
2014-09-11,Volatility rule,0.0
2014-09-12,Volatility rule,0.0
2014-09-15,Volatility rule,0.0
2014-09-16,Volatility rule,0.0
2014-09-17,Volatility rule,0.0
2014-09-18,Volatility rule,0.0
2014-09-19,Volatility rule,0.0
2014-09-22,Volatility rule,0.0
2014-09-23,Volatility rule,0.0
2014-09-24,Volatility rule,0.0
2014-09-25,Volatility rule,0.0
2014-09-26,Volatility rule,0.0
2014-09-29,Volatility rule,0.0
2014-09-30,Volatility rule,0.0
2014-10-01,Volatility rule,0.0
2014-10-07,Volatility rule,0.0
2014-10-08,Volatility rule,0.0
2014-10-09,Volatility rule,0.0025958609314345044
2014-10-10,Volatility rule,0.0
2014-10-13,Volatility rule,0.0
2014-10-14,Volatility rule,0.0
2014-10-15,Volatility rule,0.0
2014-10-16,Volatility rule,0.0
2014-10-17,Volatility rule,0.0
2014-10-20,Volatility rule,0.0
2014-10-21,Volatility rule,0.0
2014-10-22,Volatility rule,0.0
2014-10-27,Volatility rule,0.0
2014-10-28,Volatility rule,0.0
2014-10-29,Volatility rule,0.0
2014-10-30,Volatility rule,0.0
2014-10-31,Volatility rule,0.0
2014-11-03,Volatility rule,0.0
2014-11-05,Volatility rule,0.0
2014-11-07,Volatility rule,0.0
2014-11-10,Volatility rule,0.0
2014-11-11,Volatility rule,0.0
2014-11-12,Volatility rule,0.0
2014-11-13,Volatility rule,0.01552692263465387
2014-11-14,Volatility rule,0.0
2014-11-17,Volatility rule,0.0
2014-11-18,Volatility rule,0.0
2014-11-19,Volatility rule,0.0
2014-11-20,Volatility rule,0.0
2014-11-21,Volatility rule,0.0
2014-11-24,Volatility rule,0.0
2014-11-25,Volatility rule,0.0
2014-11-26,Volatility rule,0.0
2014-11-27,Volatility rule,0.0
2014-11-28,Volatility rule,0.0
2014-12-01,Volatility rule,0.0
2014-12-02,Volatility rule,0.0
2014-12-03,Volatility rule,0.0
2014-12-04,Volatility rule,0.0
2014-12-05,Volatility rule,0.0
2014-12-08,Volatility rule,0.0
2014-12-09,Volatility rule,0.0
2014-12-10,Volatility rule,0.0
2014-12-11,Volatility rule,0.0
2014-12-12,Volatility rule,0.009072878810673007
2014-12-15,Volatility rule,0.0
2014-12-16,Volatility rule,0.0
2014-12-17,Volatility rule,0.0
2014-12-18,Volatility rule,0.0
2014-12-19,Volatility rule,0.0
2014-12-22,Volatility rule,0.0
2014-12-23,Volatility rule,0.0
2014-12-24,Volatility rule,0.0
2014-12-26,Volatility rule,0.0
2014-12-29,Volatility rule,0.0
2014-12-30,Volatility rule,0.0
2014-12-31,Volatility rule,0.0
2015-01-01,Volatility rule,0.0
2015-01-02,Volatility rule,0.0
2015-01-05,Volatility rule,0.0
2015-01-06,Volatility rule,0.0
2015-01-07,Volatility rule,0.0
2015-01-08,Volatility rule,0.0
2015-01-09,Volatility rule,0.0
2015-01-12,Volatility rule,0.0
2015-01-13,Volatility rule,0.30091249704212353
2015-01-14,Volatility rule,0.0
2015-01-15,Volatility rule,0.0
2015-01-16,Volatility rule,0.0
2015-01-19,Volatility rule,0.0
2015-01-20,Volatility rule,0.0
2015-01-21,Volatility rule,0.0
2015-01-22,Volatility rule,0.0
2015-01-23,Volatility rule,0.0
2015-01-27,Volatility rule,0.0
2015-01-28,Volatility rule,0.0
2015-01-29,Volatility rule,0.0
2015-01-30,Volatility rule,0.0
2015-02-02,Volatility rule,0.0
2015-02-03,Volatility rule,0.0
2015-02-04,Volatility rule,0.0
2015-02-05,Volatility rule,0.0
2015-02-06,Volatility rule,0.0
2015-02-09,Volatility rule,0.0
2015-02-10,Volatility rule,0.0
2015-02-11,Volatility rule,0.0
2015-02-12,Volatility rule,0.011052857039360237
2015-02-13,Volatility rule,0.0
2015-02-16,Volatility rule,0.0
2015-02-18,Volatility rule,0.0
2015-02-19,Volatility rule,0.0
2015-02-20,Volatility rule,0.0
2015-02-23,Volatility rule,0.0
2015-02-24,Volatility rule,0.0
2015-02-25,Volatility rule,0.0
2015-02-26,Volatility rule,0.0
2015-02-27,Volatility rule,0.0
2015-03-02,Volatility rule,0.0
2015-03-03,Volatility rule,0.0
2015-03-04,Volatility rule,0.0
2015-03-05,Volatility rule,0.0
2015-03-09,Volatility rule,0.0
2015-03-10,Volatility rule,0.0
2015-03-11,Volatility rule,0.0
2015-03-12,Volatility rule,0.0
2015-03-13,Volatility rule,0.0
2015-03-16,Volatility rule,0.0
2015-03-17,Volatility rule,0.009703325375622712
2015-03-18,Volatility rule,0.0
2015-03-19,Volatility rule,0.0
2015-03-20,Volatility rule,0.0
2015-03-23,Volatility rule,0.0
2015-03-24,Volatility rule,0.0
2015-03-25,Volatility rule,0.0
2015-03-26,Volatility rule,0.0
2015-03-27,Volatility rule,0.0
2015-03-30,Volatility rule,0.0
2015-03-31,Volatility rule,0.0
2015-04-01,Volatility rule,0.0
2015-04-06,Volatility rule,0.0
2015-04-07,Volatility rule,0.0
2015-04-08,Volatility rule,0.0
2015-04-09,Volatility rule,0.0
2015-04-10,Volatility rule,0.0
2015-04-13,Volatility rule,0.0
2015-04-15,Volatility rule,0.0
2015-04-16,Volatility rule,0.0
2015-04-17,Volatility rule,0.0
2015-04-20,Volatility rule,0.011244070714356513
2015-04-21,Volatility rule,0.0
2015-04-22,Volatility rule,0.0
2015-04-23,Volatility rule,0.0
2015-04-24,Volatility rule,0.0
2015-04-27,Volatility rule,0.0
2015-04-28,Volatility rule,0.0
2015-04-29,Volatility rule,0.0
2015-04-30,Volatility rule,0.0
2015-05-04,Volatility rule,0.0
2015-05-05,Volatility rule,0.0
2015-05-06,Volatility rule,0.0
2015-05-07,Volatility rule,0.0
2015-05-08,Volatility rule,0.0
2015-05-11,Volatility rule,0.0
2015-05-12,Volatility rule,0.0
2015-05-13,Volatility rule,0.0
2015-05-14,Volatility rule,0.0
2015-05-15,Volatility rule,0.0
2015-05-18,Volatility rule,0.0
2015-05-19,Volatility rule,0.0
2015-05-20,Volatility rule,0.002949035310159276
2015-05-21,Volatility rule,0.0
2015-05-22,Volatility rule,0.0
2015-05-25,Volatility rule,0.0
2015-05-26,Volatility rule,0.0
2015-05-27,Volatility rule,0.0
2015-05-28,Volatility rule,0.0
2015-05-29,Volatility rule,0.0
2015-06-01,Volatility rule,0.0
2015-06-02,Volatility rule,0.0
2015-06-03,Volatility rule,0.0
2015-06-04,Volatility rule,0.0
2015-06-05,Volatility rule,0.0
2015-06-08,Volatility rule,0.0
2015-06-09,Volatility rule,0.0
2015-06-10,Volatility rule,0.0
2015-06-11,Volatility rule,0.0
2015-06-12,Volatility rule,0.0
2015-06-15,Volatility rule,0.0
2015-06-16,Volatility rule,0.0
2015-06-17,Volatility rule,0.0
2015-06-18,Volatility rule,0.006234780083956282
2015-06-19,Volatility rule,0.0
2015-06-22,Volatility rule,0.0
2015-06-23,Volatility rule,0.0
2015-06-24,Volatility rule,0.0
2015-06-25,Volatility rule,0.0
2015-06-26,Volatility rule,0.0
2015-06-29,Volatility rule,0.0
2015-06-30,Volatility rule,0.0
2015-07-01,Volatility rule,0.0
2015-07-02,Volatility rule,0.0
2015-07-03,Volatility rule,0.0
2015-07-06,Volatility rule,0.0
2015-07-07,Volatility rule,0.0
2015-07-08,Volatility rule,0.0
2015-07-09,Volatility rule,0.0
2015-07-10,Volatility rule,0.0
2015-07-13,Volatility rule,0.0
2015-07-14,Volatility rule,0.0
2015-07-15,Volatility rule,0.0
2015-07-16,Volatility rule,0.0
2015-07-17,Volatility rule,0.015754609239988393
2015-07-20,Volatility rule,0.0
2015-07-21,Volatility rule,0.0
2015-07-22,Volatility rule,0.0
2015-07-23,Volatility rule,0.0
2015-07-24,Volatility rule,0.0
2015-07-27,Volatility rule,0.0
2015-07-28,Volatility rule,0.0
2015-07-29,Volatility rule,0.0
2015-07-30,Volatility rule,0.0
2015-07-31,Volatility rule,0.0
2015-08-03,Volatility rule,0.0
2015-08-04,Volatility rule,0.0
2015-08-05,Volatility rule,0.0
2015-08-06,Volatility rule,0.0
2015-08-07,Volatility rule,0.0
2015-08-10,Volatility rule,0.0
2015-08-11,Volatility rule,0.0
2015-08-12,Volatility rule,0.0
2015-08-13,Volatility rule,0.0
2015-08-14,Volatility rule,0.0
2015-08-17,Volatility rule,0.30418639454933727
2015-08-18,Volatility rule,0.0
2015-08-19,Volatility rule,0.0
2015-08-20,Volatility rule,0.0
2015-08-21,Volatility rule,0.0
2015-08-24,Volatility rule,0.0
2015-08-25,Volatility rule,0.0
2015-08-26,Volatility rule,0.0
2015-08-27,Volatility rule,0.0
2015-08-28,Volatility rule,0.0
2015-08-31,Volatility rule,0.0
2015-09-01,Volatility rule,0.0
2015-09-02,Volatility rule,0.0
2015-09-03,Volatility rule,0.0
2015-09-04,Volatility rule,0.0
2015-09-07,Volatility rule,0.0
2015-09-08,Volatility rule,0.0
2015-09-09,Volatility rule,0.0
2015-09-10,Volatility rule,0.0
2015-09-11,Volatility rule,0.0
2015-09-14,Volatility rule,0.0
2015-09-15,Volatility rule,0.2808017527176679
2015-09-16,Volatility rule,0.0
2015-09-18,Volatility rule,0.0
2015-09-21,Volatility rule,0.0
2015-09-22,Volatility rule,0.0
2015-09-23,Volatility rule,0.0
2015-09-24,Volatility rule,0.0
2015-09-28,Volatility rule,0.0
2015-09-29,Volatility rule,0.0
2015-09-30,Volatility rule,0.0
2015-10-01,Volatility rule,0.0
2015-10-05,Volatility rule,0.0
2015-10-06,Volatility rule,0.0
2015-10-07,Volatility rule,0.0
2015-10-08,Volatility rule,0.0
2015-10-09,Volatility rule,0.0
2015-10-12,Volatility rule,0.0
2015-10-13,Volatility rule,0.0
2015-10-14,Volatility rule,0.0
2015-10-15,Volatility rule,0.0
2015-10-16,Volatility rule,0.0
2015-10-19,Volatility rule,0.009273061842038133
2015-10-20,Volatility rule,0.0
2015-10-21,Volatility rule,0.0
2015-10-23,Volatility rule,0.0
2015-10-26,Volatility rule,0.0
2015-10-27,Volatility rule,0.0
2015-10-28,Volatility rule,0.0
2015-10-29,Volatility rule,0.0
2015-10-30,Volatility rule,0.0
2015-11-02,Volatility rule,0.0
2015-11-03,Volatility rule,0.0
2015-11-04,Volatility rule,0.0
2015-11-05,Volatility rule,0.0
2015-11-06,Volatility rule,0.0
2015-11-09,Volatility rule,0.0
2015-11-10,Volatility rule,0.0
2015-11-13,Volatility rule,0.0
2015-11-16,Volatility rule,0.0
2015-11-17,Volatility rule,0.0
2015-11-18,Volatility rule,0.0
2015-11-19,Volatility rule,0.0
2015-11-20,Volatility rule,0.012235976181337371
2015-11-23,Volatility rule,0.0
2015-11-24,Volatility rule,0.0
2015-11-26,Volatility rule,0.0
2015-11-27,Volatility rule,0.0
2015-11-30,Volatility rule,0.0
2015-12-01,Volatility rule,0.0
2015-12-02,Volatility rule,0.0
2015-12-03,Volatility rule,0.0
2015-12-04,Volatility rule,0.0
2015-12-07,Volatility rule,0.0
2015-12-08,Volatility rule,0.0
2015-12-09,Volatility rule,0.0
2015-12-10,Volatility rule,0.0
2015-12-11,Volatility rule,0.0
2015-12-14,Volatility rule,0.0
2015-12-15,Volatility rule,0.0
2015-12-16,Volatility rule,0.0
2015-12-17,Volatility rule,0.0
2015-12-18,Volatility rule,0.0
2015-12-21,Volatility rule,0.0
2015-12-22,Volatility rule,0.30172955521218303
2015-12-23,Volatility rule,0.0
2015-12-24,Volatility rule,0.0
2015-12-28,Volatility rule,0.0
2015-12-29,Volatility rule,0.0
2015-12-30,Volatility rule,0.0
2015-12-31,Volatility rule,0.0
2016-01-01,Volatility rule,0.0
2016-01-04,Volatility rule,0.0
2016-01-05,Volatility rule,0.0
2016-01-06,Volatility rule,0.0
2016-01-07,Volatility rule,0.0
2016-01-08,Volatility rule,0.0
2016-01-11,Volatility rule,0.0
2016-01-12,Volatility rule,0.0
2016-01-13,Volatility rule,0.0
2016-01-14,Volatility rule,0.0
2016-01-15,Volatility rule,0.0
2016-01-18,Volatility rule,0.0
2016-01-19,Volatility rule,0.0
2016-01-20,Volatility rule,0.0
2016-01-21,Volatility rule,0.020950449515011918
2016-01-22,Volatility rule,0.0
2016-01-25,Volatility rule,0.0
2016-01-27,Volatility rule,0.0
2016-01-28,Volatility rule,0.0
2016-01-29,Volatility rule,0.0
2016-02-01,Volatility rule,0.0
2016-02-02,Volatility rule,0.0
2016-02-03,Volatility rule,0.0
2016-02-04,Volatility rule,0.0
2016-02-05,Volatility rule,0.0
2016-02-08,Volatility rule,0.0
2016-02-09,Volatility rule,0.0
2016-02-10,Volatility rule,0.0
2016-02-11,Volatility rule,0.0
2016-02-12,Volatility rule,0.0
2016-02-15,Volatility rule,0.0
2016-02-16,Volatility rule,0.0
2016-02-17,Volatility rule,0.0
2016-02-18,Volatility rule,0.0
2016-02-19,Volatility rule,0.0
2016-02-22,Volatility rule,0.01313444426479278
2016-02-23,Volatility rule,0.0
2016-02-24,Volatility rule,0.0
2016-02-25,Volatility rule,0.0
2016-02-26,Volatility rule,0.0
2016-02-29,Volatility rule,0.0
2016-03-01,Volatility rule,0.0
2016-03-02,Volatility rule,0.0
2016-03-03,Volatility rule,0.0
2016-03-04,Volatility rule,0.0
2016-03-08,Volatility rule,0.0
2016-03-09,Volatility rule,0.0
2016-03-10,Volatility rule,0.0
2016-03-11,Volatility rule,0.0
2016-03-14,Volatility rule,0.0
2016-03-15,Volatility rule,0.0
2016-03-16,Volatility rule,0.0
2016-03-17,Volatility rule,0.0
2016-03-18,Volatility rule,0.0
2016-03-21,Volatility rule,0.0
2016-03-22,Volatility rule,0.0
2016-03-23,Volatility rule,0.014879377651350154
2016-03-28,Volatility rule,0.0
2016-03-29,Volatility rule,0.0
2016-03-30,Volatility rule,0.0
2016-03-31,Volatility rule,0.0
2016-04-01,Volatility rule,0.0
2016-04-04,Volatility rule,0.0
2016-04-05,Volatility rule,0.0
2016-04-06,Volatility rule,0.0
2016-04-07,Volatility rule,0.0
2016-04-08,Volatility rule,0.0
2016-04-11,Volatility rule,0.0
2016-04-12,Volatility rule,0.0
2016-04-13,Volatility rule,0.0
2016-04-18,Volatility rule,0.0
2016-04-20,Volatility rule,0.0
2016-04-21,Volatility rule,0.0
2016-04-22,Volatility rule,0.0
2016-04-25,Volatility rule,0.0
2016-04-26,Volatility rule,0.0
2016-04-27,Volatility rule,0.0
2016-04-28,Volatility rule,0.0046272366386403835
2016-04-29,Volatility rule,0.0
2016-05-02,Volatility rule,0.0
2016-05-03,Volatility rule,0.0
2016-05-04,Volatility rule,0.0
2016-05-05,Volatility rule,0.0
2016-05-06,Volatility rule,0.0
2016-05-09,Volatility rule,0.0
2016-05-10,Volatility rule,0.0
2016-05-11,Volatility rule,0.0
2016-05-12,Volatility rule,0.0
2016-05-13,Volatility rule,0.0
2016-05-16,Volatility rule,0.0
2016-05-17,Volatility rule,0.0
2016-05-18,Volatility rule,0.0
2016-05-19,Volatility rule,0.0
2016-05-20,Volatility rule,0.0
2016-05-23,Volatility rule,0.0
2016-05-24,Volatility rule,0.0
2016-05-25,Volatility rule,0.0
2016-05-26,Volatility rule,0.0
2016-05-27,Volatility rule,0.008736396674211985
2016-05-30,Volatility rule,0.0
2016-05-31,Volatility rule,0.0
2016-06-01,Volatility rule,0.0
2016-06-02,Volatility rule,0.0
2016-06-03,Volatility rule,0.0
2016-06-06,Volatility rule,0.0
2016-06-07,Volatility rule,0.0
2016-06-08,Volatility rule,0.0
2016-06-09,Volatility rule,0.0
2016-06-10,Volatility rule,0.0
2016-06-13,Volatility rule,0.0
2016-06-14,Volatility rule,0.0
2016-06-15,Volatility rule,0.0
2016-06-16,Volatility rule,0.0
2016-06-17,Volatility rule,0.0
2016-06-20,Volatility rule,0.0
2016-06-21,Volatility rule,0.0
2016-06-22,Volatility rule,0.0
2016-06-23,Volatility rule,0.0
2016-06-24,Volatility rule,0.0
2016-06-27,Volatility rule,0.00809916070633801
2016-06-28,Volatility rule,0.0
2016-06-29,Volatility rule,0.0
2016-06-30,Volatility rule,0.0
2016-07-01,Volatility rule,0.0
2016-07-04,Volatility rule,0.0
2016-07-05,Volatility rule,0.0
2016-07-07,Volatility rule,0.0
2016-07-08,Volatility rule,0.0
2016-07-11,Volatility rule,0.0
2016-07-12,Volatility rule,0.0
2016-07-13,Volatility rule,0.0
2016-07-14,Volatility rule,0.0
2016-07-15,Volatility rule,0.0
2016-07-18,Volatility rule,0.0
2016-07-19,Volatility rule,0.0
2016-07-20,Volatility rule,0.0
2016-07-21,Volatility rule,0.0
2016-07-22,Volatility rule,0.0
2016-07-25,Volatility rule,0.0
2016-07-26,Volatility rule,0.0
2016-07-27,Volatility rule,0.014527180071818968
2016-07-28,Volatility rule,0.0
2016-07-29,Volatility rule,0.0
2016-08-01,Volatility rule,0.0
2016-08-02,Volatility rule,0.0
2016-08-03,Volatility rule,0.0
2016-08-04,Volatility rule,0.0
2016-08-05,Volatility rule,0.0
2016-08-08,Volatility rule,0.0
2016-08-09,Volatility rule,0.0
2016-08-10,Volatility rule,0.0
2016-08-11,Volatility rule,0.0
2016-08-12,Volatility rule,0.0
2016-08-16,Volatility rule,0.0
2016-08-17,Volatility rule,0.0
2016-08-18,Volatility rule,0.0
2016-08-19,Volatility rule,0.0
2016-08-22,Volatility rule,0.0
2016-08-23,Volatility rule,0.0
2016-08-24,Volatility rule,0.0
2016-08-25,Volatility rule,0.0
2016-08-26,Volatility rule,0.004139703045935486
2016-08-29,Volatility rule,0.0
2016-08-30,Volatility rule,0.0
2016-08-31,Volatility rule,0.0
2016-09-01,Volatility rule,0.0
2016-09-02,Volatility rule,0.0
2016-09-06,Volatility rule,0.0
2016-09-07,Volatility rule,0.0
2016-09-08,Volatility rule,0.0
2016-09-09,Volatility rule,0.0
2016-09-12,Volatility rule,0.0
2016-09-14,Volatility rule,0.0
2016-09-15,Volatility rule,0.0
2016-09-16,Volatility rule,0.0
2016-09-19,Volatility rule,0.0
2016-09-20,Volatility rule,0.0
2016-09-21,Volatility rule,0.0
2016-09-22,Volatility rule,0.0
2016-09-23,Volatility rule,0.0
2016-09-26,Volatility rule,0.0
2016-09-27,Volatility rule,0.0
2016-09-28,Volatility rule,0.005611807291703311
2016-09-29,Volatility rule,0.0
2016-09-30,Volatility rule,0.0
2016-10-03,Volatility rule,0.0
2016-10-04,Volatility rule,0.0
2016-10-05,Volatility rule,0.0
2016-10-06,Volatility rule,0.0
2016-10-07,Volatility rule,0.0
2016-10-10,Volatility rule,0.0
2016-10-13,Volatility rule,0.0
2016-10-14,Volatility rule,0.0
2016-10-17,Volatility rule,0.0
2016-10-18,Volatility rule,0.0
2016-10-19,Volatility rule,0.0
2016-10-20,Volatility rule,0.0
2016-10-21,Volatility rule,0.0
2016-10-24,Volatility rule,0.0
2016-10-25,Volatility rule,0.0
2016-10-26,Volatility rule,0.0
2016-10-27,Volatility rule,0.0
2016-10-28,Volatility rule,0.0
2016-11-01,Volatility rule,0.002974421713242928
2016-11-02,Volatility rule,0.0
2016-11-03,Volatility rule,0.0
2016-11-04,Volatility rule,0.0
2016-11-07,Volatility rule,0.0
2016-11-08,Volatility rule,0.0
2016-11-09,Volatility rule,0.0
2016-11-10,Volatility rule,0.0
2016-11-11,Volatility rule,0.0
2016-11-15,Volatility rule,0.0
2016-11-16,Volatility rule,0.0
2016-11-17,Volatility rule,0.0
2016-11-18,Volatility rule,0.0
2016-11-21,Volatility rule,0.0
2016-11-22,Volatility rule,0.0
2016-11-23,Volatility rule,0.0
2016-11-24,Volatility rule,0.0
2016-11-25,Volatility rule,0.0
2016-11-28,Volatility rule,0.0
2016-11-29,Volatility rule,0.0
2016-11-30,Volatility rule,0.0
2016-12-01,Volatility rule,0.0069616694695096015
2016-12-02,Volatility rule,0.0
2016-12-05,Volatility rule,0.0
2016-12-06,Volatility rule,0.0
2016-12-07,Volatility rule,0.0
2016-12-08,Volatility rule,0.0
2016-12-09,Volatility rule,0.0
2016-12-12,Volatility rule,0.0
2016-12-13,Volatility rule,0.0
2016-12-14,Volatility rule,0.0
2016-12-15,Volatility rule,0.0
2016-12-16,Volatility rule,0.0
2016-12-19,Volatility rule,0.0
2016-12-20,Volatility rule,0.0
2016-12-21,Volatility rule,0.0
2016-12-22,Volatility rule,0.0
2016-12-23,Volatility rule,0.0
2016-12-26,Volatility rule,0.0
2016-12-27,Volatility rule,0.0
2016-12-28,Volatility rule,0.0
2016-12-29,Volatility rule,0.0
2016-12-30,Volatility rule,0.30205849510812877
2017-01-02,Volatility rule,0.0
2017-01-03,Volatility rule,0.0
2017-01-04,Volatility rule,0.0
2017-01-05,Volatility rule,0.0
2017-01-06,Volatility rule,0.0
2017-01-09,Volatility rule,0.0
2017-01-10,Volatility rule,0.0
2017-01-11,Volatility rule,0.0
2017-01-12,Volatility rule,0.0
2017-01-13,Volatility rule,0.0
2017-01-16,Volatility rule,0.0
2017-01-17,Volatility rule,0.0
2017-01-18,Volatility rule,0.0
2017-01-19,Volatility rule,0.0
2017-01-20,Volatility rule,0.0
2017-01-23,Volatility rule,0.0
2017-01-24,Volatility rule,0.0
2017-01-25,Volatility rule,0.0
2017-01-27,Volatility rule,0.0
2017-01-30,Volatility rule,0.0
2017-01-31,Volatility rule,0.29286993904886327
2017-02-01,Volatility rule,0.0
2017-02-02,Volatility rule,0.0
2017-02-03,Volatility rule,0.0
2017-02-06,Volatility rule,0.0
2017-02-07,Volatility rule,0.0
2017-02-08,Volatility rule,0.0
2017-02-09,Volatility rule,0.0
2017-02-10,Volatility rule,0.0
2017-02-13,Volatility rule,0.0
2017-02-14,Volatility rule,0.0
2017-02-15,Volatility rule,0.0
2017-02-16,Volatility rule,0.0
2017-02-17,Volatility rule,0.0
2017-02-20,Volatility rule,0.0
2017-02-21,Volatility rule,0.0
2017-02-22,Volatility rule,0.0
2017-02-23,Volatility rule,0.0
2017-02-27,Volatility rule,0.0
2017-02-28,Volatility rule,0.0
2017-03-01,Volatility rule,0.0
2017-03-02,Volatility rule,0.005768998549206483
2017-03-03,Volatility rule,0.0
2017-03-06,Volatility rule,0.0
2017-03-07,Volatility rule,0.0
2017-03-08,Volatility rule,0.0
2017-03-09,Volatility rule,0.0
2017-03-10,Volatility rule,0.0
2017-03-14,Volatility rule,0.0
2017-03-15,Volatility rule,0.0
2017-03-16,Volatility rule,0.0
2017-03-17,Volatility rule,0.0
2017-03-20,Volatility rule,0.0
2017-03-21,Volatility rule,0.0
2017-03-22,Volatility rule,0.0
2017-03-23,Volatility rule,0.0
2017-03-24,Volatility rule,0.0
2017-03-27,Volatility rule,0.0
2017-03-28,Volatility rule,0.0
2017-03-29,Volatility rule,0.0
2017-03-30,Volatility rule,0.0
2017-03-31,Volatility rule,0.0
2017-04-03,Volatility rule,0.011902750375520008
2017-04-05,Volatility rule,0.0
2017-04-06,Volatility rule,0.0
2017-04-07,Volatility rule,0.0
2017-04-10,Volatility rule,0.0
2017-04-11,Volatility rule,0.0
2017-04-12,Volatility rule,0.0
2017-04-13,Volatility rule,0.0
2017-04-17,Volatility rule,0.0
2017-04-18,Volatility rule,0.0
2017-04-19,Volatility rule,0.0
2017-04-20,Volatility rule,0.0
2017-04-21,Volatility rule,0.0
2017-04-24,Volatility rule,0.0
2017-04-25,Volatility rule,0.0
2017-04-26,Volatility rule,0.0
2017-04-27,Volatility rule,0.0
2017-04-28,Volatility rule,0.0
2017-05-02,Volatility rule,0.0
2017-05-03,Volatility rule,0.0
2017-05-04,Volatility rule,0.0
2017-05-05,Volatility rule,0.0017225221597206991
2017-05-08,Volatility rule,0.0
2017-05-09,Volatility rule,0.0
2017-05-10,Volatility rule,0.0
2017-05-11,Volatility rule,0.0
2017-05-12,Volatility rule,0.0
2017-05-15,Volatility rule,0.0
2017-05-16,Volatility rule,0.0
2017-05-17,Volatility rule,0.0
2017-05-18,Volatility rule,0.0
2017-05-19,Volatility rule,0.0
2017-05-22,Volatility rule,0.0
2017-05-23,Volatility rule,0.0
2017-05-24,Volatility rule,0.0
2017-05-25,Volatility rule,0.0
2017-05-26,Volatility rule,0.0
2017-05-29,Volatility rule,0.0
2017-05-30,Volatility rule,0.0
2017-05-31,Volatility rule,0.0
2017-06-01,Volatility rule,0.0
2017-06-02,Volatility rule,0.0
2017-06-05,Volatility rule,0.005953150307133781
2017-06-06,Volatility rule,0.0
2017-06-07,Volatility rule,0.0
2017-06-08,Volatility rule,0.0
2017-06-09,Volatility rule,0.0
2017-06-12,Volatility rule,0.0
2017-06-13,Volatility rule,0.0
2017-06-14,Volatility rule,0.0
2017-06-15,Volatility rule,0.0
2017-06-16,Volatility rule,0.0
2017-06-19,Volatility rule,0.0
2017-06-20,Volatility rule,0.0
2017-06-21,Volatility rule,0.0
2017-06-22,Volatility rule,0.0
2017-06-23,Volatility rule,0.0
2017-06-27,Volatility rule,0.0
2017-06-28,Volatility rule,0.0
2017-06-29,Volatility rule,0.0
2017-06-30,Volatility rule,0.0
2017-07-03,Volatility rule,0.0
2017-07-04,Volatility rule,0.0
2017-07-05,Volatility rule,0.006418900641895056
2017-07-06,Volatility rule,0.0
2017-07-07,Volatility rule,0.0
2017-07-10,Volatility rule,0.0
2017-07-11,Volatility rule,0.0
2017-07-12,Volatility rule,0.0
2017-07-13,Volatility rule,0.0
2017-07-14,Volatility rule,0.0
2017-07-17,Volatility rule,0.0
2017-07-18,Volatility rule,0.0
2017-07-19,Volatility rule,0.0
2017-07-20,Volatility rule,0.0
2017-07-21,Volatility rule,0.0
2017-07-24,Volatility rule,0.0
2017-07-25,Volatility rule,0.0
2017-07-26,Volatility rule,0.0
2017-07-27,Volatility rule,0.0
2017-07-28,Volatility rule,0.0
2017-07-31,Volatility rule,0.0
2017-08-01,Volatility rule,0.0
2017-08-02,Volatility rule,0.0
2017-08-03,Volatility rule,0.007672810900081081
2017-08-04,Volatility rule,0.0
2017-08-07,Volatility rule,0.0
2017-08-08,Volatility rule,0.0
2017-08-09,Volatility rule,0.0
2017-08-10,Volatility rule,0.0
2017-08-11,Volatility rule,0.0
2017-08-14,Volatility rule,0.0
2017-08-16,Volatility rule,0.0
2017-08-17,Volatility rule,0.0
2017-08-18,Volatility rule,0.0
2017-08-21,Volatility rule,0.0
2017-08-22,Volatility rule,0.0
2017-08-23,Volatility rule,0.0
2017-08-24,Volatility rule,0.0
2017-08-28,Volatility rule,0.0
2017-08-29,Volatility rule,0.0
2017-08-30,Volatility rule,0.0
2017-08-31,Volatility rule,0.0
2017-09-01,Volatility rule,0.0
2017-09-04,Volatility rule,0.0
2017-09-05,Volatility rule,0.010024128801347981
2017-09-06,Volatility rule,0.0
2017-09-07,Volatility rule,0.0
2017-09-08,Volatility rule,0.0
2017-09-11,Volatility rule,0.0
2017-09-12,Volatility rule,0.0
2017-09-13,Volatility rule,0.0
2017-09-14,Volatility rule,0.0
2017-09-15,Volatility rule,0.0
2017-09-18,Volatility rule,0.0
2017-09-19,Volatility rule,0.0
2017-09-20,Volatility rule,0.0
2017-09-21,Volatility rule,0.0
2017-09-22,Volatility rule,0.0
2017-09-25,Volatility rule,0.0
2017-09-26,Volatility rule,0.0
2017-09-27,Volatility rule,0.0
2017-09-28,Volatility rule,0.0
2017-09-29,Volatility rule,0.0
2017-10-03,Volatility rule,0.0
2017-10-04,Volatility rule,0.0
2017-10-05,Volatility rule,0.3010079613502758
2017-10-06,Volatility rule,0.0
2017-10-09,Volatility rule,0.0
2017-10-10,Volatility rule,0.0
2017-10-11,Volatility rule,0.0
2017-10-12,Volatility rule,0.0
2017-10-13,Volatility rule,0.0
2017-10-16,Volatility rule,0.0
2017-10-17,Volatility rule,0.0
2017-10-18,Volatility rule,0.0
2017-10-19,Volatility rule,0.0
2017-10-23,Volatility rule,0.0
2017-10-24,Volatility rule,0.0
2017-10-25,Volatility rule,0.0
2017-10-26,Volatility rule,0.0
2017-10-27,Volatility rule,0.0
2017-10-30,Volatility rule,0.0
2017-10-31,Volatility rule,0.0
2017-11-01,Volatility rule,0.0
2017-11-02,Volatility rule,0.0
2017-11-03,Volatility rule,0.0
2017-11-06,Volatility rule,0.013616113846366962
2017-11-07,Volatility rule,0.0
2017-11-08,Volatility rule,0.0
2017-11-09,Volatility rule,0.0
2017-11-10,Volatility rule,0.0
2017-11-13,Volatility rule,0.0
2017-11-14,Volatility rule,0.0
2017-11-15,Volatility rule,0.0
2017-11-16,Volatility rule,0.0
2017-11-17,Volatility rule,0.0
2017-11-20,Volatility rule,0.0
2017-11-21,Volatility rule,0.0
2017-11-22,Volatility rule,0.0
2017-11-23,Volatility rule,0.0
2017-11-24,Volatility rule,0.0
2017-11-27,Volatility rule,0.0
2017-11-28,Volatility rule,0.0
2017-11-29,Volatility rule,0.0
2017-11-30,Volatility rule,0.0
2017-12-01,Volatility rule,0.0
2017-12-04,Volatility rule,0.0
2017-12-05,Volatility rule,0.3078161789613729
2017-12-06,Volatility rule,0.0
2017-12-07,Volatility rule,0.0
2017-12-08,Volatility rule,0.0
2017-12-11,Volatility rule,0.0
2017-12-12,Volatility rule,0.0
2017-12-13,Volatility rule,0.0
2017-12-14,Volatility rule,0.0
2017-12-15,Volatility rule,0.0
2017-12-18,Volatility rule,0.0
2017-12-19,Volatility rule,0.0
2017-12-20,Volatility rule,0.0
2017-12-21,Volatility rule,0.0
2017-12-22,Volatility rule,0.0
2017-12-26,Volatility rule,0.0
2017-12-27,Volatility rule,0.0
2017-12-28,Volatility rule,0.0
2017-12-29,Volatility rule,0.0
2018-01-01,Volatility rule,0.0
2018-01-02,Volatility rule,0.0
2018-01-03,Volatility rule,0.0
2018-01-04,Volatility rule,0.0070719402514233115
2018-01-05,Volatility rule,0.0
2018-01-08,Volatility rule,0.0
2018-01-09,Volatility rule,0.0
2018-01-10,Volatility rule,0.0
2018-01-11,Volatility rule,0.0
2018-01-12,Volatility rule,0.0
2018-01-15,Volatility rule,0.0
2018-01-16,Volatility rule,0.0
2018-01-17,Volatility rule,0.0
2018-01-18,Volatility rule,0.0
2018-01-19,Volatility rule,0.0
2018-01-22,Volatility rule,0.0
2018-01-23,Volatility rule,0.0
2018-01-24,Volatility rule,0.0
2018-01-25,Volatility rule,0.0
2018-01-29,Volatility rule,0.0
2018-01-30,Volatility rule,0.0
2018-01-31,Volatility rule,0.0
2018-02-01,Volatility rule,0.0
2018-02-02,Volatility rule,0.0
2018-02-05,Volatility rule,0.2993209566653807
2018-02-06,Volatility rule,0.0
2018-02-07,Volatility rule,0.0
2018-02-08,Volatility rule,0.0
2018-02-09,Volatility rule,0.0
2018-02-12,Volatility rule,0.0
2018-02-14,Volatility rule,0.0
2018-02-15,Volatility rule,0.0
2018-02-16,Volatility rule,0.0
2018-02-19,Volatility rule,0.0
2018-02-20,Volatility rule,0.0
2018-02-21,Volatility rule,0.0
2018-02-22,Volatility rule,0.0
2018-02-23,Volatility rule,0.0
2018-02-26,Volatility rule,0.0
2018-02-27,Volatility rule,0.0
2018-02-28,Volatility rule,0.0
2018-03-01,Volatility rule,0.0
2018-03-05,Volatility rule,0.0
2018-03-06,Volatility rule,0.0
2018-03-07,Volatility rule,0.0
2018-03-08,Volatility rule,0.01014631424307097
2018-03-09,Volatility rule,0.0
2018-03-12,Volatility rule,0.0
2018-03-13,Volatility rule,0.0
2018-03-14,Volatility rule,0.0
2018-03-15,Volatility rule,0.0
2018-03-16,Volatility rule,0.0
2018-03-19,Volatility rule,0.0
2018-03-20,Volatility rule,0.0
2018-03-21,Volatility rule,0.0
2018-03-22,Volatility rule,0.0
2018-03-23,Volatility rule,0.0
2018-03-26,Volatility rule,0.0
2018-03-27,Volatility rule,0.0
2018-03-28,Volatility rule,0.0
2018-04-02,Volatility rule,0.0
2018-04-03,Volatility rule,0.0
2018-04-04,Volatility rule,0.0
2018-04-05,Volatility rule,0.0
2018-04-06,Volatility rule,0.0
2018-04-09,Volatility rule,0.0
2018-04-10,Volatility rule,0.0024276144263351285
2018-04-11,Volatility rule,0.0
2018-04-12,Volatility rule,0.0
2018-04-13,Volatility rule,0.0
2018-04-16,Volatility rule,0.0
2018-04-17,Volatility rule,0.0
2018-04-18,Volatility rule,0.0
2018-04-19,Volatility rule,0.0
2018-04-20,Volatility rule,0.0
2018-04-23,Volatility rule,0.0
2018-04-24,Volatility rule,0.0
2018-04-25,Volatility rule,0.0
2018-04-26,Volatility rule,0.0
2018-04-27,Volatility rule,0.0
2018-04-30,Volatility rule,0.0
2018-05-02,Volatility rule,0.0
2018-05-03,Volatility rule,0.0
2018-05-04,Volatility rule,0.0
2018-05-07,Volatility rule,0.0
2018-05-08,Volatility rule,0.0
2018-05-09,Volatility rule,0.0
2018-05-10,Volatility rule,0.00522497153773277
2018-05-11,Volatility rule,0.0
2018-05-14,Volatility rule,0.0
2018-05-15,Volatility rule,0.0
2018-05-16,Volatility rule,0.0
2018-05-17,Volatility rule,0.0
2018-05-18,Volatility rule,0.0
2018-05-21,Volatility rule,0.0
2018-05-22,Volatility rule,0.0
2018-05-23,Volatility rule,0.0
2018-05-24,Volatility rule,0.0
2018-05-25,Volatility rule,0.0
2018-05-28,Volatility rule,0.0
2018-05-29,Volatility rule,0.0
2018-05-30,Volatility rule,0.0
2018-05-31,Volatility rule,0.0
2018-06-01,Volatility rule,0.0
2018-06-04,Volatility rule,0.0
2018-06-05,Volatility rule,0.0
2018-06-06,Volatility rule,0.0
2018-06-07,Volatility rule,0.0
2018-06-08,Volatility rule,0.2977708272150196
2018-06-11,Volatility rule,0.0
2018-06-12,Volatility rule,0.0
2018-06-13,Volatility rule,0.0
2018-06-14,Volatility rule,0.0
2018-06-15,Volatility rule,0.0
2018-06-18,Volatility rule,0.0
2018-06-19,Volatility rule,0.0
2018-06-20,Volatility rule,0.0
2018-06-21,Volatility rule,0.0
2018-06-22,Volatility rule,0.0
2018-06-25,Volatility rule,0.0
2018-06-26,Volatility rule,0.0
2018-06-27,Volatility rule,0.0
2018-06-28,Volatility rule,0.0
2018-06-29,Volatility rule,0.0
2018-07-02,Volatility rule,0.0
2018-07-03,Volatility rule,0.0
2018-07-04,Volatility rule,0.0
2018-07-05,Volatility rule,0.0
2018-07-06,Volatility rule,0.0
2018-07-09,Volatility rule,0.003208765091967117
2018-07-10,Volatility rule,0.0
2018-07-11,Volatility rule,0.0
2018-07-12,Volatility rule,0.0
2018-07-13,Volatility rule,0.0
2018-07-16,Volatility rule,0.0
2018-07-17,Volatility rule,0.0
2018-07-18,Volatility rule,0.0
2018-07-19,Volatility rule,0.0
2018-07-20,Volatility rule,0.0
2018-07-23,Volatility rule,0.0
2018-07-24,Volatility rule,0.0
2018-07-25,Volatility rule,0.0
2018-07-26,Volatility rule,0.0
2018-07-27,Volatility rule,0.0
2018-07-30,Volatility rule,0.0
2018-07-31,Volatility rule,0.0
2018-08-01,Volatility rule,0.0
2018-08-02,Volatility rule,0.0
2018-08-03,Volatility rule,0.0
2018-08-06,Volatility rule,0.0
2018-08-07,Volatility rule,0.015132937433741195
2018-08-08,Volatility rule,0.0
2018-08-09,Volatility rule,0.0
2018-08-10,Volatility rule,0.0
2018-08-13,Volatility rule,0.0
2018-08-14,Volatility rule,0.0
2018-08-16,Volatility rule,0.0
2018-08-17,Volatility rule,0.0
2018-08-20,Volatility rule,0.0
2018-08-21,Volatility rule,0.0
2018-08-23,Volatility rule,0.0
2018-08-24,Volatility rule,0.0
2018-08-27,Volatility rule,0.0
2018-08-28,Volatility rule,0.0
2018-08-29,Volatility rule,0.0
2018-08-30,Volatility rule,0.0
2018-08-31,Volatility rule,0.0
2018-09-03,Volatility rule,0.0
2018-09-04,Volatility rule,0.0
2018-09-05,Volatility rule,0.0
2018-09-06,Volatility rule,0.0
2018-09-07,Volatility rule,0.002024666126020952
2018-09-10,Volatility rule,0.0
2018-09-11,Volatility rule,0.0
2018-09-12,Volatility rule,0.0
2018-09-14,Volatility rule,0.0
2018-09-17,Volatility rule,0.0
2018-09-18,Volatility rule,0.0
2018-09-19,Volatility rule,0.0
2018-09-21,Volatility rule,0.0
2018-09-24,Volatility rule,0.0
2018-09-25,Volatility rule,0.0
2018-09-26,Volatility rule,0.0
2018-09-27,Volatility rule,0.0
2018-09-28,Volatility rule,0.0
2018-10-01,Volatility rule,0.0
2018-10-03,Volatility rule,0.0
2018-10-04,Volatility rule,0.0
2018-10-05,Volatility rule,0.0
2018-10-08,Volatility rule,0.0
2018-10-09,Volatility rule,0.0
2018-10-10,Volatility rule,0.0
2018-10-11,Volatility rule,0.2665663762539997
2018-10-12,Volatility rule,0.0
2018-10-15,Volatility rule,0.0
2018-10-16,Volatility rule,0.0
2018-10-17,Volatility rule,0.0
2018-10-19,Volatility rule,0.0
2018-10-22,Volatility rule,0.0
2018-10-23,Volatility rule,0.0
2018-10-24,Volatility rule,0.0
2018-10-25,Volatility rule,0.0
2018-10-26,Volatility rule,0.0
2018-10-29,Volatility rule,0.0
2018-10-30,Volatility rule,0.0
2018-10-31,Volatility rule,0.0
2018-11-01,Volatility rule,0.0
2018-11-02,Volatility rule,0.0
2018-11-05,Volatility rule,0.0
2018-11-06,Volatility rule,0.0
2018-11-07,Volatility rule,0.0
2018-11-09,Volatility rule,0.0
2018-11-12,Volatility rule,0.0
2018-11-13,Volatility rule,0.00826348506285976
2018-11-14,Volatility rule,0.0
2018-11-15,Volatility rule,0.0
2018-11-16,Volatility rule,0.0
2018-11-19,Volatility rule,0.0
2018-11-20,Volatility rule,0.0
2018-11-21,Volatility rule,0.0
2018-11-22,Volatility rule,0.0
2018-11-26,Volatility rule,0.0
2018-11-27,Volatility rule,0.0
2018-11-28,Volatility rule,0.0
2018-11-29,Volatility rule,0.0
2018-11-30,Volatility rule,0.0
2018-12-03,Volatility rule,0.0
2018-12-04,Volatility rule,0.0
2018-12-05,Volatility rule,0.0
2018-12-06,Volatility rule,0.0
2018-12-07,Volatility rule,0.0
2018-12-10,Volatility rule,0.0
2018-12-11,Volatility rule,0.0
2018-12-12,Volatility rule,0.0
2018-12-13,Volatility rule,0.0031177566595350092
2018-12-14,Volatility rule,0.0
2018-12-17,Volatility rule,0.0
2018-12-18,Volatility rule,0.0
2018-12-19,Volatility rule,0.0
2018-12-20,Volatility rule,0.0
2018-12-21,Volatility rule,0.0
2018-12-24,Volatility rule,0.0
2018-12-26,Volatility rule,0.0
2018-12-27,Volatility rule,0.0
2018-12-28,Volatility rule,0.0
2018-12-31,Volatility rule,0.0
2019-01-01,Volatility rule,0.0
2019-01-02,Volatility rule,0.0
2019-01-03,Volatility rule,0.0
2019-01-04,Volatility rule,0.0
2019-01-07,Volatility rule,0.0
2019-01-08,Volatility rule,0.0
2019-01-09,Volatility rule,0.0
2019-01-10,Volatility rule,0.0
2019-01-11,Volatility rule,0.0
2019-01-14,Volatility rule,0.3040892315168338
2019-01-15,Volatility rule,0.0
2019-01-16,Volatility rule,0.0
2019-01-17,Volatility rule,0.0
2019-01-18,Volatility rule,0.0
2019-01-21,Volatility rule,0.0
2019-01-22,Volatility rule,0.0
2019-01-23,Volatility rule,0.0
2019-01-24,Volatility rule,0.0
2019-01-25,Volatility rule,0.0
2019-01-28,Volatility rule,0.0
2019-01-29,Volatility rule,0.0
2019-01-30,Volatility rule,0.0
2019-01-31,Volatility rule,0.0
2019-02-01,Volatility rule,0.0
2019-02-04,Volatility rule,0.0
2019-02-05,Volatility rule,0.0
2019-02-06,Volatility rule,0.0
2019-02-07,Volatility rule,0.0
2019-02-08,Volatility rule,0.0
2019-02-11,Volatility rule,0.0
2019-02-12,Volatility rule,0.002067007348975733
2019-02-14,Volatility rule,0.0
2019-02-15,Volatility rule,0.0
2019-02-18,Volatility rule,0.0
2019-02-19,Volatility rule,0.0
2019-02-20,Volatility rule,0.0
2019-02-21,Volatility rule,0.0
2019-02-22,Volatility rule,0.0
2019-02-25,Volatility rule,0.0
2019-02-26,Volatility rule,0.0
2019-02-27,Volatility rule,0.0
2019-02-28,Volatility rule,0.0
2019-03-01,Volatility rule,0.0
2019-03-05,Volatility rule,0.0
2019-03-06,Volatility rule,0.0
2019-03-07,Volatility rule,0.0
2019-03-08,Volatility rule,0.0
2019-03-11,Volatility rule,0.0
2019-03-12,Volatility rule,0.0
2019-03-13,Volatility rule,0.0
2019-03-14,Volatility rule,0.0
2019-03-15,Volatility rule,0.015540191804884085
2019-03-18,Volatility rule,0.0
2019-03-19,Volatility rule,0.0
2019-03-20,Volatility rule,0.0
2019-03-22,Volatility rule,0.0
2019-03-25,Volatility rule,0.0
2019-03-26,Volatility rule,0.0
2019-03-27,Volatility rule,0.0
2019-03-28,Volatility rule,0.0
2019-04-01,Volatility rule,0.0
2019-04-02,Volatility rule,0.0
2019-04-03,Volatility rule,0.0
2019-04-04,Volatility rule,0.0
2019-04-05,Volatility rule,0.0
2019-04-08,Volatility rule,0.0
2019-04-09,Volatility rule,0.0
2019-04-10,Volatility rule,0.0
2019-04-11,Volatility rule,0.0
2019-04-12,Volatility rule,0.0
2019-04-15,Volatility rule,0.0
2019-04-16,Volatility rule,0.0
2019-04-18,Volatility rule,0.00794650099762273
2019-04-22,Volatility rule,0.0
2019-04-23,Volatility rule,0.0
2019-04-24,Volatility rule,0.0
2019-04-25,Volatility rule,0.0
2019-04-26,Volatility rule,0.0
2019-04-30,Volatility rule,0.0
2019-05-02,Volatility rule,0.0
2019-05-03,Volatility rule,0.0
2019-05-06,Volatility rule,0.0
2019-05-07,Volatility rule,0.0
2019-05-08,Volatility rule,0.0
2019-05-09,Volatility rule,0.0
2019-05-10,Volatility rule,0.0
2019-05-13,Volatility rule,0.0
2019-05-14,Volatility rule,0.0
2019-05-15,Volatility rule,0.0
2019-05-16,Volatility rule,0.0
2019-05-17,Volatility rule,0.0
2019-05-20,Volatility rule,0.0
2019-05-21,Volatility rule,0.0
2019-05-22,Volatility rule,0.0005698129091952775
2019-05-23,Volatility rule,0.0
2019-05-24,Volatility rule,0.0
2019-05-27,Volatility rule,0.0
2019-05-28,Volatility rule,0.0
2019-05-29,Volatility rule,0.0
2019-05-30,Volatility rule,0.0
2019-05-31,Volatility rule,0.0
2019-06-03,Volatility rule,0.0
2019-06-04,Volatility rule,0.0
2019-06-06,Volatility rule,0.0
2019-06-07,Volatility rule,0.0
2019-06-10,Volatility rule,0.0
2019-06-11,Volatility rule,0.0
2019-06-12,Volatility rule,0.0
2019-06-13,Volatility rule,0.0
2019-06-14,Volatility rule,0.0
2019-06-17,Volatility rule,0.0
2019-06-18,Volatility rule,0.0
2019-06-19,Volatility rule,0.0
2019-06-20,Volatility rule,0.0
2019-06-21,Volatility rule,0.010638276208359485
2019-06-24,Volatility rule,0.0
2019-06-25,Volatility rule,0.0
2019-06-26,Volatility rule,0.0
2019-06-27,Volatility rule,0.0
2019-06-28,Volatility rule,0.0
2019-07-01,Volatility rule,0.0
2019-07-02,Volatility rule,0.0
2019-07-03,Volatility rule,0.0
2019-07-04,Volatility rule,0.0
2019-07-05,Volatility rule,0.0
2019-07-08,Volatility rule,0.0
2019-07-09,Volatility rule,0.0
2019-07-10,Volatility rule,0.0
2019-07-11,Volatility rule,0.0
2019-07-12,Volatility rule,0.0
2019-07-15,Volatility rule,0.0
2019-07-16,Volatility rule,0.0
2019-07-17,Volatility rule,0.0
2019-07-18,Volatility rule,0.0
2019-07-19,Volatility rule,0.0
2019-07-22,Volatility rule,0.012594585725328164
2019-07-23,Volatility rule,0.0
2019-07-24,Volatility rule,0.0
2019-07-25,Volatility rule,0.0
2019-07-26,Volatility rule,0.0
2019-07-29,Volatility rule,0.0
2019-07-30,Volatility rule,0.0
2019-07-31,Volatility rule,0.0
2019-08-01,Volatility rule,0.0
2019-08-02,Volatility rule,0.0
2019-08-05,Volatility rule,0.0
2019-08-06,Volatility rule,0.0
2019-08-07,Volatility rule,0.0
2019-08-08,Volatility rule,0.0
2019-08-09,Volatility rule,0.0
2019-08-13,Volatility rule,0.0
2019-08-14,Volatility rule,0.0
2019-08-16,Volatility rule,0.0
2019-08-19,Volatility rule,0.0
2019-08-20,Volatility rule,0.0
2019-08-21,Volatility rule,0.0
2019-08-22,Volatility rule,0.02269286659323419
2019-08-23,Volatility rule,0.0
2019-08-26,Volatility rule,0.0
2019-08-27,Volatility rule,0.0
2019-08-28,Volatility rule,0.0
2019-08-29,Volatility rule,0.0
2019-08-30,Volatility rule,0.0
2019-09-03,Volatility rule,0.0
2019-09-04,Volatility rule,0.0
2019-09-05,Volatility rule,0.0
2019-09-06,Volatility rule,0.0
2019-09-09,Volatility rule,0.0
2019-09-11,Volatility rule,0.0
2019-09-12,Volatility rule,0.0
2019-09-13,Volatility rule,0.0
2019-09-16,Volatility rule,0.0
2019-09-17,Volatility rule,0.0
2019-09-18,Volatility rule,0.0
2019-09-19,Volatility rule,0.0
2019-09-20,Volatility rule,0.0
2019-09-23,Volatility rule,0.0
2019-09-24,Volatility rule,0.3172295208037768
2019-09-25,Volatility rule,0.0
2019-09-26,Volatility rule,0.0
2019-09-27,Volatility rule,0.0
2019-09-30,Volatility rule,0.0
2019-10-01,Volatility rule,0.0
2019-10-03,Volatility rule,0.0
2019-10-04,Volatility rule,0.0
2019-10-07,Volatility rule,0.0
2019-10-09,Volatility rule,0.0
2019-10-10,Volatility rule,0.0
2019-10-11,Volatility rule,0.0
2019-10-14,Volatility rule,0.0
2019-10-15,Volatility rule,0.0
2019-10-16,Volatility rule,0.0
2019-10-17,Volatility rule,0.0
2019-10-18,Volatility rule,0.0
2019-10-22,Volatility rule,0.0
2019-10-23,Volatility rule,0.0
2019-10-24,Volatility rule,0.0
2019-10-25,Volatility rule,0.0
2019-10-27,Volatility rule,0.00631775151086969
2019-10-29,Volatility rule,0.0
2019-10-30,Volatility rule,0.0
2019-10-31,Volatility rule,0.0
2019-11-01,Volatility rule,0.0
2019-11-04,Volatility rule,0.0
2019-11-05,Volatility rule,0.0
2019-11-06,Volatility rule,0.0
2019-11-07,Volatility rule,0.0
2019-11-08,Volatility rule,0.0
2019-11-11,Volatility rule,0.0
2019-11-13,Volatility rule,0.0
2019-11-14,Volatility rule,0.0
2019-11-15,Volatility rule,0.0
2019-11-18,Volatility rule,0.0
2019-11-19,Volatility rule,0.0
2019-11-20,Volatility rule,0.0
2019-11-21,Volatility rule,0.0
2019-11-22,Volatility rule,0.0
2019-11-25,Volatility rule,0.0
2019-11-26,Volatility rule,0.0
2019-11-27,Volatility rule,0.012332485119088299
2019-11-28,Volatility rule,0.0
2019-11-29,Volatility rule,0.0
2019-12-02,Volatility rule,0.0
2019-12-03,Volatility rule,0.0
2019-12-04,Volatility rule,0.0
2019-12-05,Volatility rule,0.0
2019-12-06,Volatility rule,0.0
2019-12-09,Volatility rule,0.0
2019-12-10,Volatility rule,0.0
2019-12-11,Volatility rule,0.0
2019-12-12,Volatility rule,0.0
2019-12-13,Volatility rule,0.0
2019-12-16,Volatility rule,0.0
2019-12-17,Volatility rule,0.0
2019-12-18,Volatility rule,0.0
2019-12-19,Volatility rule,0.0
2019-12-20,Volatility rule,0.0
2019-12-23,Volatility rule,0.0
2019-12-24,Volatility rule,0.0
2019-12-26,Volatility rule,0.0
2019-12-27,Volatility rule,0.30029412005208433
2019-12-30,Volatility rule,0.0
2019-12-31,Volatility rule,0.0
2020-01-01,Volatility rule,0.0
2020-01-02,Volatility rule,0.0
2020-01-03,Volatility rule,0.0
2020-01-06,Volatility rule,0.0
2020-01-07,Volatility rule,0.0
2020-01-08,Volatility rule,0.0
2020-01-09,Volatility rule,0.0
2020-01-10,Volatility rule,0.0
2020-01-13,Volatility rule,0.0
2020-01-14,Volatility rule,0.0
2020-01-15,Volatility rule,0.0
2020-01-16,Volatility rule,0.0
2020-01-17,Volatility rule,0.0
2020-01-20,Volatility rule,0.0
2020-01-21,Volatility rule,0.0
2020-01-22,Volatility rule,0.0
2020-01-23,Volatility rule,0.0
2020-01-24,Volatility rule,0.0
2020-01-27,Volatility rule,0.009198947247184688
2020-01-28,Volatility rule,0.0
2020-01-29,Volatility rule,0.0
2020-01-30,Volatility rule,0.0
2020-01-31,Volatility rule,0.0
2020-02-03,Volatility rule,0.0
2020-02-04,Volatility rule,0.0
2020-02-05,Volatility rule,0.0
2020-02-06,Volatility rule,0.0
2020-02-07,Volatility rule,0.0
2020-02-10,Volatility rule,0.0
2020-02-11,Volatility rule,0.0
2020-02-12,Volatility rule,0.0
2020-02-13,Volatility rule,0.0
2020-02-14,Volatility rule,0.0
2020-02-17,Volatility rule,0.0
2020-02-18,Volatility rule,0.0
2020-02-19,Volatility rule,0.0
2020-02-20,Volatility rule,0.0
2020-02-24,Volatility rule,0.0
2020-02-25,Volatility rule,0.0
2020-02-26,Volatility rule,0.014772497728370124
2020-02-27,Volatility rule,0.0
2020-02-28,Volatility rule,0.0
2020-03-02,Volatility rule,0.0
2020-03-03,Volatility rule,0.0
2020-03-04,Volatility rule,0.0
2020-03-05,Volatility rule,0.0
2020-03-06,Volatility rule,0.0
2020-03-09,Volatility rule,0.0
2020-03-11,Volatility rule,0.0
2020-03-12,Volatility rule,0.0
2020-03-13,Volatility rule,0.0
2020-03-16,Volatility rule,0.0
2020-03-17,Volatility rule,0.0
2020-03-18,Volatility rule,0.0
2020-03-19,Volatility rule,0.0
2020-03-20,Volatility rule,0.0
2020-03-23,Volatility rule,0.0
2020-03-24,Volatility rule,0.0
2020-03-25,Volatility rule,0.0
2020-03-26,Volatility rule,0.0
2020-03-27,Volatility rule,0.2267117695086163
2020-03-30,Volatility rule,0.0
2020-03-31,Volatility rule,0.0
2020-04-01,Volatility rule,0.0
2020-04-03,Volatility rule,0.0
2020-04-07,Volatility rule,0.0
2020-04-08,Volatility rule,0.0
2020-04-09,Volatility rule,0.0
2020-04-13,Volatility rule,0.0
2020-04-15,Volatility rule,0.0
2020-04-16,Volatility rule,0.0
2020-04-17,Volatility rule,0.0
2020-04-20,Volatility rule,0.0
2020-04-21,Volatility rule,0.0
2020-04-22,Volatility rule,0.0
2020-04-23,Volatility rule,0.0
2020-04-24,Volatility rule,0.0
2020-04-27,Volatility rule,0.0
2020-04-28,Volatility rule,0.0
2020-04-29,Volatility rule,0.0
2020-04-30,Volatility rule,0.0
2020-05-04,Volatility rule,0.019568923983525527
2020-05-05,Volatility rule,0.0
2020-05-06,Volatility rule,0.0
2020-05-07,Volatility rule,0.0
2020-05-08,Volatility rule,0.0
2020-05-11,Volatility rule,0.0
2020-05-12,Volatility rule,0.0
2020-05-13,Volatility rule,0.0
2020-05-14,Volatility rule,0.0
2020-05-15,Volatility rule,0.0
2020-05-18,Volatility rule,0.0
2020-05-19,Volatility rule,0.0
2020-05-20,Volatility rule,0.0
2020-05-21,Volatility rule,0.0
2020-05-22,Volatility rule,0.0
2020-05-26,Volatility rule,0.0
2020-05-27,Volatility rule,0.0
2020-05-28,Volatility rule,0.0
2020-05-29,Volatility rule,0.0
2020-06-01,Volatility rule,0.0
2020-06-02,Volatility rule,0.0
2020-06-03,Volatility rule,0.022745742540933922
2020-06-04,Volatility rule,0.0
2020-06-05,Volatility rule,0.0
2020-06-08,Volatility rule,0.0
2020-06-09,Volatility rule,0.0
2020-06-10,Volatility rule,0.0
2020-06-11,Volatility rule,0.0
2020-06-12,Volatility rule,0.0
2020-06-15,Volatility rule,0.0
2020-06-16,Volatility rule,0.0
2020-06-17,Volatility rule,0.0
2020-06-18,Volatility rule,0.0
2020-06-19,Volatility rule,0.0
2020-06-22,Volatility rule,0.0
2020-06-23,Volatility rule,0.0
2020-06-24,Volatility rule,0.0
2020-06-25,Volatility rule,0.0
2020-06-26,Volatility rule,0.0
2020-06-29,Volatility rule,0.0
2020-06-30,Volatility rule,0.0
2020-07-01,Volatility rule,0.0
2020-07-02,Volatility rule,0.29283678032060906
2020-07-03,Volatility rule,0.0
2020-07-06,Volatility rule,0.0
2020-07-07,Volatility rule,0.0
2020-07-08,Volatility rule,0.0
2020-07-09,Volatility rule,0.0
2020-07-10,Volatility rule,0.0
2020-07-13,Volatility rule,0.0
2020-07-14,Volatility rule,0.0
2020-07-15,Volatility rule,0.0
2020-07-16,Volatility rule,0.0
2020-07-17,Volatility rule,0.0
2020-07-20,Volatility rule,0.0
2020-07-21,Volatility rule,0.0
2020-07-22,Volatility rule,0.0
2020-07-23,Volatility rule,0.0
2020-07-24,Volatility rule,0.0
2020-07-27,Volatility rule,0.0
2020-07-28,Volatility rule,0.0
2020-07-29,Volatility rule,0.0
2020-07-30,Volatility rule,0.0
2020-07-31,Volatility rule,0.011434432161665495
2020-08-03,Volatility rule,0.0
2020-08-04,Volatility rule,0.0
2020-08-05,Volatility rule,0.0
2020-08-06,Volatility rule,0.0
2020-08-07,Volatility rule,0.0
2020-08-10,Volatility rule,0.0
2020-08-11,Volatility rule,0.0
2020-08-12,Volatility rule,0.0
2020-08-13,Volatility rule,0.0
2020-08-14,Volatility rule,0.0
2020-08-17,Volatility rule,0.0
2020-08-18,Volatility rule,0.0
2020-08-19,Volatility rule,0.0
2020-08-20,Volatility rule,0.0
2020-08-21,Volatility rule,0.0
2020-08-24,Volatility rule,0.0
2020-08-25,Volatility rule,0.0
2020-08-26,Volatility rule,0.0
2020-08-27,Volatility rule,0.0
2020-08-28,Volatility rule,0.0
2020-08-31,Volatility rule,0.011130092254618806
2020-09-01,Volatility rule,0.0
2020-09-02,Volatility rule,0.0
2020-09-03,Volatility rule,0.0
2020-09-04,Volatility rule,0.0
2020-09-07,Volatility rule,0.0
2020-09-08,Volatility rule,0.0
2020-09-09,Volatility rule,0.0
2020-09-10,Volatility rule,0.0
2020-09-11,Volatility rule,0.0
2020-09-14,Volatility rule,0.0
2020-09-15,Volatility rule,0.0
2020-09-16,Volatility rule,0.0
2020-09-17,Volatility rule,0.0
2020-09-18,Volatility rule,0.0
2020-09-21,Volatility rule,0.0
2020-09-22,Volatility rule,0.0
2020-09-23,Volatility rule,0.0
2020-09-24,Volatility rule,0.0
2020-09-25,Volatility rule,0.0
2020-09-28,Volatility rule,0.0
2020-09-29,Volatility rule,0.002349064216597349
2020-09-30,Volatility rule,0.0
2020-10-01,Volatility rule,0.0
2020-10-05,Volatility rule,0.0
2020-10-06,Volatility rule,0.0
2020-10-07,Volatility rule,0.0
2020-10-08,Volatility rule,0.0
2020-10-09,Volatility rule,0.0
2020-10-12,Volatility rule,0.0
2020-10-13,Volatility rule,0.0
2020-10-14,Volatility rule,0.0
2020-10-15,Volatility rule,0.0
2020-10-16,Volatility rule,0.0
2020-10-19,Volatility rule,0.0
2020-10-20,Volatility rule,0.0
2020-10-21,Volatility rule,0.0
2020-10-22,Volatility rule,0.0
2020-10-23,Volatility rule,0.0
2020-10-26,Volatility rule,0.0
2020-10-27,Volatility rule,0.0
2020-10-28,Volatility rule,0.0
2020-10-29,Volatility rule,0.007907147268761308
2020-10-30,Volatility rule,0.0
2020-11-02,Volatility rule,0.0
2020-11-03,Volatility rule,0.0
2020-11-04,Volatility rule,0.0
2020-11-05,Volatility rule,0.0
2020-11-06,Volatility rule,0.0
2020-11-09,Volatility rule,0.0
2020-11-10,Volatility rule,0.0
2020-11-11,Volatility rule,0.0
2020-11-12,Volatility rule,0.0
2020-11-13,Volatility rule,0.0
2020-11-14,Volatility rule,0.0
2020-11-17,Volatility rule,0.0
2020-11-18,Volatility rule,0.0
2020-11-19,Volatility rule,0.0
2020-11-20,Volatility rule,0.0
2020-11-23,Volatility rule,0.0
2020-11-24,Volatility rule,0.0
2020-11-25,Volatility rule,0.0
2020-11-26,Volatility rule,0.0
2020-11-27,Volatility rule,0.027723213715048753
2020-12-01,Volatility rule,0.0
2020-12-02,Volatility rule,0.0
2020-12-03,Volatility rule,0.0
2020-12-04,Volatility rule,0.0
2020-12-07,Volatility rule,0.0
2020-12-08,Volatility rule,0.0
2020-12-09,Volatility rule,0.0
2020-12-10,Volatility rule,0.0
2020-12-11,Volatility rule,0.0
2020-12-14,Volatility rule,0.0
2020-12-15,Volatility rule,0.0
2020-12-16,Volatility rule,0.0
2020-12-17,Volatility rule,0.0
2020-12-18,Volatility rule,0.0
2020-12-21,Volatility rule,0.0
2020-12-22,Volatility rule,0.0
2020-12-23,Volatility rule,0.0
2020-12-24,Volatility rule,0.0
2020-12-28,Volatility rule,0.0
2020-12-29,Volatility rule,0.0
2020-12-30,Volatility rule,0.014725848882053028
2020-12-31,Volatility rule,0.0
2021-01-01,Volatility rule,0.0
2021-01-04,Volatility rule,0.0
2021-01-05,Volatility rule,0.0
2021-01-06,Volatility rule,0.0
2021-01-07,Volatility rule,0.0
2021-01-08,Volatility rule,0.0
2021-01-11,Volatility rule,0.0
2021-01-12,Volatility rule,0.0
2021-01-13,Volatility rule,0.0
2021-01-14,Volatility rule,0.0
2021-01-15,Volatility rule,0.0
2021-01-18,Volatility rule,0.0
2021-01-19,Volatility rule,0.0
2021-01-20,Volatility rule,0.0
2021-01-21,Volatility rule,0.0
2021-01-22,Volatility rule,0.0
2021-01-25,Volatility rule,0.0
2021-01-27,Volatility rule,0.0
2021-01-28,Volatility rule,0.0
2021-01-29,Volatility rule,0.0036148755310101144
2021-02-01,Volatility rule,0.0
2021-02-02,Volatility rule,0.0
2021-02-03,Volatility rule,0.0
2021-02-04,Volatility rule,0.0
2021-02-05,Volatility rule,0.0
2021-02-08,Volatility rule,0.0
2021-02-09,Volatility rule,0.0
2021-02-10,Volatility rule,0.0
2021-02-11,Volatility rule,0.0
2021-02-12,Volatility rule,0.0
2021-02-15,Volatility rule,0.0
2021-02-16,Volatility rule,0.0
2021-02-17,Volatility rule,0.0
2021-02-18,Volatility rule,0.0
2021-02-19,Volatility rule,0.0
2021-02-22,Volatility rule,0.0
2021-02-23,Volatility rule,0.0
2021-02-24,Volatility rule,0.0
2021-02-25,Volatility rule,0.0
2021-02-26,Volatility rule,0.0
2021-03-01,Volatility rule,0.3257620754273345
2021-03-02,Volatility rule,0.0
2021-03-03,Volatility rule,0.0
2021-03-04,Volatility rule,0.0
2021-03-05,Volatility rule,0.0
2021-03-08,Volatility rule,0.0
2021-03-09,Volatility rule,0.0
2021-03-10,Volatility rule,0.0
2021-03-12,Volatility rule,0.0
2021-03-15,Volatility rule,0.0
2021-03-16,Volatility rule,0.0
2021-03-17,Volatility rule,0.0
2021-03-18,Volatility rule,0.0
2021-03-19,Volatility rule,0.0
2021-03-22,Volatility rule,0.0
2021-03-23,Volatility rule,0.0
2021-03-24,Volatility rule,0.0
2021-03-25,Volatility rule,0.0
2021-03-26,Volatility rule,0.0
2021-03-30,Volatility rule,0.0
2021-03-31,Volatility rule,0.0
2021-04-01,Volatility rule,0.005514013025396142
2021-04-05,Volatility rule,0.0
2021-04-06,Volatility rule,0.0
2021-04-07,Volatility rule,0.0
2021-04-08,Volatility rule,0.0
2021-04-09,Volatility rule,0.0
2021-04-12,Volatility rule,0.0
2021-04-13,Volatility rule,0.0
2021-04-15,Volatility rule,0.0
2021-04-16,Volatility rule,0.0
2021-04-19,Volatility rule,0.0
2021-04-20,Volatility rule,0.0
2021-04-22,Volatility rule,0.0
2021-04-23,Volatility rule,0.0
2021-04-26,Volatility rule,0.0
2021-04-27,Volatility rule,0.0
2021-04-28,Volatility rule,0.0
2021-04-29,Volatility rule,0.0
2021-04-30,Volatility rule,0.0
2021-05-03,Volatility rule,0.0
2021-05-04,Volatility rule,0.0
2021-05-05,Volatility rule,0.009183084067780872
2021-05-06,Volatility rule,0.0
2021-05-07,Volatility rule,0.0
2021-05-10,Volatility rule,0.0
2021-05-11,Volatility rule,0.0
2021-05-12,Volatility rule,0.0
2021-05-14,Volatility rule,0.0
2021-05-17,Volatility rule,0.0
2021-05-18,Volatility rule,0.0
2021-05-19,Volatility rule,0.0
2021-05-20,Volatility rule,0.0
2021-05-21,Volatility rule,0.0
2021-05-24,Volatility rule,0.0
2021-05-25,Volatility rule,0.0
2021-05-26,Volatility rule,0.0
2021-05-27,Volatility rule,0.0
2021-05-28,Volatility rule,0.0
2021-05-31,Volatility rule,0.0
2021-06-01,Volatility rule,0.0
2021-06-02,Volatility rule,0.0
2021-06-03,Volatility rule,0.0
2021-06-04,Volatility rule,0.2883965409339378
2021-06-07,Volatility rule,0.0
2021-06-08,Volatility rule,0.0
2021-06-09,Volatility rule,0.0
2021-06-10,Volatility rule,0.0
2021-06-11,Volatility rule,0.0
2021-06-14,Volatility rule,0.0
2021-06-15,Volatility rule,0.0
2021-06-16,Volatility rule,0.0
2021-06-17,Volatility rule,0.0
2021-06-18,Volatility rule,0.0
2021-06-21,Volatility rule,0.0
2021-06-22,Volatility rule,0.0
2021-06-23,Volatility rule,0.0
2021-06-24,Volatility rule,0.0
2021-06-25,Volatility rule,0.0
2021-06-28,Volatility rule,0.0
2021-06-29,Volatility rule,0.0
2021-06-30,Volatility rule,0.0
2021-07-01,Volatility rule,0.0
2021-07-02,Volatility rule,0.0
2021-07-05,Volatility rule,0.005000585376140426
2021-07-06,Volatility rule,0.0
2021-07-07,Volatility rule,0.0
2021-07-08,Volatility rule,0.0
2021-07-09,Volatility rule,0.0
2021-07-12,Volatility rule,0.0
2021-07-13,Volatility rule,0.0
2021-07-14,Volatility rule,0.0
2021-07-15,Volatility rule,0.0
2021-07-16,Volatility rule,0.0
2021-07-19,Volatility rule,0.0
2021-07-20,Volatility rule,0.0
2021-07-22,Volatility rule,0.0
2021-07-23,Volatility rule,0.0
2021-07-26,Volatility rule,0.0
2021-07-27,Volatility rule,0.0
2021-07-28,Volatility rule,0.0
2021-07-29,Volatility rule,0.0
2021-07-30,Volatility rule,0.0
2021-08-02,Volatility rule,0.0
2021-08-03,Volatility rule,0.0
2021-08-04,Volatility rule,0.004812714023379461
2021-08-05,Volatility rule,0.0
2021-08-06,Volatility rule,0.0
2021-08-09,Volatility rule,0.0
2021-08-10,Volatility rule,0.0
2021-08-11,Volatility rule,0.0
2021-08-12,Volatility rule,0.0
2021-08-13,Volatility rule,0.0
2021-08-16,Volatility rule,0.0
2021-08-17,Volatility rule,0.0
2021-08-18,Volatility rule,0.0
2021-08-20,Volatility rule,0.0
2021-08-23,Volatility rule,0.0
2021-08-24,Volatility rule,0.0
2021-08-25,Volatility rule,0.0
2021-08-26,Volatility rule,0.0
2021-08-27,Volatility rule,0.0
2021-08-30,Volatility rule,0.0
2021-08-31,Volatility rule,0.0
2021-09-01,Volatility rule,0.0
2021-09-02,Volatility rule,0.0
2021-09-03,Volatility rule,0.015974164485103193
2021-09-06,Volatility rule,0.0
2021-09-07,Volatility rule,0.0
2021-09-08,Volatility rule,0.0
2021-09-09,Volatility rule,0.0
2021-09-13,Volatility rule,0.0
2021-09-14,Volatility rule,0.0
2021-09-15,Volatility rule,0.0
2021-09-16,Volatility rule,0.0
2021-09-17,Volatility rule,0.0
2021-09-20,Volatility rule,0.0
2021-09-21,Volatility rule,0.0
2021-09-22,Volatility rule,0.0
2021-09-23,Volatility rule,0.0
2021-09-24,Volatility rule,0.0
2021-09-27,Volatility rule,0.0
2021-09-28,Volatility rule,0.0
2021-09-29,Volatility rule,0.0
2021-09-30,Volatility rule,0.0
2021-10-01,Volatility rule,0.0
2021-10-04,Volatility rule,0.0
2021-10-05,Volatility rule,0.008074502516231777
2021-10-06,Volatility rule,0.0
2021-10-07,Volatility rule,0.0
2021-10-08,Volatility rule,0.0
2021-10-11,Volatility rule,0.0
2021-10-12,Volatility rule,0.0
2021-10-13,Volatility rule,0.0
2021-10-14,Volatility rule,0.0
2021-10-18,Volatility rule,0.0
2021-10-19,Volatility rule,0.0
2021-10-20,Volatility rule,0.0
2021-10-21,Volatility rule,0.0
2021-10-22,Volatility rule,0.0
2021-10-25,Volatility rule,0.0
2021-10-26,Volatility rule,0.0
2021-10-27,Volatility rule,0.0
2021-10-28,Volatility rule,0.0
2021-10-29,Volatility rule,0.0
2021-11-01,Volatility rule,0.0
2021-11-02,Volatility rule,0.0
2021-11-03,Volatility rule,0.0
2021-11-04,Volatility rule,0.00322160681578125
2021-11-08,Volatility rule,0.0
2021-11-09,Volatility rule,0.0
2021-11-10,Volatility rule,0.0
2021-11-11,Volatility rule,0.0
2021-11-12,Volatility rule,0.0
2021-11-15,Volatility rule,0.0
2021-11-16,Volatility rule,0.0
2021-11-17,Volatility rule,0.0
2021-11-18,Volatility rule,0.0
2021-11-22,Volatility rule,0.0
2021-11-23,Volatility rule,0.0
2021-11-24,Volatility rule,0.0
2021-11-25,Volatility rule,0.0
2021-11-26,Volatility rule,0.0
2021-11-29,Volatility rule,0.0
2021-11-30,Volatility rule,0.0
2021-12-01,Volatility rule,0.0
2021-12-02,Volatility rule,0.0
2021-12-03,Volatility rule,0.0
2021-12-06,Volatility rule,0.0
2021-12-07,Volatility rule,0.009419392915180638
2021-12-08,Volatility rule,0.0
2021-12-09,Volatility rule,0.0
2021-12-10,Volatility rule,0.0
2021-12-13,Volatility rule,0.0
2021-12-14,Volatility rule,0.0
2021-12-15,Volatility rule,0.0
2021-12-16,Volatility rule,0.0
2021-12-17,Volatility rule,0.0
2021-12-20,Volatility rule,0.0
2021-12-21,Volatility rule,0.0
2021-12-22,Volatility rule,0.0
2021-12-23,Volatility rule,0.0
2021-12-24,Volatility rule,0.0
2021-12-27,Volatility rule,0.0
2021-12-28,Volatility rule,0.0
2021-12-29,Volatility rule,0.0
2021-12-30,Volatility rule,0.0
2021-12-31,Volatility rule,0.0
2022-01-03,Volatility rule,0.0
2022-01-04,Volatility rule,0.0
2022-01-05,Volatility rule,0.00839030955533665
2022-01-06,Volatility rule,0.0
2022-01-07,Volatility rule,0.0
2022-01-10,Volatility rule,0.0
2022-01-11,Volatility rule,0.0
2022-01-12,Volatility rule,0.0
2022-01-13,Volatility rule,0.0
2022-01-14,Volatility rule,0.0
2022-01-17,Volatility rule,0.0
2022-01-18,Volatility rule,0.0
2022-01-19,Volatility rule,0.0
2022-01-20,Volatility rule,0.0
2022-01-21,Volatility rule,0.0
2022-01-24,Volatility rule,0.0
2022-01-25,Volatility rule,0.0
2022-01-27,Volatility rule,0.0
2022-01-28,Volatility rule,0.0
2022-01-31,Volatility rule,0.0
2022-02-01,Volatility rule,0.0
2022-02-02,Volatility rule,0.0
2022-02-03,Volatility rule,0.0
2022-02-04,Volatility rule,0.2943702486473066
2022-02-07,Volatility rule,0.0
2022-02-08,Volatility rule,0.0
2022-02-09,Volatility rule,0.0
2022-02-10,Volatility rule,0.0
2022-02-11,Volatility rule,0.0
2022-02-14,Volatility rule,0.0
2022-02-15,Volatility rule,0.0
2022-02-16,Volatility rule,0.0
2022-02-17,Volatility rule,0.0
2022-02-18,Volatility rule,0.0
2022-02-21,Volatility rule,0.0
2022-02-22,Volatility rule,0.0
2022-02-23,Volatility rule,0.0
2022-02-24,Volatility rule,0.0
2022-02-25,Volatility rule,0.0
2022-02-28,Volatility rule,0.0
2022-03-02,Volatility rule,0.0
2022-03-03,Volatility rule,0.0
2022-03-04,Volatility rule,0.0
2022-03-07,Volatility rule,0.0
2022-03-08,Volatility rule,0.030822889649324475
2022-03-09,Volatility rule,0.0
2022-03-10,Volatility rule,0.0
2022-03-11,Volatility rule,0.0
2022-03-14,Volatility rule,0.0
2022-03-15,Volatility rule,0.0
2022-03-16,Volatility rule,0.0
2022-03-17,Volatility rule,0.0
2022-03-21,Volatility rule,0.0
2022-03-22,Volatility rule,0.0
2022-03-23,Volatility rule,0.0
2022-03-24,Volatility rule,0.0
2022-03-25,Volatility rule,0.0
2022-03-28,Volatility rule,0.0
2022-03-29,Volatility rule,0.0
2022-03-30,Volatility rule,0.0
2022-03-31,Volatility rule,0.0
2022-04-01,Volatility rule,0.0
2022-04-04,Volatility rule,0.0
2022-04-05,Volatility rule,0.0
2022-04-06,Volatility rule,0.0
2022-04-07,Volatility rule,0.025066558709013614
2022-04-08,Volatility rule,0.0
2022-04-11,Volatility rule,0.0
2022-04-12,Volatility rule,0.0
2022-04-13,Volatility rule,0.0
2022-04-18,Volatility rule,0.0
2022-04-19,Volatility rule,0.0
2022-04-20,Volatility rule,0.0
2022-04-21,Volatility rule,0.0
2022-04-22,Volatility rule,0.0
2022-04-25,Volatility rule,0.0
2022-04-26,Volatility rule,0.0
2022-04-27,Volatility rule,0.0
2022-04-28,Volatility rule,0.0
2022-04-29,Volatility rule,0.0
2022-05-02,Volatility rule,0.0
2022-05-04,Volatility rule,0.0
2022-05-05,Volatility rule,0.0
2022-05-06,Volatility rule,0.0
2022-05-09,Volatility rule,0.0
2022-05-10,Volatility rule,0.0
2022-05-11,Volatility rule,0.018491024532165196
2022-05-12,Volatility rule,0.0
2022-05-13,Volatility rule,0.0
2022-05-16,Volatility rule,0.0
2022-05-17,Volatility rule,0.0
2022-05-18,Volatility rule,0.0
2022-05-19,Volatility rule,0.0
2022-05-20,Volatility rule,0.0
2022-05-23,Volatility rule,0.0
2022-05-24,Volatility rule,0.0
2022-05-25,Volatility rule,0.0
2022-05-26,Volatility rule,0.0
2022-05-27,Volatility rule,0.0
2022-05-30,Volatility rule,0.0
2022-05-31,Volatility rule,0.0
2022-06-01,Volatility rule,0.0
2022-06-02,Volatility rule,0.0
2022-06-03,Volatility rule,0.0
2022-06-06,Volatility rule,0.0
2022-06-07,Volatility rule,0.0
2022-06-08,Volatility rule,0.0
2022-06-09,Volatility rule,0.29573279350726583
2022-06-10,Volatility rule,0.0
2022-06-13,Volatility rule,0.0
2022-06-14,Volatility rule,0.0
2022-06-15,Volatility rule,0.0
2022-06-16,Volatility rule,0.0
2022-06-17,Volatility rule,0.0
2022-06-20,Volatility rule,0.0
2022-06-21,Volatility rule,0.0
2022-06-22,Volatility rule,0.0
2022-06-23,Volatility rule,0.0
2022-06-24,Volatility rule,0.0
2022-06-27,Volatility rule,0.0
2022-06-28,Volatility rule,0.0
2022-06-29,Volatility rule,0.0
2022-06-30,Volatility rule,0.0
2022-07-01,Volatility rule,0.0
2022-07-04,Volatility rule,0.0
2022-07-05,Volatility rule,0.0
2022-07-06,Volatility rule,0.0
2022-07-07,Volatility rule,0.0
2022-07-08,Volatility rule,0.0027269239658462563
2022-07-11,Volatility rule,0.0
2022-07-12,Volatility rule,0.0
2022-07-13,Volatility rule,0.0
2022-07-14,Volatility rule,0.0
2022-07-15,Volatility rule,0.0
2022-07-18,Volatility rule,0.0
2022-07-19,Volatility rule,0.0
2022-07-20,Volatility rule,0.0
2022-07-21,Volatility rule,0.0
2022-07-22,Volatility rule,0.0
2022-07-25,Volatility rule,0.0
2022-07-26,Volatility rule,0.0
2022-07-27,Volatility rule,0.0
2022-07-28,Volatility rule,0.0
2022-07-29,Volatility rule,0.0
2022-08-01,Volatility rule,0.0
2022-08-02,Volatility rule,0.0
2022-08-03,Volatility rule,0.0
2022-08-04,Volatility rule,0.0
2022-08-05,Volatility rule,0.0
2022-08-08,Volatility rule,0.014028087845626355
2022-08-10,Volatility rule,0.0
2022-08-11,Volatility rule,0.0
2022-08-12,Volatility rule,0.0
2022-08-16,Volatility rule,0.0
2022-08-17,Volatility rule,0.0
2022-08-18,Volatility rule,0.0
2022-08-19,Volatility rule,0.0
2022-08-22,Volatility rule,0.0
2022-08-23,Volatility rule,0.0
2022-08-24,Volatility rule,0.0
2022-08-25,Volatility rule,0.0
2022-08-26,Volatility rule,0.0
2022-08-29,Volatility rule,0.0
2022-08-30,Volatility rule,0.0
2022-09-01,Volatility rule,0.0
2022-09-02,Volatility rule,0.0
2022-09-05,Volatility rule,0.0
2022-09-06,Volatility rule,0.0
2022-09-07,Volatility rule,0.0
2022-09-08,Volatility rule,0.0
2022-09-09,Volatility rule,0.006381624110596257
2022-09-12,Volatility rule,0.0
2022-09-13,Volatility rule,0.0
2022-09-14,Volatility rule,0.0
2022-09-15,Volatility rule,0.0
2022-09-16,Volatility rule,0.0
2022-09-19,Volatility rule,0.0
2022-09-20,Volatility rule,0.0
2022-09-21,Volatility rule,0.0
2022-09-22,Volatility rule,0.0
2022-09-23,Volatility rule,0.0
2022-09-26,Volatility rule,0.0
2022-09-27,Volatility rule,0.0
2022-09-28,Volatility rule,0.0
2022-09-29,Volatility rule,0.0
2022-09-30,Volatility rule,0.0
2022-10-03,Volatility rule,0.0
2022-10-04,Volatility rule,0.0
2022-10-06,Volatility rule,0.0
2022-10-07,Volatility rule,0.0
2022-10-10,Volatility rule,0.0
2022-10-11,Volatility rule,0.010818115653075
2022-10-12,Volatility rule,0.0
2022-10-13,Volatility rule,0.0
2022-10-14,Volatility rule,0.0
2022-10-17,Volatility rule,0.0
2022-10-18,Volatility rule,0.0
2022-10-19,Volatility rule,0.0
2022-10-20,Volatility rule,0.0
2022-10-21,Volatility rule,0.0
2022-10-24,Volatility rule,0.0
2022-10-25,Volatility rule,0.0
2022-10-27,Volatility rule,0.0
2022-10-28,Volatility rule,0.0
2022-10-31,Volatility rule,0.0
2022-11-01,Volatility rule,0.0
2022-11-02,Volatility rule,0.0
2022-11-03,Volatility rule,0.0
2022-11-04,Volatility rule,0.0
2022-11-07,Volatility rule,0.0
2022-11-09,Volatility rule,0.0
2022-11-10,Volatility rule,0.0
2022-11-11,Volatility rule,0.013071338992186224
2022-11-14,Volatility rule,0.0
2022-11-15,Volatility rule,0.0
2022-11-16,Volatility rule,0.0
2022-11-17,Volatility rule,0.0
2022-11-18,Volatility rule,0.0
2022-11-21,Volatility rule,0.0
2022-11-22,Volatility rule,0.0
2022-11-23,Volatility rule,0.0
2022-11-24,Volatility rule,0.0
2022-11-25,Volatility rule,0.0
2022-11-28,Volatility rule,0.0
2022-11-29,Volatility rule,0.0
2022-11-30,Volatility rule,0.0
2022-12-01,Volatility rule,0.0
2022-12-02,Volatility rule,0.0
2022-12-05,Volatility rule,0.0
2022-12-06,Volatility rule,0.0
2022-12-07,Volatility rule,0.0
2022-12-08,Volatility rule,0.0
2022-12-09,Volatility rule,0.0
2022-12-12,Volatility rule,0.003901309591622021
2022-12-13,Volatility rule,0.0
2022-12-14,Volatility rule,0.0
2022-12-15,Volatility rule,0.0
2022-12-16,Volatility rule,0.0
2022-12-19,Volatility rule,0.0
2022-12-20,Volatility rule,0.0
2022-12-21,Volatility rule,0.0
2022-12-22,Volatility rule,0.0
2022-12-23,Volatility rule,0.0
2022-12-26,Volatility rule,0.0
2022-12-27,Volatility rule,0.0
2022-12-28,Volatility rule,0.0
2022-12-29,Volatility rule,0.0
2022-12-30,Volatility rule,0.0
2023-01-02,Volatility rule,0.0
2023-01-03,Volatility rule,0.0
2023-01-04,Volatility rule,0.0
2023-01-05,Volatility rule,0.0
2023-01-06,Volatility rule,0.0
2023-01-09,Volatility rule,0.0
2023-01-10,Volatility rule,0.012742587016663573
2023-01-11,Volatility rule,0.0
2023-01-12,Volatility rule,0.0
2023-01-13,Volatility rule,0.0
2023-01-16,Volatility rule,0.0
2023-01-17,Volatility rule,0.0
2023-01-18,Volatility rule,0.0
2023-01-19,Volatility rule,0.0
2023-01-20,Volatility rule,0.0
2023-01-23,Volatility rule,0.0
2023-01-24,Volatility rule,0.0
2023-01-25,Volatility rule,0.0
2023-01-27,Volatility rule,0.0
2023-01-30,Volatility rule,0.0
2023-01-31,Volatility rule,0.0
2023-02-01,Volatility rule,0.0
2023-02-02,Volatility rule,0.0
2023-02-03,Volatility rule,0.0
2023-02-06,Volatility rule,0.0
2023-02-07,Volatility rule,0.0
2023-02-08,Volatility rule,0.0
2023-02-09,Volatility rule,0.003841795199518508
2023-02-10,Volatility rule,0.0
2023-02-13,Volatility rule,0.0
2023-02-14,Volatility rule,0.0
2023-02-15,Volatility rule,0.0
2023-02-16,Volatility rule,0.0
2023-02-17,Volatility rule,0.0
2023-02-20,Volatility rule,0.0
2023-02-21,Volatility rule,0.0
2023-02-22,Volatility rule,0.0
2023-02-23,Volatility rule,0.0
2023-02-24,Volatility rule,0.0
2023-02-27,Volatility rule,0.0
2023-02-28,Volatility rule,0.0
2023-03-01,Volatility rule,0.0
2023-03-02,Volatility rule,0.0
2023-03-03,Volatility rule,0.0
2023-03-06,Volatility rule,0.0
2023-03-08,Volatility rule,0.0
2023-03-09,Volatility rule,0.0
2023-03-10,Volatility rule,0.0
2023-03-13,Volatility rule,0.009309888060381494
2023-03-14,Volatility rule,0.0
2023-03-15,Volatility rule,0.0
2023-03-16,Volatility rule,0.0
2023-03-17,Volatility rule,0.0
2023-03-20,Volatility rule,0.0
2023-03-21,Volatility rule,0.0
2023-03-22,Volatility rule,0.0
2023-03-23,Volatility rule,0.0
2023-03-24,Volatility rule,0.0
2023-03-27,Volatility rule,0.0
2023-03-28,Volatility rule,0.0
2023-03-29,Volatility rule,0.0
2023-03-31,Volatility rule,0.0
2023-04-03,Volatility rule,0.0
2023-04-05,Volatility rule,0.0
2023-04-06,Volatility rule,0.0
2023-04-10,Volatility rule,0.0
2023-04-11,Volatility rule,0.0
2023-04-12,Volatility rule,0.0
2023-04-13,Volatility rule,0.0
2023-04-17,Volatility rule,0.0049432414857490115
2023-04-18,Volatility rule,0.0
2023-04-19,Volatility rule,0.0
2023-04-20,Volatility rule,0.0
2023-04-21,Volatility rule,0.0
2023-04-24,Volatility rule,0.0
2023-04-25,Volatility rule,0.0
2023-04-26,Volatility rule,0.0
2023-04-27,Volatility rule,0.0
2023-04-28,Volatility rule,0.0
2023-05-02,Volatility rule,0.0
2023-05-03,Volatility rule,0.0
2023-05-04,Volatility rule,0.0
2023-05-05,Volatility rule,0.0
2023-05-08,Volatility rule,0.0
2023-05-09,Volatility rule,0.0
2023-05-10,Volatility rule,0.0
2023-05-11,Volatility rule,0.0
2023-05-12,Volatility rule,0.0
2023-05-15,Volatility rule,0.0
2023-05-16,Volatility rule,0.0
2023-05-17,Volatility rule,0.005760962896891264
2023-05-18,Volatility rule,0.0
2023-05-19,Volatility rule,0.0
2023-05-22,Volatility rule,0.0
2023-05-23,Volatility rule,0.0
2023-05-24,Volatility rule,0.0
2023-05-25,Volatility rule,0.0
2023-05-26,Volatility rule,0.0
2023-05-29,Volatility rule,0.0
2023-05-30,Volatility rule,0.0
2023-05-31,Volatility rule,0.0
2023-06-01,Volatility rule,0.0
2023-06-02,Volatility rule,0.0
2023-06-05,Volatility rule,0.0
2023-06-06,Volatility rule,0.0
2023-06-07,Volatility rule,0.0
2023-06-08,Volatility rule,0.0
2023-06-09,Volatility rule,0.0
2023-06-12,Volatility rule,0.0
2023-06-13,Volatility rule,0.0
2023-06-14,Volatility rule,0.0
2023-06-15,Volatility rule,0.009370209047715822
2023-06-16,Volatility rule,0.0
2023-06-19,Volatility rule,0.0
2023-06-20,Volatility rule,0.0
2023-06-21,Volatility rule,0.0
2023-06-22,Volatility rule,0.0
2023-06-23,Volatility rule,0.0
2023-06-26,Volatility rule,0.0
2023-06-27,Volatility rule,0.0
2023-06-28,Volatility rule,0.0
2023-06-30,Volatility rule,0.0
2023-07-03,Volatility rule,0.0
2023-07-04,Volatility rule,0.0
2023-07-05,Volatility rule,0.0
2023-07-06,Volatility rule,0.0
2023-07-07,Volatility rule,0.0
2023-07-10,Volatility rule,0.0
2023-07-11,Volatility rule,0.0
2023-07-12,Volatility rule,0.0
2023-07-13,Volatility rule,0.0
2023-07-14,Volatility rule,0.0
2023-07-17,Volatility rule,0.010732418479757727
2023-07-18,Volatility rule,0.0
2023-07-19,Volatility rule,0.0
2023-07-20,Volatility rule,0.0
2023-07-21,Volatility rule,0.0
2023-07-24,Volatility rule,0.0
2023-07-25,Volatility rule,0.0
2023-07-26,Volatility rule,0.0
2023-07-27,Volatility rule,0.0
2023-07-28,Volatility rule,0.0
2023-07-31,Volatility rule,0.0
2023-08-01,Volatility rule,0.0
2023-08-02,Volatility rule,0.0
2023-08-03,Volatility rule,0.0
2023-08-04,Volatility rule,0.0
2023-08-07,Volatility rule,0.0
2023-08-08,Volatility rule,0.0
2023-08-09,Volatility rule,0.0
2023-08-10,Volatility rule,0.0
2023-08-11,Volatility rule,0.0
2023-08-14,Volatility rule,0.0
2023-08-16,Volatility rule,0.0023316817819298286
2023-08-17,Volatility rule,0.0
2023-08-18,Volatility rule,0.0
2023-08-21,Volatility rule,0.0
2023-08-22,Volatility rule,0.0
2023-08-23,Volatility rule,0.0
2023-08-24,Volatility rule,0.0
2023-08-25,Volatility rule,0.0
2023-08-28,Volatility rule,0.0
2023-08-29,Volatility rule,0.0
2023-08-30,Volatility rule,0.0
2023-08-31,Volatility rule,0.0
2023-09-01,Volatility rule,0.0
2023-09-04,Volatility rule,0.0
2023-09-05,Volatility rule,0.0
2023-09-06,Volatility rule,0.0
2023-09-07,Volatility rule,0.0
2023-09-08,Volatility rule,0.0
2023-09-11,Volatility rule,0.0
2023-09-12,Volatility rule,0.0
2023-09-13,Volatility rule,0.0
2023-09-14,Volatility rule,0.0074743815310237965
2023-09-15,Volatility rule,0.0
2023-09-18,Volatility rule,0.0
2023-09-20,Volatility rule,0.0
2023-09-21,Volatility rule,0.0
2023-09-22,Volatility rule,0.0
2023-09-25,Volatility rule,0.0
2023-09-26,Volatility rule,0.0
2023-09-27,Volatility rule,0.0
2023-09-28,Volatility rule,0.0
2023-09-29,Volatility rule,0.0
2023-10-03,Volatility rule,0.0
2023-10-04,Volatility rule,0.0
2023-10-05,Volatility rule,0.0
2023-10-06,Volatility rule,0.0
2023-10-09,Volatility rule,0.0
2023-10-10,Volatility rule,0.0
2023-10-11,Volatility rule,0.0
2023-10-12,Volatility rule,0.0
2023-10-13,Volatility rule,0.0
2023-10-16,Volatility rule,0.0
2023-10-17,Volatility rule,0.004889582490067962
2023-10-18,Volatility rule,0.0
2023-10-19,Volatility rule,0.0
2023-10-20,Volatility rule,0.0
2023-10-23,Volatility rule,0.0
2023-10-25,Volatility rule,0.0
2023-10-26,Volatility rule,0.0
2023-10-27,Volatility rule,0.0
2023-10-30,Volatility rule,0.0
2023-10-31,Volatility rule,0.0
2023-11-01,Volatility rule,0.0
2023-11-02,Volatility rule,0.0
2023-11-03,Volatility rule,0.0
2023-11-06,Volatility rule,0.0
2023-11-07,Volatility rule,0.0
2023-11-08,Volatility rule,0.0
2023-11-09,Volatility rule,0.0
2023-11-10,Volatility rule,0.0
2023-11-13,Volatility rule,0.0
2023-11-15,Volatility rule,0.0
2023-11-16,Volatility rule,0.0
2023-11-17,Volatility rule,0.005336635493070813
2023-11-20,Volatility rule,0.0
2023-11-21,Volatility rule,0.0
2023-11-22,Volatility rule,0.0
2023-11-23,Volatility rule,0.0
2023-11-24,Volatility rule,0.0
2023-11-28,Volatility rule,0.0
2023-11-29,Volatility rule,0.0
2023-11-30,Volatility rule,0.0
2023-12-01,Volatility rule,0.0
2023-12-04,Volatility rule,0.0
2023-12-05,Volatility rule,0.0
2023-12-06,Volatility rule,0.0
2023-12-07,Volatility rule,0.0
2023-12-08,Volatility rule,0.0
2023-12-11,Volatility rule,0.0
2023-12-12,Volatility rule,0.0
2023-12-13,Volatility rule,0.0
2023-12-14,Volatility rule,0.0
2023-12-15,Volatility rule,0.0
2023-12-18,Volatility rule,0.0
2023-12-19,Volatility rule,0.3166402777138906
2023-12-20,Volatility rule,0.0
2023-12-21,Volatility rule,0.0
2023-12-22,Volatility rule,0.0
2023-12-26,Volatility rule,0.0
2023-12-27,Volatility rule,0.0
2023-12-28,Volatility rule,0.0
2023-12-29,Volatility rule,0.0
2024-01-01,Volatility rule,0.0
2024-01-02,Volatility rule,0.0
2024-01-03,Volatility rule,0.0
2024-01-04,Volatility rule,0.0
2024-01-05,Volatility rule,0.0
2024-01-08,Volatility rule,0.0
2024-01-09,Volatility rule,0.0
2024-01-10,Volatility rule,0.0
2024-01-11,Volatility rule,0.0
2024-01-12,Volatility rule,0.0
2024-01-15,Volatility rule,0.0
2024-01-16,Volatility rule,0.0
2024-01-17,Volatility rule,0.0
2024-01-18,Volatility rule,0.0009786331409254723
2024-01-19,Volatility rule,0.0
2024-01-23,Volatility rule,0.0
2024-01-24,Volatility rule,0.0
2024-01-25,Volatility rule,0.0
2024-01-29,Volatility rule,0.0
2024-01-30,Volatility rule,0.0
2024-01-31,Volatility rule,0.0
2024-02-01,Volatility rule,0.0
2024-02-02,Volatility rule,0.0
2024-02-05,Volatility rule,0.0
2024-02-06,Volatility rule,0.0
2024-02-07,Volatility rule,0.0
2024-02-08,Volatility rule,0.0
2024-02-09,Volatility rule,0.0
2024-02-12,Volatility rule,0.0
2024-02-13,Volatility rule,0.0
2024-02-14,Volatility rule,0.0
2024-02-15,Volatility rule,0.0
2024-02-16,Volatility rule,0.0
2024-02-19,Volatility rule,0.0
2024-02-20,Volatility rule,0.007017854138751917
2024-02-21,Volatility rule,0.0
2024-02-22,Volatility rule,0.0
2024-02-23,Volatility rule,0.0
2024-02-26,Volatility rule,0.0
2024-02-27,Volatility rule,0.0
2024-02-28,Volatility rule,0.0
2024-02-29,Volatility rule,0.0
2024-03-01,Volatility rule,0.0
2024-03-04,Volatility rule,0.0
2024-03-05,Volatility rule,0.0
2024-03-06,Volatility rule,0.0
2024-03-07,Volatility rule,0.0
2024-03-11,Volatility rule,0.0
2024-03-12,Volatility rule,0.0
2024-03-13,Volatility rule,0.0
2024-03-14,Volatility rule,0.0
2024-03-15,Volatility rule,0.0
2024-03-18,Volatility rule,0.0
2024-03-19,Volatility rule,0.0
2024-03-20,Volatility rule,0.0
2024-03-21,Volatility rule,0.016662533244378358
2024-03-22,Volatility rule,0.0
2024-03-26,Volatility rule,0.0
2024-03-27,Volatility rule,0.0
2024-03-28,Volatility rule,0.0
2024-04-01,Volatility rule,0.0
2024-04-02,Volatility rule,0.0
2024-04-03,Volatility rule,0.0
2024-04-04,Volatility rule,0.0
2024-04-05,Volatility rule,0.0
2024-04-08,Volatility rule,0.0
2024-04-09,Volatility rule,0.0
2024-04-10,Volatility rule,0.0
2024-04-12,Volatility rule,0.0
2024-04-15,Volatility rule,0.0
2024-04-16,Volatility rule,0.0
2024-04-18,Volatility rule,0.0
2024-04-19,Volatility rule,0.0
2024-04-22,Volatility rule,0.0
2024-04-23,Volatility rule,0.0
2024-04-24,Volatility rule,0.0
2024-04-25,Volatility rule,0.3023323776144523
2024-04-26,Volatility rule,0.0
2024-04-29,Volatility rule,0.0
2024-04-30,Volatility rule,0.0
2024-05-02,Volatility rule,0.0
2024-05-03,Volatility rule,0.0
2024-05-06,Volatility rule,0.0
2024-05-07,Volatility rule,0.0
2024-05-08,Volatility rule,0.0
2024-05-09,Volatility rule,0.0
2024-05-10,Volatility rule,0.0
2024-05-13,Volatility rule,0.0
2024-05-14,Volatility rule,0.0
2024-05-15,Volatility rule,0.0
2024-05-16,Volatility rule,0.0
2024-05-17,Volatility rule,0.0
2024-05-21,Volatility rule,0.0
2024-05-22,Volatility rule,0.0
2024-05-23,Volatility rule,0.0
2024-05-24,Volatility rule,0.0
2024-05-27,Volatility rule,0.0
2024-05-28,Volatility rule,0.0022468475407490113
2024-05-29,Volatility rule,0.0
2024-05-30,Volatility rule,0.0
2024-05-31,Volatility rule,0.0
2024-06-03,Volatility rule,0.0
2024-06-04,Volatility rule,0.0
2024-06-05,Volatility rule,0.0
2024-06-06,Volatility rule,0.0
2024-06-07,Volatility rule,0.0
2024-06-10,Volatility rule,0.0
2024-06-11,Volatility rule,0.0
2024-06-12,Volatility rule,0.0
2024-06-13,Volatility rule,0.0
2024-06-14,Volatility rule,0.0
2024-06-18,Volatility rule,0.0
2024-06-19,Volatility rule,0.0
2024-06-20,Volatility rule,0.0
2024-06-21,Volatility rule,0.0
2024-06-24,Volatility rule,0.0
2024-06-25,Volatility rule,0.0
2024-06-26,Volatility rule,0.0
2024-06-27,Volatility rule,0.31246767803841896
2024-06-28,Volatility rule,0.0
2024-07-01,Volatility rule,0.0
2024-07-02,Volatility rule,0.0
2024-07-03,Volatility rule,0.0
2024-07-04,Volatility rule,0.0
2024-07-05,Volatility rule,0.0
2024-07-08,Volatility rule,0.0
2024-07-09,Volatility rule,0.0
2024-07-10,Volatility rule,0.0
2024-07-11,Volatility rule,0.0
2024-07-12,Volatility rule,0.0
2024-07-15,Volatility rule,0.0
2024-07-16,Volatility rule,0.0
2024-07-18,Volatility rule,0.0
2024-07-19,Volatility rule,0.0
2024-07-22,Volatility rule,0.0
2024-07-23,Volatility rule,0.0
2024-07-24,Volatility rule,0.0
2024-07-25,Volatility rule,0.0
2024-07-26,Volatility rule,0.0
2024-07-29,Volatility rule,0.009689334267569821
2024-07-30,Volatility rule,0.0
2024-07-31,Volatility rule,0.0
2024-08-01,Volatility rule,0.0
2024-08-02,Volatility rule,0.0
2024-08-05,Volatility rule,0.0
2024-08-06,Volatility rule,0.0
2024-08-07,Volatility rule,0.0
2024-08-08,Volatility rule,0.0
2024-08-09,Volatility rule,0.0
2024-08-12,Volatility rule,0.0
2024-08-13,Volatility rule,0.0
2024-08-14,Volatility rule,0.0
2024-08-16,Volatility rule,0.0
2024-08-19,Volatility rule,0.0
2024-08-20,Volatility rule,0.0
2024-08-21,Volatility rule,0.0
2024-08-22,Volatility rule,0.0
2024-08-23,Volatility rule,0.0
2024-08-26,Volatility rule,0.0
2024-08-27,Volatility rule,0.0
2024-08-28,Volatility rule,0.004978218629457798
2024-08-29,Volatility rule,0.0
2024-08-30,Volatility rule,0.0
2024-09-02,Volatility rule,0.0
2024-09-03,Volatility rule,0.0
2024-09-04,Volatility rule,0.0
2024-09-05,Volatility rule,0.0
2024-09-06,Volatility rule,0.0
2024-09-09,Volatility rule,0.0
2024-09-10,Volatility rule,0.0
2024-09-11,Volatility rule,0.0
2024-09-12,Volatility rule,0.0
2024-09-13,Volatility rule,0.0
2024-09-16,Volatility rule,0.0
2024-09-17,Volatility rule,0.0
2024-09-18,Volatility rule,0.0
2024-09-19,Volatility rule,0.0
2024-09-20,Volatility rule,0.0
2024-09-23,Volatility rule,0.0
2024-09-24,Volatility rule,0.0
2024-09-25,Volatility rule,0.0
2024-09-26,Volatility rule,0.29556313712297394
2024-09-27,Volatility rule,0.0
2024-09-30,Volatility rule,0.0
2024-10-01,Volatility rule,0.0
2024-10-03,Volatility rule,0.0
2024-10-04,Volatility rule,0.0
2024-10-07,Volatility rule,0.0
2024-10-08,Volatility rule,0.0
2024-10-09,Volatility rule,0.0
2024-10-10,Volatility rule,0.0
2024-10-11,Volatility rule,0.0
2024-10-14,Volatility rule,0.0
2024-10-15,Volatility rule,0.0
2024-10-16,Volatility rule,0.0
2024-10-17,Volatility rule,0.0
2024-10-18,Volatility rule,0.0
2024-10-21,Volatility rule,0.0
2024-10-22,Volatility rule,0.0
2024-10-23,Volatility rule,0.0
2024-10-24,Volatility rule,0.0
2024-10-25,Volatility rule,0.0
2024-10-28,Volatility rule,0.02159661712020365
2024-10-29,Volatility rule,0.0
2024-10-30,Volatility rule,0.0
2024-10-31,Volatility rule,0.0
2024-11-01,Volatility rule,0.0
2024-11-04,Volatility rule,0.0
2024-11-05,Volatility rule,0.0
2024-11-06,Volatility rule,0.0
2024-11-07,Volatility rule,0.0
2024-11-08,Volatility rule,0.0
2024-11-11,Volatility rule,0.0
2024-11-12,Volatility rule,0.0
2024-11-13,Volatility rule,0.0
2024-11-14,Volatility rule,0.0
2024-11-18,Volatility rule,0.0
2024-11-19,Volatility rule,0.0
2024-11-21,Volatility rule,0.0
2024-11-22,Volatility rule,0.0
2024-11-25,Volatility rule,0.0
2024-11-26,Volatility rule,0.0
2024-11-27,Volatility rule,0.0
2024-11-28,Volatility rule,0.003039826052169986
2024-11-29,Volatility rule,0.0
2024-12-02,Volatility rule,0.0
2024-12-03,Volatility rule,0.0
2024-12-04,Volatility rule,0.0
2024-12-05,Volatility rule,0.0
2024-12-06,Volatility rule,0.0
2024-12-09,Volatility rule,0.0
2024-12-10,Volatility rule,0.0
2024-12-11,Volatility rule,0.0
2024-12-12,Volatility rule,0.0
2024-12-13,Volatility rule,0.0
2024-12-16,Volatility rule,0.0
2024-12-17,Volatility rule,0.0
2024-12-18,Volatility rule,0.0
2024-12-19,Volatility rule,0.0
2024-12-20,Volatility rule,0.0
2024-12-23,Volatility rule,0.0
2024-12-24,Volatility rule,0.0
2024-12-26,Volatility rule,0.0
2024-12-27,Volatility rule,0.0
2024-12-30,Volatility rule,0.0028380456248404545
2024-12-31,Volatility rule,0.0
2025-01-01,Volatility rule,0.0
2025-01-02,Volatility rule,0.0
2025-01-03,Volatility rule,0.0
2025-01-06,Volatility rule,0.0
2025-01-07,Volatility rule,0.0
2025-01-08,Volatility rule,0.0
2025-01-09,Volatility rule,0.0
2025-01-10,Volatility rule,0.0
2025-01-13,Volatility rule,0.0
2025-01-14,Volatility rule,0.0
2025-01-15,Volatility rule,0.0
2025-01-16,Volatility rule,0.0
2025-01-17,Volatility rule,0.0
2025-01-20,Volatility rule,0.0
2025-01-21,Volatility rule,0.0
2025-01-22,Volatility rule,0.0
2025-01-23,Volatility rule,0.0
2025-01-24,Volatility rule,0.0
2025-01-27,Volatility rule,0.0
2025-01-28,Volatility rule,0.014384430652025909
2025-01-29,Volatility rule,0.0
2025-01-30,Volatility rule,0.0
2025-01-31,Volatility rule,0.0
2025-02-01,Volatility rule,0.0
2025-02-03,Volatility rule,0.0
2025-02-04,Volatility rule,0.0
2025-02-05,Volatility rule,0.0
2025-02-06,Volatility rule,0.0
2025-02-07,Volatility rule,0.0
2025-02-10,Volatility rule,0.0
2025-02-11,Volatility rule,0.0
2025-02-12,Volatility rule,0.0
2025-02-13,Volatility rule,0.0
2025-02-14,Volatility rule,0.0
2025-02-17,Volatility rule,0.0
2025-02-18,Volatility rule,0.0
2025-02-19,Volatility rule,0.0
2025-02-20,Volatility rule,0.0
2025-02-21,Volatility rule,0.0
2025-02-24,Volatility rule,0.0
2025-02-25,Volatility rule,0.014424437073456822
2025-02-27,Volatility rule,0.0
2025-02-28,Volatility rule,0.0
2025-03-03,Volatility rule,0.0
2025-03-04,Volatility rule,0.0
2025-03-05,Volatility rule,0.0
2025-03-06,Volatility rule,0.0
2025-03-07,Volatility rule,0.0
2025-03-10,Volatility rule,0.0
2025-03-11,Volatility rule,0.0
2025-03-12,Volatility rule,0.0
2025-03-13,Volatility rule,0.0
2025-03-17,Volatility rule,0.0
2025-03-18,Volatility rule,0.0
2025-03-19,Volatility rule,0.0
2025-03-20,Volatility rule,0.0
2025-03-21,Volatility rule,0.0
2025-03-24,Volatility rule,0.0
2025-03-25,Volatility rule,0.0
2025-03-26,Volatility rule,0.0
2025-03-27,Volatility rule,0.0
2025-03-28,Volatility rule,0.006316476084675407
2025-04-01,Volatility rule,0.0
2025-04-02,Volatility rule,0.0
2025-04-03,Volatility rule,0.0
2025-04-04,Volatility rule,0.0
2025-04-07,Volatility rule,0.0
2025-04-08,Volatility rule,0.0
2025-04-09,Volatility rule,0.0
2025-04-11,Volatility rule,0.0
2025-04-15,Volatility rule,0.0
2025-04-16,Volatility rule,0.0
2025-04-17,Volatility rule,0.0
2025-04-21,Volatility rule,0.0
2025-04-22,Volatility rule,0.0
2025-04-23,Volatility rule,0.0
2025-04-24,Volatility rule,0.0
2025-04-25,Volatility rule,0.0
2025-04-28,Volatility rule,0.0
2025-04-29,Volatility rule,0.0
2025-04-30,Volatility rule,0.0
2025-05-02,Volatility rule,0.0
2025-05-05,Volatility rule,0.2992927187647687
2025-05-06,Volatility rule,0.0
2025-05-07,Volatility rule,0.0
2025-05-08,Volatility rule,0.0
2025-05-09,Volatility rule,0.0
2025-05-12,Volatility rule,0.0
2025-05-13,Volatility rule,0.0
2025-05-14,Volatility rule,0.0
2025-05-15,Volatility rule,0.0
2025-05-16,Volatility rule,0.0
2025-05-19,Volatility rule,0.0
2025-05-20,Volatility rule,0.0
2025-05-21,Volatility rule,0.0
2025-05-22,Volatility rule,0.0
2025-05-23,Volatility rule,0.0
2025-05-26,Volatility rule,0.0
2025-05-27,Volatility rule,0.0
2025-05-28,Volatility rule,0.0
2025-05-29,Volatility rule,0.0
2025-05-30,Volatility rule,0.0
2025-06-02,Volatility rule,0.0
2025-06-03,Volatility rule,0.002918546423841928
2025-06-04,Volatility rule,0.0
2025-06-05,Volatility rule,0.0
2025-06-06,Volatility rule,0.0
2025-06-09,Volatility rule,0.0
2025-06-10,Volatility rule,0.0
2025-06-11,Volatility rule,0.0
2025-06-12,Volatility rule,0.0
2025-06-13,Volatility rule,0.0
2025-06-16,Volatility rule,0.0
2025-06-17,Volatility rule,0.0
2025-06-18,Volatility rule,0.0
2025-06-19,Volatility rule,0.0
2025-06-20,Volatility rule,0.0
2025-06-23,Volatility rule,0.0
2025-06-24,Volatility rule,0.0
2025-06-25,Volatility rule,0.0
2025-06-26,Volatility rule,0.0
2025-06-27,Volatility rule,0.0
2025-06-30,Volatility rule,0.0
2025-07-01,Volatility rule,0.0
2025-07-02,Volatility rule,0.007758269164771875
2025-07-03,Volatility rule,0.0
2025-07-04,Volatility rule,0.0
2025-07-07,Volatility rule,0.0
2025-07-08,Volatility rule,0.0
2025-07-09,Volatility rule,0.0
2025-07-10,Volatility rule,0.0
2025-07-11,Volatility rule,0.0
2025-07-14,Volatility rule,0.0
2025-07-15,Volatility rule,0.0
2025-07-16,Volatility rule,0.0
2025-07-17,Volatility rule,0.0
2025-07-18,Volatility rule,0.0
2025-07-21,Volatility rule,0.0
2025-07-22,Volatility rule,0.0
2025-07-23,Volatility rule,0.0
2025-07-24,Volatility rule,0.0
2025-07-25,Volatility rule,0.0
2025-07-28,Volatility rule,0.0
2025-07-29,Volatility rule,0.0
2025-07-30,Volatility rule,0.0
2025-07-31,Volatility rule,0.3080170112269798
2025-08-01,Volatility rule,0.0
2025-08-04,Volatility rule,0.0
2025-08-05,Volatility rule,0.0
2025-08-06,Volatility rule,0.0
2025-08-07,Volatility rule,0.0
2025-08-08,Volatility rule,0.0
2025-08-11,Volatility rule,0.0
2025-08-12,Volatility rule,0.0
2025-08-13,Volatility rule,0.0
2025-08-14,Volatility rule,0.0
2025-08-18,Volatility rule,0.0
2025-08-19,Volatility rule,0.0
2025-08-20,Volatility rule,0.0
2025-08-21,Volatility rule,0.0
2025-08-22,Volatility rule,0.0
2025-08-25,Volatility rule,0.0
2025-08-26,Volatility rule,0.0
2025-08-28,Volatility rule,0.0
2025-08-29,Volatility rule,0.0
2025-09-01,Volatility rule,0.0
2025-09-02,Volatility rule,0.009423962269867914
2025-09-03,Volatility rule,0.0
2025-09-04,Volatility rule,0.0
2025-09-05,Volatility rule,0.0
2025-09-08,Volatility rule,0.0
2025-09-09,Volatility rule,0.0
2025-09-10,Volatility rule,0.0
2025-09-11,Volatility rule,0.0
2025-09-12,Volatility rule,0.0
2025-09-15,Volatility rule,0.0
2025-09-16,Volatility rule,0.0
2025-09-17,Volatility rule,0.0
2025-09-18,Volatility rule,0.0
2025-09-19,Volatility rule,0.0
2025-09-22,Volatility rule,0.0
2025-09-23,Volatility rule,0.0
2025-09-24,Volatility rule,0.0
2025-09-25,Volatility rule,0.0
2025-09-26,Volatility rule,0.0
2025-09-29,Volatility rule,0.0
2025-09-30,Volatility rule,0.0
2025-10-01,Volatility rule,0.018308643646335457
2025-10-03,Volatility rule,0.0
2025-10-06,Volatility rule,0.0
2025-10-07,Volatility rule,0.0
2025-10-08,Volatility rule,0.0
2025-10-09,Volatility rule,0.0
2025-10-10,Volatility rule,0.0
2025-10-13,Volatility rule,0.0
2025-10-14,Volatility rule,0.0
2025-10-15,Volatility rule,0.0
2025-10-16,Volatility rule,0.0
2025-10-17,Volatility rule,0.0
2025-10-20,Volatility rule,0.0
2025-10-21,Volatility rule,0.0
2025-10-23,Volatility rule,0.0
2025-10-24,Volatility rule,0.0
2025-10-27,Volatility rule,0.0
2025-10-28,Volatility rule,0.0
2025-10-29,Volatility rule,0.0
2025-10-30,Volatility rule,0.0
2025-10-31,Volatility rule,0.0
2025-11-03,Volatility rule,0.005120727858880708
2025-11-04,Volatility rule,0.0
2025-11-06,Volatility rule,0.0
2025-11-07,Volatility rule,0.0
2025-11-10,Volatility rule,0.0
2025-11-11,Volatility rule,0.0
2025-11-12,Volatility rule,0.0
2025-11-13,Volatility rule,0.0
2025-11-14,Volatility rule,0.0
2025-11-17,Volatility rule,0.0
2025-11-18,Volatility rule,0.0
2025-11-19,Volatility rule,0.0
2025-11-20,Volatility rule,0.0
2025-11-21,Volatility rule,0.0
2025-11-24,Volatility rule,0.0
2025-11-25,Volatility rule,0.0
2025-11-26,Volatility rule,0.0
2025-11-27,Volatility rule,0.0
2025-11-28,Volatility rule,0.0
2025-12-01,Volatility rule,0.0
2025-12-02,Volatility rule,0.0
2025-12-03,Volatility rule,0.009039838413254564
2025-12-04,Volatility rule,0.0
2025-12-05,Volatility rule,0.0
2025-12-08,Volatility rule,0.0
2025-12-09,Volatility rule,0.0
2025-12-10,Volatility rule,0.0
2025-12-11,Volatility rule,0.0
2025-12-12,Volatility rule,0.0
2025-12-15,Volatility rule,0.0
2025-12-16,Volatility rule,0.0
2025-12-17,Volatility rule,0.0
2025-12-18,Volatility rule,0.0
2025-12-19,Volatility rule,0.0
2025-12-22,Volatility rule,0.0
2025-12-23,Volatility rule,0.0
2025-12-24,Volatility rule,0.0
2025-12-26,Volatility rule,0.0
2025-12-29,Volatility rule,0.0
2025-12-30,Volatility rule,0.0
2025-12-31,Volatility rule,0.0
2026-01-01,Volatility rule,0.0
2026-01-02,Volatility rule,0.00614873275383597
2026-01-05,Volatility rule,0.0
2026-01-06,Volatility rule,0.0
2026-01-07,Volatility rule,0.0
2026-01-08,Volatility rule,0.0
2026-01-09,Volatility rule,0.0
2026-01-12,Volatility rule,0.0
2026-01-13,Volatility rule,0.0
2026-01-14,Volatility rule,0.0
2026-01-15,Volatility rule,0.0
2026-01-16,Volatility rule,0.0
2026-01-19,Volatility rule,0.0
2026-01-20,Volatility rule,0.0
2026-01-21,Volatility rule,0.0
2026-01-22,Volatility rule,0.0
2026-01-23,Volatility rule,0.0
2026-01-27,Volatility rule,0.0
2026-01-28,Volatility rule,0.0
2026-01-29,Volatility rule,0.0
2026-01-30,Volatility rule,0.0
2026-02-02,Volatility rule,0.0
2026-02-03,Volatility rule,0.021913606697744142
2026-02-04,Volatility rule,0.0
2026-02-05,Volatility rule,0.0
2026-02-06,Volatility rule,0.0
2026-02-09,Volatility rule,0.0
2026-02-10,Volatility rule,0.0
2026-02-11,Volatility rule,0.0
2026-02-12,Volatility rule,0.0
2026-02-13,Volatility rule,0.0
2026-02-16,Volatility rule,0.0
2026-02-17,Volatility rule,0.0
2026-02-18,Volatility rule,0.0
2026-02-19,Volatility rule,0.0
2026-02-20,Volatility rule,0.0
2026-02-23,Volatility rule,0.0
2026-02-24,Volatility rule,0.0
2026-02-25,Volatility rule,0.0
2026-02-26,Volatility rule,0.0
2026-02-27,Volatility rule,0.0
2026-03-02,Volatility rule,0.0
2026-03-04,Volatility rule,0.0
2026-03-05,Volatility rule,0.2839764826622708
2026-03-06,Volatility rule,0.0
2026-03-09,Volatility rule,0.0
2026-03-10,Volatility rule,0.0
2026-03-11,Volatility rule,0.0
2026-03-12,Volatility rule,0.0
2026-03-13,Volatility rule,0.0
2026-03-16,Volatility rule,0.0
2026-03-17,Volatility rule,0.0
2026-03-18,Volatility rule,0.0
2026-03-19,Volatility rule,0.0
2026-03-20,Volatility rule,0.0
2026-03-23,Volatility rule,0.0
2026-03-24,Volatility rule,0.0
2026-03-25,Volatility rule,0.0
2026-03-27,Volatility rule,0.0
2026-03-30,Volatility rule,0.0
2026-04-01,Volatility rule,0.0
2026-04-02,Volatility rule,0.0
2026-04-06,Volatility rule,0.0
2026-04-07,Volatility rule,0.0
2026-04-08,Volatility rule,0.01032835863859255
2026-04-09,Volatility rule,0.0
2026-04-10,Volatility rule,0.0
2026-04-13,Volatility rule,0.0
2026-04-15,Volatility rule,0.0
2026-04-16,Volatility rule,0.0
2026-04-17,Volatility rule,0.0
2026-04-20,Volatility rule,0.0
2026-04-21,Volatility rule,0.0
2026-04-22,Volatility rule,0.0
2026-04-23,Volatility rule,0.0
2026-04-24,Volatility rule,0.0
2026-04-27,Volatility rule,0.0
2026-04-28,Volatility rule,0.0
2026-04-29,Volatility rule,0.0
2026-04-30,Volatility rule,0.0
2026-05-01,Volatility rule,0.0
2026-05-04,Volatility rule,0.0
2026-05-05,Volatility rule,0.0
2026-05-06,Volatility rule,0.0
2026-05-07,Volatility rule,0.0
2026-05-08,Volatility rule,0.0017571251230972806
2026-05-11,Volatility rule,0.0
2026-05-12,Volatility rule,0.0
2026-05-13,Volatility rule,0.0
2026-05-14,Volatility rule,0.0
2026-05-15,Volatility rule,0.0
2026-05-18,Volatility rule,0.0
2026-05-19,Volatility rule,0.0
2026-05-20,Volatility rule,0.0
2026-05-21,Volatility rule,0.0
2026-05-22,Volatility rule,0.0
2026-05-25,Volatility rule,0.0
2026-05-26,Volatility rule,0.0
2026-05-27,Volatility rule,0.0
2026-05-28,Volatility rule,0.0
2026-05-29,Volatility rule,0.0
2026-06-01,Volatility rule,0.0
2026-06-02,Volatility rule,0.0
2026-06-03,Volatility rule,0.0
2026-06-04,Volatility rule,0.0
2026-06-05,Volatility rule,0.0
2026-06-08,Volatility rule,0.009937474497357712
2026-06-09,Volatility rule,0.0
2026-06-10,Volatility rule,0.0
2026-06-11,Volatility rule,0.0
2026-06-12,Volatility rule,0.0
2026-06-15,Volatility rule,0.0
2026-06-16,Volatility rule,0.0
2026-06-17,Volatility rule,0.0
2026-06-18,Volatility rule,0.0
2026-06-19,Volatility rule,0.0
2026-06-22,Volatility rule,0.0
2026-06-23,Volatility rule,0.0
2026-06-24,Volatility rule,0.0
2026-06-25,Volatility rule,0.0
2026-06-26,Volatility rule,0.0
2026-06-29,Volatility rule,0.0
2026-06-30,Volatility rule,0.0
2026-07-01,Volatility rule,0.0
2026-07-02,Volatility rule,0.0
2026-07-03,Volatility rule,0.0
2026-07-06,Volatility rule,0.0
2026-07-07,Volatility rule,0.2828312078854778
2026-07-08,Volatility rule,0.0
2026-07-09,Volatility rule,0.0
2026-07-10,Volatility rule,0.0
2026-07-13,Volatility rule,0.0
2026-07-14,Volatility rule,0.0
2026-07-15,Volatility rule,0.0
2026-07-16,Volatility rule,0.0
2026-07-17,Volatility rule,0.0
2026-07-20,Volatility rule,0.0
2026-07-21,Volatility rule,0.0
2026-07-22,Volatility rule,0.0
2026-07-23,Volatility rule,0.0
2026-07-24,Volatility rule,0.0
2026-07-27,Volatility rule,0.0
2010-10-05,HMM fixed allocations,1.0
2010-10-06,HMM fixed allocations,0.0
2010-10-07,HMM fixed allocations,0.0
2010-10-08,HMM fixed allocations,0.0
2010-10-11,HMM fixed allocations,0.0
2010-10-12,HMM fixed allocations,0.0
2010-10-13,HMM fixed allocations,0.0
2010-10-14,HMM fixed allocations,0.0
2010-10-15,HMM fixed allocations,0.0
2010-10-18,HMM fixed allocations,0.0
2010-10-19,HMM fixed allocations,0.0
2010-10-20,HMM fixed allocations,0.0
2010-10-21,HMM fixed allocations,0.0
2010-10-22,HMM fixed allocations,0.0
2010-10-25,HMM fixed allocations,0.0
2010-10-26,HMM fixed allocations,0.0
2010-10-27,HMM fixed allocations,0.0
2010-10-28,HMM fixed allocations,0.0
2010-10-29,HMM fixed allocations,0.0
2010-11-01,HMM fixed allocations,0.0
2010-11-02,HMM fixed allocations,0.0
2010-11-03,HMM fixed allocations,0.002847676119776363
2010-11-04,HMM fixed allocations,0.0
2010-11-08,HMM fixed allocations,0.0
2010-11-09,HMM fixed allocations,0.0
2010-11-10,HMM fixed allocations,0.0
2010-11-11,HMM fixed allocations,0.0
2010-11-12,HMM fixed allocations,0.0
2010-11-15,HMM fixed allocations,0.0
2010-11-16,HMM fixed allocations,0.0
2010-11-18,HMM fixed allocations,0.0
2010-11-19,HMM fixed allocations,0.0
2010-11-22,HMM fixed allocations,0.0
2010-11-23,HMM fixed allocations,0.0
2010-11-24,HMM fixed allocations,0.0
2010-11-25,HMM fixed allocations,0.0
2010-11-26,HMM fixed allocations,0.0
2010-11-29,HMM fixed allocations,0.0
2010-11-30,HMM fixed allocations,0.0
2010-12-01,HMM fixed allocations,0.0
2010-12-02,HMM fixed allocations,0.0
2010-12-03,HMM fixed allocations,0.0
2010-12-06,HMM fixed allocations,0.5372319369017259
2010-12-07,HMM fixed allocations,0.0
2010-12-08,HMM fixed allocations,0.0
2010-12-09,HMM fixed allocations,0.0
2010-12-10,HMM fixed allocations,0.0
2010-12-13,HMM fixed allocations,0.0
2010-12-14,HMM fixed allocations,0.0
2010-12-15,HMM fixed allocations,0.0
2010-12-16,HMM fixed allocations,0.0
2010-12-20,HMM fixed allocations,0.0
2010-12-21,HMM fixed allocations,0.0
2010-12-22,HMM fixed allocations,0.0
2010-12-23,HMM fixed allocations,0.0
2010-12-24,HMM fixed allocations,0.0
2010-12-27,HMM fixed allocations,0.0
2010-12-28,HMM fixed allocations,0.0
2010-12-29,HMM fixed allocations,0.0
2010-12-30,HMM fixed allocations,0.0
2010-12-31,HMM fixed allocations,0.0
2011-01-03,HMM fixed allocations,0.0
2011-01-04,HMM fixed allocations,0.0
2011-01-05,HMM fixed allocations,0.25188472843350285
2011-01-06,HMM fixed allocations,0.0
2011-01-07,HMM fixed allocations,0.0
2011-01-10,HMM fixed allocations,0.0
2011-01-11,HMM fixed allocations,0.0
2011-01-12,HMM fixed allocations,0.0
2011-01-13,HMM fixed allocations,0.0
2011-01-14,HMM fixed allocations,0.0
2011-01-17,HMM fixed allocations,0.0
2011-01-18,HMM fixed allocations,0.0
2011-01-19,HMM fixed allocations,0.0
2011-01-20,HMM fixed allocations,0.0
2011-01-21,HMM fixed allocations,0.0
2011-01-24,HMM fixed allocations,0.0
2011-01-25,HMM fixed allocations,0.0
2011-01-27,HMM fixed allocations,0.0
2011-01-28,HMM fixed allocations,0.0
2011-01-31,HMM fixed allocations,0.0
2011-02-01,HMM fixed allocations,0.0
2011-02-02,HMM fixed allocations,0.0
2011-02-03,HMM fixed allocations,0.0
2011-02-04,HMM fixed allocations,0.23368051174798965
2011-02-07,HMM fixed allocations,0.0
2011-02-08,HMM fixed allocations,0.0
2011-02-09,HMM fixed allocations,0.0
2011-02-10,HMM fixed allocations,0.0
2011-02-11,HMM fixed allocations,0.0
2011-02-14,HMM fixed allocations,0.0
2011-02-15,HMM fixed allocations,0.0
2011-02-16,HMM fixed allocations,0.0
2011-02-17,HMM fixed allocations,0.0
2011-02-18,HMM fixed allocations,0.0
2011-02-21,HMM fixed allocations,0.0
2011-02-22,HMM fixed allocations,0.0
2011-02-23,HMM fixed allocations,0.0
2011-02-24,HMM fixed allocations,0.0
2011-02-25,HMM fixed allocations,0.0
2011-02-28,HMM fixed allocations,0.0
2011-03-01,HMM fixed allocations,0.0
2011-03-03,HMM fixed allocations,0.0
2011-03-04,HMM fixed allocations,0.0
2011-03-07,HMM fixed allocations,0.0
2011-03-08,HMM fixed allocations,0.0090855849031014
2011-03-09,HMM fixed allocations,0.0
2011-03-10,HMM fixed allocations,0.0
2011-03-11,HMM fixed allocations,0.0
2011-03-14,HMM fixed allocations,0.0
2011-03-15,HMM fixed allocations,0.0
2011-03-16,HMM fixed allocations,0.0
2011-03-17,HMM fixed allocations,0.0
2011-03-18,HMM fixed allocations,0.0
2011-03-21,HMM fixed allocations,0.0
2011-03-22,HMM fixed allocations,0.0
2011-03-23,HMM fixed allocations,0.0
2011-03-24,HMM fixed allocations,0.0
2011-03-25,HMM fixed allocations,0.0
2011-03-28,HMM fixed allocations,0.0
2011-03-29,HMM fixed allocations,0.0
2011-03-30,HMM fixed allocations,0.0
2011-03-31,HMM fixed allocations,0.0
2011-04-01,HMM fixed allocations,0.0
2011-04-04,HMM fixed allocations,0.0
2011-04-05,HMM fixed allocations,0.0
2011-04-06,HMM fixed allocations,0.2458129426343525
2011-04-07,HMM fixed allocations,0.0
2011-04-08,HMM fixed allocations,0.0
2011-04-11,HMM fixed allocations,0.0
2011-04-13,HMM fixed allocations,0.0
2011-04-15,HMM fixed allocations,0.0
2011-04-18,HMM fixed allocations,0.0
2011-04-19,HMM fixed allocations,0.0
2011-04-20,HMM fixed allocations,0.0
2011-04-21,HMM fixed allocations,0.0
2011-04-25,HMM fixed allocations,0.0
2011-04-26,HMM fixed allocations,0.0
2011-04-27,HMM fixed allocations,0.0
2011-04-28,HMM fixed allocations,0.0
2011-04-29,HMM fixed allocations,0.0
2011-05-02,HMM fixed allocations,0.0
2011-05-03,HMM fixed allocations,0.0
2011-05-04,HMM fixed allocations,0.0
2011-05-05,HMM fixed allocations,0.0
2011-05-06,HMM fixed allocations,0.0
2011-05-09,HMM fixed allocations,0.0
2011-05-10,HMM fixed allocations,0.018933316133940115
2011-05-11,HMM fixed allocations,0.0
2011-05-12,HMM fixed allocations,0.0
2011-05-13,HMM fixed allocations,0.0
2011-05-16,HMM fixed allocations,0.0
2011-05-17,HMM fixed allocations,0.0
2011-05-18,HMM fixed allocations,0.0
2011-05-19,HMM fixed allocations,0.0
2011-05-20,HMM fixed allocations,0.0
2011-05-23,HMM fixed allocations,0.0
2011-05-24,HMM fixed allocations,0.0
2011-05-25,HMM fixed allocations,0.0
2011-05-26,HMM fixed allocations,0.0
2011-05-27,HMM fixed allocations,0.0
2011-05-30,HMM fixed allocations,0.0
2011-05-31,HMM fixed allocations,0.0
2011-06-01,HMM fixed allocations,0.0
2011-06-02,HMM fixed allocations,0.0
2011-06-03,HMM fixed allocations,0.0
2011-06-06,HMM fixed allocations,0.0
2011-06-07,HMM fixed allocations,0.0
2011-06-08,HMM fixed allocations,0.0025541330275854757
2011-06-09,HMM fixed allocations,0.0
2011-06-10,HMM fixed allocations,0.0
2011-06-13,HMM fixed allocations,0.0
2011-06-14,HMM fixed allocations,0.0
2011-06-15,HMM fixed allocations,0.0
2011-06-16,HMM fixed allocations,0.0
2011-06-17,HMM fixed allocations,0.0
2011-06-20,HMM fixed allocations,0.0
2011-06-21,HMM fixed allocations,0.0
2011-06-22,HMM fixed allocations,0.0
2011-06-23,HMM fixed allocations,0.0
2011-06-24,HMM fixed allocations,0.0
2011-06-27,HMM fixed allocations,0.0
2011-06-28,HMM fixed allocations,0.0
2011-06-29,HMM fixed allocations,0.0
2011-06-30,HMM fixed allocations,0.0
2011-07-01,HMM fixed allocations,0.0
2011-07-04,HMM fixed allocations,0.0
2011-07-05,HMM fixed allocations,0.0
2011-07-06,HMM fixed allocations,0.0
2011-07-07,HMM fixed allocations,0.009452971749365019
2011-07-08,HMM fixed allocations,0.0
2011-07-11,HMM fixed allocations,0.0
2011-07-12,HMM fixed allocations,0.0
2011-07-13,HMM fixed allocations,0.0
2011-07-14,HMM fixed allocations,0.0
2011-07-15,HMM fixed allocations,0.0
2011-07-18,HMM fixed allocations,0.0
2011-07-19,HMM fixed allocations,0.0
2011-07-20,HMM fixed allocations,0.0
2011-07-21,HMM fixed allocations,0.0
2011-07-22,HMM fixed allocations,0.0
2011-07-25,HMM fixed allocations,0.0
2011-07-26,HMM fixed allocations,0.0
2011-07-27,HMM fixed allocations,0.0
2011-07-28,HMM fixed allocations,0.0
2011-07-29,HMM fixed allocations,0.0
2011-08-01,HMM fixed allocations,0.0
2011-08-02,HMM fixed allocations,0.0
2011-08-03,HMM fixed allocations,0.0
2011-08-04,HMM fixed allocations,0.0
2011-08-05,HMM fixed allocations,0.02949340127331143
2011-08-08,HMM fixed allocations,0.0
2011-08-09,HMM fixed allocations,0.0
2011-08-10,HMM fixed allocations,0.0
2011-08-11,HMM fixed allocations,0.0
2011-08-12,HMM fixed allocations,0.0
2011-08-16,HMM fixed allocations,0.0
2011-08-17,HMM fixed allocations,0.0
2011-08-18,HMM fixed allocations,0.0
2011-08-19,HMM fixed allocations,0.0
2011-08-22,HMM fixed allocations,0.0
2011-08-23,HMM fixed allocations,0.0
2011-08-24,HMM fixed allocations,0.0
2011-08-25,HMM fixed allocations,0.0
2011-08-26,HMM fixed allocations,0.0
2011-08-29,HMM fixed allocations,0.0
2011-08-30,HMM fixed allocations,0.0
2011-09-02,HMM fixed allocations,0.0
2011-09-05,HMM fixed allocations,0.0
2011-09-06,HMM fixed allocations,0.0
2011-09-07,HMM fixed allocations,0.0
2011-09-08,HMM fixed allocations,0.26216559700659325
2011-09-09,HMM fixed allocations,0.0
2011-09-12,HMM fixed allocations,0.0
2011-09-13,HMM fixed allocations,0.0
2011-09-14,HMM fixed allocations,0.0
2011-09-15,HMM fixed allocations,0.0
2011-09-16,HMM fixed allocations,0.0
2011-09-19,HMM fixed allocations,0.0
2011-09-20,HMM fixed allocations,0.0
2011-09-21,HMM fixed allocations,0.0
2011-09-22,HMM fixed allocations,0.0
2011-09-23,HMM fixed allocations,0.0
2011-09-26,HMM fixed allocations,0.0
2011-09-27,HMM fixed allocations,0.0
2011-09-28,HMM fixed allocations,0.0
2011-09-29,HMM fixed allocations,0.0
2011-09-30,HMM fixed allocations,0.0
2011-10-03,HMM fixed allocations,0.0
2011-10-04,HMM fixed allocations,0.0
2011-10-05,HMM fixed allocations,0.0
2011-10-07,HMM fixed allocations,0.0
2011-10-10,HMM fixed allocations,0.00835861644363381
2011-10-11,HMM fixed allocations,0.0
2011-10-12,HMM fixed allocations,0.0
2011-10-13,HMM fixed allocations,0.0
2011-10-14,HMM fixed allocations,0.0
2011-10-17,HMM fixed allocations,0.0
2011-10-18,HMM fixed allocations,0.0
2011-10-19,HMM fixed allocations,0.0
2011-10-20,HMM fixed allocations,0.0
2011-10-21,HMM fixed allocations,0.0
2011-10-24,HMM fixed allocations,0.0
2011-10-25,HMM fixed allocations,0.0
2011-10-28,HMM fixed allocations,0.0
2011-10-31,HMM fixed allocations,0.0
2011-11-01,HMM fixed allocations,0.0
2011-11-02,HMM fixed allocations,0.0
2011-11-03,HMM fixed allocations,0.0
2011-11-04,HMM fixed allocations,0.0
2011-11-08,HMM fixed allocations,0.0
2011-11-09,HMM fixed allocations,0.0
2011-11-11,HMM fixed allocations,0.0
2011-11-14,HMM fixed allocations,0.01782574201588421
2011-11-15,HMM fixed allocations,0.0
2011-11-16,HMM fixed allocations,0.0
2011-11-17,HMM fixed allocations,0.0
2011-11-18,HMM fixed allocations,0.0
2011-11-21,HMM fixed allocations,0.0
2011-11-22,HMM fixed allocations,0.0
2011-11-23,HMM fixed allocations,0.0
2011-11-24,HMM fixed allocations,0.0
2011-11-25,HMM fixed allocations,0.0
2011-11-28,HMM fixed allocations,0.0
2011-11-29,HMM fixed allocations,0.0
2011-11-30,HMM fixed allocations,0.0
2011-12-01,HMM fixed allocations,0.0
2011-12-02,HMM fixed allocations,0.0
2011-12-05,HMM fixed allocations,0.0
2011-12-07,HMM fixed allocations,0.0
2011-12-08,HMM fixed allocations,0.0
2011-12-09,HMM fixed allocations,0.0
2011-12-12,HMM fixed allocations,0.0
2011-12-13,HMM fixed allocations,0.0
2011-12-14,HMM fixed allocations,0.25718115397128527
2011-12-15,HMM fixed allocations,0.0
2011-12-16,HMM fixed allocations,0.0
2011-12-19,HMM fixed allocations,0.0
2011-12-20,HMM fixed allocations,0.0
2011-12-21,HMM fixed allocations,0.0
2011-12-22,HMM fixed allocations,0.0
2011-12-23,HMM fixed allocations,0.0
2011-12-26,HMM fixed allocations,0.0
2011-12-27,HMM fixed allocations,0.0
2011-12-28,HMM fixed allocations,0.0
2011-12-29,HMM fixed allocations,0.0
2011-12-30,HMM fixed allocations,0.0
2012-01-02,HMM fixed allocations,0.0
2012-01-03,HMM fixed allocations,0.0
2012-01-04,HMM fixed allocations,0.0
2012-01-05,HMM fixed allocations,0.0
2012-01-06,HMM fixed allocations,0.0
2012-01-09,HMM fixed allocations,0.0
2012-01-10,HMM fixed allocations,0.0
2012-01-11,HMM fixed allocations,0.0
2012-01-12,HMM fixed allocations,0.007784511359560958
2012-01-13,HMM fixed allocations,0.0
2012-01-16,HMM fixed allocations,0.0
2012-01-17,HMM fixed allocations,0.0
2012-01-18,HMM fixed allocations,0.0
2012-01-19,HMM fixed allocations,0.0
2012-01-20,HMM fixed allocations,0.0
2012-01-23,HMM fixed allocations,0.0
2012-01-24,HMM fixed allocations,0.0
2012-01-25,HMM fixed allocations,0.0
2012-01-27,HMM fixed allocations,0.0
2012-01-30,HMM fixed allocations,0.0
2012-01-31,HMM fixed allocations,0.0
2012-02-01,HMM fixed allocations,0.0
2012-02-02,HMM fixed allocations,0.0
2012-02-03,HMM fixed allocations,0.0
2012-02-06,HMM fixed allocations,0.0
2012-02-07,HMM fixed allocations,0.0
2012-02-08,HMM fixed allocations,0.0
2012-02-09,HMM fixed allocations,0.0
2012-02-10,HMM fixed allocations,0.0
2012-02-13,HMM fixed allocations,0.024470784442265775
2012-02-14,HMM fixed allocations,0.0
2012-02-15,HMM fixed allocations,0.0
2012-02-16,HMM fixed allocations,0.0
2012-02-17,HMM fixed allocations,0.0
2012-02-21,HMM fixed allocations,0.0
2012-02-22,HMM fixed allocations,0.0
2012-02-23,HMM fixed allocations,0.0
2012-02-24,HMM fixed allocations,0.0
2012-02-27,HMM fixed allocations,0.0
2012-02-28,HMM fixed allocations,0.0
2012-02-29,HMM fixed allocations,0.0
2012-03-01,HMM fixed allocations,0.0
2012-03-02,HMM fixed allocations,0.0
2012-03-05,HMM fixed allocations,0.0
2012-03-06,HMM fixed allocations,0.0
2012-03-07,HMM fixed allocations,0.0
2012-03-09,HMM fixed allocations,0.0
2012-03-12,HMM fixed allocations,0.0
2012-03-13,HMM fixed allocations,0.0
2012-03-14,HMM fixed allocations,0.0
2012-03-15,HMM fixed allocations,0.29748949454825896
2012-03-16,HMM fixed allocations,0.0
2012-03-19,HMM fixed allocations,0.0
2012-03-20,HMM fixed allocations,0.0
2012-03-21,HMM fixed allocations,0.0
2012-03-22,HMM fixed allocations,0.0
2012-03-23,HMM fixed allocations,0.0
2012-03-26,HMM fixed allocations,0.0
2012-03-27,HMM fixed allocations,0.0
2012-03-28,HMM fixed allocations,0.0
2012-03-29,HMM fixed allocations,0.0
2012-03-30,HMM fixed allocations,0.0
2012-04-02,HMM fixed allocations,0.0
2012-04-03,HMM fixed allocations,0.0
2012-04-04,HMM fixed allocations,0.0
2012-04-09,HMM fixed allocations,0.0
2012-04-10,HMM fixed allocations,0.0
2012-04-11,HMM fixed allocations,0.0
2012-04-12,HMM fixed allocations,0.0
2012-04-13,HMM fixed allocations,0.0
2012-04-16,HMM fixed allocations,0.0
2012-04-17,HMM fixed allocations,0.010642038837034185
2012-04-18,HMM fixed allocations,0.0
2012-04-19,HMM fixed allocations,0.0
2012-04-20,HMM fixed allocations,0.0
2012-04-23,HMM fixed allocations,0.0
2012-04-24,HMM fixed allocations,0.0
2012-04-25,HMM fixed allocations,0.0
2012-04-26,HMM fixed allocations,0.0
2012-04-27,HMM fixed allocations,0.0
2012-04-30,HMM fixed allocations,0.0
2012-05-02,HMM fixed allocations,0.0
2012-05-03,HMM fixed allocations,0.0
2012-05-04,HMM fixed allocations,0.0
2012-05-07,HMM fixed allocations,0.0
2012-05-08,HMM fixed allocations,0.0
2012-05-09,HMM fixed allocations,0.0
2012-05-10,HMM fixed allocations,0.0
2012-05-11,HMM fixed allocations,0.0
2012-05-14,HMM fixed allocations,0.0
2012-05-15,HMM fixed allocations,0.0
2012-05-16,HMM fixed allocations,0.0
2012-05-17,HMM fixed allocations,0.28303321091747735
2012-05-18,HMM fixed allocations,0.0
2012-05-21,HMM fixed allocations,0.0
2012-05-22,HMM fixed allocations,0.0
2012-05-23,HMM fixed allocations,0.0
2012-05-24,HMM fixed allocations,0.0
2013-01-31,HMM fixed allocations,0.0
2013-02-01,HMM fixed allocations,0.0
2013-02-04,HMM fixed allocations,0.0
2013-02-05,HMM fixed allocations,0.0
2013-02-06,HMM fixed allocations,0.0
2013-02-07,HMM fixed allocations,0.0
2013-02-08,HMM fixed allocations,0.0
2013-02-11,HMM fixed allocations,0.0
2013-02-12,HMM fixed allocations,0.0
2013-02-13,HMM fixed allocations,0.0
2013-02-14,HMM fixed allocations,0.0
2013-02-15,HMM fixed allocations,0.0
2013-02-18,HMM fixed allocations,0.0
2013-02-19,HMM fixed allocations,0.0
2013-02-20,HMM fixed allocations,0.0
2013-02-21,HMM fixed allocations,0.005526250229344359
2013-02-22,HMM fixed allocations,0.0
2013-02-25,HMM fixed allocations,0.0
2013-02-26,HMM fixed allocations,0.0
2013-02-27,HMM fixed allocations,0.0
2013-02-28,HMM fixed allocations,0.0
2013-03-01,HMM fixed allocations,0.0
2013-03-04,HMM fixed allocations,0.0
2013-03-05,HMM fixed allocations,0.0
2013-03-06,HMM fixed allocations,0.0
2013-03-07,HMM fixed allocations,0.0
2013-03-08,HMM fixed allocations,0.0
2013-03-11,HMM fixed allocations,0.0
2013-03-12,HMM fixed allocations,0.0
2013-03-13,HMM fixed allocations,0.0
2013-03-14,HMM fixed allocations,0.0
2013-03-15,HMM fixed allocations,0.0
2013-03-18,HMM fixed allocations,0.0
2013-03-19,HMM fixed allocations,0.0
2013-03-20,HMM fixed allocations,0.0
2013-03-21,HMM fixed allocations,0.0
2013-03-22,HMM fixed allocations,0.010637743102768688
2013-03-25,HMM fixed allocations,0.0
2013-03-26,HMM fixed allocations,0.0
2013-03-28,HMM fixed allocations,0.0
2013-04-01,HMM fixed allocations,0.0
2013-04-02,HMM fixed allocations,0.0
2013-04-03,HMM fixed allocations,0.0
2013-04-04,HMM fixed allocations,0.0
2013-04-05,HMM fixed allocations,0.0
2013-04-08,HMM fixed allocations,0.0
2013-04-09,HMM fixed allocations,0.0
2013-04-10,HMM fixed allocations,0.0
2013-04-11,HMM fixed allocations,0.0
2013-04-12,HMM fixed allocations,0.0
2013-04-15,HMM fixed allocations,0.0
2013-04-16,HMM fixed allocations,0.0
2013-04-17,HMM fixed allocations,0.0
2013-04-18,HMM fixed allocations,0.0
2013-04-22,HMM fixed allocations,0.0
2013-04-23,HMM fixed allocations,0.0
2013-04-25,HMM fixed allocations,0.0
2013-04-26,HMM fixed allocations,0.02508240129432998
2013-04-29,HMM fixed allocations,0.0
2013-04-30,HMM fixed allocations,0.0
2013-05-02,HMM fixed allocations,0.0
2013-05-03,HMM fixed allocations,0.0
2013-05-06,HMM fixed allocations,0.0
2013-05-07,HMM fixed allocations,0.0
2013-05-08,HMM fixed allocations,0.0
2013-05-09,HMM fixed allocations,0.0
2013-05-10,HMM fixed allocations,0.0
2013-05-13,HMM fixed allocations,0.0
2013-05-14,HMM fixed allocations,0.0
2013-05-15,HMM fixed allocations,0.0
2013-05-16,HMM fixed allocations,0.0
2013-05-17,HMM fixed allocations,0.0
2013-05-20,HMM fixed allocations,0.0
2013-05-21,HMM fixed allocations,0.0
2013-05-22,HMM fixed allocations,0.0
2013-05-23,HMM fixed allocations,0.0
2013-05-24,HMM fixed allocations,0.0
2013-05-27,HMM fixed allocations,0.0
2013-05-28,HMM fixed allocations,0.01194216744955559
2013-05-29,HMM fixed allocations,0.0
2013-05-30,HMM fixed allocations,0.0
2013-05-31,HMM fixed allocations,0.0
2013-06-03,HMM fixed allocations,0.0
2013-06-04,HMM fixed allocations,0.0
2013-06-05,HMM fixed allocations,0.0
2013-06-06,HMM fixed allocations,0.0
2013-06-07,HMM fixed allocations,0.0
2013-06-10,HMM fixed allocations,0.0
2013-06-11,HMM fixed allocations,0.0
2013-06-12,HMM fixed allocations,0.0
2013-06-13,HMM fixed allocations,0.0
2013-06-14,HMM fixed allocations,0.0
2013-06-17,HMM fixed allocations,0.0
2013-06-18,HMM fixed allocations,0.0
2013-06-19,HMM fixed allocations,0.0
2013-06-20,HMM fixed allocations,0.0
2013-06-21,HMM fixed allocations,0.0
2013-06-24,HMM fixed allocations,0.0
2013-06-25,HMM fixed allocations,0.0
2013-06-26,HMM fixed allocations,0.019210032172717967
2013-06-27,HMM fixed allocations,0.0
2013-06-28,HMM fixed allocations,0.0
2013-07-01,HMM fixed allocations,0.0
2013-07-02,HMM fixed allocations,0.0
2013-07-03,HMM fixed allocations,0.0
2013-07-04,HMM fixed allocations,0.0
2013-07-05,HMM fixed allocations,0.0
2013-07-08,HMM fixed allocations,0.0
2013-07-09,HMM fixed allocations,0.0
2013-07-10,HMM fixed allocations,0.0
2013-07-11,HMM fixed allocations,0.0
2013-07-12,HMM fixed allocations,0.0
2013-07-15,HMM fixed allocations,0.0
2013-07-16,HMM fixed allocations,0.0
2013-07-17,HMM fixed allocations,0.0
2013-07-18,HMM fixed allocations,0.0
2013-07-19,HMM fixed allocations,0.0
2013-07-22,HMM fixed allocations,0.0
2013-07-23,HMM fixed allocations,0.0
2013-07-24,HMM fixed allocations,0.0
2013-07-25,HMM fixed allocations,0.010101723727796136
2013-07-26,HMM fixed allocations,0.0
2013-07-29,HMM fixed allocations,0.0
2013-07-30,HMM fixed allocations,0.0
2013-07-31,HMM fixed allocations,0.0
2013-08-01,HMM fixed allocations,0.0
2013-08-02,HMM fixed allocations,0.0
2013-08-05,HMM fixed allocations,0.0
2013-08-06,HMM fixed allocations,0.0
2013-08-07,HMM fixed allocations,0.0
2013-08-08,HMM fixed allocations,0.0
2013-08-12,HMM fixed allocations,0.0
2013-08-13,HMM fixed allocations,0.0
2013-08-14,HMM fixed allocations,0.0
2013-08-16,HMM fixed allocations,0.0
2013-08-19,HMM fixed allocations,0.0
2013-08-20,HMM fixed allocations,0.0
2013-08-21,HMM fixed allocations,0.0
2013-08-22,HMM fixed allocations,0.0
2013-08-23,HMM fixed allocations,0.0
2013-08-26,HMM fixed allocations,0.0
2013-08-27,HMM fixed allocations,0.2533713397677244
2013-08-28,HMM fixed allocations,0.0
2013-08-29,HMM fixed allocations,0.0
2013-08-30,HMM fixed allocations,0.0
2013-09-02,HMM fixed allocations,0.0
2013-09-03,HMM fixed allocations,0.0
2013-09-04,HMM fixed allocations,0.0
2013-09-05,HMM fixed allocations,0.0
2013-09-06,HMM fixed allocations,0.0
2013-09-10,HMM fixed allocations,0.0
2013-09-11,HMM fixed allocations,0.0
2013-09-12,HMM fixed allocations,0.0
2013-09-13,HMM fixed allocations,0.0
2013-09-16,HMM fixed allocations,0.0
2013-09-17,HMM fixed allocations,0.0
2013-09-18,HMM fixed allocations,0.0
2013-09-19,HMM fixed allocations,0.0
2013-09-20,HMM fixed allocations,0.0
2013-09-23,HMM fixed allocations,0.0
2013-09-24,HMM fixed allocations,0.0
2013-09-25,HMM fixed allocations,0.0
2013-09-26,HMM fixed allocations,0.01723704254793039
2013-09-27,HMM fixed allocations,0.0
2013-09-30,HMM fixed allocations,0.0
2013-10-01,HMM fixed allocations,0.0
2013-10-03,HMM fixed allocations,0.0
2013-10-04,HMM fixed allocations,0.0
2013-10-07,HMM fixed allocations,0.0
2013-10-08,HMM fixed allocations,0.0
2013-10-09,HMM fixed allocations,0.0
2013-10-10,HMM fixed allocations,0.0
2013-10-11,HMM fixed allocations,0.0
2013-10-14,HMM fixed allocations,0.0
2013-10-15,HMM fixed allocations,0.0
2013-10-17,HMM fixed allocations,0.0
2013-10-18,HMM fixed allocations,0.0
2013-10-21,HMM fixed allocations,0.0
2013-10-22,HMM fixed allocations,0.0
2013-10-23,HMM fixed allocations,0.0
2013-10-24,HMM fixed allocations,0.0
2013-10-25,HMM fixed allocations,0.0
2013-10-28,HMM fixed allocations,0.0
2013-10-29,HMM fixed allocations,0.010813124948084028
2013-10-30,HMM fixed allocations,0.0
2013-10-31,HMM fixed allocations,0.0
2013-11-01,HMM fixed allocations,0.0
2013-11-05,HMM fixed allocations,0.0
2013-11-06,HMM fixed allocations,0.0
2013-11-07,HMM fixed allocations,0.0
2013-11-08,HMM fixed allocations,0.0
2013-11-11,HMM fixed allocations,0.0
2013-11-12,HMM fixed allocations,0.0
2013-11-13,HMM fixed allocations,0.0
2013-11-14,HMM fixed allocations,0.0
2013-11-18,HMM fixed allocations,0.0
2013-11-19,HMM fixed allocations,0.0
2013-11-20,HMM fixed allocations,0.0
2013-11-21,HMM fixed allocations,0.0
2013-11-22,HMM fixed allocations,0.0
2013-11-25,HMM fixed allocations,0.0
2013-11-26,HMM fixed allocations,0.0
2013-11-27,HMM fixed allocations,0.0
2013-11-28,HMM fixed allocations,0.0
2013-11-29,HMM fixed allocations,0.5508492101903459
2013-12-02,HMM fixed allocations,0.0
2013-12-03,HMM fixed allocations,0.0
2013-12-04,HMM fixed allocations,0.0
2013-12-05,HMM fixed allocations,0.0
2013-12-06,HMM fixed allocations,0.0
2013-12-09,HMM fixed allocations,0.0
2013-12-10,HMM fixed allocations,0.0
2013-12-11,HMM fixed allocations,0.0
2013-12-12,HMM fixed allocations,0.0
2013-12-13,HMM fixed allocations,0.0
2013-12-16,HMM fixed allocations,0.0
2013-12-17,HMM fixed allocations,0.0
2013-12-18,HMM fixed allocations,0.0
2013-12-19,HMM fixed allocations,0.0
2013-12-20,HMM fixed allocations,0.0
2013-12-23,HMM fixed allocations,0.0
2013-12-24,HMM fixed allocations,0.0
2013-12-26,HMM fixed allocations,0.0
2013-12-27,HMM fixed allocations,0.0
2013-12-30,HMM fixed allocations,0.0
2013-12-31,HMM fixed allocations,0.011626887718614837
2014-01-01,HMM fixed allocations,0.0
2014-01-02,HMM fixed allocations,0.0
2014-01-03,HMM fixed allocations,0.0
2014-01-06,HMM fixed allocations,0.0
2014-01-07,HMM fixed allocations,0.0
2014-01-08,HMM fixed allocations,0.0
2014-01-09,HMM fixed allocations,0.0
2014-01-10,HMM fixed allocations,0.0
2014-01-13,HMM fixed allocations,0.0
2014-01-14,HMM fixed allocations,0.0
2014-01-15,HMM fixed allocations,0.0
2014-01-16,HMM fixed allocations,0.0
2014-01-17,HMM fixed allocations,0.0
2014-01-20,HMM fixed allocations,0.0
2014-01-21,HMM fixed allocations,0.0
2014-01-22,HMM fixed allocations,0.0
2014-01-23,HMM fixed allocations,0.0
2014-01-24,HMM fixed allocations,0.0
2014-01-27,HMM fixed allocations,0.0
2014-01-28,HMM fixed allocations,0.0
2014-01-29,HMM fixed allocations,0.011387160623191922
2014-01-30,HMM fixed allocations,0.0
2014-01-31,HMM fixed allocations,0.0
2014-02-03,HMM fixed allocations,0.0
2014-02-04,HMM fixed allocations,0.0
2014-02-05,HMM fixed allocations,0.0
2014-02-06,HMM fixed allocations,0.0
2014-02-07,HMM fixed allocations,0.0
2014-02-10,HMM fixed allocations,0.0
2014-02-11,HMM fixed allocations,0.0
2014-02-12,HMM fixed allocations,0.0
2014-02-13,HMM fixed allocations,0.0
2014-02-14,HMM fixed allocations,0.0
2014-02-17,HMM fixed allocations,0.0
2014-02-18,HMM fixed allocations,0.0
2014-02-19,HMM fixed allocations,0.0
2014-02-20,HMM fixed allocations,0.0
2014-02-21,HMM fixed allocations,0.0
2014-02-24,HMM fixed allocations,0.0
2014-02-25,HMM fixed allocations,0.0
2014-02-26,HMM fixed allocations,0.0
2014-02-28,HMM fixed allocations,0.0031572917863284533
2014-03-03,HMM fixed allocations,0.0
2014-03-04,HMM fixed allocations,0.0
2014-03-05,HMM fixed allocations,0.0
2014-03-06,HMM fixed allocations,0.0
2014-03-07,HMM fixed allocations,0.0
2014-03-10,HMM fixed allocations,0.0
2014-03-11,HMM fixed allocations,0.0
2014-03-12,HMM fixed allocations,0.0
2014-03-13,HMM fixed allocations,0.0
2014-03-14,HMM fixed allocations,0.0
2014-03-18,HMM fixed allocations,0.0
2014-03-19,HMM fixed allocations,0.0
2014-03-20,HMM fixed allocations,0.0
2014-03-21,HMM fixed allocations,0.0
2014-03-24,HMM fixed allocations,0.0
2014-03-25,HMM fixed allocations,0.0
2014-03-26,HMM fixed allocations,0.0
2014-03-27,HMM fixed allocations,0.0
2014-03-28,HMM fixed allocations,0.0
2014-03-31,HMM fixed allocations,0.0
2014-04-01,HMM fixed allocations,0.022668738017929027
2014-04-02,HMM fixed allocations,0.0
2014-04-03,HMM fixed allocations,0.0
2014-04-04,HMM fixed allocations,0.0
2014-04-07,HMM fixed allocations,0.0
2014-04-09,HMM fixed allocations,0.0
2014-04-10,HMM fixed allocations,0.0
2014-04-11,HMM fixed allocations,0.0
2014-04-15,HMM fixed allocations,0.0
2014-04-16,HMM fixed allocations,0.0
2014-04-17,HMM fixed allocations,0.0
2014-04-21,HMM fixed allocations,0.0
2014-04-22,HMM fixed allocations,0.0
2014-04-23,HMM fixed allocations,0.0
2014-04-25,HMM fixed allocations,0.0
2014-04-28,HMM fixed allocations,0.0
2014-04-29,HMM fixed allocations,0.0
2014-04-30,HMM fixed allocations,0.0
2014-05-02,HMM fixed allocations,0.0
2014-05-05,HMM fixed allocations,0.0
2014-05-06,HMM fixed allocations,0.0
2014-05-07,HMM fixed allocations,0.008684651147472036
2014-05-08,HMM fixed allocations,0.0
2014-05-09,HMM fixed allocations,0.0
2014-05-12,HMM fixed allocations,0.0
2014-05-13,HMM fixed allocations,0.0
2014-05-14,HMM fixed allocations,0.0
2014-05-15,HMM fixed allocations,0.0
2014-05-16,HMM fixed allocations,0.0
2014-05-19,HMM fixed allocations,0.0
2014-05-20,HMM fixed allocations,0.0
2014-05-21,HMM fixed allocations,0.0
2014-05-22,HMM fixed allocations,0.0
2014-05-23,HMM fixed allocations,0.0
2014-05-26,HMM fixed allocations,0.0
2014-05-27,HMM fixed allocations,0.0
2014-05-28,HMM fixed allocations,0.0
2014-05-29,HMM fixed allocations,0.0
2014-05-30,HMM fixed allocations,0.0
2014-06-02,HMM fixed allocations,0.0
2014-06-03,HMM fixed allocations,0.0
2014-06-04,HMM fixed allocations,0.0
2014-06-05,HMM fixed allocations,0.5905218863218593
2014-06-06,HMM fixed allocations,0.0
2014-06-09,HMM fixed allocations,0.0
2014-06-10,HMM fixed allocations,0.0
2014-06-11,HMM fixed allocations,0.0
2014-06-12,HMM fixed allocations,0.0
2014-06-13,HMM fixed allocations,0.0
2014-06-16,HMM fixed allocations,0.0
2014-06-17,HMM fixed allocations,0.0
2014-06-18,HMM fixed allocations,0.0
2014-06-19,HMM fixed allocations,0.0
2014-06-20,HMM fixed allocations,0.0
2014-06-23,HMM fixed allocations,0.0
2014-06-24,HMM fixed allocations,0.0
2014-06-25,HMM fixed allocations,0.0
2014-06-26,HMM fixed allocations,0.0
2014-06-27,HMM fixed allocations,0.0
2014-06-30,HMM fixed allocations,0.0
2014-07-01,HMM fixed allocations,0.0
2014-07-02,HMM fixed allocations,0.0
2014-07-03,HMM fixed allocations,0.0
2014-07-04,HMM fixed allocations,0.5483085612096041
2014-07-07,HMM fixed allocations,0.0
2014-07-08,HMM fixed allocations,0.0
2014-07-09,HMM fixed allocations,0.0
2014-07-10,HMM fixed allocations,0.0
2014-07-11,HMM fixed allocations,0.0
2014-07-14,HMM fixed allocations,0.0
2014-07-15,HMM fixed allocations,0.0
2014-07-16,HMM fixed allocations,0.0
2014-07-17,HMM fixed allocations,0.0
2014-07-18,HMM fixed allocations,0.0
2014-07-21,HMM fixed allocations,0.0
2014-07-22,HMM fixed allocations,0.0
2014-07-23,HMM fixed allocations,0.0
2014-07-24,HMM fixed allocations,0.0
2014-07-25,HMM fixed allocations,0.0
2014-07-28,HMM fixed allocations,0.0
2014-07-30,HMM fixed allocations,0.0
2014-07-31,HMM fixed allocations,0.0
2014-08-01,HMM fixed allocations,0.0
2014-08-04,HMM fixed allocations,0.0
2014-08-05,HMM fixed allocations,0.00088387272497846
2014-08-06,HMM fixed allocations,0.0
2014-08-07,HMM fixed allocations,0.0
2014-08-08,HMM fixed allocations,0.0
2014-08-11,HMM fixed allocations,0.0
2014-08-12,HMM fixed allocations,0.0
2014-08-13,HMM fixed allocations,0.0
2014-08-14,HMM fixed allocations,0.0
2014-08-18,HMM fixed allocations,0.0
2014-08-19,HMM fixed allocations,0.0
2014-08-20,HMM fixed allocations,0.0
2014-08-21,HMM fixed allocations,0.0
2014-08-22,HMM fixed allocations,0.0
2014-08-25,HMM fixed allocations,0.0
2014-08-26,HMM fixed allocations,0.0
2014-08-27,HMM fixed allocations,0.0
2014-08-28,HMM fixed allocations,0.0
2014-09-01,HMM fixed allocations,0.0
2014-09-02,HMM fixed allocations,0.0
2014-09-03,HMM fixed allocations,0.0
2014-09-04,HMM fixed allocations,0.0
2014-09-05,HMM fixed allocations,0.3120516759579245
2014-09-08,HMM fixed allocations,0.0
2014-09-09,HMM fixed allocations,0.0
2014-09-10,HMM fixed allocations,0.0
2014-09-11,HMM fixed allocations,0.0
2014-09-12,HMM fixed allocations,0.0
2014-09-15,HMM fixed allocations,0.0
2014-09-16,HMM fixed allocations,0.0
2014-09-17,HMM fixed allocations,0.0
2014-09-18,HMM fixed allocations,0.0
2014-09-19,HMM fixed allocations,0.0
2014-09-22,HMM fixed allocations,0.0
2014-09-23,HMM fixed allocations,0.0
2014-09-24,HMM fixed allocations,0.0
2014-09-25,HMM fixed allocations,0.0
2014-09-26,HMM fixed allocations,0.0
2014-09-29,HMM fixed allocations,0.0
2014-09-30,HMM fixed allocations,0.0
2014-10-01,HMM fixed allocations,0.0
2014-10-07,HMM fixed allocations,0.0
2014-10-08,HMM fixed allocations,0.0
2014-10-09,HMM fixed allocations,0.2474263385542787
2014-10-10,HMM fixed allocations,0.0
2014-10-13,HMM fixed allocations,0.0
2014-10-14,HMM fixed allocations,0.0
2014-10-15,HMM fixed allocations,0.0
2014-10-16,HMM fixed allocations,0.0
2014-10-17,HMM fixed allocations,0.0
2014-10-20,HMM fixed allocations,0.0
2014-10-21,HMM fixed allocations,0.0
2014-10-22,HMM fixed allocations,0.0
2014-10-27,HMM fixed allocations,0.0
2014-10-28,HMM fixed allocations,0.0
2014-10-29,HMM fixed allocations,0.0
2014-10-30,HMM fixed allocations,0.0
2014-10-31,HMM fixed allocations,0.0
2014-11-03,HMM fixed allocations,0.0
2014-11-05,HMM fixed allocations,0.0
2014-11-07,HMM fixed allocations,0.0
2014-11-10,HMM fixed allocations,0.0
2014-11-11,HMM fixed allocations,0.0
2014-11-12,HMM fixed allocations,0.0
2014-11-13,HMM fixed allocations,0.010469951088547404
2014-11-14,HMM fixed allocations,0.0
2014-11-17,HMM fixed allocations,0.0
2014-11-18,HMM fixed allocations,0.0
2014-11-19,HMM fixed allocations,0.0
2014-11-20,HMM fixed allocations,0.0
2014-11-21,HMM fixed allocations,0.0
2014-11-24,HMM fixed allocations,0.0
2014-11-25,HMM fixed allocations,0.0
2014-11-26,HMM fixed allocations,0.0
2014-11-27,HMM fixed allocations,0.0
2014-11-28,HMM fixed allocations,0.0
2014-12-01,HMM fixed allocations,0.0
2014-12-02,HMM fixed allocations,0.0
2014-12-03,HMM fixed allocations,0.0
2014-12-04,HMM fixed allocations,0.0
2014-12-05,HMM fixed allocations,0.0
2014-12-08,HMM fixed allocations,0.0
2014-12-09,HMM fixed allocations,0.0
2014-12-10,HMM fixed allocations,0.0
2014-12-11,HMM fixed allocations,0.0
2014-12-12,HMM fixed allocations,0.2528161709498179
2014-12-15,HMM fixed allocations,0.0
2014-12-16,HMM fixed allocations,0.0
2014-12-17,HMM fixed allocations,0.0
2014-12-18,HMM fixed allocations,0.0
2014-12-19,HMM fixed allocations,0.0
2014-12-22,HMM fixed allocations,0.0
2014-12-23,HMM fixed allocations,0.0
2014-12-24,HMM fixed allocations,0.0
2014-12-26,HMM fixed allocations,0.0
2014-12-29,HMM fixed allocations,0.0
2014-12-30,HMM fixed allocations,0.0
2014-12-31,HMM fixed allocations,0.0
2015-01-01,HMM fixed allocations,0.0
2015-01-02,HMM fixed allocations,0.0
2015-01-05,HMM fixed allocations,0.0
2015-01-06,HMM fixed allocations,0.0
2015-01-07,HMM fixed allocations,0.0
2015-01-08,HMM fixed allocations,0.0
2015-01-09,HMM fixed allocations,0.0
2015-01-12,HMM fixed allocations,0.0
2015-01-13,HMM fixed allocations,0.25093194656102924
2015-01-14,HMM fixed allocations,0.0
2015-01-15,HMM fixed allocations,0.0
2015-01-16,HMM fixed allocations,0.0
2015-01-19,HMM fixed allocations,0.0
2015-01-20,HMM fixed allocations,0.0
2015-01-21,HMM fixed allocations,0.0
2015-01-22,HMM fixed allocations,0.0
2015-01-23,HMM fixed allocations,0.0
2015-01-27,HMM fixed allocations,0.0
2015-01-28,HMM fixed allocations,0.0
2015-01-29,HMM fixed allocations,0.0
2015-01-30,HMM fixed allocations,0.0
2015-02-02,HMM fixed allocations,0.0
2015-02-03,HMM fixed allocations,0.0
2015-02-04,HMM fixed allocations,0.0
2015-02-05,HMM fixed allocations,0.0
2015-02-06,HMM fixed allocations,0.0
2015-02-09,HMM fixed allocations,0.0
2015-02-10,HMM fixed allocations,0.0
2015-02-11,HMM fixed allocations,0.0
2015-02-12,HMM fixed allocations,0.5456832068451332
2015-02-13,HMM fixed allocations,0.0
2015-02-16,HMM fixed allocations,0.0
2015-02-18,HMM fixed allocations,0.0
2015-02-19,HMM fixed allocations,0.0
2015-02-20,HMM fixed allocations,0.0
2015-02-23,HMM fixed allocations,0.0
2015-02-24,HMM fixed allocations,0.0
2015-02-25,HMM fixed allocations,0.0
2015-02-26,HMM fixed allocations,0.0
2015-02-27,HMM fixed allocations,0.0
2015-03-02,HMM fixed allocations,0.0
2015-03-03,HMM fixed allocations,0.0
2015-03-04,HMM fixed allocations,0.0
2015-03-05,HMM fixed allocations,0.0
2015-03-09,HMM fixed allocations,0.0
2015-03-10,HMM fixed allocations,0.0
2015-03-11,HMM fixed allocations,0.0
2015-03-12,HMM fixed allocations,0.0
2015-03-13,HMM fixed allocations,0.0
2015-03-16,HMM fixed allocations,0.0
2015-03-17,HMM fixed allocations,0.5555507806440676
2015-03-18,HMM fixed allocations,0.0
2015-03-19,HMM fixed allocations,0.0
2015-03-20,HMM fixed allocations,0.0
2015-03-23,HMM fixed allocations,0.0
2015-03-24,HMM fixed allocations,0.0
2015-03-25,HMM fixed allocations,0.0
2015-03-26,HMM fixed allocations,0.0
2015-03-27,HMM fixed allocations,0.0
2015-03-30,HMM fixed allocations,0.0
2015-03-31,HMM fixed allocations,0.0
2015-04-01,HMM fixed allocations,0.0
2015-04-06,HMM fixed allocations,0.0
2015-04-07,HMM fixed allocations,0.0
2015-04-08,HMM fixed allocations,0.0
2015-04-09,HMM fixed allocations,0.0
2015-04-10,HMM fixed allocations,0.0
2015-04-13,HMM fixed allocations,0.0
2015-04-15,HMM fixed allocations,0.0
2015-04-16,HMM fixed allocations,0.0
2015-04-17,HMM fixed allocations,0.0
2015-04-20,HMM fixed allocations,0.007162608515097896
2015-04-21,HMM fixed allocations,0.0
2015-04-22,HMM fixed allocations,0.0
2015-04-23,HMM fixed allocations,0.0
2015-04-24,HMM fixed allocations,0.0
2015-04-27,HMM fixed allocations,0.0
2015-04-28,HMM fixed allocations,0.0
2015-04-29,HMM fixed allocations,0.0
2015-04-30,HMM fixed allocations,0.0
2015-05-04,HMM fixed allocations,0.0
2015-05-05,HMM fixed allocations,0.0
2015-05-06,HMM fixed allocations,0.0
2015-05-07,HMM fixed allocations,0.0
2015-05-08,HMM fixed allocations,0.0
2015-05-11,HMM fixed allocations,0.0
2015-05-12,HMM fixed allocations,0.0
2015-05-13,HMM fixed allocations,0.0
2015-05-14,HMM fixed allocations,0.0
2015-05-15,HMM fixed allocations,0.0
2015-05-18,HMM fixed allocations,0.0
2015-05-19,HMM fixed allocations,0.0
2015-05-20,HMM fixed allocations,0.002410457593570614
2015-05-21,HMM fixed allocations,0.0
2015-05-22,HMM fixed allocations,0.0
2015-05-25,HMM fixed allocations,0.0
2015-05-26,HMM fixed allocations,0.0
2015-05-27,HMM fixed allocations,0.0
2015-05-28,HMM fixed allocations,0.0
2015-05-29,HMM fixed allocations,0.0
2015-06-01,HMM fixed allocations,0.0
2015-06-02,HMM fixed allocations,0.0
2015-06-03,HMM fixed allocations,0.0
2015-06-04,HMM fixed allocations,0.0
2015-06-05,HMM fixed allocations,0.0
2015-06-08,HMM fixed allocations,0.0
2015-06-09,HMM fixed allocations,0.0
2015-06-10,HMM fixed allocations,0.0
2015-06-11,HMM fixed allocations,0.0
2015-06-12,HMM fixed allocations,0.0
2015-06-15,HMM fixed allocations,0.0
2015-06-16,HMM fixed allocations,0.0
2015-06-17,HMM fixed allocations,0.0
2015-06-18,HMM fixed allocations,0.005516690603227105
2015-06-19,HMM fixed allocations,0.0
2015-06-22,HMM fixed allocations,0.0
2015-06-23,HMM fixed allocations,0.0
2015-06-24,HMM fixed allocations,0.0
2015-06-25,HMM fixed allocations,0.0
2015-06-26,HMM fixed allocations,0.0
2015-06-29,HMM fixed allocations,0.0
2015-06-30,HMM fixed allocations,0.0
2015-07-01,HMM fixed allocations,0.0
2015-07-02,HMM fixed allocations,0.0
2015-07-03,HMM fixed allocations,0.0
2015-07-06,HMM fixed allocations,0.0
2015-07-07,HMM fixed allocations,0.0
2015-07-08,HMM fixed allocations,0.0
2015-07-09,HMM fixed allocations,0.0
2015-07-10,HMM fixed allocations,0.0
2015-07-13,HMM fixed allocations,0.0
2015-07-14,HMM fixed allocations,0.0
2015-07-15,HMM fixed allocations,0.0
2015-07-16,HMM fixed allocations,0.0
2015-07-17,HMM fixed allocations,0.2550289775293406
2015-07-20,HMM fixed allocations,0.0
2015-07-21,HMM fixed allocations,0.0
2015-07-22,HMM fixed allocations,0.0
2015-07-23,HMM fixed allocations,0.0
2015-07-24,HMM fixed allocations,0.0
2015-07-27,HMM fixed allocations,0.0
2015-07-28,HMM fixed allocations,0.0
2015-07-29,HMM fixed allocations,0.0
2015-07-30,HMM fixed allocations,0.0
2015-07-31,HMM fixed allocations,0.0
2015-08-03,HMM fixed allocations,0.0
2015-08-04,HMM fixed allocations,0.0
2015-08-05,HMM fixed allocations,0.0
2015-08-06,HMM fixed allocations,0.0
2015-08-07,HMM fixed allocations,0.0
2015-08-10,HMM fixed allocations,0.0
2015-08-11,HMM fixed allocations,0.0
2015-08-12,HMM fixed allocations,0.0
2015-08-13,HMM fixed allocations,0.0
2015-08-14,HMM fixed allocations,0.0
2015-08-17,HMM fixed allocations,0.30418639454933727
2015-08-18,HMM fixed allocations,0.0
2015-08-19,HMM fixed allocations,0.0
2015-08-20,HMM fixed allocations,0.0
2015-08-21,HMM fixed allocations,0.0
2015-08-24,HMM fixed allocations,0.0
2015-08-25,HMM fixed allocations,0.0
2015-08-26,HMM fixed allocations,0.0
2015-08-27,HMM fixed allocations,0.0
2015-08-28,HMM fixed allocations,0.0
2015-08-31,HMM fixed allocations,0.0
2015-09-01,HMM fixed allocations,0.0
2015-09-02,HMM fixed allocations,0.0
2015-09-03,HMM fixed allocations,0.0
2015-09-04,HMM fixed allocations,0.0
2015-09-07,HMM fixed allocations,0.0
2015-09-08,HMM fixed allocations,0.0
2015-09-09,HMM fixed allocations,0.0
2015-09-10,HMM fixed allocations,0.0
2015-09-11,HMM fixed allocations,0.0
2015-09-14,HMM fixed allocations,0.0
2015-09-15,HMM fixed allocations,0.5308017527176678
2015-09-16,HMM fixed allocations,0.0
2015-09-18,HMM fixed allocations,0.0
2015-09-21,HMM fixed allocations,0.0
2015-09-22,HMM fixed allocations,0.0
2015-09-23,HMM fixed allocations,0.0
2015-09-24,HMM fixed allocations,0.0
2015-09-28,HMM fixed allocations,0.0
2015-09-29,HMM fixed allocations,0.0
2015-09-30,HMM fixed allocations,0.0
2015-10-01,HMM fixed allocations,0.0
2015-10-05,HMM fixed allocations,0.0
2015-10-06,HMM fixed allocations,0.0
2015-10-07,HMM fixed allocations,0.0
2015-10-08,HMM fixed allocations,0.0
2015-10-09,HMM fixed allocations,0.0
2015-10-12,HMM fixed allocations,0.0
2015-10-13,HMM fixed allocations,0.0
2015-10-14,HMM fixed allocations,0.0
2015-10-15,HMM fixed allocations,0.0
2015-10-16,HMM fixed allocations,0.0
2015-10-19,HMM fixed allocations,0.24601073728866746
2015-10-20,HMM fixed allocations,0.0
2015-10-21,HMM fixed allocations,0.0
2015-10-23,HMM fixed allocations,0.0
2015-10-26,HMM fixed allocations,0.0
2015-10-27,HMM fixed allocations,0.0
2015-10-28,HMM fixed allocations,0.0
2015-10-29,HMM fixed allocations,0.0
2015-10-30,HMM fixed allocations,0.0
2015-11-02,HMM fixed allocations,0.0
2015-11-03,HMM fixed allocations,0.0
2015-11-04,HMM fixed allocations,0.0
2015-11-05,HMM fixed allocations,0.0
2015-11-06,HMM fixed allocations,0.0
2015-11-09,HMM fixed allocations,0.0
2015-11-10,HMM fixed allocations,0.0
2015-11-13,HMM fixed allocations,0.0
2015-11-16,HMM fixed allocations,0.0
2015-11-17,HMM fixed allocations,0.0
2015-11-18,HMM fixed allocations,0.0
2015-11-19,HMM fixed allocations,0.0
2015-11-20,HMM fixed allocations,0.307345267136583
2015-11-23,HMM fixed allocations,0.0
2015-11-24,HMM fixed allocations,0.0
2015-11-26,HMM fixed allocations,0.0
2015-11-27,HMM fixed allocations,0.0
2015-11-30,HMM fixed allocations,0.0
2015-12-01,HMM fixed allocations,0.0
2015-12-02,HMM fixed allocations,0.0
2015-12-03,HMM fixed allocations,0.0
2015-12-04,HMM fixed allocations,0.0
2015-12-07,HMM fixed allocations,0.0
2015-12-08,HMM fixed allocations,0.0
2015-12-09,HMM fixed allocations,0.0
2015-12-10,HMM fixed allocations,0.0
2015-12-11,HMM fixed allocations,0.0
2015-12-14,HMM fixed allocations,0.0
2015-12-15,HMM fixed allocations,0.0
2015-12-16,HMM fixed allocations,0.0
2015-12-17,HMM fixed allocations,0.0
2015-12-18,HMM fixed allocations,0.0
2015-12-21,HMM fixed allocations,0.0
2015-12-22,HMM fixed allocations,0.0015990226051673662
2015-12-23,HMM fixed allocations,0.0
2015-12-24,HMM fixed allocations,0.0
2015-12-28,HMM fixed allocations,0.0
2015-12-29,HMM fixed allocations,0.0
2015-12-30,HMM fixed allocations,0.0
2015-12-31,HMM fixed allocations,0.0
2016-01-01,HMM fixed allocations,0.0
2016-01-04,HMM fixed allocations,0.0
2016-01-05,HMM fixed allocations,0.0
2016-01-06,HMM fixed allocations,0.0
2016-01-07,HMM fixed allocations,0.0
2016-01-08,HMM fixed allocations,0.0
2016-01-11,HMM fixed allocations,0.0
2016-01-12,HMM fixed allocations,0.0
2016-01-13,HMM fixed allocations,0.0
2016-01-14,HMM fixed allocations,0.0
2016-01-15,HMM fixed allocations,0.0
2016-01-18,HMM fixed allocations,0.0
2016-01-19,HMM fixed allocations,0.0
2016-01-20,HMM fixed allocations,0.0
2016-01-21,HMM fixed allocations,0.020950449515011918
2016-01-22,HMM fixed allocations,0.0
2016-01-25,HMM fixed allocations,0.0
2016-01-27,HMM fixed allocations,0.0
2016-01-28,HMM fixed allocations,0.0
2016-01-29,HMM fixed allocations,0.0
2016-02-01,HMM fixed allocations,0.0
2016-02-02,HMM fixed allocations,0.0
2016-02-03,HMM fixed allocations,0.0
2016-02-04,HMM fixed allocations,0.0
2016-02-05,HMM fixed allocations,0.0
2016-02-08,HMM fixed allocations,0.0
2016-02-09,HMM fixed allocations,0.0
2016-02-10,HMM fixed allocations,0.0
2016-02-11,HMM fixed allocations,0.0
2016-02-12,HMM fixed allocations,0.0
2016-02-15,HMM fixed allocations,0.0
2016-02-16,HMM fixed allocations,0.0
2016-02-17,HMM fixed allocations,0.0
2016-02-18,HMM fixed allocations,0.0
2016-02-19,HMM fixed allocations,0.0
2016-02-22,HMM fixed allocations,0.5381633447548904
2016-02-23,HMM fixed allocations,0.0
2016-02-24,HMM fixed allocations,0.0
2016-02-25,HMM fixed allocations,0.0
2016-02-26,HMM fixed allocations,0.0
2016-02-29,HMM fixed allocations,0.0
2016-03-01,HMM fixed allocations,0.0
2016-03-02,HMM fixed allocations,0.0
2016-03-03,HMM fixed allocations,0.0
2016-03-04,HMM fixed allocations,0.0
2016-03-08,HMM fixed allocations,0.0
2016-03-09,HMM fixed allocations,0.0
2016-03-10,HMM fixed allocations,0.0
2016-03-11,HMM fixed allocations,0.0
2016-03-14,HMM fixed allocations,0.0
2016-03-15,HMM fixed allocations,0.0
2016-03-16,HMM fixed allocations,0.0
2016-03-17,HMM fixed allocations,0.0
2016-03-18,HMM fixed allocations,0.0
2016-03-21,HMM fixed allocations,0.0
2016-03-22,HMM fixed allocations,0.0
2016-03-23,HMM fixed allocations,0.0059064173227915615
2016-03-28,HMM fixed allocations,0.0
2016-03-29,HMM fixed allocations,0.0
2016-03-30,HMM fixed allocations,0.0
2016-03-31,HMM fixed allocations,0.0
2016-04-01,HMM fixed allocations,0.0
2016-04-04,HMM fixed allocations,0.0
2016-04-05,HMM fixed allocations,0.0
2016-04-06,HMM fixed allocations,0.0
2016-04-07,HMM fixed allocations,0.0
2016-04-08,HMM fixed allocations,0.0
2016-04-11,HMM fixed allocations,0.0
2016-04-12,HMM fixed allocations,0.0
2016-04-13,HMM fixed allocations,0.0
2016-04-18,HMM fixed allocations,0.0
2016-04-20,HMM fixed allocations,0.0
2016-04-21,HMM fixed allocations,0.0
2016-04-22,HMM fixed allocations,0.0
2016-04-25,HMM fixed allocations,0.0
2016-04-26,HMM fixed allocations,0.0
2016-04-27,HMM fixed allocations,0.0
2016-04-28,HMM fixed allocations,0.5500168810342319
2016-04-29,HMM fixed allocations,0.0
2016-05-02,HMM fixed allocations,0.0
2016-05-03,HMM fixed allocations,0.0
2016-05-04,HMM fixed allocations,0.0
2016-05-05,HMM fixed allocations,0.0
2016-05-06,HMM fixed allocations,0.0
2016-05-09,HMM fixed allocations,0.0
2016-05-10,HMM fixed allocations,0.0
2016-05-11,HMM fixed allocations,0.0
2016-05-12,HMM fixed allocations,0.0
2016-05-13,HMM fixed allocations,0.0
2016-05-16,HMM fixed allocations,0.0
2016-05-17,HMM fixed allocations,0.0
2016-05-18,HMM fixed allocations,0.0
2016-05-19,HMM fixed allocations,0.0
2016-05-20,HMM fixed allocations,0.0
2016-05-23,HMM fixed allocations,0.0
2016-05-24,HMM fixed allocations,0.0
2016-05-25,HMM fixed allocations,0.0
2016-05-26,HMM fixed allocations,0.0
2016-05-27,HMM fixed allocations,0.008736396674211985
2016-05-30,HMM fixed allocations,0.0
2016-05-31,HMM fixed allocations,0.0
2016-06-01,HMM fixed allocations,0.0
2016-06-02,HMM fixed allocations,0.0
2016-06-03,HMM fixed allocations,0.0
2016-06-06,HMM fixed allocations,0.0
2016-06-07,HMM fixed allocations,0.0
2016-06-08,HMM fixed allocations,0.0
2016-06-09,HMM fixed allocations,0.0
2016-06-10,HMM fixed allocations,0.0
2016-06-13,HMM fixed allocations,0.0
2016-06-14,HMM fixed allocations,0.0
2016-06-15,HMM fixed allocations,0.0
2016-06-16,HMM fixed allocations,0.0
2016-06-17,HMM fixed allocations,0.0
2016-06-20,HMM fixed allocations,0.0
2016-06-21,HMM fixed allocations,0.0
2016-06-22,HMM fixed allocations,0.0
2016-06-23,HMM fixed allocations,0.0
2016-06-24,HMM fixed allocations,0.0
2016-06-27,HMM fixed allocations,0.00809916070633801
2016-06-28,HMM fixed allocations,0.0
2016-06-29,HMM fixed allocations,0.0
2016-06-30,HMM fixed allocations,0.0
2016-07-01,HMM fixed allocations,0.0
2016-07-04,HMM fixed allocations,0.0
2016-07-05,HMM fixed allocations,0.0
2016-07-07,HMM fixed allocations,0.0
2016-07-08,HMM fixed allocations,0.0
2016-07-11,HMM fixed allocations,0.0
2016-07-12,HMM fixed allocations,0.0
2016-07-13,HMM fixed allocations,0.0
2016-07-14,HMM fixed allocations,0.0
2016-07-15,HMM fixed allocations,0.0
2016-07-18,HMM fixed allocations,0.0
2016-07-19,HMM fixed allocations,0.0
2016-07-20,HMM fixed allocations,0.0
2016-07-21,HMM fixed allocations,0.0
2016-07-22,HMM fixed allocations,0.0
2016-07-25,HMM fixed allocations,0.0
2016-07-26,HMM fixed allocations,0.0
2016-07-27,HMM fixed allocations,0.014527180071818968
2016-07-28,HMM fixed allocations,0.0
2016-07-29,HMM fixed allocations,0.0
2016-08-01,HMM fixed allocations,0.0
2016-08-02,HMM fixed allocations,0.0
2016-08-03,HMM fixed allocations,0.0
2016-08-04,HMM fixed allocations,0.0
2016-08-05,HMM fixed allocations,0.0
2016-08-08,HMM fixed allocations,0.0
2016-08-09,HMM fixed allocations,0.0
2016-08-10,HMM fixed allocations,0.0
2016-08-11,HMM fixed allocations,0.0
2016-08-12,HMM fixed allocations,0.0
2016-08-16,HMM fixed allocations,0.0
2016-08-17,HMM fixed allocations,0.0
2016-08-18,HMM fixed allocations,0.0
2016-08-19,HMM fixed allocations,0.0
2016-08-22,HMM fixed allocations,0.0
2016-08-23,HMM fixed allocations,0.0
2016-08-24,HMM fixed allocations,0.0
2016-08-25,HMM fixed allocations,0.0
2016-08-26,HMM fixed allocations,0.004139703045935486
2016-08-29,HMM fixed allocations,0.0
2016-08-30,HMM fixed allocations,0.0
2016-08-31,HMM fixed allocations,0.0
2016-09-01,HMM fixed allocations,0.0
2016-09-02,HMM fixed allocations,0.0
2016-09-06,HMM fixed allocations,0.0
2016-09-07,HMM fixed allocations,0.0
2016-09-08,HMM fixed allocations,0.0
2016-09-09,HMM fixed allocations,0.0
2016-09-12,HMM fixed allocations,0.0
2016-09-14,HMM fixed allocations,0.0
2016-09-15,HMM fixed allocations,0.0
2016-09-16,HMM fixed allocations,0.0
2016-09-19,HMM fixed allocations,0.0
2016-09-20,HMM fixed allocations,0.0
2016-09-21,HMM fixed allocations,0.0
2016-09-22,HMM fixed allocations,0.0
2016-09-23,HMM fixed allocations,0.0
2016-09-26,HMM fixed allocations,0.0
2016-09-27,HMM fixed allocations,0.0
2016-09-28,HMM fixed allocations,0.005611807291703311
2016-09-29,HMM fixed allocations,0.0
2016-09-30,HMM fixed allocations,0.0
2016-10-03,HMM fixed allocations,0.0
2016-10-04,HMM fixed allocations,0.0
2016-10-05,HMM fixed allocations,0.0
2016-10-06,HMM fixed allocations,0.0
2016-10-07,HMM fixed allocations,0.0
2016-10-10,HMM fixed allocations,0.0
2016-10-13,HMM fixed allocations,0.0
2016-10-14,HMM fixed allocations,0.0
2016-10-17,HMM fixed allocations,0.0
2016-10-18,HMM fixed allocations,0.0
2016-10-19,HMM fixed allocations,0.0
2016-10-20,HMM fixed allocations,0.0
2016-10-21,HMM fixed allocations,0.0
2016-10-24,HMM fixed allocations,0.0
2016-10-25,HMM fixed allocations,0.0
2016-10-26,HMM fixed allocations,0.0
2016-10-27,HMM fixed allocations,0.0
2016-10-28,HMM fixed allocations,0.0
2016-11-01,HMM fixed allocations,0.2994669295436018
2016-11-02,HMM fixed allocations,0.0
2016-11-03,HMM fixed allocations,0.0
2016-11-04,HMM fixed allocations,0.0
2016-11-07,HMM fixed allocations,0.0
2016-11-08,HMM fixed allocations,0.0
2016-11-09,HMM fixed allocations,0.0
2016-11-10,HMM fixed allocations,0.0
2016-11-11,HMM fixed allocations,0.0
2016-11-15,HMM fixed allocations,0.0
2016-11-16,HMM fixed allocations,0.0
2016-11-17,HMM fixed allocations,0.0
2016-11-18,HMM fixed allocations,0.0
2016-11-21,HMM fixed allocations,0.0
2016-11-22,HMM fixed allocations,0.0
2016-11-23,HMM fixed allocations,0.0
2016-11-24,HMM fixed allocations,0.0
2016-11-25,HMM fixed allocations,0.0
2016-11-28,HMM fixed allocations,0.0
2016-11-29,HMM fixed allocations,0.0
2016-11-30,HMM fixed allocations,0.0
2016-12-01,HMM fixed allocations,0.24271526879617744
2016-12-02,HMM fixed allocations,0.0
2016-12-05,HMM fixed allocations,0.0
2016-12-06,HMM fixed allocations,0.0
2016-12-07,HMM fixed allocations,0.0
2016-12-08,HMM fixed allocations,0.0
2016-12-09,HMM fixed allocations,0.0
2016-12-12,HMM fixed allocations,0.0
2016-12-13,HMM fixed allocations,0.0
2016-12-14,HMM fixed allocations,0.0
2016-12-15,HMM fixed allocations,0.0
2016-12-16,HMM fixed allocations,0.0
2016-12-19,HMM fixed allocations,0.0
2016-12-20,HMM fixed allocations,0.0
2016-12-21,HMM fixed allocations,0.0
2016-12-22,HMM fixed allocations,0.0
2016-12-23,HMM fixed allocations,0.0
2016-12-26,HMM fixed allocations,0.0
2016-12-27,HMM fixed allocations,0.0
2016-12-28,HMM fixed allocations,0.0
2016-12-29,HMM fixed allocations,0.0
2016-12-30,HMM fixed allocations,0.2543994569522346
2017-01-02,HMM fixed allocations,0.0
2017-01-03,HMM fixed allocations,0.0
2017-01-04,HMM fixed allocations,0.0
2017-01-05,HMM fixed allocations,0.0
2017-01-06,HMM fixed allocations,0.0
2017-01-09,HMM fixed allocations,0.0
2017-01-10,HMM fixed allocations,0.0
2017-01-11,HMM fixed allocations,0.0
2017-01-12,HMM fixed allocations,0.0
2017-01-13,HMM fixed allocations,0.0
2017-01-16,HMM fixed allocations,0.0
2017-01-17,HMM fixed allocations,0.0
2017-01-18,HMM fixed allocations,0.0
2017-01-19,HMM fixed allocations,0.0
2017-01-20,HMM fixed allocations,0.0
2017-01-23,HMM fixed allocations,0.0
2017-01-24,HMM fixed allocations,0.0
2017-01-25,HMM fixed allocations,0.0
2017-01-27,HMM fixed allocations,0.0
2017-01-30,HMM fixed allocations,0.0
2017-01-31,HMM fixed allocations,0.007359107492548478
2017-02-01,HMM fixed allocations,0.0
2017-02-02,HMM fixed allocations,0.0
2017-02-03,HMM fixed allocations,0.0
2017-02-06,HMM fixed allocations,0.0
2017-02-07,HMM fixed allocations,0.0
2017-02-08,HMM fixed allocations,0.0
2017-02-09,HMM fixed allocations,0.0
2017-02-10,HMM fixed allocations,0.0
2017-02-13,HMM fixed allocations,0.0
2017-02-14,HMM fixed allocations,0.0
2017-02-15,HMM fixed allocations,0.0
2017-02-16,HMM fixed allocations,0.0
2017-02-17,HMM fixed allocations,0.0
2017-02-20,HMM fixed allocations,0.0
2017-02-21,HMM fixed allocations,0.0
2017-02-22,HMM fixed allocations,0.0
2017-02-23,HMM fixed allocations,0.0
2017-02-27,HMM fixed allocations,0.0
2017-02-28,HMM fixed allocations,0.0
2017-03-01,HMM fixed allocations,0.0
2017-03-02,HMM fixed allocations,0.006286343809598582
2017-03-03,HMM fixed allocations,0.0
2017-03-06,HMM fixed allocations,0.0
2017-03-07,HMM fixed allocations,0.0
2017-03-08,HMM fixed allocations,0.0
2017-03-09,HMM fixed allocations,0.0
2017-03-10,HMM fixed allocations,0.0
2017-03-14,HMM fixed allocations,0.0
2017-03-15,HMM fixed allocations,0.0
2017-03-16,HMM fixed allocations,0.0
2017-03-17,HMM fixed allocations,0.0
2017-03-20,HMM fixed allocations,0.0
2017-03-21,HMM fixed allocations,0.0
2017-03-22,HMM fixed allocations,0.0
2017-03-23,HMM fixed allocations,0.0
2017-03-24,HMM fixed allocations,0.0
2017-03-27,HMM fixed allocations,0.0
2017-03-28,HMM fixed allocations,0.0
2017-03-29,HMM fixed allocations,0.0
2017-03-30,HMM fixed allocations,0.0
2017-03-31,HMM fixed allocations,0.0
2017-04-03,HMM fixed allocations,0.2887390952691621
2017-04-05,HMM fixed allocations,0.0
2017-04-06,HMM fixed allocations,0.0
2017-04-07,HMM fixed allocations,0.0
2017-04-10,HMM fixed allocations,0.0
2017-04-11,HMM fixed allocations,0.0
2017-04-12,HMM fixed allocations,0.0
2017-04-13,HMM fixed allocations,0.0
2017-04-17,HMM fixed allocations,0.0
2017-04-18,HMM fixed allocations,0.0
2017-04-19,HMM fixed allocations,0.0
2017-04-20,HMM fixed allocations,0.0
2017-04-21,HMM fixed allocations,0.0
2017-04-24,HMM fixed allocations,0.0
2017-04-25,HMM fixed allocations,0.0
2017-04-26,HMM fixed allocations,0.0
2017-04-27,HMM fixed allocations,0.0
2017-04-28,HMM fixed allocations,0.0
2017-05-02,HMM fixed allocations,0.0
2017-05-03,HMM fixed allocations,0.0
2017-05-04,HMM fixed allocations,0.0
2017-05-05,HMM fixed allocations,0.0017225221597206991
2017-05-08,HMM fixed allocations,0.0
2017-05-09,HMM fixed allocations,0.0
2017-05-10,HMM fixed allocations,0.0
2017-05-11,HMM fixed allocations,0.0
2017-05-12,HMM fixed allocations,0.0
2017-05-15,HMM fixed allocations,0.0
2017-05-16,HMM fixed allocations,0.0
2017-05-17,HMM fixed allocations,0.0
2017-05-18,HMM fixed allocations,0.0
2017-05-19,HMM fixed allocations,0.0
2017-05-22,HMM fixed allocations,0.0
2017-05-23,HMM fixed allocations,0.0
2017-05-24,HMM fixed allocations,0.0
2017-05-25,HMM fixed allocations,0.0
2017-05-26,HMM fixed allocations,0.0
2017-05-29,HMM fixed allocations,0.0
2017-05-30,HMM fixed allocations,0.0
2017-05-31,HMM fixed allocations,0.0
2017-06-01,HMM fixed allocations,0.0
2017-06-02,HMM fixed allocations,0.0
2017-06-05,HMM fixed allocations,0.005953150307133781
2017-06-06,HMM fixed allocations,0.0
2017-06-07,HMM fixed allocations,0.0
2017-06-08,HMM fixed allocations,0.0
2017-06-09,HMM fixed allocations,0.0
2017-06-12,HMM fixed allocations,0.0
2017-06-13,HMM fixed allocations,0.0
2017-06-14,HMM fixed allocations,0.0
2017-06-15,HMM fixed allocations,0.0
2017-06-16,HMM fixed allocations,0.0
2017-06-19,HMM fixed allocations,0.0
2017-06-20,HMM fixed allocations,0.0
2017-06-21,HMM fixed allocations,0.0
2017-06-22,HMM fixed allocations,0.0
2017-06-23,HMM fixed allocations,0.0
2017-06-27,HMM fixed allocations,0.0
2017-06-28,HMM fixed allocations,0.0
2017-06-29,HMM fixed allocations,0.0
2017-06-30,HMM fixed allocations,0.0
2017-07-03,HMM fixed allocations,0.0
2017-07-04,HMM fixed allocations,0.0
2017-07-05,HMM fixed allocations,0.006418900641895056
2017-07-06,HMM fixed allocations,0.0
2017-07-07,HMM fixed allocations,0.0
2017-07-10,HMM fixed allocations,0.0
2017-07-11,HMM fixed allocations,0.0
2017-07-12,HMM fixed allocations,0.0
2017-07-13,HMM fixed allocations,0.0
2017-07-14,HMM fixed allocations,0.0
2017-07-17,HMM fixed allocations,0.0
2017-07-18,HMM fixed allocations,0.0
2017-07-19,HMM fixed allocations,0.0
2017-07-20,HMM fixed allocations,0.0
2017-07-21,HMM fixed allocations,0.0
2017-07-24,HMM fixed allocations,0.0
2017-07-25,HMM fixed allocations,0.0
2017-07-26,HMM fixed allocations,0.0
2017-07-27,HMM fixed allocations,0.0
2017-07-28,HMM fixed allocations,0.0
2017-07-31,HMM fixed allocations,0.0
2017-08-01,HMM fixed allocations,0.0
2017-08-02,HMM fixed allocations,0.0
2017-08-03,HMM fixed allocations,0.007672810900081081
2017-08-04,HMM fixed allocations,0.0
2017-08-07,HMM fixed allocations,0.0
2017-08-08,HMM fixed allocations,0.0
2017-08-09,HMM fixed allocations,0.0
2017-08-10,HMM fixed allocations,0.0
2017-08-11,HMM fixed allocations,0.0
2017-08-14,HMM fixed allocations,0.0
2017-08-16,HMM fixed allocations,0.0
2017-08-17,HMM fixed allocations,0.0
2017-08-18,HMM fixed allocations,0.0
2017-08-21,HMM fixed allocations,0.0
2017-08-22,HMM fixed allocations,0.0
2017-08-23,HMM fixed allocations,0.0
2017-08-24,HMM fixed allocations,0.0
2017-08-28,HMM fixed allocations,0.0
2017-08-29,HMM fixed allocations,0.0
2017-08-30,HMM fixed allocations,0.0
2017-08-31,HMM fixed allocations,0.0
2017-09-01,HMM fixed allocations,0.0
2017-09-04,HMM fixed allocations,0.0
2017-09-05,HMM fixed allocations,0.5407299018282281
2017-09-06,HMM fixed allocations,0.0
2017-09-07,HMM fixed allocations,0.0
2017-09-08,HMM fixed allocations,0.0
2017-09-11,HMM fixed allocations,0.0
2017-09-12,HMM fixed allocations,0.0
2017-09-13,HMM fixed allocations,0.0
2017-09-14,HMM fixed allocations,0.0
2017-09-15,HMM fixed allocations,0.0
2017-09-18,HMM fixed allocations,0.0
2017-09-19,HMM fixed allocations,0.0
2017-09-20,HMM fixed allocations,0.0
2017-09-21,HMM fixed allocations,0.0
2017-09-22,HMM fixed allocations,0.0
2017-09-25,HMM fixed allocations,0.0
2017-09-26,HMM fixed allocations,0.0
2017-09-27,HMM fixed allocations,0.0
2017-09-28,HMM fixed allocations,0.0
2017-09-29,HMM fixed allocations,0.0
2017-10-03,HMM fixed allocations,0.0
2017-10-04,HMM fixed allocations,0.0
2017-10-05,HMM fixed allocations,0.00492002526913736
2017-10-06,HMM fixed allocations,0.0
2017-10-09,HMM fixed allocations,0.0
2017-10-10,HMM fixed allocations,0.0
2017-10-11,HMM fixed allocations,0.0
2017-10-12,HMM fixed allocations,0.0
2017-10-13,HMM fixed allocations,0.0
2017-10-16,HMM fixed allocations,0.0
2017-10-17,HMM fixed allocations,0.0
2017-10-18,HMM fixed allocations,0.0
2017-10-19,HMM fixed allocations,0.0
2017-10-23,HMM fixed allocations,0.0
2017-10-24,HMM fixed allocations,0.0
2017-10-25,HMM fixed allocations,0.0
2017-10-26,HMM fixed allocations,0.0
2017-10-27,HMM fixed allocations,0.0
2017-10-30,HMM fixed allocations,0.0
2017-10-31,HMM fixed allocations,0.0
2017-11-01,HMM fixed allocations,0.0
2017-11-02,HMM fixed allocations,0.0
2017-11-03,HMM fixed allocations,0.0
2017-11-06,HMM fixed allocations,0.5447203397658515
2017-11-07,HMM fixed allocations,0.0
2017-11-08,HMM fixed allocations,0.0
2017-11-09,HMM fixed allocations,0.0
2017-11-10,HMM fixed allocations,0.0
2017-11-13,HMM fixed allocations,0.0
2017-11-14,HMM fixed allocations,0.0
2017-11-15,HMM fixed allocations,0.0
2017-11-16,HMM fixed allocations,0.0
2017-11-17,HMM fixed allocations,0.0
2017-11-20,HMM fixed allocations,0.0
2017-11-21,HMM fixed allocations,0.0
2017-11-22,HMM fixed allocations,0.0
2017-11-23,HMM fixed allocations,0.0
2017-11-24,HMM fixed allocations,0.0
2017-11-27,HMM fixed allocations,0.0
2017-11-28,HMM fixed allocations,0.0
2017-11-29,HMM fixed allocations,0.0
2017-11-30,HMM fixed allocations,0.0
2017-12-01,HMM fixed allocations,0.0
2017-12-04,HMM fixed allocations,0.0
2017-12-05,HMM fixed allocations,0.007841024191351909
2017-12-06,HMM fixed allocations,0.0
2017-12-07,HMM fixed allocations,0.0
2017-12-08,HMM fixed allocations,0.0
2017-12-11,HMM fixed allocations,0.0
2017-12-12,HMM fixed allocations,0.0
2017-12-13,HMM fixed allocations,0.0
2017-12-14,HMM fixed allocations,0.0
2017-12-15,HMM fixed allocations,0.0
2017-12-18,HMM fixed allocations,0.0
2017-12-19,HMM fixed allocations,0.0
2017-12-20,HMM fixed allocations,0.0
2017-12-21,HMM fixed allocations,0.0
2017-12-22,HMM fixed allocations,0.0
2017-12-26,HMM fixed allocations,0.0
2017-12-27,HMM fixed allocations,0.0
2017-12-28,HMM fixed allocations,0.0
2017-12-29,HMM fixed allocations,0.0
2018-01-01,HMM fixed allocations,0.0
2018-01-02,HMM fixed allocations,0.0
2018-01-03,HMM fixed allocations,0.0
2018-01-04,HMM fixed allocations,0.0070719402514233115
2018-01-05,HMM fixed allocations,0.0
2018-01-08,HMM fixed allocations,0.0
2018-01-09,HMM fixed allocations,0.0
2018-01-10,HMM fixed allocations,0.0
2018-01-11,HMM fixed allocations,0.0
2018-01-12,HMM fixed allocations,0.0
2018-01-15,HMM fixed allocations,0.0
2018-01-16,HMM fixed allocations,0.0
2018-01-17,HMM fixed allocations,0.0
2018-01-18,HMM fixed allocations,0.0
2018-01-19,HMM fixed allocations,0.0
2018-01-22,HMM fixed allocations,0.0
2018-01-23,HMM fixed allocations,0.0
2018-01-24,HMM fixed allocations,0.0
2018-01-25,HMM fixed allocations,0.0
2018-01-29,HMM fixed allocations,0.0
2018-01-30,HMM fixed allocations,0.0
2018-01-31,HMM fixed allocations,0.0
2018-02-01,HMM fixed allocations,0.0
2018-02-02,HMM fixed allocations,0.0
2018-02-05,HMM fixed allocations,0.5493209566653807
2018-02-06,HMM fixed allocations,0.0
2018-02-07,HMM fixed allocations,0.0
2018-02-08,HMM fixed allocations,0.0
2018-02-09,HMM fixed allocations,0.0
2018-02-12,HMM fixed allocations,0.0
2018-02-14,HMM fixed allocations,0.0
2018-02-15,HMM fixed allocations,0.0
2018-02-16,HMM fixed allocations,0.0
2018-02-19,HMM fixed allocations,0.0
2018-02-20,HMM fixed allocations,0.0
2018-02-21,HMM fixed allocations,0.0
2018-02-22,HMM fixed allocations,0.0
2018-02-23,HMM fixed allocations,0.0
2018-02-26,HMM fixed allocations,0.0
2018-02-27,HMM fixed allocations,0.0
2018-02-28,HMM fixed allocations,0.0
2018-03-01,HMM fixed allocations,0.0
2018-03-05,HMM fixed allocations,0.0
2018-03-06,HMM fixed allocations,0.0
2018-03-07,HMM fixed allocations,0.0
2018-03-08,HMM fixed allocations,0.003936074934006738
2018-03-09,HMM fixed allocations,0.0
2018-03-12,HMM fixed allocations,0.0
2018-03-13,HMM fixed allocations,0.0
2018-03-14,HMM fixed allocations,0.0
2018-03-15,HMM fixed allocations,0.0
2018-03-16,HMM fixed allocations,0.0
2018-03-19,HMM fixed allocations,0.0
2018-03-20,HMM fixed allocations,0.0
2018-03-21,HMM fixed allocations,0.0
2018-03-22,HMM fixed allocations,0.0
2018-03-23,HMM fixed allocations,0.0
2018-03-26,HMM fixed allocations,0.0
2018-03-27,HMM fixed allocations,0.0
2018-03-28,HMM fixed allocations,0.0
2018-04-02,HMM fixed allocations,0.0
2018-04-03,HMM fixed allocations,0.0
2018-04-04,HMM fixed allocations,0.0
2018-04-05,HMM fixed allocations,0.0
2018-04-06,HMM fixed allocations,0.0
2018-04-09,HMM fixed allocations,0.0
2018-04-10,HMM fixed allocations,0.001325330099633655
2018-04-11,HMM fixed allocations,0.0
2018-04-12,HMM fixed allocations,0.0
2018-04-13,HMM fixed allocations,0.0
2018-04-16,HMM fixed allocations,0.0
2018-04-17,HMM fixed allocations,0.0
2018-04-18,HMM fixed allocations,0.0
2018-04-19,HMM fixed allocations,0.0
2018-04-20,HMM fixed allocations,0.0
2018-04-23,HMM fixed allocations,0.0
2018-04-24,HMM fixed allocations,0.0
2018-04-25,HMM fixed allocations,0.0
2018-04-26,HMM fixed allocations,0.0
2018-04-27,HMM fixed allocations,0.0
2018-04-30,HMM fixed allocations,0.0
2018-05-02,HMM fixed allocations,0.0
2018-05-03,HMM fixed allocations,0.0
2018-05-04,HMM fixed allocations,0.0
2018-05-07,HMM fixed allocations,0.0
2018-05-08,HMM fixed allocations,0.0
2018-05-09,HMM fixed allocations,0.0
2018-05-10,HMM fixed allocations,0.5481491476244796
2018-05-11,HMM fixed allocations,0.0
2018-05-14,HMM fixed allocations,0.0
2018-05-15,HMM fixed allocations,0.0
2018-05-16,HMM fixed allocations,0.0
2018-05-17,HMM fixed allocations,0.0
2018-05-18,HMM fixed allocations,0.0
2018-05-21,HMM fixed allocations,0.0
2018-05-22,HMM fixed allocations,0.0
2018-05-23,HMM fixed allocations,0.0
2018-05-24,HMM fixed allocations,0.0
2018-05-25,HMM fixed allocations,0.0
2018-05-28,HMM fixed allocations,0.0
2018-05-29,HMM fixed allocations,0.0
2018-05-30,HMM fixed allocations,0.0
2018-05-31,HMM fixed allocations,0.0
2018-06-01,HMM fixed allocations,0.0
2018-06-04,HMM fixed allocations,0.0
2018-06-05,HMM fixed allocations,0.0
2018-06-06,HMM fixed allocations,0.0
2018-06-07,HMM fixed allocations,0.0
2018-06-08,HMM fixed allocations,0.30267836556442657
2018-06-11,HMM fixed allocations,0.0
2018-06-12,HMM fixed allocations,0.0
2018-06-13,HMM fixed allocations,0.0
2018-06-14,HMM fixed allocations,0.0
2018-06-15,HMM fixed allocations,0.0
2018-06-18,HMM fixed allocations,0.0
2018-06-19,HMM fixed allocations,0.0
2018-06-20,HMM fixed allocations,0.0
2018-06-21,HMM fixed allocations,0.0
2018-06-22,HMM fixed allocations,0.0
2018-06-25,HMM fixed allocations,0.0
2018-06-26,HMM fixed allocations,0.0
2018-06-27,HMM fixed allocations,0.0
2018-06-28,HMM fixed allocations,0.0
2018-06-29,HMM fixed allocations,0.0
2018-07-02,HMM fixed allocations,0.0
2018-07-03,HMM fixed allocations,0.0
2018-07-04,HMM fixed allocations,0.0
2018-07-05,HMM fixed allocations,0.0
2018-07-06,HMM fixed allocations,0.0
2018-07-09,HMM fixed allocations,0.003910139708938554
2018-07-10,HMM fixed allocations,0.0
2018-07-11,HMM fixed allocations,0.0
2018-07-12,HMM fixed allocations,0.0
2018-07-13,HMM fixed allocations,0.0
2018-07-16,HMM fixed allocations,0.0
2018-07-17,HMM fixed allocations,0.0
2018-07-18,HMM fixed allocations,0.0
2018-07-19,HMM fixed allocations,0.0
2018-07-20,HMM fixed allocations,0.0
2018-07-23,HMM fixed allocations,0.0
2018-07-24,HMM fixed allocations,0.0
2018-07-25,HMM fixed allocations,0.0
2018-07-26,HMM fixed allocations,0.0
2018-07-27,HMM fixed allocations,0.0
2018-07-30,HMM fixed allocations,0.0
2018-07-31,HMM fixed allocations,0.0
2018-08-01,HMM fixed allocations,0.0
2018-08-02,HMM fixed allocations,0.0
2018-08-03,HMM fixed allocations,0.0
2018-08-06,HMM fixed allocations,0.0
2018-08-07,HMM fixed allocations,0.2855711639235122
2018-08-08,HMM fixed allocations,0.0
2018-08-09,HMM fixed allocations,0.0
2018-08-10,HMM fixed allocations,0.0
2018-08-13,HMM fixed allocations,0.0
2018-08-14,HMM fixed allocations,0.0
2018-08-16,HMM fixed allocations,0.0
2018-08-17,HMM fixed allocations,0.0
2018-08-20,HMM fixed allocations,0.0
2018-08-21,HMM fixed allocations,0.0
2018-08-23,HMM fixed allocations,0.0
2018-08-24,HMM fixed allocations,0.0
2018-08-27,HMM fixed allocations,0.0
2018-08-28,HMM fixed allocations,0.0
2018-08-29,HMM fixed allocations,0.0
2018-08-30,HMM fixed allocations,0.0
2018-08-31,HMM fixed allocations,0.0
2018-09-03,HMM fixed allocations,0.0
2018-09-04,HMM fixed allocations,0.0
2018-09-05,HMM fixed allocations,0.0
2018-09-06,HMM fixed allocations,0.0
2018-09-07,HMM fixed allocations,0.002024666126020952
2018-09-10,HMM fixed allocations,0.0
2018-09-11,HMM fixed allocations,0.0
2018-09-12,HMM fixed allocations,0.0
2018-09-14,HMM fixed allocations,0.0
2018-09-17,HMM fixed allocations,0.0
2018-09-18,HMM fixed allocations,0.0
2018-09-19,HMM fixed allocations,0.0
2018-09-21,HMM fixed allocations,0.0
2018-09-24,HMM fixed allocations,0.0
2018-09-25,HMM fixed allocations,0.0
2018-09-26,HMM fixed allocations,0.0
2018-09-27,HMM fixed allocations,0.0
2018-09-28,HMM fixed allocations,0.0
2018-10-01,HMM fixed allocations,0.0
2018-10-03,HMM fixed allocations,0.0
2018-10-04,HMM fixed allocations,0.0
2018-10-05,HMM fixed allocations,0.0
2018-10-08,HMM fixed allocations,0.0
2018-10-09,HMM fixed allocations,0.0
2018-10-10,HMM fixed allocations,0.0
2018-10-11,HMM fixed allocations,0.5165663762539997
2018-10-12,HMM fixed allocations,0.0
2018-10-15,HMM fixed allocations,0.0
2018-10-16,HMM fixed allocations,0.0
2018-10-17,HMM fixed allocations,0.0
2018-10-19,HMM fixed allocations,0.0
2018-10-22,HMM fixed allocations,0.0
2018-10-23,HMM fixed allocations,0.0
2018-10-24,HMM fixed allocations,0.0
2018-10-25,HMM fixed allocations,0.0
2018-10-26,HMM fixed allocations,0.0
2018-10-29,HMM fixed allocations,0.0
2018-10-30,HMM fixed allocations,0.0
2018-10-31,HMM fixed allocations,0.0
2018-11-01,HMM fixed allocations,0.0
2018-11-02,HMM fixed allocations,0.0
2018-11-05,HMM fixed allocations,0.0
2018-11-06,HMM fixed allocations,0.0
2018-11-07,HMM fixed allocations,0.0
2018-11-09,HMM fixed allocations,0.0
2018-11-12,HMM fixed allocations,0.0
2018-11-13,HMM fixed allocations,0.003727372456121654
2018-11-14,HMM fixed allocations,0.0
2018-11-15,HMM fixed allocations,0.0
2018-11-16,HMM fixed allocations,0.0
2018-11-19,HMM fixed allocations,0.0
2018-11-20,HMM fixed allocations,0.0
2018-11-21,HMM fixed allocations,0.0
2018-11-22,HMM fixed allocations,0.0
2018-11-26,HMM fixed allocations,0.0
2018-11-27,HMM fixed allocations,0.0
2018-11-28,HMM fixed allocations,0.0
2018-11-29,HMM fixed allocations,0.0
2018-11-30,HMM fixed allocations,0.0
2018-12-03,HMM fixed allocations,0.0
2018-12-04,HMM fixed allocations,0.0
2018-12-05,HMM fixed allocations,0.0
2018-12-06,HMM fixed allocations,0.0
2018-12-07,HMM fixed allocations,0.0
2018-12-10,HMM fixed allocations,0.0
2018-12-11,HMM fixed allocations,0.0
2018-12-12,HMM fixed allocations,0.0
2018-12-13,HMM fixed allocations,0.24870044411971098
2018-12-14,HMM fixed allocations,0.0
2018-12-17,HMM fixed allocations,0.0
2018-12-18,HMM fixed allocations,0.0
2018-12-19,HMM fixed allocations,0.0
2018-12-20,HMM fixed allocations,0.0
2018-12-21,HMM fixed allocations,0.0
2018-12-24,HMM fixed allocations,0.0
2018-12-26,HMM fixed allocations,0.0
2018-12-27,HMM fixed allocations,0.0
2018-12-28,HMM fixed allocations,0.0
2018-12-31,HMM fixed allocations,0.0
2019-01-01,HMM fixed allocations,0.0
2019-01-02,HMM fixed allocations,0.0
2019-01-03,HMM fixed allocations,0.0
2019-01-04,HMM fixed allocations,0.0
2019-01-07,HMM fixed allocations,0.0
2019-01-08,HMM fixed allocations,0.0
2019-01-09,HMM fixed allocations,0.0
2019-01-10,HMM fixed allocations,0.0
2019-01-11,HMM fixed allocations,0.0
2019-01-14,HMM fixed allocations,0.005206784351739435
2019-01-15,HMM fixed allocations,0.0
2019-01-16,HMM fixed allocations,0.0
2019-01-17,HMM fixed allocations,0.0
2019-01-18,HMM fixed allocations,0.0
2019-01-21,HMM fixed allocations,0.0
2019-01-22,HMM fixed allocations,0.0
2019-01-23,HMM fixed allocations,0.0
2019-01-24,HMM fixed allocations,0.0
2019-01-25,HMM fixed allocations,0.0
2019-01-28,HMM fixed allocations,0.0
2019-01-29,HMM fixed allocations,0.0
2019-01-30,HMM fixed allocations,0.0
2019-01-31,HMM fixed allocations,0.0
2019-02-01,HMM fixed allocations,0.0
2019-02-04,HMM fixed allocations,0.0
2019-02-05,HMM fixed allocations,0.0
2019-02-06,HMM fixed allocations,0.0
2019-02-07,HMM fixed allocations,0.0
2019-02-08,HMM fixed allocations,0.0
2019-02-11,HMM fixed allocations,0.0
2019-02-12,HMM fixed allocations,0.003049892139861593
2019-02-14,HMM fixed allocations,0.0
2019-02-15,HMM fixed allocations,0.0
2019-02-18,HMM fixed allocations,0.0
2019-02-19,HMM fixed allocations,0.0
2019-02-20,HMM fixed allocations,0.0
2019-02-21,HMM fixed allocations,0.0
2019-02-22,HMM fixed allocations,0.0
2019-02-25,HMM fixed allocations,0.0
2019-02-26,HMM fixed allocations,0.0
2019-02-27,HMM fixed allocations,0.0
2019-02-28,HMM fixed allocations,0.0
2019-03-01,HMM fixed allocations,0.0
2019-03-05,HMM fixed allocations,0.0
2019-03-06,HMM fixed allocations,0.0
2019-03-07,HMM fixed allocations,0.0
2019-03-08,HMM fixed allocations,0.0
2019-03-11,HMM fixed allocations,0.0
2019-03-12,HMM fixed allocations,0.0
2019-03-13,HMM fixed allocations,0.0
2019-03-14,HMM fixed allocations,0.0
2019-03-15,HMM fixed allocations,0.015026200564638353
2019-03-18,HMM fixed allocations,0.0
2019-03-19,HMM fixed allocations,0.0
2019-03-20,HMM fixed allocations,0.0
2019-03-22,HMM fixed allocations,0.0
2019-03-25,HMM fixed allocations,0.0
2019-03-26,HMM fixed allocations,0.0
2019-03-27,HMM fixed allocations,0.0
2019-03-28,HMM fixed allocations,0.0
2019-04-01,HMM fixed allocations,0.0
2019-04-02,HMM fixed allocations,0.0
2019-04-03,HMM fixed allocations,0.0
2019-04-04,HMM fixed allocations,0.0
2019-04-05,HMM fixed allocations,0.0
2019-04-08,HMM fixed allocations,0.0
2019-04-09,HMM fixed allocations,0.0
2019-04-10,HMM fixed allocations,0.0
2019-04-11,HMM fixed allocations,0.0
2019-04-12,HMM fixed allocations,0.0
2019-04-15,HMM fixed allocations,0.0
2019-04-16,HMM fixed allocations,0.0
2019-04-18,HMM fixed allocations,0.2924313828535049
2019-04-22,HMM fixed allocations,0.0
2019-04-23,HMM fixed allocations,0.0
2019-04-24,HMM fixed allocations,0.0
2019-04-25,HMM fixed allocations,0.0
2019-04-26,HMM fixed allocations,0.0
2019-04-30,HMM fixed allocations,0.0
2019-05-02,HMM fixed allocations,0.0
2019-05-03,HMM fixed allocations,0.0
2019-05-06,HMM fixed allocations,0.0
2019-05-07,HMM fixed allocations,0.0
2019-05-08,HMM fixed allocations,0.0
2019-05-09,HMM fixed allocations,0.0
2019-05-10,HMM fixed allocations,0.0
2019-05-13,HMM fixed allocations,0.0
2019-05-14,HMM fixed allocations,0.0
2019-05-15,HMM fixed allocations,0.0
2019-05-16,HMM fixed allocations,0.0
2019-05-17,HMM fixed allocations,0.0
2019-05-20,HMM fixed allocations,0.0
2019-05-21,HMM fixed allocations,0.0
2019-05-22,HMM fixed allocations,0.2995647601413495
2019-05-23,HMM fixed allocations,0.0
2019-05-24,HMM fixed allocations,0.0
2019-05-27,HMM fixed allocations,0.0
2019-05-28,HMM fixed allocations,0.0
2019-05-29,HMM fixed allocations,0.0
2019-05-30,HMM fixed allocations,0.0
2019-05-31,HMM fixed allocations,0.0
2019-06-03,HMM fixed allocations,0.0
2019-06-04,HMM fixed allocations,0.0
2019-06-06,HMM fixed allocations,0.0
2019-06-07,HMM fixed allocations,0.0
2019-06-10,HMM fixed allocations,0.0
2019-06-11,HMM fixed allocations,0.0
2019-06-12,HMM fixed allocations,0.0
2019-06-13,HMM fixed allocations,0.0
2019-06-14,HMM fixed allocations,0.0
2019-06-17,HMM fixed allocations,0.0
2019-06-18,HMM fixed allocations,0.0
2019-06-19,HMM fixed allocations,0.0
2019-06-20,HMM fixed allocations,0.0
2019-06-21,HMM fixed allocations,0.0135658063018608
2019-06-24,HMM fixed allocations,0.0
2019-06-25,HMM fixed allocations,0.0
2019-06-26,HMM fixed allocations,0.0
2019-06-27,HMM fixed allocations,0.0
2019-06-28,HMM fixed allocations,0.0
2019-07-01,HMM fixed allocations,0.0
2019-07-02,HMM fixed allocations,0.0
2019-07-03,HMM fixed allocations,0.0
2019-07-04,HMM fixed allocations,0.0
2019-07-05,HMM fixed allocations,0.0
2019-07-08,HMM fixed allocations,0.0
2019-07-09,HMM fixed allocations,0.0
2019-07-10,HMM fixed allocations,0.0
2019-07-11,HMM fixed allocations,0.0
2019-07-12,HMM fixed allocations,0.0
2019-07-15,HMM fixed allocations,0.0
2019-07-16,HMM fixed allocations,0.0
2019-07-17,HMM fixed allocations,0.0
2019-07-18,HMM fixed allocations,0.0
2019-07-19,HMM fixed allocations,0.0
2019-07-22,HMM fixed allocations,0.011571549931053693
2019-07-23,HMM fixed allocations,0.0
2019-07-24,HMM fixed allocations,0.0
2019-07-25,HMM fixed allocations,0.0
2019-07-26,HMM fixed allocations,0.0
2019-07-29,HMM fixed allocations,0.0
2019-07-30,HMM fixed allocations,0.0
2019-07-31,HMM fixed allocations,0.0
2019-08-01,HMM fixed allocations,0.0
2019-08-02,HMM fixed allocations,0.0
2019-08-05,HMM fixed allocations,0.0
2019-08-06,HMM fixed allocations,0.0
2019-08-07,HMM fixed allocations,0.0
2019-08-08,HMM fixed allocations,0.0
2019-08-09,HMM fixed allocations,0.0
2019-08-13,HMM fixed allocations,0.0
2019-08-14,HMM fixed allocations,0.0
2019-08-16,HMM fixed allocations,0.0
2019-08-19,HMM fixed allocations,0.0
2019-08-20,HMM fixed allocations,0.0
2019-08-21,HMM fixed allocations,0.0
2019-08-22,HMM fixed allocations,0.25071511975534
2019-08-23,HMM fixed allocations,0.0
2019-08-26,HMM fixed allocations,0.0
2019-08-27,HMM fixed allocations,0.0
2019-08-28,HMM fixed allocations,0.0
2019-08-29,HMM fixed allocations,0.0
2019-08-30,HMM fixed allocations,0.0
2019-09-03,HMM fixed allocations,0.0
2019-09-04,HMM fixed allocations,0.0
2019-09-05,HMM fixed allocations,0.0
2019-09-06,HMM fixed allocations,0.0
2019-09-09,HMM fixed allocations,0.0
2019-09-11,HMM fixed allocations,0.0
2019-09-12,HMM fixed allocations,0.0
2019-09-13,HMM fixed allocations,0.0
2019-09-16,HMM fixed allocations,0.0
2019-09-17,HMM fixed allocations,0.0
2019-09-18,HMM fixed allocations,0.0
2019-09-19,HMM fixed allocations,0.0
2019-09-20,HMM fixed allocations,0.0
2019-09-23,HMM fixed allocations,0.0
2019-09-24,HMM fixed allocations,0.006971671838107776
2019-09-25,HMM fixed allocations,0.0
2019-09-26,HMM fixed allocations,0.0
2019-09-27,HMM fixed allocations,0.0
2019-09-30,HMM fixed allocations,0.0
2019-10-01,HMM fixed allocations,0.0
2019-10-03,HMM fixed allocations,0.0
2019-10-04,HMM fixed allocations,0.0
2019-10-07,HMM fixed allocations,0.0
2019-10-09,HMM fixed allocations,0.0
2019-10-10,HMM fixed allocations,0.0
2019-10-11,HMM fixed allocations,0.0
2019-10-14,HMM fixed allocations,0.0
2019-10-15,HMM fixed allocations,0.0
2019-10-16,HMM fixed allocations,0.0
2019-10-17,HMM fixed allocations,0.0
2019-10-18,HMM fixed allocations,0.0
2019-10-22,HMM fixed allocations,0.0
2019-10-23,HMM fixed allocations,0.0
2019-10-24,HMM fixed allocations,0.0
2019-10-25,HMM fixed allocations,0.0
2019-10-27,HMM fixed allocations,0.2511441406416304
2019-10-29,HMM fixed allocations,0.0
2019-10-30,HMM fixed allocations,0.0
2019-10-31,HMM fixed allocations,0.0
2019-11-01,HMM fixed allocations,0.0
2019-11-04,HMM fixed allocations,0.0
2019-11-05,HMM fixed allocations,0.0
2019-11-06,HMM fixed allocations,0.0
2019-11-07,HMM fixed allocations,0.0
2019-11-08,HMM fixed allocations,0.0
2019-11-11,HMM fixed allocations,0.0
2019-11-13,HMM fixed allocations,0.0
2019-11-14,HMM fixed allocations,0.0
2019-11-15,HMM fixed allocations,0.0
2019-11-18,HMM fixed allocations,0.0
2019-11-19,HMM fixed allocations,0.0
2019-11-20,HMM fixed allocations,0.0
2019-11-21,HMM fixed allocations,0.0
2019-11-22,HMM fixed allocations,0.0
2019-11-25,HMM fixed allocations,0.0
2019-11-26,HMM fixed allocations,0.0
2019-11-27,HMM fixed allocations,0.2876675148809117
2019-11-28,HMM fixed allocations,0.0
2019-11-29,HMM fixed allocations,0.0
2019-12-02,HMM fixed allocations,0.0
2019-12-03,HMM fixed allocations,0.0
2019-12-04,HMM fixed allocations,0.0
2019-12-05,HMM fixed allocations,0.0
2019-12-06,HMM fixed allocations,0.0
2019-12-09,HMM fixed allocations,0.0
2019-12-10,HMM fixed allocations,0.0
2019-12-11,HMM fixed allocations,0.0
2019-12-12,HMM fixed allocations,0.0
2019-12-13,HMM fixed allocations,0.0
2019-12-16,HMM fixed allocations,0.0
2019-12-17,HMM fixed allocations,0.0
2019-12-18,HMM fixed allocations,0.0
2019-12-19,HMM fixed allocations,0.0
2019-12-20,HMM fixed allocations,0.0
2019-12-23,HMM fixed allocations,0.0
2019-12-24,HMM fixed allocations,0.0
2019-12-26,HMM fixed allocations,0.0
2019-12-27,HMM fixed allocations,0.002481859333792344
2019-12-30,HMM fixed allocations,0.0
2019-12-31,HMM fixed allocations,0.0
2020-01-01,HMM fixed allocations,0.0
2020-01-02,HMM fixed allocations,0.0
2020-01-03,HMM fixed allocations,0.0
2020-01-06,HMM fixed allocations,0.0
2020-01-07,HMM fixed allocations,0.0
2020-01-08,HMM fixed allocations,0.0
2020-01-09,HMM fixed allocations,0.0
2020-01-10,HMM fixed allocations,0.0
2020-01-13,HMM fixed allocations,0.0
2020-01-14,HMM fixed allocations,0.0
2020-01-15,HMM fixed allocations,0.0
2020-01-16,HMM fixed allocations,0.0
2020-01-17,HMM fixed allocations,0.0
2020-01-20,HMM fixed allocations,0.0
2020-01-21,HMM fixed allocations,0.0
2020-01-22,HMM fixed allocations,0.0
2020-01-23,HMM fixed allocations,0.0
2020-01-24,HMM fixed allocations,0.0
2020-01-27,HMM fixed allocations,0.29094988179270986
2020-01-28,HMM fixed allocations,0.0
2020-01-29,HMM fixed allocations,0.0
2020-01-30,HMM fixed allocations,0.0
2020-01-31,HMM fixed allocations,0.0
2020-02-03,HMM fixed allocations,0.0
2020-02-04,HMM fixed allocations,0.0
2020-02-05,HMM fixed allocations,0.0
2020-02-06,HMM fixed allocations,0.0
2020-02-07,HMM fixed allocations,0.0
2020-02-10,HMM fixed allocations,0.0
2020-02-11,HMM fixed allocations,0.0
2020-02-12,HMM fixed allocations,0.0
2020-02-13,HMM fixed allocations,0.0
2020-02-14,HMM fixed allocations,0.0
2020-02-17,HMM fixed allocations,0.0
2020-02-18,HMM fixed allocations,0.0
2020-02-19,HMM fixed allocations,0.0
2020-02-20,HMM fixed allocations,0.0
2020-02-24,HMM fixed allocations,0.0
2020-02-25,HMM fixed allocations,0.0
2020-02-26,HMM fixed allocations,0.24987498668357594
2020-02-27,HMM fixed allocations,0.0
2020-02-28,HMM fixed allocations,0.0
2020-03-02,HMM fixed allocations,0.0
2020-03-03,HMM fixed allocations,0.0
2020-03-04,HMM fixed allocations,0.0
2020-03-05,HMM fixed allocations,0.0
2020-03-06,HMM fixed allocations,0.0
2020-03-09,HMM fixed allocations,0.0
2020-03-11,HMM fixed allocations,0.0
2020-03-12,HMM fixed allocations,0.0
2020-03-13,HMM fixed allocations,0.0
2020-03-16,HMM fixed allocations,0.0
2020-03-17,HMM fixed allocations,0.0
2020-03-18,HMM fixed allocations,0.0
2020-03-19,HMM fixed allocations,0.0
2020-03-20,HMM fixed allocations,0.0
2020-03-23,HMM fixed allocations,0.0
2020-03-24,HMM fixed allocations,0.0
2020-03-25,HMM fixed allocations,0.0
2020-03-26,HMM fixed allocations,0.0
2020-03-27,HMM fixed allocations,0.024378668842154047
2020-03-30,HMM fixed allocations,0.0
2020-03-31,HMM fixed allocations,0.0
2020-04-01,HMM fixed allocations,0.0
2020-04-03,HMM fixed allocations,0.0
2020-04-07,HMM fixed allocations,0.0
2020-04-08,HMM fixed allocations,0.0
2020-04-09,HMM fixed allocations,0.0
2020-04-13,HMM fixed allocations,0.0
2020-04-15,HMM fixed allocations,0.0
2020-04-16,HMM fixed allocations,0.0
2020-04-17,HMM fixed allocations,0.0
2020-04-20,HMM fixed allocations,0.0
2020-04-21,HMM fixed allocations,0.0
2020-04-22,HMM fixed allocations,0.0
2020-04-23,HMM fixed allocations,0.0
2020-04-24,HMM fixed allocations,0.0
2020-04-27,HMM fixed allocations,0.0
2020-04-28,HMM fixed allocations,0.0
2020-04-29,HMM fixed allocations,0.0
2020-04-30,HMM fixed allocations,0.0
2020-05-04,HMM fixed allocations,0.02406009156529601
2020-05-05,HMM fixed allocations,0.0
2020-05-06,HMM fixed allocations,0.0
2020-05-07,HMM fixed allocations,0.0
2020-05-08,HMM fixed allocations,0.0
2020-05-11,HMM fixed allocations,0.0
2020-05-12,HMM fixed allocations,0.0
2020-05-13,HMM fixed allocations,0.0
2020-05-14,HMM fixed allocations,0.0
2020-05-15,HMM fixed allocations,0.0
2020-05-18,HMM fixed allocations,0.0
2020-05-19,HMM fixed allocations,0.0
2020-05-20,HMM fixed allocations,0.0
2020-05-21,HMM fixed allocations,0.0
2020-05-22,HMM fixed allocations,0.0
2020-05-26,HMM fixed allocations,0.0
2020-05-27,HMM fixed allocations,0.0
2020-05-28,HMM fixed allocations,0.0
2020-05-29,HMM fixed allocations,0.0
2020-06-01,HMM fixed allocations,0.0
2020-06-02,HMM fixed allocations,0.0
2020-06-03,HMM fixed allocations,0.25328644065744527
2020-06-04,HMM fixed allocations,0.0
2020-06-05,HMM fixed allocations,0.0
2020-06-08,HMM fixed allocations,0.0
2020-06-09,HMM fixed allocations,0.0
2020-06-10,HMM fixed allocations,0.0
2020-06-11,HMM fixed allocations,0.0
2020-06-12,HMM fixed allocations,0.0
2020-06-15,HMM fixed allocations,0.0
2020-06-16,HMM fixed allocations,0.0
2020-06-17,HMM fixed allocations,0.0
2020-06-18,HMM fixed allocations,0.0
2020-06-19,HMM fixed allocations,0.0
2020-06-22,HMM fixed allocations,0.0
2020-06-23,HMM fixed allocations,0.0
2020-06-24,HMM fixed allocations,0.0
2020-06-25,HMM fixed allocations,0.0
2020-06-26,HMM fixed allocations,0.0
2020-06-29,HMM fixed allocations,0.0
2020-06-30,HMM fixed allocations,0.0
2020-07-01,HMM fixed allocations,0.0
2020-07-02,HMM fixed allocations,0.29283678032060906
2020-07-03,HMM fixed allocations,0.0
2020-07-06,HMM fixed allocations,0.0
2020-07-07,HMM fixed allocations,0.0
2020-07-08,HMM fixed allocations,0.0
2020-07-09,HMM fixed allocations,0.0
2020-07-10,HMM fixed allocations,0.0
2020-07-13,HMM fixed allocations,0.0
2020-07-14,HMM fixed allocations,0.0
2020-07-15,HMM fixed allocations,0.0
2020-07-16,HMM fixed allocations,0.0
2020-07-17,HMM fixed allocations,0.0
2020-07-20,HMM fixed allocations,0.0
2020-07-21,HMM fixed allocations,0.0
2020-07-22,HMM fixed allocations,0.0
2020-07-23,HMM fixed allocations,0.0
2020-07-24,HMM fixed allocations,0.0
2020-07-27,HMM fixed allocations,0.0
2020-07-28,HMM fixed allocations,0.0
2020-07-29,HMM fixed allocations,0.0
2020-07-30,HMM fixed allocations,0.0
2020-07-31,HMM fixed allocations,0.011434432161665495
2020-08-03,HMM fixed allocations,0.0
2020-08-04,HMM fixed allocations,0.0
2020-08-05,HMM fixed allocations,0.0
2020-08-06,HMM fixed allocations,0.0
2020-08-07,HMM fixed allocations,0.0
2020-08-10,HMM fixed allocations,0.0
2020-08-11,HMM fixed allocations,0.0
2020-08-12,HMM fixed allocations,0.0
2020-08-13,HMM fixed allocations,0.0
2020-08-14,HMM fixed allocations,0.0
2020-08-17,HMM fixed allocations,0.0
2020-08-18,HMM fixed allocations,0.0
2020-08-19,HMM fixed allocations,0.0
2020-08-20,HMM fixed allocations,0.0
2020-08-21,HMM fixed allocations,0.0
2020-08-24,HMM fixed allocations,0.0
2020-08-25,HMM fixed allocations,0.0
2020-08-26,HMM fixed allocations,0.0
2020-08-27,HMM fixed allocations,0.0
2020-08-28,HMM fixed allocations,0.0
2020-08-31,HMM fixed allocations,0.011130092254618806
2020-09-01,HMM fixed allocations,0.0
2020-09-02,HMM fixed allocations,0.0
2020-09-03,HMM fixed allocations,0.0
2020-09-04,HMM fixed allocations,0.0
2020-09-07,HMM fixed allocations,0.0
2020-09-08,HMM fixed allocations,0.0
2020-09-09,HMM fixed allocations,0.0
2020-09-10,HMM fixed allocations,0.0
2020-09-11,HMM fixed allocations,0.0
2020-09-14,HMM fixed allocations,0.0
2020-09-15,HMM fixed allocations,0.0
2020-09-16,HMM fixed allocations,0.0
2020-09-17,HMM fixed allocations,0.0
2020-09-18,HMM fixed allocations,0.0
2020-09-21,HMM fixed allocations,0.0
2020-09-22,HMM fixed allocations,0.0
2020-09-23,HMM fixed allocations,0.0
2020-09-24,HMM fixed allocations,0.0
2020-09-25,HMM fixed allocations,0.0
2020-09-28,HMM fixed allocations,0.0
2020-09-29,HMM fixed allocations,0.002349064216597349
2020-09-30,HMM fixed allocations,0.0
2020-10-01,HMM fixed allocations,0.0
2020-10-05,HMM fixed allocations,0.0
2020-10-06,HMM fixed allocations,0.0
2020-10-07,HMM fixed allocations,0.0
2020-10-08,HMM fixed allocations,0.0
2020-10-09,HMM fixed allocations,0.0
2020-10-12,HMM fixed allocations,0.0
2020-10-13,HMM fixed allocations,0.0
2020-10-14,HMM fixed allocations,0.0
2020-10-15,HMM fixed allocations,0.0
2020-10-16,HMM fixed allocations,0.0
2020-10-19,HMM fixed allocations,0.0
2020-10-20,HMM fixed allocations,0.0
2020-10-21,HMM fixed allocations,0.0
2020-10-22,HMM fixed allocations,0.0
2020-10-23,HMM fixed allocations,0.0
2020-10-26,HMM fixed allocations,0.0
2020-10-27,HMM fixed allocations,0.0
2020-10-28,HMM fixed allocations,0.0
2020-10-29,HMM fixed allocations,0.30790714726876134
2020-10-30,HMM fixed allocations,0.0
2020-11-02,HMM fixed allocations,0.0
2020-11-03,HMM fixed allocations,0.0
2020-11-04,HMM fixed allocations,0.0
2020-11-05,HMM fixed allocations,0.0
2020-11-06,HMM fixed allocations,0.0
2020-11-09,HMM fixed allocations,0.0
2020-11-10,HMM fixed allocations,0.0
2020-11-11,HMM fixed allocations,0.0
2020-11-12,HMM fixed allocations,0.0
2020-11-13,HMM fixed allocations,0.0
2020-11-14,HMM fixed allocations,0.0
2020-11-17,HMM fixed allocations,0.0
2020-11-18,HMM fixed allocations,0.0
2020-11-19,HMM fixed allocations,0.0
2020-11-20,HMM fixed allocations,0.0
2020-11-23,HMM fixed allocations,0.0
2020-11-24,HMM fixed allocations,0.0
2020-11-25,HMM fixed allocations,0.0
2020-11-26,HMM fixed allocations,0.0
2020-11-27,HMM fixed allocations,0.2721694113151069
2020-12-01,HMM fixed allocations,0.0
2020-12-02,HMM fixed allocations,0.0
2020-12-03,HMM fixed allocations,0.0
2020-12-04,HMM fixed allocations,0.0
2020-12-07,HMM fixed allocations,0.0
2020-12-08,HMM fixed allocations,0.0
2020-12-09,HMM fixed allocations,0.0
2020-12-10,HMM fixed allocations,0.0
2020-12-11,HMM fixed allocations,0.0
2020-12-14,HMM fixed allocations,0.0
2020-12-15,HMM fixed allocations,0.0
2020-12-16,HMM fixed allocations,0.0
2020-12-17,HMM fixed allocations,0.0
2020-12-18,HMM fixed allocations,0.0
2020-12-21,HMM fixed allocations,0.0
2020-12-22,HMM fixed allocations,0.0
2020-12-23,HMM fixed allocations,0.0
2020-12-24,HMM fixed allocations,0.0
2020-12-28,HMM fixed allocations,0.0
2020-12-29,HMM fixed allocations,0.0
2020-12-30,HMM fixed allocations,0.014725848882053028
2020-12-31,HMM fixed allocations,0.0
2021-01-01,HMM fixed allocations,0.0
2021-01-04,HMM fixed allocations,0.0
2021-01-05,HMM fixed allocations,0.0
2021-01-06,HMM fixed allocations,0.0
2021-01-07,HMM fixed allocations,0.0
2021-01-08,HMM fixed allocations,0.0
2021-01-11,HMM fixed allocations,0.0
2021-01-12,HMM fixed allocations,0.0
2021-01-13,HMM fixed allocations,0.0
2021-01-14,HMM fixed allocations,0.0
2021-01-15,HMM fixed allocations,0.0
2021-01-18,HMM fixed allocations,0.0
2021-01-19,HMM fixed allocations,0.0
2021-01-20,HMM fixed allocations,0.0
2021-01-21,HMM fixed allocations,0.0
2021-01-22,HMM fixed allocations,0.0
2021-01-25,HMM fixed allocations,0.0
2021-01-27,HMM fixed allocations,0.0
2021-01-28,HMM fixed allocations,0.0
2021-01-29,HMM fixed allocations,0.0036148755310101144
2021-02-01,HMM fixed allocations,0.0
2021-02-02,HMM fixed allocations,0.0
2021-02-03,HMM fixed allocations,0.0
2021-02-04,HMM fixed allocations,0.0
2021-02-05,HMM fixed allocations,0.0
2021-02-08,HMM fixed allocations,0.0
2021-02-09,HMM fixed allocations,0.0
2021-02-10,HMM fixed allocations,0.0
2021-02-11,HMM fixed allocations,0.0
2021-02-12,HMM fixed allocations,0.0
2021-02-15,HMM fixed allocations,0.0
2021-02-16,HMM fixed allocations,0.0
2021-02-17,HMM fixed allocations,0.0
2021-02-18,HMM fixed allocations,0.0
2021-02-19,HMM fixed allocations,0.0
2021-02-22,HMM fixed allocations,0.0
2021-02-23,HMM fixed allocations,0.0
2021-02-24,HMM fixed allocations,0.0
2021-02-25,HMM fixed allocations,0.0
2021-02-26,HMM fixed allocations,0.0
2021-03-01,HMM fixed allocations,0.025762075427334483
2021-03-02,HMM fixed allocations,0.0
2021-03-03,HMM fixed allocations,0.0
2021-03-04,HMM fixed allocations,0.0
2021-03-05,HMM fixed allocations,0.0
2021-03-08,HMM fixed allocations,0.0
2021-03-09,HMM fixed allocations,0.0
2021-03-10,HMM fixed allocations,0.0
2021-03-12,HMM fixed allocations,0.0
2021-03-15,HMM fixed allocations,0.0
2021-03-16,HMM fixed allocations,0.0
2021-03-17,HMM fixed allocations,0.0
2021-03-18,HMM fixed allocations,0.0
2021-03-19,HMM fixed allocations,0.0
2021-03-22,HMM fixed allocations,0.0
2021-03-23,HMM fixed allocations,0.0
2021-03-24,HMM fixed allocations,0.0
2021-03-25,HMM fixed allocations,0.0
2021-03-26,HMM fixed allocations,0.0
2021-03-30,HMM fixed allocations,0.0
2021-03-31,HMM fixed allocations,0.0
2021-04-01,HMM fixed allocations,0.00443627607982186
2021-04-05,HMM fixed allocations,0.0
2021-04-06,HMM fixed allocations,0.0
2021-04-07,HMM fixed allocations,0.0
2021-04-08,HMM fixed allocations,0.0
2021-04-09,HMM fixed allocations,0.0
2021-04-12,HMM fixed allocations,0.0
2021-04-13,HMM fixed allocations,0.0
2021-04-15,HMM fixed allocations,0.0
2021-04-16,HMM fixed allocations,0.0
2021-04-19,HMM fixed allocations,0.0
2021-04-20,HMM fixed allocations,0.0
2021-04-22,HMM fixed allocations,0.0
2021-04-23,HMM fixed allocations,0.0
2021-04-26,HMM fixed allocations,0.0
2021-04-27,HMM fixed allocations,0.0
2021-04-28,HMM fixed allocations,0.0
2021-04-29,HMM fixed allocations,0.0
2021-04-30,HMM fixed allocations,0.0
2021-05-03,HMM fixed allocations,0.0
2021-05-04,HMM fixed allocations,0.0
2021-05-05,HMM fixed allocations,0.29120721817323436
2021-05-06,HMM fixed allocations,0.0
2021-05-07,HMM fixed allocations,0.0
2021-05-10,HMM fixed allocations,0.0
2021-05-11,HMM fixed allocations,0.0
2021-05-12,HMM fixed allocations,0.0
2021-05-14,HMM fixed allocations,0.0
2021-05-17,HMM fixed allocations,0.0
2021-05-18,HMM fixed allocations,0.0
2021-05-19,HMM fixed allocations,0.0
2021-05-20,HMM fixed allocations,0.0
2021-05-21,HMM fixed allocations,0.0
2021-05-24,HMM fixed allocations,0.0
2021-05-25,HMM fixed allocations,0.0
2021-05-26,HMM fixed allocations,0.0
2021-05-27,HMM fixed allocations,0.0
2021-05-28,HMM fixed allocations,0.0
2021-05-31,HMM fixed allocations,0.0
2021-06-01,HMM fixed allocations,0.0
2021-06-02,HMM fixed allocations,0.0
2021-06-03,HMM fixed allocations,0.0
2021-06-04,HMM fixed allocations,0.012076222897689032
2021-06-07,HMM fixed allocations,0.0
2021-06-08,HMM fixed allocations,0.0
2021-06-09,HMM fixed allocations,0.0
2021-06-10,HMM fixed allocations,0.0
2021-06-11,HMM fixed allocations,0.0
2021-06-14,HMM fixed allocations,0.0
2021-06-15,HMM fixed allocations,0.0
2021-06-16,HMM fixed allocations,0.0
2021-06-17,HMM fixed allocations,0.0
2021-06-18,HMM fixed allocations,0.0
2021-06-21,HMM fixed allocations,0.0
2021-06-22,HMM fixed allocations,0.0
2021-06-23,HMM fixed allocations,0.0
2021-06-24,HMM fixed allocations,0.0
2021-06-25,HMM fixed allocations,0.0
2021-06-28,HMM fixed allocations,0.0
2021-06-29,HMM fixed allocations,0.0
2021-06-30,HMM fixed allocations,0.0
2021-07-01,HMM fixed allocations,0.0
2021-07-02,HMM fixed allocations,0.0
2021-07-05,HMM fixed allocations,0.005922619281616609
2021-07-06,HMM fixed allocations,0.0
2021-07-07,HMM fixed allocations,0.0
2021-07-08,HMM fixed allocations,0.0
2021-07-09,HMM fixed allocations,0.0
2021-07-12,HMM fixed allocations,0.0
2021-07-13,HMM fixed allocations,0.0
2021-07-14,HMM fixed allocations,0.0
2021-07-15,HMM fixed allocations,0.0
2021-07-16,HMM fixed allocations,0.0
2021-07-19,HMM fixed allocations,0.0
2021-07-20,HMM fixed allocations,0.0
2021-07-22,HMM fixed allocations,0.0
2021-07-23,HMM fixed allocations,0.0
2021-07-26,HMM fixed allocations,0.0
2021-07-27,HMM fixed allocations,0.0
2021-07-28,HMM fixed allocations,0.0
2021-07-29,HMM fixed allocations,0.0
2021-07-30,HMM fixed allocations,0.0
2021-08-02,HMM fixed allocations,0.0
2021-08-03,HMM fixed allocations,0.0
2021-08-04,HMM fixed allocations,0.005005055203117753
2021-08-05,HMM fixed allocations,0.0
2021-08-06,HMM fixed allocations,0.0
2021-08-09,HMM fixed allocations,0.0
2021-08-10,HMM fixed allocations,0.0
2021-08-11,HMM fixed allocations,0.0
2021-08-12,HMM fixed allocations,0.0
2021-08-13,HMM fixed allocations,0.0
2021-08-16,HMM fixed allocations,0.0
2021-08-17,HMM fixed allocations,0.0
2021-08-18,HMM fixed allocations,0.0
2021-08-20,HMM fixed allocations,0.0
2021-08-23,HMM fixed allocations,0.0
2021-08-24,HMM fixed allocations,0.0
2021-08-25,HMM fixed allocations,0.0
2021-08-26,HMM fixed allocations,0.0
2021-08-27,HMM fixed allocations,0.0
2021-08-30,HMM fixed allocations,0.0
2021-08-31,HMM fixed allocations,0.0
2021-09-01,HMM fixed allocations,0.0
2021-09-02,HMM fixed allocations,0.0
2021-09-03,HMM fixed allocations,0.015889075898850635
2021-09-06,HMM fixed allocations,0.0
2021-09-07,HMM fixed allocations,0.0
2021-09-08,HMM fixed allocations,0.0
2021-09-09,HMM fixed allocations,0.0
2021-09-13,HMM fixed allocations,0.0
2021-09-14,HMM fixed allocations,0.0
2021-09-15,HMM fixed allocations,0.0
2021-09-16,HMM fixed allocations,0.0
2021-09-17,HMM fixed allocations,0.0
2021-09-20,HMM fixed allocations,0.0
2021-09-21,HMM fixed allocations,0.0
2021-09-22,HMM fixed allocations,0.0
2021-09-23,HMM fixed allocations,0.0
2021-09-24,HMM fixed allocations,0.0
2021-09-27,HMM fixed allocations,0.0
2021-09-28,HMM fixed allocations,0.0
2021-09-29,HMM fixed allocations,0.0
2021-09-30,HMM fixed allocations,0.0
2021-10-01,HMM fixed allocations,0.0
2021-10-04,HMM fixed allocations,0.0
2021-10-05,HMM fixed allocations,0.0077669278883902015
2021-10-06,HMM fixed allocations,0.0
2021-10-07,HMM fixed allocations,0.0
2021-10-08,HMM fixed allocations,0.0
2021-10-11,HMM fixed allocations,0.0
2021-10-12,HMM fixed allocations,0.0
2021-10-13,HMM fixed allocations,0.0
2021-10-14,HMM fixed allocations,0.0
2021-10-18,HMM fixed allocations,0.0
2021-10-19,HMM fixed allocations,0.0
2021-10-20,HMM fixed allocations,0.0
2021-10-21,HMM fixed allocations,0.0
2021-10-22,HMM fixed allocations,0.0
2021-10-25,HMM fixed allocations,0.0
2021-10-26,HMM fixed allocations,0.0
2021-10-27,HMM fixed allocations,0.0
2021-10-28,HMM fixed allocations,0.0
2021-10-29,HMM fixed allocations,0.0
2021-11-01,HMM fixed allocations,0.0
2021-11-02,HMM fixed allocations,0.0
2021-11-03,HMM fixed allocations,0.0
2021-11-04,HMM fixed allocations,0.004424767413298614
2021-11-08,HMM fixed allocations,0.0
2021-11-09,HMM fixed allocations,0.0
2021-11-10,HMM fixed allocations,0.0
2021-11-11,HMM fixed allocations,0.0
2021-11-12,HMM fixed allocations,0.0
2021-11-15,HMM fixed allocations,0.0
2021-11-16,HMM fixed allocations,0.0
2021-11-17,HMM fixed allocations,0.0
2021-11-18,HMM fixed allocations,0.0
2021-11-22,HMM fixed allocations,0.0
2021-11-23,HMM fixed allocations,0.0
2021-11-24,HMM fixed allocations,0.0
2021-11-25,HMM fixed allocations,0.0
2021-11-26,HMM fixed allocations,0.0
2021-11-29,HMM fixed allocations,0.0
2021-11-30,HMM fixed allocations,0.0
2021-12-01,HMM fixed allocations,0.0
2021-12-02,HMM fixed allocations,0.0
2021-12-03,HMM fixed allocations,0.0
2021-12-06,HMM fixed allocations,0.0
2021-12-07,HMM fixed allocations,0.2440164376760346
2021-12-08,HMM fixed allocations,0.0
2021-12-09,HMM fixed allocations,0.0
2021-12-10,HMM fixed allocations,0.0
2021-12-13,HMM fixed allocations,0.0
2021-12-14,HMM fixed allocations,0.0
2021-12-15,HMM fixed allocations,0.0
2021-12-16,HMM fixed allocations,0.0
2021-12-17,HMM fixed allocations,0.0
2021-12-20,HMM fixed allocations,0.0
2021-12-21,HMM fixed allocations,0.0
2021-12-22,HMM fixed allocations,0.0
2021-12-23,HMM fixed allocations,0.0
2021-12-24,HMM fixed allocations,0.0
2021-12-27,HMM fixed allocations,0.0
2021-12-28,HMM fixed allocations,0.0
2021-12-29,HMM fixed allocations,0.0
2021-12-30,HMM fixed allocations,0.0
2021-12-31,HMM fixed allocations,0.0
2022-01-03,HMM fixed allocations,0.0
2022-01-04,HMM fixed allocations,0.0
2022-01-05,HMM fixed allocations,0.0035841028095254038
2022-01-06,HMM fixed allocations,0.0
2022-01-07,HMM fixed allocations,0.0
2022-01-10,HMM fixed allocations,0.0
2022-01-11,HMM fixed allocations,0.0
2022-01-12,HMM fixed allocations,0.0
2022-01-13,HMM fixed allocations,0.0
2022-01-14,HMM fixed allocations,0.0
2022-01-17,HMM fixed allocations,0.0
2022-01-18,HMM fixed allocations,0.0
2022-01-19,HMM fixed allocations,0.0
2022-01-20,HMM fixed allocations,0.0
2022-01-21,HMM fixed allocations,0.0
2022-01-24,HMM fixed allocations,0.0
2022-01-25,HMM fixed allocations,0.0
2022-01-27,HMM fixed allocations,0.0
2022-01-28,HMM fixed allocations,0.0
2022-01-31,HMM fixed allocations,0.0
2022-02-01,HMM fixed allocations,0.0
2022-02-02,HMM fixed allocations,0.0
2022-02-03,HMM fixed allocations,0.0
2022-02-04,HMM fixed allocations,0.2522274050411463
2022-02-07,HMM fixed allocations,0.0
2022-02-08,HMM fixed allocations,0.0
2022-02-09,HMM fixed allocations,0.0
2022-02-10,HMM fixed allocations,0.0
2022-02-11,HMM fixed allocations,0.0
2022-02-14,HMM fixed allocations,0.0
2022-02-15,HMM fixed allocations,0.0
2022-02-16,HMM fixed allocations,0.0
2022-02-17,HMM fixed allocations,0.0
2022-02-18,HMM fixed allocations,0.0
2022-02-21,HMM fixed allocations,0.0
2022-02-22,HMM fixed allocations,0.0
2022-02-23,HMM fixed allocations,0.0
2022-02-24,HMM fixed allocations,0.0
2022-02-25,HMM fixed allocations,0.0
2022-02-28,HMM fixed allocations,0.0
2022-03-02,HMM fixed allocations,0.0
2022-03-03,HMM fixed allocations,0.0
2022-03-04,HMM fixed allocations,0.0
2022-03-07,HMM fixed allocations,0.0
2022-03-08,HMM fixed allocations,0.25040445975713554
2022-03-09,HMM fixed allocations,0.0
2022-03-10,HMM fixed allocations,0.0
2022-03-11,HMM fixed allocations,0.0
2022-03-14,HMM fixed allocations,0.0
2022-03-15,HMM fixed allocations,0.0
2022-03-16,HMM fixed allocations,0.0
2022-03-17,HMM fixed allocations,0.0
2022-03-21,HMM fixed allocations,0.0
2022-03-22,HMM fixed allocations,0.0
2022-03-23,HMM fixed allocations,0.0
2022-03-24,HMM fixed allocations,0.0
2022-03-25,HMM fixed allocations,0.0
2022-03-28,HMM fixed allocations,0.0
2022-03-29,HMM fixed allocations,0.0
2022-03-30,HMM fixed allocations,0.0
2022-03-31,HMM fixed allocations,0.0
2022-04-01,HMM fixed allocations,0.0
2022-04-04,HMM fixed allocations,0.0
2022-04-05,HMM fixed allocations,0.0
2022-04-06,HMM fixed allocations,0.0
2022-04-07,HMM fixed allocations,0.00981192255754218
2022-04-08,HMM fixed allocations,0.0
2022-04-11,HMM fixed allocations,0.0
2022-04-12,HMM fixed allocations,0.0
2022-04-13,HMM fixed allocations,0.0
2022-04-18,HMM fixed allocations,0.0
2022-04-19,HMM fixed allocations,0.0
2022-04-20,HMM fixed allocations,0.0
2022-04-21,HMM fixed allocations,0.0
2022-04-22,HMM fixed allocations,0.0
2022-04-25,HMM fixed allocations,0.0
2022-04-26,HMM fixed allocations,0.0
2022-04-27,HMM fixed allocations,0.0
2022-04-28,HMM fixed allocations,0.0
2022-04-29,HMM fixed allocations,0.0
2022-05-02,HMM fixed allocations,0.0
2022-05-04,HMM fixed allocations,0.0
2022-05-05,HMM fixed allocations,0.0
2022-05-06,HMM fixed allocations,0.0
2022-05-09,HMM fixed allocations,0.0
2022-05-10,HMM fixed allocations,0.0
2022-05-11,HMM fixed allocations,0.007956552274566715
2022-05-12,HMM fixed allocations,0.0
2022-05-13,HMM fixed allocations,0.0
2022-05-16,HMM fixed allocations,0.0
2022-05-17,HMM fixed allocations,0.0
2022-05-18,HMM fixed allocations,0.0
2022-05-19,HMM fixed allocations,0.0
2022-05-20,HMM fixed allocations,0.0
2022-05-23,HMM fixed allocations,0.0
2022-05-24,HMM fixed allocations,0.0
2022-05-25,HMM fixed allocations,0.0
2022-05-26,HMM fixed allocations,0.0
2022-05-27,HMM fixed allocations,0.0
2022-05-30,HMM fixed allocations,0.0
2022-05-31,HMM fixed allocations,0.0
2022-06-01,HMM fixed allocations,0.0
2022-06-02,HMM fixed allocations,0.0
2022-06-03,HMM fixed allocations,0.0
2022-06-06,HMM fixed allocations,0.0
2022-06-07,HMM fixed allocations,0.0
2022-06-08,HMM fixed allocations,0.0
2022-06-09,HMM fixed allocations,0.0016342412359940175
2022-06-10,HMM fixed allocations,0.0
2022-06-13,HMM fixed allocations,0.0
2022-06-14,HMM fixed allocations,0.0
2022-06-15,HMM fixed allocations,0.0
2022-06-16,HMM fixed allocations,0.0
2022-06-17,HMM fixed allocations,0.0
2022-06-20,HMM fixed allocations,0.0
2022-06-21,HMM fixed allocations,0.0
2022-06-22,HMM fixed allocations,0.0
2022-06-23,HMM fixed allocations,0.0
2022-06-24,HMM fixed allocations,0.0
2022-06-27,HMM fixed allocations,0.0
2022-06-28,HMM fixed allocations,0.0
2022-06-29,HMM fixed allocations,0.0
2022-06-30,HMM fixed allocations,0.0
2022-07-01,HMM fixed allocations,0.0
2022-07-04,HMM fixed allocations,0.0
2022-07-05,HMM fixed allocations,0.0
2022-07-06,HMM fixed allocations,0.0
2022-07-07,HMM fixed allocations,0.0
2022-07-08,HMM fixed allocations,0.25315305011178035
2022-07-11,HMM fixed allocations,0.0
2022-07-12,HMM fixed allocations,0.0
2022-07-13,HMM fixed allocations,0.0
2022-07-14,HMM fixed allocations,0.0
2022-07-15,HMM fixed allocations,0.0
2022-07-18,HMM fixed allocations,0.0
2022-07-19,HMM fixed allocations,0.0
2022-07-20,HMM fixed allocations,0.0
2022-07-21,HMM fixed allocations,0.0
2022-07-22,HMM fixed allocations,0.0
2022-07-25,HMM fixed allocations,0.0
2022-07-26,HMM fixed allocations,0.0
2022-07-27,HMM fixed allocations,0.0
2022-07-28,HMM fixed allocations,0.0
2022-07-29,HMM fixed allocations,0.0
2022-08-01,HMM fixed allocations,0.0
2022-08-02,HMM fixed allocations,0.0
2022-08-03,HMM fixed allocations,0.0
2022-08-04,HMM fixed allocations,0.0
2022-08-05,HMM fixed allocations,0.0
2022-08-08,HMM fixed allocations,0.2851867825684879
2022-08-10,HMM fixed allocations,0.0
2022-08-11,HMM fixed allocations,0.0
2022-08-12,HMM fixed allocations,0.0
2022-08-16,HMM fixed allocations,0.0
2022-08-17,HMM fixed allocations,0.0
2022-08-18,HMM fixed allocations,0.0
2022-08-19,HMM fixed allocations,0.0
2022-08-22,HMM fixed allocations,0.0
2022-08-23,HMM fixed allocations,0.0
2022-08-24,HMM fixed allocations,0.0
2022-08-25,HMM fixed allocations,0.0
2022-08-26,HMM fixed allocations,0.0
2022-08-29,HMM fixed allocations,0.0
2022-08-30,HMM fixed allocations,0.0
2022-09-01,HMM fixed allocations,0.0
2022-09-02,HMM fixed allocations,0.0
2022-09-05,HMM fixed allocations,0.0
2022-09-06,HMM fixed allocations,0.0
2022-09-07,HMM fixed allocations,0.0
2022-09-08,HMM fixed allocations,0.0
2022-09-09,HMM fixed allocations,0.006381624110596257
2022-09-12,HMM fixed allocations,0.0
2022-09-13,HMM fixed allocations,0.0
2022-09-14,HMM fixed allocations,0.0
2022-09-15,HMM fixed allocations,0.0
2022-09-16,HMM fixed allocations,0.0
2022-09-19,HMM fixed allocations,0.0
2022-09-20,HMM fixed allocations,0.0
2022-09-21,HMM fixed allocations,0.0
2022-09-22,HMM fixed allocations,0.0
2022-09-23,HMM fixed allocations,0.0
2022-09-26,HMM fixed allocations,0.0
2022-09-27,HMM fixed allocations,0.0
2022-09-28,HMM fixed allocations,0.0
2022-09-29,HMM fixed allocations,0.0
2022-09-30,HMM fixed allocations,0.0
2022-10-03,HMM fixed allocations,0.0
2022-10-04,HMM fixed allocations,0.0
2022-10-06,HMM fixed allocations,0.0
2022-10-07,HMM fixed allocations,0.0
2022-10-10,HMM fixed allocations,0.0
2022-10-11,HMM fixed allocations,0.010818115653075
2022-10-12,HMM fixed allocations,0.0
2022-10-13,HMM fixed allocations,0.0
2022-10-14,HMM fixed allocations,0.0
2022-10-17,HMM fixed allocations,0.0
2022-10-18,HMM fixed allocations,0.0
2022-10-19,HMM fixed allocations,0.0
2022-10-20,HMM fixed allocations,0.0
2022-10-21,HMM fixed allocations,0.0
2022-10-24,HMM fixed allocations,0.0
2022-10-25,HMM fixed allocations,0.0
2022-10-27,HMM fixed allocations,0.0
2022-10-28,HMM fixed allocations,0.0
2022-10-31,HMM fixed allocations,0.0
2022-11-01,HMM fixed allocations,0.0
2022-11-02,HMM fixed allocations,0.0
2022-11-03,HMM fixed allocations,0.0
2022-11-04,HMM fixed allocations,0.0
2022-11-07,HMM fixed allocations,0.0
2022-11-09,HMM fixed allocations,0.0
2022-11-10,HMM fixed allocations,0.0
2022-11-11,HMM fixed allocations,0.013071338992186224
2022-11-14,HMM fixed allocations,0.0
2022-11-15,HMM fixed allocations,0.0
2022-11-16,HMM fixed allocations,0.0
2022-11-17,HMM fixed allocations,0.0
2022-11-18,HMM fixed allocations,0.0
2022-11-21,HMM fixed allocations,0.0
2022-11-22,HMM fixed allocations,0.0
2022-11-23,HMM fixed allocations,0.0
2022-11-24,HMM fixed allocations,0.0
2022-11-25,HMM fixed allocations,0.0
2022-11-28,HMM fixed allocations,0.0
2022-11-29,HMM fixed allocations,0.0
2022-11-30,HMM fixed allocations,0.0
2022-12-01,HMM fixed allocations,0.0
2022-12-02,HMM fixed allocations,0.0
2022-12-05,HMM fixed allocations,0.0
2022-12-06,HMM fixed allocations,0.0
2022-12-07,HMM fixed allocations,0.0
2022-12-08,HMM fixed allocations,0.0
2022-12-09,HMM fixed allocations,0.0
2022-12-12,HMM fixed allocations,0.003901309591622021
2022-12-13,HMM fixed allocations,0.0
2022-12-14,HMM fixed allocations,0.0
2022-12-15,HMM fixed allocations,0.0
2022-12-16,HMM fixed allocations,0.0
2022-12-19,HMM fixed allocations,0.0
2022-12-20,HMM fixed allocations,0.0
2022-12-21,HMM fixed allocations,0.0
2022-12-22,HMM fixed allocations,0.0
2022-12-23,HMM fixed allocations,0.0
2022-12-26,HMM fixed allocations,0.0
2022-12-27,HMM fixed allocations,0.0
2022-12-28,HMM fixed allocations,0.0
2022-12-29,HMM fixed allocations,0.0
2022-12-30,HMM fixed allocations,0.0
2023-01-02,HMM fixed allocations,0.0
2023-01-03,HMM fixed allocations,0.0
2023-01-04,HMM fixed allocations,0.0
2023-01-05,HMM fixed allocations,0.0
2023-01-06,HMM fixed allocations,0.0
2023-01-09,HMM fixed allocations,0.0
2023-01-10,HMM fixed allocations,0.012742587016663573
2023-01-11,HMM fixed allocations,0.0
2023-01-12,HMM fixed allocations,0.0
2023-01-13,HMM fixed allocations,0.0
2023-01-16,HMM fixed allocations,0.0
2023-01-17,HMM fixed allocations,0.0
2023-01-18,HMM fixed allocations,0.0
2023-01-19,HMM fixed allocations,0.0
2023-01-20,HMM fixed allocations,0.0
2023-01-23,HMM fixed allocations,0.0
2023-01-24,HMM fixed allocations,0.0
2023-01-25,HMM fixed allocations,0.0
2023-01-27,HMM fixed allocations,0.0
2023-01-30,HMM fixed allocations,0.0
2023-01-31,HMM fixed allocations,0.0
2023-02-01,HMM fixed allocations,0.0
2023-02-02,HMM fixed allocations,0.0
2023-02-03,HMM fixed allocations,0.0
2023-02-06,HMM fixed allocations,0.0
2023-02-07,HMM fixed allocations,0.0
2023-02-08,HMM fixed allocations,0.0
2023-02-09,HMM fixed allocations,0.5462248766335884
2023-02-10,HMM fixed allocations,0.0
2023-02-13,HMM fixed allocations,0.0
2023-02-14,HMM fixed allocations,0.0
2023-02-15,HMM fixed allocations,0.0
2023-02-16,HMM fixed allocations,0.0
2023-02-17,HMM fixed allocations,0.0
2023-02-20,HMM fixed allocations,0.0
2023-02-21,HMM fixed allocations,0.0
2023-02-22,HMM fixed allocations,0.0
2023-02-23,HMM fixed allocations,0.0
2023-02-24,HMM fixed allocations,0.0
2023-02-27,HMM fixed allocations,0.0
2023-02-28,HMM fixed allocations,0.0
2023-03-01,HMM fixed allocations,0.0
2023-03-02,HMM fixed allocations,0.0
2023-03-03,HMM fixed allocations,0.0
2023-03-06,HMM fixed allocations,0.0
2023-03-08,HMM fixed allocations,0.0
2023-03-09,HMM fixed allocations,0.0
2023-03-10,HMM fixed allocations,0.0
2023-03-13,HMM fixed allocations,0.25460277603863785
2023-03-14,HMM fixed allocations,0.0
2023-03-15,HMM fixed allocations,0.0
2023-03-16,HMM fixed allocations,0.0
2023-03-17,HMM fixed allocations,0.0
2023-03-20,HMM fixed allocations,0.0
2023-03-21,HMM fixed allocations,0.0
2023-03-22,HMM fixed allocations,0.0
2023-03-23,HMM fixed allocations,0.0
2023-03-24,HMM fixed allocations,0.0
2023-03-27,HMM fixed allocations,0.0
2023-03-28,HMM fixed allocations,0.0
2023-03-29,HMM fixed allocations,0.0
2023-03-31,HMM fixed allocations,0.0
2023-04-03,HMM fixed allocations,0.0
2023-04-05,HMM fixed allocations,0.0
2023-04-06,HMM fixed allocations,0.0
2023-04-10,HMM fixed allocations,0.0
2023-04-11,HMM fixed allocations,0.0
2023-04-12,HMM fixed allocations,0.0
2023-04-13,HMM fixed allocations,0.0
2023-04-17,HMM fixed allocations,0.25878782141911477
2023-04-18,HMM fixed allocations,0.0
2023-04-19,HMM fixed allocations,0.0
2023-04-20,HMM fixed allocations,0.0
2023-04-21,HMM fixed allocations,0.0
2023-04-24,HMM fixed allocations,0.0
2023-04-25,HMM fixed allocations,0.0
2023-04-26,HMM fixed allocations,0.0
2023-04-27,HMM fixed allocations,0.0
2023-04-28,HMM fixed allocations,0.0
2023-05-02,HMM fixed allocations,0.0
2023-05-03,HMM fixed allocations,0.0
2023-05-04,HMM fixed allocations,0.0
2023-05-05,HMM fixed allocations,0.0
2023-05-08,HMM fixed allocations,0.0
2023-05-09,HMM fixed allocations,0.0
2023-05-10,HMM fixed allocations,0.0
2023-05-11,HMM fixed allocations,0.0
2023-05-12,HMM fixed allocations,0.0
2023-05-15,HMM fixed allocations,0.0
2023-05-16,HMM fixed allocations,0.0
2023-05-17,HMM fixed allocations,0.24975176769506435
2023-05-18,HMM fixed allocations,0.0
2023-05-19,HMM fixed allocations,0.0
2023-05-22,HMM fixed allocations,0.0
2023-05-23,HMM fixed allocations,0.0
2023-05-24,HMM fixed allocations,0.0
2023-05-25,HMM fixed allocations,0.0
2023-05-26,HMM fixed allocations,0.0
2023-05-29,HMM fixed allocations,0.0
2023-05-30,HMM fixed allocations,0.0
2023-05-31,HMM fixed allocations,0.0
2023-06-01,HMM fixed allocations,0.0
2023-06-02,HMM fixed allocations,0.0
2023-06-05,HMM fixed allocations,0.0
2023-06-06,HMM fixed allocations,0.0
2023-06-07,HMM fixed allocations,0.0
2023-06-08,HMM fixed allocations,0.0
2023-06-09,HMM fixed allocations,0.0
2023-06-12,HMM fixed allocations,0.0
2023-06-13,HMM fixed allocations,0.0
2023-06-14,HMM fixed allocations,0.0
2023-06-15,HMM fixed allocations,0.009392567302831167
2023-06-16,HMM fixed allocations,0.0
2023-06-19,HMM fixed allocations,0.0
2023-06-20,HMM fixed allocations,0.0
2023-06-21,HMM fixed allocations,0.0
2023-06-22,HMM fixed allocations,0.0
2023-06-23,HMM fixed allocations,0.0
2023-06-26,HMM fixed allocations,0.0
2023-06-27,HMM fixed allocations,0.0
2023-06-28,HMM fixed allocations,0.0
2023-06-30,HMM fixed allocations,0.0
2023-07-03,HMM fixed allocations,0.0
2023-07-04,HMM fixed allocations,0.0
2023-07-05,HMM fixed allocations,0.0
2023-07-06,HMM fixed allocations,0.0
2023-07-07,HMM fixed allocations,0.0
2023-07-10,HMM fixed allocations,0.0
2023-07-11,HMM fixed allocations,0.0
2023-07-12,HMM fixed allocations,0.0
2023-07-13,HMM fixed allocations,0.0
2023-07-14,HMM fixed allocations,0.0
2023-07-17,HMM fixed allocations,0.2890682233026524
2023-07-18,HMM fixed allocations,0.0
2023-07-19,HMM fixed allocations,0.0
2023-07-20,HMM fixed allocations,0.0
2023-07-21,HMM fixed allocations,0.0
2023-07-24,HMM fixed allocations,0.0
2023-07-25,HMM fixed allocations,0.0
2023-07-26,HMM fixed allocations,0.0
2023-07-27,HMM fixed allocations,0.0
2023-07-28,HMM fixed allocations,0.0
2023-07-31,HMM fixed allocations,0.0
2023-08-01,HMM fixed allocations,0.0
2023-08-02,HMM fixed allocations,0.0
2023-08-03,HMM fixed allocations,0.0
2023-08-04,HMM fixed allocations,0.0
2023-08-07,HMM fixed allocations,0.0
2023-08-08,HMM fixed allocations,0.0
2023-08-09,HMM fixed allocations,0.0
2023-08-10,HMM fixed allocations,0.0
2023-08-11,HMM fixed allocations,0.0
2023-08-14,HMM fixed allocations,0.0
2023-08-16,HMM fixed allocations,0.29766831821807016
2023-08-17,HMM fixed allocations,0.0
2023-08-18,HMM fixed allocations,0.0
2023-08-21,HMM fixed allocations,0.0
2023-08-22,HMM fixed allocations,0.0
2023-08-23,HMM fixed allocations,0.0
2023-08-24,HMM fixed allocations,0.0
2023-08-25,HMM fixed allocations,0.0
2023-08-28,HMM fixed allocations,0.0
2023-08-29,HMM fixed allocations,0.0
2023-08-30,HMM fixed allocations,0.0
2023-08-31,HMM fixed allocations,0.0
2023-09-01,HMM fixed allocations,0.0
2023-09-04,HMM fixed allocations,0.0
2023-09-05,HMM fixed allocations,0.0
2023-09-06,HMM fixed allocations,0.0
2023-09-07,HMM fixed allocations,0.0
2023-09-08,HMM fixed allocations,0.0
2023-09-11,HMM fixed allocations,0.0
2023-09-12,HMM fixed allocations,0.0
2023-09-13,HMM fixed allocations,0.0
2023-09-14,HMM fixed allocations,0.007323401017383685
2023-09-15,HMM fixed allocations,0.0
2023-09-18,HMM fixed allocations,0.0
2023-09-20,HMM fixed allocations,0.0
2023-09-21,HMM fixed allocations,0.0
2023-09-22,HMM fixed allocations,0.0
2023-09-25,HMM fixed allocations,0.0
2023-09-26,HMM fixed allocations,0.0
2023-09-27,HMM fixed allocations,0.0
2023-09-28,HMM fixed allocations,0.0
2023-09-29,HMM fixed allocations,0.0
2023-10-03,HMM fixed allocations,0.0
2023-10-04,HMM fixed allocations,0.0
2023-10-05,HMM fixed allocations,0.0
2023-10-06,HMM fixed allocations,0.0
2023-10-09,HMM fixed allocations,0.0
2023-10-10,HMM fixed allocations,0.0
2023-10-11,HMM fixed allocations,0.0
2023-10-12,HMM fixed allocations,0.0
2023-10-13,HMM fixed allocations,0.0
2023-10-16,HMM fixed allocations,0.0
2023-10-17,HMM fixed allocations,0.24811256471609466
2023-10-18,HMM fixed allocations,0.0
2023-10-19,HMM fixed allocations,0.0
2023-10-20,HMM fixed allocations,0.0
2023-10-23,HMM fixed allocations,0.0
2023-10-25,HMM fixed allocations,0.0
2023-10-26,HMM fixed allocations,0.0
2023-10-27,HMM fixed allocations,0.0
2023-10-30,HMM fixed allocations,0.0
2023-10-31,HMM fixed allocations,0.0
2023-11-01,HMM fixed allocations,0.0
2023-11-02,HMM fixed allocations,0.0
2023-11-03,HMM fixed allocations,0.0
2023-11-06,HMM fixed allocations,0.0
2023-11-07,HMM fixed allocations,0.0
2023-11-08,HMM fixed allocations,0.0
2023-11-09,HMM fixed allocations,0.0
2023-11-10,HMM fixed allocations,0.0
2023-11-13,HMM fixed allocations,0.0
2023-11-15,HMM fixed allocations,0.0
2023-11-16,HMM fixed allocations,0.0
2023-11-17,HMM fixed allocations,0.005714534222364176
2023-11-20,HMM fixed allocations,0.0
2023-11-21,HMM fixed allocations,0.0
2023-11-22,HMM fixed allocations,0.0
2023-11-23,HMM fixed allocations,0.0
2023-11-24,HMM fixed allocations,0.0
2023-11-28,HMM fixed allocations,0.0
2023-11-29,HMM fixed allocations,0.0
2023-11-30,HMM fixed allocations,0.0
2023-12-01,HMM fixed allocations,0.0
2023-12-04,HMM fixed allocations,0.0
2023-12-05,HMM fixed allocations,0.0
2023-12-06,HMM fixed allocations,0.0
2023-12-07,HMM fixed allocations,0.0
2023-12-08,HMM fixed allocations,0.0
2023-12-11,HMM fixed allocations,0.0
2023-12-12,HMM fixed allocations,0.0
2023-12-13,HMM fixed allocations,0.0
2023-12-14,HMM fixed allocations,0.0
2023-12-15,HMM fixed allocations,0.0
2023-12-18,HMM fixed allocations,0.0
2023-12-19,HMM fixed allocations,0.5429105310847328
2023-12-20,HMM fixed allocations,0.0
2023-12-21,HMM fixed allocations,0.0
2023-12-22,HMM fixed allocations,0.0
2023-12-26,HMM fixed allocations,0.0
2023-12-27,HMM fixed allocations,0.0
2023-12-28,HMM fixed allocations,0.0
2023-12-29,HMM fixed allocations,0.0
2024-01-01,HMM fixed allocations,0.0
2024-01-02,HMM fixed allocations,0.0
2024-01-03,HMM fixed allocations,0.0
2024-01-04,HMM fixed allocations,0.0
2024-01-05,HMM fixed allocations,0.0
2024-01-08,HMM fixed allocations,0.0
2024-01-09,HMM fixed allocations,0.0
2024-01-10,HMM fixed allocations,0.0
2024-01-11,HMM fixed allocations,0.0
2024-01-12,HMM fixed allocations,0.0
2024-01-15,HMM fixed allocations,0.0
2024-01-16,HMM fixed allocations,0.0
2024-01-17,HMM fixed allocations,0.0
2024-01-18,HMM fixed allocations,0.0004815673229669748
2024-01-19,HMM fixed allocations,0.0
2024-01-23,HMM fixed allocations,0.0
2024-01-24,HMM fixed allocations,0.0
2024-01-25,HMM fixed allocations,0.0
2024-01-29,HMM fixed allocations,0.0
2024-01-30,HMM fixed allocations,0.0
2024-01-31,HMM fixed allocations,0.0
2024-02-01,HMM fixed allocations,0.0
2024-02-02,HMM fixed allocations,0.0
2024-02-05,HMM fixed allocations,0.0
2024-02-06,HMM fixed allocations,0.0
2024-02-07,HMM fixed allocations,0.0
2024-02-08,HMM fixed allocations,0.0
2024-02-09,HMM fixed allocations,0.0
2024-02-12,HMM fixed allocations,0.0
2024-02-13,HMM fixed allocations,0.0
2024-02-14,HMM fixed allocations,0.0
2024-02-15,HMM fixed allocations,0.0
2024-02-16,HMM fixed allocations,0.0
2024-02-19,HMM fixed allocations,0.0
2024-02-20,HMM fixed allocations,0.007027894024541764
2024-02-21,HMM fixed allocations,0.0
2024-02-22,HMM fixed allocations,0.0
2024-02-23,HMM fixed allocations,0.0
2024-02-26,HMM fixed allocations,0.0
2024-02-27,HMM fixed allocations,0.0
2024-02-28,HMM fixed allocations,0.0
2024-02-29,HMM fixed allocations,0.0
2024-03-01,HMM fixed allocations,0.0
2024-03-04,HMM fixed allocations,0.0
2024-03-05,HMM fixed allocations,0.0
2024-03-06,HMM fixed allocations,0.0
2024-03-07,HMM fixed allocations,0.0
2024-03-11,HMM fixed allocations,0.0
2024-03-12,HMM fixed allocations,0.0
2024-03-13,HMM fixed allocations,0.0
2024-03-14,HMM fixed allocations,0.0
2024-03-15,HMM fixed allocations,0.0
2024-03-18,HMM fixed allocations,0.0
2024-03-19,HMM fixed allocations,0.0
2024-03-20,HMM fixed allocations,0.0
2024-03-21,HMM fixed allocations,0.013429401978572647
2024-03-22,HMM fixed allocations,0.0
2024-03-26,HMM fixed allocations,0.0
2024-03-27,HMM fixed allocations,0.0
2024-03-28,HMM fixed allocations,0.0
2024-04-01,HMM fixed allocations,0.0
2024-04-02,HMM fixed allocations,0.0
2024-04-03,HMM fixed allocations,0.0
2024-04-04,HMM fixed allocations,0.0
2024-04-05,HMM fixed allocations,0.0
2024-04-08,HMM fixed allocations,0.0
2024-04-09,HMM fixed allocations,0.0
2024-04-10,HMM fixed allocations,0.0
2024-04-12,HMM fixed allocations,0.0
2024-04-15,HMM fixed allocations,0.0
2024-04-16,HMM fixed allocations,0.0
2024-04-18,HMM fixed allocations,0.0
2024-04-19,HMM fixed allocations,0.0
2024-04-22,HMM fixed allocations,0.0
2024-04-23,HMM fixed allocations,0.0
2024-04-24,HMM fixed allocations,0.0
2024-04-25,HMM fixed allocations,0.29598268705385805
2024-04-26,HMM fixed allocations,0.0
2024-04-29,HMM fixed allocations,0.0
2024-04-30,HMM fixed allocations,0.0
2024-05-02,HMM fixed allocations,0.0
2024-05-03,HMM fixed allocations,0.0
2024-05-06,HMM fixed allocations,0.0
2024-05-07,HMM fixed allocations,0.0
2024-05-08,HMM fixed allocations,0.0
2024-05-09,HMM fixed allocations,0.0
2024-05-10,HMM fixed allocations,0.0
2024-05-13,HMM fixed allocations,0.0
2024-05-14,HMM fixed allocations,0.0
2024-05-15,HMM fixed allocations,0.0
2024-05-16,HMM fixed allocations,0.0
2024-05-17,HMM fixed allocations,0.0
2024-05-21,HMM fixed allocations,0.0
2024-05-22,HMM fixed allocations,0.0
2024-05-23,HMM fixed allocations,0.0
2024-05-24,HMM fixed allocations,0.0
2024-05-27,HMM fixed allocations,0.0
2024-05-28,HMM fixed allocations,0.25226357176530834
2024-05-29,HMM fixed allocations,0.0
2024-05-30,HMM fixed allocations,0.0
2024-05-31,HMM fixed allocations,0.0
2024-06-03,HMM fixed allocations,0.0
2024-06-04,HMM fixed allocations,0.0
2024-06-05,HMM fixed allocations,0.0
2024-06-06,HMM fixed allocations,0.0
2024-06-07,HMM fixed allocations,0.0
2024-06-10,HMM fixed allocations,0.0
2024-06-11,HMM fixed allocations,0.0
2024-06-12,HMM fixed allocations,0.0
2024-06-13,HMM fixed allocations,0.0
2024-06-14,HMM fixed allocations,0.0
2024-06-18,HMM fixed allocations,0.0
2024-06-19,HMM fixed allocations,0.0
2024-06-20,HMM fixed allocations,0.0
2024-06-21,HMM fixed allocations,0.0
2024-06-24,HMM fixed allocations,0.0
2024-06-25,HMM fixed allocations,0.0
2024-06-26,HMM fixed allocations,0.0
2024-06-27,HMM fixed allocations,0.004883943990201332
2024-06-28,HMM fixed allocations,0.0
2024-07-01,HMM fixed allocations,0.0
2024-07-02,HMM fixed allocations,0.0
2024-07-03,HMM fixed allocations,0.0
2024-07-04,HMM fixed allocations,0.0
2024-07-05,HMM fixed allocations,0.0
2024-07-08,HMM fixed allocations,0.0
2024-07-09,HMM fixed allocations,0.0
2024-07-10,HMM fixed allocations,0.0
2024-07-11,HMM fixed allocations,0.0
2024-07-12,HMM fixed allocations,0.0
2024-07-15,HMM fixed allocations,0.0
2024-07-16,HMM fixed allocations,0.0
2024-07-18,HMM fixed allocations,0.0
2024-07-19,HMM fixed allocations,0.0
2024-07-22,HMM fixed allocations,0.0
2024-07-23,HMM fixed allocations,0.0
2024-07-24,HMM fixed allocations,0.0
2024-07-25,HMM fixed allocations,0.0
2024-07-26,HMM fixed allocations,0.0
2024-07-29,HMM fixed allocations,0.5464746333697243
2024-07-30,HMM fixed allocations,0.0
2024-07-31,HMM fixed allocations,0.0
2024-08-01,HMM fixed allocations,0.0
2024-08-02,HMM fixed allocations,0.0
2024-08-05,HMM fixed allocations,0.0
2024-08-06,HMM fixed allocations,0.0
2024-08-07,HMM fixed allocations,0.0
2024-08-08,HMM fixed allocations,0.0
2024-08-09,HMM fixed allocations,0.0
2024-08-12,HMM fixed allocations,0.0
2024-08-13,HMM fixed allocations,0.0
2024-08-14,HMM fixed allocations,0.0
2024-08-16,HMM fixed allocations,0.0
2024-08-19,HMM fixed allocations,0.0
2024-08-20,HMM fixed allocations,0.0
2024-08-21,HMM fixed allocations,0.0
2024-08-22,HMM fixed allocations,0.0
2024-08-23,HMM fixed allocations,0.0
2024-08-26,HMM fixed allocations,0.0
2024-08-27,HMM fixed allocations,0.0
2024-08-28,HMM fixed allocations,0.0035385998538704083
2024-08-29,HMM fixed allocations,0.0
2024-08-30,HMM fixed allocations,0.0
2024-09-02,HMM fixed allocations,0.0
2024-09-03,HMM fixed allocations,0.0
2024-09-04,HMM fixed allocations,0.0
2024-09-05,HMM fixed allocations,0.0
2024-09-06,HMM fixed allocations,0.0
2024-09-09,HMM fixed allocations,0.0
2024-09-10,HMM fixed allocations,0.0
2024-09-11,HMM fixed allocations,0.0
2024-09-12,HMM fixed allocations,0.0
2024-09-13,HMM fixed allocations,0.0
2024-09-16,HMM fixed allocations,0.0
2024-09-17,HMM fixed allocations,0.0
2024-09-18,HMM fixed allocations,0.0
2024-09-19,HMM fixed allocations,0.0
2024-09-20,HMM fixed allocations,0.0
2024-09-23,HMM fixed allocations,0.0
2024-09-24,HMM fixed allocations,0.0
2024-09-25,HMM fixed allocations,0.0
2024-09-26,HMM fixed allocations,0.005482621366680485
2024-09-27,HMM fixed allocations,0.0
2024-09-30,HMM fixed allocations,0.0
2024-10-01,HMM fixed allocations,0.0
2024-10-03,HMM fixed allocations,0.0
2024-10-04,HMM fixed allocations,0.0
2024-10-07,HMM fixed allocations,0.0
2024-10-08,HMM fixed allocations,0.0
2024-10-09,HMM fixed allocations,0.0
2024-10-10,HMM fixed allocations,0.0
2024-10-11,HMM fixed allocations,0.0
2024-10-14,HMM fixed allocations,0.0
2024-10-15,HMM fixed allocations,0.0
2024-10-16,HMM fixed allocations,0.0
2024-10-17,HMM fixed allocations,0.0
2024-10-18,HMM fixed allocations,0.0
2024-10-21,HMM fixed allocations,0.0
2024-10-22,HMM fixed allocations,0.0
2024-10-23,HMM fixed allocations,0.0
2024-10-24,HMM fixed allocations,0.0
2024-10-25,HMM fixed allocations,0.0
2024-10-28,HMM fixed allocations,0.2784033828797964
2024-10-29,HMM fixed allocations,0.0
2024-10-30,HMM fixed allocations,0.0
2024-10-31,HMM fixed allocations,0.0
2024-11-01,HMM fixed allocations,0.0
2024-11-04,HMM fixed allocations,0.0
2024-11-05,HMM fixed allocations,0.0
2024-11-06,HMM fixed allocations,0.0
2024-11-07,HMM fixed allocations,0.0
2024-11-08,HMM fixed allocations,0.0
2024-11-11,HMM fixed allocations,0.0
2024-11-12,HMM fixed allocations,0.0
2024-11-13,HMM fixed allocations,0.0
2024-11-14,HMM fixed allocations,0.0
2024-11-18,HMM fixed allocations,0.0
2024-11-19,HMM fixed allocations,0.0
2024-11-21,HMM fixed allocations,0.0
2024-11-22,HMM fixed allocations,0.0
2024-11-25,HMM fixed allocations,0.0
2024-11-26,HMM fixed allocations,0.0
2024-11-27,HMM fixed allocations,0.0
2024-11-28,HMM fixed allocations,0.00587416875552102
2024-11-29,HMM fixed allocations,0.0
2024-12-02,HMM fixed allocations,0.0
2024-12-03,HMM fixed allocations,0.0
2024-12-04,HMM fixed allocations,0.0
2024-12-05,HMM fixed allocations,0.0
2024-12-06,HMM fixed allocations,0.0
2024-12-09,HMM fixed allocations,0.0
2024-12-10,HMM fixed allocations,0.0
2024-12-11,HMM fixed allocations,0.0
2024-12-12,HMM fixed allocations,0.0
2024-12-13,HMM fixed allocations,0.0
2024-12-16,HMM fixed allocations,0.0
2024-12-17,HMM fixed allocations,0.0
2024-12-18,HMM fixed allocations,0.0
2024-12-19,HMM fixed allocations,0.0
2024-12-20,HMM fixed allocations,0.0
2024-12-23,HMM fixed allocations,0.0
2024-12-24,HMM fixed allocations,0.0
2024-12-26,HMM fixed allocations,0.0
2024-12-27,HMM fixed allocations,0.0
2024-12-30,HMM fixed allocations,0.0029292599793028506
2024-12-31,HMM fixed allocations,0.0
2025-01-01,HMM fixed allocations,0.0
2025-01-02,HMM fixed allocations,0.0
2025-01-03,HMM fixed allocations,0.0
2025-01-06,HMM fixed allocations,0.0
2025-01-07,HMM fixed allocations,0.0
2025-01-08,HMM fixed allocations,0.0
2025-01-09,HMM fixed allocations,0.0
2025-01-10,HMM fixed allocations,0.0
2025-01-13,HMM fixed allocations,0.0
2025-01-14,HMM fixed allocations,0.0
2025-01-15,HMM fixed allocations,0.0
2025-01-16,HMM fixed allocations,0.0
2025-01-17,HMM fixed allocations,0.0
2025-01-20,HMM fixed allocations,0.0
2025-01-21,HMM fixed allocations,0.0
2025-01-22,HMM fixed allocations,0.0
2025-01-23,HMM fixed allocations,0.0
2025-01-24,HMM fixed allocations,0.0
2025-01-27,HMM fixed allocations,0.0
2025-01-28,HMM fixed allocations,0.014261850951944294
2025-01-29,HMM fixed allocations,0.0
2025-01-30,HMM fixed allocations,0.0
2025-01-31,HMM fixed allocations,0.0
2025-02-01,HMM fixed allocations,0.0
2025-02-03,HMM fixed allocations,0.0
2025-02-04,HMM fixed allocations,0.0
2025-02-05,HMM fixed allocations,0.0
2025-02-06,HMM fixed allocations,0.0
2025-02-07,HMM fixed allocations,0.0
2025-02-10,HMM fixed allocations,0.0
2025-02-11,HMM fixed allocations,0.0
2025-02-12,HMM fixed allocations,0.0
2025-02-13,HMM fixed allocations,0.0
2025-02-14,HMM fixed allocations,0.0
2025-02-17,HMM fixed allocations,0.0
2025-02-18,HMM fixed allocations,0.0
2025-02-19,HMM fixed allocations,0.0
2025-02-20,HMM fixed allocations,0.0
2025-02-21,HMM fixed allocations,0.0
2025-02-24,HMM fixed allocations,0.0
2025-02-25,HMM fixed allocations,0.017103411211749353
2025-02-27,HMM fixed allocations,0.0
2025-02-28,HMM fixed allocations,0.0
2025-03-03,HMM fixed allocations,0.0
2025-03-04,HMM fixed allocations,0.0
2025-03-05,HMM fixed allocations,0.0
2025-03-06,HMM fixed allocations,0.0
2025-03-07,HMM fixed allocations,0.0
2025-03-10,HMM fixed allocations,0.0
2025-03-11,HMM fixed allocations,0.0
2025-03-12,HMM fixed allocations,0.0
2025-03-13,HMM fixed allocations,0.0
2025-03-17,HMM fixed allocations,0.0
2025-03-18,HMM fixed allocations,0.0
2025-03-19,HMM fixed allocations,0.0
2025-03-20,HMM fixed allocations,0.0
2025-03-21,HMM fixed allocations,0.0
2025-03-24,HMM fixed allocations,0.0
2025-03-25,HMM fixed allocations,0.0
2025-03-26,HMM fixed allocations,0.0
2025-03-27,HMM fixed allocations,0.0
2025-03-28,HMM fixed allocations,0.006657571666291051
2025-04-01,HMM fixed allocations,0.0
2025-04-02,HMM fixed allocations,0.0
2025-04-03,HMM fixed allocations,0.0
2025-04-04,HMM fixed allocations,0.0
2025-04-07,HMM fixed allocations,0.0
2025-04-08,HMM fixed allocations,0.0
2025-04-09,HMM fixed allocations,0.0
2025-04-11,HMM fixed allocations,0.0
2025-04-15,HMM fixed allocations,0.0
2025-04-16,HMM fixed allocations,0.0
2025-04-17,HMM fixed allocations,0.0
2025-04-21,HMM fixed allocations,0.0
2025-04-22,HMM fixed allocations,0.0
2025-04-23,HMM fixed allocations,0.0
2025-04-24,HMM fixed allocations,0.0
2025-04-25,HMM fixed allocations,0.0
2025-04-28,HMM fixed allocations,0.0
2025-04-29,HMM fixed allocations,0.0
2025-04-30,HMM fixed allocations,0.0
2025-05-02,HMM fixed allocations,0.0
2025-05-05,HMM fixed allocations,0.26135162651719823
2025-05-06,HMM fixed allocations,0.0
2025-05-07,HMM fixed allocations,0.0
2025-05-08,HMM fixed allocations,0.0
2025-05-09,HMM fixed allocations,0.0
2025-05-12,HMM fixed allocations,0.0
2025-05-13,HMM fixed allocations,0.0
2025-05-14,HMM fixed allocations,0.0
2025-05-15,HMM fixed allocations,0.0
2025-05-16,HMM fixed allocations,0.0
2025-05-19,HMM fixed allocations,0.0
2025-05-20,HMM fixed allocations,0.0
2025-05-21,HMM fixed allocations,0.0
2025-05-22,HMM fixed allocations,0.0
2025-05-23,HMM fixed allocations,0.0
2025-05-26,HMM fixed allocations,0.0
2025-05-27,HMM fixed allocations,0.0
2025-05-28,HMM fixed allocations,0.0
2025-05-29,HMM fixed allocations,0.0
2025-05-30,HMM fixed allocations,0.0
2025-06-02,HMM fixed allocations,0.0
2025-06-03,HMM fixed allocations,0.0028980040897233147
2025-06-04,HMM fixed allocations,0.0
2025-06-05,HMM fixed allocations,0.0
2025-06-06,HMM fixed allocations,0.0
2025-06-09,HMM fixed allocations,0.0
2025-06-10,HMM fixed allocations,0.0
2025-06-11,HMM fixed allocations,0.0
2025-06-12,HMM fixed allocations,0.0
2025-06-13,HMM fixed allocations,0.0
2025-06-16,HMM fixed allocations,0.0
2025-06-17,HMM fixed allocations,0.0
2025-06-18,HMM fixed allocations,0.0
2025-06-19,HMM fixed allocations,0.0
2025-06-20,HMM fixed allocations,0.0
2025-06-23,HMM fixed allocations,0.0
2025-06-24,HMM fixed allocations,0.0
2025-06-25,HMM fixed allocations,0.0
2025-06-26,HMM fixed allocations,0.0
2025-06-27,HMM fixed allocations,0.0
2025-06-30,HMM fixed allocations,0.0
2025-07-01,HMM fixed allocations,0.0
2025-07-02,HMM fixed allocations,0.546921643185315
2025-07-03,HMM fixed allocations,0.0
2025-07-04,HMM fixed allocations,0.0
2025-07-07,HMM fixed allocations,0.0
2025-07-08,HMM fixed allocations,0.0
2025-07-09,HMM fixed allocations,0.0
2025-07-10,HMM fixed allocations,0.0
2025-07-11,HMM fixed allocations,0.0
2025-07-14,HMM fixed allocations,0.0
2025-07-15,HMM fixed allocations,0.0
2025-07-16,HMM fixed allocations,0.0
2025-07-17,HMM fixed allocations,0.0
2025-07-18,HMM fixed allocations,0.0
2025-07-21,HMM fixed allocations,0.0
2025-07-22,HMM fixed allocations,0.0
2025-07-23,HMM fixed allocations,0.0
2025-07-24,HMM fixed allocations,0.0
2025-07-25,HMM fixed allocations,0.0
2025-07-28,HMM fixed allocations,0.0
2025-07-29,HMM fixed allocations,0.0
2025-07-30,HMM fixed allocations,0.0
2025-07-31,HMM fixed allocations,0.008347206684673134
2025-08-01,HMM fixed allocations,0.0
2025-08-04,HMM fixed allocations,0.0
2025-08-05,HMM fixed allocations,0.0
2025-08-06,HMM fixed allocations,0.0
2025-08-07,HMM fixed allocations,0.0
2025-08-08,HMM fixed allocations,0.0
2025-08-11,HMM fixed allocations,0.0
2025-08-12,HMM fixed allocations,0.0
2025-08-13,HMM fixed allocations,0.0
2025-08-14,HMM fixed allocations,0.0
2025-08-18,HMM fixed allocations,0.0
2025-08-19,HMM fixed allocations,0.0
2025-08-20,HMM fixed allocations,0.0
2025-08-21,HMM fixed allocations,0.0
2025-08-22,HMM fixed allocations,0.0
2025-08-25,HMM fixed allocations,0.0
2025-08-26,HMM fixed allocations,0.0
2025-08-28,HMM fixed allocations,0.0
2025-08-29,HMM fixed allocations,0.0
2025-09-01,HMM fixed allocations,0.0
2025-09-02,HMM fixed allocations,0.009423962269867914
2025-09-03,HMM fixed allocations,0.0
2025-09-04,HMM fixed allocations,0.0
2025-09-05,HMM fixed allocations,0.0
2025-09-08,HMM fixed allocations,0.0
2025-09-09,HMM fixed allocations,0.0
2025-09-10,HMM fixed allocations,0.0
2025-09-11,HMM fixed allocations,0.0
2025-09-12,HMM fixed allocations,0.0
2025-09-15,HMM fixed allocations,0.0
2025-09-16,HMM fixed allocations,0.0
2025-09-17,HMM fixed allocations,0.0
2025-09-18,HMM fixed allocations,0.0
2025-09-19,HMM fixed allocations,0.0
2025-09-22,HMM fixed allocations,0.0
2025-09-23,HMM fixed allocations,0.0
2025-09-24,HMM fixed allocations,0.0
2025-09-25,HMM fixed allocations,0.0
2025-09-26,HMM fixed allocations,0.0
2025-09-29,HMM fixed allocations,0.0
2025-09-30,HMM fixed allocations,0.0
2025-10-01,HMM fixed allocations,0.018308643646335457
2025-10-03,HMM fixed allocations,0.0
2025-10-06,HMM fixed allocations,0.0
2025-10-07,HMM fixed allocations,0.0
2025-10-08,HMM fixed allocations,0.0
2025-10-09,HMM fixed allocations,0.0
2025-10-10,HMM fixed allocations,0.0
2025-10-13,HMM fixed allocations,0.0
2025-10-14,HMM fixed allocations,0.0
2025-10-15,HMM fixed allocations,0.0
2025-10-16,HMM fixed allocations,0.0
2025-10-17,HMM fixed allocations,0.0
2025-10-20,HMM fixed allocations,0.0
2025-10-21,HMM fixed allocations,0.0
2025-10-23,HMM fixed allocations,0.0
2025-10-24,HMM fixed allocations,0.0
2025-10-27,HMM fixed allocations,0.0
2025-10-28,HMM fixed allocations,0.0
2025-10-29,HMM fixed allocations,0.0
2025-10-30,HMM fixed allocations,0.0
2025-10-31,HMM fixed allocations,0.0
2025-11-03,HMM fixed allocations,0.005120727858880708
2025-11-04,HMM fixed allocations,0.0
2025-11-06,HMM fixed allocations,0.0
2025-11-07,HMM fixed allocations,0.0
2025-11-10,HMM fixed allocations,0.0
2025-11-11,HMM fixed allocations,0.0
2025-11-12,HMM fixed allocations,0.0
2025-11-13,HMM fixed allocations,0.0
2025-11-14,HMM fixed allocations,0.0
2025-11-17,HMM fixed allocations,0.0
2025-11-18,HMM fixed allocations,0.0
2025-11-19,HMM fixed allocations,0.0
2025-11-20,HMM fixed allocations,0.0
2025-11-21,HMM fixed allocations,0.0
2025-11-24,HMM fixed allocations,0.0
2025-11-25,HMM fixed allocations,0.0
2025-11-26,HMM fixed allocations,0.0
2025-11-27,HMM fixed allocations,0.0
2025-11-28,HMM fixed allocations,0.0
2025-12-01,HMM fixed allocations,0.0
2025-12-02,HMM fixed allocations,0.0
2025-12-03,HMM fixed allocations,0.009039838413254564
2025-12-04,HMM fixed allocations,0.0
2025-12-05,HMM fixed allocations,0.0
2025-12-08,HMM fixed allocations,0.0
2025-12-09,HMM fixed allocations,0.0
2025-12-10,HMM fixed allocations,0.0
2025-12-11,HMM fixed allocations,0.0
2025-12-12,HMM fixed allocations,0.0
2025-12-15,HMM fixed allocations,0.0
2025-12-16,HMM fixed allocations,0.0
2025-12-17,HMM fixed allocations,0.0
2025-12-18,HMM fixed allocations,0.0
2025-12-19,HMM fixed allocations,0.0
2025-12-22,HMM fixed allocations,0.0
2025-12-23,HMM fixed allocations,0.0
2025-12-24,HMM fixed allocations,0.0
2025-12-26,HMM fixed allocations,0.0
2025-12-29,HMM fixed allocations,0.0
2025-12-30,HMM fixed allocations,0.0
2025-12-31,HMM fixed allocations,0.0
2026-01-01,HMM fixed allocations,0.0
2026-01-02,HMM fixed allocations,0.00614873275383597
2026-01-05,HMM fixed allocations,0.0
2026-01-06,HMM fixed allocations,0.0
2026-01-07,HMM fixed allocations,0.0
2026-01-08,HMM fixed allocations,0.0
2026-01-09,HMM fixed allocations,0.0
2026-01-12,HMM fixed allocations,0.0
2026-01-13,HMM fixed allocations,0.0
2026-01-14,HMM fixed allocations,0.0
2026-01-15,HMM fixed allocations,0.0
2026-01-16,HMM fixed allocations,0.0
2026-01-19,HMM fixed allocations,0.0
2026-01-20,HMM fixed allocations,0.0
2026-01-21,HMM fixed allocations,0.0
2026-01-22,HMM fixed allocations,0.0
2026-01-23,HMM fixed allocations,0.0
2026-01-27,HMM fixed allocations,0.0
2026-01-28,HMM fixed allocations,0.0
2026-01-29,HMM fixed allocations,0.0
2026-01-30,HMM fixed allocations,0.0
2026-02-02,HMM fixed allocations,0.0
2026-02-03,HMM fixed allocations,0.5294394385182533
2026-02-04,HMM fixed allocations,0.0
2026-02-05,HMM fixed allocations,0.0
2026-02-06,HMM fixed allocations,0.0
2026-02-09,HMM fixed allocations,0.0
2026-02-10,HMM fixed allocations,0.0
2026-02-11,HMM fixed allocations,0.0
2026-02-12,HMM fixed allocations,0.0
2026-02-13,HMM fixed allocations,0.0
2026-02-16,HMM fixed allocations,0.0
2026-02-17,HMM fixed allocations,0.0
2026-02-18,HMM fixed allocations,0.0
2026-02-19,HMM fixed allocations,0.0
2026-02-20,HMM fixed allocations,0.0
2026-02-23,HMM fixed allocations,0.0
2026-02-24,HMM fixed allocations,0.0
2026-02-25,HMM fixed allocations,0.0
2026-02-26,HMM fixed allocations,0.0
2026-02-27,HMM fixed allocations,0.0
2026-03-02,HMM fixed allocations,0.0
2026-03-04,HMM fixed allocations,0.0
2026-03-05,HMM fixed allocations,0.012760232652002206
2026-03-06,HMM fixed allocations,0.0
2026-03-09,HMM fixed allocations,0.0
2026-03-10,HMM fixed allocations,0.0
2026-03-11,HMM fixed allocations,0.0
2026-03-12,HMM fixed allocations,0.0
2026-03-13,HMM fixed allocations,0.0
2026-03-16,HMM fixed allocations,0.0
2026-03-17,HMM fixed allocations,0.0
2026-03-18,HMM fixed allocations,0.0
2026-03-19,HMM fixed allocations,0.0
2026-03-20,HMM fixed allocations,0.0
2026-03-23,HMM fixed allocations,0.0
2026-03-24,HMM fixed allocations,0.0
2026-03-25,HMM fixed allocations,0.0
2026-03-27,HMM fixed allocations,0.0
2026-03-30,HMM fixed allocations,0.0
2026-04-01,HMM fixed allocations,0.0
2026-04-02,HMM fixed allocations,0.0
2026-04-06,HMM fixed allocations,0.0
2026-04-07,HMM fixed allocations,0.0
2026-04-08,HMM fixed allocations,0.012812694216013124
2026-04-09,HMM fixed allocations,0.0
2026-04-10,HMM fixed allocations,0.0
2026-04-13,HMM fixed allocations,0.0
2026-04-15,HMM fixed allocations,0.0
2026-04-16,HMM fixed allocations,0.0
2026-04-17,HMM fixed allocations,0.0
2026-04-20,HMM fixed allocations,0.0
2026-04-21,HMM fixed allocations,0.0
2026-04-22,HMM fixed allocations,0.0
2026-04-23,HMM fixed allocations,0.0
2026-04-24,HMM fixed allocations,0.0
2026-04-27,HMM fixed allocations,0.0
2026-04-28,HMM fixed allocations,0.0
2026-04-29,HMM fixed allocations,0.0
2026-04-30,HMM fixed allocations,0.0
2026-05-01,HMM fixed allocations,0.0
2026-05-04,HMM fixed allocations,0.0
2026-05-05,HMM fixed allocations,0.0
2026-05-06,HMM fixed allocations,0.0
2026-05-07,HMM fixed allocations,0.0
2026-05-08,HMM fixed allocations,0.5493111135101746
2026-05-11,HMM fixed allocations,0.0
2026-05-12,HMM fixed allocations,0.0
2026-05-13,HMM fixed allocations,0.0
2026-05-14,HMM fixed allocations,0.0
2026-05-15,HMM fixed allocations,0.0
2026-05-18,HMM fixed allocations,0.0
2026-05-19,HMM fixed allocations,0.0
2026-05-20,HMM fixed allocations,0.0
2026-05-21,HMM fixed allocations,0.0
2026-05-22,HMM fixed allocations,0.0
2026-05-25,HMM fixed allocations,0.0
2026-05-26,HMM fixed allocations,0.0
2026-05-27,HMM fixed allocations,0.0
2026-05-28,HMM fixed allocations,0.0
2026-05-29,HMM fixed allocations,0.0
2026-06-01,HMM fixed allocations,0.0
2026-06-02,HMM fixed allocations,0.0
2026-06-03,HMM fixed allocations,0.0
2026-06-04,HMM fixed allocations,0.0
2026-06-05,HMM fixed allocations,0.0
2026-06-08,HMM fixed allocations,0.5399608894952199
2026-06-09,HMM fixed allocations,0.0
2026-06-10,HMM fixed allocations,0.0
2026-06-11,HMM fixed allocations,0.0
2026-06-12,HMM fixed allocations,0.0
2026-06-15,HMM fixed allocations,0.0
2026-06-16,HMM fixed allocations,0.0
2026-06-17,HMM fixed allocations,0.0
2026-06-18,HMM fixed allocations,0.0
2026-06-19,HMM fixed allocations,0.0
2026-06-22,HMM fixed allocations,0.0
2026-06-23,HMM fixed allocations,0.0
2026-06-24,HMM fixed allocations,0.0
2026-06-25,HMM fixed allocations,0.0
2026-06-26,HMM fixed allocations,0.0
2026-06-29,HMM fixed allocations,0.0
2026-06-30,HMM fixed allocations,0.0
2026-07-01,HMM fixed allocations,0.0
2026-07-02,HMM fixed allocations,0.0
2026-07-03,HMM fixed allocations,0.0
2026-07-06,HMM fixed allocations,0.0
2026-07-07,HMM fixed allocations,0.2548201242516186
2026-07-08,HMM fixed allocations,0.0
2026-07-09,HMM fixed allocations,0.0
2026-07-10,HMM fixed allocations,0.0
2026-07-13,HMM fixed allocations,0.0
2026-07-14,HMM fixed allocations,0.0
2026-07-15,HMM fixed allocations,0.0
2026-07-16,HMM fixed allocations,0.0
2026-07-17,HMM fixed allocations,0.0
2026-07-20,HMM fixed allocations,0.0
2026-07-21,HMM fixed allocations,0.0
2026-07-22,HMM fixed allocations,0.0
2026-07-23,HMM fixed allocations,0.0
2026-07-24,HMM fixed allocations,0.0
2026-07-27,HMM fixed allocations,0.0
2010-10-05,Minimum variance,1.0
2010-10-06,Minimum variance,0.0
2010-10-07,Minimum variance,0.0
2010-10-08,Minimum variance,0.0
2010-10-11,Minimum variance,0.0
2010-10-12,Minimum variance,0.0
2010-10-13,Minimum variance,0.0
2010-10-14,Minimum variance,0.0
2010-10-15,Minimum variance,0.0
2010-10-18,Minimum variance,0.0
2010-10-19,Minimum variance,0.0
2010-10-20,Minimum variance,0.0
2010-10-21,Minimum variance,0.0
2010-10-22,Minimum variance,0.0
2010-10-25,Minimum variance,0.0
2010-10-26,Minimum variance,0.0
2010-10-27,Minimum variance,0.0
2010-10-28,Minimum variance,0.0
2010-10-29,Minimum variance,0.0
2010-11-01,Minimum variance,0.0
2010-11-02,Minimum variance,0.0
2010-11-03,Minimum variance,0.002317708377329107
2010-11-04,Minimum variance,0.0
2010-11-08,Minimum variance,0.0
2010-11-09,Minimum variance,0.0
2010-11-10,Minimum variance,0.0
2010-11-11,Minimum variance,0.0
2010-11-12,Minimum variance,0.0
2010-11-15,Minimum variance,0.0
2010-11-16,Minimum variance,0.0
2010-11-18,Minimum variance,0.0
2010-11-19,Minimum variance,0.0
2010-11-22,Minimum variance,0.0
2010-11-23,Minimum variance,0.0
2010-11-24,Minimum variance,0.0
2010-11-25,Minimum variance,0.0
2010-11-26,Minimum variance,0.0
2010-11-29,Minimum variance,0.0
2010-11-30,Minimum variance,0.0
2010-12-01,Minimum variance,0.0
2010-12-02,Minimum variance,0.0
2010-12-03,Minimum variance,0.0
2010-12-06,Minimum variance,0.0034707986488234643
2010-12-07,Minimum variance,0.0
2010-12-08,Minimum variance,0.0
2010-12-09,Minimum variance,0.0
2010-12-10,Minimum variance,0.0
2010-12-13,Minimum variance,0.0
2010-12-14,Minimum variance,0.0
2010-12-15,Minimum variance,0.0
2010-12-16,Minimum variance,0.0
2010-12-20,Minimum variance,0.0
2010-12-21,Minimum variance,0.0
2010-12-22,Minimum variance,0.0
2010-12-23,Minimum variance,0.0
2010-12-24,Minimum variance,0.0
2010-12-27,Minimum variance,0.0
2010-12-28,Minimum variance,0.0
2010-12-29,Minimum variance,0.0
2010-12-30,Minimum variance,0.0
2010-12-31,Minimum variance,0.0
2011-01-03,Minimum variance,0.0
2011-01-04,Minimum variance,0.0
2011-01-05,Minimum variance,0.004088620366702968
2011-01-06,Minimum variance,0.0
2011-01-07,Minimum variance,0.0
2011-01-10,Minimum variance,0.0
2011-01-11,Minimum variance,0.0
2011-01-12,Minimum variance,0.0
2011-01-13,Minimum variance,0.0
2011-01-14,Minimum variance,0.0
2011-01-17,Minimum variance,0.0
2011-01-18,Minimum variance,0.0
2011-01-19,Minimum variance,0.0
2011-01-20,Minimum variance,0.0
2011-01-21,Minimum variance,0.0
2011-01-24,Minimum variance,0.0
2011-01-25,Minimum variance,0.0
2011-01-27,Minimum variance,0.0
2011-01-28,Minimum variance,0.0
2011-01-31,Minimum variance,0.0
2011-02-01,Minimum variance,0.0
2011-02-02,Minimum variance,0.0
2011-02-03,Minimum variance,0.0
2011-02-04,Minimum variance,0.008953969991892831
2011-02-07,Minimum variance,0.0
2011-02-08,Minimum variance,0.0
2011-02-09,Minimum variance,0.0
2011-02-10,Minimum variance,0.0
2011-02-11,Minimum variance,0.0
2011-02-14,Minimum variance,0.0
2011-02-15,Minimum variance,0.0
2011-02-16,Minimum variance,0.0
2011-02-17,Minimum variance,0.0
2011-02-18,Minimum variance,0.0
2011-02-21,Minimum variance,0.0
2011-02-22,Minimum variance,0.0
2011-02-23,Minimum variance,0.0
2011-02-24,Minimum variance,0.0
2011-02-25,Minimum variance,0.0
2011-02-28,Minimum variance,0.0
2011-03-01,Minimum variance,0.0
2011-03-03,Minimum variance,0.0
2011-03-04,Minimum variance,0.0
2011-03-07,Minimum variance,0.0
2011-03-08,Minimum variance,0.006238277607069367
2011-03-09,Minimum variance,0.0
2011-03-10,Minimum variance,0.0
2011-03-11,Minimum variance,0.0
2011-03-14,Minimum variance,0.0
2011-03-15,Minimum variance,0.0
2011-03-16,Minimum variance,0.0
2011-03-17,Minimum variance,0.0
2011-03-18,Minimum variance,0.0
2011-03-21,Minimum variance,0.0
2011-03-22,Minimum variance,0.0
2011-03-23,Minimum variance,0.0
2011-03-24,Minimum variance,0.0
2011-03-25,Minimum variance,0.0
2011-03-28,Minimum variance,0.0
2011-03-29,Minimum variance,0.0
2011-03-30,Minimum variance,0.0
2011-03-31,Minimum variance,0.0
2011-04-01,Minimum variance,0.0
2011-04-04,Minimum variance,0.0
2011-04-05,Minimum variance,0.0
2011-04-06,Minimum variance,0.005543550914677918
2011-04-07,Minimum variance,0.0
2011-04-08,Minimum variance,0.0
2011-04-11,Minimum variance,0.0
2011-04-13,Minimum variance,0.0
2011-04-15,Minimum variance,0.0
2011-04-18,Minimum variance,0.0
2011-04-19,Minimum variance,0.0
2011-04-20,Minimum variance,0.0
2011-04-21,Minimum variance,0.0
2011-04-25,Minimum variance,0.0
2011-04-26,Minimum variance,0.0
2011-04-27,Minimum variance,0.0
2011-04-28,Minimum variance,0.0
2011-04-29,Minimum variance,0.0
2011-05-02,Minimum variance,0.0
2011-05-03,Minimum variance,0.0
2011-05-04,Minimum variance,0.0
2011-05-05,Minimum variance,0.0
2011-05-06,Minimum variance,0.0
2011-05-09,Minimum variance,0.0
2011-05-10,Minimum variance,0.004022634435535306
2011-05-11,Minimum variance,0.0
2011-05-12,Minimum variance,0.0
2011-05-13,Minimum variance,0.0
2011-05-16,Minimum variance,0.0
2011-05-17,Minimum variance,0.0
2011-05-18,Minimum variance,0.0
2011-05-19,Minimum variance,0.0
2011-05-20,Minimum variance,0.0
2011-05-23,Minimum variance,0.0
2011-05-24,Minimum variance,0.0
2011-05-25,Minimum variance,0.0
2011-05-26,Minimum variance,0.0
2011-05-27,Minimum variance,0.0
2011-05-30,Minimum variance,0.0
2011-05-31,Minimum variance,0.0
2011-06-01,Minimum variance,0.0
2011-06-02,Minimum variance,0.0
2011-06-03,Minimum variance,0.0
2011-06-06,Minimum variance,0.0
2011-06-07,Minimum variance,0.0
2011-06-08,Minimum variance,0.007282753924313698
2011-06-09,Minimum variance,0.0
2011-06-10,Minimum variance,0.0
2011-06-13,Minimum variance,0.0
2011-06-14,Minimum variance,0.0
2011-06-15,Minimum variance,0.0
2011-06-16,Minimum variance,0.0
2011-06-17,Minimum variance,0.0
2011-06-20,Minimum variance,0.0
2011-06-21,Minimum variance,0.0
2011-06-22,Minimum variance,0.0
2011-06-23,Minimum variance,0.0
2011-06-24,Minimum variance,0.0
2011-06-27,Minimum variance,0.0
2011-06-28,Minimum variance,0.0
2011-06-29,Minimum variance,0.0
2011-06-30,Minimum variance,0.0
2011-07-01,Minimum variance,0.0
2011-07-04,Minimum variance,0.0
2011-07-05,Minimum variance,0.0
2011-07-06,Minimum variance,0.0
2011-07-07,Minimum variance,0.003181527181682891
2011-07-08,Minimum variance,0.0
2011-07-11,Minimum variance,0.0
2011-07-12,Minimum variance,0.0
2011-07-13,Minimum variance,0.0
2011-07-14,Minimum variance,0.0
2011-07-15,Minimum variance,0.0
2011-07-18,Minimum variance,0.0
2011-07-19,Minimum variance,0.0
2011-07-20,Minimum variance,0.0
2011-07-21,Minimum variance,0.0
2011-07-22,Minimum variance,0.0
2011-07-25,Minimum variance,0.0
2011-07-26,Minimum variance,0.0
2011-07-27,Minimum variance,0.0
2011-07-28,Minimum variance,0.0
2011-07-29,Minimum variance,0.0
2011-08-01,Minimum variance,0.0
2011-08-02,Minimum variance,0.0
2011-08-03,Minimum variance,0.0
2011-08-04,Minimum variance,0.0
2011-08-05,Minimum variance,0.012246005683967567
2011-08-08,Minimum variance,0.0
2011-08-09,Minimum variance,0.0
2011-08-10,Minimum variance,0.0
2011-08-11,Minimum variance,0.0
2011-08-12,Minimum variance,0.0
2011-08-16,Minimum variance,0.0
2011-08-17,Minimum variance,0.0
2011-08-18,Minimum variance,0.0
2011-08-19,Minimum variance,0.0
2011-08-22,Minimum variance,0.0
2011-08-23,Minimum variance,0.0
2011-08-24,Minimum variance,0.0
2011-08-25,Minimum variance,0.0
2011-08-26,Minimum variance,0.0
2011-08-29,Minimum variance,0.0
2011-08-30,Minimum variance,0.0
2011-09-02,Minimum variance,0.0
2011-09-05,Minimum variance,0.0
2011-09-06,Minimum variance,0.0
2011-09-07,Minimum variance,0.0
2011-09-08,Minimum variance,0.04055224369605882
2011-09-09,Minimum variance,0.0
2011-09-12,Minimum variance,0.0
2011-09-13,Minimum variance,0.0
2011-09-14,Minimum variance,0.0
2011-09-15,Minimum variance,0.0
2011-09-16,Minimum variance,0.0
2011-09-19,Minimum variance,0.0
2011-09-20,Minimum variance,0.0
2011-09-21,Minimum variance,0.0
2011-09-22,Minimum variance,0.0
2011-09-23,Minimum variance,0.0
2011-09-26,Minimum variance,0.0
2011-09-27,Minimum variance,0.0
2011-09-28,Minimum variance,0.0
2011-09-29,Minimum variance,0.0
2011-09-30,Minimum variance,0.0
2011-10-03,Minimum variance,0.0
2011-10-04,Minimum variance,0.0
2011-10-05,Minimum variance,0.0
2011-10-07,Minimum variance,0.0
2011-10-10,Minimum variance,0.010411228588548233
2011-10-11,Minimum variance,0.0
2011-10-12,Minimum variance,0.0
2011-10-13,Minimum variance,0.0
2011-10-14,Minimum variance,0.0
2011-10-17,Minimum variance,0.0
2011-10-18,Minimum variance,0.0
2011-10-19,Minimum variance,0.0
2011-10-20,Minimum variance,0.0
2011-10-21,Minimum variance,0.0
2011-10-24,Minimum variance,0.0
2011-10-25,Minimum variance,0.0
2011-10-28,Minimum variance,0.0
2011-10-31,Minimum variance,0.0
2011-11-01,Minimum variance,0.0
2011-11-02,Minimum variance,0.0
2011-11-03,Minimum variance,0.0
2011-11-04,Minimum variance,0.0
2011-11-08,Minimum variance,0.0
2011-11-09,Minimum variance,0.0
2011-11-11,Minimum variance,0.0
2011-11-14,Minimum variance,0.010145533623193037
2011-11-15,Minimum variance,0.0
2011-11-16,Minimum variance,0.0
2011-11-17,Minimum variance,0.0
2011-11-18,Minimum variance,0.0
2011-11-21,Minimum variance,0.0
2011-11-22,Minimum variance,0.0
2011-11-23,Minimum variance,0.0
2011-11-24,Minimum variance,0.0
2011-11-25,Minimum variance,0.0
2011-11-28,Minimum variance,0.0
2011-11-29,Minimum variance,0.0
2011-11-30,Minimum variance,0.0
2011-12-01,Minimum variance,0.0
2011-12-02,Minimum variance,0.0
2011-12-05,Minimum variance,0.0
2011-12-07,Minimum variance,0.0
2011-12-08,Minimum variance,0.0
2011-12-09,Minimum variance,0.0
2011-12-12,Minimum variance,0.0
2011-12-13,Minimum variance,0.0
2011-12-14,Minimum variance,0.0067925163727265425
2011-12-15,Minimum variance,0.0
2011-12-16,Minimum variance,0.0
2011-12-19,Minimum variance,0.0
2011-12-20,Minimum variance,0.0
2011-12-21,Minimum variance,0.0
2011-12-22,Minimum variance,0.0
2011-12-23,Minimum variance,0.0
2011-12-26,Minimum variance,0.0
2011-12-27,Minimum variance,0.0
2011-12-28,Minimum variance,0.0
2011-12-29,Minimum variance,0.0
2011-12-30,Minimum variance,0.0
2012-01-02,Minimum variance,0.0
2012-01-03,Minimum variance,0.0
2012-01-04,Minimum variance,0.0
2012-01-05,Minimum variance,0.0
2012-01-06,Minimum variance,0.0
2012-01-09,Minimum variance,0.0
2012-01-10,Minimum variance,0.0
2012-01-11,Minimum variance,0.0
2012-01-12,Minimum variance,0.002762133291096848
2012-01-13,Minimum variance,0.0
2012-01-16,Minimum variance,0.0
2012-01-17,Minimum variance,0.0
2012-01-18,Minimum variance,0.0
2012-01-19,Minimum variance,0.0
2012-01-20,Minimum variance,0.0
2012-01-23,Minimum variance,0.0
2012-01-24,Minimum variance,0.0
2012-01-25,Minimum variance,0.0
2012-01-27,Minimum variance,0.0
2012-01-30,Minimum variance,0.0
2012-01-31,Minimum variance,0.0
2012-02-01,Minimum variance,0.0
2012-02-02,Minimum variance,0.0
2012-02-03,Minimum variance,0.0
2012-02-06,Minimum variance,0.0
2012-02-07,Minimum variance,0.0
2012-02-08,Minimum variance,0.0
2012-02-09,Minimum variance,0.0
2012-02-10,Minimum variance,0.0
2012-02-13,Minimum variance,0.008898821489249413
2012-02-14,Minimum variance,0.0
2012-02-15,Minimum variance,0.0
2012-02-16,Minimum variance,0.0
2012-02-17,Minimum variance,0.0
2012-02-21,Minimum variance,0.0
2012-02-22,Minimum variance,0.0
2012-02-23,Minimum variance,0.0
2012-02-24,Minimum variance,0.0
2012-02-27,Minimum variance,0.0
2012-02-28,Minimum variance,0.0
2012-02-29,Minimum variance,0.0
2012-03-01,Minimum variance,0.0
2012-03-02,Minimum variance,0.0
2012-03-05,Minimum variance,0.0
2012-03-06,Minimum variance,0.0
2012-03-07,Minimum variance,0.0
2012-03-09,Minimum variance,0.0
2012-03-12,Minimum variance,0.0
2012-03-13,Minimum variance,0.0
2012-03-14,Minimum variance,0.0
2012-03-15,Minimum variance,0.0033054889045384325
2012-03-16,Minimum variance,0.0
2012-03-19,Minimum variance,0.0
2012-03-20,Minimum variance,0.0
2012-03-21,Minimum variance,0.0
2012-03-22,Minimum variance,0.0
2012-03-23,Minimum variance,0.0
2012-03-26,Minimum variance,0.0
2012-03-27,Minimum variance,0.0
2012-03-28,Minimum variance,0.0
2012-03-29,Minimum variance,0.0
2012-03-30,Minimum variance,0.0
2012-04-02,Minimum variance,0.0
2012-04-03,Minimum variance,0.0
2012-04-04,Minimum variance,0.0
2012-04-09,Minimum variance,0.0
2012-04-10,Minimum variance,0.0
2012-04-11,Minimum variance,0.0
2012-04-12,Minimum variance,0.0
2012-04-13,Minimum variance,0.0
2012-04-16,Minimum variance,0.0
2012-04-17,Minimum variance,0.005397488784821124
2012-04-18,Minimum variance,0.0
2012-04-19,Minimum variance,0.0
2012-04-20,Minimum variance,0.0
2012-04-23,Minimum variance,0.0
2012-04-24,Minimum variance,0.0
2012-04-25,Minimum variance,0.0
2012-04-26,Minimum variance,0.0
2012-04-27,Minimum variance,0.0
2012-04-30,Minimum variance,0.0
2012-05-02,Minimum variance,0.0
2012-05-03,Minimum variance,0.0
2012-05-04,Minimum variance,0.0
2012-05-07,Minimum variance,0.0
2012-05-08,Minimum variance,0.0
2012-05-09,Minimum variance,0.0
2012-05-10,Minimum variance,0.0
2012-05-11,Minimum variance,0.0
2012-05-14,Minimum variance,0.0
2012-05-15,Minimum variance,0.0
2012-05-16,Minimum variance,0.0
2012-05-17,Minimum variance,0.007420523230059033
2012-05-18,Minimum variance,0.0
2012-05-21,Minimum variance,0.0
2012-05-22,Minimum variance,0.0
2012-05-23,Minimum variance,0.0
2012-05-24,Minimum variance,0.0
2013-01-31,Minimum variance,0.0
2013-02-01,Minimum variance,0.0
2013-02-04,Minimum variance,0.0
2013-02-05,Minimum variance,0.0
2013-02-06,Minimum variance,0.0
2013-02-07,Minimum variance,0.0
2013-02-08,Minimum variance,0.0
2013-02-11,Minimum variance,0.0
2013-02-12,Minimum variance,0.0
2013-02-13,Minimum variance,0.0
2013-02-14,Minimum variance,0.0
2013-02-15,Minimum variance,0.0
2013-02-18,Minimum variance,0.0
2013-02-19,Minimum variance,0.0
2013-02-20,Minimum variance,0.0
2013-02-21,Minimum variance,0.005165457809975925
2013-02-22,Minimum variance,0.0
2013-02-25,Minimum variance,0.0
2013-02-26,Minimum variance,0.0
2013-02-27,Minimum variance,0.0
2013-02-28,Minimum variance,0.0
2013-03-01,Minimum variance,0.0
2013-03-04,Minimum variance,0.0
2013-03-05,Minimum variance,0.0
2013-03-06,Minimum variance,0.0
2013-03-07,Minimum variance,0.0
2013-03-08,Minimum variance,0.0
2013-03-11,Minimum variance,0.0
2013-03-12,Minimum variance,0.0
2013-03-13,Minimum variance,0.0
2013-03-14,Minimum variance,0.0
2013-03-15,Minimum variance,0.0
2013-03-18,Minimum variance,0.0
2013-03-19,Minimum variance,0.0
2013-03-20,Minimum variance,0.0
2013-03-21,Minimum variance,0.0
2013-03-22,Minimum variance,0.0038416028415013403
2013-03-25,Minimum variance,0.0
2013-03-26,Minimum variance,0.0
2013-03-28,Minimum variance,0.0
2013-04-01,Minimum variance,0.0
2013-04-02,Minimum variance,0.0
2013-04-03,Minimum variance,0.0
2013-04-04,Minimum variance,0.0
2013-04-05,Minimum variance,0.0
2013-04-08,Minimum variance,0.0
2013-04-09,Minimum variance,0.0
2013-04-10,Minimum variance,0.0
2013-04-11,Minimum variance,0.0
2013-04-12,Minimum variance,0.0
2013-04-15,Minimum variance,0.0
2013-04-16,Minimum variance,0.0
2013-04-17,Minimum variance,0.0
2013-04-18,Minimum variance,0.0
2013-04-22,Minimum variance,0.0
2013-04-23,Minimum variance,0.0
2013-04-25,Minimum variance,0.0
2013-04-26,Minimum variance,0.0054589492958955
2013-04-29,Minimum variance,0.0
2013-04-30,Minimum variance,0.0
2013-05-02,Minimum variance,0.0
2013-05-03,Minimum variance,0.0
2013-05-06,Minimum variance,0.0
2013-05-07,Minimum variance,0.0
2013-05-08,Minimum variance,0.0
2013-05-09,Minimum variance,0.0
2013-05-10,Minimum variance,0.0
2013-05-13,Minimum variance,0.0
2013-05-14,Minimum variance,0.0
2013-05-15,Minimum variance,0.0
2013-05-16,Minimum variance,0.0
2013-05-17,Minimum variance,0.0
2013-05-20,Minimum variance,0.0
2013-05-21,Minimum variance,0.0
2013-05-22,Minimum variance,0.0
2013-05-23,Minimum variance,0.0
2013-05-24,Minimum variance,0.0
2013-05-27,Minimum variance,0.0
2013-05-28,Minimum variance,0.014128946732259395
2013-05-29,Minimum variance,0.0
2013-05-30,Minimum variance,0.0
2013-05-31,Minimum variance,0.0
2013-06-03,Minimum variance,0.0
2013-06-04,Minimum variance,0.0
2013-06-05,Minimum variance,0.0
2013-06-06,Minimum variance,0.0
2013-06-07,Minimum variance,0.0
2013-06-10,Minimum variance,0.0
2013-06-11,Minimum variance,0.0
2013-06-12,Minimum variance,0.0
2013-06-13,Minimum variance,0.0
2013-06-14,Minimum variance,0.0
2013-06-17,Minimum variance,0.0
2013-06-18,Minimum variance,0.0
2013-06-19,Minimum variance,0.0
2013-06-20,Minimum variance,0.0
2013-06-21,Minimum variance,0.0
2013-06-24,Minimum variance,0.0
2013-06-25,Minimum variance,0.0
2013-06-26,Minimum variance,0.008552805246007607
2013-06-27,Minimum variance,0.0
2013-06-28,Minimum variance,0.0
2013-07-01,Minimum variance,0.0
2013-07-02,Minimum variance,0.0
2013-07-03,Minimum variance,0.0
2013-07-04,Minimum variance,0.0
2013-07-05,Minimum variance,0.0
2013-07-08,Minimum variance,0.0
2013-07-09,Minimum variance,0.0
2013-07-10,Minimum variance,0.0
2013-07-11,Minimum variance,0.0
2013-07-12,Minimum variance,0.0
2013-07-15,Minimum variance,0.0
2013-07-16,Minimum variance,0.0
2013-07-17,Minimum variance,0.0
2013-07-18,Minimum variance,0.0
2013-07-19,Minimum variance,0.0
2013-07-22,Minimum variance,0.0
2013-07-23,Minimum variance,0.0
2013-07-24,Minimum variance,0.0
2013-07-25,Minimum variance,0.007113256424112334
2013-07-26,Minimum variance,0.0
2013-07-29,Minimum variance,0.0
2013-07-30,Minimum variance,0.0
2013-07-31,Minimum variance,0.0
2013-08-01,Minimum variance,0.0
2013-08-02,Minimum variance,0.0
2013-08-05,Minimum variance,0.0
2013-08-06,Minimum variance,0.0
2013-08-07,Minimum variance,0.0
2013-08-08,Minimum variance,0.0
2013-08-12,Minimum variance,0.0
2013-08-13,Minimum variance,0.0
2013-08-14,Minimum variance,0.0
2013-08-16,Minimum variance,0.0
2013-08-19,Minimum variance,0.0
2013-08-20,Minimum variance,0.0
2013-08-21,Minimum variance,0.0
2013-08-22,Minimum variance,0.0
2013-08-23,Minimum variance,0.0
2013-08-26,Minimum variance,0.0
2013-08-27,Minimum variance,0.02242745491468731
2013-08-28,Minimum variance,0.0
2013-08-29,Minimum variance,0.0
2013-08-30,Minimum variance,0.0
2013-09-02,Minimum variance,0.0
2013-09-03,Minimum variance,0.0
2013-09-04,Minimum variance,0.0
2013-09-05,Minimum variance,0.0
2013-09-06,Minimum variance,0.0
2013-09-10,Minimum variance,0.0
2013-09-11,Minimum variance,0.0
2013-09-12,Minimum variance,0.0
2013-09-13,Minimum variance,0.0
2013-09-16,Minimum variance,0.0
2013-09-17,Minimum variance,0.0
2013-09-18,Minimum variance,0.0
2013-09-19,Minimum variance,0.0
2013-09-20,Minimum variance,0.0
2013-09-23,Minimum variance,0.0
2013-09-24,Minimum variance,0.0
2013-09-25,Minimum variance,0.0
2013-09-26,Minimum variance,0.015353216875564075
2013-09-27,Minimum variance,0.0
2013-09-30,Minimum variance,0.0
2013-10-01,Minimum variance,0.0
2013-10-03,Minimum variance,0.0
2013-10-04,Minimum variance,0.0
2013-10-07,Minimum variance,0.0
2013-10-08,Minimum variance,0.0
2013-10-09,Minimum variance,0.0
2013-10-10,Minimum variance,0.0
2013-10-11,Minimum variance,0.0
2013-10-14,Minimum variance,0.0
2013-10-15,Minimum variance,0.0
2013-10-17,Minimum variance,0.0
2013-10-18,Minimum variance,0.0
2013-10-21,Minimum variance,0.0
2013-10-22,Minimum variance,0.0
2013-10-23,Minimum variance,0.0
2013-10-24,Minimum variance,0.0
2013-10-25,Minimum variance,0.0
2013-10-28,Minimum variance,0.0
2013-10-29,Minimum variance,0.007779552259581941
2013-10-30,Minimum variance,0.0
2013-10-31,Minimum variance,0.0
2013-11-01,Minimum variance,0.0
2013-11-05,Minimum variance,0.0
2013-11-06,Minimum variance,0.0
2013-11-07,Minimum variance,0.0
2013-11-08,Minimum variance,0.0
2013-11-11,Minimum variance,0.0
2013-11-12,Minimum variance,0.0
2013-11-13,Minimum variance,0.0
2013-11-14,Minimum variance,0.0
2013-11-18,Minimum variance,0.0
2013-11-19,Minimum variance,0.0
2013-11-20,Minimum variance,0.0
2013-11-21,Minimum variance,0.0
2013-11-22,Minimum variance,0.0
2013-11-25,Minimum variance,0.0
2013-11-26,Minimum variance,0.0
2013-11-27,Minimum variance,0.0
2013-11-28,Minimum variance,0.0
2013-11-29,Minimum variance,0.003315183308717773
2013-12-02,Minimum variance,0.0
2013-12-03,Minimum variance,0.0
2013-12-04,Minimum variance,0.0
2013-12-05,Minimum variance,0.0
2013-12-06,Minimum variance,0.0
2013-12-09,Minimum variance,0.0
2013-12-10,Minimum variance,0.0
2013-12-11,Minimum variance,0.0
2013-12-12,Minimum variance,0.0
2013-12-13,Minimum variance,0.0
2013-12-16,Minimum variance,0.0
2013-12-17,Minimum variance,0.0
2013-12-18,Minimum variance,0.0
2013-12-19,Minimum variance,0.0
2013-12-20,Minimum variance,0.0
2013-12-23,Minimum variance,0.0
2013-12-24,Minimum variance,0.0
2013-12-26,Minimum variance,0.0
2013-12-27,Minimum variance,0.0
2013-12-30,Minimum variance,0.0
2013-12-31,Minimum variance,0.005066699063492941
2014-01-01,Minimum variance,0.0
2014-01-02,Minimum variance,0.0
2014-01-03,Minimum variance,0.0
2014-01-06,Minimum variance,0.0
2014-01-07,Minimum variance,0.0
2014-01-08,Minimum variance,0.0
2014-01-09,Minimum variance,0.0
2014-01-10,Minimum variance,0.0
2014-01-13,Minimum variance,0.0
2014-01-14,Minimum variance,0.0
2014-01-15,Minimum variance,0.0
2014-01-16,Minimum variance,0.0
2014-01-17,Minimum variance,0.0
2014-01-20,Minimum variance,0.0
2014-01-21,Minimum variance,0.0
2014-01-22,Minimum variance,0.0
2014-01-23,Minimum variance,0.0
2014-01-24,Minimum variance,0.0
2014-01-27,Minimum variance,0.0
2014-01-28,Minimum variance,0.0
2014-01-29,Minimum variance,0.003924803351115176
2014-01-30,Minimum variance,0.0
2014-01-31,Minimum variance,0.0
2014-02-03,Minimum variance,0.0
2014-02-04,Minimum variance,0.0
2014-02-05,Minimum variance,0.0
2014-02-06,Minimum variance,0.0
2014-02-07,Minimum variance,0.0
2014-02-10,Minimum variance,0.0
2014-02-11,Minimum variance,0.0
2014-02-12,Minimum variance,0.0
2014-02-13,Minimum variance,0.0
2014-02-14,Minimum variance,0.0
2014-02-17,Minimum variance,0.0
2014-02-18,Minimum variance,0.0
2014-02-19,Minimum variance,0.0
2014-02-20,Minimum variance,0.0
2014-02-21,Minimum variance,0.0
2014-02-24,Minimum variance,0.0
2014-02-25,Minimum variance,0.0
2014-02-26,Minimum variance,0.0
2014-02-28,Minimum variance,0.004239140859561265
2014-03-03,Minimum variance,0.0
2014-03-04,Minimum variance,0.0
2014-03-05,Minimum variance,0.0
2014-03-06,Minimum variance,0.0
2014-03-07,Minimum variance,0.0
2014-03-10,Minimum variance,0.0
2014-03-11,Minimum variance,0.0
2014-03-12,Minimum variance,0.0
2014-03-13,Minimum variance,0.0
2014-03-14,Minimum variance,0.0
2014-03-18,Minimum variance,0.0
2014-03-19,Minimum variance,0.0
2014-03-20,Minimum variance,0.0
2014-03-21,Minimum variance,0.0
2014-03-24,Minimum variance,0.0
2014-03-25,Minimum variance,0.0
2014-03-26,Minimum variance,0.0
2014-03-27,Minimum variance,0.0
2014-03-28,Minimum variance,0.0
2014-03-31,Minimum variance,0.0
2014-04-01,Minimum variance,0.00485334412875367
2014-04-02,Minimum variance,0.0
2014-04-03,Minimum variance,0.0
2014-04-04,Minimum variance,0.0
2014-04-07,Minimum variance,0.0
2014-04-09,Minimum variance,0.0
2014-04-10,Minimum variance,0.0
2014-04-11,Minimum variance,0.0
2014-04-15,Minimum variance,0.0
2014-04-16,Minimum variance,0.0
2014-04-17,Minimum variance,0.0
2014-04-21,Minimum variance,0.0
2014-04-22,Minimum variance,0.0
2014-04-23,Minimum variance,0.0
2014-04-25,Minimum variance,0.0
2014-04-28,Minimum variance,0.0
2014-04-29,Minimum variance,0.0
2014-04-30,Minimum variance,0.0
2014-05-02,Minimum variance,0.0
2014-05-05,Minimum variance,0.0
2014-05-06,Minimum variance,0.0
2014-05-07,Minimum variance,0.008741179022010222
2014-05-08,Minimum variance,0.0
2014-05-09,Minimum variance,0.0
2014-05-12,Minimum variance,0.0
2014-05-13,Minimum variance,0.0
2014-05-14,Minimum variance,0.0
2014-05-15,Minimum variance,0.0
2014-05-16,Minimum variance,0.0
2014-05-19,Minimum variance,0.0
2014-05-20,Minimum variance,0.0
2014-05-21,Minimum variance,0.0
2014-05-22,Minimum variance,0.0
2014-05-23,Minimum variance,0.0
2014-05-26,Minimum variance,0.0
2014-05-27,Minimum variance,0.0
2014-05-28,Minimum variance,0.0
2014-05-29,Minimum variance,0.0
2014-05-30,Minimum variance,0.0
2014-06-02,Minimum variance,0.0
2014-06-03,Minimum variance,0.0
2014-06-04,Minimum variance,0.0
2014-06-05,Minimum variance,0.014116171728656923
2014-06-06,Minimum variance,0.0
2014-06-09,Minimum variance,0.0
2014-06-10,Minimum variance,0.0
2014-06-11,Minimum variance,0.0
2014-06-12,Minimum variance,0.0
2014-06-13,Minimum variance,0.0
2014-06-16,Minimum variance,0.0
2014-06-17,Minimum variance,0.0
2014-06-18,Minimum variance,0.0
2014-06-19,Minimum variance,0.0
2014-06-20,Minimum variance,0.0
2014-06-23,Minimum variance,0.0
2014-06-24,Minimum variance,0.0
2014-06-25,Minimum variance,0.0
2014-06-26,Minimum variance,0.0
2014-06-27,Minimum variance,0.0
2014-06-30,Minimum variance,0.0
2014-07-01,Minimum variance,0.0
2014-07-02,Minimum variance,0.0
2014-07-03,Minimum variance,0.0
2014-07-04,Minimum variance,0.006647071563924176
2014-07-07,Minimum variance,0.0
2014-07-08,Minimum variance,0.0
2014-07-09,Minimum variance,0.0
2014-07-10,Minimum variance,0.0
2014-07-11,Minimum variance,0.0
2014-07-14,Minimum variance,0.0
2014-07-15,Minimum variance,0.0
2014-07-16,Minimum variance,0.0
2014-07-17,Minimum variance,0.0
2014-07-18,Minimum variance,0.0
2014-07-21,Minimum variance,0.0
2014-07-22,Minimum variance,0.0
2014-07-23,Minimum variance,0.0
2014-07-24,Minimum variance,0.0
2014-07-25,Minimum variance,0.0
2014-07-28,Minimum variance,0.0
2014-07-30,Minimum variance,0.0
2014-07-31,Minimum variance,0.0
2014-08-01,Minimum variance,0.0
2014-08-04,Minimum variance,0.0
2014-08-05,Minimum variance,0.001993168865677429
2014-08-06,Minimum variance,0.0
2014-08-07,Minimum variance,0.0
2014-08-08,Minimum variance,0.0
2014-08-11,Minimum variance,0.0
2014-08-12,Minimum variance,0.0
2014-08-13,Minimum variance,0.0
2014-08-14,Minimum variance,0.0
2014-08-18,Minimum variance,0.0
2014-08-19,Minimum variance,0.0
2014-08-20,Minimum variance,0.0
2014-08-21,Minimum variance,0.0
2014-08-22,Minimum variance,0.0
2014-08-25,Minimum variance,0.0
2014-08-26,Minimum variance,0.0
2014-08-27,Minimum variance,0.0
2014-08-28,Minimum variance,0.0
2014-09-01,Minimum variance,0.0
2014-09-02,Minimum variance,0.0
2014-09-03,Minimum variance,0.0
2014-09-04,Minimum variance,0.0
2014-09-05,Minimum variance,0.004990230910752444
2014-09-08,Minimum variance,0.0
2014-09-09,Minimum variance,0.0
2014-09-10,Minimum variance,0.0
2014-09-11,Minimum variance,0.0
2014-09-12,Minimum variance,0.0
2014-09-15,Minimum variance,0.0
2014-09-16,Minimum variance,0.0
2014-09-17,Minimum variance,0.0
2014-09-18,Minimum variance,0.0
2014-09-19,Minimum variance,0.0
2014-09-22,Minimum variance,0.0
2014-09-23,Minimum variance,0.0
2014-09-24,Minimum variance,0.0
2014-09-25,Minimum variance,0.0
2014-09-26,Minimum variance,0.0
2014-09-29,Minimum variance,0.0
2014-09-30,Minimum variance,0.0
2014-10-01,Minimum variance,0.0
2014-10-07,Minimum variance,0.0
2014-10-08,Minimum variance,0.0
2014-10-09,Minimum variance,0.0038617230675878494
2014-10-10,Minimum variance,0.0
2014-10-13,Minimum variance,0.0
2014-10-14,Minimum variance,0.0
2014-10-15,Minimum variance,0.0
2014-10-16,Minimum variance,0.0
2014-10-17,Minimum variance,0.0
2014-10-20,Minimum variance,0.0
2014-10-21,Minimum variance,0.0
2014-10-22,Minimum variance,0.0
2014-10-27,Minimum variance,0.0
2014-10-28,Minimum variance,0.0
2014-10-29,Minimum variance,0.0
2014-10-30,Minimum variance,0.0
2014-10-31,Minimum variance,0.0
2014-11-03,Minimum variance,0.0
2014-11-05,Minimum variance,0.0
2014-11-07,Minimum variance,0.0
2014-11-10,Minimum variance,0.0
2014-11-11,Minimum variance,0.0
2014-11-12,Minimum variance,0.0
2014-11-13,Minimum variance,0.010022172489866601
2014-11-14,Minimum variance,0.0
2014-11-17,Minimum variance,0.0
2014-11-18,Minimum variance,0.0
2014-11-19,Minimum variance,0.0
2014-11-20,Minimum variance,0.0
2014-11-21,Minimum variance,0.0
2014-11-24,Minimum variance,0.0
2014-11-25,Minimum variance,0.0
2014-11-26,Minimum variance,0.0
2014-11-27,Minimum variance,0.0
2014-11-28,Minimum variance,0.0
2014-12-01,Minimum variance,0.0
2014-12-02,Minimum variance,0.0
2014-12-03,Minimum variance,0.0
2014-12-04,Minimum variance,0.0
2014-12-05,Minimum variance,0.0
2014-12-08,Minimum variance,0.0
2014-12-09,Minimum variance,0.0
2014-12-10,Minimum variance,0.0
2014-12-11,Minimum variance,0.0
2014-12-12,Minimum variance,0.010248982186377605
2014-12-15,Minimum variance,0.0
2014-12-16,Minimum variance,0.0
2014-12-17,Minimum variance,0.0
2014-12-18,Minimum variance,0.0
2014-12-19,Minimum variance,0.0
2014-12-22,Minimum variance,0.0
2014-12-23,Minimum variance,0.0
2014-12-24,Minimum variance,0.0
2014-12-26,Minimum variance,0.0
2014-12-29,Minimum variance,0.0
2014-12-30,Minimum variance,0.0
2014-12-31,Minimum variance,0.0
2015-01-01,Minimum variance,0.0
2015-01-02,Minimum variance,0.0
2015-01-05,Minimum variance,0.0
2015-01-06,Minimum variance,0.0
2015-01-07,Minimum variance,0.0
2015-01-08,Minimum variance,0.0
2015-01-09,Minimum variance,0.0
2015-01-12,Minimum variance,0.0
2015-01-13,Minimum variance,0.0014385806559964673
2015-01-14,Minimum variance,0.0
2015-01-15,Minimum variance,0.0
2015-01-16,Minimum variance,0.0
2015-01-19,Minimum variance,0.0
2015-01-20,Minimum variance,0.0
2015-01-21,Minimum variance,0.0
2015-01-22,Minimum variance,0.0
2015-01-23,Minimum variance,0.0
2015-01-27,Minimum variance,0.0
2015-01-28,Minimum variance,0.0
2015-01-29,Minimum variance,0.0
2015-01-30,Minimum variance,0.0
2015-02-02,Minimum variance,0.0
2015-02-03,Minimum variance,0.0
2015-02-04,Minimum variance,0.0
2015-02-05,Minimum variance,0.0
2015-02-06,Minimum variance,0.0
2015-02-09,Minimum variance,0.0
2015-02-10,Minimum variance,0.0
2015-02-11,Minimum variance,0.0
2015-02-12,Minimum variance,0.0034697887168569225
2015-02-13,Minimum variance,0.0
2015-02-16,Minimum variance,0.0
2015-02-18,Minimum variance,0.0
2015-02-19,Minimum variance,0.0
2015-02-20,Minimum variance,0.0
2015-02-23,Minimum variance,0.0
2015-02-24,Minimum variance,0.0
2015-02-25,Minimum variance,0.0
2015-02-26,Minimum variance,0.0
2015-02-27,Minimum variance,0.0
2015-03-02,Minimum variance,0.0
2015-03-03,Minimum variance,0.0
2015-03-04,Minimum variance,0.0
2015-03-05,Minimum variance,0.0
2015-03-09,Minimum variance,0.0
2015-03-10,Minimum variance,0.0
2015-03-11,Minimum variance,0.0
2015-03-12,Minimum variance,0.0
2015-03-13,Minimum variance,0.0
2015-03-16,Minimum variance,0.0
2015-03-17,Minimum variance,0.006684698005202869
2015-03-18,Minimum variance,0.0
2015-03-19,Minimum variance,0.0
2015-03-20,Minimum variance,0.0
2015-03-23,Minimum variance,0.0
2015-03-24,Minimum variance,0.0
2015-03-25,Minimum variance,0.0
2015-03-26,Minimum variance,0.0
2015-03-27,Minimum variance,0.0
2015-03-30,Minimum variance,0.0
2015-03-31,Minimum variance,0.0
2015-04-01,Minimum variance,0.0
2015-04-06,Minimum variance,0.0
2015-04-07,Minimum variance,0.0
2015-04-08,Minimum variance,0.0
2015-04-09,Minimum variance,0.0
2015-04-10,Minimum variance,0.0
2015-04-13,Minimum variance,0.0
2015-04-15,Minimum variance,0.0
2015-04-16,Minimum variance,0.0
2015-04-17,Minimum variance,0.0
2015-04-20,Minimum variance,0.0017755381012491064
2015-04-21,Minimum variance,0.0
2015-04-22,Minimum variance,0.0
2015-04-23,Minimum variance,0.0
2015-04-24,Minimum variance,0.0
2015-04-27,Minimum variance,0.0
2015-04-28,Minimum variance,0.0
2015-04-29,Minimum variance,0.0
2015-04-30,Minimum variance,0.0
2015-05-04,Minimum variance,0.0
2015-05-05,Minimum variance,0.0
2015-05-06,Minimum variance,0.0
2015-05-07,Minimum variance,0.0
2015-05-08,Minimum variance,0.0
2015-05-11,Minimum variance,0.0
2015-05-12,Minimum variance,0.0
2015-05-13,Minimum variance,0.0
2015-05-14,Minimum variance,0.0
2015-05-15,Minimum variance,0.0
2015-05-18,Minimum variance,0.0
2015-05-19,Minimum variance,0.0
2015-05-20,Minimum variance,0.00212895955561148
2015-05-21,Minimum variance,0.0
2015-05-22,Minimum variance,0.0
2015-05-25,Minimum variance,0.0
2015-05-26,Minimum variance,0.0
2015-05-27,Minimum variance,0.0
2015-05-28,Minimum variance,0.0
2015-05-29,Minimum variance,0.0
2015-06-01,Minimum variance,0.0
2015-06-02,Minimum variance,0.0
2015-06-03,Minimum variance,0.0
2015-06-04,Minimum variance,0.0
2015-06-05,Minimum variance,0.0
2015-06-08,Minimum variance,0.0
2015-06-09,Minimum variance,0.0
2015-06-10,Minimum variance,0.0
2015-06-11,Minimum variance,0.0
2015-06-12,Minimum variance,0.0
2015-06-15,Minimum variance,0.0
2015-06-16,Minimum variance,0.0
2015-06-17,Minimum variance,0.0
2015-06-18,Minimum variance,0.007834744062172896
2015-06-19,Minimum variance,0.0
2015-06-22,Minimum variance,0.0
2015-06-23,Minimum variance,0.0
2015-06-24,Minimum variance,0.0
2015-06-25,Minimum variance,0.0
2015-06-26,Minimum variance,0.0
2015-06-29,Minimum variance,0.0
2015-06-30,Minimum variance,0.0
2015-07-01,Minimum variance,0.0
2015-07-02,Minimum variance,0.0
2015-07-03,Minimum variance,0.0
2015-07-06,Minimum variance,0.0
2015-07-07,Minimum variance,0.0
2015-07-08,Minimum variance,0.0
2015-07-09,Minimum variance,0.0
2015-07-10,Minimum variance,0.0
2015-07-13,Minimum variance,0.0
2015-07-14,Minimum variance,0.0
2015-07-15,Minimum variance,0.0
2015-07-16,Minimum variance,0.0
2015-07-17,Minimum variance,0.006996121791710386
2015-07-20,Minimum variance,0.0
2015-07-21,Minimum variance,0.0
2015-07-22,Minimum variance,0.0
2015-07-23,Minimum variance,0.0
2015-07-24,Minimum variance,0.0
2015-07-27,Minimum variance,0.0
2015-07-28,Minimum variance,0.0
2015-07-29,Minimum variance,0.0
2015-07-30,Minimum variance,0.0
2015-07-31,Minimum variance,0.0
2015-08-03,Minimum variance,0.0
2015-08-04,Minimum variance,0.0
2015-08-05,Minimum variance,0.0
2015-08-06,Minimum variance,0.0
2015-08-07,Minimum variance,0.0
2015-08-10,Minimum variance,0.0
2015-08-11,Minimum variance,0.0
2015-08-12,Minimum variance,0.0
2015-08-13,Minimum variance,0.0
2015-08-14,Minimum variance,0.0
2015-08-17,Minimum variance,0.0013811764764009513
2015-08-18,Minimum variance,0.0
2015-08-19,Minimum variance,0.0
2015-08-20,Minimum variance,0.0
2015-08-21,Minimum variance,0.0
2015-08-24,Minimum variance,0.0
2015-08-25,Minimum variance,0.0
2015-08-26,Minimum variance,0.0
2015-08-27,Minimum variance,0.0
2015-08-28,Minimum variance,0.0
2015-08-31,Minimum variance,0.0
2015-09-01,Minimum variance,0.0
2015-09-02,Minimum variance,0.0
2015-09-03,Minimum variance,0.0
2015-09-04,Minimum variance,0.0
2015-09-07,Minimum variance,0.0
2015-09-08,Minimum variance,0.0
2015-09-09,Minimum variance,0.0
2015-09-10,Minimum variance,0.0
2015-09-11,Minimum variance,0.0
2015-09-14,Minimum variance,0.0
2015-09-15,Minimum variance,0.005705669290201193
2015-09-16,Minimum variance,0.0
2015-09-18,Minimum variance,0.0
2015-09-21,Minimum variance,0.0
2015-09-22,Minimum variance,0.0
2015-09-23,Minimum variance,0.0
2015-09-24,Minimum variance,0.0
2015-09-28,Minimum variance,0.0
2015-09-29,Minimum variance,0.0
2015-09-30,Minimum variance,0.0
2015-10-01,Minimum variance,0.0
2015-10-05,Minimum variance,0.0
2015-10-06,Minimum variance,0.0
2015-10-07,Minimum variance,0.0
2015-10-08,Minimum variance,0.0
2015-10-09,Minimum variance,0.0
2015-10-12,Minimum variance,0.0
2015-10-13,Minimum variance,0.0
2015-10-14,Minimum variance,0.0
2015-10-15,Minimum variance,0.0
2015-10-16,Minimum variance,0.0
2015-10-19,Minimum variance,0.005417599087947263
2015-10-20,Minimum variance,0.0
2015-10-21,Minimum variance,0.0
2015-10-23,Minimum variance,0.0
2015-10-26,Minimum variance,0.0
2015-10-27,Minimum variance,0.0
2015-10-28,Minimum variance,0.0
2015-10-29,Minimum variance,0.0
2015-10-30,Minimum variance,0.0
2015-11-02,Minimum variance,0.0
2015-11-03,Minimum variance,0.0
2015-11-04,Minimum variance,0.0
2015-11-05,Minimum variance,0.0
2015-11-06,Minimum variance,0.0
2015-11-09,Minimum variance,0.0
2015-11-10,Minimum variance,0.0
2015-11-13,Minimum variance,0.0
2015-11-16,Minimum variance,0.0
2015-11-17,Minimum variance,0.0
2015-11-18,Minimum variance,0.0
2015-11-19,Minimum variance,0.0
2015-11-20,Minimum variance,0.008265306096611053
2015-11-23,Minimum variance,0.0
2015-11-24,Minimum variance,0.0
2015-11-26,Minimum variance,0.0
2015-11-27,Minimum variance,0.0
2015-11-30,Minimum variance,0.0
2015-12-01,Minimum variance,0.0
2015-12-02,Minimum variance,0.0
2015-12-03,Minimum variance,0.0
2015-12-04,Minimum variance,0.0
2015-12-07,Minimum variance,0.0
2015-12-08,Minimum variance,0.0
2015-12-09,Minimum variance,0.0
2015-12-10,Minimum variance,0.0
2015-12-11,Minimum variance,0.0
2015-12-14,Minimum variance,0.0
2015-12-15,Minimum variance,0.0
2015-12-16,Minimum variance,0.0
2015-12-17,Minimum variance,0.0
2015-12-18,Minimum variance,0.0
2015-12-21,Minimum variance,0.0
2015-12-22,Minimum variance,0.0034468323368619935
2015-12-23,Minimum variance,0.0
2015-12-24,Minimum variance,0.0
2015-12-28,Minimum variance,0.0
2015-12-29,Minimum variance,0.0
2015-12-30,Minimum variance,0.0
2015-12-31,Minimum variance,0.0
2016-01-01,Minimum variance,0.0
2016-01-04,Minimum variance,0.0
2016-01-05,Minimum variance,0.0
2016-01-06,Minimum variance,0.0
2016-01-07,Minimum variance,0.0
2016-01-08,Minimum variance,0.0
2016-01-11,Minimum variance,0.0
2016-01-12,Minimum variance,0.0
2016-01-13,Minimum variance,0.0
2016-01-14,Minimum variance,0.0
2016-01-15,Minimum variance,0.0
2016-01-18,Minimum variance,0.0
2016-01-19,Minimum variance,0.0
2016-01-20,Minimum variance,0.0
2016-01-21,Minimum variance,0.00573541059578336
2016-01-22,Minimum variance,0.0
2016-01-25,Minimum variance,0.0
2016-01-27,Minimum variance,0.0
2016-01-28,Minimum variance,0.0
2016-01-29,Minimum variance,0.0
2016-02-01,Minimum variance,0.0
2016-02-02,Minimum variance,0.0
2016-02-03,Minimum variance,0.0
2016-02-04,Minimum variance,0.0
2016-02-05,Minimum variance,0.0
2016-02-08,Minimum variance,0.0
2016-02-09,Minimum variance,0.0
2016-02-10,Minimum variance,0.0
2016-02-11,Minimum variance,0.0
2016-02-12,Minimum variance,0.0
2016-02-15,Minimum variance,0.0
2016-02-16,Minimum variance,0.0
2016-02-17,Minimum variance,0.0
2016-02-18,Minimum variance,0.0
2016-02-19,Minimum variance,0.0
2016-02-22,Minimum variance,0.007381796529196606
2016-02-23,Minimum variance,0.0
2016-02-24,Minimum variance,0.0
2016-02-25,Minimum variance,0.0
2016-02-26,Minimum variance,0.0
2016-02-29,Minimum variance,0.0
2016-03-01,Minimum variance,0.0
2016-03-02,Minimum variance,0.0
2016-03-03,Minimum variance,0.0
2016-03-04,Minimum variance,0.0
2016-03-08,Minimum variance,0.0
2016-03-09,Minimum variance,0.0
2016-03-10,Minimum variance,0.0
2016-03-11,Minimum variance,0.0
2016-03-14,Minimum variance,0.0
2016-03-15,Minimum variance,0.0
2016-03-16,Minimum variance,0.0
2016-03-17,Minimum variance,0.0
2016-03-18,Minimum variance,0.0
2016-03-21,Minimum variance,0.0
2016-03-22,Minimum variance,0.0
2016-03-23,Minimum variance,0.002565017553922057
2016-03-28,Minimum variance,0.0
2016-03-29,Minimum variance,0.0
2016-03-30,Minimum variance,0.0
2016-03-31,Minimum variance,0.0
2016-04-01,Minimum variance,0.0
2016-04-04,Minimum variance,0.0
2016-04-05,Minimum variance,0.0
2016-04-06,Minimum variance,0.0
2016-04-07,Minimum variance,0.0
2016-04-08,Minimum variance,0.0
2016-04-11,Minimum variance,0.0
2016-04-12,Minimum variance,0.0
2016-04-13,Minimum variance,0.0
2016-04-18,Minimum variance,0.0
2016-04-20,Minimum variance,0.0
2016-04-21,Minimum variance,0.0
2016-04-22,Minimum variance,0.0
2016-04-25,Minimum variance,0.0
2016-04-26,Minimum variance,0.0
2016-04-27,Minimum variance,0.0
2016-04-28,Minimum variance,0.004904833828461991
2016-04-29,Minimum variance,0.0
2016-05-02,Minimum variance,0.0
2016-05-03,Minimum variance,0.0
2016-05-04,Minimum variance,0.0
2016-05-05,Minimum variance,0.0
2016-05-06,Minimum variance,0.0
2016-05-09,Minimum variance,0.0
2016-05-10,Minimum variance,0.0
2016-05-11,Minimum variance,0.0
2016-05-12,Minimum variance,0.0
2016-05-13,Minimum variance,0.0
2016-05-16,Minimum variance,0.0
2016-05-17,Minimum variance,0.0
2016-05-18,Minimum variance,0.0
2016-05-19,Minimum variance,0.0
2016-05-20,Minimum variance,0.0
2016-05-23,Minimum variance,0.0
2016-05-24,Minimum variance,0.0
2016-05-25,Minimum variance,0.0
2016-05-26,Minimum variance,0.0
2016-05-27,Minimum variance,0.001485512044258952
2016-05-30,Minimum variance,0.0
2016-05-31,Minimum variance,0.0
2016-06-01,Minimum variance,0.0
2016-06-02,Minimum variance,0.0
2016-06-03,Minimum variance,0.0
2016-06-06,Minimum variance,0.0
2016-06-07,Minimum variance,0.0
2016-06-08,Minimum variance,0.0
2016-06-09,Minimum variance,0.0
2016-06-10,Minimum variance,0.0
2016-06-13,Minimum variance,0.0
2016-06-14,Minimum variance,0.0
2016-06-15,Minimum variance,0.0
2016-06-16,Minimum variance,0.0
2016-06-17,Minimum variance,0.0
2016-06-20,Minimum variance,0.0
2016-06-21,Minimum variance,0.0
2016-06-22,Minimum variance,0.0
2016-06-23,Minimum variance,0.0
2016-06-24,Minimum variance,0.0
2016-06-27,Minimum variance,0.013301601902824887
2016-06-28,Minimum variance,0.0
2016-06-29,Minimum variance,0.0
2016-06-30,Minimum variance,0.0
2016-07-01,Minimum variance,0.0
2016-07-04,Minimum variance,0.0
2016-07-05,Minimum variance,0.0
2016-07-07,Minimum variance,0.0
2016-07-08,Minimum variance,0.0
2016-07-11,Minimum variance,0.0
2016-07-12,Minimum variance,0.0
2016-07-13,Minimum variance,0.0
2016-07-14,Minimum variance,0.0
2016-07-15,Minimum variance,0.0
2016-07-18,Minimum variance,0.0
2016-07-19,Minimum variance,0.0
2016-07-20,Minimum variance,0.0
2016-07-21,Minimum variance,0.0
2016-07-22,Minimum variance,0.0
2016-07-25,Minimum variance,0.0
2016-07-26,Minimum variance,0.0
2016-07-27,Minimum variance,0.004304402770011137
2016-07-28,Minimum variance,0.0
2016-07-29,Minimum variance,0.0
2016-08-01,Minimum variance,0.0
2016-08-02,Minimum variance,0.0
2016-08-03,Minimum variance,0.0
2016-08-04,Minimum variance,0.0
2016-08-05,Minimum variance,0.0
2016-08-08,Minimum variance,0.0
2016-08-09,Minimum variance,0.0
2016-08-10,Minimum variance,0.0
2016-08-11,Minimum variance,0.0
2016-08-12,Minimum variance,0.0
2016-08-16,Minimum variance,0.0
2016-08-17,Minimum variance,0.0
2016-08-18,Minimum variance,0.0
2016-08-19,Minimum variance,0.0
2016-08-22,Minimum variance,0.0
2016-08-23,Minimum variance,0.0
2016-08-24,Minimum variance,0.0
2016-08-25,Minimum variance,0.0
2016-08-26,Minimum variance,0.0036552255384090307
2016-08-29,Minimum variance,0.0
2016-08-30,Minimum variance,0.0
2016-08-31,Minimum variance,0.0
2016-09-01,Minimum variance,0.0
2016-09-02,Minimum variance,0.0
2016-09-06,Minimum variance,0.0
2016-09-07,Minimum variance,0.0
2016-09-08,Minimum variance,0.0
2016-09-09,Minimum variance,0.0
2016-09-12,Minimum variance,0.0
2016-09-14,Minimum variance,0.0
2016-09-15,Minimum variance,0.0
2016-09-16,Minimum variance,0.0
2016-09-19,Minimum variance,0.0
2016-09-20,Minimum variance,0.0
2016-09-21,Minimum variance,0.0
2016-09-22,Minimum variance,0.0
2016-09-23,Minimum variance,0.0
2016-09-26,Minimum variance,0.0
2016-09-27,Minimum variance,0.0
2016-09-28,Minimum variance,0.004256994892524617
2016-09-29,Minimum variance,0.0
2016-09-30,Minimum variance,0.0
2016-10-03,Minimum variance,0.0
2016-10-04,Minimum variance,0.0
2016-10-05,Minimum variance,0.0
2016-10-06,Minimum variance,0.0
2016-10-07,Minimum variance,0.0
2016-10-10,Minimum variance,0.0
2016-10-13,Minimum variance,0.0
2016-10-14,Minimum variance,0.0
2016-10-17,Minimum variance,0.0
2016-10-18,Minimum variance,0.0
2016-10-19,Minimum variance,0.0
2016-10-20,Minimum variance,0.0
2016-10-21,Minimum variance,0.0
2016-10-24,Minimum variance,0.0
2016-10-25,Minimum variance,0.0
2016-10-26,Minimum variance,0.0
2016-10-27,Minimum variance,0.0
2016-10-28,Minimum variance,0.0
2016-11-01,Minimum variance,0.004297410547590794
2016-11-02,Minimum variance,0.0
2016-11-03,Minimum variance,0.0
2016-11-04,Minimum variance,0.0
2016-11-07,Minimum variance,0.0
2016-11-08,Minimum variance,0.0
2016-11-09,Minimum variance,0.0
2016-11-10,Minimum variance,0.0
2016-11-11,Minimum variance,0.0
2016-11-15,Minimum variance,0.0
2016-11-16,Minimum variance,0.0
2016-11-17,Minimum variance,0.0
2016-11-18,Minimum variance,0.0
2016-11-21,Minimum variance,0.0
2016-11-22,Minimum variance,0.0
2016-11-23,Minimum variance,0.0
2016-11-24,Minimum variance,0.0
2016-11-25,Minimum variance,0.0
2016-11-28,Minimum variance,0.0
2016-11-29,Minimum variance,0.0
2016-11-30,Minimum variance,0.0
2016-12-01,Minimum variance,0.008163536049408136
2016-12-02,Minimum variance,0.0
2016-12-05,Minimum variance,0.0
2016-12-06,Minimum variance,0.0
2016-12-07,Minimum variance,0.0
2016-12-08,Minimum variance,0.0
2016-12-09,Minimum variance,0.0
2016-12-12,Minimum variance,0.0
2016-12-13,Minimum variance,0.0
2016-12-14,Minimum variance,0.0
2016-12-15,Minimum variance,0.0
2016-12-16,Minimum variance,0.0
2016-12-19,Minimum variance,0.0
2016-12-20,Minimum variance,0.0
2016-12-21,Minimum variance,0.0
2016-12-22,Minimum variance,0.0
2016-12-23,Minimum variance,0.0
2016-12-26,Minimum variance,0.0
2016-12-27,Minimum variance,0.0
2016-12-28,Minimum variance,0.0
2016-12-29,Minimum variance,0.0
2016-12-30,Minimum variance,0.003136693227891417
2017-01-02,Minimum variance,0.0
2017-01-03,Minimum variance,0.0
2017-01-04,Minimum variance,0.0
2017-01-05,Minimum variance,0.0
2017-01-06,Minimum variance,0.0
2017-01-09,Minimum variance,0.0
2017-01-10,Minimum variance,0.0
2017-01-11,Minimum variance,0.0
2017-01-12,Minimum variance,0.0
2017-01-13,Minimum variance,0.0
2017-01-16,Minimum variance,0.0
2017-01-17,Minimum variance,0.0
2017-01-18,Minimum variance,0.0
2017-01-19,Minimum variance,0.0
2017-01-20,Minimum variance,0.0
2017-01-23,Minimum variance,0.0
2017-01-24,Minimum variance,0.0
2017-01-25,Minimum variance,0.0
2017-01-27,Minimum variance,0.0
2017-01-30,Minimum variance,0.0
2017-01-31,Minimum variance,0.005223083921183334
2017-02-01,Minimum variance,0.0
2017-02-02,Minimum variance,0.0
2017-02-03,Minimum variance,0.0
2017-02-06,Minimum variance,0.0
2017-02-07,Minimum variance,0.0
2017-02-08,Minimum variance,0.0
2017-02-09,Minimum variance,0.0
2017-02-10,Minimum variance,0.0
2017-02-13,Minimum variance,0.0
2017-02-14,Minimum variance,0.0
2017-02-15,Minimum variance,0.0
2017-02-16,Minimum variance,0.0
2017-02-17,Minimum variance,0.0
2017-02-20,Minimum variance,0.0
2017-02-21,Minimum variance,0.0
2017-02-22,Minimum variance,0.0
2017-02-23,Minimum variance,0.0
2017-02-27,Minimum variance,0.0
2017-02-28,Minimum variance,0.0
2017-03-01,Minimum variance,0.0
2017-03-02,Minimum variance,0.005930908794960936
2017-03-03,Minimum variance,0.0
2017-03-06,Minimum variance,0.0
2017-03-07,Minimum variance,0.0
2017-03-08,Minimum variance,0.0
2017-03-09,Minimum variance,0.0
2017-03-10,Minimum variance,0.0
2017-03-14,Minimum variance,0.0
2017-03-15,Minimum variance,0.0
2017-03-16,Minimum variance,0.0
2017-03-17,Minimum variance,0.0
2017-03-20,Minimum variance,0.0
2017-03-21,Minimum variance,0.0
2017-03-22,Minimum variance,0.0
2017-03-23,Minimum variance,0.0
2017-03-24,Minimum variance,0.0
2017-03-27,Minimum variance,0.0
2017-03-28,Minimum variance,0.0
2017-03-29,Minimum variance,0.0
2017-03-30,Minimum variance,0.0
2017-03-31,Minimum variance,0.0
2017-04-03,Minimum variance,0.0025529568059526123
2017-04-05,Minimum variance,0.0
2017-04-06,Minimum variance,0.0
2017-04-07,Minimum variance,0.0
2017-04-10,Minimum variance,0.0
2017-04-11,Minimum variance,0.0
2017-04-12,Minimum variance,0.0
2017-04-13,Minimum variance,0.0
2017-04-17,Minimum variance,0.0
2017-04-18,Minimum variance,0.0
2017-04-19,Minimum variance,0.0
2017-04-20,Minimum variance,0.0
2017-04-21,Minimum variance,0.0
2017-04-24,Minimum variance,0.0
2017-04-25,Minimum variance,0.0
2017-04-26,Minimum variance,0.0
2017-04-27,Minimum variance,0.0
2017-04-28,Minimum variance,0.0
2017-05-02,Minimum variance,0.0
2017-05-03,Minimum variance,0.0
2017-05-04,Minimum variance,0.0
2017-05-05,Minimum variance,0.003442176857385938
2017-05-08,Minimum variance,0.0
2017-05-09,Minimum variance,0.0
2017-05-10,Minimum variance,0.0
2017-05-11,Minimum variance,0.0
2017-05-12,Minimum variance,0.0
2017-05-15,Minimum variance,0.0
2017-05-16,Minimum variance,0.0
2017-05-17,Minimum variance,0.0
2017-05-18,Minimum variance,0.0
2017-05-19,Minimum variance,0.0
2017-05-22,Minimum variance,0.0
2017-05-23,Minimum variance,0.0
2017-05-24,Minimum variance,0.0
2017-05-25,Minimum variance,0.0
2017-05-26,Minimum variance,0.0
2017-05-29,Minimum variance,0.0
2017-05-30,Minimum variance,0.0
2017-05-31,Minimum variance,0.0
2017-06-01,Minimum variance,0.0
2017-06-02,Minimum variance,0.0
2017-06-05,Minimum variance,0.004645047451472352
2017-06-06,Minimum variance,0.0
2017-06-07,Minimum variance,0.0
2017-06-08,Minimum variance,0.0
2017-06-09,Minimum variance,0.0
2017-06-12,Minimum variance,0.0
2017-06-13,Minimum variance,0.0
2017-06-14,Minimum variance,0.0
2017-06-15,Minimum variance,0.0
2017-06-16,Minimum variance,0.0
2017-06-19,Minimum variance,0.0
2017-06-20,Minimum variance,0.0
2017-06-21,Minimum variance,0.0
2017-06-22,Minimum variance,0.0
2017-06-23,Minimum variance,0.0
2017-06-27,Minimum variance,0.0
2017-06-28,Minimum variance,0.0
2017-06-29,Minimum variance,0.0
2017-06-30,Minimum variance,0.0
2017-07-03,Minimum variance,0.0
2017-07-04,Minimum variance,0.0
2017-07-05,Minimum variance,0.011791710429879677
2017-07-06,Minimum variance,0.0
2017-07-07,Minimum variance,0.0
2017-07-10,Minimum variance,0.0
2017-07-11,Minimum variance,0.0
2017-07-12,Minimum variance,0.0
2017-07-13,Minimum variance,0.0
2017-07-14,Minimum variance,0.0
2017-07-17,Minimum variance,0.0
2017-07-18,Minimum variance,0.0
2017-07-19,Minimum variance,0.0
2017-07-20,Minimum variance,0.0
2017-07-21,Minimum variance,0.0
2017-07-24,Minimum variance,0.0
2017-07-25,Minimum variance,0.0
2017-07-26,Minimum variance,0.0
2017-07-27,Minimum variance,0.0
2017-07-28,Minimum variance,0.0
2017-07-31,Minimum variance,0.0
2017-08-01,Minimum variance,0.0
2017-08-02,Minimum variance,0.0
2017-08-03,Minimum variance,0.0027380840283616342
2017-08-04,Minimum variance,0.0
2017-08-07,Minimum variance,0.0
2017-08-08,Minimum variance,0.0
2017-08-09,Minimum variance,0.0
2017-08-10,Minimum variance,0.0
2017-08-11,Minimum variance,0.0
2017-08-14,Minimum variance,0.0
2017-08-16,Minimum variance,0.0
2017-08-17,Minimum variance,0.0
2017-08-18,Minimum variance,0.0
2017-08-21,Minimum variance,0.0
2017-08-22,Minimum variance,0.0
2017-08-23,Minimum variance,0.0
2017-08-24,Minimum variance,0.0
2017-08-28,Minimum variance,0.0
2017-08-29,Minimum variance,0.0
2017-08-30,Minimum variance,0.0
2017-08-31,Minimum variance,0.0
2017-09-01,Minimum variance,0.0
2017-09-04,Minimum variance,0.0
2017-09-05,Minimum variance,0.004028044966868108
2017-09-06,Minimum variance,0.0
2017-09-07,Minimum variance,0.0
2017-09-08,Minimum variance,0.0
2017-09-11,Minimum variance,0.0
2017-09-12,Minimum variance,0.0
2017-09-13,Minimum variance,0.0
2017-09-14,Minimum variance,0.0
2017-09-15,Minimum variance,0.0
2017-09-18,Minimum variance,0.0
2017-09-19,Minimum variance,0.0
2017-09-20,Minimum variance,0.0
2017-09-21,Minimum variance,0.0
2017-09-22,Minimum variance,0.0
2017-09-25,Minimum variance,0.0
2017-09-26,Minimum variance,0.0
2017-09-27,Minimum variance,0.0
2017-09-28,Minimum variance,0.0
2017-09-29,Minimum variance,0.0
2017-10-03,Minimum variance,0.0
2017-10-04,Minimum variance,0.0
2017-10-05,Minimum variance,0.002779953241193872
2017-10-06,Minimum variance,0.0
2017-10-09,Minimum variance,0.0
2017-10-10,Minimum variance,0.0
2017-10-11,Minimum variance,0.0
2017-10-12,Minimum variance,0.0
2017-10-13,Minimum variance,0.0
2017-10-16,Minimum variance,0.0
2017-10-17,Minimum variance,0.0
2017-10-18,Minimum variance,0.0
2017-10-19,Minimum variance,0.0
2017-10-23,Minimum variance,0.0
2017-10-24,Minimum variance,0.0
2017-10-25,Minimum variance,0.0
2017-10-26,Minimum variance,0.0
2017-10-27,Minimum variance,0.0
2017-10-30,Minimum variance,0.0
2017-10-31,Minimum variance,0.0
2017-11-01,Minimum variance,0.0
2017-11-02,Minimum variance,0.0
2017-11-03,Minimum variance,0.0
2017-11-06,Minimum variance,0.0026995692524356407
2017-11-07,Minimum variance,0.0
2017-11-08,Minimum variance,0.0
2017-11-09,Minimum variance,0.0
2017-11-10,Minimum variance,0.0
2017-11-13,Minimum variance,0.0
2017-11-14,Minimum variance,0.0
2017-11-15,Minimum variance,0.0
2017-11-16,Minimum variance,0.0
2017-11-17,Minimum variance,0.0
2017-11-20,Minimum variance,0.0
2017-11-21,Minimum variance,0.0
2017-11-22,Minimum variance,0.0
2017-11-23,Minimum variance,0.0
2017-11-24,Minimum variance,0.0
2017-11-27,Minimum variance,0.0
2017-11-28,Minimum variance,0.0
2017-11-29,Minimum variance,0.0
2017-11-30,Minimum variance,0.0
2017-12-01,Minimum variance,0.0
2017-12-04,Minimum variance,0.0
2017-12-05,Minimum variance,0.009341834816610682
2017-12-06,Minimum variance,0.0
2017-12-07,Minimum variance,0.0
2017-12-08,Minimum variance,0.0
2017-12-11,Minimum variance,0.0
2017-12-12,Minimum variance,0.0
2017-12-13,Minimum variance,0.0
2017-12-14,Minimum variance,0.0
2017-12-15,Minimum variance,0.0
2017-12-18,Minimum variance,0.0
2017-12-19,Minimum variance,0.0
2017-12-20,Minimum variance,0.0
2017-12-21,Minimum variance,0.0
2017-12-22,Minimum variance,0.0
2017-12-26,Minimum variance,0.0
2017-12-27,Minimum variance,0.0
2017-12-28,Minimum variance,0.0
2017-12-29,Minimum variance,0.0
2018-01-01,Minimum variance,0.0
2018-01-02,Minimum variance,0.0
2018-01-03,Minimum variance,0.0
2018-01-04,Minimum variance,0.0030230639762575603
2018-01-05,Minimum variance,0.0
2018-01-08,Minimum variance,0.0
2018-01-09,Minimum variance,0.0
2018-01-10,Minimum variance,0.0
2018-01-11,Minimum variance,0.0
2018-01-12,Minimum variance,0.0
2018-01-15,Minimum variance,0.0
2018-01-16,Minimum variance,0.0
2018-01-17,Minimum variance,0.0
2018-01-18,Minimum variance,0.0
2018-01-19,Minimum variance,0.0
2018-01-22,Minimum variance,0.0
2018-01-23,Minimum variance,0.0
2018-01-24,Minimum variance,0.0
2018-01-25,Minimum variance,0.0
2018-01-29,Minimum variance,0.0
2018-01-30,Minimum variance,0.0
2018-01-31,Minimum variance,0.0
2018-02-01,Minimum variance,0.0
2018-02-02,Minimum variance,0.0
2018-02-05,Minimum variance,0.006643528735736252
2018-02-06,Minimum variance,0.0
2018-02-07,Minimum variance,0.0
2018-02-08,Minimum variance,0.0
2018-02-09,Minimum variance,0.0
2018-02-12,Minimum variance,0.0
2018-02-14,Minimum variance,0.0
2018-02-15,Minimum variance,0.0
2018-02-16,Minimum variance,0.0
2018-02-19,Minimum variance,0.0
2018-02-20,Minimum variance,0.0
2018-02-21,Minimum variance,0.0
2018-02-22,Minimum variance,0.0
2018-02-23,Minimum variance,0.0
2018-02-26,Minimum variance,0.0
2018-02-27,Minimum variance,0.0
2018-02-28,Minimum variance,0.0
2018-03-01,Minimum variance,0.0
2018-03-05,Minimum variance,0.0
2018-03-06,Minimum variance,0.0
2018-03-07,Minimum variance,0.0
2018-03-08,Minimum variance,0.003191284542105266
2018-03-09,Minimum variance,0.0
2018-03-12,Minimum variance,0.0
2018-03-13,Minimum variance,0.0
2018-03-14,Minimum variance,0.0
2018-03-15,Minimum variance,0.0
2018-03-16,Minimum variance,0.0
2018-03-19,Minimum variance,0.0
2018-03-20,Minimum variance,0.0
2018-03-21,Minimum variance,0.0
2018-03-22,Minimum variance,0.0
2018-03-23,Minimum variance,0.0
2018-03-26,Minimum variance,0.0
2018-03-27,Minimum variance,0.0
2018-03-28,Minimum variance,0.0
2018-04-02,Minimum variance,0.0
2018-04-03,Minimum variance,0.0
2018-04-04,Minimum variance,0.0
2018-04-05,Minimum variance,0.0
2018-04-06,Minimum variance,0.0
2018-04-09,Minimum variance,0.0
2018-04-10,Minimum variance,0.006217227615127954
2018-04-11,Minimum variance,0.0
2018-04-12,Minimum variance,0.0
2018-04-13,Minimum variance,0.0
2018-04-16,Minimum variance,0.0
2018-04-17,Minimum variance,0.0
2018-04-18,Minimum variance,0.0
2018-04-19,Minimum variance,0.0
2018-04-20,Minimum variance,0.0
2018-04-23,Minimum variance,0.0
2018-04-24,Minimum variance,0.0
2018-04-25,Minimum variance,0.0
2018-04-26,Minimum variance,0.0
2018-04-27,Minimum variance,0.0
2018-04-30,Minimum variance,0.0
2018-05-02,Minimum variance,0.0
2018-05-03,Minimum variance,0.0
2018-05-04,Minimum variance,0.0
2018-05-07,Minimum variance,0.0
2018-05-08,Minimum variance,0.0
2018-05-09,Minimum variance,0.0
2018-05-10,Minimum variance,0.004893295901523612
2018-05-11,Minimum variance,0.0
2018-05-14,Minimum variance,0.0
2018-05-15,Minimum variance,0.0
2018-05-16,Minimum variance,0.0
2018-05-17,Minimum variance,0.0
2018-05-18,Minimum variance,0.0
2018-05-21,Minimum variance,0.0
2018-05-22,Minimum variance,0.0
2018-05-23,Minimum variance,0.0
2018-05-24,Minimum variance,0.0
2018-05-25,Minimum variance,0.0
2018-05-28,Minimum variance,0.0
2018-05-29,Minimum variance,0.0
2018-05-30,Minimum variance,0.0
2018-05-31,Minimum variance,0.0
2018-06-01,Minimum variance,0.0
2018-06-04,Minimum variance,0.0
2018-06-05,Minimum variance,0.0
2018-06-06,Minimum variance,0.0
2018-06-07,Minimum variance,0.0
2018-06-08,Minimum variance,0.005628830806757738
2018-06-11,Minimum variance,0.0
2018-06-12,Minimum variance,0.0
2018-06-13,Minimum variance,0.0
2018-06-14,Minimum variance,0.0
2018-06-15,Minimum variance,0.0
2018-06-18,Minimum variance,0.0
2018-06-19,Minimum variance,0.0
2018-06-20,Minimum variance,0.0
2018-06-21,Minimum variance,0.0
2018-06-22,Minimum variance,0.0
2018-06-25,Minimum variance,0.0
2018-06-26,Minimum variance,0.0
2018-06-27,Minimum variance,0.0
2018-06-28,Minimum variance,0.0
2018-06-29,Minimum variance,0.0
2018-07-02,Minimum variance,0.0
2018-07-03,Minimum variance,0.0
2018-07-04,Minimum variance,0.0
2018-07-05,Minimum variance,0.0
2018-07-06,Minimum variance,0.0
2018-07-09,Minimum variance,0.0039039813180320945
2018-07-10,Minimum variance,0.0
2018-07-11,Minimum variance,0.0
2018-07-12,Minimum variance,0.0
2018-07-13,Minimum variance,0.0
2018-07-16,Minimum variance,0.0
2018-07-17,Minimum variance,0.0
2018-07-18,Minimum variance,0.0
2018-07-19,Minimum variance,0.0
2018-07-20,Minimum variance,0.0
2018-07-23,Minimum variance,0.0
2018-07-24,Minimum variance,0.0
2018-07-25,Minimum variance,0.0
2018-07-26,Minimum variance,0.0
2018-07-27,Minimum variance,0.0
2018-07-30,Minimum variance,0.0
2018-07-31,Minimum variance,0.0
2018-08-01,Minimum variance,0.0
2018-08-02,Minimum variance,0.0
2018-08-03,Minimum variance,0.0
2018-08-06,Minimum variance,0.0
2018-08-07,Minimum variance,0.004732333027697183
2018-08-08,Minimum variance,0.0
2018-08-09,Minimum variance,0.0
2018-08-10,Minimum variance,0.0
2018-08-13,Minimum variance,0.0
2018-08-14,Minimum variance,0.0
2018-08-16,Minimum variance,0.0
2018-08-17,Minimum variance,0.0
2018-08-20,Minimum variance,0.0
2018-08-21,Minimum variance,0.0
2018-08-23,Minimum variance,0.0
2018-08-24,Minimum variance,0.0
2018-08-27,Minimum variance,0.0
2018-08-28,Minimum variance,0.0
2018-08-29,Minimum variance,0.0
2018-08-30,Minimum variance,0.0
2018-08-31,Minimum variance,0.0
2018-09-03,Minimum variance,0.0
2018-09-04,Minimum variance,0.0
2018-09-05,Minimum variance,0.0
2018-09-06,Minimum variance,0.0
2018-09-07,Minimum variance,0.0052912744606552695
2018-09-10,Minimum variance,0.0
2018-09-11,Minimum variance,0.0
2018-09-12,Minimum variance,0.0
2018-09-14,Minimum variance,0.0
2018-09-17,Minimum variance,0.0
2018-09-18,Minimum variance,0.0
2018-09-19,Minimum variance,0.0
2018-09-21,Minimum variance,0.0
2018-09-24,Minimum variance,0.0
2018-09-25,Minimum variance,0.0
2018-09-26,Minimum variance,0.0
2018-09-27,Minimum variance,0.0
2018-09-28,Minimum variance,0.0
2018-10-01,Minimum variance,0.0
2018-10-03,Minimum variance,0.0
2018-10-04,Minimum variance,0.0
2018-10-05,Minimum variance,0.0
2018-10-08,Minimum variance,0.0
2018-10-09,Minimum variance,0.0
2018-10-10,Minimum variance,0.0
2018-10-11,Minimum variance,0.004539379680051331
2018-10-12,Minimum variance,0.0
2018-10-15,Minimum variance,0.0
2018-10-16,Minimum variance,0.0
2018-10-17,Minimum variance,0.0
2018-10-19,Minimum variance,0.0
2018-10-22,Minimum variance,0.0
2018-10-23,Minimum variance,0.0
2018-10-24,Minimum variance,0.0
2018-10-25,Minimum variance,0.0
2018-10-26,Minimum variance,0.0
2018-10-29,Minimum variance,0.0
2018-10-30,Minimum variance,0.0
2018-10-31,Minimum variance,0.0
2018-11-01,Minimum variance,0.0
2018-11-02,Minimum variance,0.0
2018-11-05,Minimum variance,0.0
2018-11-06,Minimum variance,0.0
2018-11-07,Minimum variance,0.0
2018-11-09,Minimum variance,0.0
2018-11-12,Minimum variance,0.0
2018-11-13,Minimum variance,0.00917332049836398
2018-11-14,Minimum variance,0.0
2018-11-15,Minimum variance,0.0
2018-11-16,Minimum variance,0.0
2018-11-19,Minimum variance,0.0
2018-11-20,Minimum variance,0.0
2018-11-21,Minimum variance,0.0
2018-11-22,Minimum variance,0.0
2018-11-26,Minimum variance,0.0
2018-11-27,Minimum variance,0.0
2018-11-28,Minimum variance,0.0
2018-11-29,Minimum variance,0.0
2018-11-30,Minimum variance,0.0
2018-12-03,Minimum variance,0.0
2018-12-04,Minimum variance,0.0
2018-12-05,Minimum variance,0.0
2018-12-06,Minimum variance,0.0
2018-12-07,Minimum variance,0.0
2018-12-10,Minimum variance,0.0
2018-12-11,Minimum variance,0.0
2018-12-12,Minimum variance,0.0
2018-12-13,Minimum variance,0.0018435930075745913
2018-12-14,Minimum variance,0.0
2018-12-17,Minimum variance,0.0
2018-12-18,Minimum variance,0.0
2018-12-19,Minimum variance,0.0
2018-12-20,Minimum variance,0.0
2018-12-21,Minimum variance,0.0
2018-12-24,Minimum variance,0.0
2018-12-26,Minimum variance,0.0
2018-12-27,Minimum variance,0.0
2018-12-28,Minimum variance,0.0
2018-12-31,Minimum variance,0.0
2019-01-01,Minimum variance,0.0
2019-01-02,Minimum variance,0.0
2019-01-03,Minimum variance,0.0
2019-01-04,Minimum variance,0.0
2019-01-07,Minimum variance,0.0
2019-01-08,Minimum variance,0.0
2019-01-09,Minimum variance,0.0
2019-01-10,Minimum variance,0.0
2019-01-11,Minimum variance,0.0
2019-01-14,Minimum variance,0.002147565609131402
2019-01-15,Minimum variance,0.0
2019-01-16,Minimum variance,0.0
2019-01-17,Minimum variance,0.0
2019-01-18,Minimum variance,0.0
2019-01-21,Minimum variance,0.0
2019-01-22,Minimum variance,0.0
2019-01-23,Minimum variance,0.0
2019-01-24,Minimum variance,0.0
2019-01-25,Minimum variance,0.0
2019-01-28,Minimum variance,0.0
2019-01-29,Minimum variance,0.0
2019-01-30,Minimum variance,0.0
2019-01-31,Minimum variance,0.0
2019-02-01,Minimum variance,0.0
2019-02-04,Minimum variance,0.0
2019-02-05,Minimum variance,0.0
2019-02-06,Minimum variance,0.0
2019-02-07,Minimum variance,0.0
2019-02-08,Minimum variance,0.0
2019-02-11,Minimum variance,0.0
2019-02-12,Minimum variance,0.0021588327361517293
2019-02-14,Minimum variance,0.0
2019-02-15,Minimum variance,0.0
2019-02-18,Minimum variance,0.0
2019-02-19,Minimum variance,0.0
2019-02-20,Minimum variance,0.0
2019-02-21,Minimum variance,0.0
2019-02-22,Minimum variance,0.0
2019-02-25,Minimum variance,0.0
2019-02-26,Minimum variance,0.0
2019-02-27,Minimum variance,0.0
2019-02-28,Minimum variance,0.0
2019-03-01,Minimum variance,0.0
2019-03-05,Minimum variance,0.0
2019-03-06,Minimum variance,0.0
2019-03-07,Minimum variance,0.0
2019-03-08,Minimum variance,0.0
2019-03-11,Minimum variance,0.0
2019-03-12,Minimum variance,0.0
2019-03-13,Minimum variance,0.0
2019-03-14,Minimum variance,0.0
2019-03-15,Minimum variance,0.0009292177290775652
2019-03-18,Minimum variance,0.0
2019-03-19,Minimum variance,0.0
2019-03-20,Minimum variance,0.0
2019-03-22,Minimum variance,0.0
2019-03-25,Minimum variance,0.0
2019-03-26,Minimum variance,0.0
2019-03-27,Minimum variance,0.0
2019-03-28,Minimum variance,0.0
2019-04-01,Minimum variance,0.0
2019-04-02,Minimum variance,0.0
2019-04-03,Minimum variance,0.0
2019-04-04,Minimum variance,0.0
2019-04-05,Minimum variance,0.0
2019-04-08,Minimum variance,0.0
2019-04-09,Minimum variance,0.0
2019-04-10,Minimum variance,0.0
2019-04-11,Minimum variance,0.0
2019-04-12,Minimum variance,0.0
2019-04-15,Minimum variance,0.0
2019-04-16,Minimum variance,0.0
2019-04-18,Minimum variance,0.0016140022076743185
2019-04-22,Minimum variance,0.0
2019-04-23,Minimum variance,0.0
2019-04-24,Minimum variance,0.0
2019-04-25,Minimum variance,0.0
2019-04-26,Minimum variance,0.0
2019-04-30,Minimum variance,0.0
2019-05-02,Minimum variance,0.0
2019-05-03,Minimum variance,0.0
2019-05-06,Minimum variance,0.0
2019-05-07,Minimum variance,0.0
2019-05-08,Minimum variance,0.0
2019-05-09,Minimum variance,0.0
2019-05-10,Minimum variance,0.0
2019-05-13,Minimum variance,0.0
2019-05-14,Minimum variance,0.0
2019-05-15,Minimum variance,0.0
2019-05-16,Minimum variance,0.0
2019-05-17,Minimum variance,0.0
2019-05-20,Minimum variance,0.0
2019-05-21,Minimum variance,0.0
2019-05-22,Minimum variance,0.002873040628285521
2019-05-23,Minimum variance,0.0
2019-05-24,Minimum variance,0.0
2019-05-27,Minimum variance,0.0
2019-05-28,Minimum variance,0.0
2019-05-29,Minimum variance,0.0
2019-05-30,Minimum variance,0.0
2019-05-31,Minimum variance,0.0
2019-06-03,Minimum variance,0.0
2019-06-04,Minimum variance,0.0
2019-06-06,Minimum variance,0.0
2019-06-07,Minimum variance,0.0
2019-06-10,Minimum variance,0.0
2019-06-11,Minimum variance,0.0
2019-06-12,Minimum variance,0.0
2019-06-13,Minimum variance,0.0
2019-06-14,Minimum variance,0.0
2019-06-17,Minimum variance,0.0
2019-06-18,Minimum variance,0.0
2019-06-19,Minimum variance,0.0
2019-06-20,Minimum variance,0.0
2019-06-21,Minimum variance,0.011197289209286192
2019-06-24,Minimum variance,0.0
2019-06-25,Minimum variance,0.0
2019-06-26,Minimum variance,0.0
2019-06-27,Minimum variance,0.0
2019-06-28,Minimum variance,0.0
2019-07-01,Minimum variance,0.0
2019-07-02,Minimum variance,0.0
2019-07-03,Minimum variance,0.0
2019-07-04,Minimum variance,0.0
2019-07-05,Minimum variance,0.0
2019-07-08,Minimum variance,0.0
2019-07-09,Minimum variance,0.0
2019-07-10,Minimum variance,0.0
2019-07-11,Minimum variance,0.0
2019-07-12,Minimum variance,0.0
2019-07-15,Minimum variance,0.0
2019-07-16,Minimum variance,0.0
2019-07-17,Minimum variance,0.0
2019-07-18,Minimum variance,0.0
2019-07-19,Minimum variance,0.0
2019-07-22,Minimum variance,0.010618073857472841
2019-07-23,Minimum variance,0.0
2019-07-24,Minimum variance,0.0
2019-07-25,Minimum variance,0.0
2019-07-26,Minimum variance,0.0
2019-07-29,Minimum variance,0.0
2019-07-30,Minimum variance,0.0
2019-07-31,Minimum variance,0.0
2019-08-01,Minimum variance,0.0
2019-08-02,Minimum variance,0.0
2019-08-05,Minimum variance,0.0
2019-08-06,Minimum variance,0.0
2019-08-07,Minimum variance,0.0
2019-08-08,Minimum variance,0.0
2019-08-09,Minimum variance,0.0
2019-08-13,Minimum variance,0.0
2019-08-14,Minimum variance,0.0
2019-08-16,Minimum variance,0.0
2019-08-19,Minimum variance,0.0
2019-08-20,Minimum variance,0.0
2019-08-21,Minimum variance,0.0
2019-08-22,Minimum variance,0.01166619980207035
2019-08-23,Minimum variance,0.0
2019-08-26,Minimum variance,0.0
2019-08-27,Minimum variance,0.0
2019-08-28,Minimum variance,0.0
2019-08-29,Minimum variance,0.0
2019-08-30,Minimum variance,0.0
2019-09-03,Minimum variance,0.0
2019-09-04,Minimum variance,0.0
2019-09-05,Minimum variance,0.0
2019-09-06,Minimum variance,0.0
2019-09-09,Minimum variance,0.0
2019-09-11,Minimum variance,0.0
2019-09-12,Minimum variance,0.0
2019-09-13,Minimum variance,0.0
2019-09-16,Minimum variance,0.0
2019-09-17,Minimum variance,0.0
2019-09-18,Minimum variance,0.0
2019-09-19,Minimum variance,0.0
2019-09-20,Minimum variance,0.0
2019-09-23,Minimum variance,0.0
2019-09-24,Minimum variance,0.009364137368858681
2019-09-25,Minimum variance,0.0
2019-09-26,Minimum variance,0.0
2019-09-27,Minimum variance,0.0
2019-09-30,Minimum variance,0.0
2019-10-01,Minimum variance,0.0
2019-10-03,Minimum variance,0.0
2019-10-04,Minimum variance,0.0
2019-10-07,Minimum variance,0.0
2019-10-09,Minimum variance,0.0
2019-10-10,Minimum variance,0.0
2019-10-11,Minimum variance,0.0
2019-10-14,Minimum variance,0.0
2019-10-15,Minimum variance,0.0
2019-10-16,Minimum variance,0.0
2019-10-17,Minimum variance,0.0
2019-10-18,Minimum variance,0.0
2019-10-22,Minimum variance,0.0
2019-10-23,Minimum variance,0.0
2019-10-24,Minimum variance,0.0
2019-10-25,Minimum variance,0.0
2019-10-27,Minimum variance,0.007363282604525977
2019-10-29,Minimum variance,0.0
2019-10-30,Minimum variance,0.0
2019-10-31,Minimum variance,0.0
2019-11-01,Minimum variance,0.0
2019-11-04,Minimum variance,0.0
2019-11-05,Minimum variance,0.0
2019-11-06,Minimum variance,0.0
2019-11-07,Minimum variance,0.0
2019-11-08,Minimum variance,0.0
2019-11-11,Minimum variance,0.0
2019-11-13,Minimum variance,0.0
2019-11-14,Minimum variance,0.0
2019-11-15,Minimum variance,0.0
2019-11-18,Minimum variance,0.0
2019-11-19,Minimum variance,0.0
2019-11-20,Minimum variance,0.0
2019-11-21,Minimum variance,0.0
2019-11-22,Minimum variance,0.0
2019-11-25,Minimum variance,0.0
2019-11-26,Minimum variance,0.0
2019-11-27,Minimum variance,0.0016144397934764812
2019-11-28,Minimum variance,0.0
2019-11-29,Minimum variance,0.0
2019-12-02,Minimum variance,0.0
2019-12-03,Minimum variance,0.0
2019-12-04,Minimum variance,0.0
2019-12-05,Minimum variance,0.0
2019-12-06,Minimum variance,0.0
2019-12-09,Minimum variance,0.0
2019-12-10,Minimum variance,0.0
2019-12-11,Minimum variance,0.0
2019-12-12,Minimum variance,0.0
2019-12-13,Minimum variance,0.0
2019-12-16,Minimum variance,0.0
2019-12-17,Minimum variance,0.0
2019-12-18,Minimum variance,0.0
2019-12-19,Minimum variance,0.0
2019-12-20,Minimum variance,0.0
2019-12-23,Minimum variance,0.0
2019-12-24,Minimum variance,0.0
2019-12-26,Minimum variance,0.0
2019-12-27,Minimum variance,0.1167879125581106
2019-12-30,Minimum variance,0.0
2019-12-31,Minimum variance,0.0
2020-01-01,Minimum variance,0.0
2020-01-02,Minimum variance,0.0
2020-01-03,Minimum variance,0.0
2020-01-06,Minimum variance,0.0
2020-01-07,Minimum variance,0.0
2020-01-08,Minimum variance,0.0
2020-01-09,Minimum variance,0.0
2020-01-10,Minimum variance,0.0
2020-01-13,Minimum variance,0.0
2020-01-14,Minimum variance,0.0
2020-01-15,Minimum variance,0.0
2020-01-16,Minimum variance,0.0
2020-01-17,Minimum variance,0.0
2020-01-20,Minimum variance,0.0
2020-01-21,Minimum variance,0.0
2020-01-22,Minimum variance,0.0
2020-01-23,Minimum variance,0.0
2020-01-24,Minimum variance,0.0
2020-01-27,Minimum variance,0.0020764071416636016
2020-01-28,Minimum variance,0.0
2020-01-29,Minimum variance,0.0
2020-01-30,Minimum variance,0.0
2020-01-31,Minimum variance,0.0
2020-02-03,Minimum variance,0.0
2020-02-04,Minimum variance,0.0
2020-02-05,Minimum variance,0.0
2020-02-06,Minimum variance,0.0
2020-02-07,Minimum variance,0.0
2020-02-10,Minimum variance,0.0
2020-02-11,Minimum variance,0.0
2020-02-12,Minimum variance,0.0
2020-02-13,Minimum variance,0.0
2020-02-14,Minimum variance,0.0
2020-02-17,Minimum variance,0.0
2020-02-18,Minimum variance,0.0
2020-02-19,Minimum variance,0.0
2020-02-20,Minimum variance,0.0
2020-02-24,Minimum variance,0.0
2020-02-25,Minimum variance,0.0
2020-02-26,Minimum variance,0.0062452331162826235
2020-02-27,Minimum variance,0.0
2020-02-28,Minimum variance,0.0
2020-03-02,Minimum variance,0.0
2020-03-03,Minimum variance,0.0
2020-03-04,Minimum variance,0.0
2020-03-05,Minimum variance,0.0
2020-03-06,Minimum variance,0.0
2020-03-09,Minimum variance,0.0
2020-03-11,Minimum variance,0.0
2020-03-12,Minimum variance,0.0
2020-03-13,Minimum variance,0.0
2020-03-16,Minimum variance,0.0
2020-03-17,Minimum variance,0.0
2020-03-18,Minimum variance,0.0
2020-03-19,Minimum variance,0.0
2020-03-20,Minimum variance,0.0
2020-03-23,Minimum variance,0.0
2020-03-24,Minimum variance,0.0
2020-03-25,Minimum variance,0.0
2020-03-26,Minimum variance,0.0
2020-03-27,Minimum variance,0.043877373542429085
2020-03-30,Minimum variance,0.0
2020-03-31,Minimum variance,0.0
2020-04-01,Minimum variance,0.0
2020-04-03,Minimum variance,0.0
2020-04-07,Minimum variance,0.0
2020-04-08,Minimum variance,0.0
2020-04-09,Minimum variance,0.0
2020-04-13,Minimum variance,0.0
2020-04-15,Minimum variance,0.0
2020-04-16,Minimum variance,0.0
2020-04-17,Minimum variance,0.0
2020-04-20,Minimum variance,0.0
2020-04-21,Minimum variance,0.0
2020-04-22,Minimum variance,0.0
2020-04-23,Minimum variance,0.0
2020-04-24,Minimum variance,0.0
2020-04-27,Minimum variance,0.0
2020-04-28,Minimum variance,0.0
2020-04-29,Minimum variance,0.0
2020-04-30,Minimum variance,0.0
2020-05-04,Minimum variance,0.011013311781935034
2020-05-05,Minimum variance,0.0
2020-05-06,Minimum variance,0.0
2020-05-07,Minimum variance,0.0
2020-05-08,Minimum variance,0.0
2020-05-11,Minimum variance,0.0
2020-05-12,Minimum variance,0.0
2020-05-13,Minimum variance,0.0
2020-05-14,Minimum variance,0.0
2020-05-15,Minimum variance,0.0
2020-05-18,Minimum variance,0.0
2020-05-19,Minimum variance,0.0
2020-05-20,Minimum variance,0.0
2020-05-21,Minimum variance,0.0
2020-05-22,Minimum variance,0.0
2020-05-26,Minimum variance,0.0
2020-05-27,Minimum variance,0.0
2020-05-28,Minimum variance,0.0
2020-05-29,Minimum variance,0.0
2020-06-01,Minimum variance,0.0
2020-06-02,Minimum variance,0.0
2020-06-03,Minimum variance,0.01270133299045377
2020-06-04,Minimum variance,0.0
2020-06-05,Minimum variance,0.0
2020-06-08,Minimum variance,0.0
2020-06-09,Minimum variance,0.0
2020-06-10,Minimum variance,0.0
2020-06-11,Minimum variance,0.0
2020-06-12,Minimum variance,0.0
2020-06-15,Minimum variance,0.0
2020-06-16,Minimum variance,0.0
2020-06-17,Minimum variance,0.0
2020-06-18,Minimum variance,0.0
2020-06-19,Minimum variance,0.0
2020-06-22,Minimum variance,0.0
2020-06-23,Minimum variance,0.0
2020-06-24,Minimum variance,0.0
2020-06-25,Minimum variance,0.0
2020-06-26,Minimum variance,0.0
2020-06-29,Minimum variance,0.0
2020-06-30,Minimum variance,0.0
2020-07-01,Minimum variance,0.0
2020-07-02,Minimum variance,0.0074133504223312455
2020-07-03,Minimum variance,0.0
2020-07-06,Minimum variance,0.0
2020-07-07,Minimum variance,0.0
2020-07-08,Minimum variance,0.0
2020-07-09,Minimum variance,0.0
2020-07-10,Minimum variance,0.0
2020-07-13,Minimum variance,0.0
2020-07-14,Minimum variance,0.0
2020-07-15,Minimum variance,0.0
2020-07-16,Minimum variance,0.0
2020-07-17,Minimum variance,0.0
2020-07-20,Minimum variance,0.0
2020-07-21,Minimum variance,0.0
2020-07-22,Minimum variance,0.0
2020-07-23,Minimum variance,0.0
2020-07-24,Minimum variance,0.0
2020-07-27,Minimum variance,0.0
2020-07-28,Minimum variance,0.0
2020-07-29,Minimum variance,0.0
2020-07-30,Minimum variance,0.0
2020-07-31,Minimum variance,0.007496354714587074
2020-08-03,Minimum variance,0.0
2020-08-04,Minimum variance,0.0
2020-08-05,Minimum variance,0.0
2020-08-06,Minimum variance,0.0
2020-08-07,Minimum variance,0.0
2020-08-10,Minimum variance,0.0
2020-08-11,Minimum variance,0.0
2020-08-12,Minimum variance,0.0
2020-08-13,Minimum variance,0.0
2020-08-14,Minimum variance,0.0
2020-08-17,Minimum variance,0.0
2020-08-18,Minimum variance,0.0
2020-08-19,Minimum variance,0.0
2020-08-20,Minimum variance,0.0
2020-08-21,Minimum variance,0.0
2020-08-24,Minimum variance,0.0
2020-08-25,Minimum variance,0.0
2020-08-26,Minimum variance,0.0
2020-08-27,Minimum variance,0.0
2020-08-28,Minimum variance,0.0
2020-08-31,Minimum variance,0.004240980766111164
2020-09-01,Minimum variance,0.0
2020-09-02,Minimum variance,0.0
2020-09-03,Minimum variance,0.0
2020-09-04,Minimum variance,0.0
2020-09-07,Minimum variance,0.0
2020-09-08,Minimum variance,0.0
2020-09-09,Minimum variance,0.0
2020-09-10,Minimum variance,0.0
2020-09-11,Minimum variance,0.0
2020-09-14,Minimum variance,0.0
2020-09-15,Minimum variance,0.0
2020-09-16,Minimum variance,0.0
2020-09-17,Minimum variance,0.0
2020-09-18,Minimum variance,0.0
2020-09-21,Minimum variance,0.0
2020-09-22,Minimum variance,0.0
2020-09-23,Minimum variance,0.0
2020-09-24,Minimum variance,0.0
2020-09-25,Minimum variance,0.0
2020-09-28,Minimum variance,0.0
2020-09-29,Minimum variance,0.0023269905538163254
2020-09-30,Minimum variance,0.0
2020-10-01,Minimum variance,0.0
2020-10-05,Minimum variance,0.0
2020-10-06,Minimum variance,0.0
2020-10-07,Minimum variance,0.0
2020-10-08,Minimum variance,0.0
2020-10-09,Minimum variance,0.0
2020-10-12,Minimum variance,0.0
2020-10-13,Minimum variance,0.0
2020-10-14,Minimum variance,0.0
2020-10-15,Minimum variance,0.0
2020-10-16,Minimum variance,0.0
2020-10-19,Minimum variance,0.0
2020-10-20,Minimum variance,0.0
2020-10-21,Minimum variance,0.0
2020-10-22,Minimum variance,0.0
2020-10-23,Minimum variance,0.0
2020-10-26,Minimum variance,0.0
2020-10-27,Minimum variance,0.0
2020-10-28,Minimum variance,0.0
2020-10-29,Minimum variance,0.0057114006098092605
2020-10-30,Minimum variance,0.0
2020-11-02,Minimum variance,0.0
2020-11-03,Minimum variance,0.0
2020-11-04,Minimum variance,0.0
2020-11-05,Minimum variance,0.0
2020-11-06,Minimum variance,0.0
2020-11-09,Minimum variance,0.0
2020-11-10,Minimum variance,0.0
2020-11-11,Minimum variance,0.0
2020-11-12,Minimum variance,0.0
2020-11-13,Minimum variance,0.0
2020-11-14,Minimum variance,0.0
2020-11-17,Minimum variance,0.0
2020-11-18,Minimum variance,0.0
2020-11-19,Minimum variance,0.0
2020-11-20,Minimum variance,0.0
2020-11-23,Minimum variance,0.0
2020-11-24,Minimum variance,0.0
2020-11-25,Minimum variance,0.0
2020-11-26,Minimum variance,0.0
2020-11-27,Minimum variance,0.017088213278767188
2020-12-01,Minimum variance,0.0
2020-12-02,Minimum variance,0.0
2020-12-03,Minimum variance,0.0
2020-12-04,Minimum variance,0.0
2020-12-07,Minimum variance,0.0
2020-12-08,Minimum variance,0.0
2020-12-09,Minimum variance,0.0
2020-12-10,Minimum variance,0.0
2020-12-11,Minimum variance,0.0
2020-12-14,Minimum variance,0.0
2020-12-15,Minimum variance,0.0
2020-12-16,Minimum variance,0.0
2020-12-17,Minimum variance,0.0
2020-12-18,Minimum variance,0.0
2020-12-21,Minimum variance,0.0
2020-12-22,Minimum variance,0.0
2020-12-23,Minimum variance,0.0
2020-12-24,Minimum variance,0.0
2020-12-28,Minimum variance,0.0
2020-12-29,Minimum variance,0.0
2020-12-30,Minimum variance,0.15262480920266708
2020-12-31,Minimum variance,0.0
2021-01-01,Minimum variance,0.0
2021-01-04,Minimum variance,0.0
2021-01-05,Minimum variance,0.0
2021-01-06,Minimum variance,0.0
2021-01-07,Minimum variance,0.0
2021-01-08,Minimum variance,0.0
2021-01-11,Minimum variance,0.0
2021-01-12,Minimum variance,0.0
2021-01-13,Minimum variance,0.0
2021-01-14,Minimum variance,0.0
2021-01-15,Minimum variance,0.0
2021-01-18,Minimum variance,0.0
2021-01-19,Minimum variance,0.0
2021-01-20,Minimum variance,0.0
2021-01-21,Minimum variance,0.0
2021-01-22,Minimum variance,0.0
2021-01-25,Minimum variance,0.0
2021-01-27,Minimum variance,0.0
2021-01-28,Minimum variance,0.0
2021-01-29,Minimum variance,0.005731337466044633
2021-02-01,Minimum variance,0.0
2021-02-02,Minimum variance,0.0
2021-02-03,Minimum variance,0.0
2021-02-04,Minimum variance,0.0
2021-02-05,Minimum variance,0.0
2021-02-08,Minimum variance,0.0
2021-02-09,Minimum variance,0.0
2021-02-10,Minimum variance,0.0
2021-02-11,Minimum variance,0.0
2021-02-12,Minimum variance,0.0
2021-02-15,Minimum variance,0.0
2021-02-16,Minimum variance,0.0
2021-02-17,Minimum variance,0.0
2021-02-18,Minimum variance,0.0
2021-02-19,Minimum variance,0.0
2021-02-22,Minimum variance,0.0
2021-02-23,Minimum variance,0.0
2021-02-24,Minimum variance,0.0
2021-02-25,Minimum variance,0.0
2021-02-26,Minimum variance,0.0
2021-03-01,Minimum variance,0.012758721738951023
2021-03-02,Minimum variance,0.0
2021-03-03,Minimum variance,0.0
2021-03-04,Minimum variance,0.0
2021-03-05,Minimum variance,0.0
2021-03-08,Minimum variance,0.0
2021-03-09,Minimum variance,0.0
2021-03-10,Minimum variance,0.0
2021-03-12,Minimum variance,0.0
2021-03-15,Minimum variance,0.0
2021-03-16,Minimum variance,0.0
2021-03-17,Minimum variance,0.0
2021-03-18,Minimum variance,0.0
2021-03-19,Minimum variance,0.0
2021-03-22,Minimum variance,0.0
2021-03-23,Minimum variance,0.0
2021-03-24,Minimum variance,0.0
2021-03-25,Minimum variance,0.0
2021-03-26,Minimum variance,0.0
2021-03-30,Minimum variance,0.0
2021-03-31,Minimum variance,0.0
2021-04-01,Minimum variance,0.021958847160838874
2021-04-05,Minimum variance,0.0
2021-04-06,Minimum variance,0.0
2021-04-07,Minimum variance,0.0
2021-04-08,Minimum variance,0.0
2021-04-09,Minimum variance,0.0
2021-04-12,Minimum variance,0.0
2021-04-13,Minimum variance,0.0
2021-04-15,Minimum variance,0.0
2021-04-16,Minimum variance,0.0
2021-04-19,Minimum variance,0.0
2021-04-20,Minimum variance,0.0
2021-04-22,Minimum variance,0.0
2021-04-23,Minimum variance,0.0
2021-04-26,Minimum variance,0.0
2021-04-27,Minimum variance,0.0
2021-04-28,Minimum variance,0.0
2021-04-29,Minimum variance,0.0
2021-04-30,Minimum variance,0.0
2021-05-03,Minimum variance,0.0
2021-05-04,Minimum variance,0.0
2021-05-05,Minimum variance,0.015086522807447683
2021-05-06,Minimum variance,0.0
2021-05-07,Minimum variance,0.0
2021-05-10,Minimum variance,0.0
2021-05-11,Minimum variance,0.0
2021-05-12,Minimum variance,0.0
2021-05-14,Minimum variance,0.0
2021-05-17,Minimum variance,0.0
2021-05-18,Minimum variance,0.0
2021-05-19,Minimum variance,0.0
2021-05-20,Minimum variance,0.0
2021-05-21,Minimum variance,0.0
2021-05-24,Minimum variance,0.0
2021-05-25,Minimum variance,0.0
2021-05-26,Minimum variance,0.0
2021-05-27,Minimum variance,0.0
2021-05-28,Minimum variance,0.0
2021-05-31,Minimum variance,0.0
2021-06-01,Minimum variance,0.0
2021-06-02,Minimum variance,0.0
2021-06-03,Minimum variance,0.0
2021-06-04,Minimum variance,0.008148842809544365
2021-06-07,Minimum variance,0.0
2021-06-08,Minimum variance,0.0
2021-06-09,Minimum variance,0.0
2021-06-10,Minimum variance,0.0
2021-06-11,Minimum variance,0.0
2021-06-14,Minimum variance,0.0
2021-06-15,Minimum variance,0.0
2021-06-16,Minimum variance,0.0
2021-06-17,Minimum variance,0.0
2021-06-18,Minimum variance,0.0
2021-06-21,Minimum variance,0.0
2021-06-22,Minimum variance,0.0
2021-06-23,Minimum variance,0.0
2021-06-24,Minimum variance,0.0
2021-06-25,Minimum variance,0.0
2021-06-28,Minimum variance,0.0
2021-06-29,Minimum variance,0.0
2021-06-30,Minimum variance,0.0
2021-07-01,Minimum variance,0.0
2021-07-02,Minimum variance,0.0
2021-07-05,Minimum variance,0.0015860744854328743
2021-07-06,Minimum variance,0.0
2021-07-07,Minimum variance,0.0
2021-07-08,Minimum variance,0.0
2021-07-09,Minimum variance,0.0
2021-07-12,Minimum variance,0.0
2021-07-13,Minimum variance,0.0
2021-07-14,Minimum variance,0.0
2021-07-15,Minimum variance,0.0
2021-07-16,Minimum variance,0.0
2021-07-19,Minimum variance,0.0
2021-07-20,Minimum variance,0.0
2021-07-22,Minimum variance,0.0
2021-07-23,Minimum variance,0.0
2021-07-26,Minimum variance,0.0
2021-07-27,Minimum variance,0.0
2021-07-28,Minimum variance,0.0
2021-07-29,Minimum variance,0.0
2021-07-30,Minimum variance,0.0
2021-08-02,Minimum variance,0.0
2021-08-03,Minimum variance,0.0
2021-08-04,Minimum variance,0.005357853819071508
2021-08-05,Minimum variance,0.0
2021-08-06,Minimum variance,0.0
2021-08-09,Minimum variance,0.0
2021-08-10,Minimum variance,0.0
2021-08-11,Minimum variance,0.0
2021-08-12,Minimum variance,0.0
2021-08-13,Minimum variance,0.0
2021-08-16,Minimum variance,0.0
2021-08-17,Minimum variance,0.0
2021-08-18,Minimum variance,0.0
2021-08-20,Minimum variance,0.0
2021-08-23,Minimum variance,0.0
2021-08-24,Minimum variance,0.0
2021-08-25,Minimum variance,0.0
2021-08-26,Minimum variance,0.0
2021-08-27,Minimum variance,0.0
2021-08-30,Minimum variance,0.0
2021-08-31,Minimum variance,0.0
2021-09-01,Minimum variance,0.0
2021-09-02,Minimum variance,0.0
2021-09-03,Minimum variance,0.013974071871269617
2021-09-06,Minimum variance,0.0
2021-09-07,Minimum variance,0.0
2021-09-08,Minimum variance,0.0
2021-09-09,Minimum variance,0.0
2021-09-13,Minimum variance,0.0
2021-09-14,Minimum variance,0.0
2021-09-15,Minimum variance,0.0
2021-09-16,Minimum variance,0.0
2021-09-17,Minimum variance,0.0
2021-09-20,Minimum variance,0.0
2021-09-21,Minimum variance,0.0
2021-09-22,Minimum variance,0.0
2021-09-23,Minimum variance,0.0
2021-09-24,Minimum variance,0.0
2021-09-27,Minimum variance,0.0
2021-09-28,Minimum variance,0.0
2021-09-29,Minimum variance,0.0
2021-09-30,Minimum variance,0.0
2021-10-01,Minimum variance,0.0
2021-10-04,Minimum variance,0.0
2021-10-05,Minimum variance,0.0006469066968482276
2021-10-06,Minimum variance,0.0
2021-10-07,Minimum variance,0.0
2021-10-08,Minimum variance,0.0
2021-10-11,Minimum variance,0.0
2021-10-12,Minimum variance,0.0
2021-10-13,Minimum variance,0.0
2021-10-14,Minimum variance,0.0
2021-10-18,Minimum variance,0.0
2021-10-19,Minimum variance,0.0
2021-10-20,Minimum variance,0.0
2021-10-21,Minimum variance,0.0
2021-10-22,Minimum variance,0.0
2021-10-25,Minimum variance,0.0
2021-10-26,Minimum variance,0.0
2021-10-27,Minimum variance,0.0
2021-10-28,Minimum variance,0.0
2021-10-29,Minimum variance,0.0
2021-11-01,Minimum variance,0.0
2021-11-02,Minimum variance,0.0
2021-11-03,Minimum variance,0.0
2021-11-04,Minimum variance,0.0036602178488876064
2021-11-08,Minimum variance,0.0
2021-11-09,Minimum variance,0.0
2021-11-10,Minimum variance,0.0
2021-11-11,Minimum variance,0.0
2021-11-12,Minimum variance,0.0
2021-11-15,Minimum variance,0.0
2021-11-16,Minimum variance,0.0
2021-11-17,Minimum variance,0.0
2021-11-18,Minimum variance,0.0
2021-11-22,Minimum variance,0.0
2021-11-23,Minimum variance,0.0
2021-11-24,Minimum variance,0.0
2021-11-25,Minimum variance,0.0
2021-11-26,Minimum variance,0.0
2021-11-29,Minimum variance,0.0
2021-11-30,Minimum variance,0.0
2021-12-01,Minimum variance,0.0
2021-12-02,Minimum variance,0.0
2021-12-03,Minimum variance,0.0
2021-12-06,Minimum variance,0.0
2021-12-07,Minimum variance,0.006054427361438838
2021-12-08,Minimum variance,0.0
2021-12-09,Minimum variance,0.0
2021-12-10,Minimum variance,0.0
2021-12-13,Minimum variance,0.0
2021-12-14,Minimum variance,0.0
2021-12-15,Minimum variance,0.0
2021-12-16,Minimum variance,0.0
2021-12-17,Minimum variance,0.0
2021-12-20,Minimum variance,0.0
2021-12-21,Minimum variance,0.0
2021-12-22,Minimum variance,0.0
2021-12-23,Minimum variance,0.0
2021-12-24,Minimum variance,0.0
2021-12-27,Minimum variance,0.0
2021-12-28,Minimum variance,0.0
2021-12-29,Minimum variance,0.0
2021-12-30,Minimum variance,0.0
2021-12-31,Minimum variance,0.0
2022-01-03,Minimum variance,0.0
2022-01-04,Minimum variance,0.0
2022-01-05,Minimum variance,0.006188122476957041
2022-01-06,Minimum variance,0.0
2022-01-07,Minimum variance,0.0
2022-01-10,Minimum variance,0.0
2022-01-11,Minimum variance,0.0
2022-01-12,Minimum variance,0.0
2022-01-13,Minimum variance,0.0
2022-01-14,Minimum variance,0.0
2022-01-17,Minimum variance,0.0
2022-01-18,Minimum variance,0.0
2022-01-19,Minimum variance,0.0
2022-01-20,Minimum variance,0.0
2022-01-21,Minimum variance,0.0
2022-01-24,Minimum variance,0.0
2022-01-25,Minimum variance,0.0
2022-01-27,Minimum variance,0.0
2022-01-28,Minimum variance,0.0
2022-01-31,Minimum variance,0.0
2022-02-01,Minimum variance,0.0
2022-02-02,Minimum variance,0.0
2022-02-03,Minimum variance,0.0
2022-02-04,Minimum variance,0.005674217639552309
2022-02-07,Minimum variance,0.0
2022-02-08,Minimum variance,0.0
2022-02-09,Minimum variance,0.0
2022-02-10,Minimum variance,0.0
2022-02-11,Minimum variance,0.0
2022-02-14,Minimum variance,0.0
2022-02-15,Minimum variance,0.0
2022-02-16,Minimum variance,0.0
2022-02-17,Minimum variance,0.0
2022-02-18,Minimum variance,0.0
2022-02-21,Minimum variance,0.0
2022-02-22,Minimum variance,0.0
2022-02-23,Minimum variance,0.0
2022-02-24,Minimum variance,0.0
2022-02-25,Minimum variance,0.0
2022-02-28,Minimum variance,0.0
2022-03-02,Minimum variance,0.0
2022-03-03,Minimum variance,0.0
2022-03-04,Minimum variance,0.0
2022-03-07,Minimum variance,0.0
2022-03-08,Minimum variance,0.021459586877196176
2022-03-09,Minimum variance,0.0
2022-03-10,Minimum variance,0.0
2022-03-11,Minimum variance,0.0
2022-03-14,Minimum variance,0.0
2022-03-15,Minimum variance,0.0
2022-03-16,Minimum variance,0.0
2022-03-17,Minimum variance,0.0
2022-03-21,Minimum variance,0.0
2022-03-22,Minimum variance,0.0
2022-03-23,Minimum variance,0.0
2022-03-24,Minimum variance,0.0
2022-03-25,Minimum variance,0.0
2022-03-28,Minimum variance,0.0
2022-03-29,Minimum variance,0.0
2022-03-30,Minimum variance,0.0
2022-03-31,Minimum variance,0.0
2022-04-01,Minimum variance,0.0
2022-04-04,Minimum variance,0.0
2022-04-05,Minimum variance,0.0
2022-04-06,Minimum variance,0.0
2022-04-07,Minimum variance,0.006426644222245988
2022-04-08,Minimum variance,0.0
2022-04-11,Minimum variance,0.0
2022-04-12,Minimum variance,0.0
2022-04-13,Minimum variance,0.0
2022-04-18,Minimum variance,0.0
2022-04-19,Minimum variance,0.0
2022-04-20,Minimum variance,0.0
2022-04-21,Minimum variance,0.0
2022-04-22,Minimum variance,0.0
2022-04-25,Minimum variance,0.0
2022-04-26,Minimum variance,0.0
2022-04-27,Minimum variance,0.0
2022-04-28,Minimum variance,0.0
2022-04-29,Minimum variance,0.0
2022-05-02,Minimum variance,0.0
2022-05-04,Minimum variance,0.0
2022-05-05,Minimum variance,0.0
2022-05-06,Minimum variance,0.0
2022-05-09,Minimum variance,0.0
2022-05-10,Minimum variance,0.0
2022-05-11,Minimum variance,0.0072758023244287595
2022-05-12,Minimum variance,0.0
2022-05-13,Minimum variance,0.0
2022-05-16,Minimum variance,0.0
2022-05-17,Minimum variance,0.0
2022-05-18,Minimum variance,0.0
2022-05-19,Minimum variance,0.0
2022-05-20,Minimum variance,0.0
2022-05-23,Minimum variance,0.0
2022-05-24,Minimum variance,0.0
2022-05-25,Minimum variance,0.0
2022-05-26,Minimum variance,0.0
2022-05-27,Minimum variance,0.0
2022-05-30,Minimum variance,0.0
2022-05-31,Minimum variance,0.0
2022-06-01,Minimum variance,0.0
2022-06-02,Minimum variance,0.0
2022-06-03,Minimum variance,0.0
2022-06-06,Minimum variance,0.0
2022-06-07,Minimum variance,0.0
2022-06-08,Minimum variance,0.0
2022-06-09,Minimum variance,0.004266068597777083
2022-06-10,Minimum variance,0.0
2022-06-13,Minimum variance,0.0
2022-06-14,Minimum variance,0.0
2022-06-15,Minimum variance,0.0
2022-06-16,Minimum variance,0.0
2022-06-17,Minimum variance,0.0
2022-06-20,Minimum variance,0.0
2022-06-21,Minimum variance,0.0
2022-06-22,Minimum variance,0.0
2022-06-23,Minimum variance,0.0
2022-06-24,Minimum variance,0.0
2022-06-27,Minimum variance,0.0
2022-06-28,Minimum variance,0.0
2022-06-29,Minimum variance,0.0
2022-06-30,Minimum variance,0.0
2022-07-01,Minimum variance,0.0
2022-07-04,Minimum variance,0.0
2022-07-05,Minimum variance,0.0
2022-07-06,Minimum variance,0.0
2022-07-07,Minimum variance,0.0
2022-07-08,Minimum variance,0.0028980170127522395
2022-07-11,Minimum variance,0.0
2022-07-12,Minimum variance,0.0
2022-07-13,Minimum variance,0.0
2022-07-14,Minimum variance,0.0
2022-07-15,Minimum variance,0.0
2022-07-18,Minimum variance,0.0
2022-07-19,Minimum variance,0.0
2022-07-20,Minimum variance,0.0
2022-07-21,Minimum variance,0.0
2022-07-22,Minimum variance,0.0
2022-07-25,Minimum variance,0.0
2022-07-26,Minimum variance,0.0
2022-07-27,Minimum variance,0.0
2022-07-28,Minimum variance,0.0
2022-07-29,Minimum variance,0.0
2022-08-01,Minimum variance,0.0
2022-08-02,Minimum variance,0.0
2022-08-03,Minimum variance,0.0
2022-08-04,Minimum variance,0.0
2022-08-05,Minimum variance,0.0
2022-08-08,Minimum variance,0.006478766507699199
2022-08-10,Minimum variance,0.0
2022-08-11,Minimum variance,0.0
2022-08-12,Minimum variance,0.0
2022-08-16,Minimum variance,0.0
2022-08-17,Minimum variance,0.0
2022-08-18,Minimum variance,0.0
2022-08-19,Minimum variance,0.0
2022-08-22,Minimum variance,0.0
2022-08-23,Minimum variance,0.0
2022-08-24,Minimum variance,0.0
2022-08-25,Minimum variance,0.0
2022-08-26,Minimum variance,0.0
2022-08-29,Minimum variance,0.0
2022-08-30,Minimum variance,0.0
2022-09-01,Minimum variance,0.0
2022-09-02,Minimum variance,0.0
2022-09-05,Minimum variance,0.0
2022-09-06,Minimum variance,0.0
2022-09-07,Minimum variance,0.0
2022-09-08,Minimum variance,0.0
2022-09-09,Minimum variance,0.006190596289892242
2022-09-12,Minimum variance,0.0
2022-09-13,Minimum variance,0.0
2022-09-14,Minimum variance,0.0
2022-09-15,Minimum variance,0.0
2022-09-16,Minimum variance,0.0
2022-09-19,Minimum variance,0.0
2022-09-20,Minimum variance,0.0
2022-09-21,Minimum variance,0.0
2022-09-22,Minimum variance,0.0
2022-09-23,Minimum variance,0.0
2022-09-26,Minimum variance,0.0
2022-09-27,Minimum variance,0.0
2022-09-28,Minimum variance,0.0
2022-09-29,Minimum variance,0.0
2022-09-30,Minimum variance,0.0
2022-10-03,Minimum variance,0.0
2022-10-04,Minimum variance,0.0
2022-10-06,Minimum variance,0.0
2022-10-07,Minimum variance,0.0
2022-10-10,Minimum variance,0.0
2022-10-11,Minimum variance,0.003699551266627632
2022-10-12,Minimum variance,0.0
2022-10-13,Minimum variance,0.0
2022-10-14,Minimum variance,0.0
2022-10-17,Minimum variance,0.0
2022-10-18,Minimum variance,0.0
2022-10-19,Minimum variance,0.0
2022-10-20,Minimum variance,0.0
2022-10-21,Minimum variance,0.0
2022-10-24,Minimum variance,0.0
2022-10-25,Minimum variance,0.0
2022-10-27,Minimum variance,0.0
2022-10-28,Minimum variance,0.0
2022-10-31,Minimum variance,0.0
2022-11-01,Minimum variance,0.0
2022-11-02,Minimum variance,0.0
2022-11-03,Minimum variance,0.0
2022-11-04,Minimum variance,0.0
2022-11-07,Minimum variance,0.0
2022-11-09,Minimum variance,0.0
2022-11-10,Minimum variance,0.0
2022-11-11,Minimum variance,0.0066926830640849574
2022-11-14,Minimum variance,0.0
2022-11-15,Minimum variance,0.0
2022-11-16,Minimum variance,0.0
2022-11-17,Minimum variance,0.0
2022-11-18,Minimum variance,0.0
2022-11-21,Minimum variance,0.0
2022-11-22,Minimum variance,0.0
2022-11-23,Minimum variance,0.0
2022-11-24,Minimum variance,0.0
2022-11-25,Minimum variance,0.0
2022-11-28,Minimum variance,0.0
2022-11-29,Minimum variance,0.0
2022-11-30,Minimum variance,0.0
2022-12-01,Minimum variance,0.0
2022-12-02,Minimum variance,0.0
2022-12-05,Minimum variance,0.0
2022-12-06,Minimum variance,0.0
2022-12-07,Minimum variance,0.0
2022-12-08,Minimum variance,0.0
2022-12-09,Minimum variance,0.0
2022-12-12,Minimum variance,0.003218739249353432
2022-12-13,Minimum variance,0.0
2022-12-14,Minimum variance,0.0
2022-12-15,Minimum variance,0.0
2022-12-16,Minimum variance,0.0
2022-12-19,Minimum variance,0.0
2022-12-20,Minimum variance,0.0
2022-12-21,Minimum variance,0.0
2022-12-22,Minimum variance,0.0
2022-12-23,Minimum variance,0.0
2022-12-26,Minimum variance,0.0
2022-12-27,Minimum variance,0.0
2022-12-28,Minimum variance,0.0
2022-12-29,Minimum variance,0.0
2022-12-30,Minimum variance,0.0
2023-01-02,Minimum variance,0.0
2023-01-03,Minimum variance,0.0
2023-01-04,Minimum variance,0.0
2023-01-05,Minimum variance,0.0
2023-01-06,Minimum variance,0.0
2023-01-09,Minimum variance,0.0
2023-01-10,Minimum variance,0.005614225066174674
2023-01-11,Minimum variance,0.0
2023-01-12,Minimum variance,0.0
2023-01-13,Minimum variance,0.0
2023-01-16,Minimum variance,0.0
2023-01-17,Minimum variance,0.0
2023-01-18,Minimum variance,0.0
2023-01-19,Minimum variance,0.0
2023-01-20,Minimum variance,0.0
2023-01-23,Minimum variance,0.0
2023-01-24,Minimum variance,0.0
2023-01-25,Minimum variance,0.0
2023-01-27,Minimum variance,0.0
2023-01-30,Minimum variance,0.0
2023-01-31,Minimum variance,0.0
2023-02-01,Minimum variance,0.0
2023-02-02,Minimum variance,0.0
2023-02-03,Minimum variance,0.0
2023-02-06,Minimum variance,0.0
2023-02-07,Minimum variance,0.0
2023-02-08,Minimum variance,0.0
2023-02-09,Minimum variance,0.007538764518325171
2023-02-10,Minimum variance,0.0
2023-02-13,Minimum variance,0.0
2023-02-14,Minimum variance,0.0
2023-02-15,Minimum variance,0.0
2023-02-16,Minimum variance,0.0
2023-02-17,Minimum variance,0.0
2023-02-20,Minimum variance,0.0
2023-02-21,Minimum variance,0.0
2023-02-22,Minimum variance,0.0
2023-02-23,Minimum variance,0.0
2023-02-24,Minimum variance,0.0
2023-02-27,Minimum variance,0.0
2023-02-28,Minimum variance,0.0
2023-03-01,Minimum variance,0.0
2023-03-02,Minimum variance,0.0
2023-03-03,Minimum variance,0.0
2023-03-06,Minimum variance,0.0
2023-03-08,Minimum variance,0.0
2023-03-09,Minimum variance,0.0
2023-03-10,Minimum variance,0.0
2023-03-13,Minimum variance,0.0036131058632855664
2023-03-14,Minimum variance,0.0
2023-03-15,Minimum variance,0.0
2023-03-16,Minimum variance,0.0
2023-03-17,Minimum variance,0.0
2023-03-20,Minimum variance,0.0
2023-03-21,Minimum variance,0.0
2023-03-22,Minimum variance,0.0
2023-03-23,Minimum variance,0.0
2023-03-24,Minimum variance,0.0
2023-03-27,Minimum variance,0.0
2023-03-28,Minimum variance,0.0
2023-03-29,Minimum variance,0.0
2023-03-31,Minimum variance,0.0
2023-04-03,Minimum variance,0.0
2023-04-05,Minimum variance,0.0
2023-04-06,Minimum variance,0.0
2023-04-10,Minimum variance,0.0
2023-04-11,Minimum variance,0.0
2023-04-12,Minimum variance,0.0
2023-04-13,Minimum variance,0.0
2023-04-17,Minimum variance,0.010111536367619654
2023-04-18,Minimum variance,0.0
2023-04-19,Minimum variance,0.0
2023-04-20,Minimum variance,0.0
2023-04-21,Minimum variance,0.0
2023-04-24,Minimum variance,0.0
2023-04-25,Minimum variance,0.0
2023-04-26,Minimum variance,0.0
2023-04-27,Minimum variance,0.0
2023-04-28,Minimum variance,0.0
2023-05-02,Minimum variance,0.0
2023-05-03,Minimum variance,0.0
2023-05-04,Minimum variance,0.0
2023-05-05,Minimum variance,0.0
2023-05-08,Minimum variance,0.0
2023-05-09,Minimum variance,0.0
2023-05-10,Minimum variance,0.0
2023-05-11,Minimum variance,0.0
2023-05-12,Minimum variance,0.0
2023-05-15,Minimum variance,0.0
2023-05-16,Minimum variance,0.0
2023-05-17,Minimum variance,0.0016665472285006255
2023-05-18,Minimum variance,0.0
2023-05-19,Minimum variance,0.0
2023-05-22,Minimum variance,0.0
2023-05-23,Minimum variance,0.0
2023-05-24,Minimum variance,0.0
2023-05-25,Minimum variance,0.0
2023-05-26,Minimum variance,0.0
2023-05-29,Minimum variance,0.0
2023-05-30,Minimum variance,0.0
2023-05-31,Minimum variance,0.0
2023-06-01,Minimum variance,0.0
2023-06-02,Minimum variance,0.0
2023-06-05,Minimum variance,0.0
2023-06-06,Minimum variance,0.0
2023-06-07,Minimum variance,0.0
2023-06-08,Minimum variance,0.0
2023-06-09,Minimum variance,0.0
2023-06-12,Minimum variance,0.0
2023-06-13,Minimum variance,0.0
2023-06-14,Minimum variance,0.0
2023-06-15,Minimum variance,0.008945503608580763
2023-06-16,Minimum variance,0.0
2023-06-19,Minimum variance,0.0
2023-06-20,Minimum variance,0.0
2023-06-21,Minimum variance,0.0
2023-06-22,Minimum variance,0.0
2023-06-23,Minimum variance,0.0
2023-06-26,Minimum variance,0.0
2023-06-27,Minimum variance,0.0
2023-06-28,Minimum variance,0.0
2023-06-30,Minimum variance,0.0
2023-07-03,Minimum variance,0.0
2023-07-04,Minimum variance,0.0
2023-07-05,Minimum variance,0.0
2023-07-06,Minimum variance,0.0
2023-07-07,Minimum variance,0.0
2023-07-10,Minimum variance,0.0
2023-07-11,Minimum variance,0.0
2023-07-12,Minimum variance,0.0
2023-07-13,Minimum variance,0.0
2023-07-14,Minimum variance,0.0
2023-07-17,Minimum variance,0.0033863700695651033
2023-07-18,Minimum variance,0.0
2023-07-19,Minimum variance,0.0
2023-07-20,Minimum variance,0.0
2023-07-21,Minimum variance,0.0
2023-07-24,Minimum variance,0.0
2023-07-25,Minimum variance,0.0
2023-07-26,Minimum variance,0.0
2023-07-27,Minimum variance,0.0
2023-07-28,Minimum variance,0.0
2023-07-31,Minimum variance,0.0
2023-08-01,Minimum variance,0.0
2023-08-02,Minimum variance,0.0
2023-08-03,Minimum variance,0.0
2023-08-04,Minimum variance,0.0
2023-08-07,Minimum variance,0.0
2023-08-08,Minimum variance,0.0
2023-08-09,Minimum variance,0.0
2023-08-10,Minimum variance,0.0
2023-08-11,Minimum variance,0.0
2023-08-14,Minimum variance,0.0
2023-08-16,Minimum variance,0.0022570571996165176
2023-08-17,Minimum variance,0.0
2023-08-18,Minimum variance,0.0
2023-08-21,Minimum variance,0.0
2023-08-22,Minimum variance,0.0
2023-08-23,Minimum variance,0.0
2023-08-24,Minimum variance,0.0
2023-08-25,Minimum variance,0.0
2023-08-28,Minimum variance,0.0
2023-08-29,Minimum variance,0.0
2023-08-30,Minimum variance,0.0
2023-08-31,Minimum variance,0.0
2023-09-01,Minimum variance,0.0
2023-09-04,Minimum variance,0.0
2023-09-05,Minimum variance,0.0
2023-09-06,Minimum variance,0.0
2023-09-07,Minimum variance,0.0
2023-09-08,Minimum variance,0.0
2023-09-11,Minimum variance,0.0
2023-09-12,Minimum variance,0.0
2023-09-13,Minimum variance,0.0
2023-09-14,Minimum variance,0.0069431805821891235
2023-09-15,Minimum variance,0.0
2023-09-18,Minimum variance,0.0
2023-09-20,Minimum variance,0.0
2023-09-21,Minimum variance,0.0
2023-09-22,Minimum variance,0.0
2023-09-25,Minimum variance,0.0
2023-09-26,Minimum variance,0.0
2023-09-27,Minimum variance,0.0
2023-09-28,Minimum variance,0.0
2023-09-29,Minimum variance,0.0
2023-10-03,Minimum variance,0.0
2023-10-04,Minimum variance,0.0
2023-10-05,Minimum variance,0.0
2023-10-06,Minimum variance,0.0
2023-10-09,Minimum variance,0.0
2023-10-10,Minimum variance,0.0
2023-10-11,Minimum variance,0.0
2023-10-12,Minimum variance,0.0
2023-10-13,Minimum variance,0.0
2023-10-16,Minimum variance,0.0
2023-10-17,Minimum variance,0.007245602537606248
2023-10-18,Minimum variance,0.0
2023-10-19,Minimum variance,0.0
2023-10-20,Minimum variance,0.0
2023-10-23,Minimum variance,0.0
2023-10-25,Minimum variance,0.0
2023-10-26,Minimum variance,0.0
2023-10-27,Minimum variance,0.0
2023-10-30,Minimum variance,0.0
2023-10-31,Minimum variance,0.0
2023-11-01,Minimum variance,0.0
2023-11-02,Minimum variance,0.0
2023-11-03,Minimum variance,0.0
2023-11-06,Minimum variance,0.0
2023-11-07,Minimum variance,0.0
2023-11-08,Minimum variance,0.0
2023-11-09,Minimum variance,0.0
2023-11-10,Minimum variance,0.0
2023-11-13,Minimum variance,0.0
2023-11-15,Minimum variance,0.0
2023-11-16,Minimum variance,0.0
2023-11-17,Minimum variance,0.004056091333912014
2023-11-20,Minimum variance,0.0
2023-11-21,Minimum variance,0.0
2023-11-22,Minimum variance,0.0
2023-11-23,Minimum variance,0.0
2023-11-24,Minimum variance,0.0
2023-11-28,Minimum variance,0.0
2023-11-29,Minimum variance,0.0
2023-11-30,Minimum variance,0.0
2023-12-01,Minimum variance,0.0
2023-12-04,Minimum variance,0.0
2023-12-05,Minimum variance,0.0
2023-12-06,Minimum variance,0.0
2023-12-07,Minimum variance,0.0
2023-12-08,Minimum variance,0.0
2023-12-11,Minimum variance,0.0
2023-12-12,Minimum variance,0.0
2023-12-13,Minimum variance,0.0
2023-12-14,Minimum variance,0.0
2023-12-15,Minimum variance,0.0
2023-12-18,Minimum variance,0.0
2023-12-19,Minimum variance,0.007280132232790462
2023-12-20,Minimum variance,0.0
2023-12-21,Minimum variance,0.0
2023-12-22,Minimum variance,0.0
2023-12-26,Minimum variance,0.0
2023-12-27,Minimum variance,0.0
2023-12-28,Minimum variance,0.0
2023-12-29,Minimum variance,0.0
2024-01-01,Minimum variance,0.0
2024-01-02,Minimum variance,0.0
2024-01-03,Minimum variance,0.0
2024-01-04,Minimum variance,0.0
2024-01-05,Minimum variance,0.0
2024-01-08,Minimum variance,0.0
2024-01-09,Minimum variance,0.0
2024-01-10,Minimum variance,0.0
2024-01-11,Minimum variance,0.0
2024-01-12,Minimum variance,0.0
2024-01-15,Minimum variance,0.0
2024-01-16,Minimum variance,0.0
2024-01-17,Minimum variance,0.0
2024-01-18,Minimum variance,0.002471744393565359
2024-01-19,Minimum variance,0.0
2024-01-23,Minimum variance,0.0
2024-01-24,Minimum variance,0.0
2024-01-25,Minimum variance,0.0
2024-01-29,Minimum variance,0.0
2024-01-30,Minimum variance,0.0
2024-01-31,Minimum variance,0.0
2024-02-01,Minimum variance,0.0
2024-02-02,Minimum variance,0.0
2024-02-05,Minimum variance,0.0
2024-02-06,Minimum variance,0.0
2024-02-07,Minimum variance,0.0
2024-02-08,Minimum variance,0.0
2024-02-09,Minimum variance,0.0
2024-02-12,Minimum variance,0.0
2024-02-13,Minimum variance,0.0
2024-02-14,Minimum variance,0.0
2024-02-15,Minimum variance,0.0
2024-02-16,Minimum variance,0.0
2024-02-19,Minimum variance,0.0
2024-02-20,Minimum variance,0.00951482338961284
2024-02-21,Minimum variance,0.0
2024-02-22,Minimum variance,0.0
2024-02-23,Minimum variance,0.0
2024-02-26,Minimum variance,0.0
2024-02-27,Minimum variance,0.0
2024-02-28,Minimum variance,0.0
2024-02-29,Minimum variance,0.0
2024-03-01,Minimum variance,0.0
2024-03-04,Minimum variance,0.0
2024-03-05,Minimum variance,0.0
2024-03-06,Minimum variance,0.0
2024-03-07,Minimum variance,0.0
2024-03-11,Minimum variance,0.0
2024-03-12,Minimum variance,0.0
2024-03-13,Minimum variance,0.0
2024-03-14,Minimum variance,0.0
2024-03-15,Minimum variance,0.0
2024-03-18,Minimum variance,0.0
2024-03-19,Minimum variance,0.0
2024-03-20,Minimum variance,0.0
2024-03-21,Minimum variance,0.0055372766579917035
2024-03-22,Minimum variance,0.0
2024-03-26,Minimum variance,0.0
2024-03-27,Minimum variance,0.0
2024-03-28,Minimum variance,0.0
2024-04-01,Minimum variance,0.0
2024-04-02,Minimum variance,0.0
2024-04-03,Minimum variance,0.0
2024-04-04,Minimum variance,0.0
2024-04-05,Minimum variance,0.0
2024-04-08,Minimum variance,0.0
2024-04-09,Minimum variance,0.0
2024-04-10,Minimum variance,0.0
2024-04-12,Minimum variance,0.0
2024-04-15,Minimum variance,0.0
2024-04-16,Minimum variance,0.0
2024-04-18,Minimum variance,0.0
2024-04-19,Minimum variance,0.0
2024-04-22,Minimum variance,0.0
2024-04-23,Minimum variance,0.0
2024-04-24,Minimum variance,0.0
2024-04-25,Minimum variance,0.015197656014468264
2024-04-26,Minimum variance,0.0
2024-04-29,Minimum variance,0.0
2024-04-30,Minimum variance,0.0
2024-05-02,Minimum variance,0.0
2024-05-03,Minimum variance,0.0
2024-05-06,Minimum variance,0.0
2024-05-07,Minimum variance,0.0
2024-05-08,Minimum variance,0.0
2024-05-09,Minimum variance,0.0
2024-05-10,Minimum variance,0.0
2024-05-13,Minimum variance,0.0
2024-05-14,Minimum variance,0.0
2024-05-15,Minimum variance,0.0
2024-05-16,Minimum variance,0.0
2024-05-17,Minimum variance,0.0
2024-05-21,Minimum variance,0.0
2024-05-22,Minimum variance,0.0
2024-05-23,Minimum variance,0.0
2024-05-24,Minimum variance,0.0
2024-05-27,Minimum variance,0.0
2024-05-28,Minimum variance,0.0036941985373913355
2024-05-29,Minimum variance,0.0
2024-05-30,Minimum variance,0.0
2024-05-31,Minimum variance,0.0
2024-06-03,Minimum variance,0.0
2024-06-04,Minimum variance,0.0
2024-06-05,Minimum variance,0.0
2024-06-06,Minimum variance,0.0
2024-06-07,Minimum variance,0.0
2024-06-10,Minimum variance,0.0
2024-06-11,Minimum variance,0.0
2024-06-12,Minimum variance,0.0
2024-06-13,Minimum variance,0.0
2024-06-14,Minimum variance,0.0
2024-06-18,Minimum variance,0.0
2024-06-19,Minimum variance,0.0
2024-06-20,Minimum variance,0.0
2024-06-21,Minimum variance,0.0
2024-06-24,Minimum variance,0.0
2024-06-25,Minimum variance,0.0
2024-06-26,Minimum variance,0.0
2024-06-27,Minimum variance,0.026909457897395746
2024-06-28,Minimum variance,0.0
2024-07-01,Minimum variance,0.0
2024-07-02,Minimum variance,0.0
2024-07-03,Minimum variance,0.0
2024-07-04,Minimum variance,0.0
2024-07-05,Minimum variance,0.0
2024-07-08,Minimum variance,0.0
2024-07-09,Minimum variance,0.0
2024-07-10,Minimum variance,0.0
2024-07-11,Minimum variance,0.0
2024-07-12,Minimum variance,0.0
2024-07-15,Minimum variance,0.0
2024-07-16,Minimum variance,0.0
2024-07-18,Minimum variance,0.0
2024-07-19,Minimum variance,0.0
2024-07-22,Minimum variance,0.0
2024-07-23,Minimum variance,0.0
2024-07-24,Minimum variance,0.0
2024-07-25,Minimum variance,0.0
2024-07-26,Minimum variance,0.0
2024-07-29,Minimum variance,0.0066635561809198635
2024-07-30,Minimum variance,0.0
2024-07-31,Minimum variance,0.0
2024-08-01,Minimum variance,0.0
2024-08-02,Minimum variance,0.0
2024-08-05,Minimum variance,0.0
2024-08-06,Minimum variance,0.0
2024-08-07,Minimum variance,0.0
2024-08-08,Minimum variance,0.0
2024-08-09,Minimum variance,0.0
2024-08-12,Minimum variance,0.0
2024-08-13,Minimum variance,0.0
2024-08-14,Minimum variance,0.0
2024-08-16,Minimum variance,0.0
2024-08-19,Minimum variance,0.0
2024-08-20,Minimum variance,0.0
2024-08-21,Minimum variance,0.0
2024-08-22,Minimum variance,0.0
2024-08-23,Minimum variance,0.0
2024-08-26,Minimum variance,0.0
2024-08-27,Minimum variance,0.0
2024-08-28,Minimum variance,0.0034750865999254865
2024-08-29,Minimum variance,0.0
2024-08-30,Minimum variance,0.0
2024-09-02,Minimum variance,0.0
2024-09-03,Minimum variance,0.0
2024-09-04,Minimum variance,0.0
2024-09-05,Minimum variance,0.0
2024-09-06,Minimum variance,0.0
2024-09-09,Minimum variance,0.0
2024-09-10,Minimum variance,0.0
2024-09-11,Minimum variance,0.0
2024-09-12,Minimum variance,0.0
2024-09-13,Minimum variance,0.0
2024-09-16,Minimum variance,0.0
2024-09-17,Minimum variance,0.0
2024-09-18,Minimum variance,0.0
2024-09-19,Minimum variance,0.0
2024-09-20,Minimum variance,0.0
2024-09-23,Minimum variance,0.0
2024-09-24,Minimum variance,0.0
2024-09-25,Minimum variance,0.0
2024-09-26,Minimum variance,0.007415773283441181
2024-09-27,Minimum variance,0.0
2024-09-30,Minimum variance,0.0
2024-10-01,Minimum variance,0.0
2024-10-03,Minimum variance,0.0
2024-10-04,Minimum variance,0.0
2024-10-07,Minimum variance,0.0
2024-10-08,Minimum variance,0.0
2024-10-09,Minimum variance,0.0
2024-10-10,Minimum variance,0.0
2024-10-11,Minimum variance,0.0
2024-10-14,Minimum variance,0.0
2024-10-15,Minimum variance,0.0
2024-10-16,Minimum variance,0.0
2024-10-17,Minimum variance,0.0
2024-10-18,Minimum variance,0.0
2024-10-21,Minimum variance,0.0
2024-10-22,Minimum variance,0.0
2024-10-23,Minimum variance,0.0
2024-10-24,Minimum variance,0.0
2024-10-25,Minimum variance,0.0
2024-10-28,Minimum variance,0.005690410409836984
2024-10-29,Minimum variance,0.0
2024-10-30,Minimum variance,0.0
2024-10-31,Minimum variance,0.0
2024-11-01,Minimum variance,0.0
2024-11-04,Minimum variance,0.0
2024-11-05,Minimum variance,0.0
2024-11-06,Minimum variance,0.0
2024-11-07,Minimum variance,0.0
2024-11-08,Minimum variance,0.0
2024-11-11,Minimum variance,0.0
2024-11-12,Minimum variance,0.0
2024-11-13,Minimum variance,0.0
2024-11-14,Minimum variance,0.0
2024-11-18,Minimum variance,0.0
2024-11-19,Minimum variance,0.0
2024-11-21,Minimum variance,0.0
2024-11-22,Minimum variance,0.0
2024-11-25,Minimum variance,0.0
2024-11-26,Minimum variance,0.0
2024-11-27,Minimum variance,0.0
2024-11-28,Minimum variance,0.0077346616165661075
2024-11-29,Minimum variance,0.0
2024-12-02,Minimum variance,0.0
2024-12-03,Minimum variance,0.0
2024-12-04,Minimum variance,0.0
2024-12-05,Minimum variance,0.0
2024-12-06,Minimum variance,0.0
2024-12-09,Minimum variance,0.0
2024-12-10,Minimum variance,0.0
2024-12-11,Minimum variance,0.0
2024-12-12,Minimum variance,0.0
2024-12-13,Minimum variance,0.0
2024-12-16,Minimum variance,0.0
2024-12-17,Minimum variance,0.0
2024-12-18,Minimum variance,0.0
2024-12-19,Minimum variance,0.0
2024-12-20,Minimum variance,0.0
2024-12-23,Minimum variance,0.0
2024-12-24,Minimum variance,0.0
2024-12-26,Minimum variance,0.0
2024-12-27,Minimum variance,0.0
2024-12-30,Minimum variance,0.0028038748636180152
2024-12-31,Minimum variance,0.0
2025-01-01,Minimum variance,0.0
2025-01-02,Minimum variance,0.0
2025-01-03,Minimum variance,0.0
2025-01-06,Minimum variance,0.0
2025-01-07,Minimum variance,0.0
2025-01-08,Minimum variance,0.0
2025-01-09,Minimum variance,0.0
2025-01-10,Minimum variance,0.0
2025-01-13,Minimum variance,0.0
2025-01-14,Minimum variance,0.0
2025-01-15,Minimum variance,0.0
2025-01-16,Minimum variance,0.0
2025-01-17,Minimum variance,0.0
2025-01-20,Minimum variance,0.0
2025-01-21,Minimum variance,0.0
2025-01-22,Minimum variance,0.0
2025-01-23,Minimum variance,0.0
2025-01-24,Minimum variance,0.0
2025-01-27,Minimum variance,0.0
2025-01-28,Minimum variance,0.0046143907711199555
2025-01-29,Minimum variance,0.0
2025-01-30,Minimum variance,0.0
2025-01-31,Minimum variance,0.0
2025-02-01,Minimum variance,0.0
2025-02-03,Minimum variance,0.0
2025-02-04,Minimum variance,0.0
2025-02-05,Minimum variance,0.0
2025-02-06,Minimum variance,0.0
2025-02-07,Minimum variance,0.0
2025-02-10,Minimum variance,0.0
2025-02-11,Minimum variance,0.0
2025-02-12,Minimum variance,0.0
2025-02-13,Minimum variance,0.0
2025-02-14,Minimum variance,0.0
2025-02-17,Minimum variance,0.0
2025-02-18,Minimum variance,0.0
2025-02-19,Minimum variance,0.0
2025-02-20,Minimum variance,0.0
2025-02-21,Minimum variance,0.0
2025-02-24,Minimum variance,0.0
2025-02-25,Minimum variance,0.011193090159383606
2025-02-27,Minimum variance,0.0
2025-02-28,Minimum variance,0.0
2025-03-03,Minimum variance,0.0
2025-03-04,Minimum variance,0.0
2025-03-05,Minimum variance,0.0
2025-03-06,Minimum variance,0.0
2025-03-07,Minimum variance,0.0
2025-03-10,Minimum variance,0.0
2025-03-11,Minimum variance,0.0
2025-03-12,Minimum variance,0.0
2025-03-13,Minimum variance,0.0
2025-03-17,Minimum variance,0.0
2025-03-18,Minimum variance,0.0
2025-03-19,Minimum variance,0.0
2025-03-20,Minimum variance,0.0
2025-03-21,Minimum variance,0.0
2025-03-24,Minimum variance,0.0
2025-03-25,Minimum variance,0.0
2025-03-26,Minimum variance,0.0
2025-03-27,Minimum variance,0.0
2025-03-28,Minimum variance,0.0036351313012525574
2025-04-01,Minimum variance,0.0
2025-04-02,Minimum variance,0.0
2025-04-03,Minimum variance,0.0
2025-04-04,Minimum variance,0.0
2025-04-07,Minimum variance,0.0
2025-04-08,Minimum variance,0.0
2025-04-09,Minimum variance,0.0
2025-04-11,Minimum variance,0.0
2025-04-15,Minimum variance,0.0
2025-04-16,Minimum variance,0.0
2025-04-17,Minimum variance,0.0
2025-04-21,Minimum variance,0.0
2025-04-22,Minimum variance,0.0
2025-04-23,Minimum variance,0.0
2025-04-24,Minimum variance,0.0
2025-04-25,Minimum variance,0.0
2025-04-28,Minimum variance,0.0
2025-04-29,Minimum variance,0.0
2025-04-30,Minimum variance,0.0
2025-05-02,Minimum variance,0.0
2025-05-05,Minimum variance,0.008442963106373151
2025-05-06,Minimum variance,0.0
2025-05-07,Minimum variance,0.0
2025-05-08,Minimum variance,0.0
2025-05-09,Minimum variance,0.0
2025-05-12,Minimum variance,0.0
2025-05-13,Minimum variance,0.0
2025-05-14,Minimum variance,0.0
2025-05-15,Minimum variance,0.0
2025-05-16,Minimum variance,0.0
2025-05-19,Minimum variance,0.0
2025-05-20,Minimum variance,0.0
2025-05-21,Minimum variance,0.0
2025-05-22,Minimum variance,0.0
2025-05-23,Minimum variance,0.0
2025-05-26,Minimum variance,0.0
2025-05-27,Minimum variance,0.0
2025-05-28,Minimum variance,0.0
2025-05-29,Minimum variance,0.0
2025-05-30,Minimum variance,0.0
2025-06-02,Minimum variance,0.0
2025-06-03,Minimum variance,0.0034966406502929606
2025-06-04,Minimum variance,0.0
2025-06-05,Minimum variance,0.0
2025-06-06,Minimum variance,0.0
2025-06-09,Minimum variance,0.0
2025-06-10,Minimum variance,0.0
2025-06-11,Minimum variance,0.0
2025-06-12,Minimum variance,0.0
2025-06-13,Minimum variance,0.0
2025-06-16,Minimum variance,0.0
2025-06-17,Minimum variance,0.0
2025-06-18,Minimum variance,0.0
2025-06-19,Minimum variance,0.0
2025-06-20,Minimum variance,0.0
2025-06-23,Minimum variance,0.0
2025-06-24,Minimum variance,0.0
2025-06-25,Minimum variance,0.0
2025-06-26,Minimum variance,0.0
2025-06-27,Minimum variance,0.0
2025-06-30,Minimum variance,0.0
2025-07-01,Minimum variance,0.0
2025-07-02,Minimum variance,0.013979385751751165
2025-07-03,Minimum variance,0.0
2025-07-04,Minimum variance,0.0
2025-07-07,Minimum variance,0.0
2025-07-08,Minimum variance,0.0
2025-07-09,Minimum variance,0.0
2025-07-10,Minimum variance,0.0
2025-07-11,Minimum variance,0.0
2025-07-14,Minimum variance,0.0
2025-07-15,Minimum variance,0.0
2025-07-16,Minimum variance,0.0
2025-07-17,Minimum variance,0.0
2025-07-18,Minimum variance,0.0
2025-07-21,Minimum variance,0.0
2025-07-22,Minimum variance,0.0
2025-07-23,Minimum variance,0.0
2025-07-24,Minimum variance,0.0
2025-07-25,Minimum variance,0.0
2025-07-28,Minimum variance,0.0
2025-07-29,Minimum variance,0.0
2025-07-30,Minimum variance,0.0
2025-07-31,Minimum variance,0.0021628531992878425
2025-08-01,Minimum variance,0.0
2025-08-04,Minimum variance,0.0
2025-08-05,Minimum variance,0.0
2025-08-06,Minimum variance,0.0
2025-08-07,Minimum variance,0.0
2025-08-08,Minimum variance,0.0
2025-08-11,Minimum variance,0.0
2025-08-12,Minimum variance,0.0
2025-08-13,Minimum variance,0.0
2025-08-14,Minimum variance,0.0
2025-08-18,Minimum variance,0.0
2025-08-19,Minimum variance,0.0
2025-08-20,Minimum variance,0.0
2025-08-21,Minimum variance,0.0
2025-08-22,Minimum variance,0.0
2025-08-25,Minimum variance,0.0
2025-08-26,Minimum variance,0.0
2025-08-28,Minimum variance,0.0
2025-08-29,Minimum variance,0.0
2025-09-01,Minimum variance,0.0
2025-09-02,Minimum variance,0.0065903351718843844
2025-09-03,Minimum variance,0.0
2025-09-04,Minimum variance,0.0
2025-09-05,Minimum variance,0.0
2025-09-08,Minimum variance,0.0
2025-09-09,Minimum variance,0.0
2025-09-10,Minimum variance,0.0
2025-09-11,Minimum variance,0.0
2025-09-12,Minimum variance,0.0
2025-09-15,Minimum variance,0.0
2025-09-16,Minimum variance,0.0
2025-09-17,Minimum variance,0.0
2025-09-18,Minimum variance,0.0
2025-09-19,Minimum variance,0.0
2025-09-22,Minimum variance,0.0
2025-09-23,Minimum variance,0.0
2025-09-24,Minimum variance,0.0
2025-09-25,Minimum variance,0.0
2025-09-26,Minimum variance,0.0
2025-09-29,Minimum variance,0.0
2025-09-30,Minimum variance,0.0
2025-10-01,Minimum variance,0.013730661239620842
2025-10-03,Minimum variance,0.0
2025-10-06,Minimum variance,0.0
2025-10-07,Minimum variance,0.0
2025-10-08,Minimum variance,0.0
2025-10-09,Minimum variance,0.0
2025-10-10,Minimum variance,0.0
2025-10-13,Minimum variance,0.0
2025-10-14,Minimum variance,0.0
2025-10-15,Minimum variance,0.0
2025-10-16,Minimum variance,0.0
2025-10-17,Minimum variance,0.0
2025-10-20,Minimum variance,0.0
2025-10-21,Minimum variance,0.0
2025-10-23,Minimum variance,0.0
2025-10-24,Minimum variance,0.0
2025-10-27,Minimum variance,0.0
2025-10-28,Minimum variance,0.0
2025-10-29,Minimum variance,0.0
2025-10-30,Minimum variance,0.0
2025-10-31,Minimum variance,0.0
2025-11-03,Minimum variance,0.013873446484470794
2025-11-04,Minimum variance,0.0
2025-11-06,Minimum variance,0.0
2025-11-07,Minimum variance,0.0
2025-11-10,Minimum variance,0.0
2025-11-11,Minimum variance,0.0
2025-11-12,Minimum variance,0.0
2025-11-13,Minimum variance,0.0
2025-11-14,Minimum variance,0.0
2025-11-17,Minimum variance,0.0
2025-11-18,Minimum variance,0.0
2025-11-19,Minimum variance,0.0
2025-11-20,Minimum variance,0.0
2025-11-21,Minimum variance,0.0
2025-11-24,Minimum variance,0.0
2025-11-25,Minimum variance,0.0
2025-11-26,Minimum variance,0.0
2025-11-27,Minimum variance,0.0
2025-11-28,Minimum variance,0.0
2025-12-01,Minimum variance,0.0
2025-12-02,Minimum variance,0.0
2025-12-03,Minimum variance,0.006008519816235382
2025-12-04,Minimum variance,0.0
2025-12-05,Minimum variance,0.0
2025-12-08,Minimum variance,0.0
2025-12-09,Minimum variance,0.0
2025-12-10,Minimum variance,0.0
2025-12-11,Minimum variance,0.0
2025-12-12,Minimum variance,0.0
2025-12-15,Minimum variance,0.0
2025-12-16,Minimum variance,0.0
2025-12-17,Minimum variance,0.0
2025-12-18,Minimum variance,0.0
2025-12-19,Minimum variance,0.0
2025-12-22,Minimum variance,0.0
2025-12-23,Minimum variance,0.0
2025-12-24,Minimum variance,0.0
2025-12-26,Minimum variance,0.0
2025-12-29,Minimum variance,0.0
2025-12-30,Minimum variance,0.0
2025-12-31,Minimum variance,0.0
2026-01-01,Minimum variance,0.0
2026-01-02,Minimum variance,0.006812077760969669
2026-01-05,Minimum variance,0.0
2026-01-06,Minimum variance,0.0
2026-01-07,Minimum variance,0.0
2026-01-08,Minimum variance,0.0
2026-01-09,Minimum variance,0.0
2026-01-12,Minimum variance,0.0
2026-01-13,Minimum variance,0.0
2026-01-14,Minimum variance,0.0
2026-01-15,Minimum variance,0.0
2026-01-16,Minimum variance,0.0
2026-01-19,Minimum variance,0.0
2026-01-20,Minimum variance,0.0
2026-01-21,Minimum variance,0.0
2026-01-22,Minimum variance,0.0
2026-01-23,Minimum variance,0.0
2026-01-27,Minimum variance,0.0
2026-01-28,Minimum variance,0.0
2026-01-29,Minimum variance,0.0
2026-01-30,Minimum variance,0.0
2026-02-02,Minimum variance,0.0
2026-02-03,Minimum variance,0.04070516472086852
2026-02-04,Minimum variance,0.0
2026-02-05,Minimum variance,0.0
2026-02-06,Minimum variance,0.0
2026-02-09,Minimum variance,0.0
2026-02-10,Minimum variance,0.0
2026-02-11,Minimum variance,0.0
2026-02-12,Minimum variance,0.0
2026-02-13,Minimum variance,0.0
2026-02-16,Minimum variance,0.0
2026-02-17,Minimum variance,0.0
2026-02-18,Minimum variance,0.0
2026-02-19,Minimum variance,0.0
2026-02-20,Minimum variance,0.0
2026-02-23,Minimum variance,0.0
2026-02-24,Minimum variance,0.0
2026-02-25,Minimum variance,0.0
2026-02-26,Minimum variance,0.0
2026-02-27,Minimum variance,0.0
2026-03-02,Minimum variance,0.0
2026-03-04,Minimum variance,0.0
2026-03-05,Minimum variance,0.006580921620248545
2026-03-06,Minimum variance,0.0
2026-03-09,Minimum variance,0.0
2026-03-10,Minimum variance,0.0
2026-03-11,Minimum variance,0.0
2026-03-12,Minimum variance,0.0
2026-03-13,Minimum variance,0.0
2026-03-16,Minimum variance,0.0
2026-03-17,Minimum variance,0.0
2026-03-18,Minimum variance,0.0
2026-03-19,Minimum variance,0.0
2026-03-20,Minimum variance,0.0
2026-03-23,Minimum variance,0.0
2026-03-24,Minimum variance,0.0
2026-03-25,Minimum variance,0.0
2026-03-27,Minimum variance,0.0
2026-03-30,Minimum variance,0.0
2026-04-01,Minimum variance,0.0
2026-04-02,Minimum variance,0.0
2026-04-06,Minimum variance,0.0
2026-04-07,Minimum variance,0.0
2026-04-08,Minimum variance,0.007961460378148485
2026-04-09,Minimum variance,0.0
2026-04-10,Minimum variance,0.0
2026-04-13,Minimum variance,0.0
2026-04-15,Minimum variance,0.0
2026-04-16,Minimum variance,0.0
2026-04-17,Minimum variance,0.0
2026-04-20,Minimum variance,0.0
2026-04-21,Minimum variance,0.0
2026-04-22,Minimum variance,0.0
2026-04-23,Minimum variance,0.0
2026-04-24,Minimum variance,0.0
2026-04-27,Minimum variance,0.0
2026-04-28,Minimum variance,0.0
2026-04-29,Minimum variance,0.0
2026-04-30,Minimum variance,0.0
2026-05-01,Minimum variance,0.0
2026-05-04,Minimum variance,0.0
2026-05-05,Minimum variance,0.0
2026-05-06,Minimum variance,0.0
2026-05-07,Minimum variance,0.0
2026-05-08,Minimum variance,0.0022092766923521735
2026-05-11,Minimum variance,0.0
2026-05-12,Minimum variance,0.0
2026-05-13,Minimum variance,0.0
2026-05-14,Minimum variance,0.0
2026-05-15,Minimum variance,0.0
2026-05-18,Minimum variance,0.0
2026-05-19,Minimum variance,0.0
2026-05-20,Minimum variance,0.0
2026-05-21,Minimum variance,0.0
2026-05-22,Minimum variance,0.0
2026-05-25,Minimum variance,0.0
2026-05-26,Minimum variance,0.0
2026-05-27,Minimum variance,0.0
2026-05-28,Minimum variance,0.0
2026-05-29,Minimum variance,0.0
2026-06-01,Minimum variance,0.0
2026-06-02,Minimum variance,0.0
2026-06-03,Minimum variance,0.0
2026-06-04,Minimum variance,0.0
2026-06-05,Minimum variance,0.0
2026-06-08,Minimum variance,0.013020161733419043
2026-06-09,Minimum variance,0.0
2026-06-10,Minimum variance,0.0
2026-06-11,Minimum variance,0.0
2026-06-12,Minimum variance,0.0
2026-06-15,Minimum variance,0.0
2026-06-16,Minimum variance,0.0
2026-06-17,Minimum variance,0.0
2026-06-18,Minimum variance,0.0
2026-06-19,Minimum variance,0.0
2026-06-22,Minimum variance,0.0
2026-06-23,Minimum variance,0.0
2026-06-24,Minimum variance,0.0
2026-06-25,Minimum variance,0.0
2026-06-26,Minimum variance,0.0
2026-06-29,Minimum variance,0.0
2026-06-30,Minimum variance,0.0
2026-07-01,Minimum variance,0.0
2026-07-02,Minimum variance,0.0
2026-07-03,Minimum variance,0.0
2026-07-06,Minimum variance,0.0
2026-07-07,Minimum variance,0.007607512501321448
2026-07-08,Minimum variance,0.0
2026-07-09,Minimum variance,0.0
2026-07-10,Minimum variance,0.0
2026-07-13,Minimum variance,0.0
2026-07-14,Minimum variance,0.0
2026-07-15,Minimum variance,0.0
2026-07-16,Minimum variance,0.0
2026-07-17,Minimum variance,0.0
2026-07-20,Minimum variance,0.0
2026-07-21,Minimum variance,0.0
2026-07-22,Minimum variance,0.0
2026-07-23,Minimum variance,0.0
2026-07-24,Minimum variance,0.0
2026-07-27,Minimum variance,0.0
2010-10-05,Static 60/40,1.0
2010-10-06,Static 60/40,0.0
2010-10-07,Static 60/40,0.0
2010-10-08,Static 60/40,0.0
2010-10-11,Static 60/40,0.0
2010-10-12,Static 60/40,0.0
2010-10-13,Static 60/40,0.0
2010-10-14,Static 60/40,0.0
2010-10-15,Static 60/40,0.0
2010-10-18,Static 60/40,0.0
2010-10-19,Static 60/40,0.0
2010-10-20,Static 60/40,0.0
2010-10-21,Static 60/40,0.0
2010-10-22,Static 60/40,0.0
2010-10-25,Static 60/40,0.0
2010-10-26,Static 60/40,0.0
2010-10-27,Static 60/40,0.0
2010-10-28,Static 60/40,0.0
2010-10-29,Static 60/40,0.0
2010-11-01,Static 60/40,0.0
2010-11-02,Static 60/40,0.0
2010-11-03,Static 60/40,0.0005732355400954459
2010-11-04,Static 60/40,0.0
2010-11-08,Static 60/40,0.0
2010-11-09,Static 60/40,0.0
2010-11-10,Static 60/40,0.0
2010-11-11,Static 60/40,0.0
2010-11-12,Static 60/40,0.0
2010-11-15,Static 60/40,0.0
2010-11-16,Static 60/40,0.0
2010-11-18,Static 60/40,0.0
2010-11-19,Static 60/40,0.0
2010-11-22,Static 60/40,0.0
2010-11-23,Static 60/40,0.0
2010-11-24,Static 60/40,0.0
2010-11-25,Static 60/40,0.0
2010-11-26,Static 60/40,0.0
2010-11-29,Static 60/40,0.0
2010-11-30,Static 60/40,0.0
2010-12-01,Static 60/40,0.0
2010-12-02,Static 60/40,0.0
2010-12-03,Static 60/40,0.0
2010-12-06,Static 60/40,0.006666233297795504
2010-12-07,Static 60/40,0.0
2010-12-08,Static 60/40,0.0
2010-12-09,Static 60/40,0.0
2010-12-10,Static 60/40,0.0
2010-12-13,Static 60/40,0.0
2010-12-14,Static 60/40,0.0
2010-12-15,Static 60/40,0.0
2010-12-16,Static 60/40,0.0
2010-12-20,Static 60/40,0.0
2010-12-21,Static 60/40,0.0
2010-12-22,Static 60/40,0.0
2010-12-23,Static 60/40,0.0
2010-12-24,Static 60/40,0.0
2010-12-27,Static 60/40,0.0
2010-12-28,Static 60/40,0.0
2010-12-29,Static 60/40,0.0
2010-12-30,Static 60/40,0.0
2010-12-31,Static 60/40,0.0
2011-01-03,Static 60/40,0.0
2011-01-04,Static 60/40,0.0
2011-01-05,Static 60/40,0.0034784018364839853
2011-01-06,Static 60/40,0.0
2011-01-07,Static 60/40,0.0
2011-01-10,Static 60/40,0.0
2011-01-11,Static 60/40,0.0
2011-01-12,Static 60/40,0.0
2011-01-13,Static 60/40,0.0
2011-01-14,Static 60/40,0.0
2011-01-17,Static 60/40,0.0
2011-01-18,Static 60/40,0.0
2011-01-19,Static 60/40,0.0
2011-01-20,Static 60/40,0.0
2011-01-21,Static 60/40,0.0
2011-01-24,Static 60/40,0.0
2011-01-25,Static 60/40,0.0
2011-01-27,Static 60/40,0.0
2011-01-28,Static 60/40,0.0
2011-01-31,Static 60/40,0.0
2011-02-01,Static 60/40,0.0
2011-02-02,Static 60/40,0.0
2011-02-03,Static 60/40,0.0
2011-02-04,Static 60/40,0.028960115155924365
2011-02-07,Static 60/40,0.0
2011-02-08,Static 60/40,0.0
2011-02-09,Static 60/40,0.0
2011-02-10,Static 60/40,0.0
2011-02-11,Static 60/40,0.0
2011-02-14,Static 60/40,0.0
2011-02-15,Static 60/40,0.0
2011-02-16,Static 60/40,0.0
2011-02-17,Static 60/40,0.0
2011-02-18,Static 60/40,0.0
2011-02-21,Static 60/40,0.0
2011-02-22,Static 60/40,0.0
2011-02-23,Static 60/40,0.0
2011-02-24,Static 60/40,0.0
2011-02-25,Static 60/40,0.0
2011-02-28,Static 60/40,0.0
2011-03-01,Static 60/40,0.0
2011-03-03,Static 60/40,0.0
2011-03-04,Static 60/40,0.0
2011-03-07,Static 60/40,0.0
2011-03-08,Static 60/40,0.005488212132094189
2011-03-09,Static 60/40,0.0
2011-03-10,Static 60/40,0.0
2011-03-11,Static 60/40,0.0
2011-03-14,Static 60/40,0.0
2011-03-15,Static 60/40,0.0
2011-03-16,Static 60/40,0.0
2011-03-17,Static 60/40,0.0
2011-03-18,Static 60/40,0.0
2011-03-21,Static 60/40,0.0
2011-03-22,Static 60/40,0.0
2011-03-23,Static 60/40,0.0
2011-03-24,Static 60/40,0.0
2011-03-25,Static 60/40,0.0
2011-03-28,Static 60/40,0.0
2011-03-29,Static 60/40,0.0
2011-03-30,Static 60/40,0.0
2011-03-31,Static 60/40,0.0
2011-04-01,Static 60/40,0.0
2011-04-04,Static 60/40,0.0
2011-04-05,Static 60/40,0.0
2011-04-06,Static 60/40,0.015501012138520925
2011-04-07,Static 60/40,0.0
2011-04-08,Static 60/40,0.0
2011-04-11,Static 60/40,0.0
2011-04-13,Static 60/40,0.0
2011-04-15,Static 60/40,0.0
2011-04-18,Static 60/40,0.0
2011-04-19,Static 60/40,0.0
2011-04-20,Static 60/40,0.0
2011-04-21,Static 60/40,0.0
2011-04-25,Static 60/40,0.0
2011-04-26,Static 60/40,0.0
2011-04-27,Static 60/40,0.0
2011-04-28,Static 60/40,0.0
2011-04-29,Static 60/40,0.0
2011-05-02,Static 60/40,0.0
2011-05-03,Static 60/40,0.0
2011-05-04,Static 60/40,0.0
2011-05-05,Static 60/40,0.0
2011-05-06,Static 60/40,0.0
2011-05-09,Static 60/40,0.0
2011-05-10,Static 60/40,0.014808465844469959
2011-05-11,Static 60/40,0.0
2011-05-12,Static 60/40,0.0
2011-05-13,Static 60/40,0.0
2011-05-16,Static 60/40,0.0
2011-05-17,Static 60/40,0.0
2011-05-18,Static 60/40,0.0
2011-05-19,Static 60/40,0.0
2011-05-20,Static 60/40,0.0
2011-05-23,Static 60/40,0.0
2011-05-24,Static 60/40,0.0
2011-05-25,Static 60/40,0.0
2011-05-26,Static 60/40,0.0
2011-05-27,Static 60/40,0.0
2011-05-30,Static 60/40,0.0
2011-05-31,Static 60/40,0.0
2011-06-01,Static 60/40,0.0
2011-06-02,Static 60/40,0.0
2011-06-03,Static 60/40,0.0
2011-06-06,Static 60/40,0.0
2011-06-07,Static 60/40,0.0
2011-06-08,Static 60/40,0.0006246557277487519
2011-06-09,Static 60/40,0.0
2011-06-10,Static 60/40,0.0
2011-06-13,Static 60/40,0.0
2011-06-14,Static 60/40,0.0
2011-06-15,Static 60/40,0.0
2011-06-16,Static 60/40,0.0
2011-06-17,Static 60/40,0.0
2011-06-20,Static 60/40,0.0
2011-06-21,Static 60/40,0.0
2011-06-22,Static 60/40,0.0
2011-06-23,Static 60/40,0.0
2011-06-24,Static 60/40,0.0
2011-06-27,Static 60/40,0.0
2011-06-28,Static 60/40,0.0
2011-06-29,Static 60/40,0.0
2011-06-30,Static 60/40,0.0
2011-07-01,Static 60/40,0.0
2011-07-04,Static 60/40,0.0
2011-07-05,Static 60/40,0.0
2011-07-06,Static 60/40,0.0
2011-07-07,Static 60/40,0.008589997195689508
2011-07-08,Static 60/40,0.0
2011-07-11,Static 60/40,0.0
2011-07-12,Static 60/40,0.0
2011-07-13,Static 60/40,0.0
2011-07-14,Static 60/40,0.0
2011-07-15,Static 60/40,0.0
2011-07-18,Static 60/40,0.0
2011-07-19,Static 60/40,0.0
2011-07-20,Static 60/40,0.0
2011-07-21,Static 60/40,0.0
2011-07-22,Static 60/40,0.0
2011-07-25,Static 60/40,0.0
2011-07-26,Static 60/40,0.0
2011-07-27,Static 60/40,0.0
2011-07-28,Static 60/40,0.0
2011-07-29,Static 60/40,0.0
2011-08-01,Static 60/40,0.0
2011-08-02,Static 60/40,0.0
2011-08-03,Static 60/40,0.0
2011-08-04,Static 60/40,0.0
2011-08-05,Static 60/40,0.022931059031751688
2011-08-08,Static 60/40,0.0
2011-08-09,Static 60/40,0.0
2011-08-10,Static 60/40,0.0
2011-08-11,Static 60/40,0.0
2011-08-12,Static 60/40,0.0
2011-08-16,Static 60/40,0.0
2011-08-17,Static 60/40,0.0
2011-08-18,Static 60/40,0.0
2011-08-19,Static 60/40,0.0
2011-08-22,Static 60/40,0.0
2011-08-23,Static 60/40,0.0
2011-08-24,Static 60/40,0.0
2011-08-25,Static 60/40,0.0
2011-08-26,Static 60/40,0.0
2011-08-29,Static 60/40,0.0
2011-08-30,Static 60/40,0.0
2011-09-02,Static 60/40,0.0
2011-09-05,Static 60/40,0.0
2011-09-06,Static 60/40,0.0
2011-09-07,Static 60/40,0.0
2011-09-08,Static 60/40,0.002691466274717752
2011-09-09,Static 60/40,0.0
2011-09-12,Static 60/40,0.0
2011-09-13,Static 60/40,0.0
2011-09-14,Static 60/40,0.0
2011-09-15,Static 60/40,0.0
2011-09-16,Static 60/40,0.0
2011-09-19,Static 60/40,0.0
2011-09-20,Static 60/40,0.0
2011-09-21,Static 60/40,0.0
2011-09-22,Static 60/40,0.0
2011-09-23,Static 60/40,0.0
2011-09-26,Static 60/40,0.0
2011-09-27,Static 60/40,0.0
2011-09-28,Static 60/40,0.0
2011-09-29,Static 60/40,0.0
2011-09-30,Static 60/40,0.0
2011-10-03,Static 60/40,0.0
2011-10-04,Static 60/40,0.0
2011-10-05,Static 60/40,0.0
2011-10-07,Static 60/40,0.0
2011-10-10,Static 60/40,0.008251829947359651
2011-10-11,Static 60/40,0.0
2011-10-12,Static 60/40,0.0
2011-10-13,Static 60/40,0.0
2011-10-14,Static 60/40,0.0
2011-10-17,Static 60/40,0.0
2011-10-18,Static 60/40,0.0
2011-10-19,Static 60/40,0.0
2011-10-20,Static 60/40,0.0
2011-10-21,Static 60/40,0.0
2011-10-24,Static 60/40,0.0
2011-10-25,Static 60/40,0.0
2011-10-28,Static 60/40,0.0
2011-10-31,Static 60/40,0.0
2011-11-01,Static 60/40,0.0
2011-11-02,Static 60/40,0.0
2011-11-03,Static 60/40,0.0
2011-11-04,Static 60/40,0.0
2011-11-08,Static 60/40,0.0
2011-11-09,Static 60/40,0.0
2011-11-11,Static 60/40,0.0
2011-11-14,Static 60/40,0.007968763886628039
2011-11-15,Static 60/40,0.0
2011-11-16,Static 60/40,0.0
2011-11-17,Static 60/40,0.0
2011-11-18,Static 60/40,0.0
2011-11-21,Static 60/40,0.0
2011-11-22,Static 60/40,0.0
2011-11-23,Static 60/40,0.0
2011-11-24,Static 60/40,0.0
2011-11-25,Static 60/40,0.0
2011-11-28,Static 60/40,0.0
2011-11-29,Static 60/40,0.0
2011-11-30,Static 60/40,0.0
2011-12-01,Static 60/40,0.0
2011-12-02,Static 60/40,0.0
2011-12-05,Static 60/40,0.0
2011-12-07,Static 60/40,0.0
2011-12-08,Static 60/40,0.0
2011-12-09,Static 60/40,0.0
2011-12-12,Static 60/40,0.0
2011-12-13,Static 60/40,0.0
2011-12-14,Static 60/40,0.018795723397093178
2011-12-15,Static 60/40,0.0
2011-12-16,Static 60/40,0.0
2011-12-19,Static 60/40,0.0
2011-12-20,Static 60/40,0.0
2011-12-21,Static 60/40,0.0
2011-12-22,Static 60/40,0.0
2011-12-23,Static 60/40,0.0
2011-12-26,Static 60/40,0.0
2011-12-27,Static 60/40,0.0
2011-12-28,Static 60/40,0.0
2011-12-29,Static 60/40,0.0
2011-12-30,Static 60/40,0.0
2012-01-02,Static 60/40,0.0
2012-01-03,Static 60/40,0.0
2012-01-04,Static 60/40,0.0
2012-01-05,Static 60/40,0.0
2012-01-06,Static 60/40,0.0
2012-01-09,Static 60/40,0.0
2012-01-10,Static 60/40,0.0
2012-01-11,Static 60/40,0.0
2012-01-12,Static 60/40,0.0033994863249695306
2012-01-13,Static 60/40,0.0
2012-01-16,Static 60/40,0.0
2012-01-17,Static 60/40,0.0
2012-01-18,Static 60/40,0.0
2012-01-19,Static 60/40,0.0
2012-01-20,Static 60/40,0.0
2012-01-23,Static 60/40,0.0
2012-01-24,Static 60/40,0.0
2012-01-25,Static 60/40,0.0
2012-01-27,Static 60/40,0.0
2012-01-30,Static 60/40,0.0
2012-01-31,Static 60/40,0.0
2012-02-01,Static 60/40,0.0
2012-02-02,Static 60/40,0.0
2012-02-03,Static 60/40,0.0
2012-02-06,Static 60/40,0.0
2012-02-07,Static 60/40,0.0
2012-02-08,Static 60/40,0.0
2012-02-09,Static 60/40,0.0
2012-02-10,Static 60/40,0.0
2012-02-13,Static 60/40,0.025962070257152803
2012-02-14,Static 60/40,0.0
2012-02-15,Static 60/40,0.0
2012-02-16,Static 60/40,0.0
2012-02-17,Static 60/40,0.0
2012-02-21,Static 60/40,0.0
2012-02-22,Static 60/40,0.0
2012-02-23,Static 60/40,0.0
2012-02-24,Static 60/40,0.0
2012-02-27,Static 60/40,0.0
2012-02-28,Static 60/40,0.0
2012-02-29,Static 60/40,0.0
2012-03-01,Static 60/40,0.0
2012-03-02,Static 60/40,0.0
2012-03-05,Static 60/40,0.0
2012-03-06,Static 60/40,0.0
2012-03-07,Static 60/40,0.0
2012-03-09,Static 60/40,0.0
2012-03-12,Static 60/40,0.0
2012-03-13,Static 60/40,0.0
2012-03-14,Static 60/40,0.0
2012-03-15,Static 60/40,0.00043237045699262566
2012-03-16,Static 60/40,0.0
2012-03-19,Static 60/40,0.0
2012-03-20,Static 60/40,0.0
2012-03-21,Static 60/40,0.0
2012-03-22,Static 60/40,0.0
2012-03-23,Static 60/40,0.0
2012-03-26,Static 60/40,0.0
2012-03-27,Static 60/40,0.0
2012-03-28,Static 60/40,0.0
2012-03-29,Static 60/40,0.0
2012-03-30,Static 60/40,0.0
2012-04-02,Static 60/40,0.0
2012-04-03,Static 60/40,0.0
2012-04-04,Static 60/40,0.0
2012-04-09,Static 60/40,0.0
2012-04-10,Static 60/40,0.0
2012-04-11,Static 60/40,0.0
2012-04-12,Static 60/40,0.0
2012-04-13,Static 60/40,0.0
2012-04-16,Static 60/40,0.0
2012-04-17,Static 60/40,0.004091601729906497
2012-04-18,Static 60/40,0.0
2012-04-19,Static 60/40,0.0
2012-04-20,Static 60/40,0.0
2012-04-23,Static 60/40,0.0
2012-04-24,Static 60/40,0.0
2012-04-25,Static 60/40,0.0
2012-04-26,Static 60/40,0.0
2012-04-27,Static 60/40,0.0
2012-04-30,Static 60/40,0.0
2012-05-02,Static 60/40,0.0
2012-05-03,Static 60/40,0.0
2012-05-04,Static 60/40,0.0
2012-05-07,Static 60/40,0.0
2012-05-08,Static 60/40,0.0
2012-05-09,Static 60/40,0.0
2012-05-10,Static 60/40,0.0
2012-05-11,Static 60/40,0.0
2012-05-14,Static 60/40,0.0
2012-05-15,Static 60/40,0.0
2012-05-16,Static 60/40,0.0
2012-05-17,Static 60/40,0.01998411990806903
2012-05-18,Static 60/40,0.0
2012-05-21,Static 60/40,0.0
2012-05-22,Static 60/40,0.0
2012-05-23,Static 60/40,0.0
2012-05-24,Static 60/40,0.0
2013-01-31,Static 60/40,0.0
2013-02-01,Static 60/40,0.0
2013-02-04,Static 60/40,0.0
2013-02-05,Static 60/40,0.0
2013-02-06,Static 60/40,0.0
2013-02-07,Static 60/40,0.0
2013-02-08,Static 60/40,0.0
2013-02-11,Static 60/40,0.0
2013-02-12,Static 60/40,0.0
2013-02-13,Static 60/40,0.0
2013-02-14,Static 60/40,0.0
2013-02-15,Static 60/40,0.0
2013-02-18,Static 60/40,0.0
2013-02-19,Static 60/40,0.0
2013-02-20,Static 60/40,0.0
2013-02-21,Static 60/40,0.042064796468133325
2013-02-22,Static 60/40,0.0
2013-02-25,Static 60/40,0.0
2013-02-26,Static 60/40,0.0
2013-02-27,Static 60/40,0.0
2013-02-28,Static 60/40,0.0
2013-03-01,Static 60/40,0.0
2013-03-04,Static 60/40,0.0
2013-03-05,Static 60/40,0.0
2013-03-06,Static 60/40,0.0
2013-03-07,Static 60/40,0.0
2013-03-08,Static 60/40,0.0
2013-03-11,Static 60/40,0.0
2013-03-12,Static 60/40,0.0
2013-03-13,Static 60/40,0.0
2013-03-14,Static 60/40,0.0
2013-03-15,Static 60/40,0.0
2013-03-18,Static 60/40,0.0
2013-03-19,Static 60/40,0.0
2013-03-20,Static 60/40,0.0
2013-03-21,Static 60/40,0.0
2013-03-22,Static 60/40,0.00942842600693844
2013-03-25,Static 60/40,0.0
2013-03-26,Static 60/40,0.0
2013-03-28,Static 60/40,0.0
2013-04-01,Static 60/40,0.0
2013-04-02,Static 60/40,0.0
2013-04-03,Static 60/40,0.0
2013-04-04,Static 60/40,0.0
2013-04-05,Static 60/40,0.0
2013-04-08,Static 60/40,0.0
2013-04-09,Static 60/40,0.0
2013-04-10,Static 60/40,0.0
2013-04-11,Static 60/40,0.0
2013-04-12,Static 60/40,0.0
2013-04-15,Static 60/40,0.0
2013-04-16,Static 60/40,0.0
2013-04-17,Static 60/40,0.0
2013-04-18,Static 60/40,0.0
2013-04-22,Static 60/40,0.0
2013-04-23,Static 60/40,0.0
2013-04-25,Static 60/40,0.0
2013-04-26,Static 60/40,0.007983496935596412
2013-04-29,Static 60/40,0.0
2013-04-30,Static 60/40,0.0
2013-05-02,Static 60/40,0.0
2013-05-03,Static 60/40,0.0
2013-05-06,Static 60/40,0.0
2013-05-07,Static 60/40,0.0
2013-05-08,Static 60/40,0.0
2013-05-09,Static 60/40,0.0
2013-05-10,Static 60/40,0.0
2013-05-13,Static 60/40,0.0
2013-05-14,Static 60/40,0.0
2013-05-15,Static 60/40,0.0
2013-05-16,Static 60/40,0.0
2013-05-17,Static 60/40,0.0
2013-05-20,Static 60/40,0.0
2013-05-21,Static 60/40,0.0
2013-05-22,Static 60/40,0.0
2013-05-23,Static 60/40,0.0
2013-05-24,Static 60/40,0.0
2013-05-27,Static 60/40,0.0
2013-05-28,Static 60/40,0.008576674434908116
2013-05-29,Static 60/40,0.0
2013-05-30,Static 60/40,0.0
2013-05-31,Static 60/40,0.0
2013-06-03,Static 60/40,0.0
2013-06-04,Static 60/40,0.0
2013-06-05,Static 60/40,0.0
2013-06-06,Static 60/40,0.0
2013-06-07,Static 60/40,0.0
2013-06-10,Static 60/40,0.0
2013-06-11,Static 60/40,0.0
2013-06-12,Static 60/40,0.0
2013-06-13,Static 60/40,0.0
2013-06-14,Static 60/40,0.0
2013-06-17,Static 60/40,0.0
2013-06-18,Static 60/40,0.0
2013-06-19,Static 60/40,0.0
2013-06-20,Static 60/40,0.0
2013-06-21,Static 60/40,0.0
2013-06-24,Static 60/40,0.0
2013-06-25,Static 60/40,0.0
2013-06-26,Static 60/40,0.022715542353598073
2013-06-27,Static 60/40,0.0
2013-06-28,Static 60/40,0.0
2013-07-01,Static 60/40,0.0
2013-07-02,Static 60/40,0.0
2013-07-03,Static 60/40,0.0
2013-07-04,Static 60/40,0.0
2013-07-05,Static 60/40,0.0
2013-07-08,Static 60/40,0.0
2013-07-09,Static 60/40,0.0
2013-07-10,Static 60/40,0.0
2013-07-11,Static 60/40,0.0
2013-07-12,Static 60/40,0.0
2013-07-15,Static 60/40,0.0
2013-07-16,Static 60/40,0.0
2013-07-17,Static 60/40,0.0
2013-07-18,Static 60/40,0.0
2013-07-19,Static 60/40,0.0
2013-07-22,Static 60/40,0.0
2013-07-23,Static 60/40,0.0
2013-07-24,Static 60/40,0.0
2013-07-25,Static 60/40,0.012276578603892807
2013-07-26,Static 60/40,0.0
2013-07-29,Static 60/40,0.0
2013-07-30,Static 60/40,0.0
2013-07-31,Static 60/40,0.0
2013-08-01,Static 60/40,0.0
2013-08-02,Static 60/40,0.0
2013-08-05,Static 60/40,0.0
2013-08-06,Static 60/40,0.0
2013-08-07,Static 60/40,0.0
2013-08-08,Static 60/40,0.0
2013-08-12,Static 60/40,0.0
2013-08-13,Static 60/40,0.0
2013-08-14,Static 60/40,0.0
2013-08-16,Static 60/40,0.0
2013-08-19,Static 60/40,0.0
2013-08-20,Static 60/40,0.0
2013-08-21,Static 60/40,0.0
2013-08-22,Static 60/40,0.0
2013-08-23,Static 60/40,0.0
2013-08-26,Static 60/40,0.0
2013-08-27,Static 60/40,0.027971861382693225
2013-08-28,Static 60/40,0.0
2013-08-29,Static 60/40,0.0
2013-08-30,Static 60/40,0.0
2013-09-02,Static 60/40,0.0
2013-09-03,Static 60/40,0.0
2013-09-04,Static 60/40,0.0
2013-09-05,Static 60/40,0.0
2013-09-06,Static 60/40,0.0
2013-09-10,Static 60/40,0.0
2013-09-11,Static 60/40,0.0
2013-09-12,Static 60/40,0.0
2013-09-13,Static 60/40,0.0
2013-09-16,Static 60/40,0.0
2013-09-17,Static 60/40,0.0
2013-09-18,Static 60/40,0.0
2013-09-19,Static 60/40,0.0
2013-09-20,Static 60/40,0.0
2013-09-23,Static 60/40,0.0
2013-09-24,Static 60/40,0.0
2013-09-25,Static 60/40,0.0
2013-09-26,Static 60/40,0.023925384278942946
2013-09-27,Static 60/40,0.0
2013-09-30,Static 60/40,0.0
2013-10-01,Static 60/40,0.0
2013-10-03,Static 60/40,0.0
2013-10-04,Static 60/40,0.0
2013-10-07,Static 60/40,0.0
2013-10-08,Static 60/40,0.0
2013-10-09,Static 60/40,0.0
2013-10-10,Static 60/40,0.0
2013-10-11,Static 60/40,0.0
2013-10-14,Static 60/40,0.0
2013-10-15,Static 60/40,0.0
2013-10-17,Static 60/40,0.0
2013-10-18,Static 60/40,0.0
2013-10-21,Static 60/40,0.0
2013-10-22,Static 60/40,0.0
2013-10-23,Static 60/40,0.0
2013-10-24,Static 60/40,0.0
2013-10-25,Static 60/40,0.0
2013-10-28,Static 60/40,0.0
2013-10-29,Static 60/40,0.013030039228935586
2013-10-30,Static 60/40,0.0
2013-10-31,Static 60/40,0.0
2013-11-01,Static 60/40,0.0
2013-11-05,Static 60/40,0.0
2013-11-06,Static 60/40,0.0
2013-11-07,Static 60/40,0.0
2013-11-08,Static 60/40,0.0
2013-11-11,Static 60/40,0.0
2013-11-12,Static 60/40,0.0
2013-11-13,Static 60/40,0.0
2013-11-14,Static 60/40,0.0
2013-11-18,Static 60/40,0.0
2013-11-19,Static 60/40,0.0
2013-11-20,Static 60/40,0.0
2013-11-21,Static 60/40,0.0
2013-11-22,Static 60/40,0.0
2013-11-25,Static 60/40,0.0
2013-11-26,Static 60/40,0.0
2013-11-27,Static 60/40,0.0
2013-11-28,Static 60/40,0.0
2013-11-29,Static 60/40,0.004200253597689579
2013-12-02,Static 60/40,0.0
2013-12-03,Static 60/40,0.0
2013-12-04,Static 60/40,0.0
2013-12-05,Static 60/40,0.0
2013-12-06,Static 60/40,0.0
2013-12-09,Static 60/40,0.0
2013-12-10,Static 60/40,0.0
2013-12-11,Static 60/40,0.0
2013-12-12,Static 60/40,0.0
2013-12-13,Static 60/40,0.0
2013-12-16,Static 60/40,0.0
2013-12-17,Static 60/40,0.0
2013-12-18,Static 60/40,0.0
2013-12-19,Static 60/40,0.0
2013-12-20,Static 60/40,0.0
2013-12-23,Static 60/40,0.0
2013-12-24,Static 60/40,0.0
2013-12-26,Static 60/40,0.0
2013-12-27,Static 60/40,0.0
2013-12-30,Static 60/40,0.0
2013-12-31,Static 60/40,0.003682796079074152
2014-01-01,Static 60/40,0.0
2014-01-02,Static 60/40,0.0
2014-01-03,Static 60/40,0.0
2014-01-06,Static 60/40,0.0
2014-01-07,Static 60/40,0.0
2014-01-08,Static 60/40,0.0
2014-01-09,Static 60/40,0.0
2014-01-10,Static 60/40,0.0
2014-01-13,Static 60/40,0.0
2014-01-14,Static 60/40,0.0
2014-01-15,Static 60/40,0.0
2014-01-16,Static 60/40,0.0
2014-01-17,Static 60/40,0.0
2014-01-20,Static 60/40,0.0
2014-01-21,Static 60/40,0.0
2014-01-22,Static 60/40,0.0
2014-01-23,Static 60/40,0.0
2014-01-24,Static 60/40,0.0
2014-01-27,Static 60/40,0.0
2014-01-28,Static 60/40,0.0
2014-01-29,Static 60/40,0.00712008072653883
2014-01-30,Static 60/40,0.0
2014-01-31,Static 60/40,0.0
2014-02-03,Static 60/40,0.0
2014-02-04,Static 60/40,0.0
2014-02-05,Static 60/40,0.0
2014-02-06,Static 60/40,0.0
2014-02-07,Static 60/40,0.0
2014-02-10,Static 60/40,0.0
2014-02-11,Static 60/40,0.0
2014-02-12,Static 60/40,0.0
2014-02-13,Static 60/40,0.0
2014-02-14,Static 60/40,0.0
2014-02-17,Static 60/40,0.0
2014-02-18,Static 60/40,0.0
2014-02-19,Static 60/40,0.0
2014-02-20,Static 60/40,0.0
2014-02-21,Static 60/40,0.0
2014-02-24,Static 60/40,0.0
2014-02-25,Static 60/40,0.0
2014-02-26,Static 60/40,0.0
2014-02-28,Static 60/40,0.003777360073160041
2014-03-03,Static 60/40,0.0
2014-03-04,Static 60/40,0.0
2014-03-05,Static 60/40,0.0
2014-03-06,Static 60/40,0.0
2014-03-07,Static 60/40,0.0
2014-03-10,Static 60/40,0.0
2014-03-11,Static 60/40,0.0
2014-03-12,Static 60/40,0.0
2014-03-13,Static 60/40,0.0
2014-03-14,Static 60/40,0.0
2014-03-18,Static 60/40,0.0
2014-03-19,Static 60/40,0.0
2014-03-20,Static 60/40,0.0
2014-03-21,Static 60/40,0.0
2014-03-24,Static 60/40,0.0
2014-03-25,Static 60/40,0.0
2014-03-26,Static 60/40,0.0
2014-03-27,Static 60/40,0.0
2014-03-28,Static 60/40,0.0
2014-03-31,Static 60/40,0.0
2014-04-01,Static 60/40,0.015056773281815344
2014-04-02,Static 60/40,0.0
2014-04-03,Static 60/40,0.0
2014-04-04,Static 60/40,0.0
2014-04-07,Static 60/40,0.0
2014-04-09,Static 60/40,0.0
2014-04-10,Static 60/40,0.0
2014-04-11,Static 60/40,0.0
2014-04-15,Static 60/40,0.0
2014-04-16,Static 60/40,0.0
2014-04-17,Static 60/40,0.0
2014-04-21,Static 60/40,0.0
2014-04-22,Static 60/40,0.0
2014-04-23,Static 60/40,0.0
2014-04-25,Static 60/40,0.0
2014-04-28,Static 60/40,0.0
2014-04-29,Static 60/40,0.0
2014-04-30,Static 60/40,0.0
2014-05-02,Static 60/40,0.0
2014-05-05,Static 60/40,0.0
2014-05-06,Static 60/40,0.0
2014-05-07,Static 60/40,0.0036146608437601924
2014-05-08,Static 60/40,0.0
2014-05-09,Static 60/40,0.0
2014-05-12,Static 60/40,0.0
2014-05-13,Static 60/40,0.0
2014-05-14,Static 60/40,0.0
2014-05-15,Static 60/40,0.0
2014-05-16,Static 60/40,0.0
2014-05-19,Static 60/40,0.0
2014-05-20,Static 60/40,0.0
2014-05-21,Static 60/40,0.0
2014-05-22,Static 60/40,0.0
2014-05-23,Static 60/40,0.0
2014-05-26,Static 60/40,0.0
2014-05-27,Static 60/40,0.0
2014-05-28,Static 60/40,0.0
2014-05-29,Static 60/40,0.0
2014-05-30,Static 60/40,0.0
2014-06-02,Static 60/40,0.0
2014-06-03,Static 60/40,0.0
2014-06-04,Static 60/40,0.0
2014-06-05,Static 60/40,0.026430372444225525
2014-06-06,Static 60/40,0.0
2014-06-09,Static 60/40,0.0
2014-06-10,Static 60/40,0.0
2014-06-11,Static 60/40,0.0
2014-06-12,Static 60/40,0.0
2014-06-13,Static 60/40,0.0
2014-06-16,Static 60/40,0.0
2014-06-17,Static 60/40,0.0
2014-06-18,Static 60/40,0.0
2014-06-19,Static 60/40,0.0
2014-06-20,Static 60/40,0.0
2014-06-23,Static 60/40,0.0
2014-06-24,Static 60/40,0.0
2014-06-25,Static 60/40,0.0
2014-06-26,Static 60/40,0.0
2014-06-27,Static 60/40,0.0
2014-06-30,Static 60/40,0.0
2014-07-01,Static 60/40,0.0
2014-07-02,Static 60/40,0.0
2014-07-03,Static 60/40,0.0
2014-07-04,Static 60/40,0.007542233952045868
2014-07-07,Static 60/40,0.0
2014-07-08,Static 60/40,0.0
2014-07-09,Static 60/40,0.0
2014-07-10,Static 60/40,0.0
2014-07-11,Static 60/40,0.0
2014-07-14,Static 60/40,0.0
2014-07-15,Static 60/40,0.0
2014-07-16,Static 60/40,0.0
2014-07-17,Static 60/40,0.0
2014-07-18,Static 60/40,0.0
2014-07-21,Static 60/40,0.0
2014-07-22,Static 60/40,0.0
2014-07-23,Static 60/40,0.0
2014-07-24,Static 60/40,0.0
2014-07-25,Static 60/40,0.0
2014-07-28,Static 60/40,0.0
2014-07-30,Static 60/40,0.0
2014-07-31,Static 60/40,0.0
2014-08-01,Static 60/40,0.0
2014-08-04,Static 60/40,0.0
2014-08-05,Static 60/40,0.001414426567109217
2014-08-06,Static 60/40,0.0
2014-08-07,Static 60/40,0.0
2014-08-08,Static 60/40,0.0
2014-08-11,Static 60/40,0.0
2014-08-12,Static 60/40,0.0
2014-08-13,Static 60/40,0.0
2014-08-14,Static 60/40,0.0
2014-08-18,Static 60/40,0.0
2014-08-19,Static 60/40,0.0
2014-08-20,Static 60/40,0.0
2014-08-21,Static 60/40,0.0
2014-08-22,Static 60/40,0.0
2014-08-25,Static 60/40,0.0
2014-08-26,Static 60/40,0.0
2014-08-27,Static 60/40,0.0
2014-08-28,Static 60/40,0.0
2014-09-01,Static 60/40,0.0
2014-09-02,Static 60/40,0.0
2014-09-03,Static 60/40,0.0
2014-09-04,Static 60/40,0.0
2014-09-05,Static 60/40,0.009100940076797043
2014-09-08,Static 60/40,0.0
2014-09-09,Static 60/40,0.0
2014-09-10,Static 60/40,0.0
2014-09-11,Static 60/40,0.0
2014-09-12,Static 60/40,0.0
2014-09-15,Static 60/40,0.0
2014-09-16,Static 60/40,0.0
2014-09-17,Static 60/40,0.0
2014-09-18,Static 60/40,0.0
2014-09-19,Static 60/40,0.0
2014-09-22,Static 60/40,0.0
2014-09-23,Static 60/40,0.0
2014-09-24,Static 60/40,0.0
2014-09-25,Static 60/40,0.0
2014-09-26,Static 60/40,0.0
2014-09-29,Static 60/40,0.0
2014-09-30,Static 60/40,0.0
2014-10-01,Static 60/40,0.0
2014-10-07,Static 60/40,0.0
2014-10-08,Static 60/40,0.0
2014-10-09,Static 60/40,0.004899972004138747
2014-10-10,Static 60/40,0.0
2014-10-13,Static 60/40,0.0
2014-10-14,Static 60/40,0.0
2014-10-15,Static 60/40,0.0
2014-10-16,Static 60/40,0.0
2014-10-17,Static 60/40,0.0
2014-10-20,Static 60/40,0.0
2014-10-21,Static 60/40,0.0
2014-10-22,Static 60/40,0.0
2014-10-27,Static 60/40,0.0
2014-10-28,Static 60/40,0.0
2014-10-29,Static 60/40,0.0
2014-10-30,Static 60/40,0.0
2014-10-31,Static 60/40,0.0
2014-11-03,Static 60/40,0.0
2014-11-05,Static 60/40,0.0
2014-11-07,Static 60/40,0.0
2014-11-10,Static 60/40,0.0
2014-11-11,Static 60/40,0.0
2014-11-12,Static 60/40,0.0
2014-11-13,Static 60/40,0.010537529435609566
2014-11-14,Static 60/40,0.0
2014-11-17,Static 60/40,0.0
2014-11-18,Static 60/40,0.0
2014-11-19,Static 60/40,0.0
2014-11-20,Static 60/40,0.0
2014-11-21,Static 60/40,0.0
2014-11-24,Static 60/40,0.0
2014-11-25,Static 60/40,0.0
2014-11-26,Static 60/40,0.0
2014-11-27,Static 60/40,0.0
2014-11-28,Static 60/40,0.0
2014-12-01,Static 60/40,0.0
2014-12-02,Static 60/40,0.0
2014-12-03,Static 60/40,0.0
2014-12-04,Static 60/40,0.0
2014-12-05,Static 60/40,0.0
2014-12-08,Static 60/40,0.0
2014-12-09,Static 60/40,0.0
2014-12-10,Static 60/40,0.0
2014-12-11,Static 60/40,0.0
2014-12-12,Static 60/40,0.0049155393651754975
2014-12-15,Static 60/40,0.0
2014-12-16,Static 60/40,0.0
2014-12-17,Static 60/40,0.0
2014-12-18,Static 60/40,0.0
2014-12-19,Static 60/40,0.0
2014-12-22,Static 60/40,0.0
2014-12-23,Static 60/40,0.0
2014-12-24,Static 60/40,0.0
2014-12-26,Static 60/40,0.0
2014-12-29,Static 60/40,0.0
2014-12-30,Static 60/40,0.0
2014-12-31,Static 60/40,0.0
2015-01-01,Static 60/40,0.0
2015-01-02,Static 60/40,0.0
2015-01-05,Static 60/40,0.0
2015-01-06,Static 60/40,0.0
2015-01-07,Static 60/40,0.0
2015-01-08,Static 60/40,0.0
2015-01-09,Static 60/40,0.0
2015-01-12,Static 60/40,0.0
2015-01-13,Static 60/40,0.0010633009852932251
2015-01-14,Static 60/40,0.0
2015-01-15,Static 60/40,0.0
2015-01-16,Static 60/40,0.0
2015-01-19,Static 60/40,0.0
2015-01-20,Static 60/40,0.0
2015-01-21,Static 60/40,0.0
2015-01-22,Static 60/40,0.0
2015-01-23,Static 60/40,0.0
2015-01-27,Static 60/40,0.0
2015-01-28,Static 60/40,0.0
2015-01-29,Static 60/40,0.0
2015-01-30,Static 60/40,0.0
2015-02-02,Static 60/40,0.0
2015-02-03,Static 60/40,0.0
2015-02-04,Static 60/40,0.0
2015-02-05,Static 60/40,0.0
2015-02-06,Static 60/40,0.0
2015-02-09,Static 60/40,0.0
2015-02-10,Static 60/40,0.0
2015-02-11,Static 60/40,0.0
2015-02-12,Static 60/40,0.010519221109881793
2015-02-13,Static 60/40,0.0
2015-02-16,Static 60/40,0.0
2015-02-18,Static 60/40,0.0
2015-02-19,Static 60/40,0.0
2015-02-20,Static 60/40,0.0
2015-02-23,Static 60/40,0.0
2015-02-24,Static 60/40,0.0
2015-02-25,Static 60/40,0.0
2015-02-26,Static 60/40,0.0
2015-02-27,Static 60/40,0.0
2015-03-02,Static 60/40,0.0
2015-03-03,Static 60/40,0.0
2015-03-04,Static 60/40,0.0
2015-03-05,Static 60/40,0.0
2015-03-09,Static 60/40,0.0
2015-03-10,Static 60/40,0.0
2015-03-11,Static 60/40,0.0
2015-03-12,Static 60/40,0.0
2015-03-13,Static 60/40,0.0
2015-03-16,Static 60/40,0.0
2015-03-17,Static 60/40,0.0006325313869328941
2015-03-18,Static 60/40,0.0
2015-03-19,Static 60/40,0.0
2015-03-20,Static 60/40,0.0
2015-03-23,Static 60/40,0.0
2015-03-24,Static 60/40,0.0
2015-03-25,Static 60/40,0.0
2015-03-26,Static 60/40,0.0
2015-03-27,Static 60/40,0.0
2015-03-30,Static 60/40,0.0
2015-03-31,Static 60/40,0.0
2015-04-01,Static 60/40,0.0
2015-04-06,Static 60/40,0.0
2015-04-07,Static 60/40,0.0
2015-04-08,Static 60/40,0.0
2015-04-09,Static 60/40,0.0
2015-04-10,Static 60/40,0.0
2015-04-13,Static 60/40,0.0
2015-04-15,Static 60/40,0.0
2015-04-16,Static 60/40,0.0
2015-04-17,Static 60/40,0.0
2015-04-20,Static 60/40,0.008773954435642911
2015-04-21,Static 60/40,0.0
2015-04-22,Static 60/40,0.0
2015-04-23,Static 60/40,0.0
2015-04-24,Static 60/40,0.0
2015-04-27,Static 60/40,0.0
2015-04-28,Static 60/40,0.0
2015-04-29,Static 60/40,0.0
2015-04-30,Static 60/40,0.0
2015-05-04,Static 60/40,0.0
2015-05-05,Static 60/40,0.0
2015-05-06,Static 60/40,0.0
2015-05-07,Static 60/40,0.0
2015-05-08,Static 60/40,0.0
2015-05-11,Static 60/40,0.0
2015-05-12,Static 60/40,0.0
2015-05-13,Static 60/40,0.0
2015-05-14,Static 60/40,0.0
2015-05-15,Static 60/40,0.0
2015-05-18,Static 60/40,0.0
2015-05-19,Static 60/40,0.0
2015-05-20,Static 60/40,0.0017181739038027999
2015-05-21,Static 60/40,0.0
2015-05-22,Static 60/40,0.0
2015-05-25,Static 60/40,0.0
2015-05-26,Static 60/40,0.0
2015-05-27,Static 60/40,0.0
2015-05-28,Static 60/40,0.0
2015-05-29,Static 60/40,0.0
2015-06-01,Static 60/40,0.0
2015-06-02,Static 60/40,0.0
2015-06-03,Static 60/40,0.0
2015-06-04,Static 60/40,0.0
2015-06-05,Static 60/40,0.0
2015-06-08,Static 60/40,0.0
2015-06-09,Static 60/40,0.0
2015-06-10,Static 60/40,0.0
2015-06-11,Static 60/40,0.0
2015-06-12,Static 60/40,0.0
2015-06-15,Static 60/40,0.0
2015-06-16,Static 60/40,0.0
2015-06-17,Static 60/40,0.0
2015-06-18,Static 60/40,0.008221084874343088
2015-06-19,Static 60/40,0.0
2015-06-22,Static 60/40,0.0
2015-06-23,Static 60/40,0.0
2015-06-24,Static 60/40,0.0
2015-06-25,Static 60/40,0.0
2015-06-26,Static 60/40,0.0
2015-06-29,Static 60/40,0.0
2015-06-30,Static 60/40,0.0
2015-07-01,Static 60/40,0.0
2015-07-02,Static 60/40,0.0
2015-07-03,Static 60/40,0.0
2015-07-06,Static 60/40,0.0
2015-07-07,Static 60/40,0.0
2015-07-08,Static 60/40,0.0
2015-07-09,Static 60/40,0.0
2015-07-10,Static 60/40,0.0
2015-07-13,Static 60/40,0.0
2015-07-14,Static 60/40,0.0
2015-07-15,Static 60/40,0.0
2015-07-16,Static 60/40,0.0
2015-07-17,Static 60/40,0.011463513657112012
2015-07-20,Static 60/40,0.0
2015-07-21,Static 60/40,0.0
2015-07-22,Static 60/40,0.0
2015-07-23,Static 60/40,0.0
2015-07-24,Static 60/40,0.0
2015-07-27,Static 60/40,0.0
2015-07-28,Static 60/40,0.0
2015-07-29,Static 60/40,0.0
2015-07-30,Static 60/40,0.0
2015-07-31,Static 60/40,0.0
2015-08-03,Static 60/40,0.0
2015-08-04,Static 60/40,0.0
2015-08-05,Static 60/40,0.0
2015-08-06,Static 60/40,0.0
2015-08-07,Static 60/40,0.0
2015-08-10,Static 60/40,0.0
2015-08-11,Static 60/40,0.0
2015-08-12,Static 60/40,0.0
2015-08-13,Static 60/40,0.0
2015-08-14,Static 60/40,0.0
2015-08-17,Static 60/40,0.004689268298534582
2015-08-18,Static 60/40,0.0
2015-08-19,Static 60/40,0.0
2015-08-20,Static 60/40,0.0
2015-08-21,Static 60/40,0.0
2015-08-24,Static 60/40,0.0
2015-08-25,Static 60/40,0.0
2015-08-26,Static 60/40,0.0
2015-08-27,Static 60/40,0.0
2015-08-28,Static 60/40,0.0
2015-08-31,Static 60/40,0.0
2015-09-01,Static 60/40,0.0
2015-09-02,Static 60/40,0.0
2015-09-03,Static 60/40,0.0
2015-09-04,Static 60/40,0.0
2015-09-07,Static 60/40,0.0
2015-09-08,Static 60/40,0.0
2015-09-09,Static 60/40,0.0
2015-09-10,Static 60/40,0.0
2015-09-11,Static 60/40,0.0
2015-09-14,Static 60/40,0.0
2015-09-15,Static 60/40,0.020200832347912395
2015-09-16,Static 60/40,0.0
2015-09-18,Static 60/40,0.0
2015-09-21,Static 60/40,0.0
2015-09-22,Static 60/40,0.0
2015-09-23,Static 60/40,0.0
2015-09-24,Static 60/40,0.0
2015-09-28,Static 60/40,0.0
2015-09-29,Static 60/40,0.0
2015-09-30,Static 60/40,0.0
2015-10-01,Static 60/40,0.0
2015-10-05,Static 60/40,0.0
2015-10-06,Static 60/40,0.0
2015-10-07,Static 60/40,0.0
2015-10-08,Static 60/40,0.0
2015-10-09,Static 60/40,0.0
2015-10-12,Static 60/40,0.0
2015-10-13,Static 60/40,0.0
2015-10-14,Static 60/40,0.0
2015-10-15,Static 60/40,0.0
2015-10-16,Static 60/40,0.0
2015-10-19,Static 60/40,0.012296512943789167
2015-10-20,Static 60/40,0.0
2015-10-21,Static 60/40,0.0
2015-10-23,Static 60/40,0.0
2015-10-26,Static 60/40,0.0
2015-10-27,Static 60/40,0.0
2015-10-28,Static 60/40,0.0
2015-10-29,Static 60/40,0.0
2015-10-30,Static 60/40,0.0
2015-11-02,Static 60/40,0.0
2015-11-03,Static 60/40,0.0
2015-11-04,Static 60/40,0.0
2015-11-05,Static 60/40,0.0
2015-11-06,Static 60/40,0.0
2015-11-09,Static 60/40,0.0
2015-11-10,Static 60/40,0.0
2015-11-13,Static 60/40,0.0
2015-11-16,Static 60/40,0.0
2015-11-17,Static 60/40,0.0
2015-11-18,Static 60/40,0.0
2015-11-19,Static 60/40,0.0
2015-11-20,Static 60/40,0.01340847252479227
2015-11-23,Static 60/40,0.0
2015-11-24,Static 60/40,0.0
2015-11-26,Static 60/40,0.0
2015-11-27,Static 60/40,0.0
2015-11-30,Static 60/40,0.0
2015-12-01,Static 60/40,0.0
2015-12-02,Static 60/40,0.0
2015-12-03,Static 60/40,0.0
2015-12-04,Static 60/40,0.0
2015-12-07,Static 60/40,0.0
2015-12-08,Static 60/40,0.0
2015-12-09,Static 60/40,0.0
2015-12-10,Static 60/40,0.0
2015-12-11,Static 60/40,0.0
2015-12-14,Static 60/40,0.0
2015-12-15,Static 60/40,0.0
2015-12-16,Static 60/40,0.0
2015-12-17,Static 60/40,0.0
2015-12-18,Static 60/40,0.0
2015-12-21,Static 60/40,0.0
2015-12-22,Static 60/40,0.003084430446931158
2015-12-23,Static 60/40,0.0
2015-12-24,Static 60/40,0.0
2015-12-28,Static 60/40,0.0
2015-12-29,Static 60/40,0.0
2015-12-30,Static 60/40,0.0
2015-12-31,Static 60/40,0.0
2016-01-01,Static 60/40,0.0
2016-01-04,Static 60/40,0.0
2016-01-05,Static 60/40,0.0
2016-01-06,Static 60/40,0.0
2016-01-07,Static 60/40,0.0
2016-01-08,Static 60/40,0.0
2016-01-11,Static 60/40,0.0
2016-01-12,Static 60/40,0.0
2016-01-13,Static 60/40,0.0
2016-01-14,Static 60/40,0.0
2016-01-15,Static 60/40,0.0
2016-01-18,Static 60/40,0.0
2016-01-19,Static 60/40,0.0
2016-01-20,Static 60/40,0.0
2016-01-21,Static 60/40,0.017261562543077424
2016-01-22,Static 60/40,0.0
2016-01-25,Static 60/40,0.0
2016-01-27,Static 60/40,0.0
2016-01-28,Static 60/40,0.0
2016-01-29,Static 60/40,0.0
2016-02-01,Static 60/40,0.0
2016-02-02,Static 60/40,0.0
2016-02-03,Static 60/40,0.0
2016-02-04,Static 60/40,0.0
2016-02-05,Static 60/40,0.0
2016-02-08,Static 60/40,0.0
2016-02-09,Static 60/40,0.0
2016-02-10,Static 60/40,0.0
2016-02-11,Static 60/40,0.0
2016-02-12,Static 60/40,0.0
2016-02-15,Static 60/40,0.0
2016-02-16,Static 60/40,0.0
2016-02-17,Static 60/40,0.0
2016-02-18,Static 60/40,0.0
2016-02-19,Static 60/40,0.0
2016-02-22,Static 60/40,0.002327480146535249
2016-02-23,Static 60/40,0.0
2016-02-24,Static 60/40,0.0
2016-02-25,Static 60/40,0.0
2016-02-26,Static 60/40,0.0
2016-02-29,Static 60/40,0.0
2016-03-01,Static 60/40,0.0
2016-03-02,Static 60/40,0.0
2016-03-03,Static 60/40,0.0
2016-03-04,Static 60/40,0.0
2016-03-08,Static 60/40,0.0
2016-03-09,Static 60/40,0.0
2016-03-10,Static 60/40,0.0
2016-03-11,Static 60/40,0.0
2016-03-14,Static 60/40,0.0
2016-03-15,Static 60/40,0.0
2016-03-16,Static 60/40,0.0
2016-03-17,Static 60/40,0.0
2016-03-18,Static 60/40,0.0
2016-03-21,Static 60/40,0.0
2016-03-22,Static 60/40,0.0
2016-03-23,Static 60/40,0.014553653282897955
2016-03-28,Static 60/40,0.0
2016-03-29,Static 60/40,0.0
2016-03-30,Static 60/40,0.0
2016-03-31,Static 60/40,0.0
2016-04-01,Static 60/40,0.0
2016-04-04,Static 60/40,0.0
2016-04-05,Static 60/40,0.0
2016-04-06,Static 60/40,0.0
2016-04-07,Static 60/40,0.0
2016-04-08,Static 60/40,0.0
2016-04-11,Static 60/40,0.0
2016-04-12,Static 60/40,0.0
2016-04-13,Static 60/40,0.0
2016-04-18,Static 60/40,0.0
2016-04-20,Static 60/40,0.0
2016-04-21,Static 60/40,0.0
2016-04-22,Static 60/40,0.0
2016-04-25,Static 60/40,0.0
2016-04-26,Static 60/40,0.0
2016-04-27,Static 60/40,0.0
2016-04-28,Static 60/40,0.003138219645756918
2016-04-29,Static 60/40,0.0
2016-05-02,Static 60/40,0.0
2016-05-03,Static 60/40,0.0
2016-05-04,Static 60/40,0.0
2016-05-05,Static 60/40,0.0
2016-05-06,Static 60/40,0.0
2016-05-09,Static 60/40,0.0
2016-05-10,Static 60/40,0.0
2016-05-11,Static 60/40,0.0
2016-05-12,Static 60/40,0.0
2016-05-13,Static 60/40,0.0
2016-05-16,Static 60/40,0.0
2016-05-17,Static 60/40,0.0
2016-05-18,Static 60/40,0.0
2016-05-19,Static 60/40,0.0
2016-05-20,Static 60/40,0.0
2016-05-23,Static 60/40,0.0
2016-05-24,Static 60/40,0.0
2016-05-25,Static 60/40,0.0
2016-05-26,Static 60/40,0.0
2016-05-27,Static 60/40,0.008466122503307333
2016-05-30,Static 60/40,0.0
2016-05-31,Static 60/40,0.0
2016-06-01,Static 60/40,0.0
2016-06-02,Static 60/40,0.0
2016-06-03,Static 60/40,0.0
2016-06-06,Static 60/40,0.0
2016-06-07,Static 60/40,0.0
2016-06-08,Static 60/40,0.0
2016-06-09,Static 60/40,0.0
2016-06-10,Static 60/40,0.0
2016-06-13,Static 60/40,0.0
2016-06-14,Static 60/40,0.0
2016-06-15,Static 60/40,0.0
2016-06-16,Static 60/40,0.0
2016-06-17,Static 60/40,0.0
2016-06-20,Static 60/40,0.0
2016-06-21,Static 60/40,0.0
2016-06-22,Static 60/40,0.0
2016-06-23,Static 60/40,0.0
2016-06-24,Static 60/40,0.0
2016-06-27,Static 60/40,0.00268792201299789
2016-06-28,Static 60/40,0.0
2016-06-29,Static 60/40,0.0
2016-06-30,Static 60/40,0.0
2016-07-01,Static 60/40,0.0
2016-07-04,Static 60/40,0.0
2016-07-05,Static 60/40,0.0
2016-07-07,Static 60/40,0.0
2016-07-08,Static 60/40,0.0
2016-07-11,Static 60/40,0.0
2016-07-12,Static 60/40,0.0
2016-07-13,Static 60/40,0.0
2016-07-14,Static 60/40,0.0
2016-07-15,Static 60/40,0.0
2016-07-18,Static 60/40,0.0
2016-07-19,Static 60/40,0.0
2016-07-20,Static 60/40,0.0
2016-07-21,Static 60/40,0.0
2016-07-22,Static 60/40,0.0
2016-07-25,Static 60/40,0.0
2016-07-26,Static 60/40,0.0
2016-07-27,Static 60/40,0.013984101594469778
2016-07-28,Static 60/40,0.0
2016-07-29,Static 60/40,0.0
2016-08-01,Static 60/40,0.0
2016-08-02,Static 60/40,0.0
2016-08-03,Static 60/40,0.0
2016-08-04,Static 60/40,0.0
2016-08-05,Static 60/40,0.0
2016-08-08,Static 60/40,0.0
2016-08-09,Static 60/40,0.0
2016-08-10,Static 60/40,0.0
2016-08-11,Static 60/40,0.0
2016-08-12,Static 60/40,0.0
2016-08-16,Static 60/40,0.0
2016-08-17,Static 60/40,0.0
2016-08-18,Static 60/40,0.0
2016-08-19,Static 60/40,0.0
2016-08-22,Static 60/40,0.0
2016-08-23,Static 60/40,0.0
2016-08-24,Static 60/40,0.0
2016-08-25,Static 60/40,0.0
2016-08-26,Static 60/40,0.0020386690601743584
2016-08-29,Static 60/40,0.0
2016-08-30,Static 60/40,0.0
2016-08-31,Static 60/40,0.0
2016-09-01,Static 60/40,0.0
2016-09-02,Static 60/40,0.0
2016-09-06,Static 60/40,0.0
2016-09-07,Static 60/40,0.0
2016-09-08,Static 60/40,0.0
2016-09-09,Static 60/40,0.0
2016-09-12,Static 60/40,0.0
2016-09-14,Static 60/40,0.0
2016-09-15,Static 60/40,0.0
2016-09-16,Static 60/40,0.0
2016-09-19,Static 60/40,0.0
2016-09-20,Static 60/40,0.0
2016-09-21,Static 60/40,0.0
2016-09-22,Static 60/40,0.0
2016-09-23,Static 60/40,0.0
2016-09-26,Static 60/40,0.0
2016-09-27,Static 60/40,0.0
2016-09-28,Static 60/40,0.00395585080969596
2016-09-29,Static 60/40,0.0
2016-09-30,Static 60/40,0.0
2016-10-03,Static 60/40,0.0
2016-10-04,Static 60/40,0.0
2016-10-05,Static 60/40,0.0
2016-10-06,Static 60/40,0.0
2016-10-07,Static 60/40,0.0
2016-10-10,Static 60/40,0.0
2016-10-13,Static 60/40,0.0
2016-10-14,Static 60/40,0.0
2016-10-17,Static 60/40,0.0
2016-10-18,Static 60/40,0.0
2016-10-19,Static 60/40,0.0
2016-10-20,Static 60/40,0.0
2016-10-21,Static 60/40,0.0
2016-10-24,Static 60/40,0.0
2016-10-25,Static 60/40,0.0
2016-10-26,Static 60/40,0.0
2016-10-27,Static 60/40,0.0
2016-10-28,Static 60/40,0.0
2016-11-01,Static 60/40,0.004919302492228772
2016-11-02,Static 60/40,0.0
2016-11-03,Static 60/40,0.0
2016-11-04,Static 60/40,0.0
2016-11-07,Static 60/40,0.0
2016-11-08,Static 60/40,0.0
2016-11-09,Static 60/40,0.0
2016-11-10,Static 60/40,0.0
2016-11-11,Static 60/40,0.0
2016-11-15,Static 60/40,0.0
2016-11-16,Static 60/40,0.0
2016-11-17,Static 60/40,0.0
2016-11-18,Static 60/40,0.0
2016-11-21,Static 60/40,0.0
2016-11-22,Static 60/40,0.0
2016-11-23,Static 60/40,0.0
2016-11-24,Static 60/40,0.0
2016-11-25,Static 60/40,0.0
2016-11-28,Static 60/40,0.0
2016-11-29,Static 60/40,0.0
2016-11-30,Static 60/40,0.0
2016-12-01,Static 60/40,0.013220747706733205
2016-12-02,Static 60/40,0.0
2016-12-05,Static 60/40,0.0
2016-12-06,Static 60/40,0.0
2016-12-07,Static 60/40,0.0
2016-12-08,Static 60/40,0.0
2016-12-09,Static 60/40,0.0
2016-12-12,Static 60/40,0.0
2016-12-13,Static 60/40,0.0
2016-12-14,Static 60/40,0.0
2016-12-15,Static 60/40,0.0
2016-12-16,Static 60/40,0.0
2016-12-19,Static 60/40,0.0
2016-12-20,Static 60/40,0.0
2016-12-21,Static 60/40,0.0
2016-12-22,Static 60/40,0.0
2016-12-23,Static 60/40,0.0
2016-12-26,Static 60/40,0.0
2016-12-27,Static 60/40,0.0
2016-12-28,Static 60/40,0.0
2016-12-29,Static 60/40,0.0
2016-12-30,Static 60/40,0.0009866573335668705
2017-01-02,Static 60/40,0.0
2017-01-03,Static 60/40,0.0
2017-01-04,Static 60/40,0.0
2017-01-05,Static 60/40,0.0
2017-01-06,Static 60/40,0.0
2017-01-09,Static 60/40,0.0
2017-01-10,Static 60/40,0.0
2017-01-11,Static 60/40,0.0
2017-01-12,Static 60/40,0.0
2017-01-13,Static 60/40,0.0
2017-01-16,Static 60/40,0.0
2017-01-17,Static 60/40,0.0
2017-01-18,Static 60/40,0.0
2017-01-19,Static 60/40,0.0
2017-01-20,Static 60/40,0.0
2017-01-23,Static 60/40,0.0
2017-01-24,Static 60/40,0.0
2017-01-25,Static 60/40,0.0
2017-01-27,Static 60/40,0.0
2017-01-30,Static 60/40,0.0
2017-01-31,Static 60/40,0.009897694305169957
2017-02-01,Static 60/40,0.0
2017-02-02,Static 60/40,0.0
2017-02-03,Static 60/40,0.0
2017-02-06,Static 60/40,0.0
2017-02-07,Static 60/40,0.0
2017-02-08,Static 60/40,0.0
2017-02-09,Static 60/40,0.0
2017-02-10,Static 60/40,0.0
2017-02-13,Static 60/40,0.0
2017-02-14,Static 60/40,0.0
2017-02-15,Static 60/40,0.0
2017-02-16,Static 60/40,0.0
2017-02-17,Static 60/40,0.0
2017-02-20,Static 60/40,0.0
2017-02-21,Static 60/40,0.0
2017-02-22,Static 60/40,0.0
2017-02-23,Static 60/40,0.0
2017-02-27,Static 60/40,0.0
2017-02-28,Static 60/40,0.0
2017-03-01,Static 60/40,0.0
2017-03-02,Static 60/40,0.008580157124469329
2017-03-03,Static 60/40,0.0
2017-03-06,Static 60/40,0.0
2017-03-07,Static 60/40,0.0
2017-03-08,Static 60/40,0.0
2017-03-09,Static 60/40,0.0
2017-03-10,Static 60/40,0.0
2017-03-14,Static 60/40,0.0
2017-03-15,Static 60/40,0.0
2017-03-16,Static 60/40,0.0
2017-03-17,Static 60/40,0.0
2017-03-20,Static 60/40,0.0
2017-03-21,Static 60/40,0.0
2017-03-22,Static 60/40,0.0
2017-03-23,Static 60/40,0.0
2017-03-24,Static 60/40,0.0
2017-03-27,Static 60/40,0.0
2017-03-28,Static 60/40,0.0
2017-03-29,Static 60/40,0.0
2017-03-30,Static 60/40,0.0
2017-03-31,Static 60/40,0.0
2017-04-03,Static 60/40,0.00816827984086621
2017-04-05,Static 60/40,0.0
2017-04-06,Static 60/40,0.0
2017-04-07,Static 60/40,0.0
2017-04-10,Static 60/40,0.0
2017-04-11,Static 60/40,0.0
2017-04-12,Static 60/40,0.0
2017-04-13,Static 60/40,0.0
2017-04-17,Static 60/40,0.0
2017-04-18,Static 60/40,0.0
2017-04-19,Static 60/40,0.0
2017-04-20,Static 60/40,0.0
2017-04-21,Static 60/40,0.0
2017-04-24,Static 60/40,0.0
2017-04-25,Static 60/40,0.0
2017-04-26,Static 60/40,0.0
2017-04-27,Static 60/40,0.0
2017-04-28,Static 60/40,0.0
2017-05-02,Static 60/40,0.0
2017-05-03,Static 60/40,0.0
2017-05-04,Static 60/40,0.0
2017-05-05,Static 60/40,0.0005354517302288697
2017-05-08,Static 60/40,0.0
2017-05-09,Static 60/40,0.0
2017-05-10,Static 60/40,0.0
2017-05-11,Static 60/40,0.0
2017-05-12,Static 60/40,0.0
2017-05-15,Static 60/40,0.0
2017-05-16,Static 60/40,0.0
2017-05-17,Static 60/40,0.0
2017-05-18,Static 60/40,0.0
2017-05-19,Static 60/40,0.0
2017-05-22,Static 60/40,0.0
2017-05-23,Static 60/40,0.0
2017-05-24,Static 60/40,0.0
2017-05-25,Static 60/40,0.0
2017-05-26,Static 60/40,0.0
2017-05-29,Static 60/40,0.0
2017-05-30,Static 60/40,0.0
2017-05-31,Static 60/40,0.0
2017-06-01,Static 60/40,0.0
2017-06-02,Static 60/40,0.0
2017-06-05,Static 60/40,0.009005723583432601
2017-06-06,Static 60/40,0.0
2017-06-07,Static 60/40,0.0
2017-06-08,Static 60/40,0.0
2017-06-09,Static 60/40,0.0
2017-06-12,Static 60/40,0.0
2017-06-13,Static 60/40,0.0
2017-06-14,Static 60/40,0.0
2017-06-15,Static 60/40,0.0
2017-06-16,Static 60/40,0.0
2017-06-19,Static 60/40,0.0
2017-06-20,Static 60/40,0.0
2017-06-21,Static 60/40,0.0
2017-06-22,Static 60/40,0.0
2017-06-23,Static 60/40,0.0
2017-06-27,Static 60/40,0.0
2017-06-28,Static 60/40,0.0
2017-06-29,Static 60/40,0.0
2017-06-30,Static 60/40,0.0
2017-07-03,Static 60/40,0.0
2017-07-04,Static 60/40,0.0
2017-07-05,Static 60/40,0.0017016375332508382
2017-07-06,Static 60/40,0.0
2017-07-07,Static 60/40,0.0
2017-07-10,Static 60/40,0.0
2017-07-11,Static 60/40,0.0
2017-07-12,Static 60/40,0.0
2017-07-13,Static 60/40,0.0
2017-07-14,Static 60/40,0.0
2017-07-17,Static 60/40,0.0
2017-07-18,Static 60/40,0.0
2017-07-19,Static 60/40,0.0
2017-07-20,Static 60/40,0.0
2017-07-21,Static 60/40,0.0
2017-07-24,Static 60/40,0.0
2017-07-25,Static 60/40,0.0
2017-07-26,Static 60/40,0.0
2017-07-27,Static 60/40,0.0
2017-07-28,Static 60/40,0.0
2017-07-31,Static 60/40,0.0
2017-08-01,Static 60/40,0.0
2017-08-02,Static 60/40,0.0
2017-08-03,Static 60/40,0.008357743283861352
2017-08-04,Static 60/40,0.0
2017-08-07,Static 60/40,0.0
2017-08-08,Static 60/40,0.0
2017-08-09,Static 60/40,0.0
2017-08-10,Static 60/40,0.0
2017-08-11,Static 60/40,0.0
2017-08-14,Static 60/40,0.0
2017-08-16,Static 60/40,0.0
2017-08-17,Static 60/40,0.0
2017-08-18,Static 60/40,0.0
2017-08-21,Static 60/40,0.0
2017-08-22,Static 60/40,0.0
2017-08-23,Static 60/40,0.0
2017-08-24,Static 60/40,0.0
2017-08-28,Static 60/40,0.0
2017-08-29,Static 60/40,0.0
2017-08-30,Static 60/40,0.0
2017-08-31,Static 60/40,0.0
2017-09-01,Static 60/40,0.0
2017-09-04,Static 60/40,0.0
2017-09-05,Static 60/40,0.0022400285602800774
2017-09-06,Static 60/40,0.0
2017-09-07,Static 60/40,0.0
2017-09-08,Static 60/40,0.0
2017-09-11,Static 60/40,0.0
2017-09-12,Static 60/40,0.0
2017-09-13,Static 60/40,0.0
2017-09-14,Static 60/40,0.0
2017-09-15,Static 60/40,0.0
2017-09-18,Static 60/40,0.0
2017-09-19,Static 60/40,0.0
2017-09-20,Static 60/40,0.0
2017-09-21,Static 60/40,0.0
2017-09-22,Static 60/40,0.0
2017-09-25,Static 60/40,0.0
2017-09-26,Static 60/40,0.0
2017-09-27,Static 60/40,0.0
2017-09-28,Static 60/40,0.0
2017-09-29,Static 60/40,0.0
2017-10-03,Static 60/40,0.0
2017-10-04,Static 60/40,0.0
2017-10-05,Static 60/40,0.002252313773765613
2017-10-06,Static 60/40,0.0
2017-10-09,Static 60/40,0.0
2017-10-10,Static 60/40,0.0
2017-10-11,Static 60/40,0.0
2017-10-12,Static 60/40,0.0
2017-10-13,Static 60/40,0.0
2017-10-16,Static 60/40,0.0
2017-10-17,Static 60/40,0.0
2017-10-18,Static 60/40,0.0
2017-10-19,Static 60/40,0.0
2017-10-23,Static 60/40,0.0
2017-10-24,Static 60/40,0.0
2017-10-25,Static 60/40,0.0
2017-10-26,Static 60/40,0.0
2017-10-27,Static 60/40,0.0
2017-10-30,Static 60/40,0.0
2017-10-31,Static 60/40,0.0
2017-11-01,Static 60/40,0.0
2017-11-02,Static 60/40,0.0
2017-11-03,Static 60/40,0.0
2017-11-06,Static 60/40,0.012447392481475583
2017-11-07,Static 60/40,0.0
2017-11-08,Static 60/40,0.0
2017-11-09,Static 60/40,0.0
2017-11-10,Static 60/40,0.0
2017-11-13,Static 60/40,0.0
2017-11-14,Static 60/40,0.0
2017-11-15,Static 60/40,0.0
2017-11-16,Static 60/40,0.0
2017-11-17,Static 60/40,0.0
2017-11-20,Static 60/40,0.0
2017-11-21,Static 60/40,0.0
2017-11-22,Static 60/40,0.0
2017-11-23,Static 60/40,0.0
2017-11-24,Static 60/40,0.0
2017-11-27,Static 60/40,0.0
2017-11-28,Static 60/40,0.0
2017-11-29,Static 60/40,0.0
2017-11-30,Static 60/40,0.0
2017-12-01,Static 60/40,0.0
2017-12-04,Static 60/40,0.0
2017-12-05,Static 60/40,0.008566665908195298
2017-12-06,Static 60/40,0.0
2017-12-07,Static 60/40,0.0
2017-12-08,Static 60/40,0.0
2017-12-11,Static 60/40,0.0
2017-12-12,Static 60/40,0.0
2017-12-13,Static 60/40,0.0
2017-12-14,Static 60/40,0.0
2017-12-15,Static 60/40,0.0
2017-12-18,Static 60/40,0.0
2017-12-19,Static 60/40,0.0
2017-12-20,Static 60/40,0.0
2017-12-21,Static 60/40,0.0
2017-12-22,Static 60/40,0.0
2017-12-26,Static 60/40,0.0
2017-12-27,Static 60/40,0.0
2017-12-28,Static 60/40,0.0
2017-12-29,Static 60/40,0.0
2018-01-01,Static 60/40,0.0
2018-01-02,Static 60/40,0.0
2018-01-03,Static 60/40,0.0
2018-01-04,Static 60/40,0.008181412452489073
2018-01-05,Static 60/40,0.0
2018-01-08,Static 60/40,0.0
2018-01-09,Static 60/40,0.0
2018-01-10,Static 60/40,0.0
2018-01-11,Static 60/40,0.0
2018-01-12,Static 60/40,0.0
2018-01-15,Static 60/40,0.0
2018-01-16,Static 60/40,0.0
2018-01-17,Static 60/40,0.0
2018-01-18,Static 60/40,0.0
2018-01-19,Static 60/40,0.0
2018-01-22,Static 60/40,0.0
2018-01-23,Static 60/40,0.0
2018-01-24,Static 60/40,0.0
2018-01-25,Static 60/40,0.0
2018-01-29,Static 60/40,0.0
2018-01-30,Static 60/40,0.0
2018-01-31,Static 60/40,0.0
2018-02-01,Static 60/40,0.0
2018-02-02,Static 60/40,0.0
2018-02-05,Static 60/40,0.0028898376912060153
2018-02-06,Static 60/40,0.0
2018-02-07,Static 60/40,0.0
2018-02-08,Static 60/40,0.0
2018-02-09,Static 60/40,0.0
2018-02-12,Static 60/40,0.0
2018-02-14,Static 60/40,0.0
2018-02-15,Static 60/40,0.0
2018-02-16,Static 60/40,0.0
2018-02-19,Static 60/40,0.0
2018-02-20,Static 60/40,0.0
2018-02-21,Static 60/40,0.0
2018-02-22,Static 60/40,0.0
2018-02-23,Static 60/40,0.0
2018-02-26,Static 60/40,0.0
2018-02-27,Static 60/40,0.0
2018-02-28,Static 60/40,0.0
2018-03-01,Static 60/40,0.0
2018-03-05,Static 60/40,0.0
2018-03-06,Static 60/40,0.0
2018-03-07,Static 60/40,0.0
2018-03-08,Static 60/40,0.010487241913216622
2018-03-09,Static 60/40,0.0
2018-03-12,Static 60/40,0.0
2018-03-13,Static 60/40,0.0
2018-03-14,Static 60/40,0.0
2018-03-15,Static 60/40,0.0
2018-03-16,Static 60/40,0.0
2018-03-19,Static 60/40,0.0
2018-03-20,Static 60/40,0.0
2018-03-21,Static 60/40,0.0
2018-03-22,Static 60/40,0.0
2018-03-23,Static 60/40,0.0
2018-03-26,Static 60/40,0.0
2018-03-27,Static 60/40,0.0
2018-03-28,Static 60/40,0.0
2018-04-02,Static 60/40,0.0
2018-04-03,Static 60/40,0.0
2018-04-04,Static 60/40,0.0
2018-04-05,Static 60/40,0.0
2018-04-06,Static 60/40,0.0
2018-04-09,Static 60/40,0.0
2018-04-10,Static 60/40,0.0029182045007109803
2018-04-11,Static 60/40,0.0
2018-04-12,Static 60/40,0.0
2018-04-13,Static 60/40,0.0
2018-04-16,Static 60/40,0.0
2018-04-17,Static 60/40,0.0
2018-04-18,Static 60/40,0.0
2018-04-19,Static 60/40,0.0
2018-04-20,Static 60/40,0.0
2018-04-23,Static 60/40,0.0
2018-04-24,Static 60/40,0.0
2018-04-25,Static 60/40,0.0
2018-04-26,Static 60/40,0.0
2018-04-27,Static 60/40,0.0
2018-04-30,Static 60/40,0.0
2018-05-02,Static 60/40,0.0
2018-05-03,Static 60/40,0.0
2018-05-04,Static 60/40,0.0
2018-05-07,Static 60/40,0.0
2018-05-08,Static 60/40,0.0
2018-05-09,Static 60/40,0.0
2018-05-10,Static 60/40,0.006389443580970794
2018-05-11,Static 60/40,0.0
2018-05-14,Static 60/40,0.0
2018-05-15,Static 60/40,0.0
2018-05-16,Static 60/40,0.0
2018-05-17,Static 60/40,0.0
2018-05-18,Static 60/40,0.0
2018-05-21,Static 60/40,0.0
2018-05-22,Static 60/40,0.0
2018-05-23,Static 60/40,0.0
2018-05-24,Static 60/40,0.0
2018-05-25,Static 60/40,0.0
2018-05-28,Static 60/40,0.0
2018-05-29,Static 60/40,0.0
2018-05-30,Static 60/40,0.0
2018-05-31,Static 60/40,0.0
2018-06-01,Static 60/40,0.0
2018-06-04,Static 60/40,0.0
2018-06-05,Static 60/40,0.0
2018-06-06,Static 60/40,0.0
2018-06-07,Static 60/40,0.0
2018-06-08,Static 60/40,0.0003328769212788407
2018-06-11,Static 60/40,0.0
2018-06-12,Static 60/40,0.0
2018-06-13,Static 60/40,0.0
2018-06-14,Static 60/40,0.0
2018-06-15,Static 60/40,0.0
2018-06-18,Static 60/40,0.0
2018-06-19,Static 60/40,0.0
2018-06-20,Static 60/40,0.0
2018-06-21,Static 60/40,0.0
2018-06-22,Static 60/40,0.0
2018-06-25,Static 60/40,0.0
2018-06-26,Static 60/40,0.0
2018-06-27,Static 60/40,0.0
2018-06-28,Static 60/40,0.0
2018-06-29,Static 60/40,0.0
2018-07-02,Static 60/40,0.0
2018-07-03,Static 60/40,0.0
2018-07-04,Static 60/40,0.0
2018-07-05,Static 60/40,0.0
2018-07-06,Static 60/40,0.0
2018-07-09,Static 60/40,0.0011423215944432463
2018-07-10,Static 60/40,0.0
2018-07-11,Static 60/40,0.0
2018-07-12,Static 60/40,0.0
2018-07-13,Static 60/40,0.0
2018-07-16,Static 60/40,0.0
2018-07-17,Static 60/40,0.0
2018-07-18,Static 60/40,0.0
2018-07-19,Static 60/40,0.0
2018-07-20,Static 60/40,0.0
2018-07-23,Static 60/40,0.0
2018-07-24,Static 60/40,0.0
2018-07-25,Static 60/40,0.0
2018-07-26,Static 60/40,0.0
2018-07-27,Static 60/40,0.0
2018-07-30,Static 60/40,0.0
2018-07-31,Static 60/40,0.0
2018-08-01,Static 60/40,0.0
2018-08-02,Static 60/40,0.0
2018-08-03,Static 60/40,0.0
2018-08-06,Static 60/40,0.0
2018-08-07,Static 60/40,0.010680342221158184
2018-08-08,Static 60/40,0.0
2018-08-09,Static 60/40,0.0
2018-08-10,Static 60/40,0.0
2018-08-13,Static 60/40,0.0
2018-08-14,Static 60/40,0.0
2018-08-16,Static 60/40,0.0
2018-08-17,Static 60/40,0.0
2018-08-20,Static 60/40,0.0
2018-08-21,Static 60/40,0.0
2018-08-23,Static 60/40,0.0
2018-08-24,Static 60/40,0.0
2018-08-27,Static 60/40,0.0
2018-08-28,Static 60/40,0.0
2018-08-29,Static 60/40,0.0
2018-08-30,Static 60/40,0.0
2018-08-31,Static 60/40,0.0
2018-09-03,Static 60/40,0.0
2018-09-04,Static 60/40,0.0
2018-09-05,Static 60/40,0.0
2018-09-06,Static 60/40,0.0
2018-09-07,Static 60/40,0.0033141536142820283
2018-09-10,Static 60/40,0.0
2018-09-11,Static 60/40,0.0
2018-09-12,Static 60/40,0.0
2018-09-14,Static 60/40,0.0
2018-09-17,Static 60/40,0.0
2018-09-18,Static 60/40,0.0
2018-09-19,Static 60/40,0.0
2018-09-21,Static 60/40,0.0
2018-09-24,Static 60/40,0.0
2018-09-25,Static 60/40,0.0
2018-09-26,Static 60/40,0.0
2018-09-27,Static 60/40,0.0
2018-09-28,Static 60/40,0.0
2018-10-01,Static 60/40,0.0
2018-10-03,Static 60/40,0.0
2018-10-04,Static 60/40,0.0
2018-10-05,Static 60/40,0.0
2018-10-08,Static 60/40,0.0
2018-10-09,Static 60/40,0.0
2018-10-10,Static 60/40,0.0
2018-10-11,Static 60/40,0.031000020038612075
2018-10-12,Static 60/40,0.0
2018-10-15,Static 60/40,0.0
2018-10-16,Static 60/40,0.0
2018-10-17,Static 60/40,0.0
2018-10-19,Static 60/40,0.0
2018-10-22,Static 60/40,0.0
2018-10-23,Static 60/40,0.0
2018-10-24,Static 60/40,0.0
2018-10-25,Static 60/40,0.0
2018-10-26,Static 60/40,0.0
2018-10-29,Static 60/40,0.0
2018-10-30,Static 60/40,0.0
2018-10-31,Static 60/40,0.0
2018-11-01,Static 60/40,0.0
2018-11-02,Static 60/40,0.0
2018-11-05,Static 60/40,0.0
2018-11-06,Static 60/40,0.0
2018-11-07,Static 60/40,0.0
2018-11-09,Static 60/40,0.0
2018-11-12,Static 60/40,0.0
2018-11-13,Static 60/40,0.00716127263579841
2018-11-14,Static 60/40,0.0
2018-11-15,Static 60/40,0.0
2018-11-16,Static 60/40,0.0
2018-11-19,Static 60/40,0.0
2018-11-20,Static 60/40,0.0
2018-11-21,Static 60/40,0.0
2018-11-22,Static 60/40,0.0
2018-11-26,Static 60/40,0.0
2018-11-27,Static 60/40,0.0
2018-11-28,Static 60/40,0.0
2018-11-29,Static 60/40,0.0
2018-11-30,Static 60/40,0.0
2018-12-03,Static 60/40,0.0
2018-12-04,Static 60/40,0.0
2018-12-05,Static 60/40,0.0
2018-12-06,Static 60/40,0.0
2018-12-07,Static 60/40,0.0
2018-12-10,Static 60/40,0.0
2018-12-11,Static 60/40,0.0
2018-12-12,Static 60/40,0.0
2018-12-13,Static 60/40,0.003864359275098178
2018-12-14,Static 60/40,0.0
2018-12-17,Static 60/40,0.0
2018-12-18,Static 60/40,0.0
2018-12-19,Static 60/40,0.0
2018-12-20,Static 60/40,0.0
2018-12-21,Static 60/40,0.0
2018-12-24,Static 60/40,0.0
2018-12-26,Static 60/40,0.0
2018-12-27,Static 60/40,0.0
2018-12-28,Static 60/40,0.0
2018-12-31,Static 60/40,0.0
2019-01-01,Static 60/40,0.0
2019-01-02,Static 60/40,0.0
2019-01-03,Static 60/40,0.0
2019-01-04,Static 60/40,0.0
2019-01-07,Static 60/40,0.0
2019-01-08,Static 60/40,0.0
2019-01-09,Static 60/40,0.0
2019-01-10,Static 60/40,0.0
2019-01-11,Static 60/40,0.0
2019-01-14,Static 60/40,0.0020547508914256774
2019-01-15,Static 60/40,0.0
2019-01-16,Static 60/40,0.0
2019-01-17,Static 60/40,0.0
2019-01-18,Static 60/40,0.0
2019-01-21,Static 60/40,0.0
2019-01-22,Static 60/40,0.0
2019-01-23,Static 60/40,0.0
2019-01-24,Static 60/40,0.0
2019-01-25,Static 60/40,0.0
2019-01-28,Static 60/40,0.0
2019-01-29,Static 60/40,0.0
2019-01-30,Static 60/40,0.0
2019-01-31,Static 60/40,0.0
2019-02-01,Static 60/40,0.0
2019-02-04,Static 60/40,0.0
2019-02-05,Static 60/40,0.0
2019-02-06,Static 60/40,0.0
2019-02-07,Static 60/40,0.0
2019-02-08,Static 60/40,0.0
2019-02-11,Static 60/40,0.0
2019-02-12,Static 60/40,0.001238672973128352
2019-02-14,Static 60/40,0.0
2019-02-15,Static 60/40,0.0
2019-02-18,Static 60/40,0.0
2019-02-19,Static 60/40,0.0
2019-02-20,Static 60/40,0.0
2019-02-21,Static 60/40,0.0
2019-02-22,Static 60/40,0.0
2019-02-25,Static 60/40,0.0
2019-02-26,Static 60/40,0.0
2019-02-27,Static 60/40,0.0
2019-02-28,Static 60/40,0.0
2019-03-01,Static 60/40,0.0
2019-03-05,Static 60/40,0.0
2019-03-06,Static 60/40,0.0
2019-03-07,Static 60/40,0.0
2019-03-08,Static 60/40,0.0
2019-03-11,Static 60/40,0.0
2019-03-12,Static 60/40,0.0
2019-03-13,Static 60/40,0.0
2019-03-14,Static 60/40,0.0
2019-03-15,Static 60/40,0.012025277906381943
2019-03-18,Static 60/40,0.0
2019-03-19,Static 60/40,0.0
2019-03-20,Static 60/40,0.0
2019-03-22,Static 60/40,0.0
2019-03-25,Static 60/40,0.0
2019-03-26,Static 60/40,0.0
2019-03-27,Static 60/40,0.0
2019-03-28,Static 60/40,0.0
2019-04-01,Static 60/40,0.0
2019-04-02,Static 60/40,0.0
2019-04-03,Static 60/40,0.0
2019-04-04,Static 60/40,0.0
2019-04-05,Static 60/40,0.0
2019-04-08,Static 60/40,0.0
2019-04-09,Static 60/40,0.0
2019-04-10,Static 60/40,0.0
2019-04-11,Static 60/40,0.0
2019-04-12,Static 60/40,0.0
2019-04-15,Static 60/40,0.0
2019-04-16,Static 60/40,0.0
2019-04-18,Static 60/40,0.0059143004596291515
2019-04-22,Static 60/40,0.0
2019-04-23,Static 60/40,0.0
2019-04-24,Static 60/40,0.0
2019-04-25,Static 60/40,0.0
2019-04-26,Static 60/40,0.0
2019-04-30,Static 60/40,0.0
2019-05-02,Static 60/40,0.0
2019-05-03,Static 60/40,0.0
2019-05-06,Static 60/40,0.0
2019-05-07,Static 60/40,0.0
2019-05-08,Static 60/40,0.0
2019-05-09,Static 60/40,0.0
2019-05-10,Static 60/40,0.0
2019-05-13,Static 60/40,0.0
2019-05-14,Static 60/40,0.0
2019-05-15,Static 60/40,0.0
2019-05-16,Static 60/40,0.0
2019-05-17,Static 60/40,0.0
2019-05-20,Static 60/40,0.0
2019-05-21,Static 60/40,0.0
2019-05-22,Static 60/40,0.0010712072699991804
2019-05-23,Static 60/40,0.0
2019-05-24,Static 60/40,0.0
2019-05-27,Static 60/40,0.0
2019-05-28,Static 60/40,0.0
2019-05-29,Static 60/40,0.0
2019-05-30,Static 60/40,0.0
2019-05-31,Static 60/40,0.0
2019-06-03,Static 60/40,0.0
2019-06-04,Static 60/40,0.0
2019-06-06,Static 60/40,0.0
2019-06-07,Static 60/40,0.0
2019-06-10,Static 60/40,0.0
2019-06-11,Static 60/40,0.0
2019-06-12,Static 60/40,0.0
2019-06-13,Static 60/40,0.0
2019-06-14,Static 60/40,0.0
2019-06-17,Static 60/40,0.0
2019-06-18,Static 60/40,0.0
2019-06-19,Static 60/40,0.0
2019-06-20,Static 60/40,0.0
2019-06-21,Static 60/40,0.001086653724464759
2019-06-24,Static 60/40,0.0
2019-06-25,Static 60/40,0.0
2019-06-26,Static 60/40,0.0
2019-06-27,Static 60/40,0.0
2019-06-28,Static 60/40,0.0
2019-07-01,Static 60/40,0.0
2019-07-02,Static 60/40,0.0
2019-07-03,Static 60/40,0.0
2019-07-04,Static 60/40,0.0
2019-07-05,Static 60/40,0.0
2019-07-08,Static 60/40,0.0
2019-07-09,Static 60/40,0.0
2019-07-10,Static 60/40,0.0
2019-07-11,Static 60/40,0.0
2019-07-12,Static 60/40,0.0
2019-07-15,Static 60/40,0.0
2019-07-16,Static 60/40,0.0
2019-07-17,Static 60/40,0.0
2019-07-18,Static 60/40,0.0
2019-07-19,Static 60/40,0.0
2019-07-22,Static 60/40,0.008616777270789522
2019-07-23,Static 60/40,0.0
2019-07-24,Static 60/40,0.0
2019-07-25,Static 60/40,0.0
2019-07-26,Static 60/40,0.0
2019-07-29,Static 60/40,0.0
2019-07-30,Static 60/40,0.0
2019-07-31,Static 60/40,0.0
2019-08-01,Static 60/40,0.0
2019-08-02,Static 60/40,0.0
2019-08-05,Static 60/40,0.0
2019-08-06,Static 60/40,0.0
2019-08-07,Static 60/40,0.0
2019-08-08,Static 60/40,0.0
2019-08-09,Static 60/40,0.0
2019-08-13,Static 60/40,0.0
2019-08-14,Static 60/40,0.0
2019-08-16,Static 60/40,0.0
2019-08-19,Static 60/40,0.0
2019-08-20,Static 60/40,0.0
2019-08-21,Static 60/40,0.0
2019-08-22,Static 60/40,0.013956096505201826
2019-08-23,Static 60/40,0.0
2019-08-26,Static 60/40,0.0
2019-08-27,Static 60/40,0.0
2019-08-28,Static 60/40,0.0
2019-08-29,Static 60/40,0.0
2019-08-30,Static 60/40,0.0
2019-09-03,Static 60/40,0.0
2019-09-04,Static 60/40,0.0
2019-09-05,Static 60/40,0.0
2019-09-06,Static 60/40,0.0
2019-09-09,Static 60/40,0.0
2019-09-11,Static 60/40,0.0
2019-09-12,Static 60/40,0.0
2019-09-13,Static 60/40,0.0
2019-09-16,Static 60/40,0.0
2019-09-17,Static 60/40,0.0
2019-09-18,Static 60/40,0.0
2019-09-19,Static 60/40,0.0
2019-09-20,Static 60/40,0.0
2019-09-23,Static 60/40,0.0
2019-09-24,Static 60/40,0.017412241211014173
2019-09-25,Static 60/40,0.0
2019-09-26,Static 60/40,0.0
2019-09-27,Static 60/40,0.0
2019-09-30,Static 60/40,0.0
2019-10-01,Static 60/40,0.0
2019-10-03,Static 60/40,0.0
2019-10-04,Static 60/40,0.0
2019-10-07,Static 60/40,0.0
2019-10-09,Static 60/40,0.0
2019-10-10,Static 60/40,0.0
2019-10-11,Static 60/40,0.0
2019-10-14,Static 60/40,0.0
2019-10-15,Static 60/40,0.0
2019-10-16,Static 60/40,0.0
2019-10-17,Static 60/40,0.0
2019-10-18,Static 60/40,0.0
2019-10-22,Static 60/40,0.0
2019-10-23,Static 60/40,0.0
2019-10-24,Static 60/40,0.0
2019-10-25,Static 60/40,0.0
2019-10-27,Static 60/40,0.0007834189231063771
2019-10-29,Static 60/40,0.0
2019-10-30,Static 60/40,0.0
2019-10-31,Static 60/40,0.0
2019-11-01,Static 60/40,0.0
2019-11-04,Static 60/40,0.0
2019-11-05,Static 60/40,0.0
2019-11-06,Static 60/40,0.0
2019-11-07,Static 60/40,0.0
2019-11-08,Static 60/40,0.0
2019-11-11,Static 60/40,0.0
2019-11-13,Static 60/40,0.0
2019-11-14,Static 60/40,0.0
2019-11-15,Static 60/40,0.0
2019-11-18,Static 60/40,0.0
2019-11-19,Static 60/40,0.0
2019-11-20,Static 60/40,0.0
2019-11-21,Static 60/40,0.0
2019-11-22,Static 60/40,0.0
2019-11-25,Static 60/40,0.0
2019-11-26,Static 60/40,0.0
2019-11-27,Static 60/40,0.009825251371185895
2019-11-28,Static 60/40,0.0
2019-11-29,Static 60/40,0.0
2019-12-02,Static 60/40,0.0
2019-12-03,Static 60/40,0.0
2019-12-04,Static 60/40,0.0
2019-12-05,Static 60/40,0.0
2019-12-06,Static 60/40,0.0
2019-12-09,Static 60/40,0.0
2019-12-10,Static 60/40,0.0
2019-12-11,Static 60/40,0.0
2019-12-12,Static 60/40,0.0
2019-12-13,Static 60/40,0.0
2019-12-16,Static 60/40,0.0
2019-12-17,Static 60/40,0.0
2019-12-18,Static 60/40,0.0
2019-12-19,Static 60/40,0.0
2019-12-20,Static 60/40,0.0
2019-12-23,Static 60/40,0.0
2019-12-24,Static 60/40,0.0
2019-12-26,Static 60/40,0.0
2019-12-27,Static 60/40,0.0022644793713541833
2019-12-30,Static 60/40,0.0
2019-12-31,Static 60/40,0.0
2020-01-01,Static 60/40,0.0
2020-01-02,Static 60/40,0.0
2020-01-03,Static 60/40,0.0
2020-01-06,Static 60/40,0.0
2020-01-07,Static 60/40,0.0
2020-01-08,Static 60/40,0.0
2020-01-09,Static 60/40,0.0
2020-01-10,Static 60/40,0.0
2020-01-13,Static 60/40,0.0
2020-01-14,Static 60/40,0.0
2020-01-15,Static 60/40,0.0
2020-01-16,Static 60/40,0.0
2020-01-17,Static 60/40,0.0
2020-01-20,Static 60/40,0.0
2020-01-21,Static 60/40,0.0
2020-01-22,Static 60/40,0.0
2020-01-23,Static 60/40,0.0
2020-01-24,Static 60/40,0.0
2020-01-27,Static 60/40,0.003130853216204016
2020-01-28,Static 60/40,0.0
2020-01-29,Static 60/40,0.0
2020-01-30,Static 60/40,0.0
2020-01-31,Static 60/40,0.0
2020-02-03,Static 60/40,0.0
2020-02-04,Static 60/40,0.0
2020-02-05,Static 60/40,0.0
2020-02-06,Static 60/40,0.0
2020-02-07,Static 60/40,0.0
2020-02-10,Static 60/40,0.0
2020-02-11,Static 60/40,0.0
2020-02-12,Static 60/40,0.0
2020-02-13,Static 60/40,0.0
2020-02-14,Static 60/40,0.0
2020-02-17,Static 60/40,0.0
2020-02-18,Static 60/40,0.0
2020-02-19,Static 60/40,0.0
2020-02-20,Static 60/40,0.0
2020-02-24,Static 60/40,0.0
2020-02-25,Static 60/40,0.0
2020-02-26,Static 60/40,0.009516463652494783
2020-02-27,Static 60/40,0.0
2020-02-28,Static 60/40,0.0
2020-03-02,Static 60/40,0.0
2020-03-03,Static 60/40,0.0
2020-03-04,Static 60/40,0.0
2020-03-05,Static 60/40,0.0
2020-03-06,Static 60/40,0.0
2020-03-09,Static 60/40,0.0
2020-03-11,Static 60/40,0.0
2020-03-12,Static 60/40,0.0
2020-03-13,Static 60/40,0.0
2020-03-16,Static 60/40,0.0
2020-03-17,Static 60/40,0.0
2020-03-18,Static 60/40,0.0
2020-03-19,Static 60/40,0.0
2020-03-20,Static 60/40,0.0
2020-03-23,Static 60/40,0.0
2020-03-24,Static 60/40,0.0
2020-03-25,Static 60/40,0.0
2020-03-26,Static 60/40,0.0
2020-03-27,Static 60/40,0.07393474619722815
2020-03-30,Static 60/40,0.0
2020-03-31,Static 60/40,0.0
2020-04-01,Static 60/40,0.0
2020-04-03,Static 60/40,0.0
2020-04-07,Static 60/40,0.0
2020-04-08,Static 60/40,0.0
2020-04-09,Static 60/40,0.0
2020-04-13,Static 60/40,0.0
2020-04-15,Static 60/40,0.0
2020-04-16,Static 60/40,0.0
2020-04-17,Static 60/40,0.0
2020-04-20,Static 60/40,0.0
2020-04-21,Static 60/40,0.0
2020-04-22,Static 60/40,0.0
2020-04-23,Static 60/40,0.0
2020-04-24,Static 60/40,0.0
2020-04-27,Static 60/40,0.0
2020-04-28,Static 60/40,0.0
2020-04-29,Static 60/40,0.0
2020-04-30,Static 60/40,0.0
2020-05-04,Static 60/40,0.01607602473040598
2020-05-05,Static 60/40,0.0
2020-05-06,Static 60/40,0.0
2020-05-07,Static 60/40,0.0
2020-05-08,Static 60/40,0.0
2020-05-11,Static 60/40,0.0
2020-05-12,Static 60/40,0.0
2020-05-13,Static 60/40,0.0
2020-05-14,Static 60/40,0.0
2020-05-15,Static 60/40,0.0
2020-05-18,Static 60/40,0.0
2020-05-19,Static 60/40,0.0
2020-05-20,Static 60/40,0.0
2020-05-21,Static 60/40,0.0
2020-05-22,Static 60/40,0.0
2020-05-26,Static 60/40,0.0
2020-05-27,Static 60/40,0.0
2020-05-28,Static 60/40,0.0
2020-05-29,Static 60/40,0.0
2020-06-01,Static 60/40,0.0
2020-06-02,Static 60/40,0.0
2020-06-03,Static 60/40,0.01846529269038208
2020-06-04,Static 60/40,0.0
2020-06-05,Static 60/40,0.0
2020-06-08,Static 60/40,0.0
2020-06-09,Static 60/40,0.0
2020-06-10,Static 60/40,0.0
2020-06-11,Static 60/40,0.0
2020-06-12,Static 60/40,0.0
2020-06-15,Static 60/40,0.0
2020-06-16,Static 60/40,0.0
2020-06-17,Static 60/40,0.0
2020-06-18,Static 60/40,0.0
2020-06-19,Static 60/40,0.0
2020-06-22,Static 60/40,0.0
2020-06-23,Static 60/40,0.0
2020-06-24,Static 60/40,0.0
2020-06-25,Static 60/40,0.0
2020-06-26,Static 60/40,0.0
2020-06-29,Static 60/40,0.0
2020-06-30,Static 60/40,0.0
2020-07-01,Static 60/40,0.0
2020-07-02,Static 60/40,0.010917630472130735
2020-07-03,Static 60/40,0.0
2020-07-06,Static 60/40,0.0
2020-07-07,Static 60/40,0.0
2020-07-08,Static 60/40,0.0
2020-07-09,Static 60/40,0.0
2020-07-10,Static 60/40,0.0
2020-07-13,Static 60/40,0.0
2020-07-14,Static 60/40,0.0
2020-07-15,Static 60/40,0.0
2020-07-16,Static 60/40,0.0
2020-07-17,Static 60/40,0.0
2020-07-20,Static 60/40,0.0
2020-07-21,Static 60/40,0.0
2020-07-22,Static 60/40,0.0
2020-07-23,Static 60/40,0.0
2020-07-24,Static 60/40,0.0
2020-07-27,Static 60/40,0.0
2020-07-28,Static 60/40,0.0
2020-07-29,Static 60/40,0.0
2020-07-30,Static 60/40,0.0
2020-07-31,Static 60/40,0.011036927944504143
2020-08-03,Static 60/40,0.0
2020-08-04,Static 60/40,0.0
2020-08-05,Static 60/40,0.0
2020-08-06,Static 60/40,0.0
2020-08-07,Static 60/40,0.0
2020-08-10,Static 60/40,0.0
2020-08-11,Static 60/40,0.0
2020-08-12,Static 60/40,0.0
2020-08-13,Static 60/40,0.0
2020-08-14,Static 60/40,0.0
2020-08-17,Static 60/40,0.0
2020-08-18,Static 60/40,0.0
2020-08-19,Static 60/40,0.0
2020-08-20,Static 60/40,0.0
2020-08-21,Static 60/40,0.0
2020-08-24,Static 60/40,0.0
2020-08-25,Static 60/40,0.0
2020-08-26,Static 60/40,0.0
2020-08-27,Static 60/40,0.0
2020-08-28,Static 60/40,0.0
2020-08-31,Static 60/40,0.006294215526148977
2020-09-01,Static 60/40,0.0
2020-09-02,Static 60/40,0.0
2020-09-03,Static 60/40,0.0
2020-09-04,Static 60/40,0.0
2020-09-07,Static 60/40,0.0
2020-09-08,Static 60/40,0.0
2020-09-09,Static 60/40,0.0
2020-09-10,Static 60/40,0.0
2020-09-11,Static 60/40,0.0
2020-09-14,Static 60/40,0.0
2020-09-15,Static 60/40,0.0
2020-09-16,Static 60/40,0.0
2020-09-17,Static 60/40,0.0
2020-09-18,Static 60/40,0.0
2020-09-21,Static 60/40,0.0
2020-09-22,Static 60/40,0.0
2020-09-23,Static 60/40,0.0
2020-09-24,Static 60/40,0.0
2020-09-25,Static 60/40,0.0
2020-09-28,Static 60/40,0.0
2020-09-29,Static 60/40,0.0035101311985810124
2020-09-30,Static 60/40,0.0
2020-10-01,Static 60/40,0.0
2020-10-05,Static 60/40,0.0
2020-10-06,Static 60/40,0.0
2020-10-07,Static 60/40,0.0
2020-10-08,Static 60/40,0.0
2020-10-09,Static 60/40,0.0
2020-10-12,Static 60/40,0.0
2020-10-13,Static 60/40,0.0
2020-10-14,Static 60/40,0.0
2020-10-15,Static 60/40,0.0
2020-10-16,Static 60/40,0.0
2020-10-19,Static 60/40,0.0
2020-10-20,Static 60/40,0.0
2020-10-21,Static 60/40,0.0
2020-10-22,Static 60/40,0.0
2020-10-23,Static 60/40,0.0
2020-10-26,Static 60/40,0.0
2020-10-27,Static 60/40,0.0
2020-10-28,Static 60/40,0.0
2020-10-29,Static 60/40,0.008446358318531938
2020-10-30,Static 60/40,0.0
2020-11-02,Static 60/40,0.0
2020-11-03,Static 60/40,0.0
2020-11-04,Static 60/40,0.0
2020-11-05,Static 60/40,0.0
2020-11-06,Static 60/40,0.0
2020-11-09,Static 60/40,0.0
2020-11-10,Static 60/40,0.0
2020-11-11,Static 60/40,0.0
2020-11-12,Static 60/40,0.0
2020-11-13,Static 60/40,0.0
2020-11-14,Static 60/40,0.0
2020-11-17,Static 60/40,0.0
2020-11-18,Static 60/40,0.0
2020-11-19,Static 60/40,0.0
2020-11-20,Static 60/40,0.0
2020-11-23,Static 60/40,0.0
2020-11-24,Static 60/40,0.0
2020-11-25,Static 60/40,0.0
2020-11-26,Static 60/40,0.0
2020-11-27,Static 60/40,0.024582186333144213
2020-12-01,Static 60/40,0.0
2020-12-02,Static 60/40,0.0
2020-12-03,Static 60/40,0.0
2020-12-04,Static 60/40,0.0
2020-12-07,Static 60/40,0.0
2020-12-08,Static 60/40,0.0
2020-12-09,Static 60/40,0.0
2020-12-10,Static 60/40,0.0
2020-12-11,Static 60/40,0.0
2020-12-14,Static 60/40,0.0
2020-12-15,Static 60/40,0.0
2020-12-16,Static 60/40,0.0
2020-12-17,Static 60/40,0.0
2020-12-18,Static 60/40,0.0
2020-12-21,Static 60/40,0.0
2020-12-22,Static 60/40,0.0
2020-12-23,Static 60/40,0.0
2020-12-24,Static 60/40,0.0
2020-12-28,Static 60/40,0.0
2020-12-29,Static 60/40,0.0
2020-12-30,Static 60/40,0.017907083543743818
2020-12-31,Static 60/40,0.0
2021-01-01,Static 60/40,0.0
2021-01-04,Static 60/40,0.0
2021-01-05,Static 60/40,0.0
2021-01-06,Static 60/40,0.0
2021-01-07,Static 60/40,0.0
2021-01-08,Static 60/40,0.0
2021-01-11,Static 60/40,0.0
2021-01-12,Static 60/40,0.0
2021-01-13,Static 60/40,0.0
2021-01-14,Static 60/40,0.0
2021-01-15,Static 60/40,0.0
2021-01-18,Static 60/40,0.0
2021-01-19,Static 60/40,0.0
2021-01-20,Static 60/40,0.0
2021-01-21,Static 60/40,0.0
2021-01-22,Static 60/40,0.0
2021-01-25,Static 60/40,0.0
2021-01-27,Static 60/40,0.0
2021-01-28,Static 60/40,0.0
2021-01-29,Static 60/40,0.006960453882946888
2021-02-01,Static 60/40,0.0
2021-02-02,Static 60/40,0.0
2021-02-03,Static 60/40,0.0
2021-02-04,Static 60/40,0.0
2021-02-05,Static 60/40,0.0
2021-02-08,Static 60/40,0.0
2021-02-09,Static 60/40,0.0
2021-02-10,Static 60/40,0.0
2021-02-11,Static 60/40,0.0
2021-02-12,Static 60/40,0.0
2021-02-15,Static 60/40,0.0
2021-02-16,Static 60/40,0.0
2021-02-17,Static 60/40,0.0
2021-02-18,Static 60/40,0.0
2021-02-19,Static 60/40,0.0
2021-02-22,Static 60/40,0.0
2021-02-23,Static 60/40,0.0
2021-02-24,Static 60/40,0.0
2021-02-25,Static 60/40,0.0
2021-02-26,Static 60/40,0.0
2021-03-01,Static 60/40,0.01847675572670293
2021-03-02,Static 60/40,0.0
2021-03-03,Static 60/40,0.0
2021-03-04,Static 60/40,0.0
2021-03-05,Static 60/40,0.0
2021-03-08,Static 60/40,0.0
2021-03-09,Static 60/40,0.0
2021-03-10,Static 60/40,0.0
2021-03-12,Static 60/40,0.0
2021-03-15,Static 60/40,0.0
2021-03-16,Static 60/40,0.0
2021-03-17,Static 60/40,0.0
2021-03-18,Static 60/40,0.0
2021-03-19,Static 60/40,0.0
2021-03-22,Static 60/40,0.0
2021-03-23,Static 60/40,0.0
2021-03-24,Static 60/40,0.0
2021-03-25,Static 60/40,0.0
2021-03-26,Static 60/40,0.0
2021-03-30,Static 60/40,0.0
2021-03-31,Static 60/40,0.0
2021-04-01,Static 60/40,0.001201304986836127
2021-04-05,Static 60/40,0.0
2021-04-06,Static 60/40,0.0
2021-04-07,Static 60/40,0.0
2021-04-08,Static 60/40,0.0
2021-04-09,Static 60/40,0.0
2021-04-12,Static 60/40,0.0
2021-04-13,Static 60/40,0.0
2021-04-15,Static 60/40,0.0
2021-04-16,Static 60/40,0.0
2021-04-19,Static 60/40,0.0
2021-04-20,Static 60/40,0.0
2021-04-22,Static 60/40,0.0
2021-04-23,Static 60/40,0.0
2021-04-26,Static 60/40,0.0
2021-04-27,Static 60/40,0.0
2021-04-28,Static 60/40,0.0
2021-04-29,Static 60/40,0.0
2021-04-30,Static 60/40,0.0
2021-05-03,Static 60/40,0.0
2021-05-04,Static 60/40,0.0
2021-05-05,Static 60/40,0.004541040176480021
2021-05-06,Static 60/40,0.0
2021-05-07,Static 60/40,0.0
2021-05-10,Static 60/40,0.0
2021-05-11,Static 60/40,0.0
2021-05-12,Static 60/40,0.0
2021-05-14,Static 60/40,0.0
2021-05-17,Static 60/40,0.0
2021-05-18,Static 60/40,0.0
2021-05-19,Static 60/40,0.0
2021-05-20,Static 60/40,0.0
2021-05-21,Static 60/40,0.0
2021-05-24,Static 60/40,0.0
2021-05-25,Static 60/40,0.0
2021-05-26,Static 60/40,0.0
2021-05-27,Static 60/40,0.0
2021-05-28,Static 60/40,0.0
2021-05-31,Static 60/40,0.0
2021-06-01,Static 60/40,0.0
2021-06-02,Static 60/40,0.0
2021-06-03,Static 60/40,0.0
2021-06-04,Static 60/40,0.01613920446992298
2021-06-07,Static 60/40,0.0
2021-06-08,Static 60/40,0.0
2021-06-09,Static 60/40,0.0
2021-06-10,Static 60/40,0.0
2021-06-11,Static 60/40,0.0
2021-06-14,Static 60/40,0.0
2021-06-15,Static 60/40,0.0
2021-06-16,Static 60/40,0.0
2021-06-17,Static 60/40,0.0
2021-06-18,Static 60/40,0.0
2021-06-21,Static 60/40,0.0
2021-06-22,Static 60/40,0.0
2021-06-23,Static 60/40,0.0
2021-06-24,Static 60/40,0.0
2021-06-25,Static 60/40,0.0
2021-06-28,Static 60/40,0.0
2021-06-29,Static 60/40,0.0
2021-06-30,Static 60/40,0.0
2021-07-01,Static 60/40,0.0
2021-07-02,Static 60/40,0.0
2021-07-05,Static 60/40,0.0019882962823151995
2021-07-06,Static 60/40,0.0
2021-07-07,Static 60/40,0.0
2021-07-08,Static 60/40,0.0
2021-07-09,Static 60/40,0.0
2021-07-12,Static 60/40,0.0
2021-07-13,Static 60/40,0.0
2021-07-14,Static 60/40,0.0
2021-07-15,Static 60/40,0.0
2021-07-16,Static 60/40,0.0
2021-07-19,Static 60/40,0.0
2021-07-20,Static 60/40,0.0
2021-07-22,Static 60/40,0.0
2021-07-23,Static 60/40,0.0
2021-07-26,Static 60/40,0.0
2021-07-27,Static 60/40,0.0
2021-07-28,Static 60/40,0.0
2021-07-29,Static 60/40,0.0
2021-07-30,Static 60/40,0.0
2021-08-02,Static 60/40,0.0
2021-08-03,Static 60/40,0.0
2021-08-04,Static 60/40,0.0059605410161508166
2021-08-05,Static 60/40,0.0
2021-08-06,Static 60/40,0.0
2021-08-09,Static 60/40,0.0
2021-08-10,Static 60/40,0.0
2021-08-11,Static 60/40,0.0
2021-08-12,Static 60/40,0.0
2021-08-13,Static 60/40,0.0
2021-08-16,Static 60/40,0.0
2021-08-17,Static 60/40,0.0
2021-08-18,Static 60/40,0.0
2021-08-20,Static 60/40,0.0
2021-08-23,Static 60/40,0.0
2021-08-24,Static 60/40,0.0
2021-08-25,Static 60/40,0.0
2021-08-26,Static 60/40,0.0
2021-08-27,Static 60/40,0.0
2021-08-30,Static 60/40,0.0
2021-08-31,Static 60/40,0.0
2021-09-01,Static 60/40,0.0
2021-09-02,Static 60/40,0.0
2021-09-03,Static 60/40,0.014646672606033445
2021-09-06,Static 60/40,0.0
2021-09-07,Static 60/40,0.0
2021-09-08,Static 60/40,0.0
2021-09-09,Static 60/40,0.0
2021-09-13,Static 60/40,0.0
2021-09-14,Static 60/40,0.0
2021-09-15,Static 60/40,0.0
2021-09-16,Static 60/40,0.0
2021-09-17,Static 60/40,0.0
2021-09-20,Static 60/40,0.0
2021-09-21,Static 60/40,0.0
2021-09-22,Static 60/40,0.0
2021-09-23,Static 60/40,0.0
2021-09-24,Static 60/40,0.0
2021-09-27,Static 60/40,0.0
2021-09-28,Static 60/40,0.0
2021-09-29,Static 60/40,0.0
2021-09-30,Static 60/40,0.0
2021-10-01,Static 60/40,0.0
2021-10-04,Static 60/40,0.0
2021-10-05,Static 60/40,0.006412695464234203
2021-10-06,Static 60/40,0.0
2021-10-07,Static 60/40,0.0
2021-10-08,Static 60/40,0.0
2021-10-11,Static 60/40,0.0
2021-10-12,Static 60/40,0.0
2021-10-13,Static 60/40,0.0
2021-10-14,Static 60/40,0.0
2021-10-18,Static 60/40,0.0
2021-10-19,Static 60/40,0.0
2021-10-20,Static 60/40,0.0
2021-10-21,Static 60/40,0.0
2021-10-22,Static 60/40,0.0
2021-10-25,Static 60/40,0.0
2021-10-26,Static 60/40,0.0
2021-10-27,Static 60/40,0.0
2021-10-28,Static 60/40,0.0
2021-10-29,Static 60/40,0.0
2021-11-01,Static 60/40,0.0
2021-11-02,Static 60/40,0.0
2021-11-03,Static 60/40,0.0
2021-11-04,Static 60/40,0.0007434434290284342
2021-11-08,Static 60/40,0.0
2021-11-09,Static 60/40,0.0
2021-11-10,Static 60/40,0.0
2021-11-11,Static 60/40,0.0
2021-11-12,Static 60/40,0.0
2021-11-15,Static 60/40,0.0
2021-11-16,Static 60/40,0.0
2021-11-17,Static 60/40,0.0
2021-11-18,Static 60/40,0.0
2021-11-22,Static 60/40,0.0
2021-11-23,Static 60/40,0.0
2021-11-24,Static 60/40,0.0
2021-11-25,Static 60/40,0.0
2021-11-26,Static 60/40,0.0
2021-11-29,Static 60/40,0.0
2021-11-30,Static 60/40,0.0
2021-12-01,Static 60/40,0.0
2021-12-02,Static 60/40,0.0
2021-12-03,Static 60/40,0.0
2021-12-06,Static 60/40,0.0
2021-12-07,Static 60/40,0.01067557942116501
2021-12-08,Static 60/40,0.0
2021-12-09,Static 60/40,0.0
2021-12-10,Static 60/40,0.0
2021-12-13,Static 60/40,0.0
2021-12-14,Static 60/40,0.0
2021-12-15,Static 60/40,0.0
2021-12-16,Static 60/40,0.0
2021-12-17,Static 60/40,0.0
2021-12-20,Static 60/40,0.0
2021-12-21,Static 60/40,0.0
2021-12-22,Static 60/40,0.0
2021-12-23,Static 60/40,0.0
2021-12-24,Static 60/40,0.0
2021-12-27,Static 60/40,0.0
2021-12-28,Static 60/40,0.0
2021-12-29,Static 60/40,0.0
2021-12-30,Static 60/40,0.0
2021-12-31,Static 60/40,0.0
2022-01-03,Static 60/40,0.0
2022-01-04,Static 60/40,0.0
2022-01-05,Static 60/40,0.009710743841126968
2022-01-06,Static 60/40,0.0
2022-01-07,Static 60/40,0.0
2022-01-10,Static 60/40,0.0
2022-01-11,Static 60/40,0.0
2022-01-12,Static 60/40,0.0
2022-01-13,Static 60/40,0.0
2022-01-14,Static 60/40,0.0
2022-01-17,Static 60/40,0.0
2022-01-18,Static 60/40,0.0
2022-01-19,Static 60/40,0.0
2022-01-20,Static 60/40,0.0
2022-01-21,Static 60/40,0.0
2022-01-24,Static 60/40,0.0
2022-01-25,Static 60/40,0.0
2022-01-27,Static 60/40,0.0
2022-01-28,Static 60/40,0.0
2022-01-31,Static 60/40,0.0
2022-02-01,Static 60/40,0.0
2022-02-02,Static 60/40,0.0
2022-02-03,Static 60/40,0.0
2022-02-04,Static 60/40,0.006129532496619405
2022-02-07,Static 60/40,0.0
2022-02-08,Static 60/40,0.0
2022-02-09,Static 60/40,0.0
2022-02-10,Static 60/40,0.0
2022-02-11,Static 60/40,0.0
2022-02-14,Static 60/40,0.0
2022-02-15,Static 60/40,0.0
2022-02-16,Static 60/40,0.0
2022-02-17,Static 60/40,0.0
2022-02-18,Static 60/40,0.0
2022-02-21,Static 60/40,0.0
2022-02-22,Static 60/40,0.0
2022-02-23,Static 60/40,0.0
2022-02-24,Static 60/40,0.0
2022-02-25,Static 60/40,0.0
2022-02-28,Static 60/40,0.0
2022-03-02,Static 60/40,0.0
2022-03-03,Static 60/40,0.0
2022-03-04,Static 60/40,0.0
2022-03-07,Static 60/40,0.0
2022-03-08,Static 60/40,0.02172385948944744
2022-03-09,Static 60/40,0.0
2022-03-10,Static 60/40,0.0
2022-03-11,Static 60/40,0.0
2022-03-14,Static 60/40,0.0
2022-03-15,Static 60/40,0.0
2022-03-16,Static 60/40,0.0
2022-03-17,Static 60/40,0.0
2022-03-21,Static 60/40,0.0
2022-03-22,Static 60/40,0.0
2022-03-23,Static 60/40,0.0
2022-03-24,Static 60/40,0.0
2022-03-25,Static 60/40,0.0
2022-03-28,Static 60/40,0.0
2022-03-29,Static 60/40,0.0
2022-03-30,Static 60/40,0.0
2022-03-31,Static 60/40,0.0
2022-04-01,Static 60/40,0.0
2022-04-04,Static 60/40,0.0
2022-04-05,Static 60/40,0.0
2022-04-06,Static 60/40,0.0
2022-04-07,Static 60/40,0.02242706824113508
2022-04-08,Static 60/40,0.0
2022-04-11,Static 60/40,0.0
2022-04-12,Static 60/40,0.0
2022-04-13,Static 60/40,0.0
2022-04-18,Static 60/40,0.0
2022-04-19,Static 60/40,0.0
2022-04-20,Static 60/40,0.0
2022-04-21,Static 60/40,0.0
2022-04-22,Static 60/40,0.0
2022-04-25,Static 60/40,0.0
2022-04-26,Static 60/40,0.0
2022-04-27,Static 60/40,0.0
2022-04-28,Static 60/40,0.0
2022-04-29,Static 60/40,0.0
2022-05-02,Static 60/40,0.0
2022-05-04,Static 60/40,0.0
2022-05-05,Static 60/40,0.0
2022-05-06,Static 60/40,0.0
2022-05-09,Static 60/40,0.0
2022-05-10,Static 60/40,0.0
2022-05-11,Static 60/40,0.021620224435285024
2022-05-12,Static 60/40,0.0
2022-05-13,Static 60/40,0.0
2022-05-16,Static 60/40,0.0
2022-05-17,Static 60/40,0.0
2022-05-18,Static 60/40,0.0
2022-05-19,Static 60/40,0.0
2022-05-20,Static 60/40,0.0
2022-05-23,Static 60/40,0.0
2022-05-24,Static 60/40,0.0
2022-05-25,Static 60/40,0.0
2022-05-26,Static 60/40,0.0
2022-05-27,Static 60/40,0.0
2022-05-30,Static 60/40,0.0
2022-05-31,Static 60/40,0.0
2022-06-01,Static 60/40,0.0
2022-06-02,Static 60/40,0.0
2022-06-03,Static 60/40,0.0
2022-06-06,Static 60/40,0.0
2022-06-07,Static 60/40,0.0
2022-06-08,Static 60/40,0.0
2022-06-09,Static 60/40,0.0038982537504174686
2022-06-10,Static 60/40,0.0
2022-06-13,Static 60/40,0.0
2022-06-14,Static 60/40,0.0
2022-06-15,Static 60/40,0.0
2022-06-16,Static 60/40,0.0
2022-06-17,Static 60/40,0.0
2022-06-20,Static 60/40,0.0
2022-06-21,Static 60/40,0.0
2022-06-22,Static 60/40,0.0
2022-06-23,Static 60/40,0.0
2022-06-24,Static 60/40,0.0
2022-06-27,Static 60/40,0.0
2022-06-28,Static 60/40,0.0
2022-06-29,Static 60/40,0.0
2022-06-30,Static 60/40,0.0
2022-07-01,Static 60/40,0.0
2022-07-04,Static 60/40,0.0
2022-07-05,Static 60/40,0.0
2022-07-06,Static 60/40,0.0
2022-07-07,Static 60/40,0.0
2022-07-08,Static 60/40,0.004438380979258999
2022-07-11,Static 60/40,0.0
2022-07-12,Static 60/40,0.0
2022-07-13,Static 60/40,0.0
2022-07-14,Static 60/40,0.0
2022-07-15,Static 60/40,0.0
2022-07-18,Static 60/40,0.0
2022-07-19,Static 60/40,0.0
2022-07-20,Static 60/40,0.0
2022-07-21,Static 60/40,0.0
2022-07-22,Static 60/40,0.0
2022-07-25,Static 60/40,0.0
2022-07-26,Static 60/40,0.0
2022-07-27,Static 60/40,0.0
2022-07-28,Static 60/40,0.0
2022-07-29,Static 60/40,0.0
2022-08-01,Static 60/40,0.0
2022-08-02,Static 60/40,0.0
2022-08-03,Static 60/40,0.0
2022-08-04,Static 60/40,0.0
2022-08-05,Static 60/40,0.0
2022-08-08,Static 60/40,0.01762213144388039
2022-08-10,Static 60/40,0.0
2022-08-11,Static 60/40,0.0
2022-08-12,Static 60/40,0.0
2022-08-16,Static 60/40,0.0
2022-08-17,Static 60/40,0.0
2022-08-18,Static 60/40,0.0
2022-08-19,Static 60/40,0.0
2022-08-22,Static 60/40,0.0
2022-08-23,Static 60/40,0.0
2022-08-24,Static 60/40,0.0
2022-08-25,Static 60/40,0.0
2022-08-26,Static 60/40,0.0
2022-08-29,Static 60/40,0.0
2022-08-30,Static 60/40,0.0
2022-09-01,Static 60/40,0.0
2022-09-02,Static 60/40,0.0
2022-09-05,Static 60/40,0.0
2022-09-06,Static 60/40,0.0
2022-09-07,Static 60/40,0.0
2022-09-08,Static 60/40,0.0
2022-09-09,Static 60/40,0.0032766799357778487
2022-09-12,Static 60/40,0.0
2022-09-13,Static 60/40,0.0
2022-09-14,Static 60/40,0.0
2022-09-15,Static 60/40,0.0
2022-09-16,Static 60/40,0.0
2022-09-19,Static 60/40,0.0
2022-09-20,Static 60/40,0.0
2022-09-21,Static 60/40,0.0
2022-09-22,Static 60/40,0.0
2022-09-23,Static 60/40,0.0
2022-09-26,Static 60/40,0.0
2022-09-27,Static 60/40,0.0
2022-09-28,Static 60/40,0.0
2022-09-29,Static 60/40,0.0
2022-09-30,Static 60/40,0.0
2022-10-03,Static 60/40,0.0
2022-10-04,Static 60/40,0.0
2022-10-06,Static 60/40,0.0
2022-10-07,Static 60/40,0.0
2022-10-10,Static 60/40,0.0
2022-10-11,Static 60/40,0.012643127036991608
2022-10-12,Static 60/40,0.0
2022-10-13,Static 60/40,0.0
2022-10-14,Static 60/40,0.0
2022-10-17,Static 60/40,0.0
2022-10-18,Static 60/40,0.0
2022-10-19,Static 60/40,0.0
2022-10-20,Static 60/40,0.0
2022-10-21,Static 60/40,0.0
2022-10-24,Static 60/40,0.0
2022-10-25,Static 60/40,0.0
2022-10-27,Static 60/40,0.0
2022-10-28,Static 60/40,0.0
2022-10-31,Static 60/40,0.0
2022-11-01,Static 60/40,0.0
2022-11-02,Static 60/40,0.0
2022-11-03,Static 60/40,0.0
2022-11-04,Static 60/40,0.0
2022-11-07,Static 60/40,0.0
2022-11-09,Static 60/40,0.0
2022-11-10,Static 60/40,0.0
2022-11-11,Static 60/40,0.017344785175278765
2022-11-14,Static 60/40,0.0
2022-11-15,Static 60/40,0.0
2022-11-16,Static 60/40,0.0
2022-11-17,Static 60/40,0.0
2022-11-18,Static 60/40,0.0
2022-11-21,Static 60/40,0.0
2022-11-22,Static 60/40,0.0
2022-11-23,Static 60/40,0.0
2022-11-24,Static 60/40,0.0
2022-11-25,Static 60/40,0.0
2022-11-28,Static 60/40,0.0
2022-11-29,Static 60/40,0.0
2022-11-30,Static 60/40,0.0
2022-12-01,Static 60/40,0.0
2022-12-02,Static 60/40,0.0
2022-12-05,Static 60/40,0.0
2022-12-06,Static 60/40,0.0
2022-12-07,Static 60/40,0.0
2022-12-08,Static 60/40,0.0
2022-12-09,Static 60/40,0.0
2022-12-12,Static 60/40,0.0009770319677393502
2022-12-13,Static 60/40,0.0
2022-12-14,Static 60/40,0.0
2022-12-15,Static 60/40,0.0
2022-12-16,Static 60/40,0.0
2022-12-19,Static 60/40,0.0
2022-12-20,Static 60/40,0.0
2022-12-21,Static 60/40,0.0
2022-12-22,Static 60/40,0.0
2022-12-23,Static 60/40,0.0
2022-12-26,Static 60/40,0.0
2022-12-27,Static 60/40,0.0
2022-12-28,Static 60/40,0.0
2022-12-29,Static 60/40,0.0
2022-12-30,Static 60/40,0.0
2023-01-02,Static 60/40,0.0
2023-01-03,Static 60/40,0.0
2023-01-04,Static 60/40,0.0
2023-01-05,Static 60/40,0.0
2023-01-06,Static 60/40,0.0
2023-01-09,Static 60/40,0.0
2023-01-10,Static 60/40,0.008787379229601489
2023-01-11,Static 60/40,0.0
2023-01-12,Static 60/40,0.0
2023-01-13,Static 60/40,0.0
2023-01-16,Static 60/40,0.0
2023-01-17,Static 60/40,0.0
2023-01-18,Static 60/40,0.0
2023-01-19,Static 60/40,0.0
2023-01-20,Static 60/40,0.0
2023-01-23,Static 60/40,0.0
2023-01-24,Static 60/40,0.0
2023-01-25,Static 60/40,0.0
2023-01-27,Static 60/40,0.0
2023-01-30,Static 60/40,0.0
2023-01-31,Static 60/40,0.0
2023-02-01,Static 60/40,0.0
2023-02-02,Static 60/40,0.0
2023-02-03,Static 60/40,0.0
2023-02-06,Static 60/40,0.0
2023-02-07,Static 60/40,0.0
2023-02-08,Static 60/40,0.0
2023-02-09,Static 60/40,0.0012919485600448866
2023-02-10,Static 60/40,0.0
2023-02-13,Static 60/40,0.0
2023-02-14,Static 60/40,0.0
2023-02-15,Static 60/40,0.0
2023-02-16,Static 60/40,0.0
2023-02-17,Static 60/40,0.0
2023-02-20,Static 60/40,0.0
2023-02-21,Static 60/40,0.0
2023-02-22,Static 60/40,0.0
2023-02-23,Static 60/40,0.0
2023-02-24,Static 60/40,0.0
2023-02-27,Static 60/40,0.0
2023-02-28,Static 60/40,0.0
2023-03-01,Static 60/40,0.0
2023-03-02,Static 60/40,0.0
2023-03-03,Static 60/40,0.0
2023-03-06,Static 60/40,0.0
2023-03-08,Static 60/40,0.0
2023-03-09,Static 60/40,0.0
2023-03-10,Static 60/40,0.0
2023-03-13,Static 60/40,0.011218716671551915
2023-03-14,Static 60/40,0.0
2023-03-15,Static 60/40,0.0
2023-03-16,Static 60/40,0.0
2023-03-17,Static 60/40,0.0
2023-03-20,Static 60/40,0.0
2023-03-21,Static 60/40,0.0
2023-03-22,Static 60/40,0.0
2023-03-23,Static 60/40,0.0
2023-03-24,Static 60/40,0.0
2023-03-27,Static 60/40,0.0
2023-03-28,Static 60/40,0.0
2023-03-29,Static 60/40,0.0
2023-03-31,Static 60/40,0.0
2023-04-03,Static 60/40,0.0
2023-04-05,Static 60/40,0.0
2023-04-06,Static 60/40,0.0
2023-04-10,Static 60/40,0.0
2023-04-11,Static 60/40,0.0
2023-04-12,Static 60/40,0.0
2023-04-13,Static 60/40,0.0
2023-04-17,Static 60/40,0.006451146562674787
2023-04-18,Static 60/40,0.0
2023-04-19,Static 60/40,0.0
2023-04-20,Static 60/40,0.0
2023-04-21,Static 60/40,0.0
2023-04-24,Static 60/40,0.0
2023-04-25,Static 60/40,0.0
2023-04-26,Static 60/40,0.0
2023-04-27,Static 60/40,0.0
2023-04-28,Static 60/40,0.0
2023-05-02,Static 60/40,0.0
2023-05-03,Static 60/40,0.0
2023-05-04,Static 60/40,0.0
2023-05-05,Static 60/40,0.0
2023-05-08,Static 60/40,0.0
2023-05-09,Static 60/40,0.0
2023-05-10,Static 60/40,0.0
2023-05-11,Static 60/40,0.0
2023-05-12,Static 60/40,0.0
2023-05-15,Static 60/40,0.0
2023-05-16,Static 60/40,0.0
2023-05-17,Static 60/40,0.005261468097528643
2023-05-18,Static 60/40,0.0
2023-05-19,Static 60/40,0.0
2023-05-22,Static 60/40,0.0
2023-05-23,Static 60/40,0.0
2023-05-24,Static 60/40,0.0
2023-05-25,Static 60/40,0.0
2023-05-26,Static 60/40,0.0
2023-05-29,Static 60/40,0.0
2023-05-30,Static 60/40,0.0
2023-05-31,Static 60/40,0.0
2023-06-01,Static 60/40,0.0
2023-06-02,Static 60/40,0.0
2023-06-05,Static 60/40,0.0
2023-06-06,Static 60/40,0.0
2023-06-07,Static 60/40,0.0
2023-06-08,Static 60/40,0.0
2023-06-09,Static 60/40,0.0
2023-06-12,Static 60/40,0.0
2023-06-13,Static 60/40,0.0
2023-06-14,Static 60/40,0.0
2023-06-15,Static 60/40,0.005308056319395488
2023-06-16,Static 60/40,0.0
2023-06-19,Static 60/40,0.0
2023-06-20,Static 60/40,0.0
2023-06-21,Static 60/40,0.0
2023-06-22,Static 60/40,0.0
2023-06-23,Static 60/40,0.0
2023-06-26,Static 60/40,0.0
2023-06-27,Static 60/40,0.0
2023-06-28,Static 60/40,0.0
2023-06-30,Static 60/40,0.0
2023-07-03,Static 60/40,0.0
2023-07-04,Static 60/40,0.0
2023-07-05,Static 60/40,0.0
2023-07-06,Static 60/40,0.0
2023-07-07,Static 60/40,0.0
2023-07-10,Static 60/40,0.0
2023-07-11,Static 60/40,0.0
2023-07-12,Static 60/40,0.0
2023-07-13,Static 60/40,0.0
2023-07-14,Static 60/40,0.0
2023-07-17,Static 60/40,0.011591532215278089
2023-07-18,Static 60/40,0.0
2023-07-19,Static 60/40,0.0
2023-07-20,Static 60/40,0.0
2023-07-21,Static 60/40,0.0
2023-07-24,Static 60/40,0.0
2023-07-25,Static 60/40,0.0
2023-07-26,Static 60/40,0.0
2023-07-27,Static 60/40,0.0
2023-07-28,Static 60/40,0.0
2023-07-31,Static 60/40,0.0
2023-08-01,Static 60/40,0.0
2023-08-02,Static 60/40,0.0
2023-08-03,Static 60/40,0.0
2023-08-04,Static 60/40,0.0
2023-08-07,Static 60/40,0.0
2023-08-08,Static 60/40,0.0
2023-08-09,Static 60/40,0.0
2023-08-10,Static 60/40,0.0
2023-08-11,Static 60/40,0.0
2023-08-14,Static 60/40,0.0
2023-08-16,Static 60/40,0.004119044962534263
2023-08-17,Static 60/40,0.0
2023-08-18,Static 60/40,0.0
2023-08-21,Static 60/40,0.0
2023-08-22,Static 60/40,0.0
2023-08-23,Static 60/40,0.0
2023-08-24,Static 60/40,0.0
2023-08-25,Static 60/40,0.0
2023-08-28,Static 60/40,0.0
2023-08-29,Static 60/40,0.0
2023-08-30,Static 60/40,0.0
2023-08-31,Static 60/40,0.0
2023-09-01,Static 60/40,0.0
2023-09-04,Static 60/40,0.0
2023-09-05,Static 60/40,0.0
2023-09-06,Static 60/40,0.0
2023-09-07,Static 60/40,0.0
2023-09-08,Static 60/40,0.0
2023-09-11,Static 60/40,0.0
2023-09-12,Static 60/40,0.0
2023-09-13,Static 60/40,0.0
2023-09-14,Static 60/40,0.006683569180984866
2023-09-15,Static 60/40,0.0
2023-09-18,Static 60/40,0.0
2023-09-20,Static 60/40,0.0
2023-09-21,Static 60/40,0.0
2023-09-22,Static 60/40,0.0
2023-09-25,Static 60/40,0.0
2023-09-26,Static 60/40,0.0
2023-09-27,Static 60/40,0.0
2023-09-28,Static 60/40,0.0
2023-09-29,Static 60/40,0.0
2023-10-03,Static 60/40,0.0
2023-10-04,Static 60/40,0.0
2023-10-05,Static 60/40,0.0
2023-10-06,Static 60/40,0.0
2023-10-09,Static 60/40,0.0
2023-10-10,Static 60/40,0.0
2023-10-11,Static 60/40,0.0
2023-10-12,Static 60/40,0.0
2023-10-13,Static 60/40,0.0
2023-10-16,Static 60/40,0.0
2023-10-17,Static 60/40,0.004582639177804326
2023-10-18,Static 60/40,0.0
2023-10-19,Static 60/40,0.0
2023-10-20,Static 60/40,0.0
2023-10-23,Static 60/40,0.0
2023-10-25,Static 60/40,0.0
2023-10-26,Static 60/40,0.0
2023-10-27,Static 60/40,0.0
2023-10-30,Static 60/40,0.0
2023-10-31,Static 60/40,0.0
2023-11-01,Static 60/40,0.0
2023-11-02,Static 60/40,0.0
2023-11-03,Static 60/40,0.0
2023-11-06,Static 60/40,0.0
2023-11-07,Static 60/40,0.0
2023-11-08,Static 60/40,0.0
2023-11-09,Static 60/40,0.0
2023-11-10,Static 60/40,0.0
2023-11-13,Static 60/40,0.0
2023-11-15,Static 60/40,0.0
2023-11-16,Static 60/40,0.0
2023-11-17,Static 60/40,0.0020468605329646283
2023-11-20,Static 60/40,0.0
2023-11-21,Static 60/40,0.0
2023-11-22,Static 60/40,0.0
2023-11-23,Static 60/40,0.0
2023-11-24,Static 60/40,0.0
2023-11-28,Static 60/40,0.0
2023-11-29,Static 60/40,0.0
2023-11-30,Static 60/40,0.0
2023-12-01,Static 60/40,0.0
2023-12-04,Static 60/40,0.0
2023-12-05,Static 60/40,0.0
2023-12-06,Static 60/40,0.0
2023-12-07,Static 60/40,0.0
2023-12-08,Static 60/40,0.0
2023-12-11,Static 60/40,0.0
2023-12-12,Static 60/40,0.0
2023-12-13,Static 60/40,0.0
2023-12-14,Static 60/40,0.0
2023-12-15,Static 60/40,0.0
2023-12-18,Static 60/40,0.0
2023-12-19,Static 60/40,0.018988423690286527
2023-12-20,Static 60/40,0.0
2023-12-21,Static 60/40,0.0
2023-12-22,Static 60/40,0.0
2023-12-26,Static 60/40,0.0
2023-12-27,Static 60/40,0.0
2023-12-28,Static 60/40,0.0
2023-12-29,Static 60/40,0.0
2024-01-01,Static 60/40,0.0
2024-01-02,Static 60/40,0.0
2024-01-03,Static 60/40,0.0
2024-01-04,Static 60/40,0.0
2024-01-05,Static 60/40,0.0
2024-01-08,Static 60/40,0.0
2024-01-09,Static 60/40,0.0
2024-01-10,Static 60/40,0.0
2024-01-11,Static 60/40,0.0
2024-01-12,Static 60/40,0.0
2024-01-15,Static 60/40,0.0
2024-01-16,Static 60/40,0.0
2024-01-17,Static 60/40,0.0
2024-01-18,Static 60/40,0.0007740892763350715
2024-01-19,Static 60/40,0.0
2024-01-23,Static 60/40,0.0
2024-01-24,Static 60/40,0.0
2024-01-25,Static 60/40,0.0
2024-01-29,Static 60/40,0.0
2024-01-30,Static 60/40,0.0
2024-01-31,Static 60/40,0.0
2024-02-01,Static 60/40,0.0
2024-02-02,Static 60/40,0.0
2024-02-05,Static 60/40,0.0
2024-02-06,Static 60/40,0.0
2024-02-07,Static 60/40,0.0
2024-02-08,Static 60/40,0.0
2024-02-09,Static 60/40,0.0
2024-02-12,Static 60/40,0.0
2024-02-13,Static 60/40,0.0
2024-02-14,Static 60/40,0.0
2024-02-15,Static 60/40,0.0
2024-02-16,Static 60/40,0.0
2024-02-19,Static 60/40,0.0
2024-02-20,Static 60/40,0.007016396110380657
2024-02-21,Static 60/40,0.0
2024-02-22,Static 60/40,0.0
2024-02-23,Static 60/40,0.0
2024-02-26,Static 60/40,0.0
2024-02-27,Static 60/40,0.0
2024-02-28,Static 60/40,0.0
2024-02-29,Static 60/40,0.0
2024-03-01,Static 60/40,0.0
2024-03-04,Static 60/40,0.0
2024-03-05,Static 60/40,0.0
2024-03-06,Static 60/40,0.0
2024-03-07,Static 60/40,0.0
2024-03-11,Static 60/40,0.0
2024-03-12,Static 60/40,0.0
2024-03-13,Static 60/40,0.0
2024-03-14,Static 60/40,0.0
2024-03-15,Static 60/40,0.0
2024-03-18,Static 60/40,0.0
2024-03-19,Static 60/40,0.0
2024-03-20,Static 60/40,0.0
2024-03-21,Static 60/40,0.002895170552688675
2024-03-22,Static 60/40,0.0
2024-03-26,Static 60/40,0.0
2024-03-27,Static 60/40,0.0
2024-03-28,Static 60/40,0.0
2024-04-01,Static 60/40,0.0
2024-04-02,Static 60/40,0.0
2024-04-03,Static 60/40,0.0
2024-04-04,Static 60/40,0.0
2024-04-05,Static 60/40,0.0
2024-04-08,Static 60/40,0.0
2024-04-09,Static 60/40,0.0
2024-04-10,Static 60/40,0.0
2024-04-12,Static 60/40,0.0
2024-04-15,Static 60/40,0.0
2024-04-16,Static 60/40,0.0
2024-04-18,Static 60/40,0.0
2024-04-19,Static 60/40,0.0
2024-04-22,Static 60/40,0.0
2024-04-23,Static 60/40,0.0
2024-04-24,Static 60/40,0.0
2024-04-25,Static 60/40,0.005072412135410542
2024-04-26,Static 60/40,0.0
2024-04-29,Static 60/40,0.0
2024-04-30,Static 60/40,0.0
2024-05-02,Static 60/40,0.0
2024-05-03,Static 60/40,0.0
2024-05-06,Static 60/40,0.0
2024-05-07,Static 60/40,0.0
2024-05-08,Static 60/40,0.0
2024-05-09,Static 60/40,0.0
2024-05-10,Static 60/40,0.0
2024-05-13,Static 60/40,0.0
2024-05-14,Static 60/40,0.0
2024-05-15,Static 60/40,0.0
2024-05-16,Static 60/40,0.0
2024-05-17,Static 60/40,0.0
2024-05-21,Static 60/40,0.0
2024-05-22,Static 60/40,0.0
2024-05-23,Static 60/40,0.0
2024-05-24,Static 60/40,0.0
2024-05-27,Static 60/40,0.0
2024-05-28,Static 60/40,0.0024263199024060766
2024-05-29,Static 60/40,0.0
2024-05-30,Static 60/40,0.0
2024-05-31,Static 60/40,0.0
2024-06-03,Static 60/40,0.0
2024-06-04,Static 60/40,0.0
2024-06-05,Static 60/40,0.0
2024-06-06,Static 60/40,0.0
2024-06-07,Static 60/40,0.0
2024-06-10,Static 60/40,0.0
2024-06-11,Static 60/40,0.0
2024-06-12,Static 60/40,0.0
2024-06-13,Static 60/40,0.0
2024-06-14,Static 60/40,0.0
2024-06-18,Static 60/40,0.0
2024-06-19,Static 60/40,0.0
2024-06-20,Static 60/40,0.0
2024-06-21,Static 60/40,0.0
2024-06-24,Static 60/40,0.0
2024-06-25,Static 60/40,0.0
2024-06-26,Static 60/40,0.0
2024-06-27,Static 60/40,0.010931169834797472
2024-06-28,Static 60/40,0.0
2024-07-01,Static 60/40,0.0
2024-07-02,Static 60/40,0.0
2024-07-03,Static 60/40,0.0
2024-07-04,Static 60/40,0.0
2024-07-05,Static 60/40,0.0
2024-07-08,Static 60/40,0.0
2024-07-09,Static 60/40,0.0
2024-07-10,Static 60/40,0.0
2024-07-11,Static 60/40,0.0
2024-07-12,Static 60/40,0.0
2024-07-15,Static 60/40,0.0
2024-07-16,Static 60/40,0.0
2024-07-18,Static 60/40,0.0
2024-07-19,Static 60/40,0.0
2024-07-22,Static 60/40,0.0
2024-07-23,Static 60/40,0.0
2024-07-24,Static 60/40,0.0
2024-07-25,Static 60/40,0.0
2024-07-26,Static 60/40,0.0
2024-07-29,Static 60/40,0.006909154232974363
2024-07-30,Static 60/40,0.0
2024-07-31,Static 60/40,0.0
2024-08-01,Static 60/40,0.0
2024-08-02,Static 60/40,0.0
2024-08-05,Static 60/40,0.0
2024-08-06,Static 60/40,0.0
2024-08-07,Static 60/40,0.0
2024-08-08,Static 60/40,0.0
2024-08-09,Static 60/40,0.0
2024-08-12,Static 60/40,0.0
2024-08-13,Static 60/40,0.0
2024-08-14,Static 60/40,0.0
2024-08-16,Static 60/40,0.0
2024-08-19,Static 60/40,0.0
2024-08-20,Static 60/40,0.0
2024-08-21,Static 60/40,0.0
2024-08-22,Static 60/40,0.0
2024-08-23,Static 60/40,0.0
2024-08-26,Static 60/40,0.0
2024-08-27,Static 60/40,0.0
2024-08-28,Static 60/40,0.0012473454404570705
2024-08-29,Static 60/40,0.0
2024-08-30,Static 60/40,0.0
2024-09-02,Static 60/40,0.0
2024-09-03,Static 60/40,0.0
2024-09-04,Static 60/40,0.0
2024-09-05,Static 60/40,0.0
2024-09-06,Static 60/40,0.0
2024-09-09,Static 60/40,0.0
2024-09-10,Static 60/40,0.0
2024-09-11,Static 60/40,0.0
2024-09-12,Static 60/40,0.0
2024-09-13,Static 60/40,0.0
2024-09-16,Static 60/40,0.0
2024-09-17,Static 60/40,0.0
2024-09-18,Static 60/40,0.0
2024-09-19,Static 60/40,0.0
2024-09-20,Static 60/40,0.0
2024-09-23,Static 60/40,0.0
2024-09-24,Static 60/40,0.0
2024-09-25,Static 60/40,0.0
2024-09-26,Static 60/40,0.010072819604740213
2024-09-27,Static 60/40,0.0
2024-09-30,Static 60/40,0.0
2024-10-01,Static 60/40,0.0
2024-10-03,Static 60/40,0.0
2024-10-04,Static 60/40,0.0
2024-10-07,Static 60/40,0.0
2024-10-08,Static 60/40,0.0
2024-10-09,Static 60/40,0.0
2024-10-10,Static 60/40,0.0
2024-10-11,Static 60/40,0.0
2024-10-14,Static 60/40,0.0
2024-10-15,Static 60/40,0.0
2024-10-16,Static 60/40,0.0
2024-10-17,Static 60/40,0.0
2024-10-18,Static 60/40,0.0
2024-10-21,Static 60/40,0.0
2024-10-22,Static 60/40,0.0
2024-10-23,Static 60/40,0.0
2024-10-24,Static 60/40,0.0
2024-10-25,Static 60/40,0.0
2024-10-28,Static 60/40,0.018836710651774863
2024-10-29,Static 60/40,0.0
2024-10-30,Static 60/40,0.0
2024-10-31,Static 60/40,0.0
2024-11-01,Static 60/40,0.0
2024-11-04,Static 60/40,0.0
2024-11-05,Static 60/40,0.0
2024-11-06,Static 60/40,0.0
2024-11-07,Static 60/40,0.0
2024-11-08,Static 60/40,0.0
2024-11-11,Static 60/40,0.0
2024-11-12,Static 60/40,0.0
2024-11-13,Static 60/40,0.0
2024-11-14,Static 60/40,0.0
2024-11-18,Static 60/40,0.0
2024-11-19,Static 60/40,0.0
2024-11-21,Static 60/40,0.0
2024-11-22,Static 60/40,0.0
2024-11-25,Static 60/40,0.0
2024-11-26,Static 60/40,0.0
2024-11-27,Static 60/40,0.0
2024-11-28,Static 60/40,0.005168584196072495
2024-11-29,Static 60/40,0.0
2024-12-02,Static 60/40,0.0
2024-12-03,Static 60/40,0.0
2024-12-04,Static 60/40,0.0
2024-12-05,Static 60/40,0.0
2024-12-06,Static 60/40,0.0
2024-12-09,Static 60/40,0.0
2024-12-10,Static 60/40,0.0
2024-12-11,Static 60/40,0.0
2024-12-12,Static 60/40,0.0
2024-12-13,Static 60/40,0.0
2024-12-16,Static 60/40,0.0
2024-12-17,Static 60/40,0.0
2024-12-18,Static 60/40,0.0
2024-12-19,Static 60/40,0.0
2024-12-20,Static 60/40,0.0
2024-12-23,Static 60/40,0.0
2024-12-24,Static 60/40,0.0
2024-12-26,Static 60/40,0.0
2024-12-27,Static 60/40,0.0
2024-12-30,Static 60/40,0.0035536625836511126
2024-12-31,Static 60/40,0.0
2025-01-01,Static 60/40,0.0
2025-01-02,Static 60/40,0.0
2025-01-03,Static 60/40,0.0
2025-01-06,Static 60/40,0.0
2025-01-07,Static 60/40,0.0
2025-01-08,Static 60/40,0.0
2025-01-09,Static 60/40,0.0
2025-01-10,Static 60/40,0.0
2025-01-13,Static 60/40,0.0
2025-01-14,Static 60/40,0.0
2025-01-15,Static 60/40,0.0
2025-01-16,Static 60/40,0.0
2025-01-17,Static 60/40,0.0
2025-01-20,Static 60/40,0.0
2025-01-21,Static 60/40,0.0
2025-01-22,Static 60/40,0.0
2025-01-23,Static 60/40,0.0
2025-01-24,Static 60/40,0.0
2025-01-27,Static 60/40,0.0
2025-01-28,Static 60/40,0.008077600511966404
2025-01-29,Static 60/40,0.0
2025-01-30,Static 60/40,0.0
2025-01-31,Static 60/40,0.0
2025-02-01,Static 60/40,0.0
2025-02-03,Static 60/40,0.0
2025-02-04,Static 60/40,0.0
2025-02-05,Static 60/40,0.0
2025-02-06,Static 60/40,0.0
2025-02-07,Static 60/40,0.0
2025-02-10,Static 60/40,0.0
2025-02-11,Static 60/40,0.0
2025-02-12,Static 60/40,0.0
2025-02-13,Static 60/40,0.0
2025-02-14,Static 60/40,0.0
2025-02-17,Static 60/40,0.0
2025-02-18,Static 60/40,0.0
2025-02-19,Static 60/40,0.0
2025-02-20,Static 60/40,0.0
2025-02-21,Static 60/40,0.0
2025-02-24,Static 60/40,0.0
2025-02-25,Static 60/40,0.005520878105993582
2025-02-27,Static 60/40,0.0
2025-02-28,Static 60/40,0.0
2025-03-03,Static 60/40,0.0
2025-03-04,Static 60/40,0.0
2025-03-05,Static 60/40,0.0
2025-03-06,Static 60/40,0.0
2025-03-07,Static 60/40,0.0
2025-03-10,Static 60/40,0.0
2025-03-11,Static 60/40,0.0
2025-03-12,Static 60/40,0.0
2025-03-13,Static 60/40,0.0
2025-03-17,Static 60/40,0.0
2025-03-18,Static 60/40,0.0
2025-03-19,Static 60/40,0.0
2025-03-20,Static 60/40,0.0
2025-03-21,Static 60/40,0.0
2025-03-24,Static 60/40,0.0
2025-03-25,Static 60/40,0.0
2025-03-26,Static 60/40,0.0
2025-03-27,Static 60/40,0.0
2025-03-28,Static 60/40,0.008233767562981553
2025-04-01,Static 60/40,0.0
2025-04-02,Static 60/40,0.0
2025-04-03,Static 60/40,0.0
2025-04-04,Static 60/40,0.0
2025-04-07,Static 60/40,0.0
2025-04-08,Static 60/40,0.0
2025-04-09,Static 60/40,0.0
2025-04-11,Static 60/40,0.0
2025-04-15,Static 60/40,0.0
2025-04-16,Static 60/40,0.0
2025-04-17,Static 60/40,0.0
2025-04-21,Static 60/40,0.0
2025-04-22,Static 60/40,0.0
2025-04-23,Static 60/40,0.0
2025-04-24,Static 60/40,0.0
2025-04-25,Static 60/40,0.0
2025-04-28,Static 60/40,0.0
2025-04-29,Static 60/40,0.0
2025-04-30,Static 60/40,0.0
2025-05-02,Static 60/40,0.0
2025-05-05,Static 60/40,0.008543240203211538
2025-05-06,Static 60/40,0.0
2025-05-07,Static 60/40,0.0
2025-05-08,Static 60/40,0.0
2025-05-09,Static 60/40,0.0
2025-05-12,Static 60/40,0.0
2025-05-13,Static 60/40,0.0
2025-05-14,Static 60/40,0.0
2025-05-15,Static 60/40,0.0
2025-05-16,Static 60/40,0.0
2025-05-19,Static 60/40,0.0
2025-05-20,Static 60/40,0.0
2025-05-21,Static 60/40,0.0
2025-05-22,Static 60/40,0.0
2025-05-23,Static 60/40,0.0
2025-05-26,Static 60/40,0.0
2025-05-27,Static 60/40,0.0
2025-05-28,Static 60/40,0.0
2025-05-29,Static 60/40,0.0
2025-05-30,Static 60/40,0.0
2025-06-02,Static 60/40,0.0
2025-06-03,Static 60/40,6.53809087846069e-05
2025-06-04,Static 60/40,0.0
2025-06-05,Static 60/40,0.0
2025-06-06,Static 60/40,0.0
2025-06-09,Static 60/40,0.0
2025-06-10,Static 60/40,0.0
2025-06-11,Static 60/40,0.0
2025-06-12,Static 60/40,0.0
2025-06-13,Static 60/40,0.0
2025-06-16,Static 60/40,0.0
2025-06-17,Static 60/40,0.0
2025-06-18,Static 60/40,0.0
2025-06-19,Static 60/40,0.0
2025-06-20,Static 60/40,0.0
2025-06-23,Static 60/40,0.0
2025-06-24,Static 60/40,0.0
2025-06-25,Static 60/40,0.0
2025-06-26,Static 60/40,0.0
2025-06-27,Static 60/40,0.0
2025-06-30,Static 60/40,0.0
2025-07-01,Static 60/40,0.0
2025-07-02,Static 60/40,0.007955417197742481
2025-07-03,Static 60/40,0.0
2025-07-04,Static 60/40,0.0
2025-07-07,Static 60/40,0.0
2025-07-08,Static 60/40,0.0
2025-07-09,Static 60/40,0.0
2025-07-10,Static 60/40,0.0
2025-07-11,Static 60/40,0.0
2025-07-14,Static 60/40,0.0
2025-07-15,Static 60/40,0.0
2025-07-16,Static 60/40,0.0
2025-07-17,Static 60/40,0.0
2025-07-18,Static 60/40,0.0
2025-07-21,Static 60/40,0.0
2025-07-22,Static 60/40,0.0
2025-07-23,Static 60/40,0.0
2025-07-24,Static 60/40,0.0
2025-07-25,Static 60/40,0.0
2025-07-28,Static 60/40,0.0
2025-07-29,Static 60/40,0.0
2025-07-30,Static 60/40,0.0
2025-07-31,Static 60/40,0.007450661830430111
2025-08-01,Static 60/40,0.0
2025-08-04,Static 60/40,0.0
2025-08-05,Static 60/40,0.0
2025-08-06,Static 60/40,0.0
2025-08-07,Static 60/40,0.0
2025-08-08,Static 60/40,0.0
2025-08-11,Static 60/40,0.0
2025-08-12,Static 60/40,0.0
2025-08-13,Static 60/40,0.0
2025-08-14,Static 60/40,0.0
2025-08-18,Static 60/40,0.0
2025-08-19,Static 60/40,0.0
2025-08-20,Static 60/40,0.0
2025-08-21,Static 60/40,0.0
2025-08-22,Static 60/40,0.0
2025-08-25,Static 60/40,0.0
2025-08-26,Static 60/40,0.0
2025-08-28,Static 60/40,0.0
2025-08-29,Static 60/40,0.0
2025-09-01,Static 60/40,0.0
2025-09-02,Static 60/40,0.0025727447944544624
2025-09-03,Static 60/40,0.0
2025-09-04,Static 60/40,0.0
2025-09-05,Static 60/40,0.0
2025-09-08,Static 60/40,0.0
2025-09-09,Static 60/40,0.0
2025-09-10,Static 60/40,0.0
2025-09-11,Static 60/40,0.0
2025-09-12,Static 60/40,0.0
2025-09-15,Static 60/40,0.0
2025-09-16,Static 60/40,0.0
2025-09-17,Static 60/40,0.0
2025-09-18,Static 60/40,0.0
2025-09-19,Static 60/40,0.0
2025-09-22,Static 60/40,0.0
2025-09-23,Static 60/40,0.0
2025-09-24,Static 60/40,0.0
2025-09-25,Static 60/40,0.0
2025-09-26,Static 60/40,0.0
2025-09-29,Static 60/40,0.0
2025-09-30,Static 60/40,0.0
2025-10-01,Static 60/40,0.001750133323775327
2025-10-03,Static 60/40,0.0
2025-10-06,Static 60/40,0.0
2025-10-07,Static 60/40,0.0
2025-10-08,Static 60/40,0.0
2025-10-09,Static 60/40,0.0
2025-10-10,Static 60/40,0.0
2025-10-13,Static 60/40,0.0
2025-10-14,Static 60/40,0.0
2025-10-15,Static 60/40,0.0
2025-10-16,Static 60/40,0.0
2025-10-17,Static 60/40,0.0
2025-10-20,Static 60/40,0.0
2025-10-21,Static 60/40,0.0
2025-10-23,Static 60/40,0.0
2025-10-24,Static 60/40,0.0
2025-10-27,Static 60/40,0.0
2025-10-28,Static 60/40,0.0
2025-10-29,Static 60/40,0.0
2025-10-30,Static 60/40,0.0
2025-10-31,Static 60/40,0.0
2025-11-03,Static 60/40,0.008764477385920788
2025-11-04,Static 60/40,0.0
2025-11-06,Static 60/40,0.0
2025-11-07,Static 60/40,0.0
2025-11-10,Static 60/40,0.0
2025-11-11,Static 60/40,0.0
2025-11-12,Static 60/40,0.0
2025-11-13,Static 60/40,0.0
2025-11-14,Static 60/40,0.0
2025-11-17,Static 60/40,0.0
2025-11-18,Static 60/40,0.0
2025-11-19,Static 60/40,0.0
2025-11-20,Static 60/40,0.0
2025-11-21,Static 60/40,0.0
2025-11-24,Static 60/40,0.0
2025-11-25,Static 60/40,0.0
2025-11-26,Static 60/40,0.0
2025-11-27,Static 60/40,0.0
2025-11-28,Static 60/40,0.0
2025-12-01,Static 60/40,0.0
2025-12-02,Static 60/40,0.0
2025-12-03,Static 60/40,0.002063413440831663
2025-12-04,Static 60/40,0.0
2025-12-05,Static 60/40,0.0
2025-12-08,Static 60/40,0.0
2025-12-09,Static 60/40,0.0
2025-12-10,Static 60/40,0.0
2025-12-11,Static 60/40,0.0
2025-12-12,Static 60/40,0.0
2025-12-15,Static 60/40,0.0
2025-12-16,Static 60/40,0.0
2025-12-17,Static 60/40,0.0
2025-12-18,Static 60/40,0.0
2025-12-19,Static 60/40,0.0
2025-12-22,Static 60/40,0.0
2025-12-23,Static 60/40,0.0
2025-12-24,Static 60/40,0.0
2025-12-26,Static 60/40,0.0
2025-12-29,Static 60/40,0.0
2025-12-30,Static 60/40,0.0
2025-12-31,Static 60/40,0.0
2026-01-01,Static 60/40,0.0
2026-01-02,Static 60/40,0.0031364884662865022
2026-01-05,Static 60/40,0.0
2026-01-06,Static 60/40,0.0
2026-01-07,Static 60/40,0.0
2026-01-08,Static 60/40,0.0
2026-01-09,Static 60/40,0.0
2026-01-12,Static 60/40,0.0
2026-01-13,Static 60/40,0.0
2026-01-14,Static 60/40,0.0
2026-01-15,Static 60/40,0.0
2026-01-16,Static 60/40,0.0
2026-01-19,Static 60/40,0.0
2026-01-20,Static 60/40,0.0
2026-01-21,Static 60/40,0.0
2026-01-22,Static 60/40,0.0
2026-01-23,Static 60/40,0.0
2026-01-27,Static 60/40,0.0
2026-01-28,Static 60/40,0.0
2026-01-29,Static 60/40,0.0
2026-01-30,Static 60/40,0.0
2026-02-02,Static 60/40,0.0
2026-02-03,Static 60/40,0.005552126013864206
2026-02-04,Static 60/40,0.0
2026-02-05,Static 60/40,0.0
2026-02-06,Static 60/40,0.0
2026-02-09,Static 60/40,0.0
2026-02-10,Static 60/40,0.0
2026-02-11,Static 60/40,0.0
2026-02-12,Static 60/40,0.0
2026-02-13,Static 60/40,0.0
2026-02-16,Static 60/40,0.0
2026-02-17,Static 60/40,0.0
2026-02-18,Static 60/40,0.0
2026-02-19,Static 60/40,0.0
2026-02-20,Static 60/40,0.0
2026-02-23,Static 60/40,0.0
2026-02-24,Static 60/40,0.0
2026-02-25,Static 60/40,0.0
2026-02-26,Static 60/40,0.0
2026-02-27,Static 60/40,0.0
2026-03-02,Static 60/40,0.0
2026-03-04,Static 60/40,0.0
2026-03-05,Static 60/40,0.009178998408989503
2026-03-06,Static 60/40,0.0
2026-03-09,Static 60/40,0.0
2026-03-10,Static 60/40,0.0
2026-03-11,Static 60/40,0.0
2026-03-12,Static 60/40,0.0
2026-03-13,Static 60/40,0.0
2026-03-16,Static 60/40,0.0
2026-03-17,Static 60/40,0.0
2026-03-18,Static 60/40,0.0
2026-03-19,Static 60/40,0.0
2026-03-20,Static 60/40,0.0
2026-03-23,Static 60/40,0.0
2026-03-24,Static 60/40,0.0
2026-03-25,Static 60/40,0.0
2026-03-27,Static 60/40,0.0
2026-03-30,Static 60/40,0.0
2026-04-01,Static 60/40,0.0
2026-04-02,Static 60/40,0.0
2026-04-06,Static 60/40,0.0
2026-04-07,Static 60/40,0.0
2026-04-08,Static 60/40,0.0075867183350545875
2026-04-09,Static 60/40,0.0
2026-04-10,Static 60/40,0.0
2026-04-13,Static 60/40,0.0
2026-04-15,Static 60/40,0.0
2026-04-16,Static 60/40,0.0
2026-04-17,Static 60/40,0.0
2026-04-20,Static 60/40,0.0
2026-04-21,Static 60/40,0.0
2026-04-22,Static 60/40,0.0
2026-04-23,Static 60/40,0.0
2026-04-24,Static 60/40,0.0
2026-04-27,Static 60/40,0.0
2026-04-28,Static 60/40,0.0
2026-04-29,Static 60/40,0.0
2026-04-30,Static 60/40,0.0
2026-05-01,Static 60/40,0.0
2026-05-04,Static 60/40,0.0
2026-05-05,Static 60/40,0.0
2026-05-06,Static 60/40,0.0
2026-05-07,Static 60/40,0.0
2026-05-08,Static 60/40,0.0017778479104749445
2026-05-11,Static 60/40,0.0
2026-05-12,Static 60/40,0.0
2026-05-13,Static 60/40,0.0
2026-05-14,Static 60/40,0.0
2026-05-15,Static 60/40,0.0
2026-05-18,Static 60/40,0.0
2026-05-19,Static 60/40,0.0
2026-05-20,Static 60/40,0.0
2026-05-21,Static 60/40,0.0
2026-05-22,Static 60/40,0.0
2026-05-25,Static 60/40,0.0
2026-05-26,Static 60/40,0.0
2026-05-27,Static 60/40,0.0
2026-05-28,Static 60/40,0.0
2026-05-29,Static 60/40,0.0
2026-06-01,Static 60/40,0.0
2026-06-02,Static 60/40,0.0
2026-06-03,Static 60/40,0.0
2026-06-04,Static 60/40,0.0
2026-06-05,Static 60/40,0.0
2026-06-08,Static 60/40,0.010732936672766535
2026-06-09,Static 60/40,0.0
2026-06-10,Static 60/40,0.0
2026-06-11,Static 60/40,0.0
2026-06-12,Static 60/40,0.0
2026-06-15,Static 60/40,0.0
2026-06-16,Static 60/40,0.0
2026-06-17,Static 60/40,0.0
2026-06-18,Static 60/40,0.0
2026-06-19,Static 60/40,0.0
2026-06-22,Static 60/40,0.0
2026-06-23,Static 60/40,0.0
2026-06-24,Static 60/40,0.0
2026-06-25,Static 60/40,0.0
2026-06-26,Static 60/40,0.0
2026-06-29,Static 60/40,0.0
2026-06-30,Static 60/40,0.0
2026-07-01,Static 60/40,0.0
2026-07-02,Static 60/40,0.0
2026-07-03,Static 60/40,0.0
2026-07-06,Static 60/40,0.0
2026-07-07,Static 60/40,0.0128142037931116
2026-07-08,Static 60/40,0.0
2026-07-09,Static 60/40,0.0
2026-07-10,Static 60/40,0.0
2026-07-13,Static 60/40,0.0
2026-07-14,Static 60/40,0.0
2026-07-15,Static 60/40,0.0
2026-07-16,Static 60/40,0.0
2026-07-17,Static 60/40,0.0
2026-07-20,Static 60/40,0.0
2026-07-21,Static 60/40,0.0
2026-07-22,Static 60/40,0.0
2026-07-23,Static 60/40,0.0
2026-07-24,Static 60/40,0.0
2026-07-27,Static 60/40,0.0
2010-10-05,Equal Weight,1.0
2010-10-06,Equal Weight,0.0
2010-10-07,Equal Weight,0.0
2010-10-08,Equal Weight,0.0
2010-10-11,Equal Weight,0.0
2010-10-12,Equal Weight,0.0
2010-10-13,Equal Weight,0.0
2010-10-14,Equal Weight,0.0
2010-10-15,Equal Weight,0.0
2010-10-18,Equal Weight,0.0
2010-10-19,Equal Weight,0.0
2010-10-20,Equal Weight,0.0
2010-10-21,Equal Weight,0.0
2010-10-22,Equal Weight,0.0
2010-10-25,Equal Weight,0.0
2010-10-26,Equal Weight,0.0
2010-10-27,Equal Weight,0.0
2010-10-28,Equal Weight,0.0
2010-10-29,Equal Weight,0.0
2010-11-01,Equal Weight,0.0
2010-11-02,Equal Weight,0.0
2010-11-03,Equal Weight,0.004112576919336558
2010-11-04,Equal Weight,0.0
2010-11-08,Equal Weight,0.0
2010-11-09,Equal Weight,0.0
2010-11-10,Equal Weight,0.0
2010-11-11,Equal Weight,0.0
2010-11-12,Equal Weight,0.0
2010-11-15,Equal Weight,0.0
2010-11-16,Equal Weight,0.0
2010-11-18,Equal Weight,0.0
2010-11-19,Equal Weight,0.0
2010-11-22,Equal Weight,0.0
2010-11-23,Equal Weight,0.0
2010-11-24,Equal Weight,0.0
2010-11-25,Equal Weight,0.0
2010-11-26,Equal Weight,0.0
2010-11-29,Equal Weight,0.0
2010-11-30,Equal Weight,0.0
2010-12-01,Equal Weight,0.0
2010-12-02,Equal Weight,0.0
2010-12-03,Equal Weight,0.0
2010-12-06,Equal Weight,0.013961900254274212
2010-12-07,Equal Weight,0.0
2010-12-08,Equal Weight,0.0
2010-12-09,Equal Weight,0.0
2010-12-10,Equal Weight,0.0
2010-12-13,Equal Weight,0.0
2010-12-14,Equal Weight,0.0
2010-12-15,Equal Weight,0.0
2010-12-16,Equal Weight,0.0
2010-12-20,Equal Weight,0.0
2010-12-21,Equal Weight,0.0
2010-12-22,Equal Weight,0.0
2010-12-23,Equal Weight,0.0
2010-12-24,Equal Weight,0.0
2010-12-27,Equal Weight,0.0
2010-12-28,Equal Weight,0.0
2010-12-29,Equal Weight,0.0
2010-12-30,Equal Weight,0.0
2010-12-31,Equal Weight,0.0
2011-01-03,Equal Weight,0.0
2011-01-04,Equal Weight,0.0
2011-01-05,Equal Weight,0.005028193551272181
2011-01-06,Equal Weight,0.0
2011-01-07,Equal Weight,0.0
2011-01-10,Equal Weight,0.0
2011-01-11,Equal Weight,0.0
2011-01-12,Equal Weight,0.0
2011-01-13,Equal Weight,0.0
2011-01-14,Equal Weight,0.0
2011-01-17,Equal Weight,0.0
2011-01-18,Equal Weight,0.0
2011-01-19,Equal Weight,0.0
2011-01-20,Equal Weight,0.0
2011-01-21,Equal Weight,0.0
2011-01-24,Equal Weight,0.0
2011-01-25,Equal Weight,0.0
2011-01-27,Equal Weight,0.0
2011-01-28,Equal Weight,0.0
2011-01-31,Equal Weight,0.0
2011-02-01,Equal Weight,0.0
2011-02-02,Equal Weight,0.0
2011-02-03,Equal Weight,0.0
2011-02-04,Equal Weight,0.024134416953331156
2011-02-07,Equal Weight,0.0
2011-02-08,Equal Weight,0.0
2011-02-09,Equal Weight,0.0
2011-02-10,Equal Weight,0.0
2011-02-11,Equal Weight,0.0
2011-02-14,Equal Weight,0.0
2011-02-15,Equal Weight,0.0
2011-02-16,Equal Weight,0.0
2011-02-17,Equal Weight,0.0
2011-02-18,Equal Weight,0.0
2011-02-21,Equal Weight,0.0
2011-02-22,Equal Weight,0.0
2011-02-23,Equal Weight,0.0
2011-02-24,Equal Weight,0.0
2011-02-25,Equal Weight,0.0
2011-02-28,Equal Weight,0.0
2011-03-01,Equal Weight,0.0
2011-03-03,Equal Weight,0.0
2011-03-04,Equal Weight,0.0
2011-03-07,Equal Weight,0.0
2011-03-08,Equal Weight,0.007250842983974715
2011-03-09,Equal Weight,0.0
2011-03-10,Equal Weight,0.0
2011-03-11,Equal Weight,0.0
2011-03-14,Equal Weight,0.0
2011-03-15,Equal Weight,0.0
2011-03-16,Equal Weight,0.0
2011-03-17,Equal Weight,0.0
2011-03-18,Equal Weight,0.0
2011-03-21,Equal Weight,0.0
2011-03-22,Equal Weight,0.0
2011-03-23,Equal Weight,0.0
2011-03-24,Equal Weight,0.0
2011-03-25,Equal Weight,0.0
2011-03-28,Equal Weight,0.0
2011-03-29,Equal Weight,0.0
2011-03-30,Equal Weight,0.0
2011-03-31,Equal Weight,0.0
2011-04-01,Equal Weight,0.0
2011-04-04,Equal Weight,0.0
2011-04-05,Equal Weight,0.0
2011-04-06,Equal Weight,0.014487774721271607
2011-04-07,Equal Weight,0.0
2011-04-08,Equal Weight,0.0
2011-04-11,Equal Weight,0.0
2011-04-13,Equal Weight,0.0
2011-04-15,Equal Weight,0.0
2011-04-18,Equal Weight,0.0
2011-04-19,Equal Weight,0.0
2011-04-20,Equal Weight,0.0
2011-04-21,Equal Weight,0.0
2011-04-25,Equal Weight,0.0
2011-04-26,Equal Weight,0.0
2011-04-27,Equal Weight,0.0
2011-04-28,Equal Weight,0.0
2011-04-29,Equal Weight,0.0
2011-05-02,Equal Weight,0.0
2011-05-03,Equal Weight,0.0
2011-05-04,Equal Weight,0.0
2011-05-05,Equal Weight,0.0
2011-05-06,Equal Weight,0.0
2011-05-09,Equal Weight,0.0
2011-05-10,Equal Weight,0.018876383564155386
2011-05-11,Equal Weight,0.0
2011-05-12,Equal Weight,0.0
2011-05-13,Equal Weight,0.0
2011-05-16,Equal Weight,0.0
2011-05-17,Equal Weight,0.0
2011-05-18,Equal Weight,0.0
2011-05-19,Equal Weight,0.0
2011-05-20,Equal Weight,0.0
2011-05-23,Equal Weight,0.0
2011-05-24,Equal Weight,0.0
2011-05-25,Equal Weight,0.0
2011-05-26,Equal Weight,0.0
2011-05-27,Equal Weight,0.0
2011-05-30,Equal Weight,0.0
2011-05-31,Equal Weight,0.0
2011-06-01,Equal Weight,0.0
2011-06-02,Equal Weight,0.0
2011-06-03,Equal Weight,0.0
2011-06-06,Equal Weight,0.0
2011-06-07,Equal Weight,0.0
2011-06-08,Equal Weight,0.0027016909585918236
2011-06-09,Equal Weight,0.0
2011-06-10,Equal Weight,0.0
2011-06-13,Equal Weight,0.0
2011-06-14,Equal Weight,0.0
2011-06-15,Equal Weight,0.0
2011-06-16,Equal Weight,0.0
2011-06-17,Equal Weight,0.0
2011-06-20,Equal Weight,0.0
2011-06-21,Equal Weight,0.0
2011-06-22,Equal Weight,0.0
2011-06-23,Equal Weight,0.0
2011-06-24,Equal Weight,0.0
2011-06-27,Equal Weight,0.0
2011-06-28,Equal Weight,0.0
2011-06-29,Equal Weight,0.0
2011-06-30,Equal Weight,0.0
2011-07-01,Equal Weight,0.0
2011-07-04,Equal Weight,0.0
2011-07-05,Equal Weight,0.0
2011-07-06,Equal Weight,0.0
2011-07-07,Equal Weight,0.009341268555131371
2011-07-08,Equal Weight,0.0
2011-07-11,Equal Weight,0.0
2011-07-12,Equal Weight,0.0
2011-07-13,Equal Weight,0.0
2011-07-14,Equal Weight,0.0
2011-07-15,Equal Weight,0.0
2011-07-18,Equal Weight,0.0
2011-07-19,Equal Weight,0.0
2011-07-20,Equal Weight,0.0
2011-07-21,Equal Weight,0.0
2011-07-22,Equal Weight,0.0
2011-07-25,Equal Weight,0.0
2011-07-26,Equal Weight,0.0
2011-07-27,Equal Weight,0.0
2011-07-28,Equal Weight,0.0
2011-07-29,Equal Weight,0.0
2011-08-01,Equal Weight,0.0
2011-08-02,Equal Weight,0.0
2011-08-03,Equal Weight,0.0
2011-08-04,Equal Weight,0.0
2011-08-05,Equal Weight,0.029398612062799007
2011-08-08,Equal Weight,0.0
2011-08-09,Equal Weight,0.0
2011-08-10,Equal Weight,0.0
2011-08-11,Equal Weight,0.0
2011-08-12,Equal Weight,0.0
2011-08-16,Equal Weight,0.0
2011-08-17,Equal Weight,0.0
2011-08-18,Equal Weight,0.0
2011-08-19,Equal Weight,0.0
2011-08-22,Equal Weight,0.0
2011-08-23,Equal Weight,0.0
2011-08-24,Equal Weight,0.0
2011-08-25,Equal Weight,0.0
2011-08-26,Equal Weight,0.0
2011-08-29,Equal Weight,0.0
2011-08-30,Equal Weight,0.0
2011-09-02,Equal Weight,0.0
2011-09-05,Equal Weight,0.0
2011-09-06,Equal Weight,0.0
2011-09-07,Equal Weight,0.0
2011-09-08,Equal Weight,0.02959763702997864
2011-09-09,Equal Weight,0.0
2011-09-12,Equal Weight,0.0
2011-09-13,Equal Weight,0.0
2011-09-14,Equal Weight,0.0
2011-09-15,Equal Weight,0.0
2011-09-16,Equal Weight,0.0
2011-09-19,Equal Weight,0.0
2011-09-20,Equal Weight,0.0
2011-09-21,Equal Weight,0.0
2011-09-22,Equal Weight,0.0
2011-09-23,Equal Weight,0.0
2011-09-26,Equal Weight,0.0
2011-09-27,Equal Weight,0.0
2011-09-28,Equal Weight,0.0
2011-09-29,Equal Weight,0.0
2011-09-30,Equal Weight,0.0
2011-10-03,Equal Weight,0.0
2011-10-04,Equal Weight,0.0
2011-10-05,Equal Weight,0.0
2011-10-07,Equal Weight,0.0
2011-10-10,Equal Weight,0.007760705315042249
2011-10-11,Equal Weight,0.0
2011-10-12,Equal Weight,0.0
2011-10-13,Equal Weight,0.0
2011-10-14,Equal Weight,0.0
2011-10-17,Equal Weight,0.0
2011-10-18,Equal Weight,0.0
2011-10-19,Equal Weight,0.0
2011-10-20,Equal Weight,0.0
2011-10-21,Equal Weight,0.0
2011-10-24,Equal Weight,0.0
2011-10-25,Equal Weight,0.0
2011-10-28,Equal Weight,0.0
2011-10-31,Equal Weight,0.0
2011-11-01,Equal Weight,0.0
2011-11-02,Equal Weight,0.0
2011-11-03,Equal Weight,0.0
2011-11-04,Equal Weight,0.0
2011-11-08,Equal Weight,0.0
2011-11-09,Equal Weight,0.0
2011-11-11,Equal Weight,0.0
2011-11-14,Equal Weight,0.01575268558748838
2011-11-15,Equal Weight,0.0
2011-11-16,Equal Weight,0.0
2011-11-17,Equal Weight,0.0
2011-11-18,Equal Weight,0.0
2011-11-21,Equal Weight,0.0
2011-11-22,Equal Weight,0.0
2011-11-23,Equal Weight,0.0
2011-11-24,Equal Weight,0.0
2011-11-25,Equal Weight,0.0
2011-11-28,Equal Weight,0.0
2011-11-29,Equal Weight,0.0
2011-11-30,Equal Weight,0.0
2011-12-01,Equal Weight,0.0
2011-12-02,Equal Weight,0.0
2011-12-05,Equal Weight,0.0
2011-12-07,Equal Weight,0.0
2011-12-08,Equal Weight,0.0
2011-12-09,Equal Weight,0.0
2011-12-12,Equal Weight,0.0
2011-12-13,Equal Weight,0.0
2011-12-14,Equal Weight,0.015472913763851848
2011-12-15,Equal Weight,0.0
2011-12-16,Equal Weight,0.0
2011-12-19,Equal Weight,0.0
2011-12-20,Equal Weight,0.0
2011-12-21,Equal Weight,0.0
2011-12-22,Equal Weight,0.0
2011-12-23,Equal Weight,0.0
2011-12-26,Equal Weight,0.0
2011-12-27,Equal Weight,0.0
2011-12-28,Equal Weight,0.0
2011-12-29,Equal Weight,0.0
2011-12-30,Equal Weight,0.0
2012-01-02,Equal Weight,0.0
2012-01-03,Equal Weight,0.0
2012-01-04,Equal Weight,0.0
2012-01-05,Equal Weight,0.0
2012-01-06,Equal Weight,0.0
2012-01-09,Equal Weight,0.0
2012-01-10,Equal Weight,0.0
2012-01-11,Equal Weight,0.0
2012-01-12,Equal Weight,0.008247769405031496
2012-01-13,Equal Weight,0.0
2012-01-16,Equal Weight,0.0
2012-01-17,Equal Weight,0.0
2012-01-18,Equal Weight,0.0
2012-01-19,Equal Weight,0.0
2012-01-20,Equal Weight,0.0
2012-01-23,Equal Weight,0.0
2012-01-24,Equal Weight,0.0
2012-01-25,Equal Weight,0.0
2012-01-27,Equal Weight,0.0
2012-01-30,Equal Weight,0.0
2012-01-31,Equal Weight,0.0
2012-02-01,Equal Weight,0.0
2012-02-02,Equal Weight,0.0
2012-02-03,Equal Weight,0.0
2012-02-06,Equal Weight,0.0
2012-02-07,Equal Weight,0.0
2012-02-08,Equal Weight,0.0
2012-02-09,Equal Weight,0.0
2012-02-10,Equal Weight,0.0
2012-02-13,Equal Weight,0.023878930535434023
2012-02-14,Equal Weight,0.0
2012-02-15,Equal Weight,0.0
2012-02-16,Equal Weight,0.0
2012-02-17,Equal Weight,0.0
2012-02-21,Equal Weight,0.0
2012-02-22,Equal Weight,0.0
2012-02-23,Equal Weight,0.0
2012-02-24,Equal Weight,0.0
2012-02-27,Equal Weight,0.0
2012-02-28,Equal Weight,0.0
2012-02-29,Equal Weight,0.0
2012-03-01,Equal Weight,0.0
2012-03-02,Equal Weight,0.0
2012-03-05,Equal Weight,0.0
2012-03-06,Equal Weight,0.0
2012-03-07,Equal Weight,0.0
2012-03-09,Equal Weight,0.0
2012-03-12,Equal Weight,0.0
2012-03-13,Equal Weight,0.0
2012-03-14,Equal Weight,0.0
2012-03-15,Equal Weight,0.0059911272551315675
2012-03-16,Equal Weight,0.0
2012-03-19,Equal Weight,0.0
2012-03-20,Equal Weight,0.0
2012-03-21,Equal Weight,0.0
2012-03-22,Equal Weight,0.0
2012-03-23,Equal Weight,0.0
2012-03-26,Equal Weight,0.0
2012-03-27,Equal Weight,0.0
2012-03-28,Equal Weight,0.0
2012-03-29,Equal Weight,0.0
2012-03-30,Equal Weight,0.0
2012-04-02,Equal Weight,0.0
2012-04-03,Equal Weight,0.0
2012-04-04,Equal Weight,0.0
2012-04-09,Equal Weight,0.0
2012-04-10,Equal Weight,0.0
2012-04-11,Equal Weight,0.0
2012-04-12,Equal Weight,0.0
2012-04-13,Equal Weight,0.0
2012-04-16,Equal Weight,0.0
2012-04-17,Equal Weight,0.013337080935079237
2012-04-18,Equal Weight,0.0
2012-04-19,Equal Weight,0.0
2012-04-20,Equal Weight,0.0
2012-04-23,Equal Weight,0.0
2012-04-24,Equal Weight,0.0
2012-04-25,Equal Weight,0.0
2012-04-26,Equal Weight,0.0
2012-04-27,Equal Weight,0.0
2012-04-30,Equal Weight,0.0
2012-05-02,Equal Weight,0.0
2012-05-03,Equal Weight,0.0
2012-05-04,Equal Weight,0.0
2012-05-07,Equal Weight,0.0
2012-05-08,Equal Weight,0.0
2012-05-09,Equal Weight,0.0
2012-05-10,Equal Weight,0.0
2012-05-11,Equal Weight,0.0
2012-05-14,Equal Weight,0.0
2012-05-15,Equal Weight,0.0
2012-05-16,Equal Weight,0.0
2012-05-17,Equal Weight,0.01643095143368173
2012-05-18,Equal Weight,0.0
2012-05-21,Equal Weight,0.0
2012-05-22,Equal Weight,0.0
2012-05-23,Equal Weight,0.0
2012-05-24,Equal Weight,0.0
2013-01-31,Equal Weight,0.0
2013-02-01,Equal Weight,0.0
2013-02-04,Equal Weight,0.0
2013-02-05,Equal Weight,0.0
2013-02-06,Equal Weight,0.0
2013-02-07,Equal Weight,0.0
2013-02-08,Equal Weight,0.0
2013-02-11,Equal Weight,0.0
2013-02-12,Equal Weight,0.0
2013-02-13,Equal Weight,0.0
2013-02-14,Equal Weight,0.0
2013-02-15,Equal Weight,0.0
2013-02-18,Equal Weight,0.0
2013-02-19,Equal Weight,0.0
2013-02-20,Equal Weight,0.0
2013-02-21,Equal Weight,0.0378469023159522
2013-02-22,Equal Weight,0.0
2013-02-25,Equal Weight,0.0
2013-02-26,Equal Weight,0.0
2013-02-27,Equal Weight,0.0
2013-02-28,Equal Weight,0.0
2013-03-01,Equal Weight,0.0
2013-03-04,Equal Weight,0.0
2013-03-05,Equal Weight,0.0
2013-03-06,Equal Weight,0.0
2013-03-07,Equal Weight,0.0
2013-03-08,Equal Weight,0.0
2013-03-11,Equal Weight,0.0
2013-03-12,Equal Weight,0.0
2013-03-13,Equal Weight,0.0
2013-03-14,Equal Weight,0.0
2013-03-15,Equal Weight,0.0
2013-03-18,Equal Weight,0.0
2013-03-19,Equal Weight,0.0
2013-03-20,Equal Weight,0.0
2013-03-21,Equal Weight,0.0
2013-03-22,Equal Weight,0.010527300766414699
2013-03-25,Equal Weight,0.0
2013-03-26,Equal Weight,0.0
2013-03-28,Equal Weight,0.0
2013-04-01,Equal Weight,0.0
2013-04-02,Equal Weight,0.0
2013-04-03,Equal Weight,0.0
2013-04-04,Equal Weight,0.0
2013-04-05,Equal Weight,0.0
2013-04-08,Equal Weight,0.0
2013-04-09,Equal Weight,0.0
2013-04-10,Equal Weight,0.0
2013-04-11,Equal Weight,0.0
2013-04-12,Equal Weight,0.0
2013-04-15,Equal Weight,0.0
2013-04-16,Equal Weight,0.0
2013-04-17,Equal Weight,0.0
2013-04-18,Equal Weight,0.0
2013-04-22,Equal Weight,0.0
2013-04-23,Equal Weight,0.0
2013-04-25,Equal Weight,0.0
2013-04-26,Equal Weight,0.026648319439821766
2013-04-29,Equal Weight,0.0
2013-04-30,Equal Weight,0.0
2013-05-02,Equal Weight,0.0
2013-05-03,Equal Weight,0.0
2013-05-06,Equal Weight,0.0
2013-05-07,Equal Weight,0.0
2013-05-08,Equal Weight,0.0
2013-05-09,Equal Weight,0.0
2013-05-10,Equal Weight,0.0
2013-05-13,Equal Weight,0.0
2013-05-14,Equal Weight,0.0
2013-05-15,Equal Weight,0.0
2013-05-16,Equal Weight,0.0
2013-05-17,Equal Weight,0.0
2013-05-20,Equal Weight,0.0
2013-05-21,Equal Weight,0.0
2013-05-22,Equal Weight,0.0
2013-05-23,Equal Weight,0.0
2013-05-24,Equal Weight,0.0
2013-05-27,Equal Weight,0.0
2013-05-28,Equal Weight,0.01198367357777319
2013-05-29,Equal Weight,0.0
2013-05-30,Equal Weight,0.0
2013-05-31,Equal Weight,0.0
2013-06-03,Equal Weight,0.0
2013-06-04,Equal Weight,0.0
2013-06-05,Equal Weight,0.0
2013-06-06,Equal Weight,0.0
2013-06-07,Equal Weight,0.0
2013-06-10,Equal Weight,0.0
2013-06-11,Equal Weight,0.0
2013-06-12,Equal Weight,0.0
2013-06-13,Equal Weight,0.0
2013-06-14,Equal Weight,0.0
2013-06-17,Equal Weight,0.0
2013-06-18,Equal Weight,0.0
2013-06-19,Equal Weight,0.0
2013-06-20,Equal Weight,0.0
2013-06-21,Equal Weight,0.0
2013-06-24,Equal Weight,0.0
2013-06-25,Equal Weight,0.0
2013-06-26,Equal Weight,0.018589003246839153
2013-06-27,Equal Weight,0.0
2013-06-28,Equal Weight,0.0
2013-07-01,Equal Weight,0.0
2013-07-02,Equal Weight,0.0
2013-07-03,Equal Weight,0.0
2013-07-04,Equal Weight,0.0
2013-07-05,Equal Weight,0.0
2013-07-08,Equal Weight,0.0
2013-07-09,Equal Weight,0.0
2013-07-10,Equal Weight,0.0
2013-07-11,Equal Weight,0.0
2013-07-12,Equal Weight,0.0
2013-07-15,Equal Weight,0.0
2013-07-16,Equal Weight,0.0
2013-07-17,Equal Weight,0.0
2013-07-18,Equal Weight,0.0
2013-07-19,Equal Weight,0.0
2013-07-22,Equal Weight,0.0
2013-07-23,Equal Weight,0.0
2013-07-24,Equal Weight,0.0
2013-07-25,Equal Weight,0.009737097341262435
2013-07-26,Equal Weight,0.0
2013-07-29,Equal Weight,0.0
2013-07-30,Equal Weight,0.0
2013-07-31,Equal Weight,0.0
2013-08-01,Equal Weight,0.0
2013-08-02,Equal Weight,0.0
2013-08-05,Equal Weight,0.0
2013-08-06,Equal Weight,0.0
2013-08-07,Equal Weight,0.0
2013-08-08,Equal Weight,0.0
2013-08-12,Equal Weight,0.0
2013-08-13,Equal Weight,0.0
2013-08-14,Equal Weight,0.0
2013-08-16,Equal Weight,0.0
2013-08-19,Equal Weight,0.0
2013-08-20,Equal Weight,0.0
2013-08-21,Equal Weight,0.0
2013-08-22,Equal Weight,0.0
2013-08-23,Equal Weight,0.0
2013-08-26,Equal Weight,0.0
2013-08-27,Equal Weight,0.04676131197111458
2013-08-28,Equal Weight,0.0
2013-08-29,Equal Weight,0.0
2013-08-30,Equal Weight,0.0
2013-09-02,Equal Weight,0.0
2013-09-03,Equal Weight,0.0
2013-09-04,Equal Weight,0.0
2013-09-05,Equal Weight,0.0
2013-09-06,Equal Weight,0.0
2013-09-10,Equal Weight,0.0
2013-09-11,Equal Weight,0.0
2013-09-12,Equal Weight,0.0
2013-09-13,Equal Weight,0.0
2013-09-16,Equal Weight,0.0
2013-09-17,Equal Weight,0.0
2013-09-18,Equal Weight,0.0
2013-09-19,Equal Weight,0.0
2013-09-20,Equal Weight,0.0
2013-09-23,Equal Weight,0.0
2013-09-24,Equal Weight,0.0
2013-09-25,Equal Weight,0.0
2013-09-26,Equal Weight,0.030509886896437716
2013-09-27,Equal Weight,0.0
2013-09-30,Equal Weight,0.0
2013-10-01,Equal Weight,0.0
2013-10-03,Equal Weight,0.0
2013-10-04,Equal Weight,0.0
2013-10-07,Equal Weight,0.0
2013-10-08,Equal Weight,0.0
2013-10-09,Equal Weight,0.0
2013-10-10,Equal Weight,0.0
2013-10-11,Equal Weight,0.0
2013-10-14,Equal Weight,0.0
2013-10-15,Equal Weight,0.0
2013-10-17,Equal Weight,0.0
2013-10-18,Equal Weight,0.0
2013-10-21,Equal Weight,0.0
2013-10-22,Equal Weight,0.0
2013-10-23,Equal Weight,0.0
2013-10-24,Equal Weight,0.0
2013-10-25,Equal Weight,0.0
2013-10-28,Equal Weight,0.0
2013-10-29,Equal Weight,0.010605764590616101
2013-10-30,Equal Weight,0.0
2013-10-31,Equal Weight,0.0
2013-11-01,Equal Weight,0.0
2013-11-05,Equal Weight,0.0
2013-11-06,Equal Weight,0.0
2013-11-07,Equal Weight,0.0
2013-11-08,Equal Weight,0.0
2013-11-11,Equal Weight,0.0
2013-11-12,Equal Weight,0.0
2013-11-13,Equal Weight,0.0
2013-11-14,Equal Weight,0.0
2013-11-18,Equal Weight,0.0
2013-11-19,Equal Weight,0.0
2013-11-20,Equal Weight,0.0
2013-11-21,Equal Weight,0.0
2013-11-22,Equal Weight,0.0
2013-11-25,Equal Weight,0.0
2013-11-26,Equal Weight,0.0
2013-11-27,Equal Weight,0.0
2013-11-28,Equal Weight,0.0
2013-11-29,Equal Weight,0.004644009088239032
2013-12-02,Equal Weight,0.0
2013-12-03,Equal Weight,0.0
2013-12-04,Equal Weight,0.0
2013-12-05,Equal Weight,0.0
2013-12-06,Equal Weight,0.0
2013-12-09,Equal Weight,0.0
2013-12-10,Equal Weight,0.0
2013-12-11,Equal Weight,0.0
2013-12-12,Equal Weight,0.0
2013-12-13,Equal Weight,0.0
2013-12-16,Equal Weight,0.0
2013-12-17,Equal Weight,0.0
2013-12-18,Equal Weight,0.0
2013-12-19,Equal Weight,0.0
2013-12-20,Equal Weight,0.0
2013-12-23,Equal Weight,0.0
2013-12-24,Equal Weight,0.0
2013-12-26,Equal Weight,0.0
2013-12-27,Equal Weight,0.0
2013-12-30,Equal Weight,0.0
2013-12-31,Equal Weight,0.015268150764231742
2014-01-01,Equal Weight,0.0
2014-01-02,Equal Weight,0.0
2014-01-03,Equal Weight,0.0
2014-01-06,Equal Weight,0.0
2014-01-07,Equal Weight,0.0
2014-01-08,Equal Weight,0.0
2014-01-09,Equal Weight,0.0
2014-01-10,Equal Weight,0.0
2014-01-13,Equal Weight,0.0
2014-01-14,Equal Weight,0.0
2014-01-15,Equal Weight,0.0
2014-01-16,Equal Weight,0.0
2014-01-17,Equal Weight,0.0
2014-01-20,Equal Weight,0.0
2014-01-21,Equal Weight,0.0
2014-01-22,Equal Weight,0.0
2014-01-23,Equal Weight,0.0
2014-01-24,Equal Weight,0.0
2014-01-27,Equal Weight,0.0
2014-01-28,Equal Weight,0.0
2014-01-29,Equal Weight,0.01111440631787175
2014-01-30,Equal Weight,0.0
2014-01-31,Equal Weight,0.0
2014-02-03,Equal Weight,0.0
2014-02-04,Equal Weight,0.0
2014-02-05,Equal Weight,0.0
2014-02-06,Equal Weight,0.0
2014-02-07,Equal Weight,0.0
2014-02-10,Equal Weight,0.0
2014-02-11,Equal Weight,0.0
2014-02-12,Equal Weight,0.0
2014-02-13,Equal Weight,0.0
2014-02-14,Equal Weight,0.0
2014-02-17,Equal Weight,0.0
2014-02-18,Equal Weight,0.0
2014-02-19,Equal Weight,0.0
2014-02-20,Equal Weight,0.0
2014-02-21,Equal Weight,0.0
2014-02-24,Equal Weight,0.0
2014-02-25,Equal Weight,0.0
2014-02-26,Equal Weight,0.0
2014-02-28,Equal Weight,0.0031494330752157573
2014-03-03,Equal Weight,0.0
2014-03-04,Equal Weight,0.0
2014-03-05,Equal Weight,0.0
2014-03-06,Equal Weight,0.0
2014-03-07,Equal Weight,0.0
2014-03-10,Equal Weight,0.0
2014-03-11,Equal Weight,0.0
2014-03-12,Equal Weight,0.0
2014-03-13,Equal Weight,0.0
2014-03-14,Equal Weight,0.0
2014-03-18,Equal Weight,0.0
2014-03-19,Equal Weight,0.0
2014-03-20,Equal Weight,0.0
2014-03-21,Equal Weight,0.0
2014-03-24,Equal Weight,0.0
2014-03-25,Equal Weight,0.0
2014-03-26,Equal Weight,0.0
2014-03-27,Equal Weight,0.0
2014-03-28,Equal Weight,0.0
2014-03-31,Equal Weight,0.0
2014-04-01,Equal Weight,0.021778176406426375
2014-04-02,Equal Weight,0.0
2014-04-03,Equal Weight,0.0
2014-04-04,Equal Weight,0.0
2014-04-07,Equal Weight,0.0
2014-04-09,Equal Weight,0.0
2014-04-10,Equal Weight,0.0
2014-04-11,Equal Weight,0.0
2014-04-15,Equal Weight,0.0
2014-04-16,Equal Weight,0.0
2014-04-17,Equal Weight,0.0
2014-04-21,Equal Weight,0.0
2014-04-22,Equal Weight,0.0
2014-04-23,Equal Weight,0.0
2014-04-25,Equal Weight,0.0
2014-04-28,Equal Weight,0.0
2014-04-29,Equal Weight,0.0
2014-04-30,Equal Weight,0.0
2014-05-02,Equal Weight,0.0
2014-05-05,Equal Weight,0.0
2014-05-06,Equal Weight,0.0
2014-05-07,Equal Weight,0.010585327298796493
2014-05-08,Equal Weight,0.0
2014-05-09,Equal Weight,0.0
2014-05-12,Equal Weight,0.0
2014-05-13,Equal Weight,0.0
2014-05-14,Equal Weight,0.0
2014-05-15,Equal Weight,0.0
2014-05-16,Equal Weight,0.0
2014-05-19,Equal Weight,0.0
2014-05-20,Equal Weight,0.0
2014-05-21,Equal Weight,0.0
2014-05-22,Equal Weight,0.0
2014-05-23,Equal Weight,0.0
2014-05-26,Equal Weight,0.0
2014-05-27,Equal Weight,0.0
2014-05-28,Equal Weight,0.0
2014-05-29,Equal Weight,0.0
2014-05-30,Equal Weight,0.0
2014-06-02,Equal Weight,0.0
2014-06-03,Equal Weight,0.0
2014-06-04,Equal Weight,0.0
2014-06-05,Equal Weight,0.040187029161565774
2014-06-06,Equal Weight,0.0
2014-06-09,Equal Weight,0.0
2014-06-10,Equal Weight,0.0
2014-06-11,Equal Weight,0.0
2014-06-12,Equal Weight,0.0
2014-06-13,Equal Weight,0.0
2014-06-16,Equal Weight,0.0
2014-06-17,Equal Weight,0.0
2014-06-18,Equal Weight,0.0
2014-06-19,Equal Weight,0.0
2014-06-20,Equal Weight,0.0
2014-06-23,Equal Weight,0.0
2014-06-24,Equal Weight,0.0
2014-06-25,Equal Weight,0.0
2014-06-26,Equal Weight,0.0
2014-06-27,Equal Weight,0.0
2014-06-30,Equal Weight,0.0
2014-07-01,Equal Weight,0.0
2014-07-02,Equal Weight,0.0
2014-07-03,Equal Weight,0.0
2014-07-04,Equal Weight,0.00769593194781748
2014-07-07,Equal Weight,0.0
2014-07-08,Equal Weight,0.0
2014-07-09,Equal Weight,0.0
2014-07-10,Equal Weight,0.0
2014-07-11,Equal Weight,0.0
2014-07-14,Equal Weight,0.0
2014-07-15,Equal Weight,0.0
2014-07-16,Equal Weight,0.0
2014-07-17,Equal Weight,0.0
2014-07-18,Equal Weight,0.0
2014-07-21,Equal Weight,0.0
2014-07-22,Equal Weight,0.0
2014-07-23,Equal Weight,0.0
2014-07-24,Equal Weight,0.0
2014-07-25,Equal Weight,0.0
2014-07-28,Equal Weight,0.0
2014-07-30,Equal Weight,0.0
2014-07-31,Equal Weight,0.0
2014-08-01,Equal Weight,0.0
2014-08-04,Equal Weight,0.0
2014-08-05,Equal Weight,0.0010456664447934805
2014-08-06,Equal Weight,0.0
2014-08-07,Equal Weight,0.0
2014-08-08,Equal Weight,0.0
2014-08-11,Equal Weight,0.0
2014-08-12,Equal Weight,0.0
2014-08-13,Equal Weight,0.0
2014-08-14,Equal Weight,0.0
2014-08-18,Equal Weight,0.0
2014-08-19,Equal Weight,0.0
2014-08-20,Equal Weight,0.0
2014-08-21,Equal Weight,0.0
2014-08-22,Equal Weight,0.0
2014-08-25,Equal Weight,0.0
2014-08-26,Equal Weight,0.0
2014-08-27,Equal Weight,0.0
2014-08-28,Equal Weight,0.0
2014-09-01,Equal Weight,0.0
2014-09-02,Equal Weight,0.0
2014-09-03,Equal Weight,0.0
2014-09-04,Equal Weight,0.0
2014-09-05,Equal Weight,0.011536604735668421
2014-09-08,Equal Weight,0.0
2014-09-09,Equal Weight,0.0
2014-09-10,Equal Weight,0.0
2014-09-11,Equal Weight,0.0
2014-09-12,Equal Weight,0.0
2014-09-15,Equal Weight,0.0
2014-09-16,Equal Weight,0.0
2014-09-17,Equal Weight,0.0
2014-09-18,Equal Weight,0.0
2014-09-19,Equal Weight,0.0
2014-09-22,Equal Weight,0.0
2014-09-23,Equal Weight,0.0
2014-09-24,Equal Weight,0.0
2014-09-25,Equal Weight,0.0
2014-09-26,Equal Weight,0.0
2014-09-29,Equal Weight,0.0
2014-09-30,Equal Weight,0.0
2014-10-01,Equal Weight,0.0
2014-10-07,Equal Weight,0.0
2014-10-08,Equal Weight,0.0
2014-10-09,Equal Weight,0.004467461518188304
2014-10-10,Equal Weight,0.0
2014-10-13,Equal Weight,0.0
2014-10-14,Equal Weight,0.0
2014-10-15,Equal Weight,0.0
2014-10-16,Equal Weight,0.0
2014-10-17,Equal Weight,0.0
2014-10-20,Equal Weight,0.0
2014-10-21,Equal Weight,0.0
2014-10-22,Equal Weight,0.0
2014-10-27,Equal Weight,0.0
2014-10-28,Equal Weight,0.0
2014-10-29,Equal Weight,0.0
2014-10-30,Equal Weight,0.0
2014-10-31,Equal Weight,0.0
2014-11-03,Equal Weight,0.0
2014-11-05,Equal Weight,0.0
2014-11-07,Equal Weight,0.0
2014-11-10,Equal Weight,0.0
2014-11-11,Equal Weight,0.0
2014-11-12,Equal Weight,0.0
2014-11-13,Equal Weight,0.014788020129816032
2014-11-14,Equal Weight,0.0
2014-11-17,Equal Weight,0.0
2014-11-18,Equal Weight,0.0
2014-11-19,Equal Weight,0.0
2014-11-20,Equal Weight,0.0
2014-11-21,Equal Weight,0.0
2014-11-24,Equal Weight,0.0
2014-11-25,Equal Weight,0.0
2014-11-26,Equal Weight,0.0
2014-11-27,Equal Weight,0.0
2014-11-28,Equal Weight,0.0
2014-12-01,Equal Weight,0.0
2014-12-02,Equal Weight,0.0
2014-12-03,Equal Weight,0.0
2014-12-04,Equal Weight,0.0
2014-12-05,Equal Weight,0.0
2014-12-08,Equal Weight,0.0
2014-12-09,Equal Weight,0.0
2014-12-10,Equal Weight,0.0
2014-12-11,Equal Weight,0.0
2014-12-12,Equal Weight,0.009745760032604855
2014-12-15,Equal Weight,0.0
2014-12-16,Equal Weight,0.0
2014-12-17,Equal Weight,0.0
2014-12-18,Equal Weight,0.0
2014-12-19,Equal Weight,0.0
2014-12-22,Equal Weight,0.0
2014-12-23,Equal Weight,0.0
2014-12-24,Equal Weight,0.0
2014-12-26,Equal Weight,0.0
2014-12-29,Equal Weight,0.0
2014-12-30,Equal Weight,0.0
2014-12-31,Equal Weight,0.0
2015-01-01,Equal Weight,0.0
2015-01-02,Equal Weight,0.0
2015-01-05,Equal Weight,0.0
2015-01-06,Equal Weight,0.0
2015-01-07,Equal Weight,0.0
2015-01-08,Equal Weight,0.0
2015-01-09,Equal Weight,0.0
2015-01-12,Equal Weight,0.0
2015-01-13,Equal Weight,0.000904113829451686
2015-01-14,Equal Weight,0.0
2015-01-15,Equal Weight,0.0
2015-01-16,Equal Weight,0.0
2015-01-19,Equal Weight,0.0
2015-01-20,Equal Weight,0.0
2015-01-21,Equal Weight,0.0
2015-01-22,Equal Weight,0.0
2015-01-23,Equal Weight,0.0
2015-01-27,Equal Weight,0.0
2015-01-28,Equal Weight,0.0
2015-01-29,Equal Weight,0.0
2015-01-30,Equal Weight,0.0
2015-02-02,Equal Weight,0.0
2015-02-03,Equal Weight,0.0
2015-02-04,Equal Weight,0.0
2015-02-05,Equal Weight,0.0
2015-02-06,Equal Weight,0.0
2015-02-09,Equal Weight,0.0
2015-02-10,Equal Weight,0.0
2015-02-11,Equal Weight,0.0
2015-02-12,Equal Weight,0.010884593613784632
2015-02-13,Equal Weight,0.0
2015-02-16,Equal Weight,0.0
2015-02-18,Equal Weight,0.0
2015-02-19,Equal Weight,0.0
2015-02-20,Equal Weight,0.0
2015-02-23,Equal Weight,0.0
2015-02-24,Equal Weight,0.0
2015-02-25,Equal Weight,0.0
2015-02-26,Equal Weight,0.0
2015-02-27,Equal Weight,0.0
2015-03-02,Equal Weight,0.0
2015-03-03,Equal Weight,0.0
2015-03-04,Equal Weight,0.0
2015-03-05,Equal Weight,0.0
2015-03-09,Equal Weight,0.0
2015-03-10,Equal Weight,0.0
2015-03-11,Equal Weight,0.0
2015-03-12,Equal Weight,0.0
2015-03-13,Equal Weight,0.0
2015-03-16,Equal Weight,0.0
2015-03-17,Equal Weight,0.010283908563239075
2015-03-18,Equal Weight,0.0
2015-03-19,Equal Weight,0.0
2015-03-20,Equal Weight,0.0
2015-03-23,Equal Weight,0.0
2015-03-24,Equal Weight,0.0
2015-03-25,Equal Weight,0.0
2015-03-26,Equal Weight,0.0
2015-03-27,Equal Weight,0.0
2015-03-30,Equal Weight,0.0
2015-03-31,Equal Weight,0.0
2015-04-01,Equal Weight,0.0
2015-04-06,Equal Weight,0.0
2015-04-07,Equal Weight,0.0
2015-04-08,Equal Weight,0.0
2015-04-09,Equal Weight,0.0
2015-04-10,Equal Weight,0.0
2015-04-13,Equal Weight,0.0
2015-04-15,Equal Weight,0.0
2015-04-16,Equal Weight,0.0
2015-04-17,Equal Weight,0.0
2015-04-20,Equal Weight,0.011215849433383385
2015-04-21,Equal Weight,0.0
2015-04-22,Equal Weight,0.0
2015-04-23,Equal Weight,0.0
2015-04-24,Equal Weight,0.0
2015-04-27,Equal Weight,0.0
2015-04-28,Equal Weight,0.0
2015-04-29,Equal Weight,0.0
2015-04-30,Equal Weight,0.0
2015-05-04,Equal Weight,0.0
2015-05-05,Equal Weight,0.0
2015-05-06,Equal Weight,0.0
2015-05-07,Equal Weight,0.0
2015-05-08,Equal Weight,0.0
2015-05-11,Equal Weight,0.0
2015-05-12,Equal Weight,0.0
2015-05-13,Equal Weight,0.0
2015-05-14,Equal Weight,0.0
2015-05-15,Equal Weight,0.0
2015-05-18,Equal Weight,0.0
2015-05-19,Equal Weight,0.0
2015-05-20,Equal Weight,0.0031192121800321937
2015-05-21,Equal Weight,0.0
2015-05-22,Equal Weight,0.0
2015-05-25,Equal Weight,0.0
2015-05-26,Equal Weight,0.0
2015-05-27,Equal Weight,0.0
2015-05-28,Equal Weight,0.0
2015-05-29,Equal Weight,0.0
2015-06-01,Equal Weight,0.0
2015-06-02,Equal Weight,0.0
2015-06-03,Equal Weight,0.0
2015-06-04,Equal Weight,0.0
2015-06-05,Equal Weight,0.0
2015-06-08,Equal Weight,0.0
2015-06-09,Equal Weight,0.0
2015-06-10,Equal Weight,0.0
2015-06-11,Equal Weight,0.0
2015-06-12,Equal Weight,0.0
2015-06-15,Equal Weight,0.0
2015-06-16,Equal Weight,0.0
2015-06-17,Equal Weight,0.0
2015-06-18,Equal Weight,0.005965495858349906
2015-06-19,Equal Weight,0.0
2015-06-22,Equal Weight,0.0
2015-06-23,Equal Weight,0.0
2015-06-24,Equal Weight,0.0
2015-06-25,Equal Weight,0.0
2015-06-26,Equal Weight,0.0
2015-06-29,Equal Weight,0.0
2015-06-30,Equal Weight,0.0
2015-07-01,Equal Weight,0.0
2015-07-02,Equal Weight,0.0
2015-07-03,Equal Weight,0.0
2015-07-06,Equal Weight,0.0
2015-07-07,Equal Weight,0.0
2015-07-08,Equal Weight,0.0
2015-07-09,Equal Weight,0.0
2015-07-10,Equal Weight,0.0
2015-07-13,Equal Weight,0.0
2015-07-14,Equal Weight,0.0
2015-07-15,Equal Weight,0.0
2015-07-16,Equal Weight,0.0
2015-07-17,Equal Weight,0.015800559416975613
2015-07-20,Equal Weight,0.0
2015-07-21,Equal Weight,0.0
2015-07-22,Equal Weight,0.0
2015-07-23,Equal Weight,0.0
2015-07-24,Equal Weight,0.0
2015-07-27,Equal Weight,0.0
2015-07-28,Equal Weight,0.0
2015-07-29,Equal Weight,0.0
2015-07-30,Equal Weight,0.0
2015-07-31,Equal Weight,0.0
2015-08-03,Equal Weight,0.0
2015-08-04,Equal Weight,0.0
2015-08-05,Equal Weight,0.0
2015-08-06,Equal Weight,0.0
2015-08-07,Equal Weight,0.0
2015-08-10,Equal Weight,0.0
2015-08-11,Equal Weight,0.0
2015-08-12,Equal Weight,0.0
2015-08-13,Equal Weight,0.0
2015-08-14,Equal Weight,0.0
2015-08-17,Equal Weight,0.0040687233843880455
2015-08-18,Equal Weight,0.0
2015-08-19,Equal Weight,0.0
2015-08-20,Equal Weight,0.0
2015-08-21,Equal Weight,0.0
2015-08-24,Equal Weight,0.0
2015-08-25,Equal Weight,0.0
2015-08-26,Equal Weight,0.0
2015-08-27,Equal Weight,0.0
2015-08-28,Equal Weight,0.0
2015-08-31,Equal Weight,0.0
2015-09-01,Equal Weight,0.0
2015-09-02,Equal Weight,0.0
2015-09-03,Equal Weight,0.0
2015-09-04,Equal Weight,0.0
2015-09-07,Equal Weight,0.0
2015-09-08,Equal Weight,0.0
2015-09-09,Equal Weight,0.0
2015-09-10,Equal Weight,0.0
2015-09-11,Equal Weight,0.0
2015-09-14,Equal Weight,0.0
2015-09-15,Equal Weight,0.01826841552828512
2015-09-16,Equal Weight,0.0
2015-09-18,Equal Weight,0.0
2015-09-21,Equal Weight,0.0
2015-09-22,Equal Weight,0.0
2015-09-23,Equal Weight,0.0
2015-09-24,Equal Weight,0.0
2015-09-28,Equal Weight,0.0
2015-09-29,Equal Weight,0.0
2015-09-30,Equal Weight,0.0
2015-10-01,Equal Weight,0.0
2015-10-05,Equal Weight,0.0
2015-10-06,Equal Weight,0.0
2015-10-07,Equal Weight,0.0
2015-10-08,Equal Weight,0.0
2015-10-09,Equal Weight,0.0
2015-10-12,Equal Weight,0.0
2015-10-13,Equal Weight,0.0
2015-10-14,Equal Weight,0.0
2015-10-15,Equal Weight,0.0
2015-10-16,Equal Weight,0.0
2015-10-19,Equal Weight,0.008859094817546403
2015-10-20,Equal Weight,0.0
2015-10-21,Equal Weight,0.0
2015-10-23,Equal Weight,0.0
2015-10-26,Equal Weight,0.0
2015-10-27,Equal Weight,0.0
2015-10-28,Equal Weight,0.0
2015-10-29,Equal Weight,0.0
2015-10-30,Equal Weight,0.0
2015-11-02,Equal Weight,0.0
2015-11-03,Equal Weight,0.0
2015-11-04,Equal Weight,0.0
2015-11-05,Equal Weight,0.0
2015-11-06,Equal Weight,0.0
2015-11-09,Equal Weight,0.0
2015-11-10,Equal Weight,0.0
2015-11-13,Equal Weight,0.0
2015-11-16,Equal Weight,0.0
2015-11-17,Equal Weight,0.0
2015-11-18,Equal Weight,0.0
2015-11-19,Equal Weight,0.0
2015-11-20,Equal Weight,0.011921332889978958
2015-11-23,Equal Weight,0.0
2015-11-24,Equal Weight,0.0
2015-11-26,Equal Weight,0.0
2015-11-27,Equal Weight,0.0
2015-11-30,Equal Weight,0.0
2015-12-01,Equal Weight,0.0
2015-12-02,Equal Weight,0.0
2015-12-03,Equal Weight,0.0
2015-12-04,Equal Weight,0.0
2015-12-07,Equal Weight,0.0
2015-12-08,Equal Weight,0.0
2015-12-09,Equal Weight,0.0
2015-12-10,Equal Weight,0.0
2015-12-11,Equal Weight,0.0
2015-12-14,Equal Weight,0.0
2015-12-15,Equal Weight,0.0
2015-12-16,Equal Weight,0.0
2015-12-17,Equal Weight,0.0
2015-12-18,Equal Weight,0.0
2015-12-21,Equal Weight,0.0
2015-12-22,Equal Weight,0.002693059839651929
2015-12-23,Equal Weight,0.0
2015-12-24,Equal Weight,0.0
2015-12-28,Equal Weight,0.0
2015-12-29,Equal Weight,0.0
2015-12-30,Equal Weight,0.0
2015-12-31,Equal Weight,0.0
2016-01-01,Equal Weight,0.0
2016-01-04,Equal Weight,0.0
2016-01-05,Equal Weight,0.0
2016-01-06,Equal Weight,0.0
2016-01-07,Equal Weight,0.0
2016-01-08,Equal Weight,0.0
2016-01-11,Equal Weight,0.0
2016-01-12,Equal Weight,0.0
2016-01-13,Equal Weight,0.0
2016-01-14,Equal Weight,0.0
2016-01-15,Equal Weight,0.0
2016-01-18,Equal Weight,0.0
2016-01-19,Equal Weight,0.0
2016-01-20,Equal Weight,0.0
2016-01-21,Equal Weight,0.019365341442645623
2016-01-22,Equal Weight,0.0
2016-01-25,Equal Weight,0.0
2016-01-27,Equal Weight,0.0
2016-01-28,Equal Weight,0.0
2016-01-29,Equal Weight,0.0
2016-02-01,Equal Weight,0.0
2016-02-02,Equal Weight,0.0
2016-02-03,Equal Weight,0.0
2016-02-04,Equal Weight,0.0
2016-02-05,Equal Weight,0.0
2016-02-08,Equal Weight,0.0
2016-02-09,Equal Weight,0.0
2016-02-10,Equal Weight,0.0
2016-02-11,Equal Weight,0.0
2016-02-12,Equal Weight,0.0
2016-02-15,Equal Weight,0.0
2016-02-16,Equal Weight,0.0
2016-02-17,Equal Weight,0.0
2016-02-18,Equal Weight,0.0
2016-02-19,Equal Weight,0.0
2016-02-22,Equal Weight,0.017354008683798605
2016-02-23,Equal Weight,0.0
2016-02-24,Equal Weight,0.0
2016-02-25,Equal Weight,0.0
2016-02-26,Equal Weight,0.0
2016-02-29,Equal Weight,0.0
2016-03-01,Equal Weight,0.0
2016-03-02,Equal Weight,0.0
2016-03-03,Equal Weight,0.0
2016-03-04,Equal Weight,0.0
2016-03-08,Equal Weight,0.0
2016-03-09,Equal Weight,0.0
2016-03-10,Equal Weight,0.0
2016-03-11,Equal Weight,0.0
2016-03-14,Equal Weight,0.0
2016-03-15,Equal Weight,0.0
2016-03-16,Equal Weight,0.0
2016-03-17,Equal Weight,0.0
2016-03-18,Equal Weight,0.0
2016-03-21,Equal Weight,0.0
2016-03-22,Equal Weight,0.0
2016-03-23,Equal Weight,0.014698105057858735
2016-03-28,Equal Weight,0.0
2016-03-29,Equal Weight,0.0
2016-03-30,Equal Weight,0.0
2016-03-31,Equal Weight,0.0
2016-04-01,Equal Weight,0.0
2016-04-04,Equal Weight,0.0
2016-04-05,Equal Weight,0.0
2016-04-06,Equal Weight,0.0
2016-04-07,Equal Weight,0.0
2016-04-08,Equal Weight,0.0
2016-04-11,Equal Weight,0.0
2016-04-12,Equal Weight,0.0
2016-04-13,Equal Weight,0.0
2016-04-18,Equal Weight,0.0
2016-04-20,Equal Weight,0.0
2016-04-21,Equal Weight,0.0
2016-04-22,Equal Weight,0.0
2016-04-25,Equal Weight,0.0
2016-04-26,Equal Weight,0.0
2016-04-27,Equal Weight,0.0
2016-04-28,Equal Weight,0.007318559445872508
2016-04-29,Equal Weight,0.0
2016-05-02,Equal Weight,0.0
2016-05-03,Equal Weight,0.0
2016-05-04,Equal Weight,0.0
2016-05-05,Equal Weight,0.0
2016-05-06,Equal Weight,0.0
2016-05-09,Equal Weight,0.0
2016-05-10,Equal Weight,0.0
2016-05-11,Equal Weight,0.0
2016-05-12,Equal Weight,0.0
2016-05-13,Equal Weight,0.0
2016-05-16,Equal Weight,0.0
2016-05-17,Equal Weight,0.0
2016-05-18,Equal Weight,0.0
2016-05-19,Equal Weight,0.0
2016-05-20,Equal Weight,0.0
2016-05-23,Equal Weight,0.0
2016-05-24,Equal Weight,0.0
2016-05-25,Equal Weight,0.0
2016-05-26,Equal Weight,0.0
2016-05-27,Equal Weight,0.008547938157258822
2016-05-30,Equal Weight,0.0
2016-05-31,Equal Weight,0.0
2016-06-01,Equal Weight,0.0
2016-06-02,Equal Weight,0.0
2016-06-03,Equal Weight,0.0
2016-06-06,Equal Weight,0.0
2016-06-07,Equal Weight,0.0
2016-06-08,Equal Weight,0.0
2016-06-09,Equal Weight,0.0
2016-06-10,Equal Weight,0.0
2016-06-13,Equal Weight,0.0
2016-06-14,Equal Weight,0.0
2016-06-15,Equal Weight,0.0
2016-06-16,Equal Weight,0.0
2016-06-17,Equal Weight,0.0
2016-06-20,Equal Weight,0.0
2016-06-21,Equal Weight,0.0
2016-06-22,Equal Weight,0.0
2016-06-23,Equal Weight,0.0
2016-06-24,Equal Weight,0.0
2016-06-27,Equal Weight,0.010383000192169728
2016-06-28,Equal Weight,0.0
2016-06-29,Equal Weight,0.0
2016-06-30,Equal Weight,0.0
2016-07-01,Equal Weight,0.0
2016-07-04,Equal Weight,0.0
2016-07-05,Equal Weight,0.0
2016-07-07,Equal Weight,0.0
2016-07-08,Equal Weight,0.0
2016-07-11,Equal Weight,0.0
2016-07-12,Equal Weight,0.0
2016-07-13,Equal Weight,0.0
2016-07-14,Equal Weight,0.0
2016-07-15,Equal Weight,0.0
2016-07-18,Equal Weight,0.0
2016-07-19,Equal Weight,0.0
2016-07-20,Equal Weight,0.0
2016-07-21,Equal Weight,0.0
2016-07-22,Equal Weight,0.0
2016-07-25,Equal Weight,0.0
2016-07-26,Equal Weight,0.0
2016-07-27,Equal Weight,0.014316163873549448
2016-07-28,Equal Weight,0.0
2016-07-29,Equal Weight,0.0
2016-08-01,Equal Weight,0.0
2016-08-02,Equal Weight,0.0
2016-08-03,Equal Weight,0.0
2016-08-04,Equal Weight,0.0
2016-08-05,Equal Weight,0.0
2016-08-08,Equal Weight,0.0
2016-08-09,Equal Weight,0.0
2016-08-10,Equal Weight,0.0
2016-08-11,Equal Weight,0.0
2016-08-12,Equal Weight,0.0
2016-08-16,Equal Weight,0.0
2016-08-17,Equal Weight,0.0
2016-08-18,Equal Weight,0.0
2016-08-19,Equal Weight,0.0
2016-08-22,Equal Weight,0.0
2016-08-23,Equal Weight,0.0
2016-08-24,Equal Weight,0.0
2016-08-25,Equal Weight,0.0
2016-08-26,Equal Weight,0.004700603402253534
2016-08-29,Equal Weight,0.0
2016-08-30,Equal Weight,0.0
2016-08-31,Equal Weight,0.0
2016-09-01,Equal Weight,0.0
2016-09-02,Equal Weight,0.0
2016-09-06,Equal Weight,0.0
2016-09-07,Equal Weight,0.0
2016-09-08,Equal Weight,0.0
2016-09-09,Equal Weight,0.0
2016-09-12,Equal Weight,0.0
2016-09-14,Equal Weight,0.0
2016-09-15,Equal Weight,0.0
2016-09-16,Equal Weight,0.0
2016-09-19,Equal Weight,0.0
2016-09-20,Equal Weight,0.0
2016-09-21,Equal Weight,0.0
2016-09-22,Equal Weight,0.0
2016-09-23,Equal Weight,0.0
2016-09-26,Equal Weight,0.0
2016-09-27,Equal Weight,0.0
2016-09-28,Equal Weight,0.0052929472352997164
2016-09-29,Equal Weight,0.0
2016-09-30,Equal Weight,0.0
2016-10-03,Equal Weight,0.0
2016-10-04,Equal Weight,0.0
2016-10-05,Equal Weight,0.0
2016-10-06,Equal Weight,0.0
2016-10-07,Equal Weight,0.0
2016-10-10,Equal Weight,0.0
2016-10-13,Equal Weight,0.0
2016-10-14,Equal Weight,0.0
2016-10-17,Equal Weight,0.0
2016-10-18,Equal Weight,0.0
2016-10-19,Equal Weight,0.0
2016-10-20,Equal Weight,0.0
2016-10-21,Equal Weight,0.0
2016-10-24,Equal Weight,0.0
2016-10-25,Equal Weight,0.0
2016-10-26,Equal Weight,0.0
2016-10-27,Equal Weight,0.0
2016-10-28,Equal Weight,0.0
2016-11-01,Equal Weight,0.00584073600533791
2016-11-02,Equal Weight,0.0
2016-11-03,Equal Weight,0.0
2016-11-04,Equal Weight,0.0
2016-11-07,Equal Weight,0.0
2016-11-08,Equal Weight,0.0
2016-11-09,Equal Weight,0.0
2016-11-10,Equal Weight,0.0
2016-11-11,Equal Weight,0.0
2016-11-15,Equal Weight,0.0
2016-11-16,Equal Weight,0.0
2016-11-17,Equal Weight,0.0
2016-11-18,Equal Weight,0.0
2016-11-21,Equal Weight,0.0
2016-11-22,Equal Weight,0.0
2016-11-23,Equal Weight,0.0
2016-11-24,Equal Weight,0.0
2016-11-25,Equal Weight,0.0
2016-11-28,Equal Weight,0.0
2016-11-29,Equal Weight,0.0
2016-11-30,Equal Weight,0.0
2016-12-01,Equal Weight,0.011706557188403827
2016-12-02,Equal Weight,0.0
2016-12-05,Equal Weight,0.0
2016-12-06,Equal Weight,0.0
2016-12-07,Equal Weight,0.0
2016-12-08,Equal Weight,0.0
2016-12-09,Equal Weight,0.0
2016-12-12,Equal Weight,0.0
2016-12-13,Equal Weight,0.0
2016-12-14,Equal Weight,0.0
2016-12-15,Equal Weight,0.0
2016-12-16,Equal Weight,0.0
2016-12-19,Equal Weight,0.0
2016-12-20,Equal Weight,0.0
2016-12-21,Equal Weight,0.0
2016-12-22,Equal Weight,0.0
2016-12-23,Equal Weight,0.0
2016-12-26,Equal Weight,0.0
2016-12-27,Equal Weight,0.0
2016-12-28,Equal Weight,0.0
2016-12-29,Equal Weight,0.0
2016-12-30,Equal Weight,0.004674523051220292
2017-01-02,Equal Weight,0.0
2017-01-03,Equal Weight,0.0
2017-01-04,Equal Weight,0.0
2017-01-05,Equal Weight,0.0
2017-01-06,Equal Weight,0.0
2017-01-09,Equal Weight,0.0
2017-01-10,Equal Weight,0.0
2017-01-11,Equal Weight,0.0
2017-01-12,Equal Weight,0.0
2017-01-13,Equal Weight,0.0
2017-01-16,Equal Weight,0.0
2017-01-17,Equal Weight,0.0
2017-01-18,Equal Weight,0.0
2017-01-19,Equal Weight,0.0
2017-01-20,Equal Weight,0.0
2017-01-23,Equal Weight,0.0
2017-01-24,Equal Weight,0.0
2017-01-25,Equal Weight,0.0
2017-01-27,Equal Weight,0.0
2017-01-30,Equal Weight,0.0
2017-01-31,Equal Weight,0.007020537424224066
2017-02-01,Equal Weight,0.0
2017-02-02,Equal Weight,0.0
2017-02-03,Equal Weight,0.0
2017-02-06,Equal Weight,0.0
2017-02-07,Equal Weight,0.0
2017-02-08,Equal Weight,0.0
2017-02-09,Equal Weight,0.0
2017-02-10,Equal Weight,0.0
2017-02-13,Equal Weight,0.0
2017-02-14,Equal Weight,0.0
2017-02-15,Equal Weight,0.0
2017-02-16,Equal Weight,0.0
2017-02-17,Equal Weight,0.0
2017-02-20,Equal Weight,0.0
2017-02-21,Equal Weight,0.0
2017-02-22,Equal Weight,0.0
2017-02-23,Equal Weight,0.0
2017-02-27,Equal Weight,0.0
2017-02-28,Equal Weight,0.0
2017-03-01,Equal Weight,0.0
2017-03-02,Equal Weight,0.005987791130122627
2017-03-03,Equal Weight,0.0
2017-03-06,Equal Weight,0.0
2017-03-07,Equal Weight,0.0
2017-03-08,Equal Weight,0.0
2017-03-09,Equal Weight,0.0
2017-03-10,Equal Weight,0.0
2017-03-14,Equal Weight,0.0
2017-03-15,Equal Weight,0.0
2017-03-16,Equal Weight,0.0
2017-03-17,Equal Weight,0.0
2017-03-20,Equal Weight,0.0
2017-03-21,Equal Weight,0.0
2017-03-22,Equal Weight,0.0
2017-03-23,Equal Weight,0.0
2017-03-24,Equal Weight,0.0
2017-03-27,Equal Weight,0.0
2017-03-28,Equal Weight,0.0
2017-03-29,Equal Weight,0.0
2017-03-30,Equal Weight,0.0
2017-03-31,Equal Weight,0.0
2017-04-03,Equal Weight,0.011293119568998145
2017-04-05,Equal Weight,0.0
2017-04-06,Equal Weight,0.0
2017-04-07,Equal Weight,0.0
2017-04-10,Equal Weight,0.0
2017-04-11,Equal Weight,0.0
2017-04-12,Equal Weight,0.0
2017-04-13,Equal Weight,0.0
2017-04-17,Equal Weight,0.0
2017-04-18,Equal Weight,0.0
2017-04-19,Equal Weight,0.0
2017-04-20,Equal Weight,0.0
2017-04-21,Equal Weight,0.0
2017-04-24,Equal Weight,0.0
2017-04-25,Equal Weight,0.0
2017-04-26,Equal Weight,0.0
2017-04-27,Equal Weight,0.0
2017-04-28,Equal Weight,0.0
2017-05-02,Equal Weight,0.0
2017-05-03,Equal Weight,0.0
2017-05-04,Equal Weight,0.0
2017-05-05,Equal Weight,0.002241458971161403
2017-05-08,Equal Weight,0.0
2017-05-09,Equal Weight,0.0
2017-05-10,Equal Weight,0.0
2017-05-11,Equal Weight,0.0
2017-05-12,Equal Weight,0.0
2017-05-15,Equal Weight,0.0
2017-05-16,Equal Weight,0.0
2017-05-17,Equal Weight,0.0
2017-05-18,Equal Weight,0.0
2017-05-19,Equal Weight,0.0
2017-05-22,Equal Weight,0.0
2017-05-23,Equal Weight,0.0
2017-05-24,Equal Weight,0.0
2017-05-25,Equal Weight,0.0
2017-05-26,Equal Weight,0.0
2017-05-29,Equal Weight,0.0
2017-05-30,Equal Weight,0.0
2017-05-31,Equal Weight,0.0
2017-06-01,Equal Weight,0.0
2017-06-02,Equal Weight,0.0
2017-06-05,Equal Weight,0.006370064668371034
2017-06-06,Equal Weight,0.0
2017-06-07,Equal Weight,0.0
2017-06-08,Equal Weight,0.0
2017-06-09,Equal Weight,0.0
2017-06-12,Equal Weight,0.0
2017-06-13,Equal Weight,0.0
2017-06-14,Equal Weight,0.0
2017-06-15,Equal Weight,0.0
2017-06-16,Equal Weight,0.0
2017-06-19,Equal Weight,0.0
2017-06-20,Equal Weight,0.0
2017-06-21,Equal Weight,0.0
2017-06-22,Equal Weight,0.0
2017-06-23,Equal Weight,0.0
2017-06-27,Equal Weight,0.0
2017-06-28,Equal Weight,0.0
2017-06-29,Equal Weight,0.0
2017-06-30,Equal Weight,0.0
2017-07-03,Equal Weight,0.0
2017-07-04,Equal Weight,0.0
2017-07-05,Equal Weight,0.009448662984745476
2017-07-06,Equal Weight,0.0
2017-07-07,Equal Weight,0.0
2017-07-10,Equal Weight,0.0
2017-07-11,Equal Weight,0.0
2017-07-12,Equal Weight,0.0
2017-07-13,Equal Weight,0.0
2017-07-14,Equal Weight,0.0
2017-07-17,Equal Weight,0.0
2017-07-18,Equal Weight,0.0
2017-07-19,Equal Weight,0.0
2017-07-20,Equal Weight,0.0
2017-07-21,Equal Weight,0.0
2017-07-24,Equal Weight,0.0
2017-07-25,Equal Weight,0.0
2017-07-26,Equal Weight,0.0
2017-07-27,Equal Weight,0.0
2017-07-28,Equal Weight,0.0
2017-07-31,Equal Weight,0.0
2017-08-01,Equal Weight,0.0
2017-08-02,Equal Weight,0.0
2017-08-03,Equal Weight,0.007605134638492245
2017-08-04,Equal Weight,0.0
2017-08-07,Equal Weight,0.0
2017-08-08,Equal Weight,0.0
2017-08-09,Equal Weight,0.0
2017-08-10,Equal Weight,0.0
2017-08-11,Equal Weight,0.0
2017-08-14,Equal Weight,0.0
2017-08-16,Equal Weight,0.0
2017-08-17,Equal Weight,0.0
2017-08-18,Equal Weight,0.0
2017-08-21,Equal Weight,0.0
2017-08-22,Equal Weight,0.0
2017-08-23,Equal Weight,0.0
2017-08-24,Equal Weight,0.0
2017-08-28,Equal Weight,0.0
2017-08-29,Equal Weight,0.0
2017-08-30,Equal Weight,0.0
2017-08-31,Equal Weight,0.0
2017-09-01,Equal Weight,0.0
2017-09-04,Equal Weight,0.0
2017-09-05,Equal Weight,0.013145988194381036
2017-09-06,Equal Weight,0.0
2017-09-07,Equal Weight,0.0
2017-09-08,Equal Weight,0.0
2017-09-11,Equal Weight,0.0
2017-09-12,Equal Weight,0.0
2017-09-13,Equal Weight,0.0
2017-09-14,Equal Weight,0.0
2017-09-15,Equal Weight,0.0
2017-09-18,Equal Weight,0.0
2017-09-19,Equal Weight,0.0
2017-09-20,Equal Weight,0.0
2017-09-21,Equal Weight,0.0
2017-09-22,Equal Weight,0.0
2017-09-25,Equal Weight,0.0
2017-09-26,Equal Weight,0.0
2017-09-27,Equal Weight,0.0
2017-09-28,Equal Weight,0.0
2017-09-29,Equal Weight,0.0
2017-10-03,Equal Weight,0.0
2017-10-04,Equal Weight,0.0
2017-10-05,Equal Weight,0.00434481151264135
2017-10-06,Equal Weight,0.0
2017-10-09,Equal Weight,0.0
2017-10-10,Equal Weight,0.0
2017-10-11,Equal Weight,0.0
2017-10-12,Equal Weight,0.0
2017-10-13,Equal Weight,0.0
2017-10-16,Equal Weight,0.0
2017-10-17,Equal Weight,0.0
2017-10-18,Equal Weight,0.0
2017-10-19,Equal Weight,0.0
2017-10-23,Equal Weight,0.0
2017-10-24,Equal Weight,0.0
2017-10-25,Equal Weight,0.0
2017-10-26,Equal Weight,0.0
2017-10-27,Equal Weight,0.0
2017-10-30,Equal Weight,0.0
2017-10-31,Equal Weight,0.0
2017-11-01,Equal Weight,0.0
2017-11-02,Equal Weight,0.0
2017-11-03,Equal Weight,0.0
2017-11-06,Equal Weight,0.013449749110662046
2017-11-07,Equal Weight,0.0
2017-11-08,Equal Weight,0.0
2017-11-09,Equal Weight,0.0
2017-11-10,Equal Weight,0.0
2017-11-13,Equal Weight,0.0
2017-11-14,Equal Weight,0.0
2017-11-15,Equal Weight,0.0
2017-11-16,Equal Weight,0.0
2017-11-17,Equal Weight,0.0
2017-11-20,Equal Weight,0.0
2017-11-21,Equal Weight,0.0
2017-11-22,Equal Weight,0.0
2017-11-23,Equal Weight,0.0
2017-11-24,Equal Weight,0.0
2017-11-27,Equal Weight,0.0
2017-11-28,Equal Weight,0.0
2017-11-29,Equal Weight,0.0
2017-11-30,Equal Weight,0.0
2017-12-01,Equal Weight,0.0
2017-12-04,Equal Weight,0.0
2017-12-05,Equal Weight,0.007611565468774589
2017-12-06,Equal Weight,0.0
2017-12-07,Equal Weight,0.0
2017-12-08,Equal Weight,0.0
2017-12-11,Equal Weight,0.0
2017-12-12,Equal Weight,0.0
2017-12-13,Equal Weight,0.0
2017-12-14,Equal Weight,0.0
2017-12-15,Equal Weight,0.0
2017-12-18,Equal Weight,0.0
2017-12-19,Equal Weight,0.0
2017-12-20,Equal Weight,0.0
2017-12-21,Equal Weight,0.0
2017-12-22,Equal Weight,0.0
2017-12-26,Equal Weight,0.0
2017-12-27,Equal Weight,0.0
2017-12-28,Equal Weight,0.0
2017-12-29,Equal Weight,0.0
2018-01-01,Equal Weight,0.0
2018-01-02,Equal Weight,0.0
2018-01-03,Equal Weight,0.0
2018-01-04,Equal Weight,0.0070599506086943264
2018-01-05,Equal Weight,0.0
2018-01-08,Equal Weight,0.0
2018-01-09,Equal Weight,0.0
2018-01-10,Equal Weight,0.0
2018-01-11,Equal Weight,0.0
2018-01-12,Equal Weight,0.0
2018-01-15,Equal Weight,0.0
2018-01-16,Equal Weight,0.0
2018-01-17,Equal Weight,0.0
2018-01-18,Equal Weight,0.0
2018-01-19,Equal Weight,0.0
2018-01-22,Equal Weight,0.0
2018-01-23,Equal Weight,0.0
2018-01-24,Equal Weight,0.0
2018-01-25,Equal Weight,0.0
2018-01-29,Equal Weight,0.0
2018-01-30,Equal Weight,0.0
2018-01-31,Equal Weight,0.0
2018-02-01,Equal Weight,0.0
2018-02-02,Equal Weight,0.0
2018-02-05,Equal Weight,0.0044873188592791935
2018-02-06,Equal Weight,0.0
2018-02-07,Equal Weight,0.0
2018-02-08,Equal Weight,0.0
2018-02-09,Equal Weight,0.0
2018-02-12,Equal Weight,0.0
2018-02-14,Equal Weight,0.0
2018-02-15,Equal Weight,0.0
2018-02-16,Equal Weight,0.0
2018-02-19,Equal Weight,0.0
2018-02-20,Equal Weight,0.0
2018-02-21,Equal Weight,0.0
2018-02-22,Equal Weight,0.0
2018-02-23,Equal Weight,0.0
2018-02-26,Equal Weight,0.0
2018-02-27,Equal Weight,0.0
2018-02-28,Equal Weight,0.0
2018-03-01,Equal Weight,0.0
2018-03-05,Equal Weight,0.0
2018-03-06,Equal Weight,0.0
2018-03-07,Equal Weight,0.0
2018-03-08,Equal Weight,0.009928959382808106
2018-03-09,Equal Weight,0.0
2018-03-12,Equal Weight,0.0
2018-03-13,Equal Weight,0.0
2018-03-14,Equal Weight,0.0
2018-03-15,Equal Weight,0.0
2018-03-16,Equal Weight,0.0
2018-03-19,Equal Weight,0.0
2018-03-20,Equal Weight,0.0
2018-03-21,Equal Weight,0.0
2018-03-22,Equal Weight,0.0
2018-03-23,Equal Weight,0.0
2018-03-26,Equal Weight,0.0
2018-03-27,Equal Weight,0.0
2018-03-28,Equal Weight,0.0
2018-04-02,Equal Weight,0.0
2018-04-03,Equal Weight,0.0
2018-04-04,Equal Weight,0.0
2018-04-05,Equal Weight,0.0
2018-04-06,Equal Weight,0.0
2018-04-09,Equal Weight,0.0
2018-04-10,Equal Weight,0.002343489421852335
2018-04-11,Equal Weight,0.0
2018-04-12,Equal Weight,0.0
2018-04-13,Equal Weight,0.0
2018-04-16,Equal Weight,0.0
2018-04-17,Equal Weight,0.0
2018-04-18,Equal Weight,0.0
2018-04-19,Equal Weight,0.0
2018-04-20,Equal Weight,0.0
2018-04-23,Equal Weight,0.0
2018-04-24,Equal Weight,0.0
2018-04-25,Equal Weight,0.0
2018-04-26,Equal Weight,0.0
2018-04-27,Equal Weight,0.0
2018-04-30,Equal Weight,0.0
2018-05-02,Equal Weight,0.0
2018-05-03,Equal Weight,0.0
2018-05-04,Equal Weight,0.0
2018-05-07,Equal Weight,0.0
2018-05-08,Equal Weight,0.0
2018-05-09,Equal Weight,0.0
2018-05-10,Equal Weight,0.005034637436084594
2018-05-11,Equal Weight,0.0
2018-05-14,Equal Weight,0.0
2018-05-15,Equal Weight,0.0
2018-05-16,Equal Weight,0.0
2018-05-17,Equal Weight,0.0
2018-05-18,Equal Weight,0.0
2018-05-21,Equal Weight,0.0
2018-05-22,Equal Weight,0.0
2018-05-23,Equal Weight,0.0
2018-05-24,Equal Weight,0.0
2018-05-25,Equal Weight,0.0
2018-05-28,Equal Weight,0.0
2018-05-29,Equal Weight,0.0
2018-05-30,Equal Weight,0.0
2018-05-31,Equal Weight,0.0
2018-06-01,Equal Weight,0.0
2018-06-04,Equal Weight,0.0
2018-06-05,Equal Weight,0.0
2018-06-06,Equal Weight,0.0
2018-06-07,Equal Weight,0.0
2018-06-08,Equal Weight,0.004203791027379361
2018-06-11,Equal Weight,0.0
2018-06-12,Equal Weight,0.0
2018-06-13,Equal Weight,0.0
2018-06-14,Equal Weight,0.0
2018-06-15,Equal Weight,0.0
2018-06-18,Equal Weight,0.0
2018-06-19,Equal Weight,0.0
2018-06-20,Equal Weight,0.0
2018-06-21,Equal Weight,0.0
2018-06-22,Equal Weight,0.0
2018-06-25,Equal Weight,0.0
2018-06-26,Equal Weight,0.0
2018-06-27,Equal Weight,0.0
2018-06-28,Equal Weight,0.0
2018-06-29,Equal Weight,0.0
2018-07-02,Equal Weight,0.0
2018-07-03,Equal Weight,0.0
2018-07-04,Equal Weight,0.0
2018-07-05,Equal Weight,0.0
2018-07-06,Equal Weight,0.0
2018-07-09,Equal Weight,0.004140283674157169
2018-07-10,Equal Weight,0.0
2018-07-11,Equal Weight,0.0
2018-07-12,Equal Weight,0.0
2018-07-13,Equal Weight,0.0
2018-07-16,Equal Weight,0.0
2018-07-17,Equal Weight,0.0
2018-07-18,Equal Weight,0.0
2018-07-19,Equal Weight,0.0
2018-07-20,Equal Weight,0.0
2018-07-23,Equal Weight,0.0
2018-07-24,Equal Weight,0.0
2018-07-25,Equal Weight,0.0
2018-07-26,Equal Weight,0.0
2018-07-27,Equal Weight,0.0
2018-07-30,Equal Weight,0.0
2018-07-31,Equal Weight,0.0
2018-08-01,Equal Weight,0.0
2018-08-02,Equal Weight,0.0
2018-08-03,Equal Weight,0.0
2018-08-06,Equal Weight,0.0
2018-08-07,Equal Weight,0.014455195575708096
2018-08-08,Equal Weight,0.0
2018-08-09,Equal Weight,0.0
2018-08-10,Equal Weight,0.0
2018-08-13,Equal Weight,0.0
2018-08-14,Equal Weight,0.0
2018-08-16,Equal Weight,0.0
2018-08-17,Equal Weight,0.0
2018-08-20,Equal Weight,0.0
2018-08-21,Equal Weight,0.0
2018-08-23,Equal Weight,0.0
2018-08-24,Equal Weight,0.0
2018-08-27,Equal Weight,0.0
2018-08-28,Equal Weight,0.0
2018-08-29,Equal Weight,0.0
2018-08-30,Equal Weight,0.0
2018-08-31,Equal Weight,0.0
2018-09-03,Equal Weight,0.0
2018-09-04,Equal Weight,0.0
2018-09-05,Equal Weight,0.0
2018-09-06,Equal Weight,0.0
2018-09-07,Equal Weight,0.004069971202547956
2018-09-10,Equal Weight,0.0
2018-09-11,Equal Weight,0.0
2018-09-12,Equal Weight,0.0
2018-09-14,Equal Weight,0.0
2018-09-17,Equal Weight,0.0
2018-09-18,Equal Weight,0.0
2018-09-19,Equal Weight,0.0
2018-09-21,Equal Weight,0.0
2018-09-24,Equal Weight,0.0
2018-09-25,Equal Weight,0.0
2018-09-26,Equal Weight,0.0
2018-09-27,Equal Weight,0.0
2018-09-28,Equal Weight,0.0
2018-10-01,Equal Weight,0.0
2018-10-03,Equal Weight,0.0
2018-10-04,Equal Weight,0.0
2018-10-05,Equal Weight,0.0
2018-10-08,Equal Weight,0.0
2018-10-09,Equal Weight,0.0
2018-10-10,Equal Weight,0.0
2018-10-11,Equal Weight,0.03077781508315347
2018-10-12,Equal Weight,0.0
2018-10-15,Equal Weight,0.0
2018-10-16,Equal Weight,0.0
2018-10-17,Equal Weight,0.0
2018-10-19,Equal Weight,0.0
2018-10-22,Equal Weight,0.0
2018-10-23,Equal Weight,0.0
2018-10-24,Equal Weight,0.0
2018-10-25,Equal Weight,0.0
2018-10-26,Equal Weight,0.0
2018-10-29,Equal Weight,0.0
2018-10-30,Equal Weight,0.0
2018-10-31,Equal Weight,0.0
2018-11-01,Equal Weight,0.0
2018-11-02,Equal Weight,0.0
2018-11-05,Equal Weight,0.0
2018-11-06,Equal Weight,0.0
2018-11-07,Equal Weight,0.0
2018-11-09,Equal Weight,0.0
2018-11-12,Equal Weight,0.0
2018-11-13,Equal Weight,0.00819324136225133
2018-11-14,Equal Weight,0.0
2018-11-15,Equal Weight,0.0
2018-11-16,Equal Weight,0.0
2018-11-19,Equal Weight,0.0
2018-11-20,Equal Weight,0.0
2018-11-21,Equal Weight,0.0
2018-11-22,Equal Weight,0.0
2018-11-26,Equal Weight,0.0
2018-11-27,Equal Weight,0.0
2018-11-28,Equal Weight,0.0
2018-11-29,Equal Weight,0.0
2018-11-30,Equal Weight,0.0
2018-12-03,Equal Weight,0.0
2018-12-04,Equal Weight,0.0
2018-12-05,Equal Weight,0.0
2018-12-06,Equal Weight,0.0
2018-12-07,Equal Weight,0.0
2018-12-10,Equal Weight,0.0
2018-12-11,Equal Weight,0.0
2018-12-12,Equal Weight,0.0
2018-12-13,Equal Weight,0.0030005857366308952
2018-12-14,Equal Weight,0.0
2018-12-17,Equal Weight,0.0
2018-12-18,Equal Weight,0.0
2018-12-19,Equal Weight,0.0
2018-12-20,Equal Weight,0.0
2018-12-21,Equal Weight,0.0
2018-12-24,Equal Weight,0.0
2018-12-26,Equal Weight,0.0
2018-12-27,Equal Weight,0.0
2018-12-28,Equal Weight,0.0
2018-12-31,Equal Weight,0.0
2019-01-01,Equal Weight,0.0
2019-01-02,Equal Weight,0.0
2019-01-03,Equal Weight,0.0
2019-01-04,Equal Weight,0.0
2019-01-07,Equal Weight,0.0
2019-01-08,Equal Weight,0.0
2019-01-09,Equal Weight,0.0
2019-01-10,Equal Weight,0.0
2019-01-11,Equal Weight,0.0
2019-01-14,Equal Weight,0.005505274746010008
2019-01-15,Equal Weight,0.0
2019-01-16,Equal Weight,0.0
2019-01-17,Equal Weight,0.0
2019-01-18,Equal Weight,0.0
2019-01-21,Equal Weight,0.0
2019-01-22,Equal Weight,0.0
2019-01-23,Equal Weight,0.0
2019-01-24,Equal Weight,0.0
2019-01-25,Equal Weight,0.0
2019-01-28,Equal Weight,0.0
2019-01-29,Equal Weight,0.0
2019-01-30,Equal Weight,0.0
2019-01-31,Equal Weight,0.0
2019-02-01,Equal Weight,0.0
2019-02-04,Equal Weight,0.0
2019-02-05,Equal Weight,0.0
2019-02-06,Equal Weight,0.0
2019-02-07,Equal Weight,0.0
2019-02-08,Equal Weight,0.0
2019-02-11,Equal Weight,0.0
2019-02-12,Equal Weight,0.0032258374300827564
2019-02-14,Equal Weight,0.0
2019-02-15,Equal Weight,0.0
2019-02-18,Equal Weight,0.0
2019-02-19,Equal Weight,0.0
2019-02-20,Equal Weight,0.0
2019-02-21,Equal Weight,0.0
2019-02-22,Equal Weight,0.0
2019-02-25,Equal Weight,0.0
2019-02-26,Equal Weight,0.0
2019-02-27,Equal Weight,0.0
2019-02-28,Equal Weight,0.0
2019-03-01,Equal Weight,0.0
2019-03-05,Equal Weight,0.0
2019-03-06,Equal Weight,0.0
2019-03-07,Equal Weight,0.0
2019-03-08,Equal Weight,0.0
2019-03-11,Equal Weight,0.0
2019-03-12,Equal Weight,0.0
2019-03-13,Equal Weight,0.0
2019-03-14,Equal Weight,0.0
2019-03-15,Equal Weight,0.014980868408081799
2019-03-18,Equal Weight,0.0
2019-03-19,Equal Weight,0.0
2019-03-20,Equal Weight,0.0
2019-03-22,Equal Weight,0.0
2019-03-25,Equal Weight,0.0
2019-03-26,Equal Weight,0.0
2019-03-27,Equal Weight,0.0
2019-03-28,Equal Weight,0.0
2019-04-01,Equal Weight,0.0
2019-04-02,Equal Weight,0.0
2019-04-03,Equal Weight,0.0
2019-04-04,Equal Weight,0.0
2019-04-05,Equal Weight,0.0
2019-04-08,Equal Weight,0.0
2019-04-09,Equal Weight,0.0
2019-04-10,Equal Weight,0.0
2019-04-11,Equal Weight,0.0
2019-04-12,Equal Weight,0.0
2019-04-15,Equal Weight,0.0
2019-04-16,Equal Weight,0.0
2019-04-18,Equal Weight,0.00755513976963379
2019-04-22,Equal Weight,0.0
2019-04-23,Equal Weight,0.0
2019-04-24,Equal Weight,0.0
2019-04-25,Equal Weight,0.0
2019-04-26,Equal Weight,0.0
2019-04-30,Equal Weight,0.0
2019-05-02,Equal Weight,0.0
2019-05-03,Equal Weight,0.0
2019-05-06,Equal Weight,0.0
2019-05-07,Equal Weight,0.0
2019-05-08,Equal Weight,0.0
2019-05-09,Equal Weight,0.0
2019-05-10,Equal Weight,0.0
2019-05-13,Equal Weight,0.0
2019-05-14,Equal Weight,0.0
2019-05-15,Equal Weight,0.0
2019-05-16,Equal Weight,0.0
2019-05-17,Equal Weight,0.0
2019-05-20,Equal Weight,0.0
2019-05-21,Equal Weight,0.0
2019-05-22,Equal Weight,0.000992517418471367
2019-05-23,Equal Weight,0.0
2019-05-24,Equal Weight,0.0
2019-05-27,Equal Weight,0.0
2019-05-28,Equal Weight,0.0
2019-05-29,Equal Weight,0.0
2019-05-30,Equal Weight,0.0
2019-05-31,Equal Weight,0.0
2019-06-03,Equal Weight,0.0
2019-06-04,Equal Weight,0.0
2019-06-06,Equal Weight,0.0
2019-06-07,Equal Weight,0.0
2019-06-10,Equal Weight,0.0
2019-06-11,Equal Weight,0.0
2019-06-12,Equal Weight,0.0
2019-06-13,Equal Weight,0.0
2019-06-14,Equal Weight,0.0
2019-06-17,Equal Weight,0.0
2019-06-18,Equal Weight,0.0
2019-06-19,Equal Weight,0.0
2019-06-20,Equal Weight,0.0
2019-06-21,Equal Weight,0.014324505589028896
2019-06-24,Equal Weight,0.0
2019-06-25,Equal Weight,0.0
2019-06-26,Equal Weight,0.0
2019-06-27,Equal Weight,0.0
2019-06-28,Equal Weight,0.0
2019-07-01,Equal Weight,0.0
2019-07-02,Equal Weight,0.0
2019-07-03,Equal Weight,0.0
2019-07-04,Equal Weight,0.0
2019-07-05,Equal Weight,0.0
2019-07-08,Equal Weight,0.0
2019-07-09,Equal Weight,0.0
2019-07-10,Equal Weight,0.0
2019-07-11,Equal Weight,0.0
2019-07-12,Equal Weight,0.0
2019-07-15,Equal Weight,0.0
2019-07-16,Equal Weight,0.0
2019-07-17,Equal Weight,0.0
2019-07-18,Equal Weight,0.0
2019-07-19,Equal Weight,0.0
2019-07-22,Equal Weight,0.01157289858707683
2019-07-23,Equal Weight,0.0
2019-07-24,Equal Weight,0.0
2019-07-25,Equal Weight,0.0
2019-07-26,Equal Weight,0.0
2019-07-29,Equal Weight,0.0
2019-07-30,Equal Weight,0.0
2019-07-31,Equal Weight,0.0
2019-08-01,Equal Weight,0.0
2019-08-02,Equal Weight,0.0
2019-08-05,Equal Weight,0.0
2019-08-06,Equal Weight,0.0
2019-08-07,Equal Weight,0.0
2019-08-08,Equal Weight,0.0
2019-08-09,Equal Weight,0.0
2019-08-13,Equal Weight,0.0
2019-08-14,Equal Weight,0.0
2019-08-16,Equal Weight,0.0
2019-08-19,Equal Weight,0.0
2019-08-20,Equal Weight,0.0
2019-08-21,Equal Weight,0.0
2019-08-22,Equal Weight,0.022207816731962843
2019-08-23,Equal Weight,0.0
2019-08-26,Equal Weight,0.0
2019-08-27,Equal Weight,0.0
2019-08-28,Equal Weight,0.0
2019-08-29,Equal Weight,0.0
2019-08-30,Equal Weight,0.0
2019-09-03,Equal Weight,0.0
2019-09-04,Equal Weight,0.0
2019-09-05,Equal Weight,0.0
2019-09-06,Equal Weight,0.0
2019-09-09,Equal Weight,0.0
2019-09-11,Equal Weight,0.0
2019-09-12,Equal Weight,0.0
2019-09-13,Equal Weight,0.0
2019-09-16,Equal Weight,0.0
2019-09-17,Equal Weight,0.0
2019-09-18,Equal Weight,0.0
2019-09-19,Equal Weight,0.0
2019-09-20,Equal Weight,0.0
2019-09-23,Equal Weight,0.0
2019-09-24,Equal Weight,0.017142795649306347
2019-09-25,Equal Weight,0.0
2019-09-26,Equal Weight,0.0
2019-09-27,Equal Weight,0.0
2019-09-30,Equal Weight,0.0
2019-10-01,Equal Weight,0.0
2019-10-03,Equal Weight,0.0
2019-10-04,Equal Weight,0.0
2019-10-07,Equal Weight,0.0
2019-10-09,Equal Weight,0.0
2019-10-10,Equal Weight,0.0
2019-10-11,Equal Weight,0.0
2019-10-14,Equal Weight,0.0
2019-10-15,Equal Weight,0.0
2019-10-16,Equal Weight,0.0
2019-10-17,Equal Weight,0.0
2019-10-18,Equal Weight,0.0
2019-10-22,Equal Weight,0.0
2019-10-23,Equal Weight,0.0
2019-10-24,Equal Weight,0.0
2019-10-25,Equal Weight,0.0
2019-10-27,Equal Weight,0.006678753761766354
2019-10-29,Equal Weight,0.0
2019-10-30,Equal Weight,0.0
2019-10-31,Equal Weight,0.0
2019-11-01,Equal Weight,0.0
2019-11-04,Equal Weight,0.0
2019-11-05,Equal Weight,0.0
2019-11-06,Equal Weight,0.0
2019-11-07,Equal Weight,0.0
2019-11-08,Equal Weight,0.0
2019-11-11,Equal Weight,0.0
2019-11-13,Equal Weight,0.0
2019-11-14,Equal Weight,0.0
2019-11-15,Equal Weight,0.0
2019-11-18,Equal Weight,0.0
2019-11-19,Equal Weight,0.0
2019-11-20,Equal Weight,0.0
2019-11-21,Equal Weight,0.0
2019-11-22,Equal Weight,0.0
2019-11-25,Equal Weight,0.0
2019-11-26,Equal Weight,0.0
2019-11-27,Equal Weight,0.012297717553041904
2019-11-28,Equal Weight,0.0
2019-11-29,Equal Weight,0.0
2019-12-02,Equal Weight,0.0
2019-12-03,Equal Weight,0.0
2019-12-04,Equal Weight,0.0
2019-12-05,Equal Weight,0.0
2019-12-06,Equal Weight,0.0
2019-12-09,Equal Weight,0.0
2019-12-10,Equal Weight,0.0
2019-12-11,Equal Weight,0.0
2019-12-12,Equal Weight,0.0
2019-12-13,Equal Weight,0.0
2019-12-16,Equal Weight,0.0
2019-12-17,Equal Weight,0.0
2019-12-18,Equal Weight,0.0
2019-12-19,Equal Weight,0.0
2019-12-20,Equal Weight,0.0
2019-12-23,Equal Weight,0.0
2019-12-24,Equal Weight,0.0
2019-12-26,Equal Weight,0.0
2019-12-27,Equal Weight,0.004098457117804016
2019-12-30,Equal Weight,0.0
2019-12-31,Equal Weight,0.0
2020-01-01,Equal Weight,0.0
2020-01-02,Equal Weight,0.0
2020-01-03,Equal Weight,0.0
2020-01-06,Equal Weight,0.0
2020-01-07,Equal Weight,0.0
2020-01-08,Equal Weight,0.0
2020-01-09,Equal Weight,0.0
2020-01-10,Equal Weight,0.0
2020-01-13,Equal Weight,0.0
2020-01-14,Equal Weight,0.0
2020-01-15,Equal Weight,0.0
2020-01-16,Equal Weight,0.0
2020-01-17,Equal Weight,0.0
2020-01-20,Equal Weight,0.0
2020-01-21,Equal Weight,0.0
2020-01-22,Equal Weight,0.0
2020-01-23,Equal Weight,0.0
2020-01-24,Equal Weight,0.0
2020-01-27,Equal Weight,0.011756530137738419
2020-01-28,Equal Weight,0.0
2020-01-29,Equal Weight,0.0
2020-01-30,Equal Weight,0.0
2020-01-31,Equal Weight,0.0
2020-02-03,Equal Weight,0.0
2020-02-04,Equal Weight,0.0
2020-02-05,Equal Weight,0.0
2020-02-06,Equal Weight,0.0
2020-02-07,Equal Weight,0.0
2020-02-10,Equal Weight,0.0
2020-02-11,Equal Weight,0.0
2020-02-12,Equal Weight,0.0
2020-02-13,Equal Weight,0.0
2020-02-14,Equal Weight,0.0
2020-02-17,Equal Weight,0.0
2020-02-18,Equal Weight,0.0
2020-02-19,Equal Weight,0.0
2020-02-20,Equal Weight,0.0
2020-02-24,Equal Weight,0.0
2020-02-25,Equal Weight,0.0
2020-02-26,Equal Weight,0.014055474547234659
2020-02-27,Equal Weight,0.0
2020-02-28,Equal Weight,0.0
2020-03-02,Equal Weight,0.0
2020-03-03,Equal Weight,0.0
2020-03-04,Equal Weight,0.0
2020-03-05,Equal Weight,0.0
2020-03-06,Equal Weight,0.0
2020-03-09,Equal Weight,0.0
2020-03-11,Equal Weight,0.0
2020-03-12,Equal Weight,0.0
2020-03-13,Equal Weight,0.0
2020-03-16,Equal Weight,0.0
2020-03-17,Equal Weight,0.0
2020-03-18,Equal Weight,0.0
2020-03-19,Equal Weight,0.0
2020-03-20,Equal Weight,0.0
2020-03-23,Equal Weight,0.0
2020-03-24,Equal Weight,0.0
2020-03-25,Equal Weight,0.0
2020-03-26,Equal Weight,0.0
2020-03-27,Equal Weight,0.06474981928984805
2020-03-30,Equal Weight,0.0
2020-03-31,Equal Weight,0.0
2020-04-01,Equal Weight,0.0
2020-04-03,Equal Weight,0.0
2020-04-07,Equal Weight,0.0
2020-04-08,Equal Weight,0.0
2020-04-09,Equal Weight,0.0
2020-04-13,Equal Weight,0.0
2020-04-15,Equal Weight,0.0
2020-04-16,Equal Weight,0.0
2020-04-17,Equal Weight,0.0
2020-04-20,Equal Weight,0.0
2020-04-21,Equal Weight,0.0
2020-04-22,Equal Weight,0.0
2020-04-23,Equal Weight,0.0
2020-04-24,Equal Weight,0.0
2020-04-27,Equal Weight,0.0
2020-04-28,Equal Weight,0.0
2020-04-29,Equal Weight,0.0
2020-04-30,Equal Weight,0.0
2020-05-04,Equal Weight,0.019438133409940217
2020-05-05,Equal Weight,0.0
2020-05-06,Equal Weight,0.0
2020-05-07,Equal Weight,0.0
2020-05-08,Equal Weight,0.0
2020-05-11,Equal Weight,0.0
2020-05-12,Equal Weight,0.0
2020-05-13,Equal Weight,0.0
2020-05-14,Equal Weight,0.0
2020-05-15,Equal Weight,0.0
2020-05-18,Equal Weight,0.0
2020-05-19,Equal Weight,0.0
2020-05-20,Equal Weight,0.0
2020-05-21,Equal Weight,0.0
2020-05-22,Equal Weight,0.0
2020-05-26,Equal Weight,0.0
2020-05-27,Equal Weight,0.0
2020-05-28,Equal Weight,0.0
2020-05-29,Equal Weight,0.0
2020-06-01,Equal Weight,0.0
2020-06-02,Equal Weight,0.0
2020-06-03,Equal Weight,0.02266104342669445
2020-06-04,Equal Weight,0.0
2020-06-05,Equal Weight,0.0
2020-06-08,Equal Weight,0.0
2020-06-09,Equal Weight,0.0
2020-06-10,Equal Weight,0.0
2020-06-11,Equal Weight,0.0
2020-06-12,Equal Weight,0.0
2020-06-15,Equal Weight,0.0
2020-06-16,Equal Weight,0.0
2020-06-17,Equal Weight,0.0
2020-06-18,Equal Weight,0.0
2020-06-19,Equal Weight,0.0
2020-06-22,Equal Weight,0.0
2020-06-23,Equal Weight,0.0
2020-06-24,Equal Weight,0.0
2020-06-25,Equal Weight,0.0
2020-06-26,Equal Weight,0.0
2020-06-29,Equal Weight,0.0
2020-06-30,Equal Weight,0.0
2020-07-01,Equal Weight,0.0
2020-07-02,Equal Weight,0.008459157722102179
2020-07-03,Equal Weight,0.0
2020-07-06,Equal Weight,0.0
2020-07-07,Equal Weight,0.0
2020-07-08,Equal Weight,0.0
2020-07-09,Equal Weight,0.0
2020-07-10,Equal Weight,0.0
2020-07-13,Equal Weight,0.0
2020-07-14,Equal Weight,0.0
2020-07-15,Equal Weight,0.0
2020-07-16,Equal Weight,0.0
2020-07-17,Equal Weight,0.0
2020-07-20,Equal Weight,0.0
2020-07-21,Equal Weight,0.0
2020-07-22,Equal Weight,0.0
2020-07-23,Equal Weight,0.0
2020-07-24,Equal Weight,0.0
2020-07-27,Equal Weight,0.0
2020-07-28,Equal Weight,0.0
2020-07-29,Equal Weight,0.0
2020-07-30,Equal Weight,0.0
2020-07-31,Equal Weight,0.01899525120080589
2020-08-03,Equal Weight,0.0
2020-08-04,Equal Weight,0.0
2020-08-05,Equal Weight,0.0
2020-08-06,Equal Weight,0.0
2020-08-07,Equal Weight,0.0
2020-08-10,Equal Weight,0.0
2020-08-11,Equal Weight,0.0
2020-08-12,Equal Weight,0.0
2020-08-13,Equal Weight,0.0
2020-08-14,Equal Weight,0.0
2020-08-17,Equal Weight,0.0
2020-08-18,Equal Weight,0.0
2020-08-19,Equal Weight,0.0
2020-08-20,Equal Weight,0.0
2020-08-21,Equal Weight,0.0
2020-08-24,Equal Weight,0.0
2020-08-25,Equal Weight,0.0
2020-08-26,Equal Weight,0.0
2020-08-27,Equal Weight,0.0
2020-08-28,Equal Weight,0.0
2020-08-31,Equal Weight,0.011854410033550006
2020-09-01,Equal Weight,0.0
2020-09-02,Equal Weight,0.0
2020-09-03,Equal Weight,0.0
2020-09-04,Equal Weight,0.0
2020-09-07,Equal Weight,0.0
2020-09-08,Equal Weight,0.0
2020-09-09,Equal Weight,0.0
2020-09-10,Equal Weight,0.0
2020-09-11,Equal Weight,0.0
2020-09-14,Equal Weight,0.0
2020-09-15,Equal Weight,0.0
2020-09-16,Equal Weight,0.0
2020-09-17,Equal Weight,0.0
2020-09-18,Equal Weight,0.0
2020-09-21,Equal Weight,0.0
2020-09-22,Equal Weight,0.0
2020-09-23,Equal Weight,0.0
2020-09-24,Equal Weight,0.0
2020-09-25,Equal Weight,0.0
2020-09-28,Equal Weight,0.0
2020-09-29,Equal Weight,0.0045894908448366745
2020-09-30,Equal Weight,0.0
2020-10-01,Equal Weight,0.0
2020-10-05,Equal Weight,0.0
2020-10-06,Equal Weight,0.0
2020-10-07,Equal Weight,0.0
2020-10-08,Equal Weight,0.0
2020-10-09,Equal Weight,0.0
2020-10-12,Equal Weight,0.0
2020-10-13,Equal Weight,0.0
2020-10-14,Equal Weight,0.0
2020-10-15,Equal Weight,0.0
2020-10-16,Equal Weight,0.0
2020-10-19,Equal Weight,0.0
2020-10-20,Equal Weight,0.0
2020-10-21,Equal Weight,0.0
2020-10-22,Equal Weight,0.0
2020-10-23,Equal Weight,0.0
2020-10-26,Equal Weight,0.0
2020-10-27,Equal Weight,0.0
2020-10-28,Equal Weight,0.0
2020-10-29,Equal Weight,0.00782030337230083
2020-10-30,Equal Weight,0.0
2020-11-02,Equal Weight,0.0
2020-11-03,Equal Weight,0.0
2020-11-04,Equal Weight,0.0
2020-11-05,Equal Weight,0.0
2020-11-06,Equal Weight,0.0
2020-11-09,Equal Weight,0.0
2020-11-10,Equal Weight,0.0
2020-11-11,Equal Weight,0.0
2020-11-12,Equal Weight,0.0
2020-11-13,Equal Weight,0.0
2020-11-14,Equal Weight,0.0
2020-11-17,Equal Weight,0.0
2020-11-18,Equal Weight,0.0
2020-11-19,Equal Weight,0.0
2020-11-20,Equal Weight,0.0
2020-11-23,Equal Weight,0.0
2020-11-24,Equal Weight,0.0
2020-11-25,Equal Weight,0.0
2020-11-26,Equal Weight,0.0
2020-11-27,Equal Weight,0.027564225617418975
2020-12-01,Equal Weight,0.0
2020-12-02,Equal Weight,0.0
2020-12-03,Equal Weight,0.0
2020-12-04,Equal Weight,0.0
2020-12-07,Equal Weight,0.0
2020-12-08,Equal Weight,0.0
2020-12-09,Equal Weight,0.0
2020-12-10,Equal Weight,0.0
2020-12-11,Equal Weight,0.0
2020-12-14,Equal Weight,0.0
2020-12-15,Equal Weight,0.0
2020-12-16,Equal Weight,0.0
2020-12-17,Equal Weight,0.0
2020-12-18,Equal Weight,0.0
2020-12-21,Equal Weight,0.0
2020-12-22,Equal Weight,0.0
2020-12-23,Equal Weight,0.0
2020-12-24,Equal Weight,0.0
2020-12-28,Equal Weight,0.0
2020-12-29,Equal Weight,0.0
2020-12-30,Equal Weight,0.014962677065060215
2020-12-31,Equal Weight,0.0
2021-01-01,Equal Weight,0.0
2021-01-04,Equal Weight,0.0
2021-01-05,Equal Weight,0.0
2021-01-06,Equal Weight,0.0
2021-01-07,Equal Weight,0.0
2021-01-08,Equal Weight,0.0
2021-01-11,Equal Weight,0.0
2021-01-12,Equal Weight,0.0
2021-01-13,Equal Weight,0.0
2021-01-14,Equal Weight,0.0
2021-01-15,Equal Weight,0.0
2021-01-18,Equal Weight,0.0
2021-01-19,Equal Weight,0.0
2021-01-20,Equal Weight,0.0
2021-01-21,Equal Weight,0.0
2021-01-22,Equal Weight,0.0
2021-01-25,Equal Weight,0.0
2021-01-27,Equal Weight,0.0
2021-01-28,Equal Weight,0.0
2021-01-29,Equal Weight,0.0060549305951849985
2021-02-01,Equal Weight,0.0
2021-02-02,Equal Weight,0.0
2021-02-03,Equal Weight,0.0
2021-02-04,Equal Weight,0.0
2021-02-05,Equal Weight,0.0
2021-02-08,Equal Weight,0.0
2021-02-09,Equal Weight,0.0
2021-02-10,Equal Weight,0.0
2021-02-11,Equal Weight,0.0
2021-02-12,Equal Weight,0.0
2021-02-15,Equal Weight,0.0
2021-02-16,Equal Weight,0.0
2021-02-17,Equal Weight,0.0
2021-02-18,Equal Weight,0.0
2021-02-19,Equal Weight,0.0
2021-02-22,Equal Weight,0.0
2021-02-23,Equal Weight,0.0
2021-02-24,Equal Weight,0.0
2021-02-25,Equal Weight,0.0
2021-02-26,Equal Weight,0.0
2021-03-01,Equal Weight,0.024997983250255762
2021-03-02,Equal Weight,0.0
2021-03-03,Equal Weight,0.0
2021-03-04,Equal Weight,0.0
2021-03-05,Equal Weight,0.0
2021-03-08,Equal Weight,0.0
2021-03-09,Equal Weight,0.0
2021-03-10,Equal Weight,0.0
2021-03-12,Equal Weight,0.0
2021-03-15,Equal Weight,0.0
2021-03-16,Equal Weight,0.0
2021-03-17,Equal Weight,0.0
2021-03-18,Equal Weight,0.0
2021-03-19,Equal Weight,0.0
2021-03-22,Equal Weight,0.0
2021-03-23,Equal Weight,0.0
2021-03-24,Equal Weight,0.0
2021-03-25,Equal Weight,0.0
2021-03-26,Equal Weight,0.0
2021-03-30,Equal Weight,0.0
2021-03-31,Equal Weight,0.0
2021-04-01,Equal Weight,0.005840045861098431
2021-04-05,Equal Weight,0.0
2021-04-06,Equal Weight,0.0
2021-04-07,Equal Weight,0.0
2021-04-08,Equal Weight,0.0
2021-04-09,Equal Weight,0.0
2021-04-12,Equal Weight,0.0
2021-04-13,Equal Weight,0.0
2021-04-15,Equal Weight,0.0
2021-04-16,Equal Weight,0.0
2021-04-19,Equal Weight,0.0
2021-04-20,Equal Weight,0.0
2021-04-22,Equal Weight,0.0
2021-04-23,Equal Weight,0.0
2021-04-26,Equal Weight,0.0
2021-04-27,Equal Weight,0.0
2021-04-28,Equal Weight,0.0
2021-04-29,Equal Weight,0.0
2021-04-30,Equal Weight,0.0
2021-05-03,Equal Weight,0.0
2021-05-04,Equal Weight,0.0
2021-05-05,Equal Weight,0.00970340528022881
2021-05-06,Equal Weight,0.0
2021-05-07,Equal Weight,0.0
2021-05-10,Equal Weight,0.0
2021-05-11,Equal Weight,0.0
2021-05-12,Equal Weight,0.0
2021-05-14,Equal Weight,0.0
2021-05-17,Equal Weight,0.0
2021-05-18,Equal Weight,0.0
2021-05-19,Equal Weight,0.0
2021-05-20,Equal Weight,0.0
2021-05-21,Equal Weight,0.0
2021-05-24,Equal Weight,0.0
2021-05-25,Equal Weight,0.0
2021-05-26,Equal Weight,0.0
2021-05-27,Equal Weight,0.0
2021-05-28,Equal Weight,0.0
2021-05-31,Equal Weight,0.0
2021-06-01,Equal Weight,0.0
2021-06-02,Equal Weight,0.0
2021-06-03,Equal Weight,0.0
2021-06-04,Equal Weight,0.011525313742622945
2021-06-07,Equal Weight,0.0
2021-06-08,Equal Weight,0.0
2021-06-09,Equal Weight,0.0
2021-06-10,Equal Weight,0.0
2021-06-11,Equal Weight,0.0
2021-06-14,Equal Weight,0.0
2021-06-15,Equal Weight,0.0
2021-06-16,Equal Weight,0.0
2021-06-17,Equal Weight,0.0
2021-06-18,Equal Weight,0.0
2021-06-21,Equal Weight,0.0
2021-06-22,Equal Weight,0.0
2021-06-23,Equal Weight,0.0
2021-06-24,Equal Weight,0.0
2021-06-25,Equal Weight,0.0
2021-06-28,Equal Weight,0.0
2021-06-29,Equal Weight,0.0
2021-06-30,Equal Weight,0.0
2021-07-01,Equal Weight,0.0
2021-07-02,Equal Weight,0.0
2021-07-05,Equal Weight,0.006273219434045685
2021-07-06,Equal Weight,0.0
2021-07-07,Equal Weight,0.0
2021-07-08,Equal Weight,0.0
2021-07-09,Equal Weight,0.0
2021-07-12,Equal Weight,0.0
2021-07-13,Equal Weight,0.0
2021-07-14,Equal Weight,0.0
2021-07-15,Equal Weight,0.0
2021-07-16,Equal Weight,0.0
2021-07-19,Equal Weight,0.0
2021-07-20,Equal Weight,0.0
2021-07-22,Equal Weight,0.0
2021-07-23,Equal Weight,0.0
2021-07-26,Equal Weight,0.0
2021-07-27,Equal Weight,0.0
2021-07-28,Equal Weight,0.0
2021-07-29,Equal Weight,0.0
2021-07-30,Equal Weight,0.0
2021-08-02,Equal Weight,0.0
2021-08-03,Equal Weight,0.0
2021-08-04,Equal Weight,0.0048354307039002176
2021-08-05,Equal Weight,0.0
2021-08-06,Equal Weight,0.0
2021-08-09,Equal Weight,0.0
2021-08-10,Equal Weight,0.0
2021-08-11,Equal Weight,0.0
2021-08-12,Equal Weight,0.0
2021-08-13,Equal Weight,0.0
2021-08-16,Equal Weight,0.0
2021-08-17,Equal Weight,0.0
2021-08-18,Equal Weight,0.0
2021-08-20,Equal Weight,0.0
2021-08-23,Equal Weight,0.0
2021-08-24,Equal Weight,0.0
2021-08-25,Equal Weight,0.0
2021-08-26,Equal Weight,0.0
2021-08-27,Equal Weight,0.0
2021-08-30,Equal Weight,0.0
2021-08-31,Equal Weight,0.0
2021-09-01,Equal Weight,0.0
2021-09-02,Equal Weight,0.0
2021-09-03,Equal Weight,0.01568538987697618
2021-09-06,Equal Weight,0.0
2021-09-07,Equal Weight,0.0
2021-09-08,Equal Weight,0.0
2021-09-09,Equal Weight,0.0
2021-09-13,Equal Weight,0.0
2021-09-14,Equal Weight,0.0
2021-09-15,Equal Weight,0.0
2021-09-16,Equal Weight,0.0
2021-09-17,Equal Weight,0.0
2021-09-20,Equal Weight,0.0
2021-09-21,Equal Weight,0.0
2021-09-22,Equal Weight,0.0
2021-09-23,Equal Weight,0.0
2021-09-24,Equal Weight,0.0
2021-09-27,Equal Weight,0.0
2021-09-28,Equal Weight,0.0
2021-09-29,Equal Weight,0.0
2021-09-30,Equal Weight,0.0
2021-10-01,Equal Weight,0.0
2021-10-04,Equal Weight,0.0
2021-10-05,Equal Weight,0.007725983546591042
2021-10-06,Equal Weight,0.0
2021-10-07,Equal Weight,0.0
2021-10-08,Equal Weight,0.0
2021-10-11,Equal Weight,0.0
2021-10-12,Equal Weight,0.0
2021-10-13,Equal Weight,0.0
2021-10-14,Equal Weight,0.0
2021-10-18,Equal Weight,0.0
2021-10-19,Equal Weight,0.0
2021-10-20,Equal Weight,0.0
2021-10-21,Equal Weight,0.0
2021-10-22,Equal Weight,0.0
2021-10-25,Equal Weight,0.0
2021-10-26,Equal Weight,0.0
2021-10-27,Equal Weight,0.0
2021-10-28,Equal Weight,0.0
2021-10-29,Equal Weight,0.0
2021-11-01,Equal Weight,0.0
2021-11-02,Equal Weight,0.0
2021-11-03,Equal Weight,0.0
2021-11-04,Equal Weight,0.004679007286194109
2021-11-08,Equal Weight,0.0
2021-11-09,Equal Weight,0.0
2021-11-10,Equal Weight,0.0
2021-11-11,Equal Weight,0.0
2021-11-12,Equal Weight,0.0
2021-11-15,Equal Weight,0.0
2021-11-16,Equal Weight,0.0
2021-11-17,Equal Weight,0.0
2021-11-18,Equal Weight,0.0
2021-11-22,Equal Weight,0.0
2021-11-23,Equal Weight,0.0
2021-11-24,Equal Weight,0.0
2021-11-25,Equal Weight,0.0
2021-11-26,Equal Weight,0.0
2021-11-29,Equal Weight,0.0
2021-11-30,Equal Weight,0.0
2021-12-01,Equal Weight,0.0
2021-12-02,Equal Weight,0.0
2021-12-03,Equal Weight,0.0
2021-12-06,Equal Weight,0.0
2021-12-07,Equal Weight,0.009167848175732463
2021-12-08,Equal Weight,0.0
2021-12-09,Equal Weight,0.0
2021-12-10,Equal Weight,0.0
2021-12-13,Equal Weight,0.0
2021-12-14,Equal Weight,0.0
2021-12-15,Equal Weight,0.0
2021-12-16,Equal Weight,0.0
2021-12-17,Equal Weight,0.0
2021-12-20,Equal Weight,0.0
2021-12-21,Equal Weight,0.0
2021-12-22,Equal Weight,0.0
2021-12-23,Equal Weight,0.0
2021-12-24,Equal Weight,0.0
2021-12-27,Equal Weight,0.0
2021-12-28,Equal Weight,0.0
2021-12-29,Equal Weight,0.0
2021-12-30,Equal Weight,0.0
2021-12-31,Equal Weight,0.0
2022-01-03,Equal Weight,0.0
2022-01-04,Equal Weight,0.0
2022-01-05,Equal Weight,0.008391930502593875
2022-01-06,Equal Weight,0.0
2022-01-07,Equal Weight,0.0
2022-01-10,Equal Weight,0.0
2022-01-11,Equal Weight,0.0
2022-01-12,Equal Weight,0.0
2022-01-13,Equal Weight,0.0
2022-01-14,Equal Weight,0.0
2022-01-17,Equal Weight,0.0
2022-01-18,Equal Weight,0.0
2022-01-19,Equal Weight,0.0
2022-01-20,Equal Weight,0.0
2022-01-21,Equal Weight,0.0
2022-01-24,Equal Weight,0.0
2022-01-25,Equal Weight,0.0
2022-01-27,Equal Weight,0.0
2022-01-28,Equal Weight,0.0
2022-01-31,Equal Weight,0.0
2022-02-01,Equal Weight,0.0
2022-02-02,Equal Weight,0.0
2022-02-03,Equal Weight,0.0
2022-02-04,Equal Weight,0.005478988738936347
2022-02-07,Equal Weight,0.0
2022-02-08,Equal Weight,0.0
2022-02-09,Equal Weight,0.0
2022-02-10,Equal Weight,0.0
2022-02-11,Equal Weight,0.0
2022-02-14,Equal Weight,0.0
2022-02-15,Equal Weight,0.0
2022-02-16,Equal Weight,0.0
2022-02-17,Equal Weight,0.0
2022-02-18,Equal Weight,0.0
2022-02-21,Equal Weight,0.0
2022-02-22,Equal Weight,0.0
2022-02-23,Equal Weight,0.0
2022-02-24,Equal Weight,0.0
2022-02-25,Equal Weight,0.0
2022-02-28,Equal Weight,0.0
2022-03-02,Equal Weight,0.0
2022-03-03,Equal Weight,0.0
2022-03-04,Equal Weight,0.0
2022-03-07,Equal Weight,0.0
2022-03-08,Equal Weight,0.03245801289615258
2022-03-09,Equal Weight,0.0
2022-03-10,Equal Weight,0.0
2022-03-11,Equal Weight,0.0
2022-03-14,Equal Weight,0.0
2022-03-15,Equal Weight,0.0
2022-03-16,Equal Weight,0.0
2022-03-17,Equal Weight,0.0
2022-03-21,Equal Weight,0.0
2022-03-22,Equal Weight,0.0
2022-03-23,Equal Weight,0.0
2022-03-24,Equal Weight,0.0
2022-03-25,Equal Weight,0.0
2022-03-28,Equal Weight,0.0
2022-03-29,Equal Weight,0.0
2022-03-30,Equal Weight,0.0
2022-03-31,Equal Weight,0.0
2022-04-01,Equal Weight,0.0
2022-04-04,Equal Weight,0.0
2022-04-05,Equal Weight,0.0
2022-04-06,Equal Weight,0.0
2022-04-07,Equal Weight,0.02480221563269111
2022-04-08,Equal Weight,0.0
2022-04-11,Equal Weight,0.0
2022-04-12,Equal Weight,0.0
2022-04-13,Equal Weight,0.0
2022-04-18,Equal Weight,0.0
2022-04-19,Equal Weight,0.0
2022-04-20,Equal Weight,0.0
2022-04-21,Equal Weight,0.0
2022-04-22,Equal Weight,0.0
2022-04-25,Equal Weight,0.0
2022-04-26,Equal Weight,0.0
2022-04-27,Equal Weight,0.0
2022-04-28,Equal Weight,0.0
2022-04-29,Equal Weight,0.0
2022-05-02,Equal Weight,0.0
2022-05-04,Equal Weight,0.0
2022-05-05,Equal Weight,0.0
2022-05-06,Equal Weight,0.0
2022-05-09,Equal Weight,0.0
2022-05-10,Equal Weight,0.0
2022-05-11,Equal Weight,0.017911000844760466
2022-05-12,Equal Weight,0.0
2022-05-13,Equal Weight,0.0
2022-05-16,Equal Weight,0.0
2022-05-17,Equal Weight,0.0
2022-05-18,Equal Weight,0.0
2022-05-19,Equal Weight,0.0
2022-05-20,Equal Weight,0.0
2022-05-23,Equal Weight,0.0
2022-05-24,Equal Weight,0.0
2022-05-25,Equal Weight,0.0
2022-05-26,Equal Weight,0.0
2022-05-27,Equal Weight,0.0
2022-05-30,Equal Weight,0.0
2022-05-31,Equal Weight,0.0
2022-06-01,Equal Weight,0.0
2022-06-02,Equal Weight,0.0
2022-06-03,Equal Weight,0.0
2022-06-06,Equal Weight,0.0
2022-06-07,Equal Weight,0.0
2022-06-08,Equal Weight,0.0
2022-06-09,Equal Weight,0.004214954197682974
2022-06-10,Equal Weight,0.0
2022-06-13,Equal Weight,0.0
2022-06-14,Equal Weight,0.0
2022-06-15,Equal Weight,0.0
2022-06-16,Equal Weight,0.0
2022-06-17,Equal Weight,0.0
2022-06-20,Equal Weight,0.0
2022-06-21,Equal Weight,0.0
2022-06-22,Equal Weight,0.0
2022-06-23,Equal Weight,0.0
2022-06-24,Equal Weight,0.0
2022-06-27,Equal Weight,0.0
2022-06-28,Equal Weight,0.0
2022-06-29,Equal Weight,0.0
2022-06-30,Equal Weight,0.0
2022-07-01,Equal Weight,0.0
2022-07-04,Equal Weight,0.0
2022-07-05,Equal Weight,0.0
2022-07-06,Equal Weight,0.0
2022-07-07,Equal Weight,0.0
2022-07-08,Equal Weight,0.0033238058827514683
2022-07-11,Equal Weight,0.0
2022-07-12,Equal Weight,0.0
2022-07-13,Equal Weight,0.0
2022-07-14,Equal Weight,0.0
2022-07-15,Equal Weight,0.0
2022-07-18,Equal Weight,0.0
2022-07-19,Equal Weight,0.0
2022-07-20,Equal Weight,0.0
2022-07-21,Equal Weight,0.0
2022-07-22,Equal Weight,0.0
2022-07-25,Equal Weight,0.0
2022-07-26,Equal Weight,0.0
2022-07-27,Equal Weight,0.0
2022-07-28,Equal Weight,0.0
2022-07-29,Equal Weight,0.0
2022-08-01,Equal Weight,0.0
2022-08-02,Equal Weight,0.0
2022-08-03,Equal Weight,0.0
2022-08-04,Equal Weight,0.0
2022-08-05,Equal Weight,0.0
2022-08-08,Equal Weight,0.014306704152045241
2022-08-10,Equal Weight,0.0
2022-08-11,Equal Weight,0.0
2022-08-12,Equal Weight,0.0
2022-08-16,Equal Weight,0.0
2022-08-17,Equal Weight,0.0
2022-08-18,Equal Weight,0.0
2022-08-19,Equal Weight,0.0
2022-08-22,Equal Weight,0.0
2022-08-23,Equal Weight,0.0
2022-08-24,Equal Weight,0.0
2022-08-25,Equal Weight,0.0
2022-08-26,Equal Weight,0.0
2022-08-29,Equal Weight,0.0
2022-08-30,Equal Weight,0.0
2022-09-01,Equal Weight,0.0
2022-09-02,Equal Weight,0.0
2022-09-05,Equal Weight,0.0
2022-09-06,Equal Weight,0.0
2022-09-07,Equal Weight,0.0
2022-09-08,Equal Weight,0.0
2022-09-09,Equal Weight,0.0071548786499466555
2022-09-12,Equal Weight,0.0
2022-09-13,Equal Weight,0.0
2022-09-14,Equal Weight,0.0
2022-09-15,Equal Weight,0.0
2022-09-16,Equal Weight,0.0
2022-09-19,Equal Weight,0.0
2022-09-20,Equal Weight,0.0
2022-09-21,Equal Weight,0.0
2022-09-22,Equal Weight,0.0
2022-09-23,Equal Weight,0.0
2022-09-26,Equal Weight,0.0
2022-09-27,Equal Weight,0.0
2022-09-28,Equal Weight,0.0
2022-09-29,Equal Weight,0.0
2022-09-30,Equal Weight,0.0
2022-10-03,Equal Weight,0.0
2022-10-04,Equal Weight,0.0
2022-10-06,Equal Weight,0.0
2022-10-07,Equal Weight,0.0
2022-10-10,Equal Weight,0.0
2022-10-11,Equal Weight,0.010552576332501534
2022-10-12,Equal Weight,0.0
2022-10-13,Equal Weight,0.0
2022-10-14,Equal Weight,0.0
2022-10-17,Equal Weight,0.0
2022-10-18,Equal Weight,0.0
2022-10-19,Equal Weight,0.0
2022-10-20,Equal Weight,0.0
2022-10-21,Equal Weight,0.0
2022-10-24,Equal Weight,0.0
2022-10-25,Equal Weight,0.0
2022-10-27,Equal Weight,0.0
2022-10-28,Equal Weight,0.0
2022-10-31,Equal Weight,0.0
2022-11-01,Equal Weight,0.0
2022-11-02,Equal Weight,0.0
2022-11-03,Equal Weight,0.0
2022-11-04,Equal Weight,0.0
2022-11-07,Equal Weight,0.0
2022-11-09,Equal Weight,0.0
2022-11-10,Equal Weight,0.0
2022-11-11,Equal Weight,0.01342251140055295
2022-11-14,Equal Weight,0.0
2022-11-15,Equal Weight,0.0
2022-11-16,Equal Weight,0.0
2022-11-17,Equal Weight,0.0
2022-11-18,Equal Weight,0.0
2022-11-21,Equal Weight,0.0
2022-11-22,Equal Weight,0.0
2022-11-23,Equal Weight,0.0
2022-11-24,Equal Weight,0.0
2022-11-25,Equal Weight,0.0
2022-11-28,Equal Weight,0.0
2022-11-29,Equal Weight,0.0
2022-11-30,Equal Weight,0.0
2022-12-01,Equal Weight,0.0
2022-12-02,Equal Weight,0.0
2022-12-05,Equal Weight,0.0
2022-12-06,Equal Weight,0.0
2022-12-07,Equal Weight,0.0
2022-12-08,Equal Weight,0.0
2022-12-09,Equal Weight,0.0
2022-12-12,Equal Weight,0.005685879058209303
2022-12-13,Equal Weight,0.0
2022-12-14,Equal Weight,0.0
2022-12-15,Equal Weight,0.0
2022-12-16,Equal Weight,0.0
2022-12-19,Equal Weight,0.0
2022-12-20,Equal Weight,0.0
2022-12-21,Equal Weight,0.0
2022-12-22,Equal Weight,0.0
2022-12-23,Equal Weight,0.0
2022-12-26,Equal Weight,0.0
2022-12-27,Equal Weight,0.0
2022-12-28,Equal Weight,0.0
2022-12-29,Equal Weight,0.0
2022-12-30,Equal Weight,0.0
2023-01-02,Equal Weight,0.0
2023-01-03,Equal Weight,0.0
2023-01-04,Equal Weight,0.0
2023-01-05,Equal Weight,0.0
2023-01-06,Equal Weight,0.0
2023-01-09,Equal Weight,0.0
2023-01-10,Equal Weight,0.011714378216568955
2023-01-11,Equal Weight,0.0
2023-01-12,Equal Weight,0.0
2023-01-13,Equal Weight,0.0
2023-01-16,Equal Weight,0.0
2023-01-17,Equal Weight,0.0
2023-01-18,Equal Weight,0.0
2023-01-19,Equal Weight,0.0
2023-01-20,Equal Weight,0.0
2023-01-23,Equal Weight,0.0
2023-01-24,Equal Weight,0.0
2023-01-25,Equal Weight,0.0
2023-01-27,Equal Weight,0.0
2023-01-30,Equal Weight,0.0
2023-01-31,Equal Weight,0.0
2023-02-01,Equal Weight,0.0
2023-02-02,Equal Weight,0.0
2023-02-03,Equal Weight,0.0
2023-02-06,Equal Weight,0.0
2023-02-07,Equal Weight,0.0
2023-02-08,Equal Weight,0.0
2023-02-09,Equal Weight,0.0049420241413619115
2023-02-10,Equal Weight,0.0
2023-02-13,Equal Weight,0.0
2023-02-14,Equal Weight,0.0
2023-02-15,Equal Weight,0.0
2023-02-16,Equal Weight,0.0
2023-02-17,Equal Weight,0.0
2023-02-20,Equal Weight,0.0
2023-02-21,Equal Weight,0.0
2023-02-22,Equal Weight,0.0
2023-02-23,Equal Weight,0.0
2023-02-24,Equal Weight,0.0
2023-02-27,Equal Weight,0.0
2023-02-28,Equal Weight,0.0
2023-03-01,Equal Weight,0.0
2023-03-02,Equal Weight,0.0
2023-03-03,Equal Weight,0.0
2023-03-06,Equal Weight,0.0
2023-03-08,Equal Weight,0.0
2023-03-09,Equal Weight,0.0
2023-03-10,Equal Weight,0.0
2023-03-13,Equal Weight,0.009138405473110317
2023-03-14,Equal Weight,0.0
2023-03-15,Equal Weight,0.0
2023-03-16,Equal Weight,0.0
2023-03-17,Equal Weight,0.0
2023-03-20,Equal Weight,0.0
2023-03-21,Equal Weight,0.0
2023-03-22,Equal Weight,0.0
2023-03-23,Equal Weight,0.0
2023-03-24,Equal Weight,0.0
2023-03-27,Equal Weight,0.0
2023-03-28,Equal Weight,0.0
2023-03-29,Equal Weight,0.0
2023-03-31,Equal Weight,0.0
2023-04-03,Equal Weight,0.0
2023-04-05,Equal Weight,0.0
2023-04-06,Equal Weight,0.0
2023-04-10,Equal Weight,0.0
2023-04-11,Equal Weight,0.0
2023-04-12,Equal Weight,0.0
2023-04-13,Equal Weight,0.0
2023-04-17,Equal Weight,0.008794529991063171
2023-04-18,Equal Weight,0.0
2023-04-19,Equal Weight,0.0
2023-04-20,Equal Weight,0.0
2023-04-21,Equal Weight,0.0
2023-04-24,Equal Weight,0.0
2023-04-25,Equal Weight,0.0
2023-04-26,Equal Weight,0.0
2023-04-27,Equal Weight,0.0
2023-04-28,Equal Weight,0.0
2023-05-02,Equal Weight,0.0
2023-05-03,Equal Weight,0.0
2023-05-04,Equal Weight,0.0
2023-05-05,Equal Weight,0.0
2023-05-08,Equal Weight,0.0
2023-05-09,Equal Weight,0.0
2023-05-10,Equal Weight,0.0
2023-05-11,Equal Weight,0.0
2023-05-12,Equal Weight,0.0
2023-05-15,Equal Weight,0.0
2023-05-16,Equal Weight,0.0
2023-05-17,Equal Weight,0.005576057796871925
2023-05-18,Equal Weight,0.0
2023-05-19,Equal Weight,0.0
2023-05-22,Equal Weight,0.0
2023-05-23,Equal Weight,0.0
2023-05-24,Equal Weight,0.0
2023-05-25,Equal Weight,0.0
2023-05-26,Equal Weight,0.0
2023-05-29,Equal Weight,0.0
2023-05-30,Equal Weight,0.0
2023-05-31,Equal Weight,0.0
2023-06-01,Equal Weight,0.0
2023-06-02,Equal Weight,0.0
2023-06-05,Equal Weight,0.0
2023-06-06,Equal Weight,0.0
2023-06-07,Equal Weight,0.0
2023-06-08,Equal Weight,0.0
2023-06-09,Equal Weight,0.0
2023-06-12,Equal Weight,0.0
2023-06-13,Equal Weight,0.0
2023-06-14,Equal Weight,0.0
2023-06-15,Equal Weight,0.009954065012344748
2023-06-16,Equal Weight,0.0
2023-06-19,Equal Weight,0.0
2023-06-20,Equal Weight,0.0
2023-06-21,Equal Weight,0.0
2023-06-22,Equal Weight,0.0
2023-06-23,Equal Weight,0.0
2023-06-26,Equal Weight,0.0
2023-06-27,Equal Weight,0.0
2023-06-28,Equal Weight,0.0
2023-06-30,Equal Weight,0.0
2023-07-03,Equal Weight,0.0
2023-07-04,Equal Weight,0.0
2023-07-05,Equal Weight,0.0
2023-07-06,Equal Weight,0.0
2023-07-07,Equal Weight,0.0
2023-07-10,Equal Weight,0.0
2023-07-11,Equal Weight,0.0
2023-07-12,Equal Weight,0.0
2023-07-13,Equal Weight,0.0
2023-07-14,Equal Weight,0.0
2023-07-17,Equal Weight,0.010671220417198563
2023-07-18,Equal Weight,0.0
2023-07-19,Equal Weight,0.0
2023-07-20,Equal Weight,0.0
2023-07-21,Equal Weight,0.0
2023-07-24,Equal Weight,0.0
2023-07-25,Equal Weight,0.0
2023-07-26,Equal Weight,0.0
2023-07-27,Equal Weight,0.0
2023-07-28,Equal Weight,0.0
2023-07-31,Equal Weight,0.0
2023-08-01,Equal Weight,0.0
2023-08-02,Equal Weight,0.0
2023-08-03,Equal Weight,0.0
2023-08-04,Equal Weight,0.0
2023-08-07,Equal Weight,0.0
2023-08-08,Equal Weight,0.0
2023-08-09,Equal Weight,0.0
2023-08-10,Equal Weight,0.0
2023-08-11,Equal Weight,0.0
2023-08-14,Equal Weight,0.0
2023-08-16,Equal Weight,0.003256113312392145
2023-08-17,Equal Weight,0.0
2023-08-18,Equal Weight,0.0
2023-08-21,Equal Weight,0.0
2023-08-22,Equal Weight,0.0
2023-08-23,Equal Weight,0.0
2023-08-24,Equal Weight,0.0
2023-08-25,Equal Weight,0.0
2023-08-28,Equal Weight,0.0
2023-08-29,Equal Weight,0.0
2023-08-30,Equal Weight,0.0
2023-08-31,Equal Weight,0.0
2023-09-01,Equal Weight,0.0
2023-09-04,Equal Weight,0.0
2023-09-05,Equal Weight,0.0
2023-09-06,Equal Weight,0.0
2023-09-07,Equal Weight,0.0
2023-09-08,Equal Weight,0.0
2023-09-11,Equal Weight,0.0
2023-09-12,Equal Weight,0.0
2023-09-13,Equal Weight,0.0
2023-09-14,Equal Weight,0.007234451149432636
2023-09-15,Equal Weight,0.0
2023-09-18,Equal Weight,0.0
2023-09-20,Equal Weight,0.0
2023-09-21,Equal Weight,0.0
2023-09-22,Equal Weight,0.0
2023-09-25,Equal Weight,0.0
2023-09-26,Equal Weight,0.0
2023-09-27,Equal Weight,0.0
2023-09-28,Equal Weight,0.0
2023-09-29,Equal Weight,0.0
2023-10-03,Equal Weight,0.0
2023-10-04,Equal Weight,0.0
2023-10-05,Equal Weight,0.0
2023-10-06,Equal Weight,0.0
2023-10-09,Equal Weight,0.0
2023-10-10,Equal Weight,0.0
2023-10-11,Equal Weight,0.0
2023-10-12,Equal Weight,0.0
2023-10-13,Equal Weight,0.0
2023-10-16,Equal Weight,0.0
2023-10-17,Equal Weight,0.0046786810739916085
2023-10-18,Equal Weight,0.0
2023-10-19,Equal Weight,0.0
2023-10-20,Equal Weight,0.0
2023-10-23,Equal Weight,0.0
2023-10-25,Equal Weight,0.0
2023-10-26,Equal Weight,0.0
2023-10-27,Equal Weight,0.0
2023-10-30,Equal Weight,0.0
2023-10-31,Equal Weight,0.0
2023-11-01,Equal Weight,0.0
2023-11-02,Equal Weight,0.0
2023-11-03,Equal Weight,0.0
2023-11-06,Equal Weight,0.0
2023-11-07,Equal Weight,0.0
2023-11-08,Equal Weight,0.0
2023-11-09,Equal Weight,0.0
2023-11-10,Equal Weight,0.0
2023-11-13,Equal Weight,0.0
2023-11-15,Equal Weight,0.0
2023-11-16,Equal Weight,0.0
2023-11-17,Equal Weight,0.006723254888777702
2023-11-20,Equal Weight,0.0
2023-11-21,Equal Weight,0.0
2023-11-22,Equal Weight,0.0
2023-11-23,Equal Weight,0.0
2023-11-24,Equal Weight,0.0
2023-11-28,Equal Weight,0.0
2023-11-29,Equal Weight,0.0
2023-11-30,Equal Weight,0.0
2023-12-01,Equal Weight,0.0
2023-12-04,Equal Weight,0.0
2023-12-05,Equal Weight,0.0
2023-12-06,Equal Weight,0.0
2023-12-07,Equal Weight,0.0
2023-12-08,Equal Weight,0.0
2023-12-11,Equal Weight,0.0
2023-12-12,Equal Weight,0.0
2023-12-13,Equal Weight,0.0
2023-12-14,Equal Weight,0.0
2023-12-15,Equal Weight,0.0
2023-12-18,Equal Weight,0.0
2023-12-19,Equal Weight,0.016804253728809393
2023-12-20,Equal Weight,0.0
2023-12-21,Equal Weight,0.0
2023-12-22,Equal Weight,0.0
2023-12-26,Equal Weight,0.0
2023-12-27,Equal Weight,0.0
2023-12-28,Equal Weight,0.0
2023-12-29,Equal Weight,0.0
2024-01-01,Equal Weight,0.0
2024-01-02,Equal Weight,0.0
2024-01-03,Equal Weight,0.0
2024-01-04,Equal Weight,0.0
2024-01-05,Equal Weight,0.0
2024-01-08,Equal Weight,0.0
2024-01-09,Equal Weight,0.0
2024-01-10,Equal Weight,0.0
2024-01-11,Equal Weight,0.0
2024-01-12,Equal Weight,0.0
2024-01-15,Equal Weight,0.0
2024-01-16,Equal Weight,0.0
2024-01-17,Equal Weight,0.0
2024-01-18,Equal Weight,0.0009759383704561198
2024-01-19,Equal Weight,0.0
2024-01-23,Equal Weight,0.0
2024-01-24,Equal Weight,0.0
2024-01-25,Equal Weight,0.0
2024-01-29,Equal Weight,0.0
2024-01-30,Equal Weight,0.0
2024-01-31,Equal Weight,0.0
2024-02-01,Equal Weight,0.0
2024-02-02,Equal Weight,0.0
2024-02-05,Equal Weight,0.0
2024-02-06,Equal Weight,0.0
2024-02-07,Equal Weight,0.0
2024-02-08,Equal Weight,0.0
2024-02-09,Equal Weight,0.0
2024-02-12,Equal Weight,0.0
2024-02-13,Equal Weight,0.0
2024-02-14,Equal Weight,0.0
2024-02-15,Equal Weight,0.0
2024-02-16,Equal Weight,0.0
2024-02-19,Equal Weight,0.0
2024-02-20,Equal Weight,0.00688450396825363
2024-02-21,Equal Weight,0.0
2024-02-22,Equal Weight,0.0
2024-02-23,Equal Weight,0.0
2024-02-26,Equal Weight,0.0
2024-02-27,Equal Weight,0.0
2024-02-28,Equal Weight,0.0
2024-02-29,Equal Weight,0.0
2024-03-01,Equal Weight,0.0
2024-03-04,Equal Weight,0.0
2024-03-05,Equal Weight,0.0
2024-03-06,Equal Weight,0.0
2024-03-07,Equal Weight,0.0
2024-03-11,Equal Weight,0.0
2024-03-12,Equal Weight,0.0
2024-03-13,Equal Weight,0.0
2024-03-14,Equal Weight,0.0
2024-03-15,Equal Weight,0.0
2024-03-18,Equal Weight,0.0
2024-03-19,Equal Weight,0.0
2024-03-20,Equal Weight,0.0
2024-03-21,Equal Weight,0.017585798572884642
2024-03-22,Equal Weight,0.0
2024-03-26,Equal Weight,0.0
2024-03-27,Equal Weight,0.0
2024-03-28,Equal Weight,0.0
2024-04-01,Equal Weight,0.0
2024-04-02,Equal Weight,0.0
2024-04-03,Equal Weight,0.0
2024-04-04,Equal Weight,0.0
2024-04-05,Equal Weight,0.0
2024-04-08,Equal Weight,0.0
2024-04-09,Equal Weight,0.0
2024-04-10,Equal Weight,0.0
2024-04-12,Equal Weight,0.0
2024-04-15,Equal Weight,0.0
2024-04-16,Equal Weight,0.0
2024-04-18,Equal Weight,0.0
2024-04-19,Equal Weight,0.0
2024-04-22,Equal Weight,0.0
2024-04-23,Equal Weight,0.0
2024-04-24,Equal Weight,0.0
2024-04-25,Equal Weight,0.012622751785782454
2024-04-26,Equal Weight,0.0
2024-04-29,Equal Weight,0.0
2024-04-30,Equal Weight,0.0
2024-05-02,Equal Weight,0.0
2024-05-03,Equal Weight,0.0
2024-05-06,Equal Weight,0.0
2024-05-07,Equal Weight,0.0
2024-05-08,Equal Weight,0.0
2024-05-09,Equal Weight,0.0
2024-05-10,Equal Weight,0.0
2024-05-13,Equal Weight,0.0
2024-05-14,Equal Weight,0.0
2024-05-15,Equal Weight,0.0
2024-05-16,Equal Weight,0.0
2024-05-17,Equal Weight,0.0
2024-05-21,Equal Weight,0.0
2024-05-22,Equal Weight,0.0
2024-05-23,Equal Weight,0.0
2024-05-24,Equal Weight,0.0
2024-05-27,Equal Weight,0.0
2024-05-28,Equal Weight,0.0022079896503337526
2024-05-29,Equal Weight,0.0
2024-05-30,Equal Weight,0.0
2024-05-31,Equal Weight,0.0
2024-06-03,Equal Weight,0.0
2024-06-04,Equal Weight,0.0
2024-06-05,Equal Weight,0.0
2024-06-06,Equal Weight,0.0
2024-06-07,Equal Weight,0.0
2024-06-10,Equal Weight,0.0
2024-06-11,Equal Weight,0.0
2024-06-12,Equal Weight,0.0
2024-06-13,Equal Weight,0.0
2024-06-14,Equal Weight,0.0
2024-06-18,Equal Weight,0.0
2024-06-19,Equal Weight,0.0
2024-06-20,Equal Weight,0.0
2024-06-21,Equal Weight,0.0
2024-06-24,Equal Weight,0.0
2024-06-25,Equal Weight,0.0
2024-06-26,Equal Weight,0.0
2024-06-27,Equal Weight,0.01212360066598317
2024-06-28,Equal Weight,0.0
2024-07-01,Equal Weight,0.0
2024-07-02,Equal Weight,0.0
2024-07-03,Equal Weight,0.0
2024-07-04,Equal Weight,0.0
2024-07-05,Equal Weight,0.0
2024-07-08,Equal Weight,0.0
2024-07-09,Equal Weight,0.0
2024-07-10,Equal Weight,0.0
2024-07-11,Equal Weight,0.0
2024-07-12,Equal Weight,0.0
2024-07-15,Equal Weight,0.0
2024-07-16,Equal Weight,0.0
2024-07-18,Equal Weight,0.0
2024-07-19,Equal Weight,0.0
2024-07-22,Equal Weight,0.0
2024-07-23,Equal Weight,0.0
2024-07-24,Equal Weight,0.0
2024-07-25,Equal Weight,0.0
2024-07-26,Equal Weight,0.0
2024-07-29,Equal Weight,0.009725741234072965
2024-07-30,Equal Weight,0.0
2024-07-31,Equal Weight,0.0
2024-08-01,Equal Weight,0.0
2024-08-02,Equal Weight,0.0
2024-08-05,Equal Weight,0.0
2024-08-06,Equal Weight,0.0
2024-08-07,Equal Weight,0.0
2024-08-08,Equal Weight,0.0
2024-08-09,Equal Weight,0.0
2024-08-12,Equal Weight,0.0
2024-08-13,Equal Weight,0.0
2024-08-14,Equal Weight,0.0
2024-08-16,Equal Weight,0.0
2024-08-19,Equal Weight,0.0
2024-08-20,Equal Weight,0.0
2024-08-21,Equal Weight,0.0
2024-08-22,Equal Weight,0.0
2024-08-23,Equal Weight,0.0
2024-08-26,Equal Weight,0.0
2024-08-27,Equal Weight,0.0
2024-08-28,Equal Weight,0.005263796803980203
2024-08-29,Equal Weight,0.0
2024-08-30,Equal Weight,0.0
2024-09-02,Equal Weight,0.0
2024-09-03,Equal Weight,0.0
2024-09-04,Equal Weight,0.0
2024-09-05,Equal Weight,0.0
2024-09-06,Equal Weight,0.0
2024-09-09,Equal Weight,0.0
2024-09-10,Equal Weight,0.0
2024-09-11,Equal Weight,0.0
2024-09-12,Equal Weight,0.0
2024-09-13,Equal Weight,0.0
2024-09-16,Equal Weight,0.0
2024-09-17,Equal Weight,0.0
2024-09-18,Equal Weight,0.0
2024-09-19,Equal Weight,0.0
2024-09-20,Equal Weight,0.0
2024-09-23,Equal Weight,0.0
2024-09-24,Equal Weight,0.0
2024-09-25,Equal Weight,0.0
2024-09-26,Equal Weight,0.010003307880331408
2024-09-27,Equal Weight,0.0
2024-09-30,Equal Weight,0.0
2024-10-01,Equal Weight,0.0
2024-10-03,Equal Weight,0.0
2024-10-04,Equal Weight,0.0
2024-10-07,Equal Weight,0.0
2024-10-08,Equal Weight,0.0
2024-10-09,Equal Weight,0.0
2024-10-10,Equal Weight,0.0
2024-10-11,Equal Weight,0.0
2024-10-14,Equal Weight,0.0
2024-10-15,Equal Weight,0.0
2024-10-16,Equal Weight,0.0
2024-10-17,Equal Weight,0.0
2024-10-18,Equal Weight,0.0
2024-10-21,Equal Weight,0.0
2024-10-22,Equal Weight,0.0
2024-10-23,Equal Weight,0.0
2024-10-24,Equal Weight,0.0
2024-10-25,Equal Weight,0.0
2024-10-28,Equal Weight,0.020059425586740592
2024-10-29,Equal Weight,0.0
2024-10-30,Equal Weight,0.0
2024-10-31,Equal Weight,0.0
2024-11-01,Equal Weight,0.0
2024-11-04,Equal Weight,0.0
2024-11-05,Equal Weight,0.0
2024-11-06,Equal Weight,0.0
2024-11-07,Equal Weight,0.0
2024-11-08,Equal Weight,0.0
2024-11-11,Equal Weight,0.0
2024-11-12,Equal Weight,0.0
2024-11-13,Equal Weight,0.0
2024-11-14,Equal Weight,0.0
2024-11-18,Equal Weight,0.0
2024-11-19,Equal Weight,0.0
2024-11-21,Equal Weight,0.0
2024-11-22,Equal Weight,0.0
2024-11-25,Equal Weight,0.0
2024-11-26,Equal Weight,0.0
2024-11-27,Equal Weight,0.0
2024-11-28,Equal Weight,0.005819583743710721
2024-11-29,Equal Weight,0.0
2024-12-02,Equal Weight,0.0
2024-12-03,Equal Weight,0.0
2024-12-04,Equal Weight,0.0
2024-12-05,Equal Weight,0.0
2024-12-06,Equal Weight,0.0
2024-12-09,Equal Weight,0.0
2024-12-10,Equal Weight,0.0
2024-12-11,Equal Weight,0.0
2024-12-12,Equal Weight,0.0
2024-12-13,Equal Weight,0.0
2024-12-16,Equal Weight,0.0
2024-12-17,Equal Weight,0.0
2024-12-18,Equal Weight,0.0
2024-12-19,Equal Weight,0.0
2024-12-20,Equal Weight,0.0
2024-12-23,Equal Weight,0.0
2024-12-24,Equal Weight,0.0
2024-12-26,Equal Weight,0.0
2024-12-27,Equal Weight,0.0
2024-12-30,Equal Weight,0.0028259095063792594
2024-12-31,Equal Weight,0.0
2025-01-01,Equal Weight,0.0
2025-01-02,Equal Weight,0.0
2025-01-03,Equal Weight,0.0
2025-01-06,Equal Weight,0.0
2025-01-07,Equal Weight,0.0
2025-01-08,Equal Weight,0.0
2025-01-09,Equal Weight,0.0
2025-01-10,Equal Weight,0.0
2025-01-13,Equal Weight,0.0
2025-01-14,Equal Weight,0.0
2025-01-15,Equal Weight,0.0
2025-01-16,Equal Weight,0.0
2025-01-17,Equal Weight,0.0
2025-01-20,Equal Weight,0.0
2025-01-21,Equal Weight,0.0
2025-01-22,Equal Weight,0.0
2025-01-23,Equal Weight,0.0
2025-01-24,Equal Weight,0.0
2025-01-27,Equal Weight,0.0
2025-01-28,Equal Weight,0.015057818093489883
2025-01-29,Equal Weight,0.0
2025-01-30,Equal Weight,0.0
2025-01-31,Equal Weight,0.0
2025-02-01,Equal Weight,0.0
2025-02-03,Equal Weight,0.0
2025-02-04,Equal Weight,0.0
2025-02-05,Equal Weight,0.0
2025-02-06,Equal Weight,0.0
2025-02-07,Equal Weight,0.0
2025-02-10,Equal Weight,0.0
2025-02-11,Equal Weight,0.0
2025-02-12,Equal Weight,0.0
2025-02-13,Equal Weight,0.0
2025-02-14,Equal Weight,0.0
2025-02-17,Equal Weight,0.0
2025-02-18,Equal Weight,0.0
2025-02-19,Equal Weight,0.0
2025-02-20,Equal Weight,0.0
2025-02-21,Equal Weight,0.0
2025-02-24,Equal Weight,0.0
2025-02-25,Equal Weight,0.018049845631668865
2025-02-27,Equal Weight,0.0
2025-02-28,Equal Weight,0.0
2025-03-03,Equal Weight,0.0
2025-03-04,Equal Weight,0.0
2025-03-05,Equal Weight,0.0
2025-03-06,Equal Weight,0.0
2025-03-07,Equal Weight,0.0
2025-03-10,Equal Weight,0.0
2025-03-11,Equal Weight,0.0
2025-03-12,Equal Weight,0.0
2025-03-13,Equal Weight,0.0
2025-03-17,Equal Weight,0.0
2025-03-18,Equal Weight,0.0
2025-03-19,Equal Weight,0.0
2025-03-20,Equal Weight,0.0
2025-03-21,Equal Weight,0.0
2025-03-24,Equal Weight,0.0
2025-03-25,Equal Weight,0.0
2025-03-26,Equal Weight,0.0
2025-03-27,Equal Weight,0.0
2025-03-28,Equal Weight,0.0064076730892579925
2025-04-01,Equal Weight,0.0
2025-04-02,Equal Weight,0.0
2025-04-03,Equal Weight,0.0
2025-04-04,Equal Weight,0.0
2025-04-07,Equal Weight,0.0
2025-04-08,Equal Weight,0.0
2025-04-09,Equal Weight,0.0
2025-04-11,Equal Weight,0.0
2025-04-15,Equal Weight,0.0
2025-04-16,Equal Weight,0.0
2025-04-17,Equal Weight,0.0
2025-04-21,Equal Weight,0.0
2025-04-22,Equal Weight,0.0
2025-04-23,Equal Weight,0.0
2025-04-24,Equal Weight,0.0
2025-04-25,Equal Weight,0.0
2025-04-28,Equal Weight,0.0
2025-04-29,Equal Weight,0.0
2025-04-30,Equal Weight,0.0
2025-05-02,Equal Weight,0.0
2025-05-05,Equal Weight,0.01134186590040187
2025-05-06,Equal Weight,0.0
2025-05-07,Equal Weight,0.0
2025-05-08,Equal Weight,0.0
2025-05-09,Equal Weight,0.0
2025-05-12,Equal Weight,0.0
2025-05-13,Equal Weight,0.0
2025-05-14,Equal Weight,0.0
2025-05-15,Equal Weight,0.0
2025-05-16,Equal Weight,0.0
2025-05-19,Equal Weight,0.0
2025-05-20,Equal Weight,0.0
2025-05-21,Equal Weight,0.0
2025-05-22,Equal Weight,0.0
2025-05-23,Equal Weight,0.0
2025-05-26,Equal Weight,0.0
2025-05-27,Equal Weight,0.0
2025-05-28,Equal Weight,0.0
2025-05-29,Equal Weight,0.0
2025-05-30,Equal Weight,0.0
2025-06-02,Equal Weight,0.0
2025-06-03,Equal Weight,0.0030869788361752026
2025-06-04,Equal Weight,0.0
2025-06-05,Equal Weight,0.0
2025-06-06,Equal Weight,0.0
2025-06-09,Equal Weight,0.0
2025-06-10,Equal Weight,0.0
2025-06-11,Equal Weight,0.0
2025-06-12,Equal Weight,0.0
2025-06-13,Equal Weight,0.0
2025-06-16,Equal Weight,0.0
2025-06-17,Equal Weight,0.0
2025-06-18,Equal Weight,0.0
2025-06-19,Equal Weight,0.0
2025-06-20,Equal Weight,0.0
2025-06-23,Equal Weight,0.0
2025-06-24,Equal Weight,0.0
2025-06-25,Equal Weight,0.0
2025-06-26,Equal Weight,0.0
2025-06-27,Equal Weight,0.0
2025-06-30,Equal Weight,0.0
2025-07-01,Equal Weight,0.0
2025-07-02,Equal Weight,0.007595165244385665
2025-07-03,Equal Weight,0.0
2025-07-04,Equal Weight,0.0
2025-07-07,Equal Weight,0.0
2025-07-08,Equal Weight,0.0
2025-07-09,Equal Weight,0.0
2025-07-10,Equal Weight,0.0
2025-07-11,Equal Weight,0.0
2025-07-14,Equal Weight,0.0
2025-07-15,Equal Weight,0.0
2025-07-16,Equal Weight,0.0
2025-07-17,Equal Weight,0.0
2025-07-18,Equal Weight,0.0
2025-07-21,Equal Weight,0.0
2025-07-22,Equal Weight,0.0
2025-07-23,Equal Weight,0.0
2025-07-24,Equal Weight,0.0
2025-07-25,Equal Weight,0.0
2025-07-28,Equal Weight,0.0
2025-07-29,Equal Weight,0.0
2025-07-30,Equal Weight,0.0
2025-07-31,Equal Weight,0.00790818567221721
2025-08-01,Equal Weight,0.0
2025-08-04,Equal Weight,0.0
2025-08-05,Equal Weight,0.0
2025-08-06,Equal Weight,0.0
2025-08-07,Equal Weight,0.0
2025-08-08,Equal Weight,0.0
2025-08-11,Equal Weight,0.0
2025-08-12,Equal Weight,0.0
2025-08-13,Equal Weight,0.0
2025-08-14,Equal Weight,0.0
2025-08-18,Equal Weight,0.0
2025-08-19,Equal Weight,0.0
2025-08-20,Equal Weight,0.0
2025-08-21,Equal Weight,0.0
2025-08-22,Equal Weight,0.0
2025-08-25,Equal Weight,0.0
2025-08-26,Equal Weight,0.0
2025-08-28,Equal Weight,0.0
2025-08-29,Equal Weight,0.0
2025-09-01,Equal Weight,0.0
2025-09-02,Equal Weight,0.012228414839834029
2025-09-03,Equal Weight,0.0
2025-09-04,Equal Weight,0.0
2025-09-05,Equal Weight,0.0
2025-09-08,Equal Weight,0.0
2025-09-09,Equal Weight,0.0
2025-09-10,Equal Weight,0.0
2025-09-11,Equal Weight,0.0
2025-09-12,Equal Weight,0.0
2025-09-15,Equal Weight,0.0
2025-09-16,Equal Weight,0.0
2025-09-17,Equal Weight,0.0
2025-09-18,Equal Weight,0.0
2025-09-19,Equal Weight,0.0
2025-09-22,Equal Weight,0.0
2025-09-23,Equal Weight,0.0
2025-09-24,Equal Weight,0.0
2025-09-25,Equal Weight,0.0
2025-09-26,Equal Weight,0.0
2025-09-29,Equal Weight,0.0
2025-09-30,Equal Weight,0.0
2025-10-01,Equal Weight,0.025570486142821675
2025-10-03,Equal Weight,0.0
2025-10-06,Equal Weight,0.0
2025-10-07,Equal Weight,0.0
2025-10-08,Equal Weight,0.0
2025-10-09,Equal Weight,0.0
2025-10-10,Equal Weight,0.0
2025-10-13,Equal Weight,0.0
2025-10-14,Equal Weight,0.0
2025-10-15,Equal Weight,0.0
2025-10-16,Equal Weight,0.0
2025-10-17,Equal Weight,0.0
2025-10-20,Equal Weight,0.0
2025-10-21,Equal Weight,0.0
2025-10-23,Equal Weight,0.0
2025-10-24,Equal Weight,0.0
2025-10-27,Equal Weight,0.0
2025-10-28,Equal Weight,0.0
2025-10-29,Equal Weight,0.0
2025-10-30,Equal Weight,0.0
2025-10-31,Equal Weight,0.0
2025-11-03,Equal Weight,0.006763749147406434
2025-11-04,Equal Weight,0.0
2025-11-06,Equal Weight,0.0
2025-11-07,Equal Weight,0.0
2025-11-10,Equal Weight,0.0
2025-11-11,Equal Weight,0.0
2025-11-12,Equal Weight,0.0
2025-11-13,Equal Weight,0.0
2025-11-14,Equal Weight,0.0
2025-11-17,Equal Weight,0.0
2025-11-18,Equal Weight,0.0
2025-11-19,Equal Weight,0.0
2025-11-20,Equal Weight,0.0
2025-11-21,Equal Weight,0.0
2025-11-24,Equal Weight,0.0
2025-11-25,Equal Weight,0.0
2025-11-26,Equal Weight,0.0
2025-11-27,Equal Weight,0.0
2025-11-28,Equal Weight,0.0
2025-12-01,Equal Weight,0.0
2025-12-02,Equal Weight,0.0
2025-12-03,Equal Weight,0.013069209880518406
2025-12-04,Equal Weight,0.0
2025-12-05,Equal Weight,0.0
2025-12-08,Equal Weight,0.0
2025-12-09,Equal Weight,0.0
2025-12-10,Equal Weight,0.0
2025-12-11,Equal Weight,0.0
2025-12-12,Equal Weight,0.0
2025-12-15,Equal Weight,0.0
2025-12-16,Equal Weight,0.0
2025-12-17,Equal Weight,0.0
2025-12-18,Equal Weight,0.0
2025-12-19,Equal Weight,0.0
2025-12-22,Equal Weight,0.0
2025-12-23,Equal Weight,0.0
2025-12-24,Equal Weight,0.0
2025-12-26,Equal Weight,0.0
2025-12-29,Equal Weight,0.0
2025-12-30,Equal Weight,0.0
2025-12-31,Equal Weight,0.0
2026-01-01,Equal Weight,0.0
2026-01-02,Equal Weight,0.009415110001297577
2026-01-05,Equal Weight,0.0
2026-01-06,Equal Weight,0.0
2026-01-07,Equal Weight,0.0
2026-01-08,Equal Weight,0.0
2026-01-09,Equal Weight,0.0
2026-01-12,Equal Weight,0.0
2026-01-13,Equal Weight,0.0
2026-01-14,Equal Weight,0.0
2026-01-15,Equal Weight,0.0
2026-01-16,Equal Weight,0.0
2026-01-19,Equal Weight,0.0
2026-01-20,Equal Weight,0.0
2026-01-21,Equal Weight,0.0
2026-01-22,Equal Weight,0.0
2026-01-23,Equal Weight,0.0
2026-01-27,Equal Weight,0.0
2026-01-28,Equal Weight,0.0
2026-01-29,Equal Weight,0.0
2026-01-30,Equal Weight,0.0
2026-02-02,Equal Weight,0.0
2026-02-03,Equal Weight,0.028217128684937337
2026-02-04,Equal Weight,0.0
2026-02-05,Equal Weight,0.0
2026-02-06,Equal Weight,0.0
2026-02-09,Equal Weight,0.0
2026-02-10,Equal Weight,0.0
2026-02-11,Equal Weight,0.0
2026-02-12,Equal Weight,0.0
2026-02-13,Equal Weight,0.0
2026-02-16,Equal Weight,0.0
2026-02-17,Equal Weight,0.0
2026-02-18,Equal Weight,0.0
2026-02-19,Equal Weight,0.0
2026-02-20,Equal Weight,0.0
2026-02-23,Equal Weight,0.0
2026-02-24,Equal Weight,0.0
2026-02-25,Equal Weight,0.0
2026-02-26,Equal Weight,0.0
2026-02-27,Equal Weight,0.0
2026-03-02,Equal Weight,0.0
2026-03-04,Equal Weight,0.0
2026-03-05,Equal Weight,0.016543588547540677
2026-03-06,Equal Weight,0.0
2026-03-09,Equal Weight,0.0
2026-03-10,Equal Weight,0.0
2026-03-11,Equal Weight,0.0
2026-03-12,Equal Weight,0.0
2026-03-13,Equal Weight,0.0
2026-03-16,Equal Weight,0.0
2026-03-17,Equal Weight,0.0
2026-03-18,Equal Weight,0.0
2026-03-19,Equal Weight,0.0
2026-03-20,Equal Weight,0.0
2026-03-23,Equal Weight,0.0
2026-03-24,Equal Weight,0.0
2026-03-25,Equal Weight,0.0
2026-03-27,Equal Weight,0.0
2026-03-30,Equal Weight,0.0
2026-04-01,Equal Weight,0.0
2026-04-02,Equal Weight,0.0
2026-04-06,Equal Weight,0.0
2026-04-07,Equal Weight,0.0
2026-04-08,Equal Weight,0.010353605166665197
2026-04-09,Equal Weight,0.0
2026-04-10,Equal Weight,0.0
2026-04-13,Equal Weight,0.0
2026-04-15,Equal Weight,0.0
2026-04-16,Equal Weight,0.0
2026-04-17,Equal Weight,0.0
2026-04-20,Equal Weight,0.0
2026-04-21,Equal Weight,0.0
2026-04-22,Equal Weight,0.0
2026-04-23,Equal Weight,0.0
2026-04-24,Equal Weight,0.0
2026-04-27,Equal Weight,0.0
2026-04-28,Equal Weight,0.0
2026-04-29,Equal Weight,0.0
2026-04-30,Equal Weight,0.0
2026-05-01,Equal Weight,0.0
2026-05-04,Equal Weight,0.0
2026-05-05,Equal Weight,0.0
2026-05-06,Equal Weight,0.0
2026-05-07,Equal Weight,0.0
2026-05-08,Equal Weight,0.0017221811236409756
2026-05-11,Equal Weight,0.0
2026-05-12,Equal Weight,0.0
2026-05-13,Equal Weight,0.0
2026-05-14,Equal Weight,0.0
2026-05-15,Equal Weight,0.0
2026-05-18,Equal Weight,0.0
2026-05-19,Equal Weight,0.0
2026-05-20,Equal Weight,0.0
2026-05-21,Equal Weight,0.0
2026-05-22,Equal Weight,0.0
2026-05-25,Equal Weight,0.0
2026-05-26,Equal Weight,0.0
2026-05-27,Equal Weight,0.0
2026-05-28,Equal Weight,0.0
2026-05-29,Equal Weight,0.0
2026-06-01,Equal Weight,0.0
2026-06-02,Equal Weight,0.0
2026-06-03,Equal Weight,0.0
2026-06-04,Equal Weight,0.0
2026-06-05,Equal Weight,0.0
2026-06-08,Equal Weight,0.00968979288107455
2026-06-09,Equal Weight,0.0
2026-06-10,Equal Weight,0.0
2026-06-11,Equal Weight,0.0
2026-06-12,Equal Weight,0.0
2026-06-15,Equal Weight,0.0
2026-06-16,Equal Weight,0.0
2026-06-17,Equal Weight,0.0
2026-06-18,Equal Weight,0.0
2026-06-19,Equal Weight,0.0
2026-06-22,Equal Weight,0.0
2026-06-23,Equal Weight,0.0
2026-06-24,Equal Weight,0.0
2026-06-25,Equal Weight,0.0
2026-06-26,Equal Weight,0.0
2026-06-29,Equal Weight,0.0
2026-06-30,Equal Weight,0.0
2026-07-01,Equal Weight,0.0
2026-07-02,Equal Weight,0.0
2026-07-03,Equal Weight,0.0
2026-07-06,Equal Weight,0.0
2026-07-07,Equal Weight,0.01719380033368126
2026-07-08,Equal Weight,0.0
2026-07-09,Equal Weight,0.0
2026-07-10,Equal Weight,0.0
2026-07-13,Equal Weight,0.0
2026-07-14,Equal Weight,0.0
2026-07-15,Equal Weight,0.0
2026-07-16,Equal Weight,0.0
2026-07-17,Equal Weight,0.0
2026-07-20,Equal Weight,0.0
2026-07-21,Equal Weight,0.0
2026-07-22,Equal Weight,0.0
2026-07-23,Equal Weight,0.0
2026-07-24,Equal Weight,0.0
2026-07-27,Equal Weight,0.0
