date,Bull,Bear,Crisis
2010-10-05,1.0,5.89254638233106e-102,8.52239983118582e-120
2010-10-06,1.0,5.89254638233106e-102,8.52239983118582e-120
2010-10-07,1.0,5.89254638233106e-102,8.52239983118582e-120
2010-10-08,1.0,5.89254638233106e-102,8.52239983118582e-120
2010-10-11,1.0,5.89254638233106e-102,8.52239983118582e-120
2010-10-12,1.0,5.89254638233106e-102,8.52239983118582e-120
2010-10-13,1.0,5.89254638233106e-102,8.52239983118582e-120
2010-10-14,1.0,5.89254638233106e-102,8.52239983118582e-120
2010-10-15,1.0,5.89254638233106e-102,8.52239983118582e-120
2010-10-18,1.0,5.89254638233106e-102,8.52239983118582e-120
2010-10-19,1.0,5.89254638233106e-102,8.52239983118582e-120
2010-10-20,1.0,5.89254638233106e-102,8.52239983118582e-120
2010-10-21,1.0,5.89254638233106e-102,8.52239983118582e-120
2010-10-22,1.0,5.89254638233106e-102,8.52239983118582e-120
2010-10-25,1.0,5.89254638233106e-102,8.52239983118582e-120
2010-10-26,1.0,5.89254638233106e-102,8.52239983118582e-120
2010-10-27,1.0,5.89254638233106e-102,8.52239983118582e-120
2010-10-28,1.0,5.89254638233106e-102,8.52239983118582e-120
2010-10-29,1.0,5.89254638233106e-102,8.52239983118582e-120
2010-11-01,1.0,5.89254638233106e-102,8.52239983118582e-120
2010-11-02,1.0,5.89254638233106e-102,8.52239983118582e-120
2010-11-03,1.0,2.9648684354295416e-39,2.534969869220662e-46
2010-11-04,1.0,2.9648684354295416e-39,2.534969869220662e-46
2010-11-08,1.0,2.9648684354295416e-39,2.534969869220662e-46
2010-11-09,1.0,2.9648684354295416e-39,2.534969869220662e-46
2010-11-10,1.0,2.9648684354295416e-39,2.534969869220662e-46
2010-11-11,1.0,2.9648684354295416e-39,2.534969869220662e-46
2010-11-12,1.0,2.9648684354295416e-39,2.534969869220662e-46
2010-11-15,1.0,2.9648684354295416e-39,2.534969869220662e-46
2010-11-16,1.0,2.9648684354295416e-39,2.534969869220662e-46
2010-11-18,1.0,2.9648684354295416e-39,2.534969869220662e-46
2010-11-19,1.0,2.9648684354295416e-39,2.534969869220662e-46
2010-11-22,1.0,2.9648684354295416e-39,2.534969869220662e-46
2010-11-23,1.0,2.9648684354295416e-39,2.534969869220662e-46
2010-11-24,1.0,2.9648684354295416e-39,2.534969869220662e-46
2010-11-25,1.0,2.9648684354295416e-39,2.534969869220662e-46
2010-11-26,1.0,2.9648684354295416e-39,2.534969869220662e-46
2010-11-29,1.0,2.9648684354295416e-39,2.534969869220662e-46
2010-11-30,1.0,2.9648684354295416e-39,2.534969869220662e-46
2010-12-01,1.0,2.9648684354295416e-39,2.534969869220662e-46
2010-12-02,1.0,2.9648684354295416e-39,2.534969869220662e-46
2010-12-03,1.0,2.9648684354295416e-39,2.534969869220662e-46
2010-12-06,2.2090681364366533e-10,7.637310614051918e-09,0.9999999921417384
2010-12-07,2.2090681364366533e-10,7.637310614051918e-09,0.9999999921417384
2010-12-08,2.2090681364366533e-10,7.637310614051918e-09,0.9999999921417384
2010-12-09,2.2090681364366533e-10,7.637310614051918e-09,0.9999999921417384
2010-12-10,2.2090681364366533e-10,7.637310614051918e-09,0.9999999921417384
2010-12-13,2.2090681364366533e-10,7.637310614051918e-09,0.9999999921417384
2010-12-14,2.2090681364366533e-10,7.637310614051918e-09,0.9999999921417384
2010-12-15,2.2090681364366533e-10,7.637310614051918e-09,0.9999999921417384
2010-12-16,2.2090681364366533e-10,7.637310614051918e-09,0.9999999921417384
2010-12-20,2.2090681364366533e-10,7.637310614051918e-09,0.9999999921417384
2010-12-21,2.2090681364366533e-10,7.637310614051918e-09,0.9999999921417384
2010-12-22,2.2090681364366533e-10,7.637310614051918e-09,0.9999999921417384
2010-12-23,2.2090681364366533e-10,7.637310614051918e-09,0.9999999921417384
2010-12-24,2.2090681364366533e-10,7.637310614051918e-09,0.9999999921417384
2010-12-27,2.2090681364366533e-10,7.637310614051918e-09,0.9999999921417384
2010-12-28,2.2090681364366533e-10,7.637310614051918e-09,0.9999999921417384
2010-12-29,2.2090681364366533e-10,7.637310614051918e-09,0.9999999921417384
2010-12-30,2.2090681364366533e-10,7.637310614051918e-09,0.9999999921417384
2010-12-31,2.2090681364366533e-10,7.637310614051918e-09,0.9999999921417384
2011-01-03,2.2090681364366533e-10,7.637310614051918e-09,0.9999999921417384
2011-01-04,2.2090681364366533e-10,7.637310614051918e-09,0.9999999921417384
2011-01-05,1.0273217800244943e-15,0.9875406856615349,0.01245931433842398
2011-01-06,1.0273217800244943e-15,0.9875406856615349,0.01245931433842398
2011-01-07,1.0273217800244943e-15,0.9875406856615349,0.01245931433842398
2011-01-10,1.0273217800244943e-15,0.9875406856615349,0.01245931433842398
2011-01-11,1.0273217800244943e-15,0.9875406856615349,0.01245931433842398
2011-01-12,1.0273217800244943e-15,0.9875406856615349,0.01245931433842398
2011-01-13,1.0273217800244943e-15,0.9875406856615349,0.01245931433842398
2011-01-14,1.0273217800244943e-15,0.9875406856615349,0.01245931433842398
2011-01-17,1.0273217800244943e-15,0.9875406856615349,0.01245931433842398
2011-01-18,1.0273217800244943e-15,0.9875406856615349,0.01245931433842398
2011-01-19,1.0273217800244943e-15,0.9875406856615349,0.01245931433842398
2011-01-20,1.0273217800244943e-15,0.9875406856615349,0.01245931433842398
2011-01-21,1.0273217800244943e-15,0.9875406856615349,0.01245931433842398
2011-01-24,1.0273217800244943e-15,0.9875406856615349,0.01245931433842398
2011-01-25,1.0273217800244943e-15,0.9875406856615349,0.01245931433842398
2011-01-27,1.0273217800244943e-15,0.9875406856615349,0.01245931433842398
2011-01-28,1.0273217800244943e-15,0.9875406856615349,0.01245931433842398
2011-01-31,1.0273217800244943e-15,0.9875406856615349,0.01245931433842398
2011-02-01,1.0273217800244943e-15,0.9875406856615349,0.01245931433842398
2011-02-02,1.0273217800244943e-15,0.9875406856615349,0.01245931433842398
2011-02-03,1.0273217800244943e-15,0.9875406856615349,0.01245931433842398
2011-02-04,7.732265961649479e-38,2.0839409353211818e-26,1.0
2011-02-07,7.732265961649479e-38,2.0839409353211818e-26,1.0
2011-02-08,7.732265961649479e-38,2.0839409353211818e-26,1.0
2011-02-09,7.732265961649479e-38,2.0839409353211818e-26,1.0
2011-02-10,7.732265961649479e-38,2.0839409353211818e-26,1.0
2011-02-11,7.732265961649479e-38,2.0839409353211818e-26,1.0
2011-02-14,7.732265961649479e-38,2.0839409353211818e-26,1.0
2011-02-15,7.732265961649479e-38,2.0839409353211818e-26,1.0
2011-02-16,7.732265961649479e-38,2.0839409353211818e-26,1.0
2011-02-17,7.732265961649479e-38,2.0839409353211818e-26,1.0
2011-02-18,7.732265961649479e-38,2.0839409353211818e-26,1.0
2011-02-21,7.732265961649479e-38,2.0839409353211818e-26,1.0
2011-02-22,7.732265961649479e-38,2.0839409353211818e-26,1.0
2011-02-23,7.732265961649479e-38,2.0839409353211818e-26,1.0
2011-02-24,7.732265961649479e-38,2.0839409353211818e-26,1.0
2011-02-25,7.732265961649479e-38,2.0839409353211818e-26,1.0
2011-02-28,7.732265961649479e-38,2.0839409353211818e-26,1.0
2011-03-01,7.732265961649479e-38,2.0839409353211818e-26,1.0
2011-03-03,7.732265961649479e-38,2.0839409353211818e-26,1.0
2011-03-04,7.732265961649479e-38,2.0839409353211818e-26,1.0
2011-03-07,7.732265961649479e-38,2.0839409353211818e-26,1.0
2011-03-08,5.46796799668926e-39,1.336859430767286e-11,0.999999999986585
2011-03-09,5.46796799668926e-39,1.336859430767286e-11,0.999999999986585
2011-03-10,5.46796799668926e-39,1.336859430767286e-11,0.999999999986585
2011-03-11,5.46796799668926e-39,1.336859430767286e-11,0.999999999986585
2011-03-14,5.46796799668926e-39,1.336859430767286e-11,0.999999999986585
2011-03-15,5.46796799668926e-39,1.336859430767286e-11,0.999999999986585
2011-03-16,5.46796799668926e-39,1.336859430767286e-11,0.999999999986585
2011-03-17,5.46796799668926e-39,1.336859430767286e-11,0.999999999986585
2011-03-18,5.46796799668926e-39,1.336859430767286e-11,0.999999999986585
2011-03-21,5.46796799668926e-39,1.336859430767286e-11,0.999999999986585
2011-03-22,5.46796799668926e-39,1.336859430767286e-11,0.999999999986585
2011-03-23,5.46796799668926e-39,1.336859430767286e-11,0.999999999986585
2011-03-24,5.46796799668926e-39,1.336859430767286e-11,0.999999999986585
2011-03-25,5.46796799668926e-39,1.336859430767286e-11,0.999999999986585
2011-03-28,5.46796799668926e-39,1.336859430767286e-11,0.999999999986585
2011-03-29,5.46796799668926e-39,1.336859430767286e-11,0.999999999986585
2011-03-30,5.46796799668926e-39,1.336859430767286e-11,0.999999999986585
2011-03-31,5.46796799668926e-39,1.336859430767286e-11,0.999999999986585
2011-04-01,5.46796799668926e-39,1.336859430767286e-11,0.999999999986585
2011-04-04,5.46796799668926e-39,1.336859430767286e-11,0.999999999986585
2011-04-05,5.46796799668926e-39,1.336859430767286e-11,0.999999999986585
2011-04-06,4.804143551207464e-22,0.9997566774991676,0.00024332250089504454
2011-04-07,4.804143551207464e-22,0.9997566774991676,0.00024332250089504454
2011-04-08,4.804143551207464e-22,0.9997566774991676,0.00024332250089504454
2011-04-11,4.804143551207464e-22,0.9997566774991676,0.00024332250089504454
2011-04-13,4.804143551207464e-22,0.9997566774991676,0.00024332250089504454
2011-04-15,4.804143551207464e-22,0.9997566774991676,0.00024332250089504454
2011-04-18,4.804143551207464e-22,0.9997566774991676,0.00024332250089504454
2011-04-19,4.804143551207464e-22,0.9997566774991676,0.00024332250089504454
2011-04-20,4.804143551207464e-22,0.9997566774991676,0.00024332250089504454
2011-04-21,4.804143551207464e-22,0.9997566774991676,0.00024332250089504454
2011-04-25,4.804143551207464e-22,0.9997566774991676,0.00024332250089504454
2011-04-26,4.804143551207464e-22,0.9997566774991676,0.00024332250089504454
2011-04-27,4.804143551207464e-22,0.9997566774991676,0.00024332250089504454
2011-04-28,4.804143551207464e-22,0.9997566774991676,0.00024332250089504454
2011-04-29,4.804143551207464e-22,0.9997566774991676,0.00024332250089504454
2011-05-02,4.804143551207464e-22,0.9997566774991676,0.00024332250089504454
2011-05-03,4.804143551207464e-22,0.9997566774991676,0.00024332250089504454
2011-05-04,4.804143551207464e-22,0.9997566774991676,0.00024332250089504454
2011-05-05,4.804143551207464e-22,0.9997566774991676,0.00024332250089504454
2011-05-06,4.804143551207464e-22,0.9997566774991676,0.00024332250089504454
2011-05-09,4.804143551207464e-22,0.9997566774991676,0.00024332250089504454
2011-05-10,1.2809934378118858e-09,0.9999999987189767,1.488091559548824e-14
2011-05-11,1.2809934378118858e-09,0.9999999987189767,1.488091559548824e-14
2011-05-12,1.2809934378118858e-09,0.9999999987189767,1.488091559548824e-14
2011-05-13,1.2809934378118858e-09,0.9999999987189767,1.488091559548824e-14
2011-05-16,1.2809934378118858e-09,0.9999999987189767,1.488091559548824e-14
2011-05-17,1.2809934378118858e-09,0.9999999987189767,1.488091559548824e-14
2011-05-18,1.2809934378118858e-09,0.9999999987189767,1.488091559548824e-14
2011-05-19,1.2809934378118858e-09,0.9999999987189767,1.488091559548824e-14
2011-05-20,1.2809934378118858e-09,0.9999999987189767,1.488091559548824e-14
2011-05-23,1.2809934378118858e-09,0.9999999987189767,1.488091559548824e-14
2011-05-24,1.2809934378118858e-09,0.9999999987189767,1.488091559548824e-14
2011-05-25,1.2809934378118858e-09,0.9999999987189767,1.488091559548824e-14
2011-05-26,1.2809934378118858e-09,0.9999999987189767,1.488091559548824e-14
2011-05-27,1.2809934378118858e-09,0.9999999987189767,1.488091559548824e-14
2011-05-30,1.2809934378118858e-09,0.9999999987189767,1.488091559548824e-14
2011-05-31,1.2809934378118858e-09,0.9999999987189767,1.488091559548824e-14
2011-06-01,1.2809934378118858e-09,0.9999999987189767,1.488091559548824e-14
2011-06-02,1.2809934378118858e-09,0.9999999987189767,1.488091559548824e-14
2011-06-03,1.2809934378118858e-09,0.9999999987189767,1.488091559548824e-14
2011-06-06,1.2809934378118858e-09,0.9999999987189767,1.488091559548824e-14
2011-06-07,1.2809934378118858e-09,0.9999999987189767,1.488091559548824e-14
2011-06-08,1.2471710500451655e-08,0.9999999875201411,8.164500975169141e-12
2011-06-09,1.2471710500451655e-08,0.9999999875201411,8.164500975169141e-12
2011-06-10,1.2471710500451655e-08,0.9999999875201411,8.164500975169141e-12
2011-06-13,1.2471710500451655e-08,0.9999999875201411,8.164500975169141e-12
2011-06-14,1.2471710500451655e-08,0.9999999875201411,8.164500975169141e-12
2011-06-15,1.2471710500451655e-08,0.9999999875201411,8.164500975169141e-12
2011-06-16,1.2471710500451655e-08,0.9999999875201411,8.164500975169141e-12
2011-06-17,1.2471710500451655e-08,0.9999999875201411,8.164500975169141e-12
2011-06-20,1.2471710500451655e-08,0.9999999875201411,8.164500975169141e-12
2011-06-21,1.2471710500451655e-08,0.9999999875201411,8.164500975169141e-12
2011-06-22,1.2471710500451655e-08,0.9999999875201411,8.164500975169141e-12
2011-06-23,1.2471710500451655e-08,0.9999999875201411,8.164500975169141e-12
2011-06-24,1.2471710500451655e-08,0.9999999875201411,8.164500975169141e-12
2011-06-27,1.2471710500451655e-08,0.9999999875201411,8.164500975169141e-12
2011-06-28,1.2471710500451655e-08,0.9999999875201411,8.164500975169141e-12
2011-06-29,1.2471710500451655e-08,0.9999999875201411,8.164500975169141e-12
2011-06-30,1.2471710500451655e-08,0.9999999875201411,8.164500975169141e-12
2011-07-01,1.2471710500451655e-08,0.9999999875201411,8.164500975169141e-12
2011-07-04,1.2471710500451655e-08,0.9999999875201411,8.164500975169141e-12
2011-07-05,1.2471710500451655e-08,0.9999999875201411,8.164500975169141e-12
2011-07-06,1.2471710500451655e-08,0.9999999875201411,8.164500975169141e-12
2011-07-07,2.0613971063871674e-15,1.0,1.107683889136504e-24
2011-07-08,2.0613971063871674e-15,1.0,1.107683889136504e-24
2011-07-11,2.0613971063871674e-15,1.0,1.107683889136504e-24
2011-07-12,2.0613971063871674e-15,1.0,1.107683889136504e-24
2011-07-13,2.0613971063871674e-15,1.0,1.107683889136504e-24
2011-07-14,2.0613971063871674e-15,1.0,1.107683889136504e-24
2011-07-15,2.0613971063871674e-15,1.0,1.107683889136504e-24
2011-07-18,2.0613971063871674e-15,1.0,1.107683889136504e-24
2011-07-19,2.0613971063871674e-15,1.0,1.107683889136504e-24
2011-07-20,2.0613971063871674e-15,1.0,1.107683889136504e-24
2011-07-21,2.0613971063871674e-15,1.0,1.107683889136504e-24
2011-07-22,2.0613971063871674e-15,1.0,1.107683889136504e-24
2011-07-25,2.0613971063871674e-15,1.0,1.107683889136504e-24
2011-07-26,2.0613971063871674e-15,1.0,1.107683889136504e-24
2011-07-27,2.0613971063871674e-15,1.0,1.107683889136504e-24
2011-07-28,2.0613971063871674e-15,1.0,1.107683889136504e-24
2011-07-29,2.0613971063871674e-15,1.0,1.107683889136504e-24
2011-08-01,2.0613971063871674e-15,1.0,1.107683889136504e-24
2011-08-02,2.0613971063871674e-15,1.0,1.107683889136504e-24
2011-08-03,2.0613971063871674e-15,1.0,1.107683889136504e-24
2011-08-04,2.0613971063871674e-15,1.0,1.107683889136504e-24
2011-08-05,7.210189112397225e-22,1.0,1.0684715330306343e-15
2011-08-08,7.210189112397225e-22,1.0,1.0684715330306343e-15
2011-08-09,7.210189112397225e-22,1.0,1.0684715330306343e-15
2011-08-10,7.210189112397225e-22,1.0,1.0684715330306343e-15
2011-08-11,7.210189112397225e-22,1.0,1.0684715330306343e-15
2011-08-12,7.210189112397225e-22,1.0,1.0684715330306343e-15
2011-08-16,7.210189112397225e-22,1.0,1.0684715330306343e-15
2011-08-17,7.210189112397225e-22,1.0,1.0684715330306343e-15
2011-08-18,7.210189112397225e-22,1.0,1.0684715330306343e-15
2011-08-19,7.210189112397225e-22,1.0,1.0684715330306343e-15
2011-08-22,7.210189112397225e-22,1.0,1.0684715330306343e-15
2011-08-23,7.210189112397225e-22,1.0,1.0684715330306343e-15
2011-08-24,7.210189112397225e-22,1.0,1.0684715330306343e-15
2011-08-25,7.210189112397225e-22,1.0,1.0684715330306343e-15
2011-08-26,7.210189112397225e-22,1.0,1.0684715330306343e-15
2011-08-29,7.210189112397225e-22,1.0,1.0684715330306343e-15
2011-08-30,7.210189112397225e-22,1.0,1.0684715330306343e-15
2011-09-02,7.210189112397225e-22,1.0,1.0684715330306343e-15
2011-09-05,7.210189112397225e-22,1.0,1.0684715330306343e-15
2011-09-06,7.210189112397225e-22,1.0,1.0684715330306343e-15
2011-09-07,7.210189112397225e-22,1.0,1.0684715330306343e-15
2011-09-08,5.8870208214918765e-87,1.6099769589214125e-14,1.0
2011-09-09,5.8870208214918765e-87,1.6099769589214125e-14,1.0
2011-09-12,5.8870208214918765e-87,1.6099769589214125e-14,1.0
2011-09-13,5.8870208214918765e-87,1.6099769589214125e-14,1.0
2011-09-14,5.8870208214918765e-87,1.6099769589214125e-14,1.0
2011-09-15,5.8870208214918765e-87,1.6099769589214125e-14,1.0
2011-09-16,5.8870208214918765e-87,1.6099769589214125e-14,1.0
2011-09-19,5.8870208214918765e-87,1.6099769589214125e-14,1.0
2011-09-20,5.8870208214918765e-87,1.6099769589214125e-14,1.0
2011-09-21,5.8870208214918765e-87,1.6099769589214125e-14,1.0
2011-09-22,5.8870208214918765e-87,1.6099769589214125e-14,1.0
2011-09-23,5.8870208214918765e-87,1.6099769589214125e-14,1.0
2011-09-26,5.8870208214918765e-87,1.6099769589214125e-14,1.0
2011-09-27,5.8870208214918765e-87,1.6099769589214125e-14,1.0
2011-09-28,5.8870208214918765e-87,1.6099769589214125e-14,1.0
2011-09-29,5.8870208214918765e-87,1.6099769589214125e-14,1.0
2011-09-30,5.8870208214918765e-87,1.6099769589214125e-14,1.0
2011-10-03,5.8870208214918765e-87,1.6099769589214125e-14,1.0
2011-10-04,5.8870208214918765e-87,1.6099769589214125e-14,1.0
2011-10-05,5.8870208214918765e-87,1.6099769589214125e-14,1.0
2011-10-07,5.8870208214918765e-87,1.6099769589214125e-14,1.0
2011-10-10,4.13573132974161e-32,8.472170296940776e-23,1.0
2011-10-11,4.13573132974161e-32,8.472170296940776e-23,1.0
2011-10-12,4.13573132974161e-32,8.472170296940776e-23,1.0
2011-10-13,4.13573132974161e-32,8.472170296940776e-23,1.0
2011-10-14,4.13573132974161e-32,8.472170296940776e-23,1.0
2011-10-17,4.13573132974161e-32,8.472170296940776e-23,1.0
2011-10-18,4.13573132974161e-32,8.472170296940776e-23,1.0
2011-10-19,4.13573132974161e-32,8.472170296940776e-23,1.0
2011-10-20,4.13573132974161e-32,8.472170296940776e-23,1.0
2011-10-21,4.13573132974161e-32,8.472170296940776e-23,1.0
2011-10-24,4.13573132974161e-32,8.472170296940776e-23,1.0
2011-10-25,4.13573132974161e-32,8.472170296940776e-23,1.0
2011-10-28,4.13573132974161e-32,8.472170296940776e-23,1.0
2011-10-31,4.13573132974161e-32,8.472170296940776e-23,1.0
2011-11-01,4.13573132974161e-32,8.472170296940776e-23,1.0
2011-11-02,4.13573132974161e-32,8.472170296940776e-23,1.0
2011-11-03,4.13573132974161e-32,8.472170296940776e-23,1.0
2011-11-04,4.13573132974161e-32,8.472170296940776e-23,1.0
2011-11-08,4.13573132974161e-32,8.472170296940776e-23,1.0
2011-11-09,4.13573132974161e-32,8.472170296940776e-23,1.0
2011-11-11,4.13573132974161e-32,8.472170296940776e-23,1.0
2011-11-14,4.1458120082223793e-19,0.0017410968129092047,0.9982589031871298
2011-11-15,4.1458120082223793e-19,0.0017410968129092047,0.9982589031871298
2011-11-16,4.1458120082223793e-19,0.0017410968129092047,0.9982589031871298
2011-11-17,4.1458120082223793e-19,0.0017410968129092047,0.9982589031871298
2011-11-18,4.1458120082223793e-19,0.0017410968129092047,0.9982589031871298
2011-11-21,4.1458120082223793e-19,0.0017410968129092047,0.9982589031871298
2011-11-22,4.1458120082223793e-19,0.0017410968129092047,0.9982589031871298
2011-11-23,4.1458120082223793e-19,0.0017410968129092047,0.9982589031871298
2011-11-24,4.1458120082223793e-19,0.0017410968129092047,0.9982589031871298
2011-11-25,4.1458120082223793e-19,0.0017410968129092047,0.9982589031871298
2011-11-28,4.1458120082223793e-19,0.0017410968129092047,0.9982589031871298
2011-11-29,4.1458120082223793e-19,0.0017410968129092047,0.9982589031871298
2011-11-30,4.1458120082223793e-19,0.0017410968129092047,0.9982589031871298
2011-12-01,4.1458120082223793e-19,0.0017410968129092047,0.9982589031871298
2011-12-02,4.1458120082223793e-19,0.0017410968129092047,0.9982589031871298
2011-12-05,4.1458120082223793e-19,0.0017410968129092047,0.9982589031871298
2011-12-07,4.1458120082223793e-19,0.0017410968129092047,0.9982589031871298
2011-12-08,4.1458120082223793e-19,0.0017410968129092047,0.9982589031871298
2011-12-09,4.1458120082223793e-19,0.0017410968129092047,0.9982589031871298
2011-12-12,4.1458120082223793e-19,0.0017410968129092047,0.9982589031871298
2011-12-13,4.1458120082223793e-19,0.0017410968129092047,0.9982589031871298
2011-12-14,2.2064885084647255e-21,0.9999967752437141,3.2247562847059146e-06
2011-12-15,2.2064885084647255e-21,0.9999967752437141,3.2247562847059146e-06
2011-12-16,2.2064885084647255e-21,0.9999967752437141,3.2247562847059146e-06
2011-12-19,2.2064885084647255e-21,0.9999967752437141,3.2247562847059146e-06
2011-12-20,2.2064885084647255e-21,0.9999967752437141,3.2247562847059146e-06
2011-12-21,2.2064885084647255e-21,0.9999967752437141,3.2247562847059146e-06
2011-12-22,2.2064885084647255e-21,0.9999967752437141,3.2247562847059146e-06
2011-12-23,2.2064885084647255e-21,0.9999967752437141,3.2247562847059146e-06
2011-12-26,2.2064885084647255e-21,0.9999967752437141,3.2247562847059146e-06
2011-12-27,2.2064885084647255e-21,0.9999967752437141,3.2247562847059146e-06
2011-12-28,2.2064885084647255e-21,0.9999967752437141,3.2247562847059146e-06
2011-12-29,2.2064885084647255e-21,0.9999967752437141,3.2247562847059146e-06
2011-12-30,2.2064885084647255e-21,0.9999967752437141,3.2247562847059146e-06
2012-01-02,2.2064885084647255e-21,0.9999967752437141,3.2247562847059146e-06
2012-01-03,2.2064885084647255e-21,0.9999967752437141,3.2247562847059146e-06
2012-01-04,2.2064885084647255e-21,0.9999967752437141,3.2247562847059146e-06
2012-01-05,2.2064885084647255e-21,0.9999967752437141,3.2247562847059146e-06
2012-01-06,2.2064885084647255e-21,0.9999967752437141,3.2247562847059146e-06
2012-01-09,2.2064885084647255e-21,0.9999967752437141,3.2247562847059146e-06
2012-01-10,2.2064885084647255e-21,0.9999967752437141,3.2247562847059146e-06
2012-01-11,2.2064885084647255e-21,0.9999967752437141,3.2247562847059146e-06
2012-01-12,5.578643887519623e-19,0.9999997051234439,2.948765747332857e-07
2012-01-13,5.578643887519623e-19,0.9999997051234439,2.948765747332857e-07
2012-01-16,5.578643887519623e-19,0.9999997051234439,2.948765747332857e-07
2012-01-17,5.578643887519623e-19,0.9999997051234439,2.948765747332857e-07
2012-01-18,5.578643887519623e-19,0.9999997051234439,2.948765747332857e-07
2012-01-19,5.578643887519623e-19,0.9999997051234439,2.948765747332857e-07
2012-01-20,5.578643887519623e-19,0.9999997051234439,2.948765747332857e-07
2012-01-23,5.578643887519623e-19,0.9999997051234439,2.948765747332857e-07
2012-01-24,5.578643887519623e-19,0.9999997051234439,2.948765747332857e-07
2012-01-25,5.578643887519623e-19,0.9999997051234439,2.948765747332857e-07
2012-01-27,5.578643887519623e-19,0.9999997051234439,2.948765747332857e-07
2012-01-30,5.578643887519623e-19,0.9999997051234439,2.948765747332857e-07
2012-01-31,5.578643887519623e-19,0.9999997051234439,2.948765747332857e-07
2012-02-01,5.578643887519623e-19,0.9999997051234439,2.948765747332857e-07
2012-02-02,5.578643887519623e-19,0.9999997051234439,2.948765747332857e-07
2012-02-03,5.578643887519623e-19,0.9999997051234439,2.948765747332857e-07
2012-02-06,5.578643887519623e-19,0.9999997051234439,2.948765747332857e-07
2012-02-07,5.578643887519623e-19,0.9999997051234439,2.948765747332857e-07
2012-02-08,5.578643887519623e-19,0.9999997051234439,2.948765747332857e-07
2012-02-09,5.578643887519623e-19,0.9999997051234439,2.948765747332857e-07
2012-02-10,5.578643887519623e-19,0.9999997051234439,2.948765747332857e-07
2012-02-13,4.886384131029815e-13,0.9999999999995453,2.1650547805283967e-14
2012-02-14,4.886384131029815e-13,0.9999999999995453,2.1650547805283967e-14
2012-02-15,4.886384131029815e-13,0.9999999999995453,2.1650547805283967e-14
2012-02-16,4.886384131029815e-13,0.9999999999995453,2.1650547805283967e-14
2012-02-17,4.886384131029815e-13,0.9999999999995453,2.1650547805283967e-14
2012-02-21,4.886384131029815e-13,0.9999999999995453,2.1650547805283967e-14
2012-02-22,4.886384131029815e-13,0.9999999999995453,2.1650547805283967e-14
2012-02-23,4.886384131029815e-13,0.9999999999995453,2.1650547805283967e-14
2012-02-24,4.886384131029815e-13,0.9999999999995453,2.1650547805283967e-14
2012-02-27,4.886384131029815e-13,0.9999999999995453,2.1650547805283967e-14
2012-02-28,4.886384131029815e-13,0.9999999999995453,2.1650547805283967e-14
2012-02-29,4.886384131029815e-13,0.9999999999995453,2.1650547805283967e-14
2012-03-01,4.886384131029815e-13,0.9999999999995453,2.1650547805283967e-14
2012-03-02,4.886384131029815e-13,0.9999999999995453,2.1650547805283967e-14
2012-03-05,4.886384131029815e-13,0.9999999999995453,2.1650547805283967e-14
2012-03-06,4.886384131029815e-13,0.9999999999995453,2.1650547805283967e-14
2012-03-07,4.886384131029815e-13,0.9999999999995453,2.1650547805283967e-14
2012-03-09,4.886384131029815e-13,0.9999999999995453,2.1650547805283967e-14
2012-03-12,4.886384131029815e-13,0.9999999999995453,2.1650547805283967e-14
2012-03-13,4.886384131029815e-13,0.9999999999995453,2.1650547805283967e-14
2012-03-14,4.886384131029815e-13,0.9999999999995453,2.1650547805283967e-14
2012-03-15,1.0,2.7895144008899137e-59,2.0616022113706666e-43
2012-03-16,1.0,2.7895144008899137e-59,2.0616022113706666e-43
2012-03-19,1.0,2.7895144008899137e-59,2.0616022113706666e-43
2012-03-20,1.0,2.7895144008899137e-59,2.0616022113706666e-43
2012-03-21,1.0,2.7895144008899137e-59,2.0616022113706666e-43
2012-03-22,1.0,2.7895144008899137e-59,2.0616022113706666e-43
2012-03-23,1.0,2.7895144008899137e-59,2.0616022113706666e-43
2012-03-26,1.0,2.7895144008899137e-59,2.0616022113706666e-43
2012-03-27,1.0,2.7895144008899137e-59,2.0616022113706666e-43
2012-03-28,1.0,2.7895144008899137e-59,2.0616022113706666e-43
2012-03-29,1.0,2.7895144008899137e-59,2.0616022113706666e-43
2012-03-30,1.0,2.7895144008899137e-59,2.0616022113706666e-43
2012-04-02,1.0,2.7895144008899137e-59,2.0616022113706666e-43
2012-04-03,1.0,2.7895144008899137e-59,2.0616022113706666e-43
2012-04-04,1.0,2.7895144008899137e-59,2.0616022113706666e-43
2012-04-09,1.0,2.7895144008899137e-59,2.0616022113706666e-43
2012-04-10,1.0,2.7895144008899137e-59,2.0616022113706666e-43
2012-04-11,1.0,2.7895144008899137e-59,2.0616022113706666e-43
2012-04-12,1.0,2.7895144008899137e-59,2.0616022113706666e-43
2012-04-13,1.0,2.7895144008899137e-59,2.0616022113706666e-43
2012-04-16,1.0,2.7895144008899137e-59,2.0616022113706666e-43
2012-04-17,1.0,1.129958735962924e-58,2.9282804948894967e-28
2012-04-18,1.0,1.129958735962924e-58,2.9282804948894967e-28
2012-04-19,1.0,1.129958735962924e-58,2.9282804948894967e-28
2012-04-20,1.0,1.129958735962924e-58,2.9282804948894967e-28
2012-04-23,1.0,1.129958735962924e-58,2.9282804948894967e-28
2012-04-24,1.0,1.129958735962924e-58,2.9282804948894967e-28
2012-04-25,1.0,1.129958735962924e-58,2.9282804948894967e-28
2012-04-26,1.0,1.129958735962924e-58,2.9282804948894967e-28
2012-04-27,1.0,1.129958735962924e-58,2.9282804948894967e-28
2012-04-30,1.0,1.129958735962924e-58,2.9282804948894967e-28
2012-05-02,1.0,1.129958735962924e-58,2.9282804948894967e-28
2012-05-03,1.0,1.129958735962924e-58,2.9282804948894967e-28
2012-05-04,1.0,1.129958735962924e-58,2.9282804948894967e-28
2012-05-07,1.0,1.129958735962924e-58,2.9282804948894967e-28
2012-05-08,1.0,1.129958735962924e-58,2.9282804948894967e-28
2012-05-09,1.0,1.129958735962924e-58,2.9282804948894967e-28
2012-05-10,1.0,1.129958735962924e-58,2.9282804948894967e-28
2012-05-11,1.0,1.129958735962924e-58,2.9282804948894967e-28
2012-05-14,1.0,1.129958735962924e-58,2.9282804948894967e-28
2012-05-15,1.0,1.129958735962924e-58,2.9282804948894967e-28
2012-05-16,1.0,1.129958735962924e-58,2.9282804948894967e-28
2012-05-17,2.3087652139128485e-17,0.9999993944208669,6.05579236274589e-07
2012-05-18,2.3087652139128485e-17,0.9999993944208669,6.05579236274589e-07
2012-05-21,2.3087652139128485e-17,0.9999993944208669,6.05579236274589e-07
2012-05-22,2.3087652139128485e-17,0.9999993944208669,6.05579236274589e-07
2012-05-23,2.3087652139128485e-17,0.9999993944208669,6.05579236274589e-07
2012-05-24,2.3087652139128485e-17,0.9999993944208669,6.05579236274589e-07
2013-01-31,2.3087652139128485e-17,0.9999993944208669,6.05579236274589e-07
2013-02-01,2.3087652139128485e-17,0.9999993944208669,6.05579236274589e-07
2013-02-04,2.3087652139128485e-17,0.9999993944208669,6.05579236274589e-07
2013-02-05,2.3087652139128485e-17,0.9999993944208669,6.05579236274589e-07
2013-02-06,2.3087652139128485e-17,0.9999993944208669,6.05579236274589e-07
2013-02-07,2.3087652139128485e-17,0.9999993944208669,6.05579236274589e-07
2013-02-08,2.3087652139128485e-17,0.9999993944208669,6.05579236274589e-07
2013-02-11,2.3087652139128485e-17,0.9999993944208669,6.05579236274589e-07
2013-02-12,2.3087652139128485e-17,0.9999993944208669,6.05579236274589e-07
2013-02-13,2.3087652139128485e-17,0.9999993944208669,6.05579236274589e-07
2013-02-14,2.3087652139128485e-17,0.9999993944208669,6.05579236274589e-07
2013-02-15,2.3087652139128485e-17,0.9999993944208669,6.05579236274589e-07
2013-02-18,2.3087652139128485e-17,0.9999993944208669,6.05579236274589e-07
2013-02-19,2.3087652139128485e-17,0.9999993944208669,6.05579236274589e-07
2013-02-20,2.3087652139128485e-17,0.9999993944208669,6.05579236274589e-07
2013-02-21,7.662852624780864e-25,0.9999999976801064,2.3197983655473622e-09
2013-02-22,7.662852624780864e-25,0.9999999976801064,2.3197983655473622e-09
2013-02-25,7.662852624780864e-25,0.9999999976801064,2.3197983655473622e-09
2013-02-26,7.662852624780864e-25,0.9999999976801064,2.3197983655473622e-09
2013-02-27,7.662852624780864e-25,0.9999999976801064,2.3197983655473622e-09
2013-02-28,7.662852624780864e-25,0.9999999976801064,2.3197983655473622e-09
2013-03-01,7.662852624780864e-25,0.9999999976801064,2.3197983655473622e-09
2013-03-04,7.662852624780864e-25,0.9999999976801064,2.3197983655473622e-09
2013-03-05,7.662852624780864e-25,0.9999999976801064,2.3197983655473622e-09
2013-03-06,7.662852624780864e-25,0.9999999976801064,2.3197983655473622e-09
2013-03-07,7.662852624780864e-25,0.9999999976801064,2.3197983655473622e-09
2013-03-08,7.662852624780864e-25,0.9999999976801064,2.3197983655473622e-09
2013-03-11,7.662852624780864e-25,0.9999999976801064,2.3197983655473622e-09
2013-03-12,7.662852624780864e-25,0.9999999976801064,2.3197983655473622e-09
2013-03-13,7.662852624780864e-25,0.9999999976801064,2.3197983655473622e-09
2013-03-14,7.662852624780864e-25,0.9999999976801064,2.3197983655473622e-09
2013-03-15,7.662852624780864e-25,0.9999999976801064,2.3197983655473622e-09
2013-03-18,7.662852624780864e-25,0.9999999976801064,2.3197983655473622e-09
2013-03-19,7.662852624780864e-25,0.9999999976801064,2.3197983655473622e-09
2013-03-20,7.662852624780864e-25,0.9999999976801064,2.3197983655473622e-09
2013-03-21,7.662852624780864e-25,0.9999999976801064,2.3197983655473622e-09
2013-03-22,6.615835416656124e-26,1.0,4.621395858934771e-17
2013-03-25,6.615835416656124e-26,1.0,4.621395858934771e-17
2013-03-26,6.615835416656124e-26,1.0,4.621395858934771e-17
2013-03-28,6.615835416656124e-26,1.0,4.621395858934771e-17
2013-04-01,6.615835416656124e-26,1.0,4.621395858934771e-17
2013-04-02,6.615835416656124e-26,1.0,4.621395858934771e-17
2013-04-03,6.615835416656124e-26,1.0,4.621395858934771e-17
2013-04-04,6.615835416656124e-26,1.0,4.621395858934771e-17
2013-04-05,6.615835416656124e-26,1.0,4.621395858934771e-17
2013-04-08,6.615835416656124e-26,1.0,4.621395858934771e-17
2013-04-09,6.615835416656124e-26,1.0,4.621395858934771e-17
2013-04-10,6.615835416656124e-26,1.0,4.621395858934771e-17
2013-04-11,6.615835416656124e-26,1.0,4.621395858934771e-17
2013-04-12,6.615835416656124e-26,1.0,4.621395858934771e-17
2013-04-15,6.615835416656124e-26,1.0,4.621395858934771e-17
2013-04-16,6.615835416656124e-26,1.0,4.621395858934771e-17
2013-04-17,6.615835416656124e-26,1.0,4.621395858934771e-17
2013-04-18,6.615835416656124e-26,1.0,4.621395858934771e-17
2013-04-22,6.615835416656124e-26,1.0,4.621395858934771e-17
2013-04-23,6.615835416656124e-26,1.0,4.621395858934771e-17
2013-04-25,6.615835416656124e-26,1.0,4.621395858934771e-17
2013-04-26,8.052319352859307e-49,1.0,5.186469545457726e-75
2013-04-29,8.052319352859307e-49,1.0,5.186469545457726e-75
2013-04-30,8.052319352859307e-49,1.0,5.186469545457726e-75
2013-05-02,8.052319352859307e-49,1.0,5.186469545457726e-75
2013-05-03,8.052319352859307e-49,1.0,5.186469545457726e-75
2013-05-06,8.052319352859307e-49,1.0,5.186469545457726e-75
2013-05-07,8.052319352859307e-49,1.0,5.186469545457726e-75
2013-05-08,8.052319352859307e-49,1.0,5.186469545457726e-75
2013-05-09,8.052319352859307e-49,1.0,5.186469545457726e-75
2013-05-10,8.052319352859307e-49,1.0,5.186469545457726e-75
2013-05-13,8.052319352859307e-49,1.0,5.186469545457726e-75
2013-05-14,8.052319352859307e-49,1.0,5.186469545457726e-75
2013-05-15,8.052319352859307e-49,1.0,5.186469545457726e-75
2013-05-16,8.052319352859307e-49,1.0,5.186469545457726e-75
2013-05-17,8.052319352859307e-49,1.0,5.186469545457726e-75
2013-05-20,8.052319352859307e-49,1.0,5.186469545457726e-75
2013-05-21,8.052319352859307e-49,1.0,5.186469545457726e-75
2013-05-22,8.052319352859307e-49,1.0,5.186469545457726e-75
2013-05-23,8.052319352859307e-49,1.0,5.186469545457726e-75
2013-05-24,8.052319352859307e-49,1.0,5.186469545457726e-75
2013-05-27,8.052319352859307e-49,1.0,5.186469545457726e-75
2013-05-28,6.692684546443974e-32,1.0,1.337417975701481e-23
2013-05-29,6.692684546443974e-32,1.0,1.337417975701481e-23
2013-05-30,6.692684546443974e-32,1.0,1.337417975701481e-23
2013-05-31,6.692684546443974e-32,1.0,1.337417975701481e-23
2013-06-03,6.692684546443974e-32,1.0,1.337417975701481e-23
2013-06-04,6.692684546443974e-32,1.0,1.337417975701481e-23
2013-06-05,6.692684546443974e-32,1.0,1.337417975701481e-23
2013-06-06,6.692684546443974e-32,1.0,1.337417975701481e-23
2013-06-07,6.692684546443974e-32,1.0,1.337417975701481e-23
2013-06-10,6.692684546443974e-32,1.0,1.337417975701481e-23
2013-06-11,6.692684546443974e-32,1.0,1.337417975701481e-23
2013-06-12,6.692684546443974e-32,1.0,1.337417975701481e-23
2013-06-13,6.692684546443974e-32,1.0,1.337417975701481e-23
2013-06-14,6.692684546443974e-32,1.0,1.337417975701481e-23
2013-06-17,6.692684546443974e-32,1.0,1.337417975701481e-23
2013-06-18,6.692684546443974e-32,1.0,1.337417975701481e-23
2013-06-19,6.692684546443974e-32,1.0,1.337417975701481e-23
2013-06-20,6.692684546443974e-32,1.0,1.337417975701481e-23
2013-06-21,6.692684546443974e-32,1.0,1.337417975701481e-23
2013-06-24,6.692684546443974e-32,1.0,1.337417975701481e-23
2013-06-25,6.692684546443974e-32,1.0,1.337417975701481e-23
2013-06-26,2.2144615542509598e-39,1.0,5.415595590283256e-28
2013-06-27,2.2144615542509598e-39,1.0,5.415595590283256e-28
2013-06-28,2.2144615542509598e-39,1.0,5.415595590283256e-28
2013-07-01,2.2144615542509598e-39,1.0,5.415595590283256e-28
2013-07-02,2.2144615542509598e-39,1.0,5.415595590283256e-28
2013-07-03,2.2144615542509598e-39,1.0,5.415595590283256e-28
2013-07-04,2.2144615542509598e-39,1.0,5.415595590283256e-28
2013-07-05,2.2144615542509598e-39,1.0,5.415595590283256e-28
2013-07-08,2.2144615542509598e-39,1.0,5.415595590283256e-28
2013-07-09,2.2144615542509598e-39,1.0,5.415595590283256e-28
2013-07-10,2.2144615542509598e-39,1.0,5.415595590283256e-28
2013-07-11,2.2144615542509598e-39,1.0,5.415595590283256e-28
2013-07-12,2.2144615542509598e-39,1.0,5.415595590283256e-28
2013-07-15,2.2144615542509598e-39,1.0,5.415595590283256e-28
2013-07-16,2.2144615542509598e-39,1.0,5.415595590283256e-28
2013-07-17,2.2144615542509598e-39,1.0,5.415595590283256e-28
2013-07-18,2.2144615542509598e-39,1.0,5.415595590283256e-28
2013-07-19,2.2144615542509598e-39,1.0,5.415595590283256e-28
2013-07-22,2.2144615542509598e-39,1.0,5.415595590283256e-28
2013-07-23,2.2144615542509598e-39,1.0,5.415595590283256e-28
2013-07-24,2.2144615542509598e-39,1.0,5.415595590283256e-28
2013-07-25,1.9008716596864205e-14,0.9999999874978585,1.2502172383035307e-08
2013-07-26,1.9008716596864205e-14,0.9999999874978585,1.2502172383035307e-08
2013-07-29,1.9008716596864205e-14,0.9999999874978585,1.2502172383035307e-08
2013-07-30,1.9008716596864205e-14,0.9999999874978585,1.2502172383035307e-08
2013-07-31,1.9008716596864205e-14,0.9999999874978585,1.2502172383035307e-08
2013-08-01,1.9008716596864205e-14,0.9999999874978585,1.2502172383035307e-08
2013-08-02,1.9008716596864205e-14,0.9999999874978585,1.2502172383035307e-08
2013-08-05,1.9008716596864205e-14,0.9999999874978585,1.2502172383035307e-08
2013-08-06,1.9008716596864205e-14,0.9999999874978585,1.2502172383035307e-08
2013-08-07,1.9008716596864205e-14,0.9999999874978585,1.2502172383035307e-08
2013-08-08,1.9008716596864205e-14,0.9999999874978585,1.2502172383035307e-08
2013-08-12,1.9008716596864205e-14,0.9999999874978585,1.2502172383035307e-08
2013-08-13,1.9008716596864205e-14,0.9999999874978585,1.2502172383035307e-08
2013-08-14,1.9008716596864205e-14,0.9999999874978585,1.2502172383035307e-08
2013-08-16,1.9008716596864205e-14,0.9999999874978585,1.2502172383035307e-08
2013-08-19,1.9008716596864205e-14,0.9999999874978585,1.2502172383035307e-08
2013-08-20,1.9008716596864205e-14,0.9999999874978585,1.2502172383035307e-08
2013-08-21,1.9008716596864205e-14,0.9999999874978585,1.2502172383035307e-08
2013-08-22,1.9008716596864205e-14,0.9999999874978585,1.2502172383035307e-08
2013-08-23,1.9008716596864205e-14,0.9999999874978585,1.2502172383035307e-08
2013-08-26,1.9008716596864205e-14,0.9999999874978585,1.2502172383035307e-08
2013-08-27,2.458147028792157e-09,7.97849423490538e-07,0.9999991996925038
2013-08-28,2.458147028792157e-09,7.97849423490538e-07,0.9999991996925038
2013-08-29,2.458147028792157e-09,7.97849423490538e-07,0.9999991996925038
2013-08-30,2.458147028792157e-09,7.97849423490538e-07,0.9999991996925038
2013-09-02,2.458147028792157e-09,7.97849423490538e-07,0.9999991996925038
2013-09-03,2.458147028792157e-09,7.97849423490538e-07,0.9999991996925038
2013-09-04,2.458147028792157e-09,7.97849423490538e-07,0.9999991996925038
2013-09-05,2.458147028792157e-09,7.97849423490538e-07,0.9999991996925038
2013-09-06,2.458147028792157e-09,7.97849423490538e-07,0.9999991996925038
2013-09-10,2.458147028792157e-09,7.97849423490538e-07,0.9999991996925038
2013-09-11,2.458147028792157e-09,7.97849423490538e-07,0.9999991996925038
2013-09-12,2.458147028792157e-09,7.97849423490538e-07,0.9999991996925038
2013-09-13,2.458147028792157e-09,7.97849423490538e-07,0.9999991996925038
2013-09-16,2.458147028792157e-09,7.97849423490538e-07,0.9999991996925038
2013-09-17,2.458147028792157e-09,7.97849423490538e-07,0.9999991996925038
2013-09-18,2.458147028792157e-09,7.97849423490538e-07,0.9999991996925038
2013-09-19,2.458147028792157e-09,7.97849423490538e-07,0.9999991996925038
2013-09-20,2.458147028792157e-09,7.97849423490538e-07,0.9999991996925038
2013-09-23,2.458147028792157e-09,7.97849423490538e-07,0.9999991996925038
2013-09-24,2.458147028792157e-09,7.97849423490538e-07,0.9999991996925038
2013-09-25,2.458147028792157e-09,7.97849423490538e-07,0.9999991996925038
2013-09-26,2.502891568724808e-39,2.380484438956659e-10,0.9999999997619398
2013-09-27,2.502891568724808e-39,2.380484438956659e-10,0.9999999997619398
2013-09-30,2.502891568724808e-39,2.380484438956659e-10,0.9999999997619398
2013-10-01,2.502891568724808e-39,2.380484438956659e-10,0.9999999997619398
2013-10-03,2.502891568724808e-39,2.380484438956659e-10,0.9999999997619398
2013-10-04,2.502891568724808e-39,2.380484438956659e-10,0.9999999997619398
2013-10-07,2.502891568724808e-39,2.380484438956659e-10,0.9999999997619398
2013-10-08,2.502891568724808e-39,2.380484438956659e-10,0.9999999997619398
2013-10-09,2.502891568724808e-39,2.380484438956659e-10,0.9999999997619398
2013-10-10,2.502891568724808e-39,2.380484438956659e-10,0.9999999997619398
2013-10-11,2.502891568724808e-39,2.380484438956659e-10,0.9999999997619398
2013-10-14,2.502891568724808e-39,2.380484438956659e-10,0.9999999997619398
2013-10-15,2.502891568724808e-39,2.380484438956659e-10,0.9999999997619398
2013-10-17,2.502891568724808e-39,2.380484438956659e-10,0.9999999997619398
2013-10-18,2.502891568724808e-39,2.380484438956659e-10,0.9999999997619398
2013-10-21,2.502891568724808e-39,2.380484438956659e-10,0.9999999997619398
2013-10-22,2.502891568724808e-39,2.380484438956659e-10,0.9999999997619398
2013-10-23,2.502891568724808e-39,2.380484438956659e-10,0.9999999997619398
2013-10-24,2.502891568724808e-39,2.380484438956659e-10,0.9999999997619398
2013-10-25,2.502891568724808e-39,2.380484438956659e-10,0.9999999997619398
2013-10-28,2.502891568724808e-39,2.380484438956659e-10,0.9999999997619398
2013-10-29,4.9330528911494866e-71,2.7735663255067734e-05,0.9999722643366721
2013-10-30,4.9330528911494866e-71,2.7735663255067734e-05,0.9999722643366721
2013-10-31,4.9330528911494866e-71,2.7735663255067734e-05,0.9999722643366721
2013-11-01,4.9330528911494866e-71,2.7735663255067734e-05,0.9999722643366721
2013-11-05,4.9330528911494866e-71,2.7735663255067734e-05,0.9999722643366721
2013-11-06,4.9330528911494866e-71,2.7735663255067734e-05,0.9999722643366721
2013-11-07,4.9330528911494866e-71,2.7735663255067734e-05,0.9999722643366721
2013-11-08,4.9330528911494866e-71,2.7735663255067734e-05,0.9999722643366721
2013-11-11,4.9330528911494866e-71,2.7735663255067734e-05,0.9999722643366721
2013-11-12,4.9330528911494866e-71,2.7735663255067734e-05,0.9999722643366721
2013-11-13,4.9330528911494866e-71,2.7735663255067734e-05,0.9999722643366721
2013-11-14,4.9330528911494866e-71,2.7735663255067734e-05,0.9999722643366721
2013-11-18,4.9330528911494866e-71,2.7735663255067734e-05,0.9999722643366721
2013-11-19,4.9330528911494866e-71,2.7735663255067734e-05,0.9999722643366721
2013-11-20,4.9330528911494866e-71,2.7735663255067734e-05,0.9999722643366721
2013-11-21,4.9330528911494866e-71,2.7735663255067734e-05,0.9999722643366721
2013-11-22,4.9330528911494866e-71,2.7735663255067734e-05,0.9999722643366721
2013-11-25,4.9330528911494866e-71,2.7735663255067734e-05,0.9999722643366721
2013-11-26,4.9330528911494866e-71,2.7735663255067734e-05,0.9999722643366721
2013-11-27,4.9330528911494866e-71,2.7735663255067734e-05,0.9999722643366721
2013-11-28,4.9330528911494866e-71,2.7735663255067734e-05,0.9999722643366721
2013-11-29,0.9999999983926955,1.6043375663906164e-09,3.037575325396692e-12
2013-12-02,0.9999999983926955,1.6043375663906164e-09,3.037575325396692e-12
2013-12-03,0.9999999983926955,1.6043375663906164e-09,3.037575325396692e-12
2013-12-04,0.9999999983926955,1.6043375663906164e-09,3.037575325396692e-12
2013-12-05,0.9999999983926955,1.6043375663906164e-09,3.037575325396692e-12
2013-12-06,0.9999999983926955,1.6043375663906164e-09,3.037575325396692e-12
2013-12-09,0.9999999983926955,1.6043375663906164e-09,3.037575325396692e-12
2013-12-10,0.9999999983926955,1.6043375663906164e-09,3.037575325396692e-12
2013-12-11,0.9999999983926955,1.6043375663906164e-09,3.037575325396692e-12
2013-12-12,0.9999999983926955,1.6043375663906164e-09,3.037575325396692e-12
2013-12-13,0.9999999983926955,1.6043375663906164e-09,3.037575325396692e-12
2013-12-16,0.9999999983926955,1.6043375663906164e-09,3.037575325396692e-12
2013-12-17,0.9999999983926955,1.6043375663906164e-09,3.037575325396692e-12
2013-12-18,0.9999999983926955,1.6043375663906164e-09,3.037575325396692e-12
2013-12-19,0.9999999983926955,1.6043375663906164e-09,3.037575325396692e-12
2013-12-20,0.9999999983926955,1.6043375663906164e-09,3.037575325396692e-12
2013-12-23,0.9999999983926955,1.6043375663906164e-09,3.037575325396692e-12
2013-12-24,0.9999999983926955,1.6043375663906164e-09,3.037575325396692e-12
2013-12-26,0.9999999983926955,1.6043375663906164e-09,3.037575325396692e-12
2013-12-27,0.9999999983926955,1.6043375663906164e-09,3.037575325396692e-12
2013-12-30,0.9999999983926955,1.6043375663906164e-09,3.037575325396692e-12
2013-12-31,0.9999997396203409,2.603795905706194e-07,1.7103184150790066e-15
2014-01-01,0.9999997396203409,2.603795905706194e-07,1.7103184150790066e-15
2014-01-02,0.9999997396203409,2.603795905706194e-07,1.7103184150790066e-15
2014-01-03,0.9999997396203409,2.603795905706194e-07,1.7103184150790066e-15
2014-01-06,0.9999997396203409,2.603795905706194e-07,1.7103184150790066e-15
2014-01-07,0.9999997396203409,2.603795905706194e-07,1.7103184150790066e-15
2014-01-08,0.9999997396203409,2.603795905706194e-07,1.7103184150790066e-15
2014-01-09,0.9999997396203409,2.603795905706194e-07,1.7103184150790066e-15
2014-01-10,0.9999997396203409,2.603795905706194e-07,1.7103184150790066e-15
2014-01-13,0.9999997396203409,2.603795905706194e-07,1.7103184150790066e-15
2014-01-14,0.9999997396203409,2.603795905706194e-07,1.7103184150790066e-15
2014-01-15,0.9999997396203409,2.603795905706194e-07,1.7103184150790066e-15
2014-01-16,0.9999997396203409,2.603795905706194e-07,1.7103184150790066e-15
2014-01-17,0.9999997396203409,2.603795905706194e-07,1.7103184150790066e-15
2014-01-20,0.9999997396203409,2.603795905706194e-07,1.7103184150790066e-15
2014-01-21,0.9999997396203409,2.603795905706194e-07,1.7103184150790066e-15
2014-01-22,0.9999997396203409,2.603795905706194e-07,1.7103184150790066e-15
2014-01-23,0.9999997396203409,2.603795905706194e-07,1.7103184150790066e-15
2014-01-24,0.9999997396203409,2.603795905706194e-07,1.7103184150790066e-15
2014-01-27,0.9999997396203409,2.603795905706194e-07,1.7103184150790066e-15
2014-01-28,0.9999997396203409,2.603795905706194e-07,1.7103184150790066e-15
2014-01-29,0.9994926976904694,0.0005072934634544802,8.845962924627629e-09
2014-01-30,0.9994926976904694,0.0005072934634544802,8.845962924627629e-09
2014-01-31,0.9994926976904694,0.0005072934634544802,8.845962924627629e-09
2014-02-03,0.9994926976904694,0.0005072934634544802,8.845962924627629e-09
2014-02-04,0.9994926976904694,0.0005072934634544802,8.845962924627629e-09
2014-02-05,0.9994926976904694,0.0005072934634544802,8.845962924627629e-09
2014-02-06,0.9994926976904694,0.0005072934634544802,8.845962924627629e-09
2014-02-07,0.9994926976904694,0.0005072934634544802,8.845962924627629e-09
2014-02-10,0.9994926976904694,0.0005072934634544802,8.845962924627629e-09
2014-02-11,0.9994926976904694,0.0005072934634544802,8.845962924627629e-09
2014-02-12,0.9994926976904694,0.0005072934634544802,8.845962924627629e-09
2014-02-13,0.9994926976904694,0.0005072934634544802,8.845962924627629e-09
2014-02-14,0.9994926976904694,0.0005072934634544802,8.845962924627629e-09
2014-02-17,0.9994926976904694,0.0005072934634544802,8.845962924627629e-09
2014-02-18,0.9994926976904694,0.0005072934634544802,8.845962924627629e-09
2014-02-19,0.9994926976904694,0.0005072934634544802,8.845962924627629e-09
2014-02-20,0.9994926976904694,0.0005072934634544802,8.845962924627629e-09
2014-02-21,0.9994926976904694,0.0005072934634544802,8.845962924627629e-09
2014-02-24,0.9994926976904694,0.0005072934634544802,8.845962924627629e-09
2014-02-25,0.9994926976904694,0.0005072934634544802,8.845962924627629e-09
2014-02-26,0.9994926976904694,0.0005072934634544802,8.845962924627629e-09
2014-02-28,1.0,6.320933610997879e-22,1.7842277285954516e-17
2014-03-03,1.0,6.320933610997879e-22,1.7842277285954516e-17
2014-03-04,1.0,6.320933610997879e-22,1.7842277285954516e-17
2014-03-05,1.0,6.320933610997879e-22,1.7842277285954516e-17
2014-03-06,1.0,6.320933610997879e-22,1.7842277285954516e-17
2014-03-07,1.0,6.320933610997879e-22,1.7842277285954516e-17
2014-03-10,1.0,6.320933610997879e-22,1.7842277285954516e-17
2014-03-11,1.0,6.320933610997879e-22,1.7842277285954516e-17
2014-03-12,1.0,6.320933610997879e-22,1.7842277285954516e-17
2014-03-13,1.0,6.320933610997879e-22,1.7842277285954516e-17
2014-03-14,1.0,6.320933610997879e-22,1.7842277285954516e-17
2014-03-18,1.0,6.320933610997879e-22,1.7842277285954516e-17
2014-03-19,1.0,6.320933610997879e-22,1.7842277285954516e-17
2014-03-20,1.0,6.320933610997879e-22,1.7842277285954516e-17
2014-03-21,1.0,6.320933610997879e-22,1.7842277285954516e-17
2014-03-24,1.0,6.320933610997879e-22,1.7842277285954516e-17
2014-03-25,1.0,6.320933610997879e-22,1.7842277285954516e-17
2014-03-26,1.0,6.320933610997879e-22,1.7842277285954516e-17
2014-03-27,1.0,6.320933610997879e-22,1.7842277285954516e-17
2014-03-28,1.0,6.320933610997879e-22,1.7842277285954516e-17
2014-03-31,1.0,6.320933610997879e-22,1.7842277285954516e-17
2014-04-01,1.0,5.363513042817925e-76,1.3083000978158257e-54
2014-04-02,1.0,5.363513042817925e-76,1.3083000978158257e-54
2014-04-03,1.0,5.363513042817925e-76,1.3083000978158257e-54
2014-04-04,1.0,5.363513042817925e-76,1.3083000978158257e-54
2014-04-07,1.0,5.363513042817925e-76,1.3083000978158257e-54
2014-04-09,1.0,5.363513042817925e-76,1.3083000978158257e-54
2014-04-10,1.0,5.363513042817925e-76,1.3083000978158257e-54
2014-04-11,1.0,5.363513042817925e-76,1.3083000978158257e-54
2014-04-15,1.0,5.363513042817925e-76,1.3083000978158257e-54
2014-04-16,1.0,5.363513042817925e-76,1.3083000978158257e-54
2014-04-17,1.0,5.363513042817925e-76,1.3083000978158257e-54
2014-04-21,1.0,5.363513042817925e-76,1.3083000978158257e-54
2014-04-22,1.0,5.363513042817925e-76,1.3083000978158257e-54
2014-04-23,1.0,5.363513042817925e-76,1.3083000978158257e-54
2014-04-25,1.0,5.363513042817925e-76,1.3083000978158257e-54
2014-04-28,1.0,5.363513042817925e-76,1.3083000978158257e-54
2014-04-29,1.0,5.363513042817925e-76,1.3083000978158257e-54
2014-04-30,1.0,5.363513042817925e-76,1.3083000978158257e-54
2014-05-02,1.0,5.363513042817925e-76,1.3083000978158257e-54
2014-05-05,1.0,5.363513042817925e-76,1.3083000978158257e-54
2014-05-06,1.0,5.363513042817925e-76,1.3083000978158257e-54
2014-05-07,1.0,4.229132257660018e-37,2.154491565911043e-56
2014-05-08,1.0,4.229132257660018e-37,2.154491565911043e-56
2014-05-09,1.0,4.229132257660018e-37,2.154491565911043e-56
2014-05-12,1.0,4.229132257660018e-37,2.154491565911043e-56
2014-05-13,1.0,4.229132257660018e-37,2.154491565911043e-56
2014-05-14,1.0,4.229132257660018e-37,2.154491565911043e-56
2014-05-15,1.0,4.229132257660018e-37,2.154491565911043e-56
2014-05-16,1.0,4.229132257660018e-37,2.154491565911043e-56
2014-05-19,1.0,4.229132257660018e-37,2.154491565911043e-56
2014-05-20,1.0,4.229132257660018e-37,2.154491565911043e-56
2014-05-21,1.0,4.229132257660018e-37,2.154491565911043e-56
2014-05-22,1.0,4.229132257660018e-37,2.154491565911043e-56
2014-05-23,1.0,4.229132257660018e-37,2.154491565911043e-56
2014-05-26,1.0,4.229132257660018e-37,2.154491565911043e-56
2014-05-27,1.0,4.229132257660018e-37,2.154491565911043e-56
2014-05-28,1.0,4.229132257660018e-37,2.154491565911043e-56
2014-05-29,1.0,4.229132257660018e-37,2.154491565911043e-56
2014-05-30,1.0,4.229132257660018e-37,2.154491565911043e-56
2014-06-02,1.0,4.229132257660018e-37,2.154491565911043e-56
2014-06-03,1.0,4.229132257660018e-37,2.154491565911043e-56
2014-06-04,1.0,4.229132257660018e-37,2.154491565911043e-56
2014-06-05,6.105877919484167e-22,2.4010287943461124e-11,0.9999999999758984
2014-06-06,6.105877919484167e-22,2.4010287943461124e-11,0.9999999999758984
2014-06-09,6.105877919484167e-22,2.4010287943461124e-11,0.9999999999758984
2014-06-10,6.105877919484167e-22,2.4010287943461124e-11,0.9999999999758984
2014-06-11,6.105877919484167e-22,2.4010287943461124e-11,0.9999999999758984
2014-06-12,6.105877919484167e-22,2.4010287943461124e-11,0.9999999999758984
2014-06-13,6.105877919484167e-22,2.4010287943461124e-11,0.9999999999758984
2014-06-16,6.105877919484167e-22,2.4010287943461124e-11,0.9999999999758984
2014-06-17,6.105877919484167e-22,2.4010287943461124e-11,0.9999999999758984
2014-06-18,6.105877919484167e-22,2.4010287943461124e-11,0.9999999999758984
2014-06-19,6.105877919484167e-22,2.4010287943461124e-11,0.9999999999758984
2014-06-20,6.105877919484167e-22,2.4010287943461124e-11,0.9999999999758984
2014-06-23,6.105877919484167e-22,2.4010287943461124e-11,0.9999999999758984
2014-06-24,6.105877919484167e-22,2.4010287943461124e-11,0.9999999999758984
2014-06-25,6.105877919484167e-22,2.4010287943461124e-11,0.9999999999758984
2014-06-26,6.105877919484167e-22,2.4010287943461124e-11,0.9999999999758984
2014-06-27,6.105877919484167e-22,2.4010287943461124e-11,0.9999999999758984
2014-06-30,6.105877919484167e-22,2.4010287943461124e-11,0.9999999999758984
2014-07-01,6.105877919484167e-22,2.4010287943461124e-11,0.9999999999758984
2014-07-02,6.105877919484167e-22,2.4010287943461124e-11,0.9999999999758984
2014-07-03,6.105877919484167e-22,2.4010287943461124e-11,0.9999999999758984
2014-07-04,0.9999999999997726,2.315604226891162e-13,1.6388268114323987e-22
2014-07-07,0.9999999999997726,2.315604226891162e-13,1.6388268114323987e-22
2014-07-08,0.9999999999997726,2.315604226891162e-13,1.6388268114323987e-22
2014-07-09,0.9999999999997726,2.315604226891162e-13,1.6388268114323987e-22
2014-07-10,0.9999999999997726,2.315604226891162e-13,1.6388268114323987e-22
2014-07-11,0.9999999999997726,2.315604226891162e-13,1.6388268114323987e-22
2014-07-14,0.9999999999997726,2.315604226891162e-13,1.6388268114323987e-22
2014-07-15,0.9999999999997726,2.315604226891162e-13,1.6388268114323987e-22
2014-07-16,0.9999999999997726,2.315604226891162e-13,1.6388268114323987e-22
2014-07-17,0.9999999999997726,2.315604226891162e-13,1.6388268114323987e-22
2014-07-18,0.9999999999997726,2.315604226891162e-13,1.6388268114323987e-22
2014-07-21,0.9999999999997726,2.315604226891162e-13,1.6388268114323987e-22
2014-07-22,0.9999999999997726,2.315604226891162e-13,1.6388268114323987e-22
2014-07-23,0.9999999999997726,2.315604226891162e-13,1.6388268114323987e-22
2014-07-24,0.9999999999997726,2.315604226891162e-13,1.6388268114323987e-22
2014-07-25,0.9999999999997726,2.315604226891162e-13,1.6388268114323987e-22
2014-07-28,0.9999999999997726,2.315604226891162e-13,1.6388268114323987e-22
2014-07-30,0.9999999999997726,2.315604226891162e-13,1.6388268114323987e-22
2014-07-31,0.9999999999997726,2.315604226891162e-13,1.6388268114323987e-22
2014-08-01,0.9999999999997726,2.315604226891162e-13,1.6388268114323987e-22
2014-08-04,0.9999999999997726,2.315604226891162e-13,1.6388268114323987e-22
2014-08-05,1.0,1.3648380796620166e-31,8.927134464109281e-39
2014-08-06,1.0,1.3648380796620166e-31,8.927134464109281e-39
2014-08-07,1.0,1.3648380796620166e-31,8.927134464109281e-39
2014-08-08,1.0,1.3648380796620166e-31,8.927134464109281e-39
2014-08-11,1.0,1.3648380796620166e-31,8.927134464109281e-39
2014-08-12,1.0,1.3648380796620166e-31,8.927134464109281e-39
2014-08-13,1.0,1.3648380796620166e-31,8.927134464109281e-39
2014-08-14,1.0,1.3648380796620166e-31,8.927134464109281e-39
2014-08-18,1.0,1.3648380796620166e-31,8.927134464109281e-39
2014-08-19,1.0,1.3648380796620166e-31,8.927134464109281e-39
2014-08-20,1.0,1.3648380796620166e-31,8.927134464109281e-39
2014-08-21,1.0,1.3648380796620166e-31,8.927134464109281e-39
2014-08-22,1.0,1.3648380796620166e-31,8.927134464109281e-39
2014-08-25,1.0,1.3648380796620166e-31,8.927134464109281e-39
2014-08-26,1.0,1.3648380796620166e-31,8.927134464109281e-39
2014-08-27,1.0,1.3648380796620166e-31,8.927134464109281e-39
2014-08-28,1.0,1.3648380796620166e-31,8.927134464109281e-39
2014-09-01,1.0,1.3648380796620166e-31,8.927134464109281e-39
2014-09-02,1.0,1.3648380796620166e-31,8.927134464109281e-39
2014-09-03,1.0,1.3648380796620166e-31,8.927134464109281e-39
2014-09-04,1.0,1.3648380796620166e-31,8.927134464109281e-39
2014-09-05,6.269354799372153e-11,0.9999999999372449,7.950824124992143e-46
2014-09-08,6.269354799372153e-11,0.9999999999372449,7.950824124992143e-46
2014-09-09,6.269354799372153e-11,0.9999999999372449,7.950824124992143e-46
2014-09-10,6.269354799372153e-11,0.9999999999372449,7.950824124992143e-46
2014-09-11,6.269354799372153e-11,0.9999999999372449,7.950824124992143e-46
2014-09-12,6.269354799372153e-11,0.9999999999372449,7.950824124992143e-46
2014-09-15,6.269354799372153e-11,0.9999999999372449,7.950824124992143e-46
2014-09-16,6.269354799372153e-11,0.9999999999372449,7.950824124992143e-46
2014-09-17,6.269354799372153e-11,0.9999999999372449,7.950824124992143e-46
2014-09-18,6.269354799372153e-11,0.9999999999372449,7.950824124992143e-46
2014-09-19,6.269354799372153e-11,0.9999999999372449,7.950824124992143e-46
2014-09-22,6.269354799372153e-11,0.9999999999372449,7.950824124992143e-46
2014-09-23,6.269354799372153e-11,0.9999999999372449,7.950824124992143e-46
2014-09-24,6.269354799372153e-11,0.9999999999372449,7.950824124992143e-46
2014-09-25,6.269354799372153e-11,0.9999999999372449,7.950824124992143e-46
2014-09-26,6.269354799372153e-11,0.9999999999372449,7.950824124992143e-46
2014-09-29,6.269354799372153e-11,0.9999999999372449,7.950824124992143e-46
2014-09-30,6.269354799372153e-11,0.9999999999372449,7.950824124992143e-46
2014-10-01,6.269354799372153e-11,0.9999999999372449,7.950824124992143e-46
2014-10-07,6.269354799372153e-11,0.9999999999372449,7.950824124992143e-46
2014-10-08,6.269354799372153e-11,0.9999999999372449,7.950824124992143e-46
2014-10-09,3.647334808881303e-11,5.2471146685877535e-05,0.99994752881676
2014-10-10,3.647334808881303e-11,5.2471146685877535e-05,0.99994752881676
2014-10-13,3.647334808881303e-11,5.2471146685877535e-05,0.99994752881676
2014-10-14,3.647334808881303e-11,5.2471146685877535e-05,0.99994752881676
2014-10-15,3.647334808881303e-11,5.2471146685877535e-05,0.99994752881676
2014-10-16,3.647334808881303e-11,5.2471146685877535e-05,0.99994752881676
2014-10-17,3.647334808881303e-11,5.2471146685877535e-05,0.99994752881676
2014-10-20,3.647334808881303e-11,5.2471146685877535e-05,0.99994752881676
2014-10-21,3.647334808881303e-11,5.2471146685877535e-05,0.99994752881676
2014-10-22,3.647334808881303e-11,5.2471146685877535e-05,0.99994752881676
2014-10-27,3.647334808881303e-11,5.2471146685877535e-05,0.99994752881676
2014-10-28,3.647334808881303e-11,5.2471146685877535e-05,0.99994752881676
2014-10-29,3.647334808881303e-11,5.2471146685877535e-05,0.99994752881676
2014-10-30,3.647334808881303e-11,5.2471146685877535e-05,0.99994752881676
2014-10-31,3.647334808881303e-11,5.2471146685877535e-05,0.99994752881676
2014-11-03,3.647334808881303e-11,5.2471146685877535e-05,0.99994752881676
2014-11-05,3.647334808881303e-11,5.2471146685877535e-05,0.99994752881676
2014-11-07,3.647334808881303e-11,5.2471146685877535e-05,0.99994752881676
2014-11-10,3.647334808881303e-11,5.2471146685877535e-05,0.99994752881676
2014-11-11,3.647334808881303e-11,5.2471146685877535e-05,0.99994752881676
2014-11-12,3.647334808881303e-11,5.2471146685877535e-05,0.99994752881676
2014-11-13,1.1381475185600659e-33,3.728610263423497e-16,1.0
2014-11-14,1.1381475185600659e-33,3.728610263423497e-16,1.0
2014-11-17,1.1381475185600659e-33,3.728610263423497e-16,1.0
2014-11-18,1.1381475185600659e-33,3.728610263423497e-16,1.0
2014-11-19,1.1381475185600659e-33,3.728610263423497e-16,1.0
2014-11-20,1.1381475185600659e-33,3.728610263423497e-16,1.0
2014-11-21,1.1381475185600659e-33,3.728610263423497e-16,1.0
2014-11-24,1.1381475185600659e-33,3.728610263423497e-16,1.0
2014-11-25,1.1381475185600659e-33,3.728610263423497e-16,1.0
2014-11-26,1.1381475185600659e-33,3.728610263423497e-16,1.0
2014-11-27,1.1381475185600659e-33,3.728610263423497e-16,1.0
2014-11-28,1.1381475185600659e-33,3.728610263423497e-16,1.0
2014-12-01,1.1381475185600659e-33,3.728610263423497e-16,1.0
2014-12-02,1.1381475185600659e-33,3.728610263423497e-16,1.0
2014-12-03,1.1381475185600659e-33,3.728610263423497e-16,1.0
2014-12-04,1.1381475185600659e-33,3.728610263423497e-16,1.0
2014-12-05,1.1381475185600659e-33,3.728610263423497e-16,1.0
2014-12-08,1.1381475185600659e-33,3.728610263423497e-16,1.0
2014-12-09,1.1381475185600659e-33,3.728610263423497e-16,1.0
2014-12-10,1.1381475185600659e-33,3.728610263423497e-16,1.0
2014-12-11,1.1381475185600659e-33,3.728610263423497e-16,1.0
2014-12-12,1.7192204048012036e-66,0.9997013856818905,0.0002986143181607133
2014-12-15,1.7192204048012036e-66,0.9997013856818905,0.0002986143181607133
2014-12-16,1.7192204048012036e-66,0.9997013856818905,0.0002986143181607133
2014-12-17,1.7192204048012036e-66,0.9997013856818905,0.0002986143181607133
2014-12-18,1.7192204048012036e-66,0.9997013856818905,0.0002986143181607133
2014-12-19,1.7192204048012036e-66,0.9997013856818905,0.0002986143181607133
2014-12-22,1.7192204048012036e-66,0.9997013856818905,0.0002986143181607133
2014-12-23,1.7192204048012036e-66,0.9997013856818905,0.0002986143181607133
2014-12-24,1.7192204048012036e-66,0.9997013856818905,0.0002986143181607133
2014-12-26,1.7192204048012036e-66,0.9997013856818905,0.0002986143181607133
2014-12-29,1.7192204048012036e-66,0.9997013856818905,0.0002986143181607133
2014-12-30,1.7192204048012036e-66,0.9997013856818905,0.0002986143181607133
2014-12-31,1.7192204048012036e-66,0.9997013856818905,0.0002986143181607133
2015-01-01,1.7192204048012036e-66,0.9997013856818905,0.0002986143181607133
2015-01-02,1.7192204048012036e-66,0.9997013856818905,0.0002986143181607133
2015-01-05,1.7192204048012036e-66,0.9997013856818905,0.0002986143181607133
2015-01-06,1.7192204048012036e-66,0.9997013856818905,0.0002986143181607133
2015-01-07,1.7192204048012036e-66,0.9997013856818905,0.0002986143181607133
2015-01-08,1.7192204048012036e-66,0.9997013856818905,0.0002986143181607133
2015-01-09,1.7192204048012036e-66,0.9997013856818905,0.0002986143181607133
2015-01-12,1.7192204048012036e-66,0.9997013856818905,0.0002986143181607133
2015-01-13,1.8068836751123888e-20,3.193760181104539e-08,0.999999968062412
2015-01-14,1.8068836751123888e-20,3.193760181104539e-08,0.999999968062412
2015-01-15,1.8068836751123888e-20,3.193760181104539e-08,0.999999968062412
2015-01-16,1.8068836751123888e-20,3.193760181104539e-08,0.999999968062412
2015-01-19,1.8068836751123888e-20,3.193760181104539e-08,0.999999968062412
2015-01-20,1.8068836751123888e-20,3.193760181104539e-08,0.999999968062412
2015-01-21,1.8068836751123888e-20,3.193760181104539e-08,0.999999968062412
2015-01-22,1.8068836751123888e-20,3.193760181104539e-08,0.999999968062412
2015-01-23,1.8068836751123888e-20,3.193760181104539e-08,0.999999968062412
2015-01-27,1.8068836751123888e-20,3.193760181104539e-08,0.999999968062412
2015-01-28,1.8068836751123888e-20,3.193760181104539e-08,0.999999968062412
2015-01-29,1.8068836751123888e-20,3.193760181104539e-08,0.999999968062412
2015-01-30,1.8068836751123888e-20,3.193760181104539e-08,0.999999968062412
2015-02-02,1.8068836751123888e-20,3.193760181104539e-08,0.999999968062412
2015-02-03,1.8068836751123888e-20,3.193760181104539e-08,0.999999968062412
2015-02-04,1.8068836751123888e-20,3.193760181104539e-08,0.999999968062412
2015-02-05,1.8068836751123888e-20,3.193760181104539e-08,0.999999968062412
2015-02-06,1.8068836751123888e-20,3.193760181104539e-08,0.999999968062412
2015-02-09,1.8068836751123888e-20,3.193760181104539e-08,0.999999968062412
2015-02-10,1.8068836751123888e-20,3.193760181104539e-08,0.999999968062412
2015-02-11,1.8068836751123888e-20,3.193760181104539e-08,0.999999968062412
2015-02-12,0.9998607370917315,0.0001392623189793357,5.892826369957362e-10
2015-02-13,0.9998607370917315,0.0001392623189793357,5.892826369957362e-10
2015-02-16,0.9998607370917315,0.0001392623189793357,5.892826369957362e-10
2015-02-18,0.9998607370917315,0.0001392623189793357,5.892826369957362e-10
2015-02-19,0.9998607370917315,0.0001392623189793357,5.892826369957362e-10
2015-02-20,0.9998607370917315,0.0001392623189793357,5.892826369957362e-10
2015-02-23,0.9998607370917315,0.0001392623189793357,5.892826369957362e-10
2015-02-24,0.9998607370917315,0.0001392623189793357,5.892826369957362e-10
2015-02-25,0.9998607370917315,0.0001392623189793357,5.892826369957362e-10
2015-02-26,0.9998607370917315,0.0001392623189793357,5.892826369957362e-10
2015-02-27,0.9998607370917315,0.0001392623189793357,5.892826369957362e-10
2015-03-02,0.9998607370917315,0.0001392623189793357,5.892826369957362e-10
2015-03-03,0.9998607370917315,0.0001392623189793357,5.892826369957362e-10
2015-03-04,0.9998607370917315,0.0001392623189793357,5.892826369957362e-10
2015-03-05,0.9998607370917315,0.0001392623189793357,5.892826369957362e-10
2015-03-09,0.9998607370917315,0.0001392623189793357,5.892826369957362e-10
2015-03-10,0.9998607370917315,0.0001392623189793357,5.892826369957362e-10
2015-03-11,0.9998607370917315,0.0001392623189793357,5.892826369957362e-10
2015-03-12,0.9998607370917315,0.0001392623189793357,5.892826369957362e-10
2015-03-13,0.9998607370917315,0.0001392623189793357,5.892826369957362e-10
2015-03-16,0.9998607370917315,0.0001392623189793357,5.892826369957362e-10
2015-03-17,1.4491405863605647e-09,3.269945394147261e-05,0.9999672990969827
2015-03-18,1.4491405863605647e-09,3.269945394147261e-05,0.9999672990969827
2015-03-19,1.4491405863605647e-09,3.269945394147261e-05,0.9999672990969827
2015-03-20,1.4491405863605647e-09,3.269945394147261e-05,0.9999672990969827
2015-03-23,1.4491405863605647e-09,3.269945394147261e-05,0.9999672990969827
2015-03-24,1.4491405863605647e-09,3.269945394147261e-05,0.9999672990969827
2015-03-25,1.4491405863605647e-09,3.269945394147261e-05,0.9999672990969827
2015-03-26,1.4491405863605647e-09,3.269945394147261e-05,0.9999672990969827
2015-03-27,1.4491405863605647e-09,3.269945394147261e-05,0.9999672990969827
2015-03-30,1.4491405863605647e-09,3.269945394147261e-05,0.9999672990969827
2015-03-31,1.4491405863605647e-09,3.269945394147261e-05,0.9999672990969827
2015-04-01,1.4491405863605647e-09,3.269945394147261e-05,0.9999672990969827
2015-04-06,1.4491405863605647e-09,3.269945394147261e-05,0.9999672990969827
2015-04-07,1.4491405863605647e-09,3.269945394147261e-05,0.9999672990969827
2015-04-08,1.4491405863605647e-09,3.269945394147261e-05,0.9999672990969827
2015-04-09,1.4491405863605647e-09,3.269945394147261e-05,0.9999672990969827
2015-04-10,1.4491405863605647e-09,3.269945394147261e-05,0.9999672990969827
2015-04-13,1.4491405863605647e-09,3.269945394147261e-05,0.9999672990969827
2015-04-15,1.4491405863605647e-09,3.269945394147261e-05,0.9999672990969827
2015-04-16,1.4491405863605647e-09,3.269945394147261e-05,0.9999672990969827
2015-04-17,1.4491405863605647e-09,3.269945394147261e-05,0.9999672990969827
2015-04-20,1.027847782179609e-09,3.738895134469407e-12,0.9999999989684056
2015-04-21,1.027847782179609e-09,3.738895134469407e-12,0.9999999989684056
2015-04-22,1.027847782179609e-09,3.738895134469407e-12,0.9999999989684056
2015-04-23,1.027847782179609e-09,3.738895134469407e-12,0.9999999989684056
2015-04-24,1.027847782179609e-09,3.738895134469407e-12,0.9999999989684056
2015-04-27,1.027847782179609e-09,3.738895134469407e-12,0.9999999989684056
2015-04-28,1.027847782179609e-09,3.738895134469407e-12,0.9999999989684056
2015-04-29,1.027847782179609e-09,3.738895134469407e-12,0.9999999989684056
2015-04-30,1.027847782179609e-09,3.738895134469407e-12,0.9999999989684056
2015-05-04,1.027847782179609e-09,3.738895134469407e-12,0.9999999989684056
2015-05-05,1.027847782179609e-09,3.738895134469407e-12,0.9999999989684056
2015-05-06,1.027847782179609e-09,3.738895134469407e-12,0.9999999989684056
2015-05-07,1.027847782179609e-09,3.738895134469407e-12,0.9999999989684056
2015-05-08,1.027847782179609e-09,3.738895134469407e-12,0.9999999989684056
2015-05-11,1.027847782179609e-09,3.738895134469407e-12,0.9999999989684056
2015-05-12,1.027847782179609e-09,3.738895134469407e-12,0.9999999989684056
2015-05-13,1.027847782179609e-09,3.738895134469407e-12,0.9999999989684056
2015-05-14,1.027847782179609e-09,3.738895134469407e-12,0.9999999989684056
2015-05-15,1.027847782179609e-09,3.738895134469407e-12,0.9999999989684056
2015-05-18,1.027847782179609e-09,3.738895134469407e-12,0.9999999989684056
2015-05-19,1.027847782179609e-09,3.738895134469407e-12,0.9999999989684056
2015-05-20,4.061020708131784e-57,6.6063844182826064e-18,1.0
2015-05-21,4.061020708131784e-57,6.6063844182826064e-18,1.0
2015-05-22,4.061020708131784e-57,6.6063844182826064e-18,1.0
2015-05-25,4.061020708131784e-57,6.6063844182826064e-18,1.0
2015-05-26,4.061020708131784e-57,6.6063844182826064e-18,1.0
2015-05-27,4.061020708131784e-57,6.6063844182826064e-18,1.0
2015-05-28,4.061020708131784e-57,6.6063844182826064e-18,1.0
2015-05-29,4.061020708131784e-57,6.6063844182826064e-18,1.0
2015-06-01,4.061020708131784e-57,6.6063844182826064e-18,1.0
2015-06-02,4.061020708131784e-57,6.6063844182826064e-18,1.0
2015-06-03,4.061020708131784e-57,6.6063844182826064e-18,1.0
2015-06-04,4.061020708131784e-57,6.6063844182826064e-18,1.0
2015-06-05,4.061020708131784e-57,6.6063844182826064e-18,1.0
2015-06-08,4.061020708131784e-57,6.6063844182826064e-18,1.0
2015-06-09,4.061020708131784e-57,6.6063844182826064e-18,1.0
2015-06-10,4.061020708131784e-57,6.6063844182826064e-18,1.0
2015-06-11,4.061020708131784e-57,6.6063844182826064e-18,1.0
2015-06-12,4.061020708131784e-57,6.6063844182826064e-18,1.0
2015-06-15,4.061020708131784e-57,6.6063844182826064e-18,1.0
2015-06-16,4.061020708131784e-57,6.6063844182826064e-18,1.0
2015-06-17,4.061020708131784e-57,6.6063844182826064e-18,1.0
2015-06-18,0.0009874117085767865,3.5465042389237807e-15,0.9990125882914581
2015-06-19,0.0009874117085767865,3.5465042389237807e-15,0.9990125882914581
2015-06-22,0.0009874117085767865,3.5465042389237807e-15,0.9990125882914581
2015-06-23,0.0009874117085767865,3.5465042389237807e-15,0.9990125882914581
2015-06-24,0.0009874117085767865,3.5465042389237807e-15,0.9990125882914581
2015-06-25,0.0009874117085767865,3.5465042389237807e-15,0.9990125882914581
2015-06-26,0.0009874117085767865,3.5465042389237807e-15,0.9990125882914581
2015-06-29,0.0009874117085767865,3.5465042389237807e-15,0.9990125882914581
2015-06-30,0.0009874117085767865,3.5465042389237807e-15,0.9990125882914581
2015-07-01,0.0009874117085767865,3.5465042389237807e-15,0.9990125882914581
2015-07-02,0.0009874117085767865,3.5465042389237807e-15,0.9990125882914581
2015-07-03,0.0009874117085767865,3.5465042389237807e-15,0.9990125882914581
2015-07-06,0.0009874117085767865,3.5465042389237807e-15,0.9990125882914581
2015-07-07,0.0009874117085767865,3.5465042389237807e-15,0.9990125882914581
2015-07-08,0.0009874117085767865,3.5465042389237807e-15,0.9990125882914581
2015-07-09,0.0009874117085767865,3.5465042389237807e-15,0.9990125882914581
2015-07-10,0.0009874117085767865,3.5465042389237807e-15,0.9990125882914581
2015-07-13,0.0009874117085767865,3.5465042389237807e-15,0.9990125882914581
2015-07-14,0.0009874117085767865,3.5465042389237807e-15,0.9990125882914581
2015-07-15,0.0009874117085767865,3.5465042389237807e-15,0.9990125882914581
2015-07-16,0.0009874117085767865,3.5465042389237807e-15,0.9990125882914581
2015-07-17,7.906227941155889e-08,0.9999970513358948,2.8696019292551133e-06
2015-07-20,7.906227941155889e-08,0.9999970513358948,2.8696019292551133e-06
2015-07-21,7.906227941155889e-08,0.9999970513358948,2.8696019292551133e-06
2015-07-22,7.906227941155889e-08,0.9999970513358948,2.8696019292551133e-06
2015-07-23,7.906227941155889e-08,0.9999970513358948,2.8696019292551133e-06
2015-07-24,7.906227941155889e-08,0.9999970513358948,2.8696019292551133e-06
2015-07-27,7.906227941155889e-08,0.9999970513358948,2.8696019292551133e-06
2015-07-28,7.906227941155889e-08,0.9999970513358948,2.8696019292551133e-06
2015-07-29,7.906227941155889e-08,0.9999970513358948,2.8696019292551133e-06
2015-07-30,7.906227941155889e-08,0.9999970513358948,2.8696019292551133e-06
2015-07-31,7.906227941155889e-08,0.9999970513358948,2.8696019292551133e-06
2015-08-03,7.906227941155889e-08,0.9999970513358948,2.8696019292551133e-06
2015-08-04,7.906227941155889e-08,0.9999970513358948,2.8696019292551133e-06
2015-08-05,7.906227941155889e-08,0.9999970513358948,2.8696019292551133e-06
2015-08-06,7.906227941155889e-08,0.9999970513358948,2.8696019292551133e-06
2015-08-07,7.906227941155889e-08,0.9999970513358948,2.8696019292551133e-06
2015-08-10,7.906227941155889e-08,0.9999970513358948,2.8696019292551133e-06
2015-08-11,7.906227941155889e-08,0.9999970513358948,2.8696019292551133e-06
2015-08-12,7.906227941155889e-08,0.9999970513358948,2.8696019292551133e-06
2015-08-13,7.906227941155889e-08,0.9999970513358948,2.8696019292551133e-06
2015-08-14,7.906227941155889e-08,0.9999970513358948,2.8696019292551133e-06
2015-08-17,0.9995689910538512,4.13196822879354e-08,0.0004309676264118189
2015-08-18,0.9995689910538512,4.13196822879354e-08,0.0004309676264118189
2015-08-19,0.9995689910538512,4.13196822879354e-08,0.0004309676264118189
2015-08-20,0.9995689910538512,4.13196822879354e-08,0.0004309676264118189
2015-08-21,0.9995689910538512,4.13196822879354e-08,0.0004309676264118189
2015-08-24,0.9995689910538512,4.13196822879354e-08,0.0004309676264118189
2015-08-25,0.9995689910538512,4.13196822879354e-08,0.0004309676264118189
2015-08-26,0.9995689910538512,4.13196822879354e-08,0.0004309676264118189
2015-08-27,0.9995689910538512,4.13196822879354e-08,0.0004309676264118189
2015-08-28,0.9995689910538512,4.13196822879354e-08,0.0004309676264118189
2015-08-31,0.9995689910538512,4.13196822879354e-08,0.0004309676264118189
2015-09-01,0.9995689910538512,4.13196822879354e-08,0.0004309676264118189
2015-09-02,0.9995689910538512,4.13196822879354e-08,0.0004309676264118189
2015-09-03,0.9995689910538512,4.13196822879354e-08,0.0004309676264118189
2015-09-04,0.9995689910538512,4.13196822879354e-08,0.0004309676264118189
2015-09-07,0.9995689910538512,4.13196822879354e-08,0.0004309676264118189
2015-09-08,0.9995689910538512,4.13196822879354e-08,0.0004309676264118189
2015-09-09,0.9995689910538512,4.13196822879354e-08,0.0004309676264118189
2015-09-10,0.9995689910538512,4.13196822879354e-08,0.0004309676264118189
2015-09-11,0.9995689910538512,4.13196822879354e-08,0.0004309676264118189
2015-09-14,0.9995689910538512,4.13196822879354e-08,0.0004309676264118189
2015-09-15,7.906799361647293e-179,6.449509240077233e-195,1.0
2015-09-16,7.906799361647293e-179,6.449509240077233e-195,1.0
2015-09-18,7.906799361647293e-179,6.449509240077233e-195,1.0
2015-09-21,7.906799361647293e-179,6.449509240077233e-195,1.0
2015-09-22,7.906799361647293e-179,6.449509240077233e-195,1.0
2015-09-23,7.906799361647293e-179,6.449509240077233e-195,1.0
2015-09-24,7.906799361647293e-179,6.449509240077233e-195,1.0
2015-09-28,7.906799361647293e-179,6.449509240077233e-195,1.0
2015-09-29,7.906799361647293e-179,6.449509240077233e-195,1.0
2015-09-30,7.906799361647293e-179,6.449509240077233e-195,1.0
2015-10-01,7.906799361647293e-179,6.449509240077233e-195,1.0
2015-10-05,7.906799361647293e-179,6.449509240077233e-195,1.0
2015-10-06,7.906799361647293e-179,6.449509240077233e-195,1.0
2015-10-07,7.906799361647293e-179,6.449509240077233e-195,1.0
2015-10-08,7.906799361647293e-179,6.449509240077233e-195,1.0
2015-10-09,7.906799361647293e-179,6.449509240077233e-195,1.0
2015-10-12,7.906799361647293e-179,6.449509240077233e-195,1.0
2015-10-13,7.906799361647293e-179,6.449509240077233e-195,1.0
2015-10-14,7.906799361647293e-179,6.449509240077233e-195,1.0
2015-10-15,7.906799361647293e-179,6.449509240077233e-195,1.0
2015-10-16,7.906799361647293e-179,6.449509240077233e-195,1.0
2015-10-19,3.4677272087098486e-11,0.9999320075997893,6.799236542913951e-05
2015-10-20,3.4677272087098486e-11,0.9999320075997893,6.799236542913951e-05
2015-10-21,3.4677272087098486e-11,0.9999320075997893,6.799236542913951e-05
2015-10-23,3.4677272087098486e-11,0.9999320075997893,6.799236542913951e-05
2015-10-26,3.4677272087098486e-11,0.9999320075997893,6.799236542913951e-05
2015-10-27,3.4677272087098486e-11,0.9999320075997893,6.799236542913951e-05
2015-10-28,3.4677272087098486e-11,0.9999320075997893,6.799236542913951e-05
2015-10-29,3.4677272087098486e-11,0.9999320075997893,6.799236542913951e-05
2015-10-30,3.4677272087098486e-11,0.9999320075997893,6.799236542913951e-05
2015-11-02,3.4677272087098486e-11,0.9999320075997893,6.799236542913951e-05
2015-11-03,3.4677272087098486e-11,0.9999320075997893,6.799236542913951e-05
2015-11-04,3.4677272087098486e-11,0.9999320075997893,6.799236542913951e-05
2015-11-05,3.4677272087098486e-11,0.9999320075997893,6.799236542913951e-05
2015-11-06,3.4677272087098486e-11,0.9999320075997893,6.799236542913951e-05
2015-11-09,3.4677272087098486e-11,0.9999320075997893,6.799236542913951e-05
2015-11-10,3.4677272087098486e-11,0.9999320075997893,6.799236542913951e-05
2015-11-13,3.4677272087098486e-11,0.9999320075997893,6.799236542913951e-05
2015-11-16,3.4677272087098486e-11,0.9999320075997893,6.799236542913951e-05
2015-11-17,3.4677272087098486e-11,0.9999320075997893,6.799236542913951e-05
2015-11-18,3.4677272087098486e-11,0.9999320075997893,6.799236542913951e-05
2015-11-19,3.4677272087098486e-11,0.9999320075997893,6.799236542913951e-05
2015-11-20,0.9999990368555791,1.1235889056400238e-08,9.519086095010889e-07
2015-11-23,0.9999990368555791,1.1235889056400238e-08,9.519086095010889e-07
2015-11-24,0.9999990368555791,1.1235889056400238e-08,9.519086095010889e-07
2015-11-26,0.9999990368555791,1.1235889056400238e-08,9.519086095010889e-07
2015-11-27,0.9999990368555791,1.1235889056400238e-08,9.519086095010889e-07
2015-11-30,0.9999990368555791,1.1235889056400238e-08,9.519086095010889e-07
2015-12-01,0.9999990368555791,1.1235889056400238e-08,9.519086095010889e-07
2015-12-02,0.9999990368555791,1.1235889056400238e-08,9.519086095010889e-07
2015-12-03,0.9999990368555791,1.1235889056400238e-08,9.519086095010889e-07
2015-12-04,0.9999990368555791,1.1235889056400238e-08,9.519086095010889e-07
2015-12-07,0.9999990368555791,1.1235889056400238e-08,9.519086095010889e-07
2015-12-08,0.9999990368555791,1.1235889056400238e-08,9.519086095010889e-07
2015-12-09,0.9999990368555791,1.1235889056400238e-08,9.519086095010889e-07
2015-12-10,0.9999990368555791,1.1235889056400238e-08,9.519086095010889e-07
2015-12-11,0.9999990368555791,1.1235889056400238e-08,9.519086095010889e-07
2015-12-14,0.9999990368555791,1.1235889056400238e-08,9.519086095010889e-07
2015-12-15,0.9999990368555791,1.1235889056400238e-08,9.519086095010889e-07
2015-12-16,0.9999990368555791,1.1235889056400238e-08,9.519086095010889e-07
2015-12-17,0.9999990368555791,1.1235889056400238e-08,9.519086095010889e-07
2015-12-18,0.9999990368555791,1.1235889056400238e-08,9.519086095010889e-07
2015-12-21,0.9999990368555791,1.1235889056400238e-08,9.519086095010889e-07
2015-12-22,0.999999931248342,1.1360086892588296e-17,6.875171703542567e-08
2015-12-23,0.999999931248342,1.1360086892588296e-17,6.875171703542567e-08
2015-12-24,0.999999931248342,1.1360086892588296e-17,6.875171703542567e-08
2015-12-28,0.999999931248342,1.1360086892588296e-17,6.875171703542567e-08
2015-12-29,0.999999931248342,1.1360086892588296e-17,6.875171703542567e-08
2015-12-30,0.999999931248342,1.1360086892588296e-17,6.875171703542567e-08
2015-12-31,0.999999931248342,1.1360086892588296e-17,6.875171703542567e-08
2016-01-01,0.999999931248342,1.1360086892588296e-17,6.875171703542567e-08
2016-01-04,0.999999931248342,1.1360086892588296e-17,6.875171703542567e-08
2016-01-05,0.999999931248342,1.1360086892588296e-17,6.875171703542567e-08
2016-01-06,0.999999931248342,1.1360086892588296e-17,6.875171703542567e-08
2016-01-07,0.999999931248342,1.1360086892588296e-17,6.875171703542567e-08
2016-01-08,0.999999931248342,1.1360086892588296e-17,6.875171703542567e-08
2016-01-11,0.999999931248342,1.1360086892588296e-17,6.875171703542567e-08
2016-01-12,0.999999931248342,1.1360086892588296e-17,6.875171703542567e-08
2016-01-13,0.999999931248342,1.1360086892588296e-17,6.875171703542567e-08
2016-01-14,0.999999931248342,1.1360086892588296e-17,6.875171703542567e-08
2016-01-15,0.999999931248342,1.1360086892588296e-17,6.875171703542567e-08
2016-01-18,0.999999931248342,1.1360086892588296e-17,6.875171703542567e-08
2016-01-19,0.999999931248342,1.1360086892588296e-17,6.875171703542567e-08
2016-01-20,0.999999931248342,1.1360086892588296e-17,6.875171703542567e-08
2016-01-21,0.9998861349238412,9.670498917922131e-05,1.716008702273767e-05
2016-01-22,0.9998861349238412,9.670498917922131e-05,1.716008702273767e-05
2016-01-25,0.9998861349238412,9.670498917922131e-05,1.716008702273767e-05
2016-01-27,0.9998861349238412,9.670498917922131e-05,1.716008702273767e-05
2016-01-28,0.9998861349238412,9.670498917922131e-05,1.716008702273767e-05
2016-01-29,0.9998861349238412,9.670498917922131e-05,1.716008702273767e-05
2016-02-01,0.9998861349238412,9.670498917922131e-05,1.716008702273767e-05
2016-02-02,0.9998861349238412,9.670498917922131e-05,1.716008702273767e-05
2016-02-03,0.9998861349238412,9.670498917922131e-05,1.716008702273767e-05
2016-02-04,0.9998861349238412,9.670498917922131e-05,1.716008702273767e-05
2016-02-05,0.9998861349238412,9.670498917922131e-05,1.716008702273767e-05
2016-02-08,0.9998861349238412,9.670498917922131e-05,1.716008702273767e-05
2016-02-09,0.9998861349238412,9.670498917922131e-05,1.716008702273767e-05
2016-02-10,0.9998861349238412,9.670498917922131e-05,1.716008702273767e-05
2016-02-11,0.9998861349238412,9.670498917922131e-05,1.716008702273767e-05
2016-02-12,0.9998861349238412,9.670498917922131e-05,1.716008702273767e-05
2016-02-15,0.9998861349238412,9.670498917922131e-05,1.716008702273767e-05
2016-02-16,0.9998861349238412,9.670498917922131e-05,1.716008702273767e-05
2016-02-17,0.9998861349238412,9.670498917922131e-05,1.716008702273767e-05
2016-02-18,0.9998861349238412,9.670498917922131e-05,1.716008702273767e-05
2016-02-19,0.9998861349238412,9.670498917922131e-05,1.716008702273767e-05
2016-02-22,3.4748590738921235e-31,7.63468765793007e-11,0.9999999999236024
2016-02-23,3.4748590738921235e-31,7.63468765793007e-11,0.9999999999236024
2016-02-24,3.4748590738921235e-31,7.63468765793007e-11,0.9999999999236024
2016-02-25,3.4748590738921235e-31,7.63468765793007e-11,0.9999999999236024
2016-02-26,3.4748590738921235e-31,7.63468765793007e-11,0.9999999999236024
2016-02-29,3.4748590738921235e-31,7.63468765793007e-11,0.9999999999236024
2016-03-01,3.4748590738921235e-31,7.63468765793007e-11,0.9999999999236024
2016-03-02,3.4748590738921235e-31,7.63468765793007e-11,0.9999999999236024
2016-03-03,3.4748590738921235e-31,7.63468765793007e-11,0.9999999999236024
2016-03-04,3.4748590738921235e-31,7.63468765793007e-11,0.9999999999236024
2016-03-08,3.4748590738921235e-31,7.63468765793007e-11,0.9999999999236024
2016-03-09,3.4748590738921235e-31,7.63468765793007e-11,0.9999999999236024
2016-03-10,3.4748590738921235e-31,7.63468765793007e-11,0.9999999999236024
2016-03-11,3.4748590738921235e-31,7.63468765793007e-11,0.9999999999236024
2016-03-14,3.4748590738921235e-31,7.63468765793007e-11,0.9999999999236024
2016-03-15,3.4748590738921235e-31,7.63468765793007e-11,0.9999999999236024
2016-03-16,3.4748590738921235e-31,7.63468765793007e-11,0.9999999999236024
2016-03-17,3.4748590738921235e-31,7.63468765793007e-11,0.9999999999236024
2016-03-18,3.4748590738921235e-31,7.63468765793007e-11,0.9999999999236024
2016-03-21,3.4748590738921235e-31,7.63468765793007e-11,0.9999999999236024
2016-03-22,3.4748590738921235e-31,7.63468765793007e-11,0.9999999999236024
2016-03-23,7.224788605899456e-16,4.08106577212627e-05,0.9999591893423699
2016-03-28,7.224788605899456e-16,4.08106577212627e-05,0.9999591893423699
2016-03-29,7.224788605899456e-16,4.08106577212627e-05,0.9999591893423699
2016-03-30,7.224788605899456e-16,4.08106577212627e-05,0.9999591893423699
2016-03-31,7.224788605899456e-16,4.08106577212627e-05,0.9999591893423699
2016-04-01,7.224788605899456e-16,4.08106577212627e-05,0.9999591893423699
2016-04-04,7.224788605899456e-16,4.08106577212627e-05,0.9999591893423699
2016-04-05,7.224788605899456e-16,4.08106577212627e-05,0.9999591893423699
2016-04-06,7.224788605899456e-16,4.08106577212627e-05,0.9999591893423699
2016-04-07,7.224788605899456e-16,4.08106577212627e-05,0.9999591893423699
2016-04-08,7.224788605899456e-16,4.08106577212627e-05,0.9999591893423699
2016-04-11,7.224788605899456e-16,4.08106577212627e-05,0.9999591893423699
2016-04-12,7.224788605899456e-16,4.08106577212627e-05,0.9999591893423699
2016-04-13,7.224788605899456e-16,4.08106577212627e-05,0.9999591893423699
2016-04-18,7.224788605899456e-16,4.08106577212627e-05,0.9999591893423699
2016-04-20,7.224788605899456e-16,4.08106577212627e-05,0.9999591893423699
2016-04-21,7.224788605899456e-16,4.08106577212627e-05,0.9999591893423699
2016-04-22,7.224788605899456e-16,4.08106577212627e-05,0.9999591893423699
2016-04-25,7.224788605899456e-16,4.08106577212627e-05,0.9999591893423699
2016-04-26,7.224788605899456e-16,4.08106577212627e-05,0.9999591893423699
2016-04-27,7.224788605899456e-16,4.08106577212627e-05,0.9999591893423699
2016-04-28,0.9999260671449067,7.393211212769376e-05,7.429053035005641e-10
2016-04-29,0.9999260671449067,7.393211212769376e-05,7.429053035005641e-10
2016-05-02,0.9999260671449067,7.393211212769376e-05,7.429053035005641e-10
2016-05-03,0.9999260671449067,7.393211212769376e-05,7.429053035005641e-10
2016-05-04,0.9999260671449067,7.393211212769376e-05,7.429053035005641e-10
2016-05-05,0.9999260671449067,7.393211212769376e-05,7.429053035005641e-10
2016-05-06,0.9999260671449067,7.393211212769376e-05,7.429053035005641e-10
2016-05-09,0.9999260671449067,7.393211212769376e-05,7.429053035005641e-10
2016-05-10,0.9999260671449067,7.393211212769376e-05,7.429053035005641e-10
2016-05-11,0.9999260671449067,7.393211212769376e-05,7.429053035005641e-10
2016-05-12,0.9999260671449067,7.393211212769376e-05,7.429053035005641e-10
2016-05-13,0.9999260671449067,7.393211212769376e-05,7.429053035005641e-10
2016-05-16,0.9999260671449067,7.393211212769376e-05,7.429053035005641e-10
2016-05-17,0.9999260671449067,7.393211212769376e-05,7.429053035005641e-10
2016-05-18,0.9999260671449067,7.393211212769376e-05,7.429053035005641e-10
2016-05-19,0.9999260671449067,7.393211212769376e-05,7.429053035005641e-10
2016-05-20,0.9999260671449067,7.393211212769376e-05,7.429053035005641e-10
2016-05-23,0.9999260671449067,7.393211212769376e-05,7.429053035005641e-10
2016-05-24,0.9999260671449067,7.393211212769376e-05,7.429053035005641e-10
2016-05-25,0.9999260671449067,7.393211212769376e-05,7.429053035005641e-10
2016-05-26,0.9999260671449067,7.393211212769376e-05,7.429053035005641e-10
2016-05-27,1.0,2.7097682179601408e-14,3.799408445810921e-18
2016-05-30,1.0,2.7097682179601408e-14,3.799408445810921e-18
2016-05-31,1.0,2.7097682179601408e-14,3.799408445810921e-18
2016-06-01,1.0,2.7097682179601408e-14,3.799408445810921e-18
2016-06-02,1.0,2.7097682179601408e-14,3.799408445810921e-18
2016-06-03,1.0,2.7097682179601408e-14,3.799408445810921e-18
2016-06-06,1.0,2.7097682179601408e-14,3.799408445810921e-18
2016-06-07,1.0,2.7097682179601408e-14,3.799408445810921e-18
2016-06-08,1.0,2.7097682179601408e-14,3.799408445810921e-18
2016-06-09,1.0,2.7097682179601408e-14,3.799408445810921e-18
2016-06-10,1.0,2.7097682179601408e-14,3.799408445810921e-18
2016-06-13,1.0,2.7097682179601408e-14,3.799408445810921e-18
2016-06-14,1.0,2.7097682179601408e-14,3.799408445810921e-18
2016-06-15,1.0,2.7097682179601408e-14,3.799408445810921e-18
2016-06-16,1.0,2.7097682179601408e-14,3.799408445810921e-18
2016-06-17,1.0,2.7097682179601408e-14,3.799408445810921e-18
2016-06-20,1.0,2.7097682179601408e-14,3.799408445810921e-18
2016-06-21,1.0,2.7097682179601408e-14,3.799408445810921e-18
2016-06-22,1.0,2.7097682179601408e-14,3.799408445810921e-18
2016-06-23,1.0,2.7097682179601408e-14,3.799408445810921e-18
2016-06-24,1.0,2.7097682179601408e-14,3.799408445810921e-18
2016-06-27,0.999999999984766,3.931489226043273e-15,1.517748097195496e-11
2016-06-28,0.999999999984766,3.931489226043273e-15,1.517748097195496e-11
2016-06-29,0.999999999984766,3.931489226043273e-15,1.517748097195496e-11
2016-06-30,0.999999999984766,3.931489226043273e-15,1.517748097195496e-11
2016-07-01,0.999999999984766,3.931489226043273e-15,1.517748097195496e-11
2016-07-04,0.999999999984766,3.931489226043273e-15,1.517748097195496e-11
2016-07-05,0.999999999984766,3.931489226043273e-15,1.517748097195496e-11
2016-07-07,0.999999999984766,3.931489226043273e-15,1.517748097195496e-11
2016-07-08,0.999999999984766,3.931489226043273e-15,1.517748097195496e-11
2016-07-11,0.999999999984766,3.931489226043273e-15,1.517748097195496e-11
2016-07-12,0.999999999984766,3.931489226043273e-15,1.517748097195496e-11
2016-07-13,0.999999999984766,3.931489226043273e-15,1.517748097195496e-11
2016-07-14,0.999999999984766,3.931489226043273e-15,1.517748097195496e-11
2016-07-15,0.999999999984766,3.931489226043273e-15,1.517748097195496e-11
2016-07-18,0.999999999984766,3.931489226043273e-15,1.517748097195496e-11
2016-07-19,0.999999999984766,3.931489226043273e-15,1.517748097195496e-11
2016-07-20,0.999999999984766,3.931489226043273e-15,1.517748097195496e-11
2016-07-21,0.999999999984766,3.931489226043273e-15,1.517748097195496e-11
2016-07-22,0.999999999984766,3.931489226043273e-15,1.517748097195496e-11
2016-07-25,0.999999999984766,3.931489226043273e-15,1.517748097195496e-11
2016-07-26,0.999999999984766,3.931489226043273e-15,1.517748097195496e-11
2016-07-27,0.9999999792346446,2.076527740467275e-08,2.3351191087861716e-15
2016-07-28,0.9999999792346446,2.076527740467275e-08,2.3351191087861716e-15
2016-07-29,0.9999999792346446,2.076527740467275e-08,2.3351191087861716e-15
2016-08-01,0.9999999792346446,2.076527740467275e-08,2.3351191087861716e-15
2016-08-02,0.9999999792346446,2.076527740467275e-08,2.3351191087861716e-15
2016-08-03,0.9999999792346446,2.076527740467275e-08,2.3351191087861716e-15
2016-08-04,0.9999999792346446,2.076527740467275e-08,2.3351191087861716e-15
2016-08-05,0.9999999792346446,2.076527740467275e-08,2.3351191087861716e-15
2016-08-08,0.9999999792346446,2.076527740467275e-08,2.3351191087861716e-15
2016-08-09,0.9999999792346446,2.076527740467275e-08,2.3351191087861716e-15
2016-08-10,0.9999999792346446,2.076527740467275e-08,2.3351191087861716e-15
2016-08-11,0.9999999792346446,2.076527740467275e-08,2.3351191087861716e-15
2016-08-12,0.9999999792346446,2.076527740467275e-08,2.3351191087861716e-15
2016-08-16,0.9999999792346446,2.076527740467275e-08,2.3351191087861716e-15
2016-08-17,0.9999999792346446,2.076527740467275e-08,2.3351191087861716e-15
2016-08-18,0.9999999792346446,2.076527740467275e-08,2.3351191087861716e-15
2016-08-19,0.9999999792346446,2.076527740467275e-08,2.3351191087861716e-15
2016-08-22,0.9999999792346446,2.076527740467275e-08,2.3351191087861716e-15
2016-08-23,0.9999999792346446,2.076527740467275e-08,2.3351191087861716e-15
2016-08-24,0.9999999792346446,2.076527740467275e-08,2.3351191087861716e-15
2016-08-25,0.9999999792346446,2.076527740467275e-08,2.3351191087861716e-15
2016-08-26,1.0,1.4478699700215294e-46,6.0206520514506316e-55
2016-08-29,1.0,1.4478699700215294e-46,6.0206520514506316e-55
2016-08-30,1.0,1.4478699700215294e-46,6.0206520514506316e-55
2016-08-31,1.0,1.4478699700215294e-46,6.0206520514506316e-55
2016-09-01,1.0,1.4478699700215294e-46,6.0206520514506316e-55
2016-09-02,1.0,1.4478699700215294e-46,6.0206520514506316e-55
2016-09-06,1.0,1.4478699700215294e-46,6.0206520514506316e-55
2016-09-07,1.0,1.4478699700215294e-46,6.0206520514506316e-55
2016-09-08,1.0,1.4478699700215294e-46,6.0206520514506316e-55
2016-09-09,1.0,1.4478699700215294e-46,6.0206520514506316e-55
2016-09-12,1.0,1.4478699700215294e-46,6.0206520514506316e-55
2016-09-14,1.0,1.4478699700215294e-46,6.0206520514506316e-55
2016-09-15,1.0,1.4478699700215294e-46,6.0206520514506316e-55
2016-09-16,1.0,1.4478699700215294e-46,6.0206520514506316e-55
2016-09-19,1.0,1.4478699700215294e-46,6.0206520514506316e-55
2016-09-20,1.0,1.4478699700215294e-46,6.0206520514506316e-55
2016-09-21,1.0,1.4478699700215294e-46,6.0206520514506316e-55
2016-09-22,1.0,1.4478699700215294e-46,6.0206520514506316e-55
2016-09-23,1.0,1.4478699700215294e-46,6.0206520514506316e-55
2016-09-26,1.0,1.4478699700215294e-46,6.0206520514506316e-55
2016-09-27,1.0,1.4478699700215294e-46,6.0206520514506316e-55
2016-09-28,0.9977370694472982,0.0022629304846624987,6.811726056551347e-11
2016-09-29,0.9977370694472982,0.0022629304846624987,6.811726056551347e-11
2016-09-30,0.9977370694472982,0.0022629304846624987,6.811726056551347e-11
2016-10-03,0.9977370694472982,0.0022629304846624987,6.811726056551347e-11
2016-10-04,0.9977370694472982,0.0022629304846624987,6.811726056551347e-11
2016-10-05,0.9977370694472982,0.0022629304846624987,6.811726056551347e-11
2016-10-06,0.9977370694472982,0.0022629304846624987,6.811726056551347e-11
2016-10-07,0.9977370694472982,0.0022629304846624987,6.811726056551347e-11
2016-10-10,0.9977370694472982,0.0022629304846624987,6.811726056551347e-11
2016-10-13,0.9977370694472982,0.0022629304846624987,6.811726056551347e-11
2016-10-14,0.9977370694472982,0.0022629304846624987,6.811726056551347e-11
2016-10-17,0.9977370694472982,0.0022629304846624987,6.811726056551347e-11
2016-10-18,0.9977370694472982,0.0022629304846624987,6.811726056551347e-11
2016-10-19,0.9977370694472982,0.0022629304846624987,6.811726056551347e-11
2016-10-20,0.9977370694472982,0.0022629304846624987,6.811726056551347e-11
2016-10-21,0.9977370694472982,0.0022629304846624987,6.811726056551347e-11
2016-10-24,0.9977370694472982,0.0022629304846624987,6.811726056551347e-11
2016-10-25,0.9977370694472982,0.0022629304846624987,6.811726056551347e-11
2016-10-26,0.9977370694472982,0.0022629304846624987,6.811726056551347e-11
2016-10-27,0.9977370694472982,0.0022629304846624987,6.811726056551347e-11
2016-10-28,0.9977370694472982,0.0022629304846624987,6.811726056551347e-11
2016-11-01,1.616125229111442e-08,0.999999937791019,4.604780399339097e-08
2016-11-02,1.616125229111442e-08,0.999999937791019,4.604780399339097e-08
2016-11-03,1.616125229111442e-08,0.999999937791019,4.604780399339097e-08
2016-11-04,1.616125229111442e-08,0.999999937791019,4.604780399339097e-08
2016-11-07,1.616125229111442e-08,0.999999937791019,4.604780399339097e-08
2016-11-08,1.616125229111442e-08,0.999999937791019,4.604780399339097e-08
2016-11-09,1.616125229111442e-08,0.999999937791019,4.604780399339097e-08
2016-11-10,1.616125229111442e-08,0.999999937791019,4.604780399339097e-08
2016-11-11,1.616125229111442e-08,0.999999937791019,4.604780399339097e-08
2016-11-15,1.616125229111442e-08,0.999999937791019,4.604780399339097e-08
2016-11-16,1.616125229111442e-08,0.999999937791019,4.604780399339097e-08
2016-11-17,1.616125229111442e-08,0.999999937791019,4.604780399339097e-08
2016-11-18,1.616125229111442e-08,0.999999937791019,4.604780399339097e-08
2016-11-21,1.616125229111442e-08,0.999999937791019,4.604780399339097e-08
2016-11-22,1.616125229111442e-08,0.999999937791019,4.604780399339097e-08
2016-11-23,1.616125229111442e-08,0.999999937791019,4.604780399339097e-08
2016-11-24,1.616125229111442e-08,0.999999937791019,4.604780399339097e-08
2016-11-25,1.616125229111442e-08,0.999999937791019,4.604780399339097e-08
2016-11-28,1.616125229111442e-08,0.999999937791019,4.604780399339097e-08
2016-11-29,1.616125229111442e-08,0.999999937791019,4.604780399339097e-08
2016-11-30,1.616125229111442e-08,0.999999937791019,4.604780399339097e-08
2016-12-01,9.274644596533152e-13,1.5932759730994878e-26,0.9999999999990905
2016-12-02,9.274644596533152e-13,1.5932759730994878e-26,0.9999999999990905
2016-12-05,9.274644596533152e-13,1.5932759730994878e-26,0.9999999999990905
2016-12-06,9.274644596533152e-13,1.5932759730994878e-26,0.9999999999990905
2016-12-07,9.274644596533152e-13,1.5932759730994878e-26,0.9999999999990905
2016-12-08,9.274644596533152e-13,1.5932759730994878e-26,0.9999999999990905
2016-12-09,9.274644596533152e-13,1.5932759730994878e-26,0.9999999999990905
2016-12-12,9.274644596533152e-13,1.5932759730994878e-26,0.9999999999990905
2016-12-13,9.274644596533152e-13,1.5932759730994878e-26,0.9999999999990905
2016-12-14,9.274644596533152e-13,1.5932759730994878e-26,0.9999999999990905
2016-12-15,9.274644596533152e-13,1.5932759730994878e-26,0.9999999999990905
2016-12-16,9.274644596533152e-13,1.5932759730994878e-26,0.9999999999990905
2016-12-19,9.274644596533152e-13,1.5932759730994878e-26,0.9999999999990905
2016-12-20,9.274644596533152e-13,1.5932759730994878e-26,0.9999999999990905
2016-12-21,9.274644596533152e-13,1.5932759730994878e-26,0.9999999999990905
2016-12-22,9.274644596533152e-13,1.5932759730994878e-26,0.9999999999990905
2016-12-23,9.274644596533152e-13,1.5932759730994878e-26,0.9999999999990905
2016-12-26,9.274644596533152e-13,1.5932759730994878e-26,0.9999999999990905
2016-12-27,9.274644596533152e-13,1.5932759730994878e-26,0.9999999999990905
2016-12-28,9.274644596533152e-13,1.5932759730994878e-26,0.9999999999990905
2016-12-29,9.274644596533152e-13,1.5932759730994878e-26,0.9999999999990905
2016-12-30,1.121270329692188e-19,0.9999999989938715,1.0061706043817139e-09
2017-01-02,1.121270329692188e-19,0.9999999989938715,1.0061706043817139e-09
2017-01-03,1.121270329692188e-19,0.9999999989938715,1.0061706043817139e-09
2017-01-04,1.121270329692188e-19,0.9999999989938715,1.0061706043817139e-09
2017-01-05,1.121270329692188e-19,0.9999999989938715,1.0061706043817139e-09
2017-01-06,1.121270329692188e-19,0.9999999989938715,1.0061706043817139e-09
2017-01-09,1.121270329692188e-19,0.9999999989938715,1.0061706043817139e-09
2017-01-10,1.121270329692188e-19,0.9999999989938715,1.0061706043817139e-09
2017-01-11,1.121270329692188e-19,0.9999999989938715,1.0061706043817139e-09
2017-01-12,1.121270329692188e-19,0.9999999989938715,1.0061706043817139e-09
2017-01-13,1.121270329692188e-19,0.9999999989938715,1.0061706043817139e-09
2017-01-16,1.121270329692188e-19,0.9999999989938715,1.0061706043817139e-09
2017-01-17,1.121270329692188e-19,0.9999999989938715,1.0061706043817139e-09
2017-01-18,1.121270329692188e-19,0.9999999989938715,1.0061706043817139e-09
2017-01-19,1.121270329692188e-19,0.9999999989938715,1.0061706043817139e-09
2017-01-20,1.121270329692188e-19,0.9999999989938715,1.0061706043817139e-09
2017-01-23,1.121270329692188e-19,0.9999999989938715,1.0061706043817139e-09
2017-01-24,1.121270329692188e-19,0.9999999989938715,1.0061706043817139e-09
2017-01-25,1.121270329692188e-19,0.9999999989938715,1.0061706043817139e-09
2017-01-27,1.121270329692188e-19,0.9999999989938715,1.0061706043817139e-09
2017-01-30,1.121270329692188e-19,0.9999999989938715,1.0061706043817139e-09
2017-01-31,1.9777555405356065e-09,0.9999999980223038,8.796058839407902e-27
2017-02-01,1.9777555405356065e-09,0.9999999980223038,8.796058839407902e-27
2017-02-02,1.9777555405356065e-09,0.9999999980223038,8.796058839407902e-27
2017-02-03,1.9777555405356065e-09,0.9999999980223038,8.796058839407902e-27
2017-02-06,1.9777555405356065e-09,0.9999999980223038,8.796058839407902e-27
2017-02-07,1.9777555405356065e-09,0.9999999980223038,8.796058839407902e-27
2017-02-08,1.9777555405356065e-09,0.9999999980223038,8.796058839407902e-27
2017-02-09,1.9777555405356065e-09,0.9999999980223038,8.796058839407902e-27
2017-02-10,1.9777555405356065e-09,0.9999999980223038,8.796058839407902e-27
2017-02-13,1.9777555405356065e-09,0.9999999980223038,8.796058839407902e-27
2017-02-14,1.9777555405356065e-09,0.9999999980223038,8.796058839407902e-27
2017-02-15,1.9777555405356065e-09,0.9999999980223038,8.796058839407902e-27
2017-02-16,1.9777555405356065e-09,0.9999999980223038,8.796058839407902e-27
2017-02-17,1.9777555405356065e-09,0.9999999980223038,8.796058839407902e-27
2017-02-20,1.9777555405356065e-09,0.9999999980223038,8.796058839407902e-27
2017-02-21,1.9777555405356065e-09,0.9999999980223038,8.796058839407902e-27
2017-02-22,1.9777555405356065e-09,0.9999999980223038,8.796058839407902e-27
2017-02-23,1.9777555405356065e-09,0.9999999980223038,8.796058839407902e-27
2017-02-27,1.9777555405356065e-09,0.9999999980223038,8.796058839407902e-27
2017-02-28,1.9777555405356065e-09,0.9999999980223038,8.796058839407902e-27
2017-03-01,1.9777555405356065e-09,0.9999999980223038,8.796058839407902e-27
2017-03-02,2.9744414697415427e-44,1.0,1.1354905786907337e-36
2017-03-03,2.9744414697415427e-44,1.0,1.1354905786907337e-36
2017-03-06,2.9744414697415427e-44,1.0,1.1354905786907337e-36
2017-03-07,2.9744414697415427e-44,1.0,1.1354905786907337e-36
2017-03-08,2.9744414697415427e-44,1.0,1.1354905786907337e-36
2017-03-09,2.9744414697415427e-44,1.0,1.1354905786907337e-36
2017-03-10,2.9744414697415427e-44,1.0,1.1354905786907337e-36
2017-03-14,2.9744414697415427e-44,1.0,1.1354905786907337e-36
2017-03-15,2.9744414697415427e-44,1.0,1.1354905786907337e-36
2017-03-16,2.9744414697415427e-44,1.0,1.1354905786907337e-36
2017-03-17,2.9744414697415427e-44,1.0,1.1354905786907337e-36
2017-03-20,2.9744414697415427e-44,1.0,1.1354905786907337e-36
2017-03-21,2.9744414697415427e-44,1.0,1.1354905786907337e-36
2017-03-22,2.9744414697415427e-44,1.0,1.1354905786907337e-36
2017-03-23,2.9744414697415427e-44,1.0,1.1354905786907337e-36
2017-03-24,2.9744414697415427e-44,1.0,1.1354905786907337e-36
2017-03-27,2.9744414697415427e-44,1.0,1.1354905786907337e-36
2017-03-28,2.9744414697415427e-44,1.0,1.1354905786907337e-36
2017-03-29,2.9744414697415427e-44,1.0,1.1354905786907337e-36
2017-03-30,2.9744414697415427e-44,1.0,1.1354905786907337e-36
2017-03-31,2.9744414697415427e-44,1.0,1.1354905786907337e-36
2017-04-03,0.9999999994995505,4.5663361534457995e-10,4.3805143965832184e-11
2017-04-05,0.9999999994995505,4.5663361534457995e-10,4.3805143965832184e-11
2017-04-06,0.9999999994995505,4.5663361534457995e-10,4.3805143965832184e-11
2017-04-07,0.9999999994995505,4.5663361534457995e-10,4.3805143965832184e-11
2017-04-10,0.9999999994995505,4.5663361534457995e-10,4.3805143965832184e-11
2017-04-11,0.9999999994995505,4.5663361534457995e-10,4.3805143965832184e-11
2017-04-12,0.9999999994995505,4.5663361534457995e-10,4.3805143965832184e-11
2017-04-13,0.9999999994995505,4.5663361534457995e-10,4.3805143965832184e-11
2017-04-17,0.9999999994995505,4.5663361534457995e-10,4.3805143965832184e-11
2017-04-18,0.9999999994995505,4.5663361534457995e-10,4.3805143965832184e-11
2017-04-19,0.9999999994995505,4.5663361534457995e-10,4.3805143965832184e-11
2017-04-20,0.9999999994995505,4.5663361534457995e-10,4.3805143965832184e-11
2017-04-21,0.9999999994995505,4.5663361534457995e-10,4.3805143965832184e-11
2017-04-24,0.9999999994995505,4.5663361534457995e-10,4.3805143965832184e-11
2017-04-25,0.9999999994995505,4.5663361534457995e-10,4.3805143965832184e-11
2017-04-26,0.9999999994995505,4.5663361534457995e-10,4.3805143965832184e-11
2017-04-27,0.9999999994995505,4.5663361534457995e-10,4.3805143965832184e-11
2017-04-28,0.9999999994995505,4.5663361534457995e-10,4.3805143965832184e-11
2017-05-02,0.9999999994995505,4.5663361534457995e-10,4.3805143965832184e-11
2017-05-03,0.9999999994995505,4.5663361534457995e-10,4.3805143965832184e-11
2017-05-04,0.9999999994995505,4.5663361534457995e-10,4.3805143965832184e-11
2017-05-05,0.9999999998642579,5.849962641270225e-53,1.356739387245353e-10
2017-05-08,0.9999999998642579,5.849962641270225e-53,1.356739387245353e-10
2017-05-09,0.9999999998642579,5.849962641270225e-53,1.356739387245353e-10
2017-05-10,0.9999999998642579,5.849962641270225e-53,1.356739387245353e-10
2017-05-11,0.9999999998642579,5.849962641270225e-53,1.356739387245353e-10
2017-05-12,0.9999999998642579,5.849962641270225e-53,1.356739387245353e-10
2017-05-15,0.9999999998642579,5.849962641270225e-53,1.356739387245353e-10
2017-05-16,0.9999999998642579,5.849962641270225e-53,1.356739387245353e-10
2017-05-17,0.9999999998642579,5.849962641270225e-53,1.356739387245353e-10
2017-05-18,0.9999999998642579,5.849962641270225e-53,1.356739387245353e-10
2017-05-19,0.9999999998642579,5.849962641270225e-53,1.356739387245353e-10
2017-05-22,0.9999999998642579,5.849962641270225e-53,1.356739387245353e-10
2017-05-23,0.9999999998642579,5.849962641270225e-53,1.356739387245353e-10
2017-05-24,0.9999999998642579,5.849962641270225e-53,1.356739387245353e-10
2017-05-25,0.9999999998642579,5.849962641270225e-53,1.356739387245353e-10
2017-05-26,0.9999999998642579,5.849962641270225e-53,1.356739387245353e-10
2017-05-29,0.9999999998642579,5.849962641270225e-53,1.356739387245353e-10
2017-05-30,0.9999999998642579,5.849962641270225e-53,1.356739387245353e-10
2017-05-31,0.9999999998642579,5.849962641270225e-53,1.356739387245353e-10
2017-06-01,0.9999999998642579,5.849962641270225e-53,1.356739387245353e-10
2017-06-02,0.9999999998642579,5.849962641270225e-53,1.356739387245353e-10
2017-06-05,1.0,8.89095449256795e-48,1.6186644075172603e-14
2017-06-06,1.0,8.89095449256795e-48,1.6186644075172603e-14
2017-06-07,1.0,8.89095449256795e-48,1.6186644075172603e-14
2017-06-08,1.0,8.89095449256795e-48,1.6186644075172603e-14
2017-06-09,1.0,8.89095449256795e-48,1.6186644075172603e-14
2017-06-12,1.0,8.89095449256795e-48,1.6186644075172603e-14
2017-06-13,1.0,8.89095449256795e-48,1.6186644075172603e-14
2017-06-14,1.0,8.89095449256795e-48,1.6186644075172603e-14
2017-06-15,1.0,8.89095449256795e-48,1.6186644075172603e-14
2017-06-16,1.0,8.89095449256795e-48,1.6186644075172603e-14
2017-06-19,1.0,8.89095449256795e-48,1.6186644075172603e-14
2017-06-20,1.0,8.89095449256795e-48,1.6186644075172603e-14
2017-06-21,1.0,8.89095449256795e-48,1.6186644075172603e-14
2017-06-22,1.0,8.89095449256795e-48,1.6186644075172603e-14
2017-06-23,1.0,8.89095449256795e-48,1.6186644075172603e-14
2017-06-27,1.0,8.89095449256795e-48,1.6186644075172603e-14
2017-06-28,1.0,8.89095449256795e-48,1.6186644075172603e-14
2017-06-29,1.0,8.89095449256795e-48,1.6186644075172603e-14
2017-06-30,1.0,8.89095449256795e-48,1.6186644075172603e-14
2017-07-03,1.0,8.89095449256795e-48,1.6186644075172603e-14
2017-07-04,1.0,8.89095449256795e-48,1.6186644075172603e-14
2017-07-05,0.9999999999997726,1.6743574367193708e-54,1.5671449199702648e-13
2017-07-06,0.9999999999997726,1.6743574367193708e-54,1.5671449199702648e-13
2017-07-07,0.9999999999997726,1.6743574367193708e-54,1.5671449199702648e-13
2017-07-10,0.9999999999997726,1.6743574367193708e-54,1.5671449199702648e-13
2017-07-11,0.9999999999997726,1.6743574367193708e-54,1.5671449199702648e-13
2017-07-12,0.9999999999997726,1.6743574367193708e-54,1.5671449199702648e-13
2017-07-13,0.9999999999997726,1.6743574367193708e-54,1.5671449199702648e-13
2017-07-14,0.9999999999997726,1.6743574367193708e-54,1.5671449199702648e-13
2017-07-17,0.9999999999997726,1.6743574367193708e-54,1.5671449199702648e-13
2017-07-18,0.9999999999997726,1.6743574367193708e-54,1.5671449199702648e-13
2017-07-19,0.9999999999997726,1.6743574367193708e-54,1.5671449199702648e-13
2017-07-20,0.9999999999997726,1.6743574367193708e-54,1.5671449199702648e-13
2017-07-21,0.9999999999997726,1.6743574367193708e-54,1.5671449199702648e-13
2017-07-24,0.9999999999997726,1.6743574367193708e-54,1.5671449199702648e-13
2017-07-25,0.9999999999997726,1.6743574367193708e-54,1.5671449199702648e-13
2017-07-26,0.9999999999997726,1.6743574367193708e-54,1.5671449199702648e-13
2017-07-27,0.9999999999997726,1.6743574367193708e-54,1.5671449199702648e-13
2017-07-28,0.9999999999997726,1.6743574367193708e-54,1.5671449199702648e-13
2017-07-31,0.9999999999997726,1.6743574367193708e-54,1.5671449199702648e-13
2017-08-01,0.9999999999997726,1.6743574367193708e-54,1.5671449199702648e-13
2017-08-02,0.9999999999997726,1.6743574367193708e-54,1.5671449199702648e-13
2017-08-03,0.9999999805734208,1.1839145455901142e-33,1.9426579308616558e-08
2017-08-04,0.9999999805734208,1.1839145455901142e-33,1.9426579308616558e-08
2017-08-07,0.9999999805734208,1.1839145455901142e-33,1.9426579308616558e-08
2017-08-08,0.9999999805734208,1.1839145455901142e-33,1.9426579308616558e-08
2017-08-09,0.9999999805734208,1.1839145455901142e-33,1.9426579308616558e-08
2017-08-10,0.9999999805734208,1.1839145455901142e-33,1.9426579308616558e-08
2017-08-11,0.9999999805734208,1.1839145455901142e-33,1.9426579308616558e-08
2017-08-14,0.9999999805734208,1.1839145455901142e-33,1.9426579308616558e-08
2017-08-16,0.9999999805734208,1.1839145455901142e-33,1.9426579308616558e-08
2017-08-17,0.9999999805734208,1.1839145455901142e-33,1.9426579308616558e-08
2017-08-18,0.9999999805734208,1.1839145455901142e-33,1.9426579308616558e-08
2017-08-21,0.9999999805734208,1.1839145455901142e-33,1.9426579308616558e-08
2017-08-22,0.9999999805734208,1.1839145455901142e-33,1.9426579308616558e-08
2017-08-23,0.9999999805734208,1.1839145455901142e-33,1.9426579308616558e-08
2017-08-24,0.9999999805734208,1.1839145455901142e-33,1.9426579308616558e-08
2017-08-28,0.9999999805734208,1.1839145455901142e-33,1.9426579308616558e-08
2017-08-29,0.9999999805734208,1.1839145455901142e-33,1.9426579308616558e-08
2017-08-30,0.9999999805734208,1.1839145455901142e-33,1.9426579308616558e-08
2017-08-31,0.9999999805734208,1.1839145455901142e-33,1.9426579308616558e-08
2017-09-01,0.9999999805734208,1.1839145455901142e-33,1.9426579308616558e-08
2017-09-04,0.9999999805734208,1.1839145455901142e-33,1.9426579308616558e-08
2017-09-05,7.304859694086088e-23,6.417539431250364e-41,1.0
2017-09-06,7.304859694086088e-23,6.417539431250364e-41,1.0
2017-09-07,7.304859694086088e-23,6.417539431250364e-41,1.0
2017-09-08,7.304859694086088e-23,6.417539431250364e-41,1.0
2017-09-11,7.304859694086088e-23,6.417539431250364e-41,1.0
2017-09-12,7.304859694086088e-23,6.417539431250364e-41,1.0
2017-09-13,7.304859694086088e-23,6.417539431250364e-41,1.0
2017-09-14,7.304859694086088e-23,6.417539431250364e-41,1.0
2017-09-15,7.304859694086088e-23,6.417539431250364e-41,1.0
2017-09-18,7.304859694086088e-23,6.417539431250364e-41,1.0
2017-09-19,7.304859694086088e-23,6.417539431250364e-41,1.0
2017-09-20,7.304859694086088e-23,6.417539431250364e-41,1.0
2017-09-21,7.304859694086088e-23,6.417539431250364e-41,1.0
2017-09-22,7.304859694086088e-23,6.417539431250364e-41,1.0
2017-09-25,7.304859694086088e-23,6.417539431250364e-41,1.0
2017-09-26,7.304859694086088e-23,6.417539431250364e-41,1.0
2017-09-27,7.304859694086088e-23,6.417539431250364e-41,1.0
2017-09-28,7.304859694086088e-23,6.417539431250364e-41,1.0
2017-09-29,7.304859694086088e-23,6.417539431250364e-41,1.0
2017-10-03,7.304859694086088e-23,6.417539431250364e-41,1.0
2017-10-04,7.304859694086088e-23,6.417539431250364e-41,1.0
2017-10-05,8.777939403518762e-05,6.147432381572152e-34,0.9999122206058824
2017-10-06,8.777939403518762e-05,6.147432381572152e-34,0.9999122206058824
2017-10-09,8.777939403518762e-05,6.147432381572152e-34,0.9999122206058824
2017-10-10,8.777939403518762e-05,6.147432381572152e-34,0.9999122206058824
2017-10-11,8.777939403518762e-05,6.147432381572152e-34,0.9999122206058824
2017-10-12,8.777939403518762e-05,6.147432381572152e-34,0.9999122206058824
2017-10-13,8.777939403518762e-05,6.147432381572152e-34,0.9999122206058824
2017-10-16,8.777939403518762e-05,6.147432381572152e-34,0.9999122206058824
2017-10-17,8.777939403518762e-05,6.147432381572152e-34,0.9999122206058824
2017-10-18,8.777939403518762e-05,6.147432381572152e-34,0.9999122206058824
2017-10-19,8.777939403518762e-05,6.147432381572152e-34,0.9999122206058824
2017-10-23,8.777939403518762e-05,6.147432381572152e-34,0.9999122206058824
2017-10-24,8.777939403518762e-05,6.147432381572152e-34,0.9999122206058824
2017-10-25,8.777939403518762e-05,6.147432381572152e-34,0.9999122206058824
2017-10-26,8.777939403518762e-05,6.147432381572152e-34,0.9999122206058824
2017-10-27,8.777939403518762e-05,6.147432381572152e-34,0.9999122206058824
2017-10-30,8.777939403518762e-05,6.147432381572152e-34,0.9999122206058824
2017-10-31,8.777939403518762e-05,6.147432381572152e-34,0.9999122206058824
2017-11-01,8.777939403518762e-05,6.147432381572152e-34,0.9999122206058824
2017-11-02,8.777939403518762e-05,6.147432381572152e-34,0.9999122206058824
2017-11-03,8.777939403518762e-05,6.147432381572152e-34,0.9999122206058824
2017-11-06,0.9999999999995453,7.110449274826686e-50,3.4685204043285145e-13
2017-11-07,0.9999999999995453,7.110449274826686e-50,3.4685204043285145e-13
2017-11-08,0.9999999999995453,7.110449274826686e-50,3.4685204043285145e-13
2017-11-09,0.9999999999995453,7.110449274826686e-50,3.4685204043285145e-13
2017-11-10,0.9999999999995453,7.110449274826686e-50,3.4685204043285145e-13
2017-11-13,0.9999999999995453,7.110449274826686e-50,3.4685204043285145e-13
2017-11-14,0.9999999999995453,7.110449274826686e-50,3.4685204043285145e-13
2017-11-15,0.9999999999995453,7.110449274826686e-50,3.4685204043285145e-13
2017-11-16,0.9999999999995453,7.110449274826686e-50,3.4685204043285145e-13
2017-11-17,0.9999999999995453,7.110449274826686e-50,3.4685204043285145e-13
2017-11-20,0.9999999999995453,7.110449274826686e-50,3.4685204043285145e-13
2017-11-21,0.9999999999995453,7.110449274826686e-50,3.4685204043285145e-13
2017-11-22,0.9999999999995453,7.110449274826686e-50,3.4685204043285145e-13
2017-11-23,0.9999999999995453,7.110449274826686e-50,3.4685204043285145e-13
2017-11-24,0.9999999999995453,7.110449274826686e-50,3.4685204043285145e-13
2017-11-27,0.9999999999995453,7.110449274826686e-50,3.4685204043285145e-13
2017-11-28,0.9999999999995453,7.110449274826686e-50,3.4685204043285145e-13
2017-11-29,0.9999999999995453,7.110449274826686e-50,3.4685204043285145e-13
2017-11-30,0.9999999999995453,7.110449274826686e-50,3.4685204043285145e-13
2017-12-01,0.9999999999995453,7.110449274826686e-50,3.4685204043285145e-13
2017-12-04,0.9999999999995453,7.110449274826686e-50,3.4685204043285145e-13
2017-12-05,1.0,4.7210610762009346e-60,6.875706428352138e-39
2017-12-06,1.0,4.7210610762009346e-60,6.875706428352138e-39
2017-12-07,1.0,4.7210610762009346e-60,6.875706428352138e-39
2017-12-08,1.0,4.7210610762009346e-60,6.875706428352138e-39
2017-12-11,1.0,4.7210610762009346e-60,6.875706428352138e-39
2017-12-12,1.0,4.7210610762009346e-60,6.875706428352138e-39
2017-12-13,1.0,4.7210610762009346e-60,6.875706428352138e-39
2017-12-14,1.0,4.7210610762009346e-60,6.875706428352138e-39
2017-12-15,1.0,4.7210610762009346e-60,6.875706428352138e-39
2017-12-18,1.0,4.7210610762009346e-60,6.875706428352138e-39
2017-12-19,1.0,4.7210610762009346e-60,6.875706428352138e-39
2017-12-20,1.0,4.7210610762009346e-60,6.875706428352138e-39
2017-12-21,1.0,4.7210610762009346e-60,6.875706428352138e-39
2017-12-22,1.0,4.7210610762009346e-60,6.875706428352138e-39
2017-12-26,1.0,4.7210610762009346e-60,6.875706428352138e-39
2017-12-27,1.0,4.7210610762009346e-60,6.875706428352138e-39
2017-12-28,1.0,4.7210610762009346e-60,6.875706428352138e-39
2017-12-29,1.0,4.7210610762009346e-60,6.875706428352138e-39
2018-01-01,1.0,4.7210610762009346e-60,6.875706428352138e-39
2018-01-02,1.0,4.7210610762009346e-60,6.875706428352138e-39
2018-01-03,1.0,4.7210610762009346e-60,6.875706428352138e-39
2018-01-04,1.0,3.957874604481868e-54,9.45971667149288e-73
2018-01-05,1.0,3.957874604481868e-54,9.45971667149288e-73
2018-01-08,1.0,3.957874604481868e-54,9.45971667149288e-73
2018-01-09,1.0,3.957874604481868e-54,9.45971667149288e-73
2018-01-10,1.0,3.957874604481868e-54,9.45971667149288e-73
2018-01-11,1.0,3.957874604481868e-54,9.45971667149288e-73
2018-01-12,1.0,3.957874604481868e-54,9.45971667149288e-73
2018-01-15,1.0,3.957874604481868e-54,9.45971667149288e-73
2018-01-16,1.0,3.957874604481868e-54,9.45971667149288e-73
2018-01-17,1.0,3.957874604481868e-54,9.45971667149288e-73
2018-01-18,1.0,3.957874604481868e-54,9.45971667149288e-73
2018-01-19,1.0,3.957874604481868e-54,9.45971667149288e-73
2018-01-22,1.0,3.957874604481868e-54,9.45971667149288e-73
2018-01-23,1.0,3.957874604481868e-54,9.45971667149288e-73
2018-01-24,1.0,3.957874604481868e-54,9.45971667149288e-73
2018-01-25,1.0,3.957874604481868e-54,9.45971667149288e-73
2018-01-29,1.0,3.957874604481868e-54,9.45971667149288e-73
2018-01-30,1.0,3.957874604481868e-54,9.45971667149288e-73
2018-01-31,1.0,3.957874604481868e-54,9.45971667149288e-73
2018-02-01,1.0,3.957874604481868e-54,9.45971667149288e-73
2018-02-02,1.0,3.957874604481868e-54,9.45971667149288e-73
2018-02-05,4.0795202610826306e-51,1.3841106394071775e-07,0.9999998615890131
2018-02-06,4.0795202610826306e-51,1.3841106394071775e-07,0.9999998615890131
2018-02-07,4.0795202610826306e-51,1.3841106394071775e-07,0.9999998615890131
2018-02-08,4.0795202610826306e-51,1.3841106394071775e-07,0.9999998615890131
2018-02-09,4.0795202610826306e-51,1.3841106394071775e-07,0.9999998615890131
2018-02-12,4.0795202610826306e-51,1.3841106394071775e-07,0.9999998615890131
2018-02-14,4.0795202610826306e-51,1.3841106394071775e-07,0.9999998615890131
2018-02-15,4.0795202610826306e-51,1.3841106394071775e-07,0.9999998615890131
2018-02-16,4.0795202610826306e-51,1.3841106394071775e-07,0.9999998615890131
2018-02-19,4.0795202610826306e-51,1.3841106394071775e-07,0.9999998615890131
2018-02-20,4.0795202610826306e-51,1.3841106394071775e-07,0.9999998615890131
2018-02-21,4.0795202610826306e-51,1.3841106394071775e-07,0.9999998615890131
2018-02-22,4.0795202610826306e-51,1.3841106394071775e-07,0.9999998615890131
2018-02-23,4.0795202610826306e-51,1.3841106394071775e-07,0.9999998615890131
2018-02-26,4.0795202610826306e-51,1.3841106394071775e-07,0.9999998615890131
2018-02-27,4.0795202610826306e-51,1.3841106394071775e-07,0.9999998615890131
2018-02-28,4.0795202610826306e-51,1.3841106394071775e-07,0.9999998615890131
2018-03-01,4.0795202610826306e-51,1.3841106394071775e-07,0.9999998615890131
2018-03-05,4.0795202610826306e-51,1.3841106394071775e-07,0.9999998615890131
2018-03-06,4.0795202610826306e-51,1.3841106394071775e-07,0.9999998615890131
2018-03-07,4.0795202610826306e-51,1.3841106394071775e-07,0.9999998615890131
2018-03-08,1.0842521909903389e-12,1.0171226035145519e-10,0.9999999998972271
2018-03-09,1.0842521909903389e-12,1.0171226035145519e-10,0.9999999998972271
2018-03-12,1.0842521909903389e-12,1.0171226035145519e-10,0.9999999998972271
2018-03-13,1.0842521909903389e-12,1.0171226035145519e-10,0.9999999998972271
2018-03-14,1.0842521909903389e-12,1.0171226035145519e-10,0.9999999998972271
2018-03-15,1.0842521909903389e-12,1.0171226035145519e-10,0.9999999998972271
2018-03-16,1.0842521909903389e-12,1.0171226035145519e-10,0.9999999998972271
2018-03-19,1.0842521909903389e-12,1.0171226035145519e-10,0.9999999998972271
2018-03-20,1.0842521909903389e-12,1.0171226035145519e-10,0.9999999998972271
2018-03-21,1.0842521909903389e-12,1.0171226035145519e-10,0.9999999998972271
2018-03-22,1.0842521909903389e-12,1.0171226035145519e-10,0.9999999998972271
2018-03-23,1.0842521909903389e-12,1.0171226035145519e-10,0.9999999998972271
2018-03-26,1.0842521909903389e-12,1.0171226035145519e-10,0.9999999998972271
2018-03-27,1.0842521909903389e-12,1.0171226035145519e-10,0.9999999998972271
2018-03-28,1.0842521909903389e-12,1.0171226035145519e-10,0.9999999998972271
2018-04-02,1.0842521909903389e-12,1.0171226035145519e-10,0.9999999998972271
2018-04-03,1.0842521909903389e-12,1.0171226035145519e-10,0.9999999998972271
2018-04-04,1.0842521909903389e-12,1.0171226035145519e-10,0.9999999998972271
2018-04-05,1.0842521909903389e-12,1.0171226035145519e-10,0.9999999998972271
2018-04-06,1.0842521909903389e-12,1.0171226035145519e-10,0.9999999998972271
2018-04-09,1.0842521909903389e-12,1.0171226035145519e-10,0.9999999998972271
2018-04-10,1.2849794204520246e-25,5.684000031499524e-15,1.0
2018-04-11,1.2849794204520246e-25,5.684000031499524e-15,1.0
2018-04-12,1.2849794204520246e-25,5.684000031499524e-15,1.0
2018-04-13,1.2849794204520246e-25,5.684000031499524e-15,1.0
2018-04-16,1.2849794204520246e-25,5.684000031499524e-15,1.0
2018-04-17,1.2849794204520246e-25,5.684000031499524e-15,1.0
2018-04-18,1.2849794204520246e-25,5.684000031499524e-15,1.0
2018-04-19,1.2849794204520246e-25,5.684000031499524e-15,1.0
2018-04-20,1.2849794204520246e-25,5.684000031499524e-15,1.0
2018-04-23,1.2849794204520246e-25,5.684000031499524e-15,1.0
2018-04-24,1.2849794204520246e-25,5.684000031499524e-15,1.0
2018-04-25,1.2849794204520246e-25,5.684000031499524e-15,1.0
2018-04-26,1.2849794204520246e-25,5.684000031499524e-15,1.0
2018-04-27,1.2849794204520246e-25,5.684000031499524e-15,1.0
2018-04-30,1.2849794204520246e-25,5.684000031499524e-15,1.0
2018-05-02,1.2849794204520246e-25,5.684000031499524e-15,1.0
2018-05-03,1.2849794204520246e-25,5.684000031499524e-15,1.0
2018-05-04,1.2849794204520246e-25,5.684000031499524e-15,1.0
2018-05-07,1.2849794204520246e-25,5.684000031499524e-15,1.0
2018-05-08,1.2849794204520246e-25,5.684000031499524e-15,1.0
2018-05-09,1.2849794204520246e-25,5.684000031499524e-15,1.0
2018-05-10,0.9999999999997726,2.7510611685038084e-28,3.1009338161408147e-13
2018-05-11,0.9999999999997726,2.7510611685038084e-28,3.1009338161408147e-13
2018-05-14,0.9999999999997726,2.7510611685038084e-28,3.1009338161408147e-13
2018-05-15,0.9999999999997726,2.7510611685038084e-28,3.1009338161408147e-13
2018-05-16,0.9999999999997726,2.7510611685038084e-28,3.1009338161408147e-13
2018-05-17,0.9999999999997726,2.7510611685038084e-28,3.1009338161408147e-13
2018-05-18,0.9999999999997726,2.7510611685038084e-28,3.1009338161408147e-13
2018-05-21,0.9999999999997726,2.7510611685038084e-28,3.1009338161408147e-13
2018-05-22,0.9999999999997726,2.7510611685038084e-28,3.1009338161408147e-13
2018-05-23,0.9999999999997726,2.7510611685038084e-28,3.1009338161408147e-13
2018-05-24,0.9999999999997726,2.7510611685038084e-28,3.1009338161408147e-13
2018-05-25,0.9999999999997726,2.7510611685038084e-28,3.1009338161408147e-13
2018-05-28,0.9999999999997726,2.7510611685038084e-28,3.1009338161408147e-13
2018-05-29,0.9999999999997726,2.7510611685038084e-28,3.1009338161408147e-13
2018-05-30,0.9999999999997726,2.7510611685038084e-28,3.1009338161408147e-13
2018-05-31,0.9999999999997726,2.7510611685038084e-28,3.1009338161408147e-13
2018-06-01,0.9999999999997726,2.7510611685038084e-28,3.1009338161408147e-13
2018-06-04,0.9999999999997726,2.7510611685038084e-28,3.1009338161408147e-13
2018-06-05,0.9999999999997726,2.7510611685038084e-28,3.1009338161408147e-13
2018-06-06,0.9999999999997726,2.7510611685038084e-28,3.1009338161408147e-13
2018-06-07,0.9999999999997726,2.7510611685038084e-28,3.1009338161408147e-13
2018-06-08,3.346099760636167e-05,0.999966535661237,3.3411587528073618e-09
2018-06-11,3.346099760636167e-05,0.999966535661237,3.3411587528073618e-09
2018-06-12,3.346099760636167e-05,0.999966535661237,3.3411587528073618e-09
2018-06-13,3.346099760636167e-05,0.999966535661237,3.3411587528073618e-09
2018-06-14,3.346099760636167e-05,0.999966535661237,3.3411587528073618e-09
2018-06-15,3.346099760636167e-05,0.999966535661237,3.3411587528073618e-09
2018-06-18,3.346099760636167e-05,0.999966535661237,3.3411587528073618e-09
2018-06-19,3.346099760636167e-05,0.999966535661237,3.3411587528073618e-09
2018-06-20,3.346099760636167e-05,0.999966535661237,3.3411587528073618e-09
2018-06-21,3.346099760636167e-05,0.999966535661237,3.3411587528073618e-09
2018-06-22,3.346099760636167e-05,0.999966535661237,3.3411587528073618e-09
2018-06-25,3.346099760636167e-05,0.999966535661237,3.3411587528073618e-09
2018-06-26,3.346099760636167e-05,0.999966535661237,3.3411587528073618e-09
2018-06-27,3.346099760636167e-05,0.999966535661237,3.3411587528073618e-09
2018-06-28,3.346099760636167e-05,0.999966535661237,3.3411587528073618e-09
2018-06-29,3.346099760636167e-05,0.999966535661237,3.3411587528073618e-09
2018-07-02,3.346099760636167e-05,0.999966535661237,3.3411587528073618e-09
2018-07-03,3.346099760636167e-05,0.999966535661237,3.3411587528073618e-09
2018-07-04,3.346099760636167e-05,0.999966535661237,3.3411587528073618e-09
2018-07-05,3.346099760636167e-05,0.999966535661237,3.3411587528073618e-09
2018-07-06,3.346099760636167e-05,0.999966535661237,3.3411587528073618e-09
2018-07-09,2.4065689221527363e-09,0.999999997593477,1.5220602154543235e-20
2018-07-10,2.4065689221527363e-09,0.999999997593477,1.5220602154543235e-20
2018-07-11,2.4065689221527363e-09,0.999999997593477,1.5220602154543235e-20
2018-07-12,2.4065689221527363e-09,0.999999997593477,1.5220602154543235e-20
2018-07-13,2.4065689221527363e-09,0.999999997593477,1.5220602154543235e-20
2018-07-16,2.4065689221527363e-09,0.999999997593477,1.5220602154543235e-20
2018-07-17,2.4065689221527363e-09,0.999999997593477,1.5220602154543235e-20
2018-07-18,2.4065689221527363e-09,0.999999997593477,1.5220602154543235e-20
2018-07-19,2.4065689221527363e-09,0.999999997593477,1.5220602154543235e-20
2018-07-20,2.4065689221527363e-09,0.999999997593477,1.5220602154543235e-20
2018-07-23,2.4065689221527363e-09,0.999999997593477,1.5220602154543235e-20
2018-07-24,2.4065689221527363e-09,0.999999997593477,1.5220602154543235e-20
2018-07-25,2.4065689221527363e-09,0.999999997593477,1.5220602154543235e-20
2018-07-26,2.4065689221527363e-09,0.999999997593477,1.5220602154543235e-20
2018-07-27,2.4065689221527363e-09,0.999999997593477,1.5220602154543235e-20
2018-07-30,2.4065689221527363e-09,0.999999997593477,1.5220602154543235e-20
2018-07-31,2.4065689221527363e-09,0.999999997593477,1.5220602154543235e-20
2018-08-01,2.4065689221527363e-09,0.999999997593477,1.5220602154543235e-20
2018-08-02,2.4065689221527363e-09,0.999999997593477,1.5220602154543235e-20
2018-08-03,2.4065689221527363e-09,0.999999997593477,1.5220602154543235e-20
2018-08-06,2.4065689221527363e-09,0.999999997593477,1.5220602154543235e-20
2018-08-07,0.9999845151372232,1.5484862671675176e-05,1.098174133042311e-30
2018-08-08,0.9999845151372232,1.5484862671675176e-05,1.098174133042311e-30
2018-08-09,0.9999845151372232,1.5484862671675176e-05,1.098174133042311e-30
2018-08-10,0.9999845151372232,1.5484862671675176e-05,1.098174133042311e-30
2018-08-13,0.9999845151372232,1.5484862671675176e-05,1.098174133042311e-30
2018-08-14,0.9999845151372232,1.5484862671675176e-05,1.098174133042311e-30
2018-08-16,0.9999845151372232,1.5484862671675176e-05,1.098174133042311e-30
2018-08-17,0.9999845151372232,1.5484862671675176e-05,1.098174133042311e-30
2018-08-20,0.9999845151372232,1.5484862671675176e-05,1.098174133042311e-30
2018-08-21,0.9999845151372232,1.5484862671675176e-05,1.098174133042311e-30
2018-08-23,0.9999845151372232,1.5484862671675176e-05,1.098174133042311e-30
2018-08-24,0.9999845151372232,1.5484862671675176e-05,1.098174133042311e-30
2018-08-27,0.9999845151372232,1.5484862671675176e-05,1.098174133042311e-30
2018-08-28,0.9999845151372232,1.5484862671675176e-05,1.098174133042311e-30
2018-08-29,0.9999845151372232,1.5484862671675176e-05,1.098174133042311e-30
2018-08-30,0.9999845151372232,1.5484862671675176e-05,1.098174133042311e-30
2018-08-31,0.9999845151372232,1.5484862671675176e-05,1.098174133042311e-30
2018-09-03,0.9999845151372232,1.5484862671675176e-05,1.098174133042311e-30
2018-09-04,0.9999845151372232,1.5484862671675176e-05,1.098174133042311e-30
2018-09-05,0.9999845151372232,1.5484862671675176e-05,1.098174133042311e-30
2018-09-06,0.9999845151372232,1.5484862671675176e-05,1.098174133042311e-30
2018-09-07,1.0,1.546524104247869e-15,2.7382527180839464e-33
2018-09-10,1.0,1.546524104247869e-15,2.7382527180839464e-33
2018-09-11,1.0,1.546524104247869e-15,2.7382527180839464e-33
2018-09-12,1.0,1.546524104247869e-15,2.7382527180839464e-33
2018-09-14,1.0,1.546524104247869e-15,2.7382527180839464e-33
2018-09-17,1.0,1.546524104247869e-15,2.7382527180839464e-33
2018-09-18,1.0,1.546524104247869e-15,2.7382527180839464e-33
2018-09-19,1.0,1.546524104247869e-15,2.7382527180839464e-33
2018-09-21,1.0,1.546524104247869e-15,2.7382527180839464e-33
2018-09-24,1.0,1.546524104247869e-15,2.7382527180839464e-33
2018-09-25,1.0,1.546524104247869e-15,2.7382527180839464e-33
2018-09-26,1.0,1.546524104247869e-15,2.7382527180839464e-33
2018-09-27,1.0,1.546524104247869e-15,2.7382527180839464e-33
2018-09-28,1.0,1.546524104247869e-15,2.7382527180839464e-33
2018-10-01,1.0,1.546524104247869e-15,2.7382527180839464e-33
2018-10-03,1.0,1.546524104247869e-15,2.7382527180839464e-33
2018-10-04,1.0,1.546524104247869e-15,2.7382527180839464e-33
2018-10-05,1.0,1.546524104247869e-15,2.7382527180839464e-33
2018-10-08,1.0,1.546524104247869e-15,2.7382527180839464e-33
2018-10-09,1.0,1.546524104247869e-15,2.7382527180839464e-33
2018-10-10,1.0,1.546524104247869e-15,2.7382527180839464e-33
2018-10-11,1.2187424555930426e-36,6.664179206033589e-29,1.0
2018-10-12,1.2187424555930426e-36,6.664179206033589e-29,1.0
2018-10-15,1.2187424555930426e-36,6.664179206033589e-29,1.0
2018-10-16,1.2187424555930426e-36,6.664179206033589e-29,1.0
2018-10-17,1.2187424555930426e-36,6.664179206033589e-29,1.0
2018-10-19,1.2187424555930426e-36,6.664179206033589e-29,1.0
2018-10-22,1.2187424555930426e-36,6.664179206033589e-29,1.0
2018-10-23,1.2187424555930426e-36,6.664179206033589e-29,1.0
2018-10-24,1.2187424555930426e-36,6.664179206033589e-29,1.0
2018-10-25,1.2187424555930426e-36,6.664179206033589e-29,1.0
2018-10-26,1.2187424555930426e-36,6.664179206033589e-29,1.0
2018-10-29,1.2187424555930426e-36,6.664179206033589e-29,1.0
2018-10-30,1.2187424555930426e-36,6.664179206033589e-29,1.0
2018-10-31,1.2187424555930426e-36,6.664179206033589e-29,1.0
2018-11-01,1.2187424555930426e-36,6.664179206033589e-29,1.0
2018-11-02,1.2187424555930426e-36,6.664179206033589e-29,1.0
2018-11-05,1.2187424555930426e-36,6.664179206033589e-29,1.0
2018-11-06,1.2187424555930426e-36,6.664179206033589e-29,1.0
2018-11-07,1.2187424555930426e-36,6.664179206033589e-29,1.0
2018-11-09,1.2187424555930426e-36,6.664179206033589e-29,1.0
2018-11-12,1.2187424555930426e-36,6.664179206033589e-29,1.0
2018-11-13,5.061659011980067e-42,2.3256256659466712e-11,0.9999999999768079
2018-11-14,5.061659011980067e-42,2.3256256659466712e-11,0.9999999999768079
2018-11-15,5.061659011980067e-42,2.3256256659466712e-11,0.9999999999768079
2018-11-16,5.061659011980067e-42,2.3256256659466712e-11,0.9999999999768079
2018-11-19,5.061659011980067e-42,2.3256256659466712e-11,0.9999999999768079
2018-11-20,5.061659011980067e-42,2.3256256659466712e-11,0.9999999999768079
2018-11-21,5.061659011980067e-42,2.3256256659466712e-11,0.9999999999768079
2018-11-22,5.061659011980067e-42,2.3256256659466712e-11,0.9999999999768079
2018-11-26,5.061659011980067e-42,2.3256256659466712e-11,0.9999999999768079
2018-11-27,5.061659011980067e-42,2.3256256659466712e-11,0.9999999999768079
2018-11-28,5.061659011980067e-42,2.3256256659466712e-11,0.9999999999768079
2018-11-29,5.061659011980067e-42,2.3256256659466712e-11,0.9999999999768079
2018-11-30,5.061659011980067e-42,2.3256256659466712e-11,0.9999999999768079
2018-12-03,5.061659011980067e-42,2.3256256659466712e-11,0.9999999999768079
2018-12-04,5.061659011980067e-42,2.3256256659466712e-11,0.9999999999768079
2018-12-05,5.061659011980067e-42,2.3256256659466712e-11,0.9999999999768079
2018-12-06,5.061659011980067e-42,2.3256256659466712e-11,0.9999999999768079
2018-12-07,5.061659011980067e-42,2.3256256659466712e-11,0.9999999999768079
2018-12-10,5.061659011980067e-42,2.3256256659466712e-11,0.9999999999768079
2018-12-11,5.061659011980067e-42,2.3256256659466712e-11,0.9999999999768079
2018-12-12,5.061659011980067e-42,2.3256256659466712e-11,0.9999999999768079
2018-12-13,1.9475141718629168e-14,1.0,6.15999228215149e-24
2018-12-14,1.9475141718629168e-14,1.0,6.15999228215149e-24
2018-12-17,1.9475141718629168e-14,1.0,6.15999228215149e-24
2018-12-18,1.9475141718629168e-14,1.0,6.15999228215149e-24
2018-12-19,1.9475141718629168e-14,1.0,6.15999228215149e-24
2018-12-20,1.9475141718629168e-14,1.0,6.15999228215149e-24
2018-12-21,1.9475141718629168e-14,1.0,6.15999228215149e-24
2018-12-24,1.9475141718629168e-14,1.0,6.15999228215149e-24
2018-12-26,1.9475141718629168e-14,1.0,6.15999228215149e-24
2018-12-27,1.9475141718629168e-14,1.0,6.15999228215149e-24
2018-12-28,1.9475141718629168e-14,1.0,6.15999228215149e-24
2018-12-31,1.9475141718629168e-14,1.0,6.15999228215149e-24
2019-01-01,1.9475141718629168e-14,1.0,6.15999228215149e-24
2019-01-02,1.9475141718629168e-14,1.0,6.15999228215149e-24
2019-01-03,1.9475141718629168e-14,1.0,6.15999228215149e-24
2019-01-04,1.9475141718629168e-14,1.0,6.15999228215149e-24
2019-01-07,1.9475141718629168e-14,1.0,6.15999228215149e-24
2019-01-08,1.9475141718629168e-14,1.0,6.15999228215149e-24
2019-01-09,1.9475141718629168e-14,1.0,6.15999228215149e-24
2019-01-10,1.9475141718629168e-14,1.0,6.15999228215149e-24
2019-01-11,1.9475141718629168e-14,1.0,6.15999228215149e-24
2019-01-14,4.3469305584098555e-06,0.9999956530695163,1.7374043639816437e-20
2019-01-15,4.3469305584098555e-06,0.9999956530695163,1.7374043639816437e-20
2019-01-16,4.3469305584098555e-06,0.9999956530695163,1.7374043639816437e-20
2019-01-17,4.3469305584098555e-06,0.9999956530695163,1.7374043639816437e-20
2019-01-18,4.3469305584098555e-06,0.9999956530695163,1.7374043639816437e-20
2019-01-21,4.3469305584098555e-06,0.9999956530695163,1.7374043639816437e-20
2019-01-22,4.3469305584098555e-06,0.9999956530695163,1.7374043639816437e-20
2019-01-23,4.3469305584098555e-06,0.9999956530695163,1.7374043639816437e-20
2019-01-24,4.3469305584098555e-06,0.9999956530695163,1.7374043639816437e-20
2019-01-25,4.3469305584098555e-06,0.9999956530695163,1.7374043639816437e-20
2019-01-28,4.3469305584098555e-06,0.9999956530695163,1.7374043639816437e-20
2019-01-29,4.3469305584098555e-06,0.9999956530695163,1.7374043639816437e-20
2019-01-30,4.3469305584098555e-06,0.9999956530695163,1.7374043639816437e-20
2019-01-31,4.3469305584098555e-06,0.9999956530695163,1.7374043639816437e-20
2019-02-01,4.3469305584098555e-06,0.9999956530695163,1.7374043639816437e-20
2019-02-04,4.3469305584098555e-06,0.9999956530695163,1.7374043639816437e-20
2019-02-05,4.3469305584098555e-06,0.9999956530695163,1.7374043639816437e-20
2019-02-06,4.3469305584098555e-06,0.9999956530695163,1.7374043639816437e-20
2019-02-07,4.3469305584098555e-06,0.9999956530695163,1.7374043639816437e-20
2019-02-08,4.3469305584098555e-06,0.9999956530695163,1.7374043639816437e-20
2019-02-11,4.3469305584098555e-06,0.9999956530695163,1.7374043639816437e-20
2019-02-12,1.0278826654729586e-08,0.9999999897211183,4.887522471065876e-20
2019-02-14,1.0278826654729586e-08,0.9999999897211183,4.887522471065876e-20
2019-02-15,1.0278826654729586e-08,0.9999999897211183,4.887522471065876e-20
2019-02-18,1.0278826654729586e-08,0.9999999897211183,4.887522471065876e-20
2019-02-19,1.0278826654729586e-08,0.9999999897211183,4.887522471065876e-20
2019-02-20,1.0278826654729586e-08,0.9999999897211183,4.887522471065876e-20
2019-02-21,1.0278826654729586e-08,0.9999999897211183,4.887522471065876e-20
2019-02-22,1.0278826654729586e-08,0.9999999897211183,4.887522471065876e-20
2019-02-25,1.0278826654729586e-08,0.9999999897211183,4.887522471065876e-20
2019-02-26,1.0278826654729586e-08,0.9999999897211183,4.887522471065876e-20
2019-02-27,1.0278826654729586e-08,0.9999999897211183,4.887522471065876e-20
2019-02-28,1.0278826654729586e-08,0.9999999897211183,4.887522471065876e-20
2019-03-01,1.0278826654729586e-08,0.9999999897211183,4.887522471065876e-20
2019-03-05,1.0278826654729586e-08,0.9999999897211183,4.887522471065876e-20
2019-03-06,1.0278826654729586e-08,0.9999999897211183,4.887522471065876e-20
2019-03-07,1.0278826654729586e-08,0.9999999897211183,4.887522471065876e-20
2019-03-08,1.0278826654729586e-08,0.9999999897211183,4.887522471065876e-20
2019-03-11,1.0278826654729586e-08,0.9999999897211183,4.887522471065876e-20
2019-03-12,1.0278826654729586e-08,0.9999999897211183,4.887522471065876e-20
2019-03-13,1.0278826654729586e-08,0.9999999897211183,4.887522471065876e-20
2019-03-14,1.0278826654729586e-08,0.9999999897211183,4.887522471065876e-20
2019-03-15,0.011119501987914263,0.988880497932393,7.970595873889348e-11
2019-03-18,0.011119501987914263,0.988880497932393,7.970595873889348e-11
2019-03-19,0.011119501987914263,0.988880497932393,7.970595873889348e-11
2019-03-20,0.011119501987914263,0.988880497932393,7.970595873889348e-11
2019-03-22,0.011119501987914263,0.988880497932393,7.970595873889348e-11
2019-03-25,0.011119501987914263,0.988880497932393,7.970595873889348e-11
2019-03-26,0.011119501987914263,0.988880497932393,7.970595873889348e-11
2019-03-27,0.011119501987914263,0.988880497932393,7.970595873889348e-11
2019-03-28,0.011119501987914263,0.988880497932393,7.970595873889348e-11
2019-04-01,0.011119501987914263,0.988880497932393,7.970595873889348e-11
2019-04-02,0.011119501987914263,0.988880497932393,7.970595873889348e-11
2019-04-03,0.011119501987914263,0.988880497932393,7.970595873889348e-11
2019-04-04,0.011119501987914263,0.988880497932393,7.970595873889348e-11
2019-04-05,0.011119501987914263,0.988880497932393,7.970595873889348e-11
2019-04-08,0.011119501987914263,0.988880497932393,7.970595873889348e-11
2019-04-09,0.011119501987914263,0.988880497932393,7.970595873889348e-11
2019-04-10,0.011119501987914263,0.988880497932393,7.970595873889348e-11
2019-04-11,0.011119501987914263,0.988880497932393,7.970595873889348e-11
2019-04-12,0.011119501987914263,0.988880497932393,7.970595873889348e-11
2019-04-15,0.011119501987914263,0.988880497932393,7.970595873889348e-11
2019-04-16,0.011119501987914263,0.988880497932393,7.970595873889348e-11
2019-04-18,1.0,1.2552663577921773e-21,1.823715794200268e-15
2019-04-22,1.0,1.2552663577921773e-21,1.823715794200268e-15
2019-04-23,1.0,1.2552663577921773e-21,1.823715794200268e-15
2019-04-24,1.0,1.2552663577921773e-21,1.823715794200268e-15
2019-04-25,1.0,1.2552663577921773e-21,1.823715794200268e-15
2019-04-26,1.0,1.2552663577921773e-21,1.823715794200268e-15
2019-04-30,1.0,1.2552663577921773e-21,1.823715794200268e-15
2019-05-02,1.0,1.2552663577921773e-21,1.823715794200268e-15
2019-05-03,1.0,1.2552663577921773e-21,1.823715794200268e-15
2019-05-06,1.0,1.2552663577921773e-21,1.823715794200268e-15
2019-05-07,1.0,1.2552663577921773e-21,1.823715794200268e-15
2019-05-08,1.0,1.2552663577921773e-21,1.823715794200268e-15
2019-05-09,1.0,1.2552663577921773e-21,1.823715794200268e-15
2019-05-10,1.0,1.2552663577921773e-21,1.823715794200268e-15
2019-05-13,1.0,1.2552663577921773e-21,1.823715794200268e-15
2019-05-14,1.0,1.2552663577921773e-21,1.823715794200268e-15
2019-05-15,1.0,1.2552663577921773e-21,1.823715794200268e-15
2019-05-16,1.0,1.2552663577921773e-21,1.823715794200268e-15
2019-05-17,1.0,1.2552663577921773e-21,1.823715794200268e-15
2019-05-20,1.0,1.2552663577921773e-21,1.823715794200268e-15
2019-05-21,1.0,1.2552663577921773e-21,1.823715794200268e-15
2019-05-22,5.72987080941201e-16,1.0,2.5584148518888277e-25
2019-05-23,5.72987080941201e-16,1.0,2.5584148518888277e-25
2019-05-24,5.72987080941201e-16,1.0,2.5584148518888277e-25
2019-05-27,5.72987080941201e-16,1.0,2.5584148518888277e-25
2019-05-28,5.72987080941201e-16,1.0,2.5584148518888277e-25
2019-05-29,5.72987080941201e-16,1.0,2.5584148518888277e-25
2019-05-30,5.72987080941201e-16,1.0,2.5584148518888277e-25
2019-05-31,5.72987080941201e-16,1.0,2.5584148518888277e-25
2019-06-03,5.72987080941201e-16,1.0,2.5584148518888277e-25
2019-06-04,5.72987080941201e-16,1.0,2.5584148518888277e-25
2019-06-06,5.72987080941201e-16,1.0,2.5584148518888277e-25
2019-06-07,5.72987080941201e-16,1.0,2.5584148518888277e-25
2019-06-10,5.72987080941201e-16,1.0,2.5584148518888277e-25
2019-06-11,5.72987080941201e-16,1.0,2.5584148518888277e-25
2019-06-12,5.72987080941201e-16,1.0,2.5584148518888277e-25
2019-06-13,5.72987080941201e-16,1.0,2.5584148518888277e-25
2019-06-14,5.72987080941201e-16,1.0,2.5584148518888277e-25
2019-06-17,5.72987080941201e-16,1.0,2.5584148518888277e-25
2019-06-18,5.72987080941201e-16,1.0,2.5584148518888277e-25
2019-06-19,5.72987080941201e-16,1.0,2.5584148518888277e-25
2019-06-20,5.72987080941201e-16,1.0,2.5584148518888277e-25
2019-06-21,1.0253675819478144e-05,0.9999897463138047,1.0477805362927416e-11
2019-06-24,1.0253675819478144e-05,0.9999897463138047,1.0477805362927416e-11
2019-06-25,1.0253675819478144e-05,0.9999897463138047,1.0477805362927416e-11
2019-06-26,1.0253675819478144e-05,0.9999897463138047,1.0477805362927416e-11
2019-06-27,1.0253675819478144e-05,0.9999897463138047,1.0477805362927416e-11
2019-06-28,1.0253675819478144e-05,0.9999897463138047,1.0477805362927416e-11
2019-07-01,1.0253675819478144e-05,0.9999897463138047,1.0477805362927416e-11
2019-07-02,1.0253675819478144e-05,0.9999897463138047,1.0477805362927416e-11
2019-07-03,1.0253675819478144e-05,0.9999897463138047,1.0477805362927416e-11
2019-07-04,1.0253675819478144e-05,0.9999897463138047,1.0477805362927416e-11
2019-07-05,1.0253675819478144e-05,0.9999897463138047,1.0477805362927416e-11
2019-07-08,1.0253675819478144e-05,0.9999897463138047,1.0477805362927416e-11
2019-07-09,1.0253675819478144e-05,0.9999897463138047,1.0477805362927416e-11
2019-07-10,1.0253675819478144e-05,0.9999897463138047,1.0477805362927416e-11
2019-07-11,1.0253675819478144e-05,0.9999897463138047,1.0477805362927416e-11
2019-07-12,1.0253675819478144e-05,0.9999897463138047,1.0477805362927416e-11
2019-07-15,1.0253675819478144e-05,0.9999897463138047,1.0477805362927416e-11
2019-07-16,1.0253675819478144e-05,0.9999897463138047,1.0477805362927416e-11
2019-07-17,1.0253675819478144e-05,0.9999897463138047,1.0477805362927416e-11
2019-07-18,1.0253675819478144e-05,0.9999897463138047,1.0477805362927416e-11
2019-07-19,1.0253675819478144e-05,0.9999897463138047,1.0477805362927416e-11
2019-07-22,4.74208239473979e-15,1.0,6.420184258683364e-15
2019-07-23,4.74208239473979e-15,1.0,6.420184258683364e-15
2019-07-24,4.74208239473979e-15,1.0,6.420184258683364e-15
2019-07-25,4.74208239473979e-15,1.0,6.420184258683364e-15
2019-07-26,4.74208239473979e-15,1.0,6.420184258683364e-15
2019-07-29,4.74208239473979e-15,1.0,6.420184258683364e-15
2019-07-30,4.74208239473979e-15,1.0,6.420184258683364e-15
2019-07-31,4.74208239473979e-15,1.0,6.420184258683364e-15
2019-08-01,4.74208239473979e-15,1.0,6.420184258683364e-15
2019-08-02,4.74208239473979e-15,1.0,6.420184258683364e-15
2019-08-05,4.74208239473979e-15,1.0,6.420184258683364e-15
2019-08-06,4.74208239473979e-15,1.0,6.420184258683364e-15
2019-08-07,4.74208239473979e-15,1.0,6.420184258683364e-15
2019-08-08,4.74208239473979e-15,1.0,6.420184258683364e-15
2019-08-09,4.74208239473979e-15,1.0,6.420184258683364e-15
2019-08-13,4.74208239473979e-15,1.0,6.420184258683364e-15
2019-08-14,4.74208239473979e-15,1.0,6.420184258683364e-15
2019-08-16,4.74208239473979e-15,1.0,6.420184258683364e-15
2019-08-19,4.74208239473979e-15,1.0,6.420184258683364e-15
2019-08-20,4.74208239473979e-15,1.0,6.420184258683364e-15
2019-08-21,4.74208239473979e-15,1.0,6.420184258683364e-15
2019-08-22,3.5624394600425343e-102,3.4852432236916935e-12,0.9999999999965894
2019-08-23,3.5624394600425343e-102,3.4852432236916935e-12,0.9999999999965894
2019-08-26,3.5624394600425343e-102,3.4852432236916935e-12,0.9999999999965894
2019-08-27,3.5624394600425343e-102,3.4852432236916935e-12,0.9999999999965894
2019-08-28,3.5624394600425343e-102,3.4852432236916935e-12,0.9999999999965894
2019-08-29,3.5624394600425343e-102,3.4852432236916935e-12,0.9999999999965894
2019-08-30,3.5624394600425343e-102,3.4852432236916935e-12,0.9999999999965894
2019-09-03,3.5624394600425343e-102,3.4852432236916935e-12,0.9999999999965894
2019-09-04,3.5624394600425343e-102,3.4852432236916935e-12,0.9999999999965894
2019-09-05,3.5624394600425343e-102,3.4852432236916935e-12,0.9999999999965894
2019-09-06,3.5624394600425343e-102,3.4852432236916935e-12,0.9999999999965894
2019-09-09,3.5624394600425343e-102,3.4852432236916935e-12,0.9999999999965894
2019-09-11,3.5624394600425343e-102,3.4852432236916935e-12,0.9999999999965894
2019-09-12,3.5624394600425343e-102,3.4852432236916935e-12,0.9999999999965894
2019-09-13,3.5624394600425343e-102,3.4852432236916935e-12,0.9999999999965894
2019-09-16,3.5624394600425343e-102,3.4852432236916935e-12,0.9999999999965894
2019-09-17,3.5624394600425343e-102,3.4852432236916935e-12,0.9999999999965894
2019-09-18,3.5624394600425343e-102,3.4852432236916935e-12,0.9999999999965894
2019-09-19,3.5624394600425343e-102,3.4852432236916935e-12,0.9999999999965894
2019-09-20,3.5624394600425343e-102,3.4852432236916935e-12,0.9999999999965894
2019-09-23,3.5624394600425343e-102,3.4852432236916935e-12,0.9999999999965894
2019-09-24,4.258634774215365e-152,1.4509875741768533e-42,1.0
2019-09-25,4.258634774215365e-152,1.4509875741768533e-42,1.0
2019-09-26,4.258634774215365e-152,1.4509875741768533e-42,1.0
2019-09-27,4.258634774215365e-152,1.4509875741768533e-42,1.0
2019-09-30,4.258634774215365e-152,1.4509875741768533e-42,1.0
2019-10-01,4.258634774215365e-152,1.4509875741768533e-42,1.0
2019-10-03,4.258634774215365e-152,1.4509875741768533e-42,1.0
2019-10-04,4.258634774215365e-152,1.4509875741768533e-42,1.0
2019-10-07,4.258634774215365e-152,1.4509875741768533e-42,1.0
2019-10-09,4.258634774215365e-152,1.4509875741768533e-42,1.0
2019-10-10,4.258634774215365e-152,1.4509875741768533e-42,1.0
2019-10-11,4.258634774215365e-152,1.4509875741768533e-42,1.0
2019-10-14,4.258634774215365e-152,1.4509875741768533e-42,1.0
2019-10-15,4.258634774215365e-152,1.4509875741768533e-42,1.0
2019-10-16,4.258634774215365e-152,1.4509875741768533e-42,1.0
2019-10-17,4.258634774215365e-152,1.4509875741768533e-42,1.0
2019-10-18,4.258634774215365e-152,1.4509875741768533e-42,1.0
2019-10-22,4.258634774215365e-152,1.4509875741768533e-42,1.0
2019-10-23,4.258634774215365e-152,1.4509875741768533e-42,1.0
2019-10-24,4.258634774215365e-152,1.4509875741768533e-42,1.0
2019-10-25,4.258634774215365e-152,1.4509875741768533e-42,1.0
2019-10-27,4.48672738055843e-155,0.9999966346735857,3.3653265160327995e-06
2019-10-29,4.48672738055843e-155,0.9999966346735857,3.3653265160327995e-06
2019-10-30,4.48672738055843e-155,0.9999966346735857,3.3653265160327995e-06
2019-10-31,4.48672738055843e-155,0.9999966346735857,3.3653265160327995e-06
2019-11-01,4.48672738055843e-155,0.9999966346735857,3.3653265160327995e-06
2019-11-04,4.48672738055843e-155,0.9999966346735857,3.3653265160327995e-06
2019-11-05,4.48672738055843e-155,0.9999966346735857,3.3653265160327995e-06
2019-11-06,4.48672738055843e-155,0.9999966346735857,3.3653265160327995e-06
2019-11-07,4.48672738055843e-155,0.9999966346735857,3.3653265160327995e-06
2019-11-08,4.48672738055843e-155,0.9999966346735857,3.3653265160327995e-06
2019-11-11,4.48672738055843e-155,0.9999966346735857,3.3653265160327995e-06
2019-11-13,4.48672738055843e-155,0.9999966346735857,3.3653265160327995e-06
2019-11-14,4.48672738055843e-155,0.9999966346735857,3.3653265160327995e-06
2019-11-15,4.48672738055843e-155,0.9999966346735857,3.3653265160327995e-06
2019-11-18,4.48672738055843e-155,0.9999966346735857,3.3653265160327995e-06
2019-11-19,4.48672738055843e-155,0.9999966346735857,3.3653265160327995e-06
2019-11-20,4.48672738055843e-155,0.9999966346735857,3.3653265160327995e-06
2019-11-21,4.48672738055843e-155,0.9999966346735857,3.3653265160327995e-06
2019-11-22,4.48672738055843e-155,0.9999966346735857,3.3653265160327995e-06
2019-11-25,4.48672738055843e-155,0.9999966346735857,3.3653265160327995e-06
2019-11-26,4.48672738055843e-155,0.9999966346735857,3.3653265160327995e-06
2019-11-27,0.9999999996448423,3.552568978569974e-10,5.949483112724841e-98
2019-11-28,0.9999999996448423,3.552568978569974e-10,5.949483112724841e-98
2019-11-29,0.9999999996448423,3.552568978569974e-10,5.949483112724841e-98
2019-12-02,0.9999999996448423,3.552568978569974e-10,5.949483112724841e-98
2019-12-03,0.9999999996448423,3.552568978569974e-10,5.949483112724841e-98
2019-12-04,0.9999999996448423,3.552568978569974e-10,5.949483112724841e-98
2019-12-05,0.9999999996448423,3.552568978569974e-10,5.949483112724841e-98
2019-12-06,0.9999999996448423,3.552568978569974e-10,5.949483112724841e-98
2019-12-09,0.9999999996448423,3.552568978569974e-10,5.949483112724841e-98
2019-12-10,0.9999999996448423,3.552568978569974e-10,5.949483112724841e-98
2019-12-11,0.9999999996448423,3.552568978569974e-10,5.949483112724841e-98
2019-12-12,0.9999999996448423,3.552568978569974e-10,5.949483112724841e-98
2019-12-13,0.9999999996448423,3.552568978569974e-10,5.949483112724841e-98
2019-12-16,0.9999999996448423,3.552568978569974e-10,5.949483112724841e-98
2019-12-17,0.9999999996448423,3.552568978569974e-10,5.949483112724841e-98
2019-12-18,0.9999999996448423,3.552568978569974e-10,5.949483112724841e-98
2019-12-19,0.9999999996448423,3.552568978569974e-10,5.949483112724841e-98
2019-12-20,0.9999999996448423,3.552568978569974e-10,5.949483112724841e-98
2019-12-23,0.9999999996448423,3.552568978569974e-10,5.949483112724841e-98
2019-12-24,0.9999999996448423,3.552568978569974e-10,5.949483112724841e-98
2019-12-26,0.9999999996448423,3.552568978569974e-10,5.949483112724841e-98
2019-12-27,1.0,1.8246746603703324e-51,1.2240615562821032e-21
2019-12-30,1.0,1.8246746603703324e-51,1.2240615562821032e-21
2019-12-31,1.0,1.8246746603703324e-51,1.2240615562821032e-21
2020-01-01,1.0,1.8246746603703324e-51,1.2240615562821032e-21
2020-01-02,1.0,1.8246746603703324e-51,1.2240615562821032e-21
2020-01-03,1.0,1.8246746603703324e-51,1.2240615562821032e-21
2020-01-06,1.0,1.8246746603703324e-51,1.2240615562821032e-21
2020-01-07,1.0,1.8246746603703324e-51,1.2240615562821032e-21
2020-01-08,1.0,1.8246746603703324e-51,1.2240615562821032e-21
2020-01-09,1.0,1.8246746603703324e-51,1.2240615562821032e-21
2020-01-10,1.0,1.8246746603703324e-51,1.2240615562821032e-21
2020-01-13,1.0,1.8246746603703324e-51,1.2240615562821032e-21
2020-01-14,1.0,1.8246746603703324e-51,1.2240615562821032e-21
2020-01-15,1.0,1.8246746603703324e-51,1.2240615562821032e-21
2020-01-16,1.0,1.8246746603703324e-51,1.2240615562821032e-21
2020-01-17,1.0,1.8246746603703324e-51,1.2240615562821032e-21
2020-01-20,1.0,1.8246746603703324e-51,1.2240615562821032e-21
2020-01-21,1.0,1.8246746603703324e-51,1.2240615562821032e-21
2020-01-22,1.0,1.8246746603703324e-51,1.2240615562821032e-21
2020-01-23,1.0,1.8246746603703324e-51,1.2240615562821032e-21
2020-01-24,1.0,1.8246746603703324e-51,1.2240615562821032e-21
2020-01-27,1.6935928540931743e-39,1.0,1.4151915632636598e-19
2020-01-28,1.6935928540931743e-39,1.0,1.4151915632636598e-19
2020-01-29,1.6935928540931743e-39,1.0,1.4151915632636598e-19
2020-01-30,1.6935928540931743e-39,1.0,1.4151915632636598e-19
2020-01-31,1.6935928540931743e-39,1.0,1.4151915632636598e-19
2020-02-03,1.6935928540931743e-39,1.0,1.4151915632636598e-19
2020-02-04,1.6935928540931743e-39,1.0,1.4151915632636598e-19
2020-02-05,1.6935928540931743e-39,1.0,1.4151915632636598e-19
2020-02-06,1.6935928540931743e-39,1.0,1.4151915632636598e-19
2020-02-07,1.6935928540931743e-39,1.0,1.4151915632636598e-19
2020-02-10,1.6935928540931743e-39,1.0,1.4151915632636598e-19
2020-02-11,1.6935928540931743e-39,1.0,1.4151915632636598e-19
2020-02-12,1.6935928540931743e-39,1.0,1.4151915632636598e-19
2020-02-13,1.6935928540931743e-39,1.0,1.4151915632636598e-19
2020-02-14,1.6935928540931743e-39,1.0,1.4151915632636598e-19
2020-02-17,1.6935928540931743e-39,1.0,1.4151915632636598e-19
2020-02-18,1.6935928540931743e-39,1.0,1.4151915632636598e-19
2020-02-19,1.6935928540931743e-39,1.0,1.4151915632636598e-19
2020-02-20,1.6935928540931743e-39,1.0,1.4151915632636598e-19
2020-02-24,1.6935928540931743e-39,1.0,1.4151915632636598e-19
2020-02-25,1.6935928540931743e-39,1.0,1.4151915632636598e-19
2020-02-26,1.4702725462883575e-13,1.6669906809396434e-38,0.9999999999997726
2020-02-27,1.4702725462883575e-13,1.6669906809396434e-38,0.9999999999997726
2020-02-28,1.4702725462883575e-13,1.6669906809396434e-38,0.9999999999997726
2020-03-02,1.4702725462883575e-13,1.6669906809396434e-38,0.9999999999997726
2020-03-03,1.4702725462883575e-13,1.6669906809396434e-38,0.9999999999997726
2020-03-04,1.4702725462883575e-13,1.6669906809396434e-38,0.9999999999997726
2020-03-05,1.4702725462883575e-13,1.6669906809396434e-38,0.9999999999997726
2020-03-06,1.4702725462883575e-13,1.6669906809396434e-38,0.9999999999997726
2020-03-09,1.4702725462883575e-13,1.6669906809396434e-38,0.9999999999997726
2020-03-11,1.4702725462883575e-13,1.6669906809396434e-38,0.9999999999997726
2020-03-12,1.4702725462883575e-13,1.6669906809396434e-38,0.9999999999997726
2020-03-13,1.4702725462883575e-13,1.6669906809396434e-38,0.9999999999997726
2020-03-16,1.4702725462883575e-13,1.6669906809396434e-38,0.9999999999997726
2020-03-17,1.4702725462883575e-13,1.6669906809396434e-38,0.9999999999997726
2020-03-18,1.4702725462883575e-13,1.6669906809396434e-38,0.9999999999997726
2020-03-19,1.4702725462883575e-13,1.6669906809396434e-38,0.9999999999997726
2020-03-20,1.4702725462883575e-13,1.6669906809396434e-38,0.9999999999997726
2020-03-23,1.4702725462883575e-13,1.6669906809396434e-38,0.9999999999997726
2020-03-24,1.4702725462883575e-13,1.6669906809396434e-38,0.9999999999997726
2020-03-25,1.4702725462883575e-13,1.6669906809396434e-38,0.9999999999997726
2020-03-26,1.4702725462883575e-13,1.6669906809396434e-38,0.9999999999997726
2020-03-27,0.0,0.0,1.0
2020-03-30,0.0,0.0,1.0
2020-03-31,0.0,0.0,1.0
2020-04-01,0.0,0.0,1.0
2020-04-03,0.0,0.0,1.0
2020-04-07,0.0,0.0,1.0
2020-04-08,0.0,0.0,1.0
2020-04-09,0.0,0.0,1.0
2020-04-13,0.0,0.0,1.0
2020-04-15,0.0,0.0,1.0
2020-04-16,0.0,0.0,1.0
2020-04-17,0.0,0.0,1.0
2020-04-20,0.0,0.0,1.0
2020-04-21,0.0,0.0,1.0
2020-04-22,0.0,0.0,1.0
2020-04-23,0.0,0.0,1.0
2020-04-24,0.0,0.0,1.0
2020-04-27,0.0,0.0,1.0
2020-04-28,0.0,0.0,1.0
2020-04-29,0.0,0.0,1.0
2020-04-30,0.0,0.0,1.0
2020-05-04,2.4411885868831015e-244,0.0,1.0
2020-05-05,2.4411885868831015e-244,0.0,1.0
2020-05-06,2.4411885868831015e-244,0.0,1.0
2020-05-07,2.4411885868831015e-244,0.0,1.0
2020-05-08,2.4411885868831015e-244,0.0,1.0
2020-05-11,2.4411885868831015e-244,0.0,1.0
2020-05-12,2.4411885868831015e-244,0.0,1.0
2020-05-13,2.4411885868831015e-244,0.0,1.0
2020-05-14,2.4411885868831015e-244,0.0,1.0
2020-05-15,2.4411885868831015e-244,0.0,1.0
2020-05-18,2.4411885868831015e-244,0.0,1.0
2020-05-19,2.4411885868831015e-244,0.0,1.0
2020-05-20,2.4411885868831015e-244,0.0,1.0
2020-05-21,2.4411885868831015e-244,0.0,1.0
2020-05-22,2.4411885868831015e-244,0.0,1.0
2020-05-26,2.4411885868831015e-244,0.0,1.0
2020-05-27,2.4411885868831015e-244,0.0,1.0
2020-05-28,2.4411885868831015e-244,0.0,1.0
2020-05-29,2.4411885868831015e-244,0.0,1.0
2020-06-01,2.4411885868831015e-244,0.0,1.0
2020-06-02,2.4411885868831015e-244,0.0,1.0
2020-06-03,1.2378144069674988e-28,1.0,7.325046131364825e-59
2020-06-04,1.2378144069674988e-28,1.0,7.325046131364825e-59
2020-06-05,1.2378144069674988e-28,1.0,7.325046131364825e-59
2020-06-08,1.2378144069674988e-28,1.0,7.325046131364825e-59
2020-06-09,1.2378144069674988e-28,1.0,7.325046131364825e-59
2020-06-10,1.2378144069674988e-28,1.0,7.325046131364825e-59
2020-06-11,1.2378144069674988e-28,1.0,7.325046131364825e-59
2020-06-12,1.2378144069674988e-28,1.0,7.325046131364825e-59
2020-06-15,1.2378144069674988e-28,1.0,7.325046131364825e-59
2020-06-16,1.2378144069674988e-28,1.0,7.325046131364825e-59
2020-06-17,1.2378144069674988e-28,1.0,7.325046131364825e-59
2020-06-18,1.2378144069674988e-28,1.0,7.325046131364825e-59
2020-06-19,1.2378144069674988e-28,1.0,7.325046131364825e-59
2020-06-22,1.2378144069674988e-28,1.0,7.325046131364825e-59
2020-06-23,1.2378144069674988e-28,1.0,7.325046131364825e-59
2020-06-24,1.2378144069674988e-28,1.0,7.325046131364825e-59
2020-06-25,1.2378144069674988e-28,1.0,7.325046131364825e-59
2020-06-26,1.2378144069674988e-28,1.0,7.325046131364825e-59
2020-06-29,1.2378144069674988e-28,1.0,7.325046131364825e-59
2020-06-30,1.2378144069674988e-28,1.0,7.325046131364825e-59
2020-07-01,1.2378144069674988e-28,1.0,7.325046131364825e-59
2020-07-02,1.0,4.9178896117526586e-129,1.1462723648165757e-60
2020-07-03,1.0,4.9178896117526586e-129,1.1462723648165757e-60
2020-07-06,1.0,4.9178896117526586e-129,1.1462723648165757e-60
2020-07-07,1.0,4.9178896117526586e-129,1.1462723648165757e-60
2020-07-08,1.0,4.9178896117526586e-129,1.1462723648165757e-60
2020-07-09,1.0,4.9178896117526586e-129,1.1462723648165757e-60
2020-07-10,1.0,4.9178896117526586e-129,1.1462723648165757e-60
2020-07-13,1.0,4.9178896117526586e-129,1.1462723648165757e-60
2020-07-14,1.0,4.9178896117526586e-129,1.1462723648165757e-60
2020-07-15,1.0,4.9178896117526586e-129,1.1462723648165757e-60
2020-07-16,1.0,4.9178896117526586e-129,1.1462723648165757e-60
2020-07-17,1.0,4.9178896117526586e-129,1.1462723648165757e-60
2020-07-20,1.0,4.9178896117526586e-129,1.1462723648165757e-60
2020-07-21,1.0,4.9178896117526586e-129,1.1462723648165757e-60
2020-07-22,1.0,4.9178896117526586e-129,1.1462723648165757e-60
2020-07-23,1.0,4.9178896117526586e-129,1.1462723648165757e-60
2020-07-24,1.0,4.9178896117526586e-129,1.1462723648165757e-60
2020-07-27,1.0,4.9178896117526586e-129,1.1462723648165757e-60
2020-07-28,1.0,4.9178896117526586e-129,1.1462723648165757e-60
2020-07-29,1.0,4.9178896117526586e-129,1.1462723648165757e-60
2020-07-30,1.0,4.9178896117526586e-129,1.1462723648165757e-60
2020-07-31,0.99997068477247,2.9315227460424912e-05,2.8987165758851835e-35
2020-08-03,0.99997068477247,2.9315227460424912e-05,2.8987165758851835e-35
2020-08-04,0.99997068477247,2.9315227460424912e-05,2.8987165758851835e-35
2020-08-05,0.99997068477247,2.9315227460424912e-05,2.8987165758851835e-35
2020-08-06,0.99997068477247,2.9315227460424912e-05,2.8987165758851835e-35
2020-08-07,0.99997068477247,2.9315227460424912e-05,2.8987165758851835e-35
2020-08-10,0.99997068477247,2.9315227460424912e-05,2.8987165758851835e-35
2020-08-11,0.99997068477247,2.9315227460424912e-05,2.8987165758851835e-35
2020-08-12,0.99997068477247,2.9315227460424912e-05,2.8987165758851835e-35
2020-08-13,0.99997068477247,2.9315227460424912e-05,2.8987165758851835e-35
2020-08-14,0.99997068477247,2.9315227460424912e-05,2.8987165758851835e-35
2020-08-17,0.99997068477247,2.9315227460424912e-05,2.8987165758851835e-35
2020-08-18,0.99997068477247,2.9315227460424912e-05,2.8987165758851835e-35
2020-08-19,0.99997068477247,2.9315227460424912e-05,2.8987165758851835e-35
2020-08-20,0.99997068477247,2.9315227460424912e-05,2.8987165758851835e-35
2020-08-21,0.99997068477247,2.9315227460424912e-05,2.8987165758851835e-35
2020-08-24,0.99997068477247,2.9315227460424912e-05,2.8987165758851835e-35
2020-08-25,0.99997068477247,2.9315227460424912e-05,2.8987165758851835e-35
2020-08-26,0.99997068477247,2.9315227460424912e-05,2.8987165758851835e-35
2020-08-27,0.99997068477247,2.9315227460424912e-05,2.8987165758851835e-35
2020-08-28,0.99997068477247,2.9315227460424912e-05,2.8987165758851835e-35
2020-08-31,0.9997760723123126,0.0002239276877035063,5.339663740177233e-32
2020-09-01,0.9997760723123126,0.0002239276877035063,5.339663740177233e-32
2020-09-02,0.9997760723123126,0.0002239276877035063,5.339663740177233e-32
2020-09-03,0.9997760723123126,0.0002239276877035063,5.339663740177233e-32
2020-09-04,0.9997760723123126,0.0002239276877035063,5.339663740177233e-32
2020-09-07,0.9997760723123126,0.0002239276877035063,5.339663740177233e-32
2020-09-08,0.9997760723123126,0.0002239276877035063,5.339663740177233e-32
2020-09-09,0.9997760723123126,0.0002239276877035063,5.339663740177233e-32
2020-09-10,0.9997760723123126,0.0002239276877035063,5.339663740177233e-32
2020-09-11,0.9997760723123126,0.0002239276877035063,5.339663740177233e-32
2020-09-14,0.9997760723123126,0.0002239276877035063,5.339663740177233e-32
2020-09-15,0.9997760723123126,0.0002239276877035063,5.339663740177233e-32
2020-09-16,0.9997760723123126,0.0002239276877035063,5.339663740177233e-32
2020-09-17,0.9997760723123126,0.0002239276877035063,5.339663740177233e-32
2020-09-18,0.9997760723123126,0.0002239276877035063,5.339663740177233e-32
2020-09-21,0.9997760723123126,0.0002239276877035063,5.339663740177233e-32
2020-09-22,0.9997760723123126,0.0002239276877035063,5.339663740177233e-32
2020-09-23,0.9997760723123126,0.0002239276877035063,5.339663740177233e-32
2020-09-24,0.9997760723123126,0.0002239276877035063,5.339663740177233e-32
2020-09-25,0.9997760723123126,0.0002239276877035063,5.339663740177233e-32
2020-09-28,0.9997760723123126,0.0002239276877035063,5.339663740177233e-32
2020-09-29,1.0,5.3869271509158495e-27,7.35994665927035e-14
2020-09-30,1.0,5.3869271509158495e-27,7.35994665927035e-14
2020-10-01,1.0,5.3869271509158495e-27,7.35994665927035e-14
2020-10-05,1.0,5.3869271509158495e-27,7.35994665927035e-14
2020-10-06,1.0,5.3869271509158495e-27,7.35994665927035e-14
2020-10-07,1.0,5.3869271509158495e-27,7.35994665927035e-14
2020-10-08,1.0,5.3869271509158495e-27,7.35994665927035e-14
2020-10-09,1.0,5.3869271509158495e-27,7.35994665927035e-14
2020-10-12,1.0,5.3869271509158495e-27,7.35994665927035e-14
2020-10-13,1.0,5.3869271509158495e-27,7.35994665927035e-14
2020-10-14,1.0,5.3869271509158495e-27,7.35994665927035e-14
2020-10-15,1.0,5.3869271509158495e-27,7.35994665927035e-14
2020-10-16,1.0,5.3869271509158495e-27,7.35994665927035e-14
2020-10-19,1.0,5.3869271509158495e-27,7.35994665927035e-14
2020-10-20,1.0,5.3869271509158495e-27,7.35994665927035e-14
2020-10-21,1.0,5.3869271509158495e-27,7.35994665927035e-14
2020-10-22,1.0,5.3869271509158495e-27,7.35994665927035e-14
2020-10-23,1.0,5.3869271509158495e-27,7.35994665927035e-14
2020-10-26,1.0,5.3869271509158495e-27,7.35994665927035e-14
2020-10-27,1.0,5.3869271509158495e-27,7.35994665927035e-14
2020-10-28,1.0,5.3869271509158495e-27,7.35994665927035e-14
2020-10-29,4.4722603230764334e-17,0.9999999999995453,3.803530827666351e-13
2020-10-30,4.4722603230764334e-17,0.9999999999995453,3.803530827666351e-13
2020-11-02,4.4722603230764334e-17,0.9999999999995453,3.803530827666351e-13
2020-11-03,4.4722603230764334e-17,0.9999999999995453,3.803530827666351e-13
2020-11-04,4.4722603230764334e-17,0.9999999999995453,3.803530827666351e-13
2020-11-05,4.4722603230764334e-17,0.9999999999995453,3.803530827666351e-13
2020-11-06,4.4722603230764334e-17,0.9999999999995453,3.803530827666351e-13
2020-11-09,4.4722603230764334e-17,0.9999999999995453,3.803530827666351e-13
2020-11-10,4.4722603230764334e-17,0.9999999999995453,3.803530827666351e-13
2020-11-11,4.4722603230764334e-17,0.9999999999995453,3.803530827666351e-13
2020-11-12,4.4722603230764334e-17,0.9999999999995453,3.803530827666351e-13
2020-11-13,4.4722603230764334e-17,0.9999999999995453,3.803530827666351e-13
2020-11-14,4.4722603230764334e-17,0.9999999999995453,3.803530827666351e-13
2020-11-17,4.4722603230764334e-17,0.9999999999995453,3.803530827666351e-13
2020-11-18,4.4722603230764334e-17,0.9999999999995453,3.803530827666351e-13
2020-11-19,4.4722603230764334e-17,0.9999999999995453,3.803530827666351e-13
2020-11-20,4.4722603230764334e-17,0.9999999999995453,3.803530827666351e-13
2020-11-23,4.4722603230764334e-17,0.9999999999995453,3.803530827666351e-13
2020-11-24,4.4722603230764334e-17,0.9999999999995453,3.803530827666351e-13
2020-11-25,4.4722603230764334e-17,0.9999999999995453,3.803530827666351e-13
2020-11-26,4.4722603230764334e-17,0.9999999999995453,3.803530827666351e-13
2020-11-27,0.9999962201046444,3.779895360592582e-06,6.46266561057506e-35
2020-12-01,0.9999962201046444,3.779895360592582e-06,6.46266561057506e-35
2020-12-02,0.9999962201046444,3.779895360592582e-06,6.46266561057506e-35
2020-12-03,0.9999962201046444,3.779895360592582e-06,6.46266561057506e-35
2020-12-04,0.9999962201046444,3.779895360592582e-06,6.46266561057506e-35
2020-12-07,0.9999962201046444,3.779895360592582e-06,6.46266561057506e-35
2020-12-08,0.9999962201046444,3.779895360592582e-06,6.46266561057506e-35
2020-12-09,0.9999962201046444,3.779895360592582e-06,6.46266561057506e-35
2020-12-10,0.9999962201046444,3.779895360592582e-06,6.46266561057506e-35
2020-12-11,0.9999962201046444,3.779895360592582e-06,6.46266561057506e-35
2020-12-14,0.9999962201046444,3.779895360592582e-06,6.46266561057506e-35
2020-12-15,0.9999962201046444,3.779895360592582e-06,6.46266561057506e-35
2020-12-16,0.9999962201046444,3.779895360592582e-06,6.46266561057506e-35
2020-12-17,0.9999962201046444,3.779895360592582e-06,6.46266561057506e-35
2020-12-18,0.9999962201046444,3.779895360592582e-06,6.46266561057506e-35
2020-12-21,0.9999962201046444,3.779895360592582e-06,6.46266561057506e-35
2020-12-22,0.9999962201046444,3.779895360592582e-06,6.46266561057506e-35
2020-12-23,0.9999962201046444,3.779895360592582e-06,6.46266561057506e-35
2020-12-24,0.9999962201046444,3.779895360592582e-06,6.46266561057506e-35
2020-12-28,0.9999962201046444,3.779895360592582e-06,6.46266561057506e-35
2020-12-29,0.9999962201046444,3.779895360592582e-06,6.46266561057506e-35
2020-12-30,1.0,3.7512907776321423e-32,9.79426021817347e-26
2020-12-31,1.0,3.7512907776321423e-32,9.79426021817347e-26
2021-01-01,1.0,3.7512907776321423e-32,9.79426021817347e-26
2021-01-04,1.0,3.7512907776321423e-32,9.79426021817347e-26
2021-01-05,1.0,3.7512907776321423e-32,9.79426021817347e-26
2021-01-06,1.0,3.7512907776321423e-32,9.79426021817347e-26
2021-01-07,1.0,3.7512907776321423e-32,9.79426021817347e-26
2021-01-08,1.0,3.7512907776321423e-32,9.79426021817347e-26
2021-01-11,1.0,3.7512907776321423e-32,9.79426021817347e-26
2021-01-12,1.0,3.7512907776321423e-32,9.79426021817347e-26
2021-01-13,1.0,3.7512907776321423e-32,9.79426021817347e-26
2021-01-14,1.0,3.7512907776321423e-32,9.79426021817347e-26
2021-01-15,1.0,3.7512907776321423e-32,9.79426021817347e-26
2021-01-18,1.0,3.7512907776321423e-32,9.79426021817347e-26
2021-01-19,1.0,3.7512907776321423e-32,9.79426021817347e-26
2021-01-20,1.0,3.7512907776321423e-32,9.79426021817347e-26
2021-01-21,1.0,3.7512907776321423e-32,9.79426021817347e-26
2021-01-22,1.0,3.7512907776321423e-32,9.79426021817347e-26
2021-01-25,1.0,3.7512907776321423e-32,9.79426021817347e-26
2021-01-27,1.0,3.7512907776321423e-32,9.79426021817347e-26
2021-01-28,1.0,3.7512907776321423e-32,9.79426021817347e-26
2021-01-29,1.0,2.268219414939997e-36,2.4428139278697128e-23
2021-02-01,1.0,2.268219414939997e-36,2.4428139278697128e-23
2021-02-02,1.0,2.268219414939997e-36,2.4428139278697128e-23
2021-02-03,1.0,2.268219414939997e-36,2.4428139278697128e-23
2021-02-04,1.0,2.268219414939997e-36,2.4428139278697128e-23
2021-02-05,1.0,2.268219414939997e-36,2.4428139278697128e-23
2021-02-08,1.0,2.268219414939997e-36,2.4428139278697128e-23
2021-02-09,1.0,2.268219414939997e-36,2.4428139278697128e-23
2021-02-10,1.0,2.268219414939997e-36,2.4428139278697128e-23
2021-02-11,1.0,2.268219414939997e-36,2.4428139278697128e-23
2021-02-12,1.0,2.268219414939997e-36,2.4428139278697128e-23
2021-02-15,1.0,2.268219414939997e-36,2.4428139278697128e-23
2021-02-16,1.0,2.268219414939997e-36,2.4428139278697128e-23
2021-02-17,1.0,2.268219414939997e-36,2.4428139278697128e-23
2021-02-18,1.0,2.268219414939997e-36,2.4428139278697128e-23
2021-02-19,1.0,2.268219414939997e-36,2.4428139278697128e-23
2021-02-22,1.0,2.268219414939997e-36,2.4428139278697128e-23
2021-02-23,1.0,2.268219414939997e-36,2.4428139278697128e-23
2021-02-24,1.0,2.268219414939997e-36,2.4428139278697128e-23
2021-02-25,1.0,2.268219414939997e-36,2.4428139278697128e-23
2021-02-26,1.0,2.268219414939997e-36,2.4428139278697128e-23
2021-03-01,1.0,5.273840406512664e-59,2.7101286813302496e-18
2021-03-02,1.0,5.273840406512664e-59,2.7101286813302496e-18
2021-03-03,1.0,5.273840406512664e-59,2.7101286813302496e-18
2021-03-04,1.0,5.273840406512664e-59,2.7101286813302496e-18
2021-03-05,1.0,5.273840406512664e-59,2.7101286813302496e-18
2021-03-08,1.0,5.273840406512664e-59,2.7101286813302496e-18
2021-03-09,1.0,5.273840406512664e-59,2.7101286813302496e-18
2021-03-10,1.0,5.273840406512664e-59,2.7101286813302496e-18
2021-03-12,1.0,5.273840406512664e-59,2.7101286813302496e-18
2021-03-15,1.0,5.273840406512664e-59,2.7101286813302496e-18
2021-03-16,1.0,5.273840406512664e-59,2.7101286813302496e-18
2021-03-17,1.0,5.273840406512664e-59,2.7101286813302496e-18
2021-03-18,1.0,5.273840406512664e-59,2.7101286813302496e-18
2021-03-19,1.0,5.273840406512664e-59,2.7101286813302496e-18
2021-03-22,1.0,5.273840406512664e-59,2.7101286813302496e-18
2021-03-23,1.0,5.273840406512664e-59,2.7101286813302496e-18
2021-03-24,1.0,5.273840406512664e-59,2.7101286813302496e-18
2021-03-25,1.0,5.273840406512664e-59,2.7101286813302496e-18
2021-03-26,1.0,5.273840406512664e-59,2.7101286813302496e-18
2021-03-30,1.0,5.273840406512664e-59,2.7101286813302496e-18
2021-03-31,1.0,5.273840406512664e-59,2.7101286813302496e-18
2021-04-01,1.0,8.638201116388535e-90,0.0
2021-04-05,1.0,8.638201116388535e-90,0.0
2021-04-06,1.0,8.638201116388535e-90,0.0
2021-04-07,1.0,8.638201116388535e-90,0.0
2021-04-08,1.0,8.638201116388535e-90,0.0
2021-04-09,1.0,8.638201116388535e-90,0.0
2021-04-12,1.0,8.638201116388535e-90,0.0
2021-04-13,1.0,8.638201116388535e-90,0.0
2021-04-15,1.0,8.638201116388535e-90,0.0
2021-04-16,1.0,8.638201116388535e-90,0.0
2021-04-19,1.0,8.638201116388535e-90,0.0
2021-04-20,1.0,8.638201116388535e-90,0.0
2021-04-22,1.0,8.638201116388535e-90,0.0
2021-04-23,1.0,8.638201116388535e-90,0.0
2021-04-26,1.0,8.638201116388535e-90,0.0
2021-04-27,1.0,8.638201116388535e-90,0.0
2021-04-28,1.0,8.638201116388535e-90,0.0
2021-04-29,1.0,8.638201116388535e-90,0.0
2021-04-30,1.0,8.638201116388535e-90,0.0
2021-05-03,1.0,8.638201116388535e-90,0.0
2021-05-04,1.0,8.638201116388535e-90,0.0
2021-05-05,1.18503873005075e-06,0.9999988149611654,1.530456212852313e-141
2021-05-06,1.18503873005075e-06,0.9999988149611654,1.530456212852313e-141
2021-05-07,1.18503873005075e-06,0.9999988149611654,1.530456212852313e-141
2021-05-10,1.18503873005075e-06,0.9999988149611654,1.530456212852313e-141
2021-05-11,1.18503873005075e-06,0.9999988149611654,1.530456212852313e-141
2021-05-12,1.18503873005075e-06,0.9999988149611654,1.530456212852313e-141
2021-05-14,1.18503873005075e-06,0.9999988149611654,1.530456212852313e-141
2021-05-17,1.18503873005075e-06,0.9999988149611654,1.530456212852313e-141
2021-05-18,1.18503873005075e-06,0.9999988149611654,1.530456212852313e-141
2021-05-19,1.18503873005075e-06,0.9999988149611654,1.530456212852313e-141
2021-05-20,1.18503873005075e-06,0.9999988149611654,1.530456212852313e-141
2021-05-21,1.18503873005075e-06,0.9999988149611654,1.530456212852313e-141
2021-05-24,1.18503873005075e-06,0.9999988149611654,1.530456212852313e-141
2021-05-25,1.18503873005075e-06,0.9999988149611654,1.530456212852313e-141
2021-05-26,1.18503873005075e-06,0.9999988149611654,1.530456212852313e-141
2021-05-27,1.18503873005075e-06,0.9999988149611654,1.530456212852313e-141
2021-05-28,1.18503873005075e-06,0.9999988149611654,1.530456212852313e-141
2021-05-31,1.18503873005075e-06,0.9999988149611654,1.530456212852313e-141
2021-06-01,1.18503873005075e-06,0.9999988149611654,1.530456212852313e-141
2021-06-02,1.18503873005075e-06,0.9999988149611654,1.530456212852313e-141
2021-06-03,1.18503873005075e-06,0.9999988149611654,1.530456212852313e-141
2021-06-04,2.708698821831179e-06,0.999997291301073,1.130082470339797e-15
2021-06-07,2.708698821831179e-06,0.999997291301073,1.130082470339797e-15
2021-06-08,2.708698821831179e-06,0.999997291301073,1.130082470339797e-15
2021-06-09,2.708698821831179e-06,0.999997291301073,1.130082470339797e-15
2021-06-10,2.708698821831179e-06,0.999997291301073,1.130082470339797e-15
2021-06-11,2.708698821831179e-06,0.999997291301073,1.130082470339797e-15
2021-06-14,2.708698821831179e-06,0.999997291301073,1.130082470339797e-15
2021-06-15,2.708698821831179e-06,0.999997291301073,1.130082470339797e-15
2021-06-16,2.708698821831179e-06,0.999997291301073,1.130082470339797e-15
2021-06-17,2.708698821831179e-06,0.999997291301073,1.130082470339797e-15
2021-06-18,2.708698821831179e-06,0.999997291301073,1.130082470339797e-15
2021-06-21,2.708698821831179e-06,0.999997291301073,1.130082470339797e-15
2021-06-22,2.708698821831179e-06,0.999997291301073,1.130082470339797e-15
2021-06-23,2.708698821831179e-06,0.999997291301073,1.130082470339797e-15
2021-06-24,2.708698821831179e-06,0.999997291301073,1.130082470339797e-15
2021-06-25,2.708698821831179e-06,0.999997291301073,1.130082470339797e-15
2021-06-28,2.708698821831179e-06,0.999997291301073,1.130082470339797e-15
2021-06-29,2.708698821831179e-06,0.999997291301073,1.130082470339797e-15
2021-06-30,2.708698821831179e-06,0.999997291301073,1.130082470339797e-15
2021-07-01,2.708698821831179e-06,0.999997291301073,1.130082470339797e-15
2021-07-02,2.708698821831179e-06,0.999997291301073,1.130082470339797e-15
2021-07-05,1.542154368119341e-07,0.9999998457844986,1.5961797628191427e-46
2021-07-06,1.542154368119341e-07,0.9999998457844986,1.5961797628191427e-46
2021-07-07,1.542154368119341e-07,0.9999998457844986,1.5961797628191427e-46
2021-07-08,1.542154368119341e-07,0.9999998457844986,1.5961797628191427e-46
2021-07-09,1.542154368119341e-07,0.9999998457844986,1.5961797628191427e-46
2021-07-12,1.542154368119341e-07,0.9999998457844986,1.5961797628191427e-46
2021-07-13,1.542154368119341e-07,0.9999998457844986,1.5961797628191427e-46
2021-07-14,1.542154368119341e-07,0.9999998457844986,1.5961797628191427e-46
2021-07-15,1.542154368119341e-07,0.9999998457844986,1.5961797628191427e-46
2021-07-16,1.542154368119341e-07,0.9999998457844986,1.5961797628191427e-46
2021-07-19,1.542154368119341e-07,0.9999998457844986,1.5961797628191427e-46
2021-07-20,1.542154368119341e-07,0.9999998457844986,1.5961797628191427e-46
2021-07-22,1.542154368119341e-07,0.9999998457844986,1.5961797628191427e-46
2021-07-23,1.542154368119341e-07,0.9999998457844986,1.5961797628191427e-46
2021-07-26,1.542154368119341e-07,0.9999998457844986,1.5961797628191427e-46
2021-07-27,1.542154368119341e-07,0.9999998457844986,1.5961797628191427e-46
2021-07-28,1.542154368119341e-07,0.9999998457844986,1.5961797628191427e-46
2021-07-29,1.542154368119341e-07,0.9999998457844986,1.5961797628191427e-46
2021-07-30,1.542154368119341e-07,0.9999998457844986,1.5961797628191427e-46
2021-08-02,1.542154368119341e-07,0.9999998457844986,1.5961797628191427e-46
2021-08-03,1.542154368119341e-07,0.9999998457844986,1.5961797628191427e-46
2021-08-04,2.2364646135921753e-09,0.9999999977635525,5.618185615026581e-41
2021-08-05,2.2364646135921753e-09,0.9999999977635525,5.618185615026581e-41
2021-08-06,2.2364646135921753e-09,0.9999999977635525,5.618185615026581e-41
2021-08-09,2.2364646135921753e-09,0.9999999977635525,5.618185615026581e-41
2021-08-10,2.2364646135921753e-09,0.9999999977635525,5.618185615026581e-41
2021-08-11,2.2364646135921753e-09,0.9999999977635525,5.618185615026581e-41
2021-08-12,2.2364646135921753e-09,0.9999999977635525,5.618185615026581e-41
2021-08-13,2.2364646135921753e-09,0.9999999977635525,5.618185615026581e-41
2021-08-16,2.2364646135921753e-09,0.9999999977635525,5.618185615026581e-41
2021-08-17,2.2364646135921753e-09,0.9999999977635525,5.618185615026581e-41
2021-08-18,2.2364646135921753e-09,0.9999999977635525,5.618185615026581e-41
2021-08-20,2.2364646135921753e-09,0.9999999977635525,5.618185615026581e-41
2021-08-23,2.2364646135921753e-09,0.9999999977635525,5.618185615026581e-41
2021-08-24,2.2364646135921753e-09,0.9999999977635525,5.618185615026581e-41
2021-08-25,2.2364646135921753e-09,0.9999999977635525,5.618185615026581e-41
2021-08-26,2.2364646135921753e-09,0.9999999977635525,5.618185615026581e-41
2021-08-27,2.2364646135921753e-09,0.9999999977635525,5.618185615026581e-41
2021-08-30,2.2364646135921753e-09,0.9999999977635525,5.618185615026581e-41
2021-08-31,2.2364646135921753e-09,0.9999999977635525,5.618185615026581e-41
2021-09-01,2.2364646135921753e-09,0.9999999977635525,5.618185615026581e-41
2021-09-02,2.2364646135921753e-09,0.9999999977635525,5.618185615026581e-41
2021-09-03,1.1797332626011583e-11,0.9999999999881766,7.886442450064764e-61
2021-09-06,1.1797332626011583e-11,0.9999999999881766,7.886442450064764e-61
2021-09-07,1.1797332626011583e-11,0.9999999999881766,7.886442450064764e-61
2021-09-08,1.1797332626011583e-11,0.9999999999881766,7.886442450064764e-61
2021-09-09,1.1797332626011583e-11,0.9999999999881766,7.886442450064764e-61
2021-09-13,1.1797332626011583e-11,0.9999999999881766,7.886442450064764e-61
2021-09-14,1.1797332626011583e-11,0.9999999999881766,7.886442450064764e-61
2021-09-15,1.1797332626011583e-11,0.9999999999881766,7.886442450064764e-61
2021-09-16,1.1797332626011583e-11,0.9999999999881766,7.886442450064764e-61
2021-09-17,1.1797332626011583e-11,0.9999999999881766,7.886442450064764e-61
2021-09-20,1.1797332626011583e-11,0.9999999999881766,7.886442450064764e-61
2021-09-21,1.1797332626011583e-11,0.9999999999881766,7.886442450064764e-61
2021-09-22,1.1797332626011583e-11,0.9999999999881766,7.886442450064764e-61
2021-09-23,1.1797332626011583e-11,0.9999999999881766,7.886442450064764e-61
2021-09-24,1.1797332626011583e-11,0.9999999999881766,7.886442450064764e-61
2021-09-27,1.1797332626011583e-11,0.9999999999881766,7.886442450064764e-61
2021-09-28,1.1797332626011583e-11,0.9999999999881766,7.886442450064764e-61
2021-09-29,1.1797332626011583e-11,0.9999999999881766,7.886442450064764e-61
2021-09-30,1.1797332626011583e-11,0.9999999999881766,7.886442450064764e-61
2021-10-01,1.1797332626011583e-11,0.9999999999881766,7.886442450064764e-61
2021-10-04,1.1797332626011583e-11,0.9999999999881766,7.886442450064764e-61
2021-10-05,2.4147369674276095e-10,0.9999999997585292,8.742707048497278e-70
2021-10-06,2.4147369674276095e-10,0.9999999997585292,8.742707048497278e-70
2021-10-07,2.4147369674276095e-10,0.9999999997585292,8.742707048497278e-70
2021-10-08,2.4147369674276095e-10,0.9999999997585292,8.742707048497278e-70
2021-10-11,2.4147369674276095e-10,0.9999999997585292,8.742707048497278e-70
2021-10-12,2.4147369674276095e-10,0.9999999997585292,8.742707048497278e-70
2021-10-13,2.4147369674276095e-10,0.9999999997585292,8.742707048497278e-70
2021-10-14,2.4147369674276095e-10,0.9999999997585292,8.742707048497278e-70
2021-10-18,2.4147369674276095e-10,0.9999999997585292,8.742707048497278e-70
2021-10-19,2.4147369674276095e-10,0.9999999997585292,8.742707048497278e-70
2021-10-20,2.4147369674276095e-10,0.9999999997585292,8.742707048497278e-70
2021-10-21,2.4147369674276095e-10,0.9999999997585292,8.742707048497278e-70
2021-10-22,2.4147369674276095e-10,0.9999999997585292,8.742707048497278e-70
2021-10-25,2.4147369674276095e-10,0.9999999997585292,8.742707048497278e-70
2021-10-26,2.4147369674276095e-10,0.9999999997585292,8.742707048497278e-70
2021-10-27,2.4147369674276095e-10,0.9999999997585292,8.742707048497278e-70
2021-10-28,2.4147369674276095e-10,0.9999999997585292,8.742707048497278e-70
2021-10-29,2.4147369674276095e-10,0.9999999997585292,8.742707048497278e-70
2021-11-01,2.4147369674276095e-10,0.9999999997585292,8.742707048497278e-70
2021-11-02,2.4147369674276095e-10,0.9999999997585292,8.742707048497278e-70
2021-11-03,2.4147369674276095e-10,0.9999999997585292,8.742707048497278e-70
2021-11-04,1.5877700499882438e-08,0.999999984122269,7.106164469972802e-26
2021-11-08,1.5877700499882438e-08,0.999999984122269,7.106164469972802e-26
2021-11-09,1.5877700499882438e-08,0.999999984122269,7.106164469972802e-26
2021-11-10,1.5877700499882438e-08,0.999999984122269,7.106164469972802e-26
2021-11-11,1.5877700499882438e-08,0.999999984122269,7.106164469972802e-26
2021-11-12,1.5877700499882438e-08,0.999999984122269,7.106164469972802e-26
2021-11-15,1.5877700499882438e-08,0.999999984122269,7.106164469972802e-26
2021-11-16,1.5877700499882438e-08,0.999999984122269,7.106164469972802e-26
2021-11-17,1.5877700499882438e-08,0.999999984122269,7.106164469972802e-26
2021-11-18,1.5877700499882438e-08,0.999999984122269,7.106164469972802e-26
2021-11-22,1.5877700499882438e-08,0.999999984122269,7.106164469972802e-26
2021-11-23,1.5877700499882438e-08,0.999999984122269,7.106164469972802e-26
2021-11-24,1.5877700499882438e-08,0.999999984122269,7.106164469972802e-26
2021-11-25,1.5877700499882438e-08,0.999999984122269,7.106164469972802e-26
2021-11-26,1.5877700499882438e-08,0.999999984122269,7.106164469972802e-26
2021-11-29,1.5877700499882438e-08,0.999999984122269,7.106164469972802e-26
2021-11-30,1.5877700499882438e-08,0.999999984122269,7.106164469972802e-26
2021-12-01,1.5877700499882438e-08,0.999999984122269,7.106164469972802e-26
2021-12-02,1.5877700499882438e-08,0.999999984122269,7.106164469972802e-26
2021-12-03,1.5877700499882438e-08,0.999999984122269,7.106164469972802e-26
2021-12-06,1.5877700499882438e-08,0.999999984122269,7.106164469972802e-26
2021-12-07,4.929042341472548e-28,7.432274208729601e-15,1.0
2021-12-08,4.929042341472548e-28,7.432274208729601e-15,1.0
2021-12-09,4.929042341472548e-28,7.432274208729601e-15,1.0
2021-12-10,4.929042341472548e-28,7.432274208729601e-15,1.0
2021-12-13,4.929042341472548e-28,7.432274208729601e-15,1.0
2021-12-14,4.929042341472548e-28,7.432274208729601e-15,1.0
2021-12-15,4.929042341472548e-28,7.432274208729601e-15,1.0
2021-12-16,4.929042341472548e-28,7.432274208729601e-15,1.0
2021-12-17,4.929042341472548e-28,7.432274208729601e-15,1.0
2021-12-20,4.929042341472548e-28,7.432274208729601e-15,1.0
2021-12-21,4.929042341472548e-28,7.432274208729601e-15,1.0
2021-12-22,4.929042341472548e-28,7.432274208729601e-15,1.0
2021-12-23,4.929042341472548e-28,7.432274208729601e-15,1.0
2021-12-24,4.929042341472548e-28,7.432274208729601e-15,1.0
2021-12-27,4.929042341472548e-28,7.432274208729601e-15,1.0
2021-12-28,4.929042341472548e-28,7.432274208729601e-15,1.0
2021-12-29,4.929042341472548e-28,7.432274208729601e-15,1.0
2021-12-30,4.929042341472548e-28,7.432274208729601e-15,1.0
2021-12-31,4.929042341472548e-28,7.432274208729601e-15,1.0
2022-01-03,4.929042341472548e-28,7.432274208729601e-15,1.0
2022-01-04,4.929042341472548e-28,7.432274208729601e-15,1.0
2022-01-05,2.2580910314676325e-38,3.910864439473433e-08,0.9999999608912739
2022-01-06,2.2580910314676325e-38,3.910864439473433e-08,0.9999999608912739
2022-01-07,2.2580910314676325e-38,3.910864439473433e-08,0.9999999608912739
2022-01-10,2.2580910314676325e-38,3.910864439473433e-08,0.9999999608912739
2022-01-11,2.2580910314676325e-38,3.910864439473433e-08,0.9999999608912739
2022-01-12,2.2580910314676325e-38,3.910864439473433e-08,0.9999999608912739
2022-01-13,2.2580910314676325e-38,3.910864439473433e-08,0.9999999608912739
2022-01-14,2.2580910314676325e-38,3.910864439473433e-08,0.9999999608912739
2022-01-17,2.2580910314676325e-38,3.910864439473433e-08,0.9999999608912739
2022-01-18,2.2580910314676325e-38,3.910864439473433e-08,0.9999999608912739
2022-01-19,2.2580910314676325e-38,3.910864439473433e-08,0.9999999608912739
2022-01-20,2.2580910314676325e-38,3.910864439473433e-08,0.9999999608912739
2022-01-21,2.2580910314676325e-38,3.910864439473433e-08,0.9999999608912739
2022-01-24,2.2580910314676325e-38,3.910864439473433e-08,0.9999999608912739
2022-01-25,2.2580910314676325e-38,3.910864439473433e-08,0.9999999608912739
2022-01-27,2.2580910314676325e-38,3.910864439473433e-08,0.9999999608912739
2022-01-28,2.2580910314676325e-38,3.910864439473433e-08,0.9999999608912739
2022-01-31,2.2580910314676325e-38,3.910864439473433e-08,0.9999999608912739
2022-02-01,2.2580910314676325e-38,3.910864439473433e-08,0.9999999608912739
2022-02-02,2.2580910314676325e-38,3.910864439473433e-08,0.9999999608912739
2022-02-03,2.2580910314676325e-38,3.910864439473433e-08,0.9999999608912739
2022-02-04,8.260377495772357e-13,0.9999999999990905,3.9633925918054626e-109
2022-02-07,8.260377495772357e-13,0.9999999999990905,3.9633925918054626e-109
2022-02-08,8.260377495772357e-13,0.9999999999990905,3.9633925918054626e-109
2022-02-09,8.260377495772357e-13,0.9999999999990905,3.9633925918054626e-109
2022-02-10,8.260377495772357e-13,0.9999999999990905,3.9633925918054626e-109
2022-02-11,8.260377495772357e-13,0.9999999999990905,3.9633925918054626e-109
2022-02-14,8.260377495772357e-13,0.9999999999990905,3.9633925918054626e-109
2022-02-15,8.260377495772357e-13,0.9999999999990905,3.9633925918054626e-109
2022-02-16,8.260377495772357e-13,0.9999999999990905,3.9633925918054626e-109
2022-02-17,8.260377495772357e-13,0.9999999999990905,3.9633925918054626e-109
2022-02-18,8.260377495772357e-13,0.9999999999990905,3.9633925918054626e-109
2022-02-21,8.260377495772357e-13,0.9999999999990905,3.9633925918054626e-109
2022-02-22,8.260377495772357e-13,0.9999999999990905,3.9633925918054626e-109
2022-02-23,8.260377495772357e-13,0.9999999999990905,3.9633925918054626e-109
2022-02-24,8.260377495772357e-13,0.9999999999990905,3.9633925918054626e-109
2022-02-25,8.260377495772357e-13,0.9999999999990905,3.9633925918054626e-109
2022-02-28,8.260377495772357e-13,0.9999999999990905,3.9633925918054626e-109
2022-03-02,8.260377495772357e-13,0.9999999999990905,3.9633925918054626e-109
2022-03-03,8.260377495772357e-13,0.9999999999990905,3.9633925918054626e-109
2022-03-04,8.260377495772357e-13,0.9999999999990905,3.9633925918054626e-109
2022-03-07,8.260377495772357e-13,0.9999999999990905,3.9633925918054626e-109
2022-03-08,2.333739733684672e-73,2.1300043862491202e-147,1.0
2022-03-09,2.333739733684672e-73,2.1300043862491202e-147,1.0
2022-03-10,2.333739733684672e-73,2.1300043862491202e-147,1.0
2022-03-11,2.333739733684672e-73,2.1300043862491202e-147,1.0
2022-03-14,2.333739733684672e-73,2.1300043862491202e-147,1.0
2022-03-15,2.333739733684672e-73,2.1300043862491202e-147,1.0
2022-03-16,2.333739733684672e-73,2.1300043862491202e-147,1.0
2022-03-17,2.333739733684672e-73,2.1300043862491202e-147,1.0
2022-03-21,2.333739733684672e-73,2.1300043862491202e-147,1.0
2022-03-22,2.333739733684672e-73,2.1300043862491202e-147,1.0
2022-03-23,2.333739733684672e-73,2.1300043862491202e-147,1.0
2022-03-24,2.333739733684672e-73,2.1300043862491202e-147,1.0
2022-03-25,2.333739733684672e-73,2.1300043862491202e-147,1.0
2022-03-28,2.333739733684672e-73,2.1300043862491202e-147,1.0
2022-03-29,2.333739733684672e-73,2.1300043862491202e-147,1.0
2022-03-30,2.333739733684672e-73,2.1300043862491202e-147,1.0
2022-03-31,2.333739733684672e-73,2.1300043862491202e-147,1.0
2022-04-01,2.333739733684672e-73,2.1300043862491202e-147,1.0
2022-04-04,2.333739733684672e-73,2.1300043862491202e-147,1.0
2022-04-05,2.333739733684672e-73,2.1300043862491202e-147,1.0
2022-04-06,2.333739733684672e-73,2.1300043862491202e-147,1.0
2022-04-07,2.8200163679165767e-70,5.8153991289727875e-37,1.0
2022-04-08,2.8200163679165767e-70,5.8153991289727875e-37,1.0
2022-04-11,2.8200163679165767e-70,5.8153991289727875e-37,1.0
2022-04-12,2.8200163679165767e-70,5.8153991289727875e-37,1.0
2022-04-13,2.8200163679165767e-70,5.8153991289727875e-37,1.0
2022-04-18,2.8200163679165767e-70,5.8153991289727875e-37,1.0
2022-04-19,2.8200163679165767e-70,5.8153991289727875e-37,1.0
2022-04-20,2.8200163679165767e-70,5.8153991289727875e-37,1.0
2022-04-21,2.8200163679165767e-70,5.8153991289727875e-37,1.0
2022-04-22,2.8200163679165767e-70,5.8153991289727875e-37,1.0
2022-04-25,2.8200163679165767e-70,5.8153991289727875e-37,1.0
2022-04-26,2.8200163679165767e-70,5.8153991289727875e-37,1.0
2022-04-27,2.8200163679165767e-70,5.8153991289727875e-37,1.0
2022-04-28,2.8200163679165767e-70,5.8153991289727875e-37,1.0
2022-04-29,2.8200163679165767e-70,5.8153991289727875e-37,1.0
2022-05-02,2.8200163679165767e-70,5.8153991289727875e-37,1.0
2022-05-04,2.8200163679165767e-70,5.8153991289727875e-37,1.0
2022-05-05,2.8200163679165767e-70,5.8153991289727875e-37,1.0
2022-05-06,2.8200163679165767e-70,5.8153991289727875e-37,1.0
2022-05-09,2.8200163679165767e-70,5.8153991289727875e-37,1.0
2022-05-10,2.8200163679165767e-70,5.8153991289727875e-37,1.0
2022-05-11,4.462661256273136e-67,2.1581248700528158e-113,1.0
2022-05-12,4.462661256273136e-67,2.1581248700528158e-113,1.0
2022-05-13,4.462661256273136e-67,2.1581248700528158e-113,1.0
2022-05-16,4.462661256273136e-67,2.1581248700528158e-113,1.0
2022-05-17,4.462661256273136e-67,2.1581248700528158e-113,1.0
2022-05-18,4.462661256273136e-67,2.1581248700528158e-113,1.0
2022-05-19,4.462661256273136e-67,2.1581248700528158e-113,1.0
2022-05-20,4.462661256273136e-67,2.1581248700528158e-113,1.0
2022-05-23,4.462661256273136e-67,2.1581248700528158e-113,1.0
2022-05-24,4.462661256273136e-67,2.1581248700528158e-113,1.0
2022-05-25,4.462661256273136e-67,2.1581248700528158e-113,1.0
2022-05-26,4.462661256273136e-67,2.1581248700528158e-113,1.0
2022-05-27,4.462661256273136e-67,2.1581248700528158e-113,1.0
2022-05-30,4.462661256273136e-67,2.1581248700528158e-113,1.0
2022-05-31,4.462661256273136e-67,2.1581248700528158e-113,1.0
2022-06-01,4.462661256273136e-67,2.1581248700528158e-113,1.0
2022-06-02,4.462661256273136e-67,2.1581248700528158e-113,1.0
2022-06-03,4.462661256273136e-67,2.1581248700528158e-113,1.0
2022-06-06,4.462661256273136e-67,2.1581248700528158e-113,1.0
2022-06-07,4.462661256273136e-67,2.1581248700528158e-113,1.0
2022-06-08,4.462661256273136e-67,2.1581248700528158e-113,1.0
2022-06-09,5.9681469231548527e-64,1.3611659958674049e-27,1.0
2022-06-10,5.9681469231548527e-64,1.3611659958674049e-27,1.0
2022-06-13,5.9681469231548527e-64,1.3611659958674049e-27,1.0
2022-06-14,5.9681469231548527e-64,1.3611659958674049e-27,1.0
2022-06-15,5.9681469231548527e-64,1.3611659958674049e-27,1.0
2022-06-16,5.9681469231548527e-64,1.3611659958674049e-27,1.0
2022-06-17,5.9681469231548527e-64,1.3611659958674049e-27,1.0
2022-06-20,5.9681469231548527e-64,1.3611659958674049e-27,1.0
2022-06-21,5.9681469231548527e-64,1.3611659958674049e-27,1.0
2022-06-22,5.9681469231548527e-64,1.3611659958674049e-27,1.0
2022-06-23,5.9681469231548527e-64,1.3611659958674049e-27,1.0
2022-06-24,5.9681469231548527e-64,1.3611659958674049e-27,1.0
2022-06-27,5.9681469231548527e-64,1.3611659958674049e-27,1.0
2022-06-28,5.9681469231548527e-64,1.3611659958674049e-27,1.0
2022-06-29,5.9681469231548527e-64,1.3611659958674049e-27,1.0
2022-06-30,5.9681469231548527e-64,1.3611659958674049e-27,1.0
2022-07-01,5.9681469231548527e-64,1.3611659958674049e-27,1.0
2022-07-04,5.9681469231548527e-64,1.3611659958674049e-27,1.0
2022-07-05,5.9681469231548527e-64,1.3611659958674049e-27,1.0
2022-07-06,5.9681469231548527e-64,1.3611659958674049e-27,1.0
2022-07-07,5.9681469231548527e-64,1.3611659958674049e-27,1.0
2022-07-08,7.595248420074578e-50,0.9999914495321656,8.550467934149222e-06
2022-07-11,7.595248420074578e-50,0.9999914495321656,8.550467934149222e-06
2022-07-12,7.595248420074578e-50,0.9999914495321656,8.550467934149222e-06
2022-07-13,7.595248420074578e-50,0.9999914495321656,8.550467934149222e-06
2022-07-14,7.595248420074578e-50,0.9999914495321656,8.550467934149222e-06
2022-07-15,7.595248420074578e-50,0.9999914495321656,8.550467934149222e-06
2022-07-18,7.595248420074578e-50,0.9999914495321656,8.550467934149222e-06
2022-07-19,7.595248420074578e-50,0.9999914495321656,8.550467934149222e-06
2022-07-20,7.595248420074578e-50,0.9999914495321656,8.550467934149222e-06
2022-07-21,7.595248420074578e-50,0.9999914495321656,8.550467934149222e-06
2022-07-22,7.595248420074578e-50,0.9999914495321656,8.550467934149222e-06
2022-07-25,7.595248420074578e-50,0.9999914495321656,8.550467934149222e-06
2022-07-26,7.595248420074578e-50,0.9999914495321656,8.550467934149222e-06
2022-07-27,7.595248420074578e-50,0.9999914495321656,8.550467934149222e-06
2022-07-28,7.595248420074578e-50,0.9999914495321656,8.550467934149222e-06
2022-07-29,7.595248420074578e-50,0.9999914495321656,8.550467934149222e-06
2022-08-01,7.595248420074578e-50,0.9999914495321656,8.550467934149222e-06
2022-08-02,7.595248420074578e-50,0.9999914495321656,8.550467934149222e-06
2022-08-03,7.595248420074578e-50,0.9999914495321656,8.550467934149222e-06
2022-08-04,7.595248420074578e-50,0.9999914495321656,8.550467934149222e-06
2022-08-05,7.595248420074578e-50,0.9999914495321656,8.550467934149222e-06
2022-08-08,0.9999999944691353,5.530810928235764e-09,1.2243083091976515e-19
2022-08-10,0.9999999944691353,5.530810928235764e-09,1.2243083091976515e-19
2022-08-11,0.9999999944691353,5.530810928235764e-09,1.2243083091976515e-19
2022-08-12,0.9999999944691353,5.530810928235764e-09,1.2243083091976515e-19
2022-08-16,0.9999999944691353,5.530810928235764e-09,1.2243083091976515e-19
2022-08-17,0.9999999944691353,5.530810928235764e-09,1.2243083091976515e-19
2022-08-18,0.9999999944691353,5.530810928235764e-09,1.2243083091976515e-19
2022-08-19,0.9999999944691353,5.530810928235764e-09,1.2243083091976515e-19
2022-08-22,0.9999999944691353,5.530810928235764e-09,1.2243083091976515e-19
2022-08-23,0.9999999944691353,5.530810928235764e-09,1.2243083091976515e-19
2022-08-24,0.9999999944691353,5.530810928235764e-09,1.2243083091976515e-19
2022-08-25,0.9999999944691353,5.530810928235764e-09,1.2243083091976515e-19
2022-08-26,0.9999999944691353,5.530810928235764e-09,1.2243083091976515e-19
2022-08-29,0.9999999944691353,5.530810928235764e-09,1.2243083091976515e-19
2022-08-30,0.9999999944691353,5.530810928235764e-09,1.2243083091976515e-19
2022-09-01,0.9999999944691353,5.530810928235764e-09,1.2243083091976515e-19
2022-09-02,0.9999999944691353,5.530810928235764e-09,1.2243083091976515e-19
2022-09-05,0.9999999944691353,5.530810928235764e-09,1.2243083091976515e-19
2022-09-06,0.9999999944691353,5.530810928235764e-09,1.2243083091976515e-19
2022-09-07,0.9999999944691353,5.530810928235764e-09,1.2243083091976515e-19
2022-09-08,0.9999999944691353,5.530810928235764e-09,1.2243083091976515e-19
2022-09-09,1.0,1.5651779491251058e-110,4.845180756429331e-54
2022-09-12,1.0,1.5651779491251058e-110,4.845180756429331e-54
2022-09-13,1.0,1.5651779491251058e-110,4.845180756429331e-54
2022-09-14,1.0,1.5651779491251058e-110,4.845180756429331e-54
2022-09-15,1.0,1.5651779491251058e-110,4.845180756429331e-54
2022-09-16,1.0,1.5651779491251058e-110,4.845180756429331e-54
2022-09-19,1.0,1.5651779491251058e-110,4.845180756429331e-54
2022-09-20,1.0,1.5651779491251058e-110,4.845180756429331e-54
2022-09-21,1.0,1.5651779491251058e-110,4.845180756429331e-54
2022-09-22,1.0,1.5651779491251058e-110,4.845180756429331e-54
2022-09-23,1.0,1.5651779491251058e-110,4.845180756429331e-54
2022-09-26,1.0,1.5651779491251058e-110,4.845180756429331e-54
2022-09-27,1.0,1.5651779491251058e-110,4.845180756429331e-54
2022-09-28,1.0,1.5651779491251058e-110,4.845180756429331e-54
2022-09-29,1.0,1.5651779491251058e-110,4.845180756429331e-54
2022-09-30,1.0,1.5651779491251058e-110,4.845180756429331e-54
2022-10-03,1.0,1.5651779491251058e-110,4.845180756429331e-54
2022-10-04,1.0,1.5651779491251058e-110,4.845180756429331e-54
2022-10-06,1.0,1.5651779491251058e-110,4.845180756429331e-54
2022-10-07,1.0,1.5651779491251058e-110,4.845180756429331e-54
2022-10-10,1.0,1.5651779491251058e-110,4.845180756429331e-54
2022-10-11,0.9999997339942083,2.7875981031427715e-25,2.660057068328749e-07
2022-10-12,0.9999997339942083,2.7875981031427715e-25,2.660057068328749e-07
2022-10-13,0.9999997339942083,2.7875981031427715e-25,2.660057068328749e-07
2022-10-14,0.9999997339942083,2.7875981031427715e-25,2.660057068328749e-07
2022-10-17,0.9999997339942083,2.7875981031427715e-25,2.660057068328749e-07
2022-10-18,0.9999997339942083,2.7875981031427715e-25,2.660057068328749e-07
2022-10-19,0.9999997339942083,2.7875981031427715e-25,2.660057068328749e-07
2022-10-20,0.9999997339942083,2.7875981031427715e-25,2.660057068328749e-07
2022-10-21,0.9999997339942083,2.7875981031427715e-25,2.660057068328749e-07
2022-10-24,0.9999997339942083,2.7875981031427715e-25,2.660057068328749e-07
2022-10-25,0.9999997339942083,2.7875981031427715e-25,2.660057068328749e-07
2022-10-27,0.9999997339942083,2.7875981031427715e-25,2.660057068328749e-07
2022-10-28,0.9999997339942083,2.7875981031427715e-25,2.660057068328749e-07
2022-10-31,0.9999997339942083,2.7875981031427715e-25,2.660057068328749e-07
2022-11-01,0.9999997339942083,2.7875981031427715e-25,2.660057068328749e-07
2022-11-02,0.9999997339942083,2.7875981031427715e-25,2.660057068328749e-07
2022-11-03,0.9999997339942083,2.7875981031427715e-25,2.660057068328749e-07
2022-11-04,0.9999997339942083,2.7875981031427715e-25,2.660057068328749e-07
2022-11-07,0.9999997339942083,2.7875981031427715e-25,2.660057068328749e-07
2022-11-09,0.9999997339942083,2.7875981031427715e-25,2.660057068328749e-07
2022-11-10,0.9999997339942083,2.7875981031427715e-25,2.660057068328749e-07
2022-11-11,1.0,2.434104236504011e-186,4.199485295080636e-196
2022-11-14,1.0,2.434104236504011e-186,4.199485295080636e-196
2022-11-15,1.0,2.434104236504011e-186,4.199485295080636e-196
2022-11-16,1.0,2.434104236504011e-186,4.199485295080636e-196
2022-11-17,1.0,2.434104236504011e-186,4.199485295080636e-196
2022-11-18,1.0,2.434104236504011e-186,4.199485295080636e-196
2022-11-21,1.0,2.434104236504011e-186,4.199485295080636e-196
2022-11-22,1.0,2.434104236504011e-186,4.199485295080636e-196
2022-11-23,1.0,2.434104236504011e-186,4.199485295080636e-196
2022-11-24,1.0,2.434104236504011e-186,4.199485295080636e-196
2022-11-25,1.0,2.434104236504011e-186,4.199485295080636e-196
2022-11-28,1.0,2.434104236504011e-186,4.199485295080636e-196
2022-11-29,1.0,2.434104236504011e-186,4.199485295080636e-196
2022-11-30,1.0,2.434104236504011e-186,4.199485295080636e-196
2022-12-01,1.0,2.434104236504011e-186,4.199485295080636e-196
2022-12-02,1.0,2.434104236504011e-186,4.199485295080636e-196
2022-12-05,1.0,2.434104236504011e-186,4.199485295080636e-196
2022-12-06,1.0,2.434104236504011e-186,4.199485295080636e-196
2022-12-07,1.0,2.434104236504011e-186,4.199485295080636e-196
2022-12-08,1.0,2.434104236504011e-186,4.199485295080636e-196
2022-12-09,1.0,2.434104236504011e-186,4.199485295080636e-196
2022-12-12,1.0,9.039530063589874e-108,7.224246748376269e-103
2022-12-13,1.0,9.039530063589874e-108,7.224246748376269e-103
2022-12-14,1.0,9.039530063589874e-108,7.224246748376269e-103
2022-12-15,1.0,9.039530063589874e-108,7.224246748376269e-103
2022-12-16,1.0,9.039530063589874e-108,7.224246748376269e-103
2022-12-19,1.0,9.039530063589874e-108,7.224246748376269e-103
2022-12-20,1.0,9.039530063589874e-108,7.224246748376269e-103
2022-12-21,1.0,9.039530063589874e-108,7.224246748376269e-103
2022-12-22,1.0,9.039530063589874e-108,7.224246748376269e-103
2022-12-23,1.0,9.039530063589874e-108,7.224246748376269e-103
2022-12-26,1.0,9.039530063589874e-108,7.224246748376269e-103
2022-12-27,1.0,9.039530063589874e-108,7.224246748376269e-103
2022-12-28,1.0,9.039530063589874e-108,7.224246748376269e-103
2022-12-29,1.0,9.039530063589874e-108,7.224246748376269e-103
2022-12-30,1.0,9.039530063589874e-108,7.224246748376269e-103
2023-01-02,1.0,9.039530063589874e-108,7.224246748376269e-103
2023-01-03,1.0,9.039530063589874e-108,7.224246748376269e-103
2023-01-04,1.0,9.039530063589874e-108,7.224246748376269e-103
2023-01-05,1.0,9.039530063589874e-108,7.224246748376269e-103
2023-01-06,1.0,9.039530063589874e-108,7.224246748376269e-103
2023-01-09,1.0,9.039530063589874e-108,7.224246748376269e-103
2023-01-10,1.0,9.057133373573618e-118,2.7719299468283077e-108
2023-01-11,1.0,9.057133373573618e-118,2.7719299468283077e-108
2023-01-12,1.0,9.057133373573618e-118,2.7719299468283077e-108
2023-01-13,1.0,9.057133373573618e-118,2.7719299468283077e-108
2023-01-16,1.0,9.057133373573618e-118,2.7719299468283077e-108
2023-01-17,1.0,9.057133373573618e-118,2.7719299468283077e-108
2023-01-18,1.0,9.057133373573618e-118,2.7719299468283077e-108
2023-01-19,1.0,9.057133373573618e-118,2.7719299468283077e-108
2023-01-20,1.0,9.057133373573618e-118,2.7719299468283077e-108
2023-01-23,1.0,9.057133373573618e-118,2.7719299468283077e-108
2023-01-24,1.0,9.057133373573618e-118,2.7719299468283077e-108
2023-01-25,1.0,9.057133373573618e-118,2.7719299468283077e-108
2023-01-27,1.0,9.057133373573618e-118,2.7719299468283077e-108
2023-01-30,1.0,9.057133373573618e-118,2.7719299468283077e-108
2023-01-31,1.0,9.057133373573618e-118,2.7719299468283077e-108
2023-02-01,1.0,9.057133373573618e-118,2.7719299468283077e-108
2023-02-02,1.0,9.057133373573618e-118,2.7719299468283077e-108
2023-02-03,1.0,9.057133373573618e-118,2.7719299468283077e-108
2023-02-06,1.0,9.057133373573618e-118,2.7719299468283077e-108
2023-02-07,1.0,9.057133373573618e-118,2.7719299468283077e-108
2023-02-08,1.0,9.057133373573618e-118,2.7719299468283077e-108
2023-02-09,0.006751989158468682,0.00010367532999643229,0.9931443355114288
2023-02-10,0.006751989158468682,0.00010367532999643229,0.9931443355114288
2023-02-13,0.006751989158468682,0.00010367532999643229,0.9931443355114288
2023-02-14,0.006751989158468682,0.00010367532999643229,0.9931443355114288
2023-02-15,0.006751989158468682,0.00010367532999643229,0.9931443355114288
2023-02-16,0.006751989158468682,0.00010367532999643229,0.9931443355114288
2023-02-17,0.006751989158468682,0.00010367532999643229,0.9931443355114288
2023-02-20,0.006751989158468682,0.00010367532999643229,0.9931443355114288
2023-02-21,0.006751989158468682,0.00010367532999643229,0.9931443355114288
2023-02-22,0.006751989158468682,0.00010367532999643229,0.9931443355114288
2023-02-23,0.006751989158468682,0.00010367532999643229,0.9931443355114288
2023-02-24,0.006751989158468682,0.00010367532999643229,0.9931443355114288
2023-02-27,0.006751989158468682,0.00010367532999643229,0.9931443355114288
2023-02-28,0.006751989158468682,0.00010367532999643229,0.9931443355114288
2023-03-01,0.006751989158468682,0.00010367532999643229,0.9931443355114288
2023-03-02,0.006751989158468682,0.00010367532999643229,0.9931443355114288
2023-03-03,0.006751989158468682,0.00010367532999643229,0.9931443355114288
2023-03-06,0.006751989158468682,0.00010367532999643229,0.9931443355114288
2023-03-08,0.006751989158468682,0.00010367532999643229,0.9931443355114288
2023-03-09,0.006751989158468682,0.00010367532999643229,0.9931443355114288
2023-03-10,0.006751989158468682,0.00010367532999643229,0.9931443355114288
2023-03-13,6.56299994752241e-08,0.9999999343699549,8.77375349955609e-15
2023-03-14,6.56299994752241e-08,0.9999999343699549,8.77375349955609e-15
2023-03-15,6.56299994752241e-08,0.9999999343699549,8.77375349955609e-15
2023-03-16,6.56299994752241e-08,0.9999999343699549,8.77375349955609e-15
2023-03-17,6.56299994752241e-08,0.9999999343699549,8.77375349955609e-15
2023-03-20,6.56299994752241e-08,0.9999999343699549,8.77375349955609e-15
2023-03-21,6.56299994752241e-08,0.9999999343699549,8.77375349955609e-15
2023-03-22,6.56299994752241e-08,0.9999999343699549,8.77375349955609e-15
2023-03-23,6.56299994752241e-08,0.9999999343699549,8.77375349955609e-15
2023-03-24,6.56299994752241e-08,0.9999999343699549,8.77375349955609e-15
2023-03-27,6.56299994752241e-08,0.9999999343699549,8.77375349955609e-15
2023-03-28,6.56299994752241e-08,0.9999999343699549,8.77375349955609e-15
2023-03-29,6.56299994752241e-08,0.9999999343699549,8.77375349955609e-15
2023-03-31,6.56299994752241e-08,0.9999999343699549,8.77375349955609e-15
2023-04-03,6.56299994752241e-08,0.9999999343699549,8.77375349955609e-15
2023-04-05,6.56299994752241e-08,0.9999999343699549,8.77375349955609e-15
2023-04-06,6.56299994752241e-08,0.9999999343699549,8.77375349955609e-15
2023-04-10,6.56299994752241e-08,0.9999999343699549,8.77375349955609e-15
2023-04-11,6.56299994752241e-08,0.9999999343699549,8.77375349955609e-15
2023-04-12,6.56299994752241e-08,0.9999999343699549,8.77375349955609e-15
2023-04-13,6.56299994752241e-08,0.9999999343699549,8.77375349955609e-15
2023-04-17,1.2989368834037268e-11,0.006409151761669149,0.993590848225326
2023-04-18,1.2989368834037268e-11,0.006409151761669149,0.993590848225326
2023-04-19,1.2989368834037268e-11,0.006409151761669149,0.993590848225326
2023-04-20,1.2989368834037268e-11,0.006409151761669149,0.993590848225326
2023-04-21,1.2989368834037268e-11,0.006409151761669149,0.993590848225326
2023-04-24,1.2989368834037268e-11,0.006409151761669149,0.993590848225326
2023-04-25,1.2989368834037268e-11,0.006409151761669149,0.993590848225326
2023-04-26,1.2989368834037268e-11,0.006409151761669149,0.993590848225326
2023-04-27,1.2989368834037268e-11,0.006409151761669149,0.993590848225326
2023-04-28,1.2989368834037268e-11,0.006409151761669149,0.993590848225326
2023-05-02,1.2989368834037268e-11,0.006409151761669149,0.993590848225326
2023-05-03,1.2989368834037268e-11,0.006409151761669149,0.993590848225326
2023-05-04,1.2989368834037268e-11,0.006409151761669149,0.993590848225326
2023-05-05,1.2989368834037268e-11,0.006409151761669149,0.993590848225326
2023-05-08,1.2989368834037268e-11,0.006409151761669149,0.993590848225326
2023-05-09,1.2989368834037268e-11,0.006409151761669149,0.993590848225326
2023-05-10,1.2989368834037268e-11,0.006409151761669149,0.993590848225326
2023-05-11,1.2989368834037268e-11,0.006409151761669149,0.993590848225326
2023-05-12,1.2989368834037268e-11,0.006409151761669149,0.993590848225326
2023-05-15,1.2989368834037268e-11,0.006409151761669149,0.993590848225326
2023-05-16,1.2989368834037268e-11,0.006409151761669149,0.993590848225326
2023-05-17,1.838422069216697e-05,0.999981615779287,8.608022271487066e-101
2023-05-18,1.838422069216697e-05,0.999981615779287,8.608022271487066e-101
2023-05-19,1.838422069216697e-05,0.999981615779287,8.608022271487066e-101
2023-05-22,1.838422069216697e-05,0.999981615779287,8.608022271487066e-101
2023-05-23,1.838422069216697e-05,0.999981615779287,8.608022271487066e-101
2023-05-24,1.838422069216697e-05,0.999981615779287,8.608022271487066e-101
2023-05-25,1.838422069216697e-05,0.999981615779287,8.608022271487066e-101
2023-05-26,1.838422069216697e-05,0.999981615779287,8.608022271487066e-101
2023-05-29,1.838422069216697e-05,0.999981615779287,8.608022271487066e-101
2023-05-30,1.838422069216697e-05,0.999981615779287,8.608022271487066e-101
2023-05-31,1.838422069216697e-05,0.999981615779287,8.608022271487066e-101
2023-06-01,1.838422069216697e-05,0.999981615779287,8.608022271487066e-101
2023-06-02,1.838422069216697e-05,0.999981615779287,8.608022271487066e-101
2023-06-05,1.838422069216697e-05,0.999981615779287,8.608022271487066e-101
2023-06-06,1.838422069216697e-05,0.999981615779287,8.608022271487066e-101
2023-06-07,1.838422069216697e-05,0.999981615779287,8.608022271487066e-101
2023-06-08,1.838422069216697e-05,0.999981615779287,8.608022271487066e-101
2023-06-09,1.838422069216697e-05,0.999981615779287,8.608022271487066e-101
2023-06-12,1.838422069216697e-05,0.999981615779287,8.608022271487066e-101
2023-06-13,1.838422069216697e-05,0.999981615779287,8.608022271487066e-101
2023-06-14,1.838422069216697e-05,0.999981615779287,8.608022271487066e-101
2023-06-15,3.8523121925738376e-07,0.9999996147688139,6.727033899734505e-20
2023-06-16,3.8523121925738376e-07,0.9999996147688139,6.727033899734505e-20
2023-06-19,3.8523121925738376e-07,0.9999996147688139,6.727033899734505e-20
2023-06-20,3.8523121925738376e-07,0.9999996147688139,6.727033899734505e-20
2023-06-21,3.8523121925738376e-07,0.9999996147688139,6.727033899734505e-20
2023-06-22,3.8523121925738376e-07,0.9999996147688139,6.727033899734505e-20
2023-06-23,3.8523121925738376e-07,0.9999996147688139,6.727033899734505e-20
2023-06-26,3.8523121925738376e-07,0.9999996147688139,6.727033899734505e-20
2023-06-27,3.8523121925738376e-07,0.9999996147688139,6.727033899734505e-20
2023-06-28,3.8523121925738376e-07,0.9999996147688139,6.727033899734505e-20
2023-06-30,3.8523121925738376e-07,0.9999996147688139,6.727033899734505e-20
2023-07-03,3.8523121925738376e-07,0.9999996147688139,6.727033899734505e-20
2023-07-04,3.8523121925738376e-07,0.9999996147688139,6.727033899734505e-20
2023-07-05,3.8523121925738376e-07,0.9999996147688139,6.727033899734505e-20
2023-07-06,3.8523121925738376e-07,0.9999996147688139,6.727033899734505e-20
2023-07-07,3.8523121925738376e-07,0.9999996147688139,6.727033899734505e-20
2023-07-10,3.8523121925738376e-07,0.9999996147688139,6.727033899734505e-20
2023-07-11,3.8523121925738376e-07,0.9999996147688139,6.727033899734505e-20
2023-07-12,3.8523121925738376e-07,0.9999996147688139,6.727033899734505e-20
2023-07-13,3.8523121925738376e-07,0.9999996147688139,6.727033899734505e-20
2023-07-14,3.8523121925738376e-07,0.9999996147688139,6.727033899734505e-20
2023-07-17,0.999980088042524,6.675188154554492e-09,1.990528232258376e-05
2023-07-18,0.999980088042524,6.675188154554492e-09,1.990528232258376e-05
2023-07-19,0.999980088042524,6.675188154554492e-09,1.990528232258376e-05
2023-07-20,0.999980088042524,6.675188154554492e-09,1.990528232258376e-05
2023-07-21,0.999980088042524,6.675188154554492e-09,1.990528232258376e-05
2023-07-24,0.999980088042524,6.675188154554492e-09,1.990528232258376e-05
2023-07-25,0.999980088042524,6.675188154554492e-09,1.990528232258376e-05
2023-07-26,0.999980088042524,6.675188154554492e-09,1.990528232258376e-05
2023-07-27,0.999980088042524,6.675188154554492e-09,1.990528232258376e-05
2023-07-28,0.999980088042524,6.675188154554492e-09,1.990528232258376e-05
2023-07-31,0.999980088042524,6.675188154554492e-09,1.990528232258376e-05
2023-08-01,0.999980088042524,6.675188154554492e-09,1.990528232258376e-05
2023-08-02,0.999980088042524,6.675188154554492e-09,1.990528232258376e-05
2023-08-03,0.999980088042524,6.675188154554492e-09,1.990528232258376e-05
2023-08-04,0.999980088042524,6.675188154554492e-09,1.990528232258376e-05
2023-08-07,0.999980088042524,6.675188154554492e-09,1.990528232258376e-05
2023-08-08,0.999980088042524,6.675188154554492e-09,1.990528232258376e-05
2023-08-09,0.999980088042524,6.675188154554492e-09,1.990528232258376e-05
2023-08-10,0.999980088042524,6.675188154554492e-09,1.990528232258376e-05
2023-08-11,0.999980088042524,6.675188154554492e-09,1.990528232258376e-05
2023-08-14,0.999980088042524,6.675188154554492e-09,1.990528232258376e-05
2023-08-16,0.00042491854924926937,0.9995750592389376,2.221177948876758e-08
2023-08-17,0.00042491854924926937,0.9995750592389376,2.221177948876758e-08
2023-08-18,0.00042491854924926937,0.9995750592389376,2.221177948876758e-08
2023-08-21,0.00042491854924926937,0.9995750592389376,2.221177948876758e-08
2023-08-22,0.00042491854924926937,0.9995750592389376,2.221177948876758e-08
2023-08-23,0.00042491854924926937,0.9995750592389376,2.221177948876758e-08
2023-08-24,0.00042491854924926937,0.9995750592389376,2.221177948876758e-08
2023-08-25,0.00042491854924926937,0.9995750592389376,2.221177948876758e-08
2023-08-28,0.00042491854924926937,0.9995750592389376,2.221177948876758e-08
2023-08-29,0.00042491854924926937,0.9995750592389376,2.221177948876758e-08
2023-08-30,0.00042491854924926937,0.9995750592389376,2.221177948876758e-08
2023-08-31,0.00042491854924926937,0.9995750592389376,2.221177948876758e-08
2023-09-01,0.00042491854924926937,0.9995750592389376,2.221177948876758e-08
2023-09-04,0.00042491854924926937,0.9995750592389376,2.221177948876758e-08
2023-09-05,0.00042491854924926937,0.9995750592389376,2.221177948876758e-08
2023-09-06,0.00042491854924926937,0.9995750592389376,2.221177948876758e-08
2023-09-07,0.00042491854924926937,0.9995750592389376,2.221177948876758e-08
2023-09-08,0.00042491854924926937,0.9995750592389376,2.221177948876758e-08
2023-09-11,0.00042491854924926937,0.9995750592389376,2.221177948876758e-08
2023-09-12,0.00042491854924926937,0.9995750592389376,2.221177948876758e-08
2023-09-13,0.00042491854924926937,0.9995750592389376,2.221177948876758e-08
2023-09-14,4.229012081371996e-08,0.9999999577098615,1.596101677605251e-25
2023-09-15,4.229012081371996e-08,0.9999999577098615,1.596101677605251e-25
2023-09-18,4.229012081371996e-08,0.9999999577098615,1.596101677605251e-25
2023-09-20,4.229012081371996e-08,0.9999999577098615,1.596101677605251e-25
2023-09-21,4.229012081371996e-08,0.9999999577098615,1.596101677605251e-25
2023-09-22,4.229012081371996e-08,0.9999999577098615,1.596101677605251e-25
2023-09-25,4.229012081371996e-08,0.9999999577098615,1.596101677605251e-25
2023-09-26,4.229012081371996e-08,0.9999999577098615,1.596101677605251e-25
2023-09-27,4.229012081371996e-08,0.9999999577098615,1.596101677605251e-25
2023-09-28,4.229012081371996e-08,0.9999999577098615,1.596101677605251e-25
2023-09-29,4.229012081371996e-08,0.9999999577098615,1.596101677605251e-25
2023-10-03,4.229012081371996e-08,0.9999999577098615,1.596101677605251e-25
2023-10-04,4.229012081371996e-08,0.9999999577098615,1.596101677605251e-25
2023-10-05,4.229012081371996e-08,0.9999999577098615,1.596101677605251e-25
2023-10-06,4.229012081371996e-08,0.9999999577098615,1.596101677605251e-25
2023-10-09,4.229012081371996e-08,0.9999999577098615,1.596101677605251e-25
2023-10-10,4.229012081371996e-08,0.9999999577098615,1.596101677605251e-25
2023-10-11,4.229012081371996e-08,0.9999999577098615,1.596101677605251e-25
2023-10-12,4.229012081371996e-08,0.9999999577098615,1.596101677605251e-25
2023-10-13,4.229012081371996e-08,0.9999999577098615,1.596101677605251e-25
2023-10-16,4.229012081371996e-08,0.9999999577098615,1.596101677605251e-25
2023-10-17,6.013993635599218e-05,1.4746826555919492e-86,0.9999398600636533
2023-10-18,6.013993635599218e-05,1.4746826555919492e-86,0.9999398600636533
2023-10-19,6.013993635599218e-05,1.4746826555919492e-86,0.9999398600636533
2023-10-20,6.013993635599218e-05,1.4746826555919492e-86,0.9999398600636533
2023-10-23,6.013993635599218e-05,1.4746826555919492e-86,0.9999398600636533
2023-10-25,6.013993635599218e-05,1.4746826555919492e-86,0.9999398600636533
2023-10-26,6.013993635599218e-05,1.4746826555919492e-86,0.9999398600636533
2023-10-27,6.013993635599218e-05,1.4746826555919492e-86,0.9999398600636533
2023-10-30,6.013993635599218e-05,1.4746826555919492e-86,0.9999398600636533
2023-10-31,6.013993635599218e-05,1.4746826555919492e-86,0.9999398600636533
2023-11-01,6.013993635599218e-05,1.4746826555919492e-86,0.9999398600636533
2023-11-02,6.013993635599218e-05,1.4746826555919492e-86,0.9999398600636533
2023-11-03,6.013993635599218e-05,1.4746826555919492e-86,0.9999398600636533
2023-11-06,6.013993635599218e-05,1.4746826555919492e-86,0.9999398600636533
2023-11-07,6.013993635599218e-05,1.4746826555919492e-86,0.9999398600636533
2023-11-08,6.013993635599218e-05,1.4746826555919492e-86,0.9999398600636533
2023-11-09,6.013993635599218e-05,1.4746826555919492e-86,0.9999398600636533
2023-11-10,6.013993635599218e-05,1.4746826555919492e-86,0.9999398600636533
2023-11-13,6.013993635599218e-05,1.4746826555919492e-86,0.9999398600636533
2023-11-15,6.013993635599218e-05,1.4746826555919492e-86,0.9999398600636533
2023-11-16,6.013993635599218e-05,1.4746826555919492e-86,0.9999398600636533
2023-11-17,5.59306964488954e-10,1.6998175932879973e-107,0.9999999994406608
2023-11-20,5.59306964488954e-10,1.6998175932879973e-107,0.9999999994406608
2023-11-21,5.59306964488954e-10,1.6998175932879973e-107,0.9999999994406608
2023-11-22,5.59306964488954e-10,1.6998175932879973e-107,0.9999999994406608
2023-11-23,5.59306964488954e-10,1.6998175932879973e-107,0.9999999994406608
2023-11-24,5.59306964488954e-10,1.6998175932879973e-107,0.9999999994406608
2023-11-28,5.59306964488954e-10,1.6998175932879973e-107,0.9999999994406608
2023-11-29,5.59306964488954e-10,1.6998175932879973e-107,0.9999999994406608
2023-11-30,5.59306964488954e-10,1.6998175932879973e-107,0.9999999994406608
2023-12-01,5.59306964488954e-10,1.6998175932879973e-107,0.9999999994406608
2023-12-04,5.59306964488954e-10,1.6998175932879973e-107,0.9999999994406608
2023-12-05,5.59306964488954e-10,1.6998175932879973e-107,0.9999999994406608
2023-12-06,5.59306964488954e-10,1.6998175932879973e-107,0.9999999994406608
2023-12-07,5.59306964488954e-10,1.6998175932879973e-107,0.9999999994406608
2023-12-08,5.59306964488954e-10,1.6998175932879973e-107,0.9999999994406608
2023-12-11,5.59306964488954e-10,1.6998175932879973e-107,0.9999999994406608
2023-12-12,5.59306964488954e-10,1.6998175932879973e-107,0.9999999994406608
2023-12-13,5.59306964488954e-10,1.6998175932879973e-107,0.9999999994406608
2023-12-14,5.59306964488954e-10,1.6998175932879973e-107,0.9999999994406608
2023-12-15,5.59306964488954e-10,1.6998175932879973e-107,0.9999999994406608
2023-12-18,5.59306964488954e-10,1.6998175932879973e-107,0.9999999994406608
2023-12-19,0.9999999981978362,1.8022147702552244e-09,1.0699570534381027e-19
2023-12-20,0.9999999981978362,1.8022147702552244e-09,1.0699570534381027e-19
2023-12-21,0.9999999981978362,1.8022147702552244e-09,1.0699570534381027e-19
2023-12-22,0.9999999981978362,1.8022147702552244e-09,1.0699570534381027e-19
2023-12-26,0.9999999981978362,1.8022147702552244e-09,1.0699570534381027e-19
2023-12-27,0.9999999981978362,1.8022147702552244e-09,1.0699570534381027e-19
2023-12-28,0.9999999981978362,1.8022147702552244e-09,1.0699570534381027e-19
2023-12-29,0.9999999981978362,1.8022147702552244e-09,1.0699570534381027e-19
2024-01-01,0.9999999981978362,1.8022147702552244e-09,1.0699570534381027e-19
2024-01-02,0.9999999981978362,1.8022147702552244e-09,1.0699570534381027e-19
2024-01-03,0.9999999981978362,1.8022147702552244e-09,1.0699570534381027e-19
2024-01-04,0.9999999981978362,1.8022147702552244e-09,1.0699570534381027e-19
2024-01-05,0.9999999981978362,1.8022147702552244e-09,1.0699570534381027e-19
2024-01-08,0.9999999981978362,1.8022147702552244e-09,1.0699570534381027e-19
2024-01-09,0.9999999981978362,1.8022147702552244e-09,1.0699570534381027e-19
2024-01-10,0.9999999981978362,1.8022147702552244e-09,1.0699570534381027e-19
2024-01-11,0.9999999981978362,1.8022147702552244e-09,1.0699570534381027e-19
2024-01-12,0.9999999981978362,1.8022147702552244e-09,1.0699570534381027e-19
2024-01-15,0.9999999981978362,1.8022147702552244e-09,1.0699570534381027e-19
2024-01-16,0.9999999981978362,1.8022147702552244e-09,1.0699570534381027e-19
2024-01-17,0.9999999981978362,1.8022147702552244e-09,1.0699570534381027e-19
2024-01-18,0.9175826126671215,6.108508221435488e-28,0.08241738733290367
2024-01-19,0.9175826126671215,6.108508221435488e-28,0.08241738733290367
2024-01-23,0.9175826126671215,6.108508221435488e-28,0.08241738733290367
2024-01-24,0.9175826126671215,6.108508221435488e-28,0.08241738733290367
2024-01-25,0.9175826126671215,6.108508221435488e-28,0.08241738733290367
2024-01-29,0.9175826126671215,6.108508221435488e-28,0.08241738733290367
2024-01-30,0.9175826126671215,6.108508221435488e-28,0.08241738733290367
2024-01-31,0.9175826126671215,6.108508221435488e-28,0.08241738733290367
2024-02-01,0.9175826126671215,6.108508221435488e-28,0.08241738733290367
2024-02-02,0.9175826126671215,6.108508221435488e-28,0.08241738733290367
2024-02-05,0.9175826126671215,6.108508221435488e-28,0.08241738733290367
2024-02-06,0.9175826126671215,6.108508221435488e-28,0.08241738733290367
2024-02-07,0.9175826126671215,6.108508221435488e-28,0.08241738733290367
2024-02-08,0.9175826126671215,6.108508221435488e-28,0.08241738733290367
2024-02-09,0.9175826126671215,6.108508221435488e-28,0.08241738733290367
2024-02-12,0.9175826126671215,6.108508221435488e-28,0.08241738733290367
2024-02-13,0.9175826126671215,6.108508221435488e-28,0.08241738733290367
2024-02-14,0.9175826126671215,6.108508221435488e-28,0.08241738733290367
2024-02-15,0.9175826126671215,6.108508221435488e-28,0.08241738733290367
2024-02-16,0.9175826126671215,6.108508221435488e-28,0.08241738733290367
2024-02-19,0.9175826126671215,6.108508221435488e-28,0.08241738733290367
2024-02-20,1.0,3.413743876482201e-14,2.0701825517834317e-23
2024-02-21,1.0,3.413743876482201e-14,2.0701825517834317e-23
2024-02-22,1.0,3.413743876482201e-14,2.0701825517834317e-23
2024-02-23,1.0,3.413743876482201e-14,2.0701825517834317e-23
2024-02-26,1.0,3.413743876482201e-14,2.0701825517834317e-23
2024-02-27,1.0,3.413743876482201e-14,2.0701825517834317e-23
2024-02-28,1.0,3.413743876482201e-14,2.0701825517834317e-23
2024-02-29,1.0,3.413743876482201e-14,2.0701825517834317e-23
2024-03-01,1.0,3.413743876482201e-14,2.0701825517834317e-23
2024-03-04,1.0,3.413743876482201e-14,2.0701825517834317e-23
2024-03-05,1.0,3.413743876482201e-14,2.0701825517834317e-23
2024-03-06,1.0,3.413743876482201e-14,2.0701825517834317e-23
2024-03-07,1.0,3.413743876482201e-14,2.0701825517834317e-23
2024-03-11,1.0,3.413743876482201e-14,2.0701825517834317e-23
2024-03-12,1.0,3.413743876482201e-14,2.0701825517834317e-23
2024-03-13,1.0,3.413743876482201e-14,2.0701825517834317e-23
2024-03-14,1.0,3.413743876482201e-14,2.0701825517834317e-23
2024-03-15,1.0,3.413743876482201e-14,2.0701825517834317e-23
2024-03-18,1.0,3.413743876482201e-14,2.0701825517834317e-23
2024-03-19,1.0,3.413743876482201e-14,2.0701825517834317e-23
2024-03-20,1.0,3.413743876482201e-14,2.0701825517834317e-23
2024-03-21,0.9527887459059398,1.3860201812809498e-08,0.04721124023393564
2024-03-22,0.9527887459059398,1.3860201812809498e-08,0.04721124023393564
2024-03-26,0.9527887459059398,1.3860201812809498e-08,0.04721124023393564
2024-03-27,0.9527887459059398,1.3860201812809498e-08,0.04721124023393564
2024-03-28,0.9527887459059398,1.3860201812809498e-08,0.04721124023393564
2024-04-01,0.9527887459059398,1.3860201812809498e-08,0.04721124023393564
2024-04-02,0.9527887459059398,1.3860201812809498e-08,0.04721124023393564
2024-04-03,0.9527887459059398,1.3860201812809498e-08,0.04721124023393564
2024-04-04,0.9527887459059398,1.3860201812809498e-08,0.04721124023393564
2024-04-05,0.9527887459059398,1.3860201812809498e-08,0.04721124023393564
2024-04-08,0.9527887459059398,1.3860201812809498e-08,0.04721124023393564
2024-04-09,0.9527887459059398,1.3860201812809498e-08,0.04721124023393564
2024-04-10,0.9527887459059398,1.3860201812809498e-08,0.04721124023393564
2024-04-12,0.9527887459059398,1.3860201812809498e-08,0.04721124023393564
2024-04-15,0.9527887459059398,1.3860201812809498e-08,0.04721124023393564
2024-04-16,0.9527887459059398,1.3860201812809498e-08,0.04721124023393564
2024-04-18,0.9527887459059398,1.3860201812809498e-08,0.04721124023393564
2024-04-19,0.9527887459059398,1.3860201812809498e-08,0.04721124023393564
2024-04-22,0.9527887459059398,1.3860201812809498e-08,0.04721124023393564
2024-04-23,0.9527887459059398,1.3860201812809498e-08,0.04721124023393564
2024-04-24,0.9527887459059398,1.3860201812809498e-08,0.04721124023393564
2024-04-25,0.0004946838959300919,0.9995053161040366,5.308868692735088e-18
2024-04-26,0.0004946838959300919,0.9995053161040366,5.308868692735088e-18
2024-04-29,0.0004946838959300919,0.9995053161040366,5.308868692735088e-18
2024-04-30,0.0004946838959300919,0.9995053161040366,5.308868692735088e-18
2024-05-02,0.0004946838959300919,0.9995053161040366,5.308868692735088e-18
2024-05-03,0.0004946838959300919,0.9995053161040366,5.308868692735088e-18
2024-05-06,0.0004946838959300919,0.9995053161040366,5.308868692735088e-18
2024-05-07,0.0004946838959300919,0.9995053161040366,5.308868692735088e-18
2024-05-08,0.0004946838959300919,0.9995053161040366,5.308868692735088e-18
2024-05-09,0.0004946838959300919,0.9995053161040366,5.308868692735088e-18
2024-05-10,0.0004946838959300919,0.9995053161040366,5.308868692735088e-18
2024-05-13,0.0004946838959300919,0.9995053161040366,5.308868692735088e-18
2024-05-14,0.0004946838959300919,0.9995053161040366,5.308868692735088e-18
2024-05-15,0.0004946838959300919,0.9995053161040366,5.308868692735088e-18
2024-05-16,0.0004946838959300919,0.9995053161040366,5.308868692735088e-18
2024-05-17,0.0004946838959300919,0.9995053161040366,5.308868692735088e-18
2024-05-21,0.0004946838959300919,0.9995053161040366,5.308868692735088e-18
2024-05-22,0.0004946838959300919,0.9995053161040366,5.308868692735088e-18
2024-05-23,0.0004946838959300919,0.9995053161040366,5.308868692735088e-18
2024-05-24,0.0004946838959300919,0.9995053161040366,5.308868692735088e-18
2024-05-27,0.0004946838959300919,0.9995053161040366,5.308868692735088e-18
2024-05-28,4.81833470153942e-12,2.928434884999623e-05,0.9999707156464093
2024-05-29,4.81833470153942e-12,2.928434884999623e-05,0.9999707156464093
2024-05-30,4.81833470153942e-12,2.928434884999623e-05,0.9999707156464093
2024-05-31,4.81833470153942e-12,2.928434884999623e-05,0.9999707156464093
2024-06-03,4.81833470153942e-12,2.928434884999623e-05,0.9999707156464093
2024-06-04,4.81833470153942e-12,2.928434884999623e-05,0.9999707156464093
2024-06-05,4.81833470153942e-12,2.928434884999623e-05,0.9999707156464093
2024-06-06,4.81833470153942e-12,2.928434884999623e-05,0.9999707156464093
2024-06-07,4.81833470153942e-12,2.928434884999623e-05,0.9999707156464093
2024-06-10,4.81833470153942e-12,2.928434884999623e-05,0.9999707156464093
2024-06-11,4.81833470153942e-12,2.928434884999623e-05,0.9999707156464093
2024-06-12,4.81833470153942e-12,2.928434884999623e-05,0.9999707156464093
2024-06-13,4.81833470153942e-12,2.928434884999623e-05,0.9999707156464093
2024-06-14,4.81833470153942e-12,2.928434884999623e-05,0.9999707156464093
2024-06-18,4.81833470153942e-12,2.928434884999623e-05,0.9999707156464093
2024-06-19,4.81833470153942e-12,2.928434884999623e-05,0.9999707156464093
2024-06-20,4.81833470153942e-12,2.928434884999623e-05,0.9999707156464093
2024-06-21,4.81833470153942e-12,2.928434884999623e-05,0.9999707156464093
2024-06-24,4.81833470153942e-12,2.928434884999623e-05,0.9999707156464093
2024-06-25,4.81833470153942e-12,2.928434884999623e-05,0.9999707156464093
2024-06-26,4.81833470153942e-12,2.928434884999623e-05,0.9999707156464093
2024-06-27,7.429603570639236e-137,1.1753247115087865e-192,1.0
2024-06-28,7.429603570639236e-137,1.1753247115087865e-192,1.0
2024-07-01,7.429603570639236e-137,1.1753247115087865e-192,1.0
2024-07-02,7.429603570639236e-137,1.1753247115087865e-192,1.0
2024-07-03,7.429603570639236e-137,1.1753247115087865e-192,1.0
2024-07-04,7.429603570639236e-137,1.1753247115087865e-192,1.0
2024-07-05,7.429603570639236e-137,1.1753247115087865e-192,1.0
2024-07-08,7.429603570639236e-137,1.1753247115087865e-192,1.0
2024-07-09,7.429603570639236e-137,1.1753247115087865e-192,1.0
2024-07-10,7.429603570639236e-137,1.1753247115087865e-192,1.0
2024-07-11,7.429603570639236e-137,1.1753247115087865e-192,1.0
2024-07-12,7.429603570639236e-137,1.1753247115087865e-192,1.0
2024-07-15,7.429603570639236e-137,1.1753247115087865e-192,1.0
2024-07-16,7.429603570639236e-137,1.1753247115087865e-192,1.0
2024-07-18,7.429603570639236e-137,1.1753247115087865e-192,1.0
2024-07-19,7.429603570639236e-137,1.1753247115087865e-192,1.0
2024-07-22,7.429603570639236e-137,1.1753247115087865e-192,1.0
2024-07-23,7.429603570639236e-137,1.1753247115087865e-192,1.0
2024-07-24,7.429603570639236e-137,1.1753247115087865e-192,1.0
2024-07-25,7.429603570639236e-137,1.1753247115087865e-192,1.0
2024-07-26,7.429603570639236e-137,1.1753247115087865e-192,1.0
2024-07-29,0.999999604390574,3.9560933256051674e-07,0.0
2024-07-30,0.999999604390574,3.9560933256051674e-07,0.0
2024-07-31,0.999999604390574,3.9560933256051674e-07,0.0
2024-08-01,0.999999604390574,3.9560933256051674e-07,0.0
2024-08-02,0.999999604390574,3.9560933256051674e-07,0.0
2024-08-05,0.999999604390574,3.9560933256051674e-07,0.0
2024-08-06,0.999999604390574,3.9560933256051674e-07,0.0
2024-08-07,0.999999604390574,3.9560933256051674e-07,0.0
2024-08-08,0.999999604390574,3.9560933256051674e-07,0.0
2024-08-09,0.999999604390574,3.9560933256051674e-07,0.0
2024-08-12,0.999999604390574,3.9560933256051674e-07,0.0
2024-08-13,0.999999604390574,3.9560933256051674e-07,0.0
2024-08-14,0.999999604390574,3.9560933256051674e-07,0.0
2024-08-16,0.999999604390574,3.9560933256051674e-07,0.0
2024-08-19,0.999999604390574,3.9560933256051674e-07,0.0
2024-08-20,0.999999604390574,3.9560933256051674e-07,0.0
2024-08-21,0.999999604390574,3.9560933256051674e-07,0.0
2024-08-22,0.999999604390574,3.9560933256051674e-07,0.0
2024-08-23,0.999999604390574,3.9560933256051674e-07,0.0
2024-08-26,0.999999604390574,3.9560933256051674e-07,0.0
2024-08-27,0.999999604390574,3.9560933256051674e-07,0.0
2024-08-28,0.999995868649997,4.131350023242525e-06,6.685002497638413e-45
2024-08-29,0.999995868649997,4.131350023242525e-06,6.685002497638413e-45
2024-08-30,0.999995868649997,4.131350023242525e-06,6.685002497638413e-45
2024-09-02,0.999995868649997,4.131350023242525e-06,6.685002497638413e-45
2024-09-03,0.999995868649997,4.131350023242525e-06,6.685002497638413e-45
2024-09-04,0.999995868649997,4.131350023242525e-06,6.685002497638413e-45
2024-09-05,0.999995868649997,4.131350023242525e-06,6.685002497638413e-45
2024-09-06,0.999995868649997,4.131350023242525e-06,6.685002497638413e-45
2024-09-09,0.999995868649997,4.131350023242525e-06,6.685002497638413e-45
2024-09-10,0.999995868649997,4.131350023242525e-06,6.685002497638413e-45
2024-09-11,0.999995868649997,4.131350023242525e-06,6.685002497638413e-45
2024-09-12,0.999995868649997,4.131350023242525e-06,6.685002497638413e-45
2024-09-13,0.999995868649997,4.131350023242525e-06,6.685002497638413e-45
2024-09-16,0.999995868649997,4.131350023242525e-06,6.685002497638413e-45
2024-09-17,0.999995868649997,4.131350023242525e-06,6.685002497638413e-45
2024-09-18,0.999995868649997,4.131350023242525e-06,6.685002497638413e-45
2024-09-19,0.999995868649997,4.131350023242525e-06,6.685002497638413e-45
2024-09-20,0.999995868649997,4.131350023242525e-06,6.685002497638413e-45
2024-09-23,0.999995868649997,4.131350023242525e-06,6.685002497638413e-45
2024-09-24,0.999995868649997,4.131350023242525e-06,6.685002497638413e-45
2024-09-25,0.999995868649997,4.131350023242525e-06,6.685002497638413e-45
2024-09-26,0.999970512965332,2.9487034617511095e-05,2.1405876592197738e-241
2024-09-27,0.999970512965332,2.9487034617511095e-05,2.1405876592197738e-241
2024-09-30,0.999970512965332,2.9487034617511095e-05,2.1405876592197738e-241
2024-10-01,0.999970512965332,2.9487034617511095e-05,2.1405876592197738e-241
2024-10-03,0.999970512965332,2.9487034617511095e-05,2.1405876592197738e-241
2024-10-04,0.999970512965332,2.9487034617511095e-05,2.1405876592197738e-241
2024-10-07,0.999970512965332,2.9487034617511095e-05,2.1405876592197738e-241
2024-10-08,0.999970512965332,2.9487034617511095e-05,2.1405876592197738e-241
2024-10-09,0.999970512965332,2.9487034617511095e-05,2.1405876592197738e-241
2024-10-10,0.999970512965332,2.9487034617511095e-05,2.1405876592197738e-241
2024-10-11,0.999970512965332,2.9487034617511095e-05,2.1405876592197738e-241
2024-10-14,0.999970512965332,2.9487034617511095e-05,2.1405876592197738e-241
2024-10-15,0.999970512965332,2.9487034617511095e-05,2.1405876592197738e-241
2024-10-16,0.999970512965332,2.9487034617511095e-05,2.1405876592197738e-241
2024-10-17,0.999970512965332,2.9487034617511095e-05,2.1405876592197738e-241
2024-10-18,0.999970512965332,2.9487034617511095e-05,2.1405876592197738e-241
2024-10-21,0.999970512965332,2.9487034617511095e-05,2.1405876592197738e-241
2024-10-22,0.999970512965332,2.9487034617511095e-05,2.1405876592197738e-241
2024-10-23,0.999970512965332,2.9487034617511095e-05,2.1405876592197738e-241
2024-10-24,0.999970512965332,2.9487034617511095e-05,2.1405876592197738e-241
2024-10-25,0.999970512965332,2.9487034617511095e-05,2.1405876592197738e-241
2024-10-28,1.3026987212957088e-08,0.99999998697308,1.640457451913147e-209
2024-10-29,1.3026987212957088e-08,0.99999998697308,1.640457451913147e-209
2024-10-30,1.3026987212957088e-08,0.99999998697308,1.640457451913147e-209
2024-10-31,1.3026987212957088e-08,0.99999998697308,1.640457451913147e-209
2024-11-01,1.3026987212957088e-08,0.99999998697308,1.640457451913147e-209
2024-11-04,1.3026987212957088e-08,0.99999998697308,1.640457451913147e-209
2024-11-05,1.3026987212957088e-08,0.99999998697308,1.640457451913147e-209
2024-11-06,1.3026987212957088e-08,0.99999998697308,1.640457451913147e-209
2024-11-07,1.3026987212957088e-08,0.99999998697308,1.640457451913147e-209
2024-11-08,1.3026987212957088e-08,0.99999998697308,1.640457451913147e-209
2024-11-11,1.3026987212957088e-08,0.99999998697308,1.640457451913147e-209
2024-11-12,1.3026987212957088e-08,0.99999998697308,1.640457451913147e-209
2024-11-13,1.3026987212957088e-08,0.99999998697308,1.640457451913147e-209
2024-11-14,1.3026987212957088e-08,0.99999998697308,1.640457451913147e-209
2024-11-18,1.3026987212957088e-08,0.99999998697308,1.640457451913147e-209
2024-11-19,1.3026987212957088e-08,0.99999998697308,1.640457451913147e-209
2024-11-21,1.3026987212957088e-08,0.99999998697308,1.640457451913147e-209
2024-11-22,1.3026987212957088e-08,0.99999998697308,1.640457451913147e-209
2024-11-25,1.3026987212957088e-08,0.99999998697308,1.640457451913147e-209
2024-11-26,1.3026987212957088e-08,0.99999998697308,1.640457451913147e-209
2024-11-27,1.3026987212957088e-08,0.99999998697308,1.640457451913147e-209
2024-11-28,3.473287283754817e-31,1.0,4.72609823887949e-144
2024-11-29,3.473287283754817e-31,1.0,4.72609823887949e-144
2024-12-02,3.473287283754817e-31,1.0,4.72609823887949e-144
2024-12-03,3.473287283754817e-31,1.0,4.72609823887949e-144
2024-12-04,3.473287283754817e-31,1.0,4.72609823887949e-144
2024-12-05,3.473287283754817e-31,1.0,4.72609823887949e-144
2024-12-06,3.473287283754817e-31,1.0,4.72609823887949e-144
2024-12-09,3.473287283754817e-31,1.0,4.72609823887949e-144
2024-12-10,3.473287283754817e-31,1.0,4.72609823887949e-144
2024-12-11,3.473287283754817e-31,1.0,4.72609823887949e-144
2024-12-12,3.473287283754817e-31,1.0,4.72609823887949e-144
2024-12-13,3.473287283754817e-31,1.0,4.72609823887949e-144
2024-12-16,3.473287283754817e-31,1.0,4.72609823887949e-144
2024-12-17,3.473287283754817e-31,1.0,4.72609823887949e-144
2024-12-18,3.473287283754817e-31,1.0,4.72609823887949e-144
2024-12-19,3.473287283754817e-31,1.0,4.72609823887949e-144
2024-12-20,3.473287283754817e-31,1.0,4.72609823887949e-144
2024-12-23,3.473287283754817e-31,1.0,4.72609823887949e-144
2024-12-24,3.473287283754817e-31,1.0,4.72609823887949e-144
2024-12-26,3.473287283754817e-31,1.0,4.72609823887949e-144
2024-12-27,3.473287283754817e-31,1.0,4.72609823887949e-144
2024-12-30,4.322373757634177e-29,1.0,5.659727436735778e-262
2024-12-31,4.322373757634177e-29,1.0,5.659727436735778e-262
2025-01-01,4.322373757634177e-29,1.0,5.659727436735778e-262
2025-01-02,4.322373757634177e-29,1.0,5.659727436735778e-262
2025-01-03,4.322373757634177e-29,1.0,5.659727436735778e-262
2025-01-06,4.322373757634177e-29,1.0,5.659727436735778e-262
2025-01-07,4.322373757634177e-29,1.0,5.659727436735778e-262
2025-01-08,4.322373757634177e-29,1.0,5.659727436735778e-262
2025-01-09,4.322373757634177e-29,1.0,5.659727436735778e-262
2025-01-10,4.322373757634177e-29,1.0,5.659727436735778e-262
2025-01-13,4.322373757634177e-29,1.0,5.659727436735778e-262
2025-01-14,4.322373757634177e-29,1.0,5.659727436735778e-262
2025-01-15,4.322373757634177e-29,1.0,5.659727436735778e-262
2025-01-16,4.322373757634177e-29,1.0,5.659727436735778e-262
2025-01-17,4.322373757634177e-29,1.0,5.659727436735778e-262
2025-01-20,4.322373757634177e-29,1.0,5.659727436735778e-262
2025-01-21,4.322373757634177e-29,1.0,5.659727436735778e-262
2025-01-22,4.322373757634177e-29,1.0,5.659727436735778e-262
2025-01-23,4.322373757634177e-29,1.0,5.659727436735778e-262
2025-01-24,4.322373757634177e-29,1.0,5.659727436735778e-262
2025-01-27,4.322373757634177e-29,1.0,5.659727436735778e-262
2025-01-28,6.796263642460046e-08,0.9999999320373286,6.707091384653773e-176
2025-01-29,6.796263642460046e-08,0.9999999320373286,6.707091384653773e-176
2025-01-30,6.796263642460046e-08,0.9999999320373286,6.707091384653773e-176
2025-01-31,6.796263642460046e-08,0.9999999320373286,6.707091384653773e-176
2025-02-01,6.796263642460046e-08,0.9999999320373286,6.707091384653773e-176
2025-02-03,6.796263642460046e-08,0.9999999320373286,6.707091384653773e-176
2025-02-04,6.796263642460046e-08,0.9999999320373286,6.707091384653773e-176
2025-02-05,6.796263642460046e-08,0.9999999320373286,6.707091384653773e-176
2025-02-06,6.796263642460046e-08,0.9999999320373286,6.707091384653773e-176
2025-02-07,6.796263642460046e-08,0.9999999320373286,6.707091384653773e-176
2025-02-10,6.796263642460046e-08,0.9999999320373286,6.707091384653773e-176
2025-02-11,6.796263642460046e-08,0.9999999320373286,6.707091384653773e-176
2025-02-12,6.796263642460046e-08,0.9999999320373286,6.707091384653773e-176
2025-02-13,6.796263642460046e-08,0.9999999320373286,6.707091384653773e-176
2025-02-14,6.796263642460046e-08,0.9999999320373286,6.707091384653773e-176
2025-02-17,6.796263642460046e-08,0.9999999320373286,6.707091384653773e-176
2025-02-18,6.796263642460046e-08,0.9999999320373286,6.707091384653773e-176
2025-02-19,6.796263642460046e-08,0.9999999320373286,6.707091384653773e-176
2025-02-20,6.796263642460046e-08,0.9999999320373286,6.707091384653773e-176
2025-02-21,6.796263642460046e-08,0.9999999320373286,6.707091384653773e-176
2025-02-24,6.796263642460046e-08,0.9999999320373286,6.707091384653773e-176
2025-02-25,3.930395383270804e-54,1.0,4.3701865555829665e-246
2025-02-27,3.930395383270804e-54,1.0,4.3701865555829665e-246
2025-02-28,3.930395383270804e-54,1.0,4.3701865555829665e-246
2025-03-03,3.930395383270804e-54,1.0,4.3701865555829665e-246
2025-03-04,3.930395383270804e-54,1.0,4.3701865555829665e-246
2025-03-05,3.930395383270804e-54,1.0,4.3701865555829665e-246
2025-03-06,3.930395383270804e-54,1.0,4.3701865555829665e-246
2025-03-07,3.930395383270804e-54,1.0,4.3701865555829665e-246
2025-03-10,3.930395383270804e-54,1.0,4.3701865555829665e-246
2025-03-11,3.930395383270804e-54,1.0,4.3701865555829665e-246
2025-03-12,3.930395383270804e-54,1.0,4.3701865555829665e-246
2025-03-13,3.930395383270804e-54,1.0,4.3701865555829665e-246
2025-03-17,3.930395383270804e-54,1.0,4.3701865555829665e-246
2025-03-18,3.930395383270804e-54,1.0,4.3701865555829665e-246
2025-03-19,3.930395383270804e-54,1.0,4.3701865555829665e-246
2025-03-20,3.930395383270804e-54,1.0,4.3701865555829665e-246
2025-03-21,3.930395383270804e-54,1.0,4.3701865555829665e-246
2025-03-24,3.930395383270804e-54,1.0,4.3701865555829665e-246
2025-03-25,3.930395383270804e-54,1.0,4.3701865555829665e-246
2025-03-26,3.930395383270804e-54,1.0,4.3701865555829665e-246
2025-03-27,3.930395383270804e-54,1.0,4.3701865555829665e-246
2025-03-28,1.695069033832003e-10,0.9999999998306066,1.6946657637596264e-169
2025-04-01,1.695069033832003e-10,0.9999999998306066,1.6946657637596264e-169
2025-04-02,1.695069033832003e-10,0.9999999998306066,1.6946657637596264e-169
2025-04-03,1.695069033832003e-10,0.9999999998306066,1.6946657637596264e-169
2025-04-04,1.695069033832003e-10,0.9999999998306066,1.6946657637596264e-169
2025-04-07,1.695069033832003e-10,0.9999999998306066,1.6946657637596264e-169
2025-04-08,1.695069033832003e-10,0.9999999998306066,1.6946657637596264e-169
2025-04-09,1.695069033832003e-10,0.9999999998306066,1.6946657637596264e-169
2025-04-11,1.695069033832003e-10,0.9999999998306066,1.6946657637596264e-169
2025-04-15,1.695069033832003e-10,0.9999999998306066,1.6946657637596264e-169
2025-04-16,1.695069033832003e-10,0.9999999998306066,1.6946657637596264e-169
2025-04-17,1.695069033832003e-10,0.9999999998306066,1.6946657637596264e-169
2025-04-21,1.695069033832003e-10,0.9999999998306066,1.6946657637596264e-169
2025-04-22,1.695069033832003e-10,0.9999999998306066,1.6946657637596264e-169
2025-04-23,1.695069033832003e-10,0.9999999998306066,1.6946657637596264e-169
2025-04-24,1.695069033832003e-10,0.9999999998306066,1.6946657637596264e-169
2025-04-25,1.695069033832003e-10,0.9999999998306066,1.6946657637596264e-169
2025-04-28,1.695069033832003e-10,0.9999999998306066,1.6946657637596264e-169
2025-04-29,1.695069033832003e-10,0.9999999998306066,1.6946657637596264e-169
2025-04-30,1.695069033832003e-10,0.9999999998306066,1.6946657637596264e-169
2025-05-02,1.695069033832003e-10,0.9999999998306066,1.6946657637596264e-169
2025-05-05,2.036393622558819e-06,2.02437998347042e-18,0.9999979636063743
2025-05-06,2.036393622558819e-06,2.02437998347042e-18,0.9999979636063743
2025-05-07,2.036393622558819e-06,2.02437998347042e-18,0.9999979636063743
2025-05-08,2.036393622558819e-06,2.02437998347042e-18,0.9999979636063743
2025-05-09,2.036393622558819e-06,2.02437998347042e-18,0.9999979636063743
2025-05-12,2.036393622558819e-06,2.02437998347042e-18,0.9999979636063743
2025-05-13,2.036393622558819e-06,2.02437998347042e-18,0.9999979636063743
2025-05-14,2.036393622558819e-06,2.02437998347042e-18,0.9999979636063743
2025-05-15,2.036393622558819e-06,2.02437998347042e-18,0.9999979636063743
2025-05-16,2.036393622558819e-06,2.02437998347042e-18,0.9999979636063743
2025-05-19,2.036393622558819e-06,2.02437998347042e-18,0.9999979636063743
2025-05-20,2.036393622558819e-06,2.02437998347042e-18,0.9999979636063743
2025-05-21,2.036393622558819e-06,2.02437998347042e-18,0.9999979636063743
2025-05-22,2.036393622558819e-06,2.02437998347042e-18,0.9999979636063743
2025-05-23,2.036393622558819e-06,2.02437998347042e-18,0.9999979636063743
2025-05-26,2.036393622558819e-06,2.02437998347042e-18,0.9999979636063743
2025-05-27,2.036393622558819e-06,2.02437998347042e-18,0.9999979636063743
2025-05-28,2.036393622558819e-06,2.02437998347042e-18,0.9999979636063743
2025-05-29,2.036393622558819e-06,2.02437998347042e-18,0.9999979636063743
2025-05-30,2.036393622558819e-06,2.02437998347042e-18,0.9999979636063743
2025-06-02,2.036393622558819e-06,2.02437998347042e-18,0.9999979636063743
2025-06-03,3.629470326536562e-15,1.905298764167604e-33,1.0
2025-06-04,3.629470326536562e-15,1.905298764167604e-33,1.0
2025-06-05,3.629470326536562e-15,1.905298764167604e-33,1.0
2025-06-06,3.629470326536562e-15,1.905298764167604e-33,1.0
2025-06-09,3.629470326536562e-15,1.905298764167604e-33,1.0
2025-06-10,3.629470326536562e-15,1.905298764167604e-33,1.0
2025-06-11,3.629470326536562e-15,1.905298764167604e-33,1.0
2025-06-12,3.629470326536562e-15,1.905298764167604e-33,1.0
2025-06-13,3.629470326536562e-15,1.905298764167604e-33,1.0
2025-06-16,3.629470326536562e-15,1.905298764167604e-33,1.0
2025-06-17,3.629470326536562e-15,1.905298764167604e-33,1.0
2025-06-18,3.629470326536562e-15,1.905298764167604e-33,1.0
2025-06-19,3.629470326536562e-15,1.905298764167604e-33,1.0
2025-06-20,3.629470326536562e-15,1.905298764167604e-33,1.0
2025-06-23,3.629470326536562e-15,1.905298764167604e-33,1.0
2025-06-24,3.629470326536562e-15,1.905298764167604e-33,1.0
2025-06-25,3.629470326536562e-15,1.905298764167604e-33,1.0
2025-06-26,3.629470326536562e-15,1.905298764167604e-33,1.0
2025-06-27,3.629470326536562e-15,1.905298764167604e-33,1.0
2025-06-30,3.629470326536562e-15,1.905298764167604e-33,1.0
2025-07-01,3.629470326536562e-15,1.905298764167604e-33,1.0
2025-07-02,0.9999997391965165,9.486476573128942e-41,2.6080357017607887e-07
2025-07-03,0.9999997391965165,9.486476573128942e-41,2.6080357017607887e-07
2025-07-04,0.9999997391965165,9.486476573128942e-41,2.6080357017607887e-07
2025-07-07,0.9999997391965165,9.486476573128942e-41,2.6080357017607887e-07
2025-07-08,0.9999997391965165,9.486476573128942e-41,2.6080357017607887e-07
2025-07-09,0.9999997391965165,9.486476573128942e-41,2.6080357017607887e-07
2025-07-10,0.9999997391965165,9.486476573128942e-41,2.6080357017607887e-07
2025-07-11,0.9999997391965165,9.486476573128942e-41,2.6080357017607887e-07
2025-07-14,0.9999997391965165,9.486476573128942e-41,2.6080357017607887e-07
2025-07-15,0.9999997391965165,9.486476573128942e-41,2.6080357017607887e-07
2025-07-16,0.9999997391965165,9.486476573128942e-41,2.6080357017607887e-07
2025-07-17,0.9999997391965165,9.486476573128942e-41,2.6080357017607887e-07
2025-07-18,0.9999997391965165,9.486476573128942e-41,2.6080357017607887e-07
2025-07-21,0.9999997391965165,9.486476573128942e-41,2.6080357017607887e-07
2025-07-22,0.9999997391965165,9.486476573128942e-41,2.6080357017607887e-07
2025-07-23,0.9999997391965165,9.486476573128942e-41,2.6080357017607887e-07
2025-07-24,0.9999997391965165,9.486476573128942e-41,2.6080357017607887e-07
2025-07-25,0.9999997391965165,9.486476573128942e-41,2.6080357017607887e-07
2025-07-28,0.9999997391965165,9.486476573128942e-41,2.6080357017607887e-07
2025-07-29,0.9999997391965165,9.486476573128942e-41,2.6080357017607887e-07
2025-07-30,0.9999997391965165,9.486476573128942e-41,2.6080357017607887e-07
2025-07-31,0.9999999996946372,1.1834506322774118e-87,3.053766377919544e-10
2025-08-01,0.9999999996946372,1.1834506322774118e-87,3.053766377919544e-10
2025-08-04,0.9999999996946372,1.1834506322774118e-87,3.053766377919544e-10
2025-08-05,0.9999999996946372,1.1834506322774118e-87,3.053766377919544e-10
2025-08-06,0.9999999996946372,1.1834506322774118e-87,3.053766377919544e-10
2025-08-07,0.9999999996946372,1.1834506322774118e-87,3.053766377919544e-10
2025-08-08,0.9999999996946372,1.1834506322774118e-87,3.053766377919544e-10
2025-08-11,0.9999999996946372,1.1834506322774118e-87,3.053766377919544e-10
2025-08-12,0.9999999996946372,1.1834506322774118e-87,3.053766377919544e-10
2025-08-13,0.9999999996946372,1.1834506322774118e-87,3.053766377919544e-10
2025-08-14,0.9999999996946372,1.1834506322774118e-87,3.053766377919544e-10
2025-08-18,0.9999999996946372,1.1834506322774118e-87,3.053766377919544e-10
2025-08-19,0.9999999996946372,1.1834506322774118e-87,3.053766377919544e-10
2025-08-20,0.9999999996946372,1.1834506322774118e-87,3.053766377919544e-10
2025-08-21,0.9999999996946372,1.1834506322774118e-87,3.053766377919544e-10
2025-08-22,0.9999999996946372,1.1834506322774118e-87,3.053766377919544e-10
2025-08-25,0.9999999996946372,1.1834506322774118e-87,3.053766377919544e-10
2025-08-26,0.9999999996946372,1.1834506322774118e-87,3.053766377919544e-10
2025-08-28,0.9999999996946372,1.1834506322774118e-87,3.053766377919544e-10
2025-08-29,0.9999999996946372,1.1834506322774118e-87,3.053766377919544e-10
2025-09-01,0.9999999996946372,1.1834506322774118e-87,3.053766377919544e-10
2025-09-02,0.9984296753675056,1.09563543027241e-22,0.0015703246324076507
2025-09-03,0.9984296753675056,1.09563543027241e-22,0.0015703246324076507
2025-09-04,0.9984296753675056,1.09563543027241e-22,0.0015703246324076507
2025-09-05,0.9984296753675056,1.09563543027241e-22,0.0015703246324076507
2025-09-08,0.9984296753675056,1.09563543027241e-22,0.0015703246324076507
2025-09-09,0.9984296753675056,1.09563543027241e-22,0.0015703246324076507
2025-09-10,0.9984296753675056,1.09563543027241e-22,0.0015703246324076507
2025-09-11,0.9984296753675056,1.09563543027241e-22,0.0015703246324076507
2025-09-12,0.9984296753675056,1.09563543027241e-22,0.0015703246324076507
2025-09-15,0.9984296753675056,1.09563543027241e-22,0.0015703246324076507
2025-09-16,0.9984296753675056,1.09563543027241e-22,0.0015703246324076507
2025-09-17,0.9984296753675056,1.09563543027241e-22,0.0015703246324076507
2025-09-18,0.9984296753675056,1.09563543027241e-22,0.0015703246324076507
2025-09-19,0.9984296753675056,1.09563543027241e-22,0.0015703246324076507
2025-09-22,0.9984296753675056,1.09563543027241e-22,0.0015703246324076507
2025-09-23,0.9984296753675056,1.09563543027241e-22,0.0015703246324076507
2025-09-24,0.9984296753675056,1.09563543027241e-22,0.0015703246324076507
2025-09-25,0.9984296753675056,1.09563543027241e-22,0.0015703246324076507
2025-09-26,0.9984296753675056,1.09563543027241e-22,0.0015703246324076507
2025-09-29,0.9984296753675056,1.09563543027241e-22,0.0015703246324076507
2025-09-30,0.9984296753675056,1.09563543027241e-22,0.0015703246324076507
2025-10-01,1.0,4.0258888791030326e-23,2.486464913204079e-18
2025-10-03,1.0,4.0258888791030326e-23,2.486464913204079e-18
2025-10-06,1.0,4.0258888791030326e-23,2.486464913204079e-18
2025-10-07,1.0,4.0258888791030326e-23,2.486464913204079e-18
2025-10-08,1.0,4.0258888791030326e-23,2.486464913204079e-18
2025-10-09,1.0,4.0258888791030326e-23,2.486464913204079e-18
2025-10-10,1.0,4.0258888791030326e-23,2.486464913204079e-18
2025-10-13,1.0,4.0258888791030326e-23,2.486464913204079e-18
2025-10-14,1.0,4.0258888791030326e-23,2.486464913204079e-18
2025-10-15,1.0,4.0258888791030326e-23,2.486464913204079e-18
2025-10-16,1.0,4.0258888791030326e-23,2.486464913204079e-18
2025-10-17,1.0,4.0258888791030326e-23,2.486464913204079e-18
2025-10-20,1.0,4.0258888791030326e-23,2.486464913204079e-18
2025-10-21,1.0,4.0258888791030326e-23,2.486464913204079e-18
2025-10-23,1.0,4.0258888791030326e-23,2.486464913204079e-18
2025-10-24,1.0,4.0258888791030326e-23,2.486464913204079e-18
2025-10-27,1.0,4.0258888791030326e-23,2.486464913204079e-18
2025-10-28,1.0,4.0258888791030326e-23,2.486464913204079e-18
2025-10-29,1.0,4.0258888791030326e-23,2.486464913204079e-18
2025-10-30,1.0,4.0258888791030326e-23,2.486464913204079e-18
2025-10-31,1.0,4.0258888791030326e-23,2.486464913204079e-18
2025-11-03,1.0,1.063279316414327e-31,6.930301842608177e-21
2025-11-04,1.0,1.063279316414327e-31,6.930301842608177e-21
2025-11-06,1.0,1.063279316414327e-31,6.930301842608177e-21
2025-11-07,1.0,1.063279316414327e-31,6.930301842608177e-21
2025-11-10,1.0,1.063279316414327e-31,6.930301842608177e-21
2025-11-11,1.0,1.063279316414327e-31,6.930301842608177e-21
2025-11-12,1.0,1.063279316414327e-31,6.930301842608177e-21
2025-11-13,1.0,1.063279316414327e-31,6.930301842608177e-21
2025-11-14,1.0,1.063279316414327e-31,6.930301842608177e-21
2025-11-17,1.0,1.063279316414327e-31,6.930301842608177e-21
2025-11-18,1.0,1.063279316414327e-31,6.930301842608177e-21
2025-11-19,1.0,1.063279316414327e-31,6.930301842608177e-21
2025-11-20,1.0,1.063279316414327e-31,6.930301842608177e-21
2025-11-21,1.0,1.063279316414327e-31,6.930301842608177e-21
2025-11-24,1.0,1.063279316414327e-31,6.930301842608177e-21
2025-11-25,1.0,1.063279316414327e-31,6.930301842608177e-21
2025-11-26,1.0,1.063279316414327e-31,6.930301842608177e-21
2025-11-27,1.0,1.063279316414327e-31,6.930301842608177e-21
2025-11-28,1.0,1.063279316414327e-31,6.930301842608177e-21
2025-12-01,1.0,1.063279316414327e-31,6.930301842608177e-21
2025-12-02,1.0,1.063279316414327e-31,6.930301842608177e-21
2025-12-03,1.0,3.487393633611495e-31,1.5615841692270887e-19
2025-12-04,1.0,3.487393633611495e-31,1.5615841692270887e-19
2025-12-05,1.0,3.487393633611495e-31,1.5615841692270887e-19
2025-12-08,1.0,3.487393633611495e-31,1.5615841692270887e-19
2025-12-09,1.0,3.487393633611495e-31,1.5615841692270887e-19
2025-12-10,1.0,3.487393633611495e-31,1.5615841692270887e-19
2025-12-11,1.0,3.487393633611495e-31,1.5615841692270887e-19
2025-12-12,1.0,3.487393633611495e-31,1.5615841692270887e-19
2025-12-15,1.0,3.487393633611495e-31,1.5615841692270887e-19
2025-12-16,1.0,3.487393633611495e-31,1.5615841692270887e-19
2025-12-17,1.0,3.487393633611495e-31,1.5615841692270887e-19
2025-12-18,1.0,3.487393633611495e-31,1.5615841692270887e-19
2025-12-19,1.0,3.487393633611495e-31,1.5615841692270887e-19
2025-12-22,1.0,3.487393633611495e-31,1.5615841692270887e-19
2025-12-23,1.0,3.487393633611495e-31,1.5615841692270887e-19
2025-12-24,1.0,3.487393633611495e-31,1.5615841692270887e-19
2025-12-26,1.0,3.487393633611495e-31,1.5615841692270887e-19
2025-12-29,1.0,3.487393633611495e-31,1.5615841692270887e-19
2025-12-30,1.0,3.487393633611495e-31,1.5615841692270887e-19
2025-12-31,1.0,3.487393633611495e-31,1.5615841692270887e-19
2026-01-01,1.0,3.487393633611495e-31,1.5615841692270887e-19
2026-01-02,1.0,3.2910144066350795e-55,1.163083426043294e-21
2026-01-05,1.0,3.2910144066350795e-55,1.163083426043294e-21
2026-01-06,1.0,3.2910144066350795e-55,1.163083426043294e-21
2026-01-07,1.0,3.2910144066350795e-55,1.163083426043294e-21
2026-01-08,1.0,3.2910144066350795e-55,1.163083426043294e-21
2026-01-09,1.0,3.2910144066350795e-55,1.163083426043294e-21
2026-01-12,1.0,3.2910144066350795e-55,1.163083426043294e-21
2026-01-13,1.0,3.2910144066350795e-55,1.163083426043294e-21
2026-01-14,1.0,3.2910144066350795e-55,1.163083426043294e-21
2026-01-15,1.0,3.2910144066350795e-55,1.163083426043294e-21
2026-01-16,1.0,3.2910144066350795e-55,1.163083426043294e-21
2026-01-19,1.0,3.2910144066350795e-55,1.163083426043294e-21
2026-01-20,1.0,3.2910144066350795e-55,1.163083426043294e-21
2026-01-21,1.0,3.2910144066350795e-55,1.163083426043294e-21
2026-01-22,1.0,3.2910144066350795e-55,1.163083426043294e-21
2026-01-23,1.0,3.2910144066350795e-55,1.163083426043294e-21
2026-01-27,1.0,3.2910144066350795e-55,1.163083426043294e-21
2026-01-28,1.0,3.2910144066350795e-55,1.163083426043294e-21
2026-01-29,1.0,3.2910144066350795e-55,1.163083426043294e-21
2026-01-30,1.0,3.2910144066350795e-55,1.163083426043294e-21
2026-02-02,1.0,3.2910144066350795e-55,1.163083426043294e-21
2026-02-03,1.8972320362598687e-05,4.726754278149458e-38,0.9999810276796202
2026-02-04,1.8972320362598687e-05,4.726754278149458e-38,0.9999810276796202
2026-02-05,1.8972320362598687e-05,4.726754278149458e-38,0.9999810276796202
2026-02-06,1.8972320362598687e-05,4.726754278149458e-38,0.9999810276796202
2026-02-09,1.8972320362598687e-05,4.726754278149458e-38,0.9999810276796202
2026-02-10,1.8972320362598687e-05,4.726754278149458e-38,0.9999810276796202
2026-02-11,1.8972320362598687e-05,4.726754278149458e-38,0.9999810276796202
2026-02-12,1.8972320362598687e-05,4.726754278149458e-38,0.9999810276796202
2026-02-13,1.8972320362598687e-05,4.726754278149458e-38,0.9999810276796202
2026-02-16,1.8972320362598687e-05,4.726754278149458e-38,0.9999810276796202
2026-02-17,1.8972320362598687e-05,4.726754278149458e-38,0.9999810276796202
2026-02-18,1.8972320362598687e-05,4.726754278149458e-38,0.9999810276796202
2026-02-19,1.8972320362598687e-05,4.726754278149458e-38,0.9999810276796202
2026-02-20,1.8972320362598687e-05,4.726754278149458e-38,0.9999810276796202
2026-02-23,1.8972320362598687e-05,4.726754278149458e-38,0.9999810276796202
2026-02-24,1.8972320362598687e-05,4.726754278149458e-38,0.9999810276796202
2026-02-25,1.8972320362598687e-05,4.726754278149458e-38,0.9999810276796202
2026-02-26,1.8972320362598687e-05,4.726754278149458e-38,0.9999810276796202
2026-02-27,1.8972320362598687e-05,4.726754278149458e-38,0.9999810276796202
2026-03-02,1.8972320362598687e-05,4.726754278149458e-38,0.9999810276796202
2026-03-04,1.8972320362598687e-05,4.726754278149458e-38,0.9999810276796202
2026-03-05,6.0698647883270595e-46,5.023666701130347e-24,1.0
2026-03-06,6.0698647883270595e-46,5.023666701130347e-24,1.0
2026-03-09,6.0698647883270595e-46,5.023666701130347e-24,1.0
2026-03-10,6.0698647883270595e-46,5.023666701130347e-24,1.0
2026-03-11,6.0698647883270595e-46,5.023666701130347e-24,1.0
2026-03-12,6.0698647883270595e-46,5.023666701130347e-24,1.0
2026-03-13,6.0698647883270595e-46,5.023666701130347e-24,1.0
2026-03-16,6.0698647883270595e-46,5.023666701130347e-24,1.0
2026-03-17,6.0698647883270595e-46,5.023666701130347e-24,1.0
2026-03-18,6.0698647883270595e-46,5.023666701130347e-24,1.0
2026-03-19,6.0698647883270595e-46,5.023666701130347e-24,1.0
2026-03-20,6.0698647883270595e-46,5.023666701130347e-24,1.0
2026-03-23,6.0698647883270595e-46,5.023666701130347e-24,1.0
2026-03-24,6.0698647883270595e-46,5.023666701130347e-24,1.0
2026-03-25,6.0698647883270595e-46,5.023666701130347e-24,1.0
2026-03-27,6.0698647883270595e-46,5.023666701130347e-24,1.0
2026-03-30,6.0698647883270595e-46,5.023666701130347e-24,1.0
2026-04-01,6.0698647883270595e-46,5.023666701130347e-24,1.0
2026-04-02,6.0698647883270595e-46,5.023666701130347e-24,1.0
2026-04-06,6.0698647883270595e-46,5.023666701130347e-24,1.0
2026-04-07,6.0698647883270595e-46,5.023666701130347e-24,1.0
2026-04-08,1.928851764252541e-12,6.363857566334922e-113,0.999999999998181
2026-04-09,1.928851764252541e-12,6.363857566334922e-113,0.999999999998181
2026-04-10,1.928851764252541e-12,6.363857566334922e-113,0.999999999998181
2026-04-13,1.928851764252541e-12,6.363857566334922e-113,0.999999999998181
2026-04-15,1.928851764252541e-12,6.363857566334922e-113,0.999999999998181
2026-04-16,1.928851764252541e-12,6.363857566334922e-113,0.999999999998181
2026-04-17,1.928851764252541e-12,6.363857566334922e-113,0.999999999998181
2026-04-20,1.928851764252541e-12,6.363857566334922e-113,0.999999999998181
2026-04-21,1.928851764252541e-12,6.363857566334922e-113,0.999999999998181
2026-04-22,1.928851764252541e-12,6.363857566334922e-113,0.999999999998181
2026-04-23,1.928851764252541e-12,6.363857566334922e-113,0.999999999998181
2026-04-24,1.928851764252541e-12,6.363857566334922e-113,0.999999999998181
2026-04-27,1.928851764252541e-12,6.363857566334922e-113,0.999999999998181
2026-04-28,1.928851764252541e-12,6.363857566334922e-113,0.999999999998181
2026-04-29,1.928851764252541e-12,6.363857566334922e-113,0.999999999998181
2026-04-30,1.928851764252541e-12,6.363857566334922e-113,0.999999999998181
2026-05-01,1.928851764252541e-12,6.363857566334922e-113,0.999999999998181
2026-05-04,1.928851764252541e-12,6.363857566334922e-113,0.999999999998181
2026-05-05,1.928851764252541e-12,6.363857566334922e-113,0.999999999998181
2026-05-06,1.928851764252541e-12,6.363857566334922e-113,0.999999999998181
2026-05-07,1.928851764252541e-12,6.363857566334922e-113,0.999999999998181
2026-05-08,0.9999960496086981,3.9503912337875265e-06,1.1220444363070993e-34
2026-05-11,0.9999960496086981,3.9503912337875265e-06,1.1220444363070993e-34
2026-05-12,0.9999960496086981,3.9503912337875265e-06,1.1220444363070993e-34
2026-05-13,0.9999960496086981,3.9503912337875265e-06,1.1220444363070993e-34
2026-05-14,0.9999960496086981,3.9503912337875265e-06,1.1220444363070993e-34
2026-05-15,0.9999960496086981,3.9503912337875265e-06,1.1220444363070993e-34
2026-05-18,0.9999960496086981,3.9503912337875265e-06,1.1220444363070993e-34
2026-05-19,0.9999960496086981,3.9503912337875265e-06,1.1220444363070993e-34
2026-05-20,0.9999960496086981,3.9503912337875265e-06,1.1220444363070993e-34
2026-05-21,0.9999960496086981,3.9503912337875265e-06,1.1220444363070993e-34
2026-05-22,0.9999960496086981,3.9503912337875265e-06,1.1220444363070993e-34
2026-05-25,0.9999960496086981,3.9503912337875265e-06,1.1220444363070993e-34
2026-05-26,0.9999960496086981,3.9503912337875265e-06,1.1220444363070993e-34
2026-05-27,0.9999960496086981,3.9503912337875265e-06,1.1220444363070993e-34
2026-05-28,0.9999960496086981,3.9503912337875265e-06,1.1220444363070993e-34
2026-05-29,0.9999960496086981,3.9503912337875265e-06,1.1220444363070993e-34
2026-06-01,0.9999960496086981,3.9503912337875265e-06,1.1220444363070993e-34
2026-06-02,0.9999960496086981,3.9503912337875265e-06,1.1220444363070993e-34
2026-06-03,0.9999960496086981,3.9503912337875265e-06,1.1220444363070993e-34
2026-06-04,0.9999960496086981,3.9503912337875265e-06,1.1220444363070993e-34
2026-06-05,0.9999960496086981,3.9503912337875265e-06,1.1220444363070993e-34
2026-06-08,3.908425275760304e-127,9.415058740595774e-82,1.0
2026-06-09,3.908425275760304e-127,9.415058740595774e-82,1.0
2026-06-10,3.908425275760304e-127,9.415058740595774e-82,1.0
2026-06-11,3.908425275760304e-127,9.415058740595774e-82,1.0
2026-06-12,3.908425275760304e-127,9.415058740595774e-82,1.0
2026-06-15,3.908425275760304e-127,9.415058740595774e-82,1.0
2026-06-16,3.908425275760304e-127,9.415058740595774e-82,1.0
2026-06-17,3.908425275760304e-127,9.415058740595774e-82,1.0
2026-06-18,3.908425275760304e-127,9.415058740595774e-82,1.0
2026-06-19,3.908425275760304e-127,9.415058740595774e-82,1.0
2026-06-22,3.908425275760304e-127,9.415058740595774e-82,1.0
2026-06-23,3.908425275760304e-127,9.415058740595774e-82,1.0
2026-06-24,3.908425275760304e-127,9.415058740595774e-82,1.0
2026-06-25,3.908425275760304e-127,9.415058740595774e-82,1.0
2026-06-26,3.908425275760304e-127,9.415058740595774e-82,1.0
2026-06-29,3.908425275760304e-127,9.415058740595774e-82,1.0
2026-06-30,3.908425275760304e-127,9.415058740595774e-82,1.0
2026-07-01,3.908425275760304e-127,9.415058740595774e-82,1.0
2026-07-02,3.908425275760304e-127,9.415058740595774e-82,1.0
2026-07-03,3.908425275760304e-127,9.415058740595774e-82,1.0
2026-07-06,3.908425275760304e-127,9.415058740595774e-82,1.0
2026-07-07,9.090439596426074e-26,1.0,5.207481248901903e-38
2026-07-08,9.090439596426074e-26,1.0,5.207481248901903e-38
2026-07-09,9.090439596426074e-26,1.0,5.207481248901903e-38
2026-07-10,9.090439596426074e-26,1.0,5.207481248901903e-38
2026-07-13,9.090439596426074e-26,1.0,5.207481248901903e-38
2026-07-14,9.090439596426074e-26,1.0,5.207481248901903e-38
2026-07-15,9.090439596426074e-26,1.0,5.207481248901903e-38
2026-07-16,9.090439596426074e-26,1.0,5.207481248901903e-38
2026-07-17,9.090439596426074e-26,1.0,5.207481248901903e-38
2026-07-20,9.090439596426074e-26,1.0,5.207481248901903e-38
2026-07-21,9.090439596426074e-26,1.0,5.207481248901903e-38
2026-07-22,9.090439596426074e-26,1.0,5.207481248901903e-38
2026-07-23,9.090439596426074e-26,1.0,5.207481248901903e-38
2026-07-24,9.090439596426074e-26,1.0,5.207481248901903e-38
2026-07-27,9.090439596426074e-26,1.0,5.207481248901903e-38
