Date,strategy_gross_return,strategy_net_return,strategy_transaction_cost,strategy_turnover,strategy_regime,strategy_rebalance_flag,static_60_40_gross_return,static_60_40_net_return,equal_weight_gross_return,equal_weight_net_return
2010-10-05,0.0,-0.0010000000000981446,0.0010000000000981288,1.0000000000981288,Bull,True,0.0,-0.0010000000000000009,0.0,-0.0010000000000000009
2010-10-06,0.008150868367513532,0.008150868367513553,0.0,0.0,Bull,False,0.003968602159217305,0.003968602159217349,0.005872921283181398,0.005872921283181398
2010-10-07,-0.0054611540471360765,-0.005461154047136096,0.0,0.0,Bull,False,-0.006428662025121948,-0.006428662025121934,-0.002152285956862801,-0.0021522859568627872
2010-10-08,-0.008056557900231591,-0.008056557900231631,0.0,0.0,Bull,False,-0.0016453104638625437,-0.001645310463862515,-0.006881226755535573,-0.006881226755535597
2010-10-11,0.008844696008994804,0.008844696008994735,0.0,0.0,Bull,False,0.0031762340288724786,0.003176234028872571,0.006893558050886976,0.006893558050886872
2010-10-12,-0.0038707418819369345,-0.0038707418819369233,0.0,0.0,Bull,False,-0.004400321739250703,-0.0044003217392507565,-0.0016096203741727746,-0.0016096203741727821
2010-10-13,0.017596053376108305,0.017596053376108367,0.0,0.0,Bull,False,0.01404372426113774,0.014043724261137758,0.010087121641456214,0.010087121641456198
2010-10-14,-0.0030585379375593752,-0.0030585379375593913,0.0,0.0,Bull,False,-0.00548133670194828,-0.005481336701948281,-0.00033597259501977014,-0.0003359725950197179
2010-10-15,-0.014365574938163629,-0.014365574938163594,0.0,0.0,Bull,False,-0.011163524989016151,-0.011163524989016183,-0.008440298753692222,-0.008440298753692232
2010-10-18,-0.0010845306755066547,-0.001084530675506623,0.0,0.0,Bull,False,0.0013091033102897833,0.001309103310289883,-0.0016451745309608353,-0.0016451745309608024
2010-10-19,-0.0018988833425097659,-0.0018988833425097607,0.0,0.0,Bull,False,-0.0047782751991361705,-0.004778275199136206,0.00045885513417315234,0.0004588551341730973
2010-10-20,-0.011729448400789912,-0.011729448400789932,0.0,0.0,Bull,False,-0.004468349891116106,-0.004468349891116108,-0.009013905480269554,-0.00901390548026959
2010-10-21,0.015926762701533786,0.015926762701533814,0.0,0.0,Bull,False,0.01185004739429482,0.01185004739429485,0.009454681595476742,0.0094546815954768
2010-10-22,-0.00810680166943964,-0.008106801669439667,0.0,0.0,Bull,False,-0.003475938673986326,-0.003475938673986323,-0.006060997241271656,-0.006060997241271626
2010-10-25,0.007026514175502042,0.007026514175502152,0.0,0.0,Bull,False,0.003911135092883126,0.0039111350928831,0.004809855603539253,0.004809855603539193
2010-10-26,-0.005020620516572697,-0.005020620516572705,0.0,0.0,Bull,False,-0.002336566823784916,-0.0023365668237849135,-0.0036706053541660203,-0.0036706053541659678
2010-10-27,-0.007665753450288909,-0.007665753450288859,0.0,0.0,Bull,False,-0.0068089652007045426,-0.006808965200704509,-0.0040415725198690335,-0.00404157251986903
2010-10-28,-0.004025822985902304,-0.004025822985902261,0.0,0.0,Bull,False,-0.0024678514704568623,-0.0024678514704569166,-0.0026402269160187325,-0.0026402269160187286
2010-10-29,0.004783516834821443,0.004783516834821366,0.0,0.0,Bull,False,0.0029707384479280897,0.0029707384479280563,0.0031072394428746995,0.0031072394428746097
2010-11-01,0.018412926316196697,0.01841292631619673,0.0,0.0,Bull,False,0.00987551915529413,0.009875519155294166,0.012753368280511898,0.012753368280511879
2010-11-02,-0.001339074345894523,-0.001339074345894531,0.0,0.0,Bull,False,0.00014197015493870894,0.0001419701549387753,-0.0013409522018328847,-0.0013409522018328346
2010-11-03,0.004287882202175041,0.004279976624127935,7.87182459063951e-06,0.0039359122953197545,Bull,True,0.0040582170564126,0.0040570659327039404,0.0021569266250536625,0.002148683730161638
2010-11-04,0.013225112363311815,0.013225112363311808,0.0,0.0,Bull,False,0.01181788955494123,0.01181788955494123,0.006972928188807422,0.006972928188807348
2010-11-08,0.004274358601103517,0.0042743586011035895,0.0,0.0,Bull,False,-0.0008316602760581309,-0.0008316602760580771,0.004488913247031486,0.004488913247031379
2010-11-09,0.007204202619815178,0.0072042026198151365,0.0,0.0,Bull,False,0.0027311235661718514,0.002731123566171778,0.0056024002461418036,0.005602400246141892
2010-11-10,-0.002253708734500308,-0.0022537087345002593,0.0,0.0,Bull,False,-0.002483497687964049,-0.0024834976879640758,-0.000984055262902092,-0.0009840552629021282
2010-11-11,-0.007835962369937258,-0.007835962369937222,0.0,0.0,Bull,False,-0.007844798923238925,-0.007844798923238971,-0.0037924938555096116,-0.0037924938555096155
2010-11-12,-0.01606074234370371,-0.016060742343703693,0.0,0.0,Bull,False,-0.011897558193266943,-0.011897558193266988,-0.009709955812681682,-0.009709955812681637
2010-11-15,0.0036788692856879494,0.003678869285687947,0.0,0.0,Bull,False,0.004907330309206297,0.004907330309206204,0.001178093282881248,0.0011780932828813206
2010-11-16,-0.013669030800977231,-0.013669030800977255,0.0,0.0,Bull,False,-0.012992919506937645,-0.012992919506937595,-0.006854649753440139,-0.0068546497534401896
2010-11-18,0.0008118939908268105,0.0008118939908268175,0.0,0.0,Bull,False,0.0010003832114486042,0.0010003832114486855,0.0002966962675019798,0.0002966962675019502
2010-11-19,-0.010922996772548823,-0.01092299677254882,0.0,0.0,Bull,False,-0.010736366106791712,-0.01073636610679174,-0.005272302506219157,-0.005272302506219129
2010-11-22,0.01322607679148719,0.013226076791487129,0.0,0.0,Bull,False,0.01197320418684226,0.011973204186842334,0.006826597907763863,0.006826597907763965
2010-11-23,-0.004923699521499905,-0.004923699521499958,0.0,0.0,Bull,False,-0.007441936921997435,-0.007441936921997461,-0.0011628394400998337,-0.001162839440099872
2010-11-24,-0.004334658003768059,-0.004334658003768088,0.0,0.0,Bull,False,-0.006871312271267448,-0.006871312271267471,-0.0008738407818185928,-0.0008738407818186245
2010-11-25,-0.008219013491467612,-0.008219013491467586,0.0,0.0,Bull,False,-0.006618034143039788,-0.006618034143039742,-0.004641974673155528,-0.0046419746731555245
2010-11-26,-0.0048799688460717675,-0.0048799688460717805,0.0,0.0,Bull,False,-0.004824973345193957,-0.004824973345193939,-0.0023284668780622427,-0.0023284668780622075
2010-11-29,0.008028437807444506,0.008028437807444444,0.0,0.0,Bull,False,0.007920739983298397,0.007920739983298342,0.0038339126185011493,0.0038339126185011896
2010-11-30,0.0030297143833143835,0.0030297143833144524,0.0,0.0,Bull,False,0.0032907378931892233,0.003290737893189233,0.0013110873608634022,0.0013110873608634943
2010-12-01,0.011879428157599941,0.011879428157600014,0.0,0.0,Bull,False,0.00984977556092929,0.009849775560929253,0.006567205632290683,0.00656720563229074
2010-12-02,0.005616065137164067,0.005616065137164172,0.0,0.0,Bull,False,0.005045748342033599,0.00504574834203364,0.0029439217004375356,0.0029439217004374463
2010-12-03,-0.0014536506411949365,-0.001453650641194959,0.0,0.0,Bull,False,-0.0018718502375643803,-0.0018718502375644208,-0.0005050784438325594,-0.0005050784438325184
2010-12-06,0.00393523095527542,0.0025113731423203056,0.0014182765671050988,0.7091382835525495,Crisis,True,-5.043945221614555e-05,-6.37712463295026e-05,0.003746703463510387,0.003718675040801811
2010-12-07,0.0003933585096968912,0.0003933585096969061,0.0,0.0,Crisis,False,-0.0015720500959572892,-0.0015720500959572892,-0.0002061402714136722,-0.0002061402714136351
2010-12-08,-0.003312582770014642,-0.0033125827700146715,0.0,0.0,Crisis,False,-0.007305868039231685,-0.007305868039231722,-0.007810202542868426,-0.007810202542868461
2010-12-09,-0.0019800229918286926,-0.001980022991828645,0.0,0.0,Crisis,False,-0.013864626323247586,-0.013864626323247586,-0.009083777223559759,-0.009083777223559797
2010-12-10,0.0007909768886109879,0.0007909768886109614,0.0,0.0,Crisis,False,0.009311200984904707,0.009311200984904788,0.00536250721097289,0.005362507210972867
2010-12-13,0.0006049472889199433,0.0006049472889200214,0.0,0.0,Crisis,False,0.005105447441151339,0.005105447441151378,0.003181402943505454,0.0031814029435055513
2010-12-14,0.001669141213446383,0.0016691412134464123,0.0,0.0,Crisis,False,0.003680914619595119,0.003680914619595077,0.0039479349903450145,0.00394793499034507
2010-12-15,-0.001987848916579079,-0.0019878489165791047,0.0,0.0,Crisis,False,-0.00521185631520951,-0.005211856315209484,-0.005079985381161013,-0.005079985381161056
2010-12-16,0.0005220412073872301,0.0005220412073871916,0.0,0.0,Crisis,False,0.0057054882658817505,0.005705488265881797,0.003359106288702179,0.003359106288702174
2010-12-20,0.00017511171365511893,0.00017511171365502953,0.0,0.0,Crisis,False,-0.0001670352232710364,-0.00016703522327099485,0.00014852626566421012,0.00014852626566419502
2010-12-21,3.120913999137695e-05,3.120913999143937e-05,0.0,0.0,Crisis,False,0.0053873922779383195,0.005387392277938385,0.002557867852369082,0.002557867852369
2010-12-22,-0.00039003474007804804,-0.00039003474007803796,0.0,0.0,Crisis,False,-0.0016257406935619005,-0.0016257406935619167,-0.0012794152356395902,-0.0012794152356395694
2010-12-23,-0.0011390284296001697,-0.0011390284296001196,0.0,0.0,Crisis,False,-0.0004369720790916825,-0.0004369720790916576,-0.001732854659199069,-0.0017328546591990346
2010-12-24,0.0011723158451226183,0.0011723158451226734,0.0,0.0,Crisis,False,0.0031679825216377406,0.0031679825216377466,0.003046903962434463,0.003046903962434566
2010-12-27,0.0009986983886727536,0.0009986983886727252,0.0,0.0,Crisis,False,-0.0013491320452091548,-0.0013491320452091449,0.000701361777438774,0.000701361777438736
2010-12-28,-0.00042311496767601244,-0.0004231149676759971,0.0,0.0,Crisis,False,-0.0002101582754206357,-0.00021015827542059107,-0.0006624859301248747,-0.0006624859301248565
2010-12-29,0.0021183453676443583,0.0021183453676443253,0.0,0.0,Crisis,False,0.006436983012355079,0.00643698301235518,0.00583832013526005,0.005838320135260089
2010-12-30,0.0008589816051672264,0.000858981605167175,0.0,0.0,Crisis,False,0.004131146461801327,0.004131146461801238,0.003063053132672312,0.0030630531326723
2010-12-31,-0.0007781059168544101,-0.0007781059168544546,0.0,0.0,Crisis,False,0.0032337254670715045,0.0032337254670715687,0.0004793192187306128,0.0004793192187306783
2011-01-03,0.0015416303237802465,0.0015416303237802964,0.0,0.0,Crisis,False,0.0022766379273994925,0.0022766379273995163,0.0031173110003914007,0.003117311000391476
2011-01-04,-0.0010334022512873547,-0.0010334022512873409,0.0,0.0,Crisis,False,-0.0011081130051850585,-0.0011081130051850963,-0.001885901954920102,-0.0018859019549201106
2011-01-05,-0.003055272625957711,-0.0044737984657625685,0.0014228731050529332,0.7114365525264665,Bear,True,-0.006562404787205312,-0.006569315937516529,-0.007120534965742907,-0.007130519745989439
2011-01-06,-0.005434710043678334,-0.005434710043678348,0.0,0.0,Bear,False,-0.0031135700879336703,-0.0031135700879336703,-0.0035617833895632924,-0.0035617833895632556
2011-01-07,-0.01048420086101328,-0.010484200861013315,0.0,0.0,Bear,False,-0.014220721202936826,-0.014220721202936826,-0.010288171782171864,-0.010288171782171895
2011-01-10,-0.0020045104668787437,-0.0020045104668787728,0.0,0.0,Bear,False,-0.014235072050390792,-0.014235072050390762,-0.00674384746875926,-0.006743847468759223
2011-01-11,0.0010355950353624149,0.0010355950353624355,0.0,0.0,Bear,False,-0.0008873378421419444,-0.0008873378421418998,6.868694135722765e-05,6.86869413573099e-05
2011-01-12,0.005877819842004662,0.005877819842004639,0.0,0.0,Bear,False,0.011125346628144295,0.01112534662814424,0.007036365065310966,0.007036365065310912
2011-01-13,-0.002871494200400469,-0.0028714942004004484,0.0,0.0,Bear,False,-0.011224808445994886,-0.011224808445994938,-0.005837491386924453,-0.005837491386924465
2011-01-14,-0.0069121698961682266,-0.006912169896168274,0.0,0.0,Bear,False,-0.009932540365433038,-0.009932540365433007,-0.006980860351521176,-0.006980860351521123
2011-01-17,-0.003027406887257709,-0.0030274068872576665,0.0,0.0,Bear,False,2.4726916543636387e-05,2.4726916543649224e-05,-0.0012566148415249845,-0.00125661484152495
2011-01-18,0.006283020883974293,0.006283020883974366,0.0,0.0,Bear,False,0.007138429964007178,0.007138429964007154,0.0055574804621258515,0.005557480462125897
2011-01-19,-0.0030257661257192606,-0.0030257661257192536,0.0,0.0,Bear,False,-0.0033751685399253523,-0.003375168539925366,-0.002653784018489329,-0.002653784018489369
2011-01-20,0.003047269187175344,0.003047269187175239,0.0,0.0,Bear,False,0.002108957551250959,0.002108957551250956,0.002141201200224674,0.0021412012002246517
2011-01-21,-0.009517231842314554,-0.009517231842314566,0.0,0.0,Bear,False,-0.001546374333072452,-0.0015463743330724755,-0.004620637901544336,-0.004620637901544322
2011-01-24,0.003457746967143809,0.0034577469671437377,0.0,0.0,Bear,False,0.0047949998006151275,0.004794999800615152,0.00341645131781668,0.00341645131781676
2011-01-25,-0.014402463152211538,-0.014402463152211498,0.0,0.0,Bear,False,-0.00570509913991716,-0.005705099139917125,-0.008357285822452494,-0.008357285822452543
2011-01-27,0.003939297584881801,0.003939297584881762,0.0,0.0,Bear,False,-0.008527221341167308,-0.008527221341167346,-0.0018942728209438823,-0.0018942728209438986
2011-01-28,-0.014378479359135377,-0.014378479359135388,0.0,0.0,Bear,False,-0.009545883766604077,-0.009545883766604035,-0.009914499285239886,-0.009914499285239908
2011-01-31,0.015026122358472196,0.015026122358472227,0.0,0.0,Bear,False,-0.0006492342407136171,-0.0006492342407136142,0.005966506094427525,0.005966506094427615
2011-02-01,-0.006694701827569097,-0.0066947018275691494,0.0,0.0,Bear,False,-0.009279047127834313,-0.009279047127834339,-0.006590840876710614,-0.00659084087671058
2011-02-02,-0.0017303217697114187,-0.0017303217697114404,0.0,0.0,Bear,False,0.0015585292151506973,0.0015585292151507613,-9.095391038903984e-05,-9.095391038904665e-05
2011-02-03,-0.0017751544619307707,-0.0017751544619307724,0.0,0.0,Bear,False,0.009989246542053234,0.009989246542053243,0.0033335589051536195,0.003333558905153522
2011-02-04,0.007225600591235599,0.005761859938955949,0.0014532401196123814,0.7266200598061907,Crisis,True,-0.01367023360001364,-0.013727362047246894,-0.0026090569176242073,-0.0026571998153959164
2011-02-07,-0.00064368657593648,-0.0006436865759364974,0.0,0.0,Crisis,False,2.7799657137617118e-05,2.7799657137617118e-05,-0.0008442369476972706,-0.0008442369476973077
2011-02-08,0.0003209811327720242,0.00032098113277201357,0.0,0.0,Crisis,False,-0.00928322160100433,-0.009283221601004366,-0.004242899020294943,-0.004242899020294955
2011-02-09,0.0005553274565860256,0.0005553274565859301,0.0,0.0,Crisis,False,-0.006622010292785696,-0.006622010292785641,-0.0025769458461985346,-0.0025769458461984973
2011-02-10,0.0006337026364658399,0.0006337026364657827,0.0,0.0,Crisis,False,-0.003131356323215919,-0.003131356323215928,-0.00072065258805289,-0.0007206525880528725
2011-02-11,-0.00022871459519014048,-0.00022871459519013815,0.0,0.0,Crisis,False,0.00954329766364585,0.009543297663645811,0.004447235816716393,0.004447235816716466
2011-02-14,0.0006249885194062292,0.0006249885194062887,0.0,0.0,Crisis,False,0.01638732514092414,0.016387325140924114,0.009051945088600076,0.009051945088599966
2011-02-15,0.0016008882157893102,0.0016008882157894089,0.0,0.0,Crisis,False,0.002765381712829483,0.0027653817128294733,0.003513160680457414,0.0035131606804574833
2011-02-16,0.0008871270514280581,0.0008871270514281271,0.0,0.0,Crisis,False,7.323412181982151e-05,7.323412181992062e-05,0.0012211725291398302,0.0012211725291397801
2011-02-17,0.0008907836023478435,0.0008907836023477333,0.0,0.0,Crisis,False,0.007135870267177205,0.007135870267177102,0.00476512088396625,0.004765120883966301
2011-02-18,0.0004162158004421725,0.00041621580044215456,0.0,0.0,Crisis,False,-0.009573384916522543,-0.009573384916522487,-0.004273715303728021,-0.0042737153037279985
2011-02-21,0.0007081209303457605,0.0007081209303456681,0.0,0.0,Crisis,False,0.006586723226310126,0.006586723226310154,0.004245622694598482,0.004245622694598383
2011-02-22,0.0003584683291986169,0.0003584683291986135,0.0,0.0,Crisis,False,-0.005419192401899783,-0.005419192401899808,-0.0022528370884478356,-0.002252837088447812
2011-02-23,0.00010395454598466746,0.00010395454598466358,0.0,0.0,Crisis,False,-0.0035130082837217555,-0.003513008283721808,-0.0016241817069836807,-0.0016241817069836406
2011-02-24,0.002597870876692648,0.0025978708766927205,0.0,0.0,Crisis,False,-0.01933148064621109,-0.01933148064621104,-0.006228676807080107,-0.006228676807080058
2011-02-25,-0.001450099872855393,-0.0014500998728553816,0.0,0.0,Crisis,False,0.0046146445484995064,0.00461464454849958,0.00032934840015250177,0.0003293484001525293
2011-02-28,0.00020378053096451783,0.00020378053096448134,0.0,0.0,Crisis,False,0.0033368319739300206,0.0033368319739299768,0.0019278851502339029,0.00192788515023401
2011-03-01,0.0014527666865164117,0.0014527666865165045,0.0,0.0,Crisis,False,0.02116920315634768,0.021169203156347738,0.012455979933473551,0.012455979933473582
2011-03-03,0.0021917706184979473,0.002191770618497957,0.0,0.0,Crisis,False,0.001524254809057453,0.0015242548090574903,0.003657123223917532,0.0036571232239175355
2011-03-04,-0.0017574085853993247,-0.0017574085853993004,0.0,0.0,Crisis,False,0.0002753027417561126,0.0002753027417561338,-0.00217085131175736,-0.002170851311757316
2011-03-07,0.003033541947612351,0.003033541947612406,0.0,0.0,Crisis,False,-0.008275074418064651,-0.008275074418064632,-0.00014751013438664418,-0.0001475101343866303
2011-03-08,-0.0011340728757995174,-0.0011499262291627677,1.5871352633771837e-05,0.007935676316885918,Crisis,True,0.006362926385802613,0.006351880119358944,0.0016632130202868163,0.001648687214925948
2011-03-09,-0.0001468647325666981,-0.00014686473256664279,0.0,0.0,Crisis,False,0.0011085562606895749,0.0011085562606896193,0.0003548303379002175,0.0003548303379001805
2011-03-10,8.24481182924724e-05,8.244811829238863e-05,0.0,0.0,Crisis,False,-0.003969362446926,-0.003969362446926028,-0.0018714520634380803,-0.0018714520634380838
2011-03-11,-0.001912104210727397,-0.0019121042107274056,0.0,0.0,Crisis,False,-0.00533907952916349,-0.00533907952916346,-0.0051934636476048575,-0.005193463647604868
2011-03-14,0.0009232071527117173,0.0009232071527116581,0.0,0.0,Crisis,False,0.009433064318678616,0.00943306431867863,0.00590720760332775,0.0059072076033277465
2011-03-15,-0.0016616022767238906,-0.0016616022767238503,0.0,0.0,Crisis,False,-0.008889021337017286,-0.0088890213370173,-0.0066310471733871225,-0.006631047173387139
2011-03-16,-0.001777727298937989,-0.0017777272989379922,0.0,0.0,Crisis,False,0.006735899958365957,0.006735899958365987,0.0009633618657415356,0.000963361865741641
2011-03-17,-0.0012622059790146922,-0.0012622059790147189,0.0,0.0,Crisis,False,-0.00701327663053268,-0.007013276630532639,-0.0051973610240596884,-0.005197361024059655
2011-03-18,0.0026877956488825703,0.0026877956488826626,0.0,0.0,Crisis,False,-0.007992544576853736,-0.007992544576853722,-0.000379441011663045,-0.0003794410116630953
2011-03-21,0.0017417032623964592,0.0017417032623965323,0.0,0.0,Crisis,False,-0.0009925018149891046,-0.0009925018149891107,0.0018605623302388736,0.0018605623302387908
2011-03-22,0.0006339408840650055,0.0006339408840649874,0.0,0.0,Crisis,False,0.005428254323677426,0.005428254323677439,0.0035307736053706122,0.003530773605370685
2011-03-23,4.926657423420035e-05,4.9266574234207994e-05,0.0,0.0,Crisis,False,0.007301199009068119,0.007301199009068116,0.0036748393201519883,0.0036748393201520013
2011-03-24,0.0010837682994209441,0.0010837682994209175,0.0,0.0,Crisis,False,0.004601124315371965,0.004601124315372074,0.003730908444623989,0.0037309084446239815
2011-03-25,-0.001006855909728708,-0.00100685590972871,0.0,0.0,Crisis,False,0.014326964691061341,0.014326964691061317,0.005770962250502231,0.005770962250502221
2011-03-28,-0.0009486181216428779,-0.0009486181216429301,0.0,0.0,Crisis,False,0.0035390413427163953,0.0035390413427163203,0.0005079174731435746,0.0005079174731434932
2011-03-29,-0.00161459004451604,-0.0016145900445160288,0.0,0.0,Crisis,False,0.00524135827441371,0.005241358274413743,0.0004976840415246084,0.0004976840415245043
2011-03-30,0.00108754817267873,0.001087548172678643,0.0,0.0,Crisis,False,0.0054476206122546925,0.005447620612254678,0.00418372054942502,0.004183720549425063
2011-03-31,0.0012452843396170503,0.0012452843396171254,0.0,0.0,Crisis,False,0.004868930075275949,0.004868930075276001,0.004097839914492789,0.004097839914492862
2011-04-01,0.0005875705906789396,0.0005875705906790429,0.0,0.0,Crisis,False,-0.0008093269733174944,-0.0008093269733174813,0.0003613848168901054,0.00036138481689018676
2011-04-04,-0.0002911175930793156,-0.0002911175930793153,0.0,0.0,Crisis,False,0.00866387990144222,0.00866387990144224,0.0040017260345809385,0.0040017260345810435
2011-04-05,-0.00011474648918774003,-0.00011474648918774477,0.0,0.0,Crisis,False,0.00016681740999368469,0.0001668174099935804,-6.524122394105256e-05,-6.524122394102605e-05
2011-04-06,0.0026669224325225806,0.0012189628638916705,0.0014441082439602643,0.7220541219801322,Bear,True,-0.0019081013815941351,-0.0019390442508658845,0.0025149908743969185,0.0024859424517118534
2011-04-07,-0.0011832526814407752,-0.0011832526814408162,0.0,0.0,Bear,False,-0.0006121634259392161,-0.0006121634259391717,-0.0007464515320784922,-0.0007464515320785292
2011-04-08,0.004388781556881434,0.004388781556881494,0.0,0.0,Bear,False,-0.00445303653687241,-0.004453036536872457,-2.7821350532280208e-05,-2.782135053225332e-05
2011-04-11,0.001837787642126642,0.0018377876421267203,0.0,0.0,Bear,False,-0.005762593919934248,-0.005762593919934278,-0.0016219854710207216,-0.0016219854710207704
2011-04-13,0.0009993905933203817,0.0009993905933203262,0.0,0.0,Bear,False,0.012946955858872533,0.012946955858872622,0.005767011839154846,0.005767011839154845
2011-04-15,0.0043946264044367545,0.0043946264044367744,0.0,0.0,Bear,False,-0.008833076129781363,-0.008833076129781348,-0.0018378703189458592,-0.001837870318945889
2011-04-18,0.000799733295384662,0.0007997332953846303,0.0,0.0,Bear,False,-0.009787282528315292,-0.009787282528315289,-0.003707816856420201,-0.0037078168564201874
2011-04-19,0.008919351820124459,0.008919351820124488,0.0,0.0,Bear,False,0.0012023735158066455,0.001202373515806654,0.004258729496518266,0.0042587294965181766
2011-04-20,0.0049355523526302125,0.0049355523526302125,0.0,0.0,Bear,False,0.011470129440929856,0.011470129440929844,0.00679002979323866,0.006790029793238617
2011-04-21,0.0013993497891793528,0.0013993497891793272,0.0,0.0,Bear,False,0.0033795541310584812,0.003379554131058393,0.001982675682611296,0.0019826756826113456
2011-04-25,0.010252810383570773,0.010252810383570843,0.0,0.0,Bear,False,-0.0010355715340960745,-0.001035571534096058,0.003914331444887313,0.003914331444887287
2011-04-26,-0.007929593042565648,-0.007929593042565686,0.0,0.0,Bear,False,-0.000626247667557607,-0.000626247667557589,-0.003635493435806491,-0.0036354934358064916
2011-04-27,-0.0001877831373710674,-0.0001877831373711114,0.0,0.0,Bear,False,-0.003521761800684168,-0.0035217618006841978,-0.0015274409403722158,-0.001527440940372271
2011-04-28,0.011155598473980925,0.011155598473980843,0.0,0.0,Bear,False,-0.004963227929050182,-0.004963227929050129,0.0027006972914892687,0.0027006972914893623
2011-04-29,-0.0016053514377238909,-0.0016053514377238898,0.0,0.0,Bear,False,-0.0036971617572698354,-0.0036971617572698623,-0.002191099705577935,-0.002191099705577959
2011-05-02,0.012018703042820707,0.012018703042820711,0.0,0.0,Bear,False,-0.004984701475085198,-0.004984701475085229,0.0031215162480436546,0.0031215162480435765
2011-05-03,-0.009565582805608519,-0.009565582805608486,0.0,0.0,Bear,False,-0.014124967203702423,-0.014124967203702377,-0.00982908974896159,-0.009829089748961573
2011-05-04,-0.006401215753103368,-0.006401215753103373,0.0,0.0,Bear,False,-0.0029600481074027714,-0.0029600481074028018,-0.003956203582404416,-0.0039562035824044495
2011-05-05,-0.0112330349329284,-0.011233034932928376,0.0,0.0,Bear,False,-0.00816689130862194,-0.008166891308621915,-0.008127272163420908,-0.008127272163420907
2011-05-06,0.009865870468584018,0.009865870468584115,0.0,0.0,Bear,False,0.009753322722560059,0.009753322722560132,0.008160040987571558,0.008160040987571504
2011-05-09,-0.00830427407212777,-0.008304274072127749,0.0,0.0,Bear,False,-3.285931288345609e-05,-3.2859312883437575e-05,-0.003588193675979267,-0.00358819367597929
2011-05-10,0.003969206302904944,0.003934882707826937,3.418789626461772e-05,0.017093948132308863,Bear,True,-0.0010391525165967894,-0.0010687386717765923,0.0012816548353137463,0.0012438536821688384
2011-05-11,0.003986971543325528,0.0039869715433256125,0.0,0.0,Bear,False,0.0025730823187701812,0.0025730823187701812,0.002731717276118021,0.0027317172761180952
2011-05-12,-0.015836168725680767,-0.01583616872568072,0.0,0.0,Bear,False,-0.008521262253405996,-0.008521262253405992,-0.01015662798286205,-0.010156627982862099
2011-05-13,0.013389804831002093,0.013389804831002161,0.0,0.0,Bear,False,0.006387214050650424,0.006387214050650458,0.008220982776394176,0.008220982776394159
2011-05-16,-0.008212772880756565,-0.008212772880756614,0.0,0.0,Bear,False,-0.004951879278775485,-0.004951879278775495,-0.005486684322378262,-0.00548668432237831
2011-05-17,-0.001845023921862842,-0.0018450239218628095,0.0,0.0,Bear,False,-0.0065320043533240125,-0.006532004353324017,-0.003489360011779579,-0.0034893600117795742
2011-05-18,-0.0024149035317878906,-0.0024149035317878598,0.0,0.0,Bear,False,-0.0020091824000019907,-0.0020091824000020297,-0.0018404993131731192,-0.001840499313173094
2011-05-19,-0.0016843794693296387,-0.0016843794693296443,0.0,0.0,Bear,False,0.0008228405831904498,0.0008228405831904873,-0.00035926285834292273,-0.0003592628583428681
2011-05-20,0.006467427814853224,0.0064674278148533215,0.0,0.0,Bear,False,0.0063854743020468835,0.006385474302046834,0.005344069624468487,0.005344069624468428
2011-05-23,0.00529430673387823,0.005294306733878207,0.0,0.0,Bear,False,-0.010870879660782403,-0.010870879660782373,-0.0023227518361580574,-0.0023227518361580435
2011-05-24,0.004195678005980043,0.004195678005979975,0.0,0.0,Bear,False,0.0009140570565035702,0.0009140570565036032,0.002136600354918981,0.002136600354919027
2011-05-25,0.002951708079816823,0.002951708079816928,0.0,0.0,Bear,False,-0.005054036194551666,-0.005054036194551692,-0.0008450010413401642,-0.0008450010413401099
2011-05-26,-0.001186189975090261,-0.001186189975090235,0.0,0.0,Bear,False,0.007010874450459952,0.007010874450460003,0.0023778438938828247,0.0023778438938828472
2011-05-27,0.0038463873879050654,0.0038463873879051036,0.0,0.0,Bear,False,0.007000509183680621,0.00700050918368067,0.004503707197833013,0.004503707197833107
2011-05-30,0.0011662901215209163,0.0011662901215208077,0.0,0.0,Bear,False,-0.0003271455409271711,-0.0003271455409271651,0.0003545816370366172,0.00035458163703672163
2011-05-31,0.0033185873337769228,0.003318587333776879,0.0,0.0,Bear,False,0.0,0.0,0.0013949309669125847,0.0013949309669125665
2011-06-01,-0.0020306552413615316,-0.0020306552413614787,0.0,0.0,Bear,False,0.012970100733432436,0.01297010073343241,0.004496148084553753,0.004496148084553786
2011-06-02,0.005234204949003064,0.005234204949003063,0.0,0.0,Bear,False,-0.004485173132083164,-0.004485173132083187,0.0003238879931110085,0.00032388799311111605
2011-06-03,-0.007146316491701856,-0.007146316491701832,0.0,0.0,Bear,False,-0.0036346117933835913,-0.0036346117933836464,-0.004509756260461573,-0.004509756260461573
2011-06-06,0.004310904907509577,0.004310904907509627,0.0,0.0,Bear,False,0.0016610578041701626,0.0016610578041702517,0.0024961799148850365,0.002496179914885044
2011-06-07,0.00212571388588737,0.002125713885887448,0.0,0.0,Bear,False,0.002612142539380847,0.0026121425393808018,0.0019746951944843,0.001974695194484344
2011-06-08,-0.00736540293120019,-0.00736965371306908,4.282322902607656e-06,0.002141161451303828,Bear,True,-0.003163524405246094,-0.003164769764474329,-0.004403931614703271,-0.0044093112004961466
2011-06-09,0.000674169941388249,0.0006741699413883584,0.0,0.0,Bear,False,-0.0006336176134338345,-0.0006336176134338345,1.5258494503752256e-05,1.5258494503678222e-05
2011-06-10,0.0018725618013911123,0.0018725618013910594,0.0,0.0,Bear,False,-0.003825264222547938,-0.0038252642225479194,-0.0008104383207027722,-0.0008104383207028221
2011-06-13,-0.007419956087482192,-0.007419956087482138,0.0,0.0,Bear,False,-0.00032714068604266936,-0.00032714068604267066,-0.0032378024860555193,-0.003237802486055541
2011-06-14,-0.0036502591053342902,-0.0036502591053343414,0.0,0.0,Bear,False,0.0019268316875074912,0.001926831687507402,-0.0007190326236159293,-0.000719032623615945
2011-06-15,-0.004850894689907533,-0.0048508946899075145,0.0,0.0,Bear,False,-0.00577025846014,-0.00577025846014001,-0.004422356522269105,-0.0044223565222690775
2011-06-16,0.004298763307575447,0.004298763307575504,0.0,0.0,Bear,False,-0.005557362073105322,-0.00555736207310531,-0.0005332174525893131,-0.0005332174525892741
2011-06-17,-0.0007180332195716959,-0.0007180332195716455,0.0,0.0,Bear,False,-0.0033380617026251315,-0.0033380617026251835,-0.0016823093573194248,-0.0016823093573193892
2011-06-20,0.004962942005776836,0.004962942005776849,0.0,0.0,Bear,False,-0.011987669868436562,-0.011987669868436579,-0.0028930487023702328,-0.0028930487023702822
2011-06-21,0.002262946548346911,0.0022629465483468003,0.0,0.0,Bear,False,0.002007297991364253,0.002007297991364343,0.0017754549520783338,0.0017754549520783147
2011-06-22,0.00040285282090474304,0.0004028528209047977,0.0,0.0,Bear,False,0.00027339208408312427,0.0002733920840831683,0.00028173030607603046,0.00028173030607603344
2011-06-23,-0.0004996832490594065,-0.0004996832490593572,0.0,0.0,Bear,False,0.004652551183583454,0.004652551183583542,0.0016992043287692715,0.0016992043287693548
2011-06-24,-0.0024531207271877116,-0.0024531207271877298,0.0,0.0,Bear,False,0.016797032495338617,0.016797032495338593,0.005884013417543771,0.005884013417543743
2011-06-27,-0.006040142906661151,-0.006040142906661106,0.0,0.0,Bear,False,0.006045347922286829,0.006045347922286837,-6.906129162466412e-10,-6.906129002004491e-10
2011-06-28,-0.00030280555713210896,-0.0003028055571321353,0.0,0.0,Bear,False,0.0020301127292049396,0.002030112729204836,0.000724485360724532,0.0007244853607244472
2011-06-29,0.0033231521461655773,0.003323152146165631,0.0,0.0,Bear,False,0.005971285438228306,0.005971285438228335,0.003875435825865803,0.003875435825865914
2011-06-30,-0.0014625142918855934,-0.0014625142918855971,0.0,0.0,Bear,False,0.005060423010845597,0.005060423010845527,0.0015227440042388171,0.0015227440042389073
2011-07-01,-0.011431629532687185,-0.01143162953268717,0.0,0.0,Bear,False,-0.002168452889268798,-0.0021684528892688126,-0.0056261340411126555,-0.005626134041112674
2011-07-04,-0.0006813517202695636,-0.0006813517202696184,0.0,0.0,Bear,False,0.002502199153722303,0.0025021991537224064,0.0007792702985242516,0.000779270298524315
2011-07-05,0.0009195681539007539,0.0009195681539007072,0.0,0.0,Bear,False,-0.001971059690316053,-0.0019710596903160793,-0.00045900774146463155,-0.0004590077414646787
2011-07-06,0.009346321300369694,0.00934632130036972,0.0,0.0,Bear,False,-0.0007137668782475824,-0.0007137668782475348,0.003526425295251931,0.0035264252952518227
2011-07-07,0.00971485635867303,0.009699253265278429,1.545297001058474e-05,0.00772648500529237,Bear,True,0.011117101451603722,0.011099730465471858,0.008685866005312737,0.008667021194188385
2011-07-08,-0.0045646449357836134,-0.004564644935783568,0.0,0.0,Bear,False,-0.007149241246214233,-0.0071492412462141885,-0.004879147319996538,-0.004879147319996502
2011-07-11,0.00860256407558821,0.008602564075588237,0.0,0.0,Bear,False,-0.0046993526425397865,-0.004699352642539734,0.0016319378698753575,0.0016319378698752551
2011-07-12,0.0009741548799768189,0.000974154879976874,0.0,0.0,Bear,False,-0.009533229665657256,-0.009533229665657283,-0.0035292148702942196,-0.0035292148702942283
2011-07-13,0.010589374799406803,0.010589374799406803,0.0,0.0,Bear,False,0.006345339658115864,0.0063453396581159005,0.007069828052751423,0.00706982805275147
2011-07-14,0.009449268387296254,0.009449268387296206,0.0,0.0,Bear,False,0.0,0.0,0.003997693815632946,0.0039976938156329744
2011-07-15,-0.006218981960879505,-0.006218981960879555,0.0,0.0,Bear,False,-0.00046653317731939673,-0.0004665331773193726,-0.002837635475304872,-0.0028376354753049116
2011-07-18,0.012431242988361357,0.01243124298836129,0.0,0.0,Bear,False,-0.0014906540909668047,-0.0014906540909668253,0.0046609031333978024,0.004660903133397731
2011-07-19,0.0014472954686668143,0.0014472954686668427,0.0,0.0,Bear,False,0.004949982319901166,0.0049499823199010695,0.002631965101900488,0.0026319651019004464
2011-07-20,-0.011601318710328212,-0.011601318710328212,0.0,0.0,Bear,False,-0.00492958123164645,-0.0049295812316464405,-0.006961897939783777,-0.0069618979397837455
2011-07-21,0.0029078016523307543,0.0029078016523307326,0.0,0.0,Bear,False,-0.00271135289092892,-0.002711352890928942,0.00012625624734992173,0.00012625624734985408
2011-07-22,-0.0038213945734102517,-0.0038213945734102417,0.0,0.0,Bear,False,0.009869525720784589,0.009869525720784589,0.0023984583010691427,0.0023984583010692173
2011-07-25,0.01605443559078279,0.01605443559078279,0.0,0.0,Bear,False,0.004899042754510161,0.004899042754510141,0.008805769130363897,0.008805769130363794
2011-07-26,-0.01034804378362848,-0.010348043783628524,0.0,0.0,Bear,False,-0.011100436624061492,-0.01110043662406146,-0.008953486594489093,-0.008953486594489135
2011-07-27,0.0007349065240866681,0.0007349065240866981,0.0,0.0,Bear,False,-0.0029859319138359148,-0.002985931913835893,-0.0009063530553934478,-0.0009063530553934385
2011-07-28,-0.003424273535473467,-0.0034242735354734766,0.0,0.0,Bear,False,-0.006300622157070533,-0.006300622157070501,-0.0040256841795632105,-0.0040256841795631715
2011-07-29,-5.050954836608175e-05,-5.050954836605115e-05,0.0,0.0,Bear,False,-0.0006178087280210274,-0.0006178087280209743,-0.0002727079815544419,-0.000272707981554432
2011-08-01,0.0024992822600834255,0.0024992822600833353,0.0,0.0,Bear,False,0.0037413763365842165,0.0037413763365841124,0.0025869946994275224,0.0025869946994274695
2011-08-02,0.0037093664977309437,0.003709366497731015,0.0,0.0,Bear,False,-0.006457440030566532,-0.006457440030566586,-0.0010461212546417878,-0.001046121254641763
2011-08-03,0.01855813736828718,0.018558137368287264,0.0,0.0,Bear,False,-0.005574955659114211,-0.005574955659114256,0.005702132606671936,0.005702132606671961
2011-08-04,0.0005908702395602808,0.0005908702395602816,0.0,0.0,Bear,False,-0.00791401907615276,-0.007914019076152745,-0.002909974758276264,-0.002909974758276257
2011-08-05,-0.00045903094559052995,-0.0008588468042002306,0.00039999947074495317,0.19999973537247662,Bear,True,-0.013177307501542838,-0.01322256528037391,-0.005447658616326221,-0.005506135533247192
2011-08-08,0.031807993845765804,0.031807993845765825,0.0,0.0,Bear,False,-0.01067881986087793,-0.01067881986087793,0.007320655053170848,0.00732065505317081
2011-08-09,0.033496940659681146,0.03349694065968123,0.0,0.0,Bear,False,-0.005308683467160906,-0.005308683467160957,0.01140004900387925,0.011400049003879253
2011-08-10,-0.00813055132812717,-0.008130551328127122,0.0,0.0,Bear,False,0.010313487444632785,0.010313487444632674,0.0019884681625972245,0.0019884681625972345
2011-08-11,0.01969611893743666,0.019696118937436724,0.0,0.0,Bear,False,-0.002628797613586481,-0.0026287976135864755,0.007080754459835819,0.007080754459835914
2011-08-12,-0.013208582639599637,-0.013208582639599675,0.0,0.0,Bear,False,-0.007591728242955688,-0.007591728242955731,-0.009842125034476193,-0.009842125034476235
2011-08-16,0.007144316186418542,0.007144316186418642,0.0,0.0,Bear,False,-0.004346540620060938,-0.004346540620060901,0.0007779183003011462,0.0007779183003011614
2011-08-17,0.010963373590386256,0.010963373590386238,0.0,0.0,Bear,False,0.002448240884435174,0.002448240884435071,0.006114861734551656,0.006114861734551669
2011-08-18,0.005651479669130118,0.005651479669130044,0.0,0.0,Bear,False,-0.01318166915130847,-0.013181669151308473,-0.004528015035704993,-0.004528015035704991
2011-08-19,0.03490054879559802,0.03490054879559801,0.0,0.0,Bear,False,-0.011704686357633031,-0.011704686357632998,0.009354258612046511,0.009354258612046529
2011-08-22,0.0016321545324821077,0.0016321545324819997,0.0,0.0,Bear,False,0.006388350260235626,0.006388350260235542,0.004045838002274856,0.00404583800227476
2011-08-23,-0.0012030918795010925,-0.0012030918795010725,0.0,0.0,Bear,False,0.005983554075804989,0.0059835540758050865,0.0025515042601603386,0.0025515042601602644
2011-08-24,-0.01123697850872372,-0.011236978508723738,0.0,0.0,Bear,False,-0.007123296427544344,-0.00712329642754439,-0.008797930518688515,-0.00879793051868849
2011-08-25,-0.0457517234696694,-0.04575172346966938,0.0,0.0,Bear,False,-0.005894943473268759,-0.005894943473268799,-0.023765680647678658,-0.0237656806476787
2011-08-26,0.023867636248972385,0.02386763624897248,0.0,0.0,Bear,False,-0.011041961552577495,-0.011041961552577528,0.00470027524817878,0.004700275248178842
2011-08-29,0.010874363673480608,0.010874363673480714,0.0,0.0,Bear,False,0.020895280170177413,0.020895280170177388,0.01580374384757483,0.01580374384757488
2011-08-30,-0.009881260962044254,-0.009881260962044225,0.0,0.0,Bear,False,0.009701729807584249,0.009701729807584325,0.0006570952404239136,0.0006570952404238994
2011-09-02,0.02480258944969877,0.02480258944969882,0.0,0.0,Bear,False,0.0045976308938170665,0.004597630893817151,0.013437852295278689,0.013437852295278718
2011-09-05,0.018033833985262072,0.01803383398526215,0.0,0.0,Bear,False,-0.0026778668518156056,-0.0026778668518155913,0.006686839844810329,0.006686839844810333
2011-09-06,-0.005985395783475881,-0.0059853957834759,0.0,0.0,Bear,False,0.005546764159477382,0.005546764159477302,0.00016669635276814502,0.00016669635276822525
2011-09-07,-0.01958311753956748,-0.01958311753956743,0.0,0.0,Bear,False,0.007072025489638651,0.007072025489638589,-0.0051358535857732686,-0.005135853585773287
2011-09-08,-0.0024814968778739017,-0.003617139860651042,0.001138468087782488,0.569234043891244,Crisis,True,0.0033260372315590063,0.003320636395175658,0.0006563034315505527,0.0005970693074290878
2011-09-09,0.007087594833392875,0.00708759483339283,0.0,0.0,Crisis,False,-0.010921240539950494,-0.010921240539950472,0.003915367685656183,0.003915367685656257
2011-09-12,-0.0011313482119640662,-0.001131348211964034,0.0,0.0,Crisis,False,-0.013260865341760337,-0.013260865341760297,-0.008134180854388917,-0.008134180854388884
2011-09-13,-0.0015648016929719984,-0.0015648016929720177,0.0,0.0,Crisis,False,-0.0007018818123742432,-0.0007018818123742943,-0.0024480765052687,-0.0024480765052686815
2011-09-14,0.003577430357911497,0.003577430357911471,0.0,0.0,Crisis,False,0.008547761450383119,0.008547761450383051,0.009076115567174203,0.009076115567174137
2011-09-15,-0.0025621672552242312,-0.002562167255224179,0.0,0.0,Crisis,False,0.007475174099886162,0.007475174099886184,0.0002821179131266248,0.00028211791312671153
2011-09-16,-0.005157330405617514,-0.0051573304056174996,0.0,0.0,Crisis,False,0.0010085079608115881,0.0010085079608115333,-0.0063984573788856535,-0.006398457378885669
2011-09-19,0.006594056274306394,0.006594056274306315,0.0,0.0,Crisis,False,-0.006138654853428827,-0.006138654853428793,0.005729574990058103,0.005729574990058106
2011-09-20,-0.00109958101103919,-0.0010995810110392412,0.0,0.0,Crisis,False,0.012780261247492097,0.012780261247492097,0.00490813143718792,0.004908131437187935
2011-09-21,0.0020794462095224515,0.0020794462095223842,0.0,0.0,Crisis,False,-0.0008104554178500016,-0.0008104554178499646,0.0023621217755588277,0.002362121775558723
2011-09-22,-0.0021217654243228085,-0.0021217654243228523,0.0,0.0,Crisis,False,-0.024457143606467134,-0.024457143606467113,-0.015085868088974904,-0.01508586808897494
2011-09-23,-0.0036007700066541613,-0.0036007700066541526,0.0,0.0,Crisis,False,-0.0066872711934591106,-0.006687271193459132,-0.0081756629781842,-0.008175662978184173
2011-09-26,-0.015737502138683527,-0.015737502138683523,0.0,0.0,Crisis,False,-0.0039001441676485777,-0.0039001441676486115,-0.023257110176642455,-0.023257110176642448
2011-09-27,0.00696837205517267,0.006968372055172756,0.0,0.0,Crisis,False,0.016429219135949604,0.016429219135949635,0.017834104752240103,0.01783410475224012
2011-09-28,-0.0035437909087269086,-0.003543790908726918,0.0,0.0,Crisis,False,-0.003015445642638335,-0.003015445642638337,-0.0063139649631551165,-0.006313964963155172
2011-09-29,-0.0039366590410762296,-0.003936659041076207,0.0,0.0,Crisis,False,0.008294141715578133,0.008294141715578185,-0.0011132302481345416,-0.001113230248134589
2011-09-30,0.0026218554997315562,0.0026218554997314847,0.0,0.0,Crisis,False,-0.008539478716198427,-0.008539478716198423,-0.0008435448056451067,-0.00084354480564508
2011-10-03,0.003700709810908606,0.0037007098109085312,0.0,0.0,Crisis,False,-0.011189019841861861,-0.011189019841861825,-0.0006741200987234125,-0.0006741200987233631
2011-10-04,0.0007799039988390777,0.0007799039988389822,0.0,0.0,Crisis,False,-0.009340238027764425,-0.009340238027764403,-0.003630293205801174,-0.003630293205801216
2011-10-05,-0.008458350023124827,-0.008458350023124783,0.0,0.0,Crisis,False,-0.002540335382556805,-0.0025403353825568242,-0.012839019171386273,-0.012839019171386301
2011-10-07,0.005180671118867665,0.0051806711188677745,0.0,0.0,Crisis,False,0.016703787489974295,0.016703787489974253,0.015562291036947225,0.015562291036947284
2011-10-10,0.0011949746062589837,0.0011775306709111977,1.742311516757804e-05,0.008711557583789019,Crisis,True,0.010998992809728441,0.01098230762619723,0.007192219850552692,0.007176586806524998
2011-10-11,0.0011022599850504598,0.0011022599850505355,0.0,0.0,Crisis,False,-0.0006325809177894825,-0.0006325809177895048,0.0011360548860075426,0.0011360548860075426
2011-10-12,0.0023559737520512016,0.0023559737520510993,0.0,0.0,Crisis,False,0.01507698888567915,0.01507698888567921,0.011077631037424866,0.011077631037424762
2011-10-13,-0.0012106526059311327,-0.0012106526059311173,0.0,0.0,Crisis,False,-0.002559622697208049,-0.002559622697207997,-0.0029528926574689364,-0.0029528926574688974
2011-10-14,0.00040827402345617627,0.0004082740234561122,0.0,0.0,Crisis,False,0.006483973283097196,0.006483973283097244,0.003968597234731676,0.003968597234731641
2011-10-17,0.00022147000837142308,0.00022147000837136055,0.0,0.0,Crisis,False,-0.0016584374111614651,-0.0016584374111614508,-0.0005951493614606391,-0.0005951493614606562
2011-10-18,-0.001486772552052146,-0.0014867725520520958,0.0,0.0,Crisis,False,-0.009573652892741693,-0.009573652892741702,-0.007023625766106857,-0.007023625766106822
2011-10-19,-0.000761941866256878,-0.0007619418662568878,0.0,0.0,Crisis,False,0.012163104402798466,0.012163104402798552,0.005411532662705086,0.00541153266270511
2011-10-20,-0.0017216284511948384,-0.0017216284511948343,0.0,0.0,Crisis,False,-0.005585843700626046,-0.005585843700626092,-0.005241594433311945,-0.005241594433311958
2011-10-21,0.0007513097726457207,0.000751309772645703,0.0,0.0,Crisis,False,-0.004983226076236415,-0.004983226076236469,-0.001661797581444568,-0.0016617975814445796
2011-10-24,0.0053670138153139825,0.0053670138153139035,0.0,0.0,Crisis,False,0.0057788417658856785,0.005778841765885723,0.010194216505951365,0.010194216505951426
2011-10-25,-0.0011374830855948035,-0.0011374830855948037,0.0,0.0,Crisis,False,0.01107734320326836,0.011077343203268253,0.00433905632440401,0.0043390563244039
2011-10-28,0.005369471816643893,0.005369471816643934,0.0,0.0,Crisis,False,0.019867638570837134,0.019867638570837176,0.017603250870674148,0.017603250870674048
2011-10-31,-0.0028472618958422687,-0.002847261895842279,0.0,0.0,Crisis,False,-0.003928386443829557,-0.003928386443829535,-0.0057865025715590135,-0.0057865025715589935
2011-11-01,0.0014668915595554242,0.0014668915595554832,0.0,0.0,Crisis,False,-0.0079397703517641,-0.007939770351764075,-0.002322662732301465,-0.002322662732301417
2011-11-02,0.0036950013807685827,0.0036950013807686144,0.0,0.0,Crisis,False,6.209562491282622e-05,6.209562491288345e-05,0.004853899978574231,0.0048538999785743275
2011-11-03,0.0010726793683020564,0.0010726793683020208,0.0,0.0,Crisis,False,0.0008509700025576162,0.0008509700025576272,0.0018492648624002703,0.001849264862400224
2011-11-04,0.0020314388820857738,0.002031438882085679,0.0,0.0,Crisis,False,0.0021489908395901443,0.0021489908395901924,0.0037824719649092427,0.0037824719649093286
2011-11-08,0.005975141775219665,0.005975141775219628,0.0,0.0,Crisis,False,0.000598549808990374,0.000598549808990434,0.008095553102327213,0.008095553102327235
2011-11-09,0.0009055224237441842,0.0009055224237441983,0.0,0.0,Crisis,False,-0.007937275852526382,-0.007937275852526349,-0.002960583217590952,-0.002960583217590962
2011-11-11,-0.001638440094158492,-0.0016384400941584776,0.0,0.0,Crisis,False,-0.0061079960897618985,-0.006107996089761869,-0.005319424708421431,-0.005319424708421394
2011-11-14,0.003027538863440858,0.002994378059473224,3.3060711379099885e-05,0.01653035568954994,Crisis,True,-0.002414999062213306,-0.0024308981008719366,0.0027099623020894158,0.0026783715525462437
2011-11-15,-0.0008204859467007116,-0.0008204859467006997,0.0,0.0,Crisis,False,-0.009305905325972462,-0.009305905325972419,-0.005992969245090259,-0.005992969245090296
2011-11-16,0.0023922864328429867,0.0023922864328429494,0.0,0.0,Crisis,False,-0.0044760614060069285,-0.0044760614060069814,0.0008576841154633993,0.0008576841154634973
2011-11-17,-0.0012625900567266545,-0.0012625900567266868,0.0,0.0,Crisis,False,-0.011312479846584131,-0.011312479846584123,-0.007590147770093205,-0.0075901477700932585
2011-11-18,-0.0035212125377174154,-0.003521212537717422,0.0,0.0,Crisis,False,-0.003456032868733496,-0.0034560328687335273,-0.006562081231592062,-0.006562081231592076
2011-11-21,-1.6231171898237148e-05,-1.6231171898195562e-05,0.0,0.0,Crisis,False,-0.015289390940933846,-0.015289390940933845,-0.007987702606187483,-0.00798770260618753
2011-11-22,0.00025858412615453323,0.0002585841261544264,0.0,0.0,Crisis,False,0.004141013819963505,0.004141013819963568,0.0024970797610858308,0.0024970797610859297
2011-11-23,-0.0013159980338818178,-0.0013159980338818267,0.0,0.0,Crisis,False,-0.012840744881803808,-0.012840744881803756,-0.008460950033344463,-0.008460950033344461
2011-11-24,0.0008615489087648457,0.0008615489087648864,0.0,0.0,Crisis,False,-4.145914929163407e-06,-4.145914929143402e-06,0.0011891936096641588,0.0011891936096641853
2011-11-25,-0.0019819156875427665,-0.0019819156875428012,0.0,0.0,Crisis,False,0.00044643174618984007,0.00044643174618985704,-0.0024980832647862362,-0.0024980832647862883
2011-11-28,0.003686560547200956,0.0036865605472009566,0.0,0.0,Crisis,False,0.017347713961335658,0.01734771396133561,0.014033266624649758,0.014033266624649654
2011-11-29,-0.00022610724037971794,-0.00022610724037974705,0.0,0.0,Crisis,False,-0.005577294844888279,-0.005577294844888225,-0.003201180675168656,-0.0032011806751686134
2011-11-30,0.00047051514132073264,0.00047051514132068206,0.0,0.0,Crisis,False,0.0032716542366567343,0.0032716542366566514,0.002334823972315197,0.002334823972315103
2011-12-01,0.002970038572476349,0.0029700385724762413,0.0,0.0,Crisis,False,0.012681111040473739,0.012681111040473647,0.010610852138701528,0.01061085213870161
2011-12-02,0.0002626796427467198,0.0002626796427467326,0.0,0.0,Crisis,False,0.013533866934240992,0.013533866934241079,0.007389771306348312,0.007389771306348214
2011-12-05,-0.0004732311869037448,-0.0004732311869037886,0.0,0.0,Crisis,False,-0.001296810503286583,-0.0012968105032865607,-0.0013117918566458015,-0.001311791856645761
2011-12-07,-0.0013849201178367753,-0.001384920117836752,0.0,0.0,Crisis,False,0.00276817703608912,0.0027681770360892255,-0.00041216517715918655,-0.0004121651771591406
2011-12-08,0.0018016974088361818,0.0018016974088361781,0.0,0.0,Crisis,False,-0.014002707392747463,-0.014002707392747449,-0.004922726128158474,-0.004922726128158472
2011-12-09,-0.0018103372228216632,-0.0018103372228216452,0.0,0.0,Crisis,False,-0.009187092783112158,-0.009187092783112139,-0.007213262288334516,-0.007213262288334521
2011-12-12,-0.002888804591477067,-0.002888804591477112,0.0,0.0,Crisis,False,-0.012298781428055936,-0.01229878142805596,-0.010301434170411478,-0.010301434170411516
2011-12-13,0.0003557752646166351,0.000355775264616609,0.0,0.0,Crisis,False,0.004387823386594898,0.004387823386594825,0.0027642331354828156,0.0027642331354829075
2011-12-14,-0.0019358066468398716,-0.0030386194198690486,0.001104951745963348,0.552475872981674,Bear,True,-0.00453264460236543,-0.004570065660491229,-0.004996381659469818,-0.0050271728698324525
2011-12-15,-0.028045277166550545,-0.028045277166550586,0.0,0.0,Bear,False,-0.002128786313179054,-0.002128786313179032,-0.012868191214658728,-0.012868191214658764
2011-12-16,-0.005796983260730907,-0.005796983260730859,0.0,0.0,Bear,False,-0.011964530655733066,-0.011964530655733108,-0.009097826018914243,-0.00909782601891429
2011-12-19,0.004133113270180162,0.004133113270180067,0.0,0.0,Bear,False,-0.004918827289454086,-0.004918827289454031,-0.0010531186889835107,-0.001053118688983501
2011-12-20,0.004508127005666336,0.004508127005666385,0.0,0.0,Bear,False,-0.008846285294690713,-0.00884628529469067,-0.0030692271574922604,-0.003069227157492249
2011-12-21,0.010118547158564292,0.010118547158564306,0.0,0.0,Bear,False,0.019298874837671613,0.019298874837671676,0.014921478097040725,0.014921478097040808
2011-12-22,-0.008187475798292298,-0.008187475798292265,0.0,0.0,Bear,False,0.005172449634641553,0.005172449634641474,-0.0005163928987812548,-0.0005163928987812483
2011-12-23,-0.0006891936232043173,-0.0006891936232042983,0.0,0.0,Bear,False,-0.002509700216978909,-0.0025097002169789384,-0.0016895539024749252,-0.0016895539024749384
2011-12-26,-0.001019433519869846,-0.0010194335198698834,0.0,0.0,Bear,False,0.0,0.0,-0.00042017381175154085,-0.000420173811751523
2011-12-27,-0.003406750961120156,-0.0034067509611201974,0.0,0.0,Bear,False,0.004626402180112746,0.0046264021801127875,0.0011870829198803775,0.0011870829198803445
2011-12-28,-0.0012218170668618032,-0.0012218170668617523,0.0,0.0,Bear,False,-0.005643630287159985,-0.005643630287159973,-0.00367204981048482,-0.0036720498104848565
2011-12-29,-0.014668237150850649,-0.014668237150850638,0.0,0.0,Bear,False,-0.0075519043275722245,-0.007551904327572245,-0.010263421368311704,-0.01026342136831171
2011-12-30,0.008018179770476773,0.008018179770476808,0.0,0.0,Bear,False,-0.0028063023380317732,-0.0028063023380318075,0.0017032137738868787,0.0017032137738868247
2012-01-02,0.002730323210808225,0.0027303232108082387,0.0,0.0,Bear,False,-4.002454461881272e-06,-4.002454461859983e-06,0.0011217876319058553,0.0011217876319058462
2012-01-03,0.007692573043297449,0.007692573043297513,0.0,0.0,Bear,False,0.018081461877016664,0.018081461877016647,0.013282403662391985,0.013282403662391973
2012-01-04,0.006382825969028764,0.006382825969028838,0.0,0.0,Bear,False,-0.0019747533086054135,-0.0019747533086054148,0.0015084670437921991,0.00150846704379215
2012-01-05,-0.0005672906293079145,-0.0005672906293079372,0.0,0.0,Bear,False,3.7891289799439004e-05,3.789128979936329e-05,-0.00021260790475565147,-0.00021260790475563507
2012-01-06,0.0030490650527252895,0.003049065052725286,0.0,0.0,Bear,False,0.000527558315772352,0.0005275583157724473,0.0015519559146935254,0.0015519559146934814
2012-01-09,-0.005928650122806779,-0.0059286501228067445,0.0,0.0,Bear,False,-0.0014290142217423425,-0.001429014221742353,-0.003245997283078158,-0.0032459972830781725
2012-01-10,-0.005647364052961539,-0.005647364052961512,0.0,0.0,Bear,False,0.013481482578666666,0.01348148257866666,0.005230725854031065,0.005230725854031171
2012-01-11,0.003271086333901797,0.0032710863339018292,0.0,0.0,Bear,False,0.0014244962607293519,0.0014244962607292688,0.002136662266404614,0.002136662266404521
2012-01-12,0.001920030221916546,0.001910249166138911,9.76231184382123e-06,0.004881155921910615,Bear,True,-0.003699570448824737,-0.003706344268196382,-0.0013064958411248399,-0.0013229698285821545
2012-01-13,-0.007462168170929974,-0.007462168170929928,0.0,0.0,Bear,False,0.00431958573787723,0.004319585737877274,-0.0007091938362369467,-0.0007091938362369099
2012-01-16,0.0030821093173322056,0.0030821093173321046,0.0,0.0,Bear,False,0.0009729651749053228,0.0009729651749053048,0.0018185168889434074,0.0018185168889433
2012-01-17,0.004165023018677426,0.004165023018677383,0.0,0.0,Bear,False,0.01153835458494114,0.011538354584941235,0.008162890412234848,0.008162890412234836
2012-01-18,-0.005020622724305428,-0.005020622724305479,0.0,0.0,Bear,False,-0.001400604445460532,-0.0014006044454605293,-0.0028558750433553028,-0.0028558750433552715
2012-01-19,0.00010413574989704102,0.00010413574989698304,0.0,0.0,Bear,False,0.0076520726777768115,0.0076520726777769,0.004332097930554731,0.004332097930554779
2012-01-20,-0.006667246204001248,-0.006667246204001276,0.0,0.0,Bear,False,0.0036692564434828113,0.0036692564434828157,-0.0006703122097544449,-0.0006703122097544423
2012-01-23,0.006391556962185847,0.00639155696218574,0.0,0.0,Bear,False,-0.0002880188688944824,-0.0002880188688945129,0.0024424872181937484,0.002442487218193845
2012-01-24,-0.004349554487046244,-0.004349554487046214,0.0,0.0,Bear,False,0.009813831397584618,0.009813831397584627,0.00374857935842912,0.003748579358429094
2012-01-25,-0.0022253356932624246,-0.0022253356932624424,0.0,0.0,Bear,False,0.0037035512802886545,0.003703551280288764,0.0011952683595708184,0.0011952683595708447
2012-01-27,0.017630042250007593,0.017630042250007527,0.0,0.0,Bear,False,0.005541391237856926,0.0055413912378570185,0.010280926989802914,0.010280926989802985
2012-01-30,0.005682304031167609,0.00568230403116754,0.0,0.0,Bear,False,-0.013937587836814659,-0.013937587836814647,-0.005566158061441465,-0.005566158061441451
2012-01-31,0.005085410012615516,0.005085410012615421,0.0,0.0,Bear,False,0.013474771462216723,0.013474771462216761,0.009651308579595994,0.009651308579595952
2012-02-01,0.001676654529109799,0.0016766545291098112,0.0,0.0,Bear,False,0.004328958974574709,0.004328958974574748,0.0031243629279962865,0.003124362927996227
2012-02-02,-0.003360569060757365,-0.0033605690607573235,0.0,0.0,Bear,False,0.00404792001854659,0.004047920018546591,0.0009046765199047356,0.000904676519904779
2012-02-03,0.0017092016433345309,0.0017092016433344348,0.0,0.0,Bear,False,0.006589535332967932,0.006589535332967911,0.004422184117727639,0.004422184117727657
2012-02-06,-0.014600153637537557,-0.014600153637537527,0.0,0.0,Bear,False,0.004188720963346304,0.004188720963346215,-0.003566474821525496,-0.0035664748215255004
2012-02-07,0.0018802086544205093,0.001880208654420512,0.0,0.0,Bear,False,-0.003091362454477407,-0.0030913624544773866,-0.001008766710081338,-0.0010087667100813213
2012-02-08,0.010822944056627174,0.010822944056627204,0.0,0.0,Bear,False,0.0038606508938831443,0.0038606508938832107,0.006566450792352272,0.006566450792352185
2012-02-09,-0.002245112811800607,-0.0022451128118006203,0.0,0.0,Bear,False,0.005146130939006654,0.005146130939006621,0.0020143566296326573,0.0020143566296326743
2012-02-10,-0.002415993063774938,-0.002415993063774935,0.0,0.0,Bear,False,-0.0035654925757108115,-0.003565492575710816,-0.0030072181042816917,-0.003007218104281728
2012-02-13,-0.0033142338172029036,-0.0035668423903669755,0.00025344856095577654,0.12672428047788825,Bear,True,0.001003409332064091,0.0009514330903825918,-0.000766056909134538,-0.0008137781849660852
2012-02-14,-0.0018172617904301542,-0.0018172617904301802,0.0,0.0,Bear,False,0.0028734682643445806,0.0028734682643445364,0.0005851668143828833,0.0005851668143828093
2012-02-15,0.008186852084818907,0.008186852084818952,0.0,0.0,Bear,False,0.01286426899593712,0.012864268995937067,0.009431475524459613,0.009431475524459554
2012-02-16,-0.0009027504330713902,-0.0009027504330714198,0.0,0.0,Bear,False,-0.001095844575856011,-0.0010958445758559865,-0.0008900633101621843,-0.0008900633101621702
2012-02-17,0.0010944369192647458,0.0010944369192646963,0.0,0.0,Bear,False,0.004645950211660491,0.004645950211660477,0.0026385016367532752,0.0026385016367531655
2012-02-21,0.003781068433510659,0.0037810684335106703,0.0,0.0,Bear,False,0.0046791171714147895,0.004679117171414893,0.0037714318669338663,0.003771431866933961
2012-02-22,0.005947900016138427,0.00594790001613843,0.0,0.0,Bear,False,-0.01106065727796542,-0.011060657277965458,-0.0027483403783872193,-0.0027483403783872262
2012-02-23,0.009318707448154901,0.009318707448154884,0.0,0.0,Bear,False,-0.0024234241906772817,-0.0024234241906773146,0.002763323791760886,0.0027633237917608078
2012-02-24,-0.0032224429158154793,-0.0032224429158155266,0.0,0.0,Bear,False,-0.005949255100456619,-0.00594925510045663,-0.004123422894131352,-0.004123422894131368
2012-02-27,-0.009805900556310747,-0.009805900556310698,0.0,0.0,Bear,False,-0.01641399095365642,-0.016413990953656477,-0.011751422089876638,-0.011751422089876673
2012-02-28,0.008119065382714464,0.008119065382714563,0.0,0.0,Bear,False,0.010625728804304766,0.01062572880430479,0.008336911893716863,0.00833691189371688
2012-02-29,0.0029204505581079303,0.0029204505581079676,0.0,0.0,Bear,False,0.0010815287348236963,0.0010815287348235891,0.0017332744401305457,0.0017332744401306055
2012-03-01,-0.028000167507755254,-0.028000167507755247,0.0,0.0,Bear,False,-0.0050620203814270796,-0.0050620203814271125,-0.014172429119058378,-0.01417242911905836
2012-03-02,0.0005671688454611536,0.0005671688454611523,0.0,0.0,Bear,False,0.0021940694043277634,0.0021940694043278697,0.0012611483178407263,0.0012611483178406324
2012-03-05,-0.00264650545966483,-0.0026465054596648274,0.0,0.0,Bear,False,-0.00882403839268249,-0.008824038392682532,-0.005227366402614388,-0.005227366402614342
2012-03-06,-0.003662476093034447,-0.0036624760930344946,0.0,0.0,Bear,False,-0.006530470033499729,-0.0065304700334997134,-0.004570827804847904,-0.0045708278048478546
2012-03-07,0.007036304040475548,0.007036304040475505,0.0,0.0,Bear,False,-0.0002211588602426189,-0.00022115886024265397,0.002836422093980137,0.002836422093980051
2012-03-09,0.00195752215773077,0.0019575221577308177,0.0,0.0,Bear,False,0.012831934935993796,0.012831934935993772,0.006769109088921454,0.006769109088921477
2012-03-12,0.0021393321149840807,0.0021393321149840716,0.0,0.0,Bear,False,0.0029125071858216237,0.002912507185821589,0.002251271016816707,0.0022512710168167693
2012-03-13,-0.004825300224393569,-0.004825300224393536,0.0,0.0,Bear,False,0.007813030895116693,0.007813030895116757,0.0016315829786675623,0.0016315829786675007
2012-03-14,-0.013645327829418685,-0.01364532782941863,0.0,0.0,Bear,False,0.003812482426031354,0.0038124824260312717,-0.003869183187365889,-0.0038691831873658433
2012-03-15,-0.004349447028364893,-0.005236911303964642,0.0008913411165703926,0.4456705582851963,Bull,True,-0.009207963540986326,-0.009208820319397515,-0.006142708539253007,-0.0061546171902662206
2012-03-16,-0.004155240538800606,-0.004155240538800564,0.0,0.0,Bull,False,-0.006980774759548347,-0.0069807747595483916,-0.002849312454164458,-0.002849312454164421
2012-03-19,0.0016612141908506906,0.001661214190850746,0.0,0.0,Bull,False,-0.0068333275301875685,-0.006833327530187616,0.002660197877705616,0.002660197877705661
2012-03-20,0.001183461385968335,0.0011834613859682541,0.0,0.0,Bull,False,0.0020126857448627203,0.0020126857448627966,0.0008093705457648766,0.0008093705457647982
2012-03-21,0.01146990249714933,0.011469902497149409,0.0,0.0,Bull,False,0.01016718819020413,0.010167188190204124,0.009308764836514665,0.00930876483651466
2012-03-22,-0.013520328730810745,-0.013520328730810771,0.0,0.0,Bull,False,-0.01524807410920083,-0.015248074109200815,-0.010486764018838204,-0.01048676401883819
2012-03-23,0.007447715485832004,0.007447715485831896,0.0,0.0,Bull,False,0.005643500773954062,0.0056435007739541465,0.006191578850172836,0.006191578850172741
2012-03-26,-0.0035902866765753234,-0.0035902866765753494,0.0,0.0,Bull,False,-0.010597639448929384,-0.01059763944892933,-0.0017599543396577544,-0.00175995433965781
2012-03-27,0.010024392106414055,0.010024392106414037,0.0,0.0,Bull,False,0.006715109288157336,0.006715109288157439,0.0084754686570112,0.00847546865701121
2012-03-28,-0.007622514535907061,-0.00762251453590701,0.0,0.0,Bull,False,-0.005481209592025535,-0.005481209592025582,-0.006399296600307929,-0.006399296600307913
2012-03-29,-0.004410241422949742,-0.004410241422949768,0.0,0.0,Bull,False,-0.0018105619430922137,-0.0018105619430922593,-0.0039072009910085794,-0.003907200991008608
2012-03-30,0.010950644487100519,0.010950644487100591,0.0,0.0,Bull,False,0.013312993689277412,0.01331299368927752,0.008329302630401544,0.008329302630401436
2012-04-02,0.003120952381578665,0.0031209523815787232,0.0,0.0,Bull,False,0.0025161803927579293,0.0025161803927580273,0.002577574088550628,0.002577574088550527
2012-04-03,0.0017251564769005484,0.0017251564769005245,0.0,0.0,Bull,False,0.004559298599815219,0.004559298599815298,0.0009325949386071375,0.0009325949386072008
2012-04-04,-0.008575385521552594,-0.00857538552155257,0.0,0.0,Bull,False,-0.0039796654917276615,-0.00397966549172768,-0.007547678911122578,-0.007547678911122624
2012-04-09,-0.007814965025653504,-0.007814965025653486,0.0,0.0,Bull,False,-0.009932771520443258,-0.009932771520443251,-0.005880146034097871,-0.005880146034097922
2012-04-10,0.004764401521513977,0.004764401521514028,0.0,0.0,Bull,False,0.0010429405099359685,0.001042940509935919,0.004362427319774521,0.004362427319774431
2012-04-11,0.00307891981534475,0.003078919815344694,0.0,0.0,Bull,False,-0.0018968133325894608,-0.0018968133325895087,0.003220684840949988,0.00322068484094995
2012-04-12,0.0037539444521089054,0.0037539444521088594,0.0,0.0,Bull,False,0.00567288976395182,0.0056728897639517495,0.0026882344079104687,0.002688234407910439
2012-04-13,-0.0027827495750390716,-0.0027827495750391007,0.0,0.0,Bull,False,-0.007829543773771697,-0.007829543773771652,-0.0014308891310753245,-0.0014308891310753635
2012-04-16,-0.0015200784135628587,-0.001520078413562831,0.0,0.0,Bull,False,0.0021320264011493863,0.0021320264011492895,-0.0017726404608520297,-0.0017726404608520152
2012-04-17,0.005931051668549274,0.0059020825611297845,2.879830319524138e-05,0.014399151597620688,Bull,True,0.007205101279076162,0.0071968591148066086,0.0045186766399441195,0.00449188194616168
2012-04-18,-0.0010358567021141517,-0.0010358567021141463,0.0,0.0,Bull,False,0.001168286024598597,0.0011682860245985083,-0.001171972415025535,-0.001171972415025535
2012-04-19,0.004348098565248053,0.004348098565247982,0.0,0.0,Bull,False,0.0036707669206008185,0.0036707669206008653,0.0035575839645182947,0.0035575839645183294
2012-04-20,-0.003255819706959023,-0.0032558197069589845,0.0,0.0,Bull,False,-0.00469019414087855,-0.0046901941408785675,-0.0023573423471866277,-0.002357342347186653
2012-04-23,-0.007863270272255909,-0.007863270272255862,0.0,0.0,Bull,False,-0.010235540026464944,-0.010235540026464984,-0.0058641277488133215,-0.005864127748813286
2012-04-24,0.006901280935921863,0.006901280935921905,0.0,0.0,Bull,False,0.002526599710301047,0.002526599710301003,0.0061602511841182895,0.006160251184118337
2012-04-25,-0.003219058185723503,-0.0032190581857235445,0.0,0.0,Bull,False,-0.002360227101050553,-0.0023602271010505493,-0.0026902409526343117,-0.0026902409526342597
2012-04-26,0.0008523363934828671,0.000852336393482922,0.0,0.0,Bull,False,-0.001489379555714649,-0.0014893795557145983,0.001044925464750605,0.0010449254647506567
2012-04-27,0.0020537882934044925,0.0020537882934044127,0.0,0.0,Bull,False,0.00018359288074202773,0.00018359288074210056,0.0019232775447615542,0.0019232775447615147
2012-04-30,0.005569875152865088,0.005569875152865,0.0,0.0,Bull,False,0.0066019689172748,0.006601968917274714,0.004259274458412489,0.004259274458412454
2012-05-02,0.00023290950765706016,0.00023290950765697538,0.0,0.0,Bull,False,-0.0010256858286244465,-0.0010256858286245008,0.00038296223150026854,0.00038296223150036113
2012-05-03,-0.004390364109050756,-0.004390364109050804,0.0,0.0,Bull,False,-0.00578966680171209,-0.005789666801712112,-0.0032694035504050346,-0.003269403550405059
2012-05-04,-0.008418335538757175,-0.008418335538757149,0.0,0.0,Bull,False,-0.011652479400127114,-0.011652479400127147,-0.006178041343301091,-0.006178041343301133
2012-05-07,-0.0001319150743863311,-0.0001319150743863684,0.0,0.0,Bull,False,0.003169488017424806,0.003169488017424893,-0.0006187526560547214,-0.0006187526560547107
2012-05-08,-0.01345676648722722,-0.013456766487227267,0.0,0.0,Bull,False,-0.013216615318855122,-0.013216615318855096,-0.010703857021927627,-0.010703857021927665
2012-05-09,-0.007120020115689806,-0.007120020115689796,0.0,0.0,Bull,False,-0.002949702160713504,-0.002949702160713552,-0.0062779171273672435,-0.00627791712736725
2012-05-10,-0.0006236650351874365,-0.000623665035187404,0.0,0.0,Bull,False,-0.0010703827795880902,-0.0010703827795880416,-0.0004222205691675598,-0.0004222205691675196
2012-05-11,-0.003287862286391526,-0.003287862286391552,0.0,0.0,Bull,False,-0.004333439627671609,-0.004333439627671631,-0.002430568504242342,-0.002430568504242392
2012-05-14,-0.00528117344448129,-0.005281173444481313,0.0,0.0,Bull,False,-0.0024954680745188336,-0.0024954680745188362,-0.004598756179010809,-0.004598756179010843
2012-05-15,0.0030242210613821317,0.0030242210613822262,0.0,0.0,Bull,False,0.0041497384009079735,0.004149738400907932,0.0022055159669541117,0.0022055159669540636
2012-05-16,-0.010268183070703407,-0.01026818307070343,0.0,0.0,Bull,False,-0.009983131794658751,-0.009983131794658706,-0.008135531455035799,-0.00813553145503576
2012-05-17,0.0037647121392119388,0.0028801386009860153,0.000881255863578616,0.440627931789308,Bear,True,0.0014252354136700114,0.0013852102097029473,0.00332577359026437,0.0032928023961482644
2012-05-18,0.027232367626573366,0.02723236762657333,0.0,0.0,Bear,False,0.0026179621963532186,0.0026179621963531297,0.012801243251902681,0.012801243251902683
2012-05-21,-0.0017094443673172873,-0.0017094443673172366,0.0,0.0,Bear,False,0.0,0.0,-0.0007224174061148897,-0.0007224174061148947
2012-05-22,-0.0041943740962689345,-0.0041943740962688825,0.0,0.0,Bear,False,-0.003803052753912337,-0.0038030527539123504,-0.003863882585757139,-0.0038638825857570946
2012-05-23,0.004316521632922721,0.004316521632922621,0.0,0.0,Bear,False,-0.0030651508217460796,-0.0030651508217460766,0.00013470968043710401,0.0001347096804371617
2012-05-24,0.00663142858080327,0.006631428580803345,0.0,0.0,Bear,False,0.010609406758426126,0.010609406758426143,0.008631214910437389,0.00863121491043728
2013-01-31,0.0006973055992151611,0.0006973055992152144,0.0,0.0,Bear,False,-0.0005714418361348677,-0.0005714418361348894,6.024713001139383e-05,6.024713001129278e-05
2013-02-01,-0.0035225468599856345,-0.0035225468599856535,0.0,0.0,Bear,False,-0.0038559959487655194,-0.0038559959487655115,-0.0036348037890051726,-0.0036348037890051588
2013-02-04,-0.005340139696931887,-0.005340139696931923,0.0,0.0,Bear,False,-0.0012579007775355704,-0.0012579007775356255,-0.0028730643331019755,-0.002873064333101971
2013-02-05,0.01074547670381246,0.010745476703812429,0.0,0.0,Bear,False,-0.003281185901173683,-0.0032811859011736555,0.0024268696476186058,0.0024268696476186236
2013-02-06,-0.006537509015617914,-0.006537509015617893,0.0,0.0,Bear,False,0.0002495061413296274,0.00024950614132968063,-0.00250465903243055,-0.0025046590324305784
2013-02-07,0.0033948102809389633,0.003394810280938909,0.0,0.0,Bear,False,-0.0022122195478789727,-0.0022122195478789797,9.947601935279501e-05,9.94760193528954e-05
2013-02-08,0.0017269674829916116,0.0017269674829916148,0.0,0.0,Bear,False,-0.0038363998355494056,-0.003836399835549398,-0.0014980627259874747,-0.0014980627259875146
2013-02-11,-0.001344165019686991,-0.001344165019687038,0.0,0.0,Bear,False,-0.0006163988701152278,-0.0006163988701152201,-0.0008978356809289101,-0.0008978356809289378
2013-02-12,-0.005984151936786472,-0.005984151936786475,0.0,0.0,Bear,False,0.0026909391481658106,0.0026909391481657607,-0.0008904970135866453,-0.0008904970135866774
2013-02-13,0.001316892299682216,0.0013168922996822374,0.0,0.0,Bear,False,0.001137747764423883,0.0011377477644238798,0.0011841631230421709,0.001184163123042259
2013-02-14,-0.001543944334140552,-0.0015439443341405124,0.0,0.0,Bear,False,-0.003914986307580816,-0.003914986307580803,-0.002868589239955305,-0.002868589239955255
2013-02-15,-0.00513462322861741,-0.005134623228617463,0.0,0.0,Bear,False,-0.0010426727775931862,-0.0010426727775931788,-0.0026732867890838577,-0.0026732867890838508
2013-02-18,-0.005083563427102157,-0.005083563427102145,0.0,0.0,Bear,False,0.001180374830166393,0.0011803748301664196,-0.001372914726511339,-0.001372914726511354
2013-02-19,0.0010229215045968686,0.0010229215045969298,0.0,0.0,Bear,False,0.004530229174999029,0.004530229174999123,0.0030172084927290134,0.0030172084927289067
2013-02-20,-0.00862874917242932,-0.008628749172429284,0.0,0.0,Bear,False,0.00036400154657331165,0.0003640015465733448,-0.003250492766685393,-0.003250492766685431
2013-02-21,-0.009821218106088546,-0.009824089978467287,2.9003574215489458e-06,0.001450178710774473,Bear,True,-0.009863610737971859,-0.009946910509351814,-0.009620747049377348,-0.00969571262306168
2013-02-22,0.005972593698211032,0.005972593698211126,0.0,0.0,Bear,False,-0.00019994313084712446,-0.00019994313084714666,0.002377501280941792,0.0023775012809417184
2013-02-25,0.0005007530677802231,0.0005007530677803018,0.0,0.0,Bear,False,0.00045634604910176687,0.0004563460491018301,0.0004622691233571907,0.00046226912335711745
2013-02-26,0.002520970026729697,0.0025209700267296853,0.0,0.0,Bear,False,-0.009573340406790537,-0.009573340406790587,-0.004250603110865993,-0.0042506031108660025
2013-02-27,0.0020388651434790064,0.0020388651434790628,0.0,0.0,Bear,False,0.003679018542999362,0.003679018542999346,0.002886139093045632,0.002886139093045692
2013-02-28,-0.008158715237044511,-0.008158715237044478,0.0,0.0,Bear,False,-0.009012944796739485,-0.00901294479673953,-0.008286734651228199,-0.0082867346512282
2013-03-01,-0.00015889178855646455,-0.0001588917885564367,0.0,0.0,Bear,False,0.0027729083127805004,0.002772908312780542,0.001461560211064292,0.001461560211064361
2013-03-04,0.010271506747966171,0.010271506747966175,0.0,0.0,Bear,False,-0.002199729101958457,-0.0021997291019584253,0.003100367513227299,0.0031003675132272868
2013-03-05,-0.002521054627197182,-0.0025210546271972056,0.0,0.0,Bear,False,0.008917022237001113,0.008917022237001193,0.003828926115566498,0.0038289261155664
2013-03-06,-0.004113446421075039,-0.004113446421075029,0.0,0.0,Bear,False,0.003540448224268012,0.0035404482242680224,0.00022440353719320807,0.00022440353719321848
2013-03-07,0.0035081239982296375,0.0035081239982295287,0.0,0.0,Bear,False,0.004590923611644346,0.004590923611644371,0.004009885561041814,0.004009885561041759
2013-03-08,-0.006037427362574867,-0.006037427362574843,0.0,0.0,Bear,False,0.008424330767485924,0.008424330767485833,0.0021408450602679284,0.002140845060268015
2013-03-11,-0.0013419993687915673,-0.0013419993687915355,0.0,0.0,Bear,False,-0.0003396411410933523,-0.00033964114109330534,-0.0007461391848926265,-0.0007461391848926358
2013-03-12,0.0029339271707844393,0.002933927170784445,0.0,0.0,Bear,False,-0.002865027571701114,-0.002865027571701151,-0.00038101202850150044,-0.00038101202850149285
2013-03-13,0.001087271775617329,0.0010872717756174044,0.0,0.0,Bear,False,-0.006397442281166501,-0.006397442281166454,-0.003106193873253085,-0.0031061938732530603
2013-03-14,0.0014970211161349457,0.0014970211161349223,0.0,0.0,Bear,False,0.005911472762654795,0.005911472762654801,0.003902826924794734,0.003902826924794711
2013-03-15,-2.3177177704609273e-05,-2.3177177704614138e-05,0.0,0.0,Bear,False,-0.003699044234780124,-0.003699044234780069,-0.0020645480425037876,-0.0020645480425037777
2013-03-18,0.004214829888604657,0.004214829888604665,0.0,0.0,Bear,False,-0.0038149173867179317,-0.0038149173867179087,-0.00035546857334807416,-0.00035546857334811666
2013-03-19,0.0009931044516386215,0.0009931044516386933,0.0,0.0,Bear,False,-0.009155959666329094,-0.009155959666329094,-0.004643736934147144,-0.004643736934147102
2013-03-20,0.005767606495138007,0.005767606495137967,0.0,0.0,Bear,False,-0.005334321634740408,-0.005334321634740458,-0.0005013081034273685,-0.0005013081034274114
2013-03-21,-0.002637205253940415,-0.0026372052539404,0.0,0.0,Bear,False,-0.0037087646278255127,-0.003708764627825545,-0.003150341842632839,-0.0031503418426328533
2013-03-22,0.0018337260437332461,0.0018282494454504583,5.46657408359338e-06,0.00273328704179669,Bear,True,-0.0007726994558075276,-0.0007915417371420208,0.0003561309482036807,0.0003350688484755615
2013-03-25,-0.007580997486802276,-0.007580997486802299,0.0,0.0,Bear,False,-0.0018579631094443716,-0.001857963109444416,-0.004190950774343172,-0.004190950774343172
2013-03-26,5.3453452327271414e-05,5.345345232732335e-05,0.0,0.0,Bear,False,0.0008243438346166742,0.0008243438346167142,0.00048123817307726215,0.00048123817307721417
2013-03-28,0.004976255080842958,0.004976255080842984,0.0,0.0,Bear,False,0.006290180900895084,0.006290180900895059,0.0057043806396970785,0.0057043806396970265
2013-04-01,0.0003662060876796961,0.0003662060876796769,0.0,0.0,Bear,False,0.0023076980255576454,0.0023076980255576363,0.0014381388736288189,0.0014381388736288692
2013-04-02,-0.002978291252256378,-0.0029782912522563487,0.0,0.0,Bear,False,0.004604769633324413,0.004604769633324457,0.0013348166787424654,0.0013348166787423565
2013-04-03,-0.012911906116496553,-0.012911906116496508,0.0,0.0,Bear,False,-0.007887661473321367,-0.007887661473321317,-0.009741250159360766,-0.009741250159360781
2013-04-04,-0.007537878962513042,-0.007537878962513012,0.0,0.0,Bear,False,-0.010376677407680434,-0.010376677407680446,-0.008918202868723288,-0.008918202868723246
2013-04-05,0.006705706142847371,0.0067057061428472675,0.0,0.0,Bear,False,-0.00229687299561968,-0.0022968729956196476,0.0014753445142106753,0.001475344514210608
2013-04-08,0.00943464883092994,0.009434648830930037,0.0,0.0,Bear,False,-0.0011028747095041629,-0.001102874709504209,0.0032902420876244867,0.0032902420876244065
2013-04-09,-0.00578503719426776,-0.005785037194267706,0.0,0.0,Bear,False,-0.005129313618088465,-0.005129313618088438,-0.005257908147407739,-0.005257908147407786
2013-04-10,0.00521621787214217,0.005216217872142215,0.0,0.0,Bear,False,0.006852792362242722,0.006852792362242788,0.005977480323032644,0.00597748032303258
2013-04-11,-0.012110535188202216,-0.012110535188202265,0.0,0.0,Bear,False,0.0037776012558710798,0.0037776012558710104,-0.0029373122927078108,-0.002937312292707772
2013-04-12,-0.00494176456097563,-0.0049417645609756145,0.0,0.0,Bear,False,-0.006977779767368061,-0.00697777976736802,-0.005941685705285078,-0.0059416857052850824
2013-04-15,-0.060741232606111424,-0.06074123260611142,0.0,0.0,Bear,False,0.004278354182820881,0.004278354182820854,-0.022665775160232497,-0.022665775160232493
2013-04-16,-0.025382173185321,-0.02538217318532099,0.0,0.0,Bear,False,0.012887287365603428,0.012887287365603406,-0.0026595457080847307,-0.0026595457080846874
2013-04-17,-0.004614451223677899,-0.004614451223677873,0.0,0.0,Bear,False,-2.6385913283592414e-05,-2.6385913283633045e-05,-0.001803157290189701,-0.0018031572901896498
2013-04-18,0.005394070599256283,0.00539407059925634,0.0,0.0,Bear,False,0.009963573446876041,0.00996357344687615,0.007907346816568244,0.00790734681656824
2013-04-22,0.015918712820891686,0.015918712820891745,0.0,0.0,Bear,False,0.005361095985033044,0.005361095985032982,0.009274433819656066,0.00927443381965598
2013-04-23,-0.0021955360483985192,-0.0021955360483985054,0.0,0.0,Bear,False,0.000259869795354657,0.00025986979535463917,-0.000700063032055978,-0.000700063032055942
2013-04-25,0.013193687254211476,0.01319368725421155,0.0,0.0,Bear,False,0.008251310282984299,0.008251310282984203,0.009928677743495661,0.009928677743495706
2013-04-26,0.009589053384858421,0.008804917496084252,0.0007766881843114423,0.38834409215572113,Bear,True,-0.004622669241416137,-0.004638562425155923,0.0010311856093081924,0.0009778340117014839
2013-04-29,0.006089769732243957,0.006089769732243955,0.0,0.0,Bear,False,0.0050045529285005046,0.00500455292850055,0.006256871176599121,0.006256871176599121
2013-04-30,-0.0003432076458921087,-0.0003432076458921296,0.0,0.0,Bear,False,0.002653871998401577,0.0026538719984015025,0.0011823787302098828,0.0011823787302098765
2013-05-02,-0.007226513081180323,-0.007226513081180275,0.0,0.0,Bear,False,0.007012588830992462,0.007012588830992428,-0.002203483103108913,-0.0022034831031089164
2013-05-03,0.006657336309989444,0.006657336309989548,0.0,0.0,Bear,False,-0.0055740427631773455,-0.0055740427631773,0.002465485952336173,0.0024654859523360884
2013-05-06,-4.2683255071860875e-05,-4.268325507184034e-05,0.0,0.0,Bear,False,0.0027393251597129377,0.0027393251597129797,0.0014879270742199392,0.0014879270742198525
2013-05-07,-0.0011573697524669261,-0.0011573697524669413,0.0,0.0,Bear,False,0.007321994730098351,0.0073219947300984245,0.003103777902039408,0.0031037779020393064
2013-05-08,-0.003057228788016456,-0.0030572287880165083,0.0,0.0,Bear,False,0.0025816675856127074,0.0025816675856127347,-0.0011195560844599484,-0.001119556084459905
2013-05-09,0.004438713349393168,0.004438713349393275,0.0,0.0,Bear,False,-0.00191500491518543,-0.0019150049151854809,0.0026396998402849463,0.0026396998402848926
2013-05-10,-0.003072188192881104,-0.003072188192881131,0.0,0.0,Bear,False,0.004468601350764121,0.004468601350764212,-7.839100352173946e-05,-7.839100352169392e-05
2013-05-13,-0.002480621779488033,-0.002480621779488046,0.0,0.0,Bear,False,-0.01140105197154879,-0.011401051971548837,-0.008474299378997765,-0.008474299378997796
2013-05-14,-0.00021099204821417122,-0.00021099204821417583,0.0,0.0,Bear,False,0.0015083842014080465,0.0015083842014080862,0.0006668948601353599,0.0006668948601353808
2013-05-15,-0.005141805151952061,-0.005141805151952061,0.0,0.0,Bear,False,0.0152478078091728,0.015247807809172897,0.00422200544631387,0.004222005446313792
2013-05-16,-0.009645761154046613,-0.009645761154046584,0.0,0.0,Bear,False,0.002297215863560175,0.0022972158635601314,-0.006727919531917819,-0.00672791953191787
2013-05-17,0.000944082604987542,0.0009440826049875728,0.0,0.0,Bear,False,0.0017226733302081888,0.0017226733302082575,0.0017680880865220826,0.0017680880865220683
2013-05-20,-0.005018963904747412,-0.005018963904747431,0.0,0.0,Bear,False,-0.0030045594662269056,-0.003004559466226908,-0.005879134633878512,-0.005879134633878458
2013-05-21,0.006522866272167081,0.006522866272167027,0.0,0.0,Bear,False,-0.004242845626133615,-0.00424284562613364,0.0029820337620028643,0.0029820337620027892
2013-05-22,0.003516446308041373,0.0035164463080412656,0.0,0.0,Bear,False,-0.0019512829199022155,-0.0019512829199022086,0.0018185479652750166,0.0018185479652750303
2013-05-23,0.003236994456144465,0.0032369944561445596,0.0,0.0,Bear,False,-0.012713079782905394,-0.012713079782905368,-0.004506144222319788,-0.004506144222319763
2013-05-24,-0.002693158786904713,-0.0026931587869046814,0.0,0.0,Bear,False,0.0016670584526819292,0.001667058452681891,-0.0013271954292438117,-0.001327195429243866
2013-05-27,4.807779019335623e-05,4.8077790193445935e-05,0.0,0.0,Bear,False,0.0100462332320215,0.010046233232021473,0.0057053939428196995,0.00570539394281977
2013-05-28,-0.0008456544845243081,-0.0016165306197511997,0.0007715285818320619,0.3857642909160309,Bear,True,0.0028061447402225365,0.0027889432565730843,0.000883134977194052,0.0008591464636358292
2013-05-29,-0.00022745024271696542,-0.00022745024271697556,0.0,0.0,Bear,False,-0.000682367304152165,-0.000682367304152165,0.0036656905531091315,0.003665690553109169
2013-05-30,0.0006464998315747412,0.0006464998315747206,0.0,0.0,Bear,False,0.0019403708854946748,0.0019403708854945911,0.005183369533652241,0.005183369533652282
2013-05-31,-0.000955315488463066,-0.0009553154884630599,0.0,0.0,Bear,False,-0.011761885658758355,-0.011761885658758353,-0.002855760182324525,-0.002855760182324474
2013-06-03,-0.001527524547210973,-0.0015275245472109455,0.0,0.0,Bear,False,-0.004628811109812048,-0.004628811109812059,-0.004369636852005781,-0.004369636852005754
2013-06-04,-0.0006509478191884704,-0.0006509478191885076,0.0,0.0,Bear,False,-0.001978705098154346,-0.001978705098154343,0.0012414985982751637,0.0012414985982751592
2013-06-05,0.0001443808905634922,0.00014438089056345582,0.0,0.0,Bear,False,0.0004394731408158903,0.000439473140815938,-0.0030043050661891905,-0.0030043050661892057
2013-06-06,-8.038045183511807e-05,-8.038045183511588e-05,0.0,0.0,Bear,False,-0.0002446240691021824,-0.00024462406910219503,0.009684182457198206,0.009684182457198265
2013-06-07,-0.0013256548874896283,-0.0013256548874895913,0.0,0.0,Bear,False,-0.004034456605032723,-0.004034456605032766,0.00023075704165430224,0.00023075704165420596
2013-06-10,-9.857320634975421e-05,-9.85732063497613e-05,0.0,0.0,Bear,False,-0.00030080266122015076,-0.0003008026612201231,-0.0020159392788349235,-0.0020159392788349217
2013-06-11,-0.0029311296111307343,-0.002931129611130734,0.0,0.0,Bear,False,-0.008946576531147691,-0.00894657653114772,-0.0002204797726441353,-0.00022047977264416652
2013-06-12,-0.0009425536299290245,-0.0009425536299290105,0.0,0.0,Bear,False,-0.0028943704215668186,-0.0028943704215668165,-0.0033343796603436957,-0.003334379660343667
2013-06-13,-0.002015559301354515,-0.0020155593013545525,0.0,0.0,Bear,False,-0.00620147141309949,-0.0062014714130994575,-0.00043341743928549835,-0.00043341743928548837
2013-06-14,0.003612844526332664,0.0036128445263325926,0.0,0.0,Bear,False,0.011162818878732321,0.011162818878732272,0.0006522252781730022,0.0006522252781731019
2013-06-17,0.0013717621146406823,0.00137176211464074,0.0,0.0,Bear,False,0.004206756629571547,0.004206756629571595,0.0030984401772389805,0.003098440177238926
2013-06-18,-0.0011988425589327335,-0.0011988425589327667,0.0,0.0,Bear,False,-0.0036660999679581077,-0.003666099967958081,0.0002745581378749626,0.000274558137874914
2013-06-19,0.00028483852705669005,0.00028483852705663004,0.0,0.0,Bear,False,0.0008732056925404608,0.0008732056925404574,-0.0008645497509868442,-0.0008645497509868205
2013-06-20,-0.005476340758920774,-0.0054763407589207835,0.0,0.0,Bear,False,-0.016778353920986512,-0.016778353920986477,-0.01881657174949887,-0.01881657174949891
2013-06-21,0.0003889409689775902,0.00038894096897768016,0.0,0.0,Bear,False,0.001205348762647867,0.0012053487626477732,-0.003272927287059857,-0.003272927287059857
2013-06-24,-0.0025610783923456313,-0.0025610783923456504,0.0,0.0,Bear,False,-0.007930345552405705,-0.007930345552405682,-0.004487404836962328,-0.004487404836962305
2013-06-25,0.0006178283489165203,0.0006178283489164382,0.0,0.0,Bear,False,0.001942916357740615,0.0019429163577406872,-0.0005485085046058177,-0.0005485085046058602
2013-06-26,-0.0006688429334611478,-0.0010384572804382763,0.0003698617263792473,0.18493086318962368,Bear,True,-0.002098899731331218,-0.002144235460747046,-0.011449359532290856,-0.0114861118744215
2013-06-27,0.000712719242403885,0.000712719242403903,0.0,0.0,Bear,False,0.010054205708400498,0.010054205708400543,0.0064150883171493565,0.006415088317149431
2013-06-28,-0.0018547400061244231,-0.0018547400061244002,0.0,0.0,Bear,False,0.01859742584955197,0.01859742584955204,0.0009075131137473676,0.0009075131137472603
2013-07-01,0.004675855584347694,0.004675855584347799,0.0,0.0,Bear,False,0.005907375219266508,0.005907375219266431,0.011449564120021266,0.011449564120021183
2013-07-02,0.0024530750747288974,0.0024530750747289165,0.0,0.0,Bear,False,-0.004280355129435597,-0.004280355129435587,0.002123036126929002,0.002123036126929101
2013-07-03,0.00016512499947520792,0.00016512499947518577,0.0,0.0,Bear,False,-0.009027472867962294,-0.009027472867962238,-0.004355951240893741,-0.0043559512408937184
2013-07-04,0.0005848538833319161,0.0005848538833319594,0.0,0.0,Bear,False,0.006939942171252339,0.006939942171252378,0.00461417411594574,0.004614174115945779
2013-07-05,-0.00042207803871194185,-0.00042207803871197047,0.0,0.0,Bear,False,0.0032354449688855287,0.0032354449688856146,0.000898934098174283,0.0008989340981742089
2013-07-08,-0.0009876201176224567,-0.0009876201176224342,0.0,0.0,Bear,False,-0.005868456722222899,-0.0058684567222229145,-0.004761249945771068,-0.0047612499457710955
2013-07-09,0.0012303124191431526,0.0012303124191430648,0.0,0.0,Bear,False,0.0049673437383673195,0.004967343738367269,0.004746670970090228,0.004746670970090294
2013-07-10,-0.0003793917036284133,-0.00037939170362844,0.0,0.0,Bear,False,-0.004406285386237431,-0.004406285386237441,-0.0029405172891339934,-0.002940517289134026
2013-07-11,0.003609370029588027,0.003609370029588055,0.0,0.0,Bear,False,0.012392127341026724,0.012392127341026793,0.012776181139141493,0.012776181139141585
2013-07-12,-0.0006355571569964145,-0.0006355571569963692,0.0,0.0,Bear,False,0.007637429582415454,0.007637429582415534,0.0028015459906621134,0.0028015459906620688
2013-07-15,0.001216081165556454,0.001216081165556382,0.0,0.0,Bear,False,0.0022319136551810317,0.0022319136551809393,0.0033021107983050436,0.0033021107983051134
2013-07-16,-0.0015641572804631133,-0.0015641572804631076,0.0,0.0,Bear,False,-0.007731507498450356,-0.007731507498450307,-0.00672864395980036,-0.006728643959800329
2013-07-17,0.0006920999190809793,0.000692099919080924,0.0,0.0,Bear,False,0.0018655523622728076,0.0018655523622728154,0.0021675137644957994,0.0021675137644958653
2013-07-18,4.065630769463055e-06,4.065630769378714e-06,0.0,0.0,Bear,False,0.006661490853247293,0.006661490853247187,0.0034498265858511745,0.0034498265858511346
2013-07-19,0.0009261255694750554,0.0009261255694750226,0.0,0.0,Bear,False,-0.0009009963202877872,-0.000900996320287839,0.0011461059142104655,0.0011461059142103824
2013-07-22,0.0034402409963924636,0.0034402409963925074,0.0,0.0,Bear,False,0.00026210313865636896,0.00026210313865626667,0.006181873105302162,0.006181873105302271
2013-07-23,0.0031094406138854613,0.003109440613885406,0.0,0.0,Bear,False,0.004707000291947751,0.004707000291947816,0.007850326162066584,0.007850326162066601
2013-07-24,-0.0022814337742726462,-0.002281433774272701,0.0,0.0,Bear,False,-0.008887242294872998,-0.008887242294873032,-0.00852396493828955,-0.008523964938289552
2013-07-25,-0.002900438584753996,-0.003280122531563179,0.00038078840017772723,0.1903942000888636,Bear,True,-0.008529076136943464,-0.008553419878404078,-0.00943580486432169,-0.00945509530430333
2013-07-26,-0.0007294145164396066,-0.0007294145164395971,0.0,0.0,Bear,False,-0.0021674838519845307,-0.0021674838519845085,0.002606000419442996,0.002606000419443033
2013-07-29,-0.0018481626841012828,-0.0018481626841012622,0.0,0.0,Bear,False,-0.005552479392069959,-0.005552479392069931,0.002430307743357615,0.002430307743357618
2013-07-30,-0.0025916894581395275,-0.002591689458139479,0.0,0.0,Bear,False,-0.007836199518669125,-0.007836199518669096,-0.0013035823683742297,-0.0013035823683742453
2013-07-31,0.003148242934917989,0.0031482429349178886,0.0,0.0,Bear,False,0.00046874327605622365,0.0004687432760561716,0.004098444821913337,0.0040984448219132386
2013-08-01,-0.00048002295330365187,-0.0004800229533036271,0.0,0.0,Bear,False,-0.0014590646607434853,-0.0014590646607435254,-0.006050237363845076,-0.0060502373638450235
2013-08-02,-0.001695329738077325,-0.0016953297380772892,0.0,0.0,Bear,False,-0.005158131543317581,-0.005158131543317568,-0.007725710890014765,-0.007725710890014725
2013-08-05,0.0002472941148306385,0.0002472941148305985,0.0,0.0,Bear,False,0.0007745930328792006,0.0007745930328793005,0.007638068938599884,0.007638068938599973
2013-08-06,-0.0048579231219279245,-0.0048579231219278984,0.0,0.0,Bear,False,-0.014843678762846403,-0.014843678762846424,-0.008817033778461597,-0.008817033778461547
2013-08-07,-0.0007984249516704322,-0.0007984249516704844,0.0,0.0,Bear,False,-0.0024412692709206442,-0.0024412692709206985,-0.006420179866351237,-0.006420179866351239
2013-08-08,0.0015912050771865849,0.001591205077186686,0.0,0.0,Bear,False,0.00491291372619891,0.004912913726198953,0.0060503054641777385,0.006050305464177841
2013-08-12,0.001603230602000235,0.001603230602000183,0.0,0.0,Bear,False,0.004913880487840921,0.004913880487841027,0.01268390284587372,0.012683902845873618
2013-08-13,0.002961020181382421,0.0029610201813823345,0.0,0.0,Bear,False,0.009082037500138198,0.00908203750013814,0.01243179161498362,0.012431791614983645
2013-08-14,0.0014608527451738895,0.001460852745173824,0.0,0.0,Bear,False,0.0044535464111654715,0.0044535464111654655,0.0012365236059218888,0.0012365236059219686
2013-08-16,-0.007953415898665545,-0.007953415898665495,0.0,0.0,Bear,False,-0.024174492458377477,-0.02417449245837744,-0.0003974679213104397,-0.00039746792131045705
2013-08-19,-0.0031913622465961893,-0.003191362246596219,0.0,0.0,Bear,False,-0.009841504415152484,-0.009841504415152524,0.0010098752959004852,0.0010098752959004642
2013-08-20,-0.0004484918051333775,-0.0004484918051333997,0.0,0.0,Bear,False,-0.0014152823053950236,-0.0014152823053950048,-0.00018888276647300496,-0.0001888827664729975
2013-08-21,-0.003394321548468728,-0.0033943215484687483,0.0,0.0,Bear,False,-0.01056924287504507,-0.010569242875045015,-0.003894002868336522,-0.0038940028683365213
2013-08-22,0.003639153989480173,0.003639153989480226,0.0,0.0,Bear,False,0.011434136488788046,0.011434136488787994,0.006403800570947042,0.006403800570947027
2013-08-23,0.0021797453323087117,0.0021797453323086913,0.0,0.0,Bear,False,0.006763692272523568,0.006763692272523603,0.0008225848643912061,0.0008225848643912403
2013-08-26,0.0001626306467389812,0.00016263064673904815,0.0,0.0,Bear,False,0.0005038356826920813,0.0005038356826920776,0.005361793621241461,0.005361793621241562
2013-08-27,-0.0064793792741629505,-0.006976155168696319,0.0005000156858047608,0.25000784290238043,Crisis,True,-0.020046538678910424,-0.02010136092367354,-0.006418397753325921,-0.006511320111868724
2013-08-28,0.0035777456155580045,0.0035777456155579035,0.0,0.0,Crisis,False,-0.00027422643084040743,-0.00027422643084040743,0.004617269677539429,0.004617269677539504
2013-08-29,-0.0014097195422962169,-0.001409719542296184,0.0,0.0,Crisis,False,0.014076753856999106,0.014076753856999025,0.005522299308043754,0.00552229930804371
2013-08-30,-0.0026679646341686647,-0.002667964634168629,0.0,0.0,Crisis,False,0.009324874221411986,0.009324874221412038,-0.0035616670673161094,-0.0035616670673160877
2013-09-02,0.0009485344586019203,0.0009485344586019906,0.0,0.0,Crisis,False,0.008755389620891412,0.008755389620891396,0.005952342199699425,0.005952342199699423
2013-09-03,0.00589308695484637,0.0058930869548463605,0.0,0.0,Crisis,False,-0.023009396262809435,-0.0230093962628094,-0.0046139385859096885,-0.004613938585909638
2013-09-04,-0.0013396677094961024,-0.0013396677094961174,0.0,0.0,Crisis,False,0.012000697139789596,0.012000697139789684,0.004552632818943527,0.0045526328189435805
2013-09-05,-0.004100268620116426,-0.004100268620116476,0.0,0.0,Crisis,False,0.01610971645205701,0.016109716452056944,0.0031337919715817507,0.003133791971581701
2013-09-06,-0.005259875883447334,-0.00525987588344734,0.0,0.0,Crisis,False,0.009569361396104072,0.009569361396104092,-0.0017551998086738872,-0.0017551998086738907
2013-09-10,-0.0024392278039338062,-0.0024392278039337967,0.0,0.0,Crisis,False,0.02345014492668757,0.02345014492668751,0.009583904915279978,0.00958390491527994
2013-09-11,-0.0008694564918266012,-0.0008694564918265701,0.0,0.0,Crisis,False,0.0017331822030952385,0.0017331822030952626,-0.00015918018295260427,-0.00015918018295257852
2013-09-12,-9.967908767010672e-05,-9.967908767005706e-05,0.0,0.0,Crisis,False,-0.006598709285318088,-0.006598709285318138,-0.0037889187296249655,-0.003788918729624946
2013-09-13,-0.0037900629189054373,-0.00379006291890549,0.0,0.0,Crisis,False,-1.4341481090955863e-05,-1.4341481090918151e-05,-0.004917396676646953,-0.0049173966766469235
2013-09-16,-0.0010913404321152822,-0.0010913404321152287,0.0,0.0,Crisis,False,-0.001069620983118363,-0.0010696209831183578,-0.0020108468525130902,-0.0020108468525130707
2013-09-17,0.0023333019162746615,0.002333301916274566,0.0,0.0,Crisis,False,0.0010318529383910391,0.0010318529383910313,0.0035982026579008844,0.0035982026579008952
2013-09-18,-0.0025147828743443523,-0.002514782874344368,0.0,0.0,Crisis,False,0.00524172592577205,0.0052417259257719895,-0.0003634434634938958,-0.00036344346349392875
2013-09-19,0.006573337666986983,0.006573337666986978,0.0,0.0,Crisis,False,0.022879764454319874,0.02287976445431994,0.021256495675825215,0.021256495675825215
2013-09-20,-0.001160627317533745,-0.0011606273175337467,0.0,0.0,Crisis,False,-0.010707849173710463,-0.010707849173710482,-0.007453640083775494,-0.00745364008377547
2013-09-23,-0.002367385505430842,-0.002367385505430808,0.0,0.0,Crisis,False,-0.012801260553052576,-0.01280126055305253,-0.01015802904090932,-0.010158029040909344
2013-09-24,-0.0011001755856037965,-0.0011001755856038242,0.0,0.0,Crisis,False,0.0002825065281338173,0.00028250652813377464,-0.0012602143909256594,-0.001260214390925607
2013-09-25,0.0012683609273949953,0.001268360927394907,0.0,0.0,Crisis,False,-0.0019707719639465247,-0.0019707719639465715,0.000549071103534424,0.0005490711035345264
2013-09-26,0.00020568633180905265,0.00015651166114927229,4.9164558182014274e-05,0.024582279091007134,Crisis,True,0.0008954480047813093,0.0008475543883483816,0.0007542651777612256,0.0006931993788776847
2013-09-27,0.0004520061135937556,0.0004520061135937503,0.0,0.0,Crisis,False,-0.0050031676335585695,-0.0050031676335585695,-0.0018906590626522888,-0.001890659062652289
2013-09-30,0.004242961365736939,0.004242961365736875,0.0,0.0,Crisis,False,-0.009483696726353363,-0.009483696726353408,-0.00018618171556138076,-0.0001861817155613954
2013-10-01,-0.002893878242745829,-0.0028938782427457843,0.0,0.0,Crisis,False,0.00462748801556085,0.004627488015560788,-0.0015989714432447842,-0.0015989714432448343
2013-10-03,-0.0010414971510817688,-0.001041497151081816,0.0,0.0,Crisis,False,0.01335651691235104,0.013356516912351069,0.005218492427708672,0.005218492427708776
2013-10-04,-7.755908922829727e-05,-7.755908922835175e-05,0.0,0.0,Crisis,False,-0.0002440276546384834,-0.00024402765463849008,-0.0002251624675469089,-0.00022516246754689107
2013-10-07,0.0007040509957614238,0.0007040509957614294,0.0,0.0,Crisis,False,-0.00011303149482769341,-0.0001130314948276645,0.000873582394036687,0.000873582394036676
2013-10-08,0.006830788816750103,0.006830788816750033,0.0,0.0,Crisis,False,0.002262779439132997,0.0022627794391330003,0.010228898756254701,0.010228898756254656
2013-10-09,-0.0026879404313229645,-0.0026879404313229216,0.0,0.0,Crisis,False,0.008021102938456016,0.008021102938456037,0.00040003754025282924,0.0004000375402528622
2013-10-10,0.00033020053404824937,0.00033020053404819727,0.0,0.0,Crisis,False,0.0013589226907867588,0.0013589226907868568,0.0011146223626172852,0.001114622362617279
2013-10-11,-0.002750843436989165,-0.00275084343698917,0.0,0.0,Crisis,False,0.007564456228173285,0.007564456228173366,0.00013412101659619497,0.00013412101659615594
2013-10-14,0.0023290526324911626,0.0023290526324910577,0.0,0.0,Crisis,False,0.0016461989319949506,0.0016461989319949133,0.003898677923553885,0.003898677923553917
2013-10-15,-0.001878593788274823,-0.0018785937882748183,0.0,0.0,Crisis,False,-0.0023557128031381383,-0.002355712803138177,-0.0036545463803174675,-0.0036545463803174805
2013-10-17,0.004823119539697499,0.004823119539697496,0.0,0.0,Crisis,False,-0.004313095810844884,-0.004313095810844936,0.0041972712525955485,0.0041972712525955025
2013-10-18,0.002346301705814198,0.002346301705814291,0.0,0.0,Crisis,False,0.014385381383868202,0.014385381383868134,0.01026437427876009,0.010264374278760036
2013-10-21,0.001855992638676403,0.001855992638676307,0.0,0.0,Crisis,False,0.001542090437804171,0.0015420904378040667,0.0032011859803771333,0.003201185980377108
2013-10-22,0.002145162711273763,0.0021451627112738514,0.0,0.0,Crisis,False,-0.00020845819657115748,-0.0002084581965711152,0.0026936252856719616,0.0026936252856719634
2013-10-23,0.0035982796014079293,0.0035982796014080165,0.0,0.0,Crisis,False,-0.0024136679456353044,-0.002413667945635356,0.003502671788200586,0.0035026717882005176
2013-10-24,-0.000811435686183971,-0.0008114356861840255,0.0,0.0,Crisis,False,-0.001385419859413782,-0.0013854198594137612,-0.0017458492150246798,-0.0017458492150246308
2013-10-25,0.000782561090856842,0.000782561090856948,0.0,0.0,Crisis,False,-0.001927433651674105,-0.0019274336516741375,7.045769364710298e-05,7.045769364699694e-05
2013-10-28,0.0008486478793275271,0.0008486478793274799,0.0,0.0,Crisis,False,-0.004348760856047094,-0.004348760856047074,-0.0010357994135324565,-0.00103579941353249
2013-10-29,-0.005692786140872516,-0.005707725434217048,1.5024826468422672e-05,0.007512413234211337,Crisis,True,0.011946542252323816,0.01192017084603747,-0.0015896165583359836,-0.0016107943693192128
2013-10-30,-0.0005300628774424427,-0.0005300628774423943,0.0,0.0,Crisis,False,0.002970659562338751,0.0029706595623386622,0.000718862960713107,0.000718862960713107
2013-10-31,0.0005501578992634167,0.0005501578992634926,0.0,0.0,Crisis,False,0.0067515940859743506,0.006751594085974366,-0.00047972395176230226,-0.0004797239517623231
2013-11-01,0.001342717881948178,0.0013427178819482855,0.0,0.0,Crisis,False,0.000768951889000229,0.000768951889000169,0.0021624141295644448,0.002162414129564416
2013-11-05,-0.003157345606169595,-0.003157345606169648,0.0,0.0,Crisis,False,-0.005162699954832993,-0.005162699954832983,-0.006695117085046132,-0.0066951170850461095
2013-11-06,0.0022906780752557625,0.0022906780752558475,0.0,0.0,Crisis,False,-0.0036457358237124518,-0.003645735823712415,0.0012954583578859672,0.0012954583578859147
2013-11-07,-0.0017307235709719622,-0.001730723570971926,0.0,0.0,Crisis,False,-0.0026826242591874725,-0.002682624259187527,-0.003617096530988885,-0.0036170965309888503
2013-11-08,0.0008437925079407765,0.0008437925079407549,0.0,0.0,Crisis,False,-0.004489597242316887,-0.004489597242316901,-0.0010354897621164864,-0.001035489762116537
2013-11-11,-0.0007207903438347049,-0.0007207903438346541,0.0,0.0,Crisis,False,-0.006008295818358505,-0.006008295818358489,-0.003857593615225789,-0.0038575936152257517
2013-11-12,0.002851025660108697,0.0028510256601086414,0.0,0.0,Crisis,False,-0.005927508010207219,-0.00592750801020725,0.0009966793497457604,0.0009966793497457882
2013-11-13,-0.000891382238434845,-0.0008913822384348791,0.0,0.0,Crisis,False,-0.0027924513115218136,-0.0027924513115218375,-0.0025339671332234126,-0.0025339671332234026
2013-11-14,0.0007065155440387192,0.0007065155440386661,0.0,0.0,Crisis,False,0.006550418370771464,0.006550418370771416,0.004076107390728961,0.004076107390728945
2013-11-18,0.0011084191543098696,0.0011084191543098143,0.0,0.0,Crisis,False,0.012987220996664637,0.012987220996664606,0.007704471362524256,0.007704471362524279
2013-11-19,-0.0012340295885115626,-0.0012340295885115982,0.0,0.0,Crisis,False,0.0013852801460489076,0.001385280146048995,-0.0009868514987098668,-0.0009868514987099175
2013-11-20,-0.00031983551508438305,-0.0003198355150844101,0.0,0.0,Crisis,False,-0.007755479477242983,-0.007755479477242977,-0.004160435146785821,-0.004160435146785768
2013-11-21,-0.0016676701912471923,-0.0016676701912471392,0.0,0.0,Crisis,False,-0.012028658811276906,-0.012028658811276904,-0.00801648807326934,-0.008016488073269379
2013-11-22,0.00015341558589129187,0.00015341558589132553,0.0,0.0,Crisis,False,-0.00035795720974762595,-0.000357957209747628,4.453313179599669e-05,4.453313179597629e-05
2013-11-25,-0.0027481545153130033,-0.0027481545153129616,0.0,0.0,Crisis,False,0.011794860534577994,0.0117948605345779,0.0019145779985355197,0.0019145779985354494
2013-11-26,0.002365625021204648,0.0023656250212047425,0.0,0.0,Crisis,False,-0.005468951077321643,-0.005468951077321593,0.0005474385951154143,0.0005474385951154126
2013-11-27,-0.000817400342249114,-0.0008174003422490861,0.0,0.0,Crisis,False,-0.0001955208880315386,-0.00019552088803154177,-0.0011958691833754613,-0.001195869183375442
2013-11-28,-0.001094728267415678,-0.0010947282674156344,0.0,0.0,Crisis,False,0.003401798364576671,0.003401798364576658,0.00014704162139974139,0.0001470416213997794
2013-11-29,0.006402543977540356,0.0053545089182618355,0.0010413676570574617,0.5206838285287309,Bull,True,0.01015315447683699,0.01014466867799424,0.00955018029775021,0.009540803577325674
2013-12-02,0.0011313334408539271,0.001131333440854032,0.0,0.0,Bull,False,0.004055957579040248,0.004055957579040204,0.00043365762469578994,0.0004336576246957158
2013-12-03,-0.002205737620206615,-0.0022057376202065937,0.0,0.0,Bull,False,-0.0015519492404134929,-0.0015519492404134638,-0.0018569273356748917,-0.001856927335674885
2013-12-04,-0.0018746115007434875,-0.0018746115007435282,0.0,0.0,Bull,False,-0.003963472091479397,-0.003963472091479403,-0.0011543716364554543,-0.0011543716364554868
2013-12-05,0.006632196001161146,0.00663219600116105,0.0,0.0,Bull,False,0.007797964706830134,0.0077979647068300295,0.005074878352093314,0.005074878352093304
2013-12-06,-0.0012099287399306737,-0.0012099287399306435,0.0,0.0,Bull,False,0.0018187633719247806,0.0018187633719248808,-0.001441472788065439,-0.00144147278806539
2013-12-09,0.003868554248968845,0.003868554248968925,0.0,0.0,Bull,False,0.010021874700185274,0.01002187470018523,0.0020874643446991857,0.002087464344699086
2013-12-10,-0.0005025840124376451,-0.0005025840124376346,0.0,0.0,Bull,False,-0.002966195836741161,-0.002966195836741181,-4.245597598874522e-06,-4.245597598928619e-06
2013-12-11,-0.0005853659131667614,-0.0005853659131667133,0.0,0.0,Bull,False,-0.0023875304331049305,-0.002387530433104912,-0.0001754455580092087,-0.0001754455580091907
2013-12-12,-0.007326619583063665,-0.007326619583063687,0.0,0.0,Bull,False,-0.006796002824590265,-0.006796002824590253,-0.005904289960630011,-0.0059042899606299715
2013-12-13,-0.005577779971974403,-0.005577779971974395,0.0,0.0,Bull,False,-0.006626173594952473,-0.006626173594952434,-0.004253494136769735,-0.0042534941367697865
2013-12-16,-0.001852151188004864,-0.001852151188004858,0.0,0.0,Bull,False,-0.001331904866379471,-0.001331904866379463,-0.001550300954491963,-0.0015503009544919344
2013-12-17,-0.0029102571265294227,-0.0029102571265293697,0.0,0.0,Bull,False,-0.0015274553272265835,-0.0015274553272265345,-0.0025274068868690333,-0.0025274068868690325
2013-12-18,0.0053800441310590495,0.00538004413105897,0.0,0.0,Bull,False,0.007614759647890702,0.007614759647890601,0.0038997841818457584,0.003899784181845778
2013-12-19,-0.005787545242965153,-0.0057875452429652086,0.0,0.0,Bull,False,-0.0048826906609932535,-0.0048826906609932275,-0.004727662553349957,-0.004727662553349998
2013-12-20,0.005858516989601497,0.005858516989601492,0.0,0.0,Bull,False,0.0104628135799453,0.010462813579945385,0.0038957078506589916,0.003895707850658958
2013-12-23,0.0012465899458670136,0.001246589945866905,0.0,0.0,Bull,False,0.0009825404335648096,0.000982540433564827,0.0010278720417978677,0.0010278720417977727
2013-12-24,-0.002587677036547758,-0.0025876770365477197,0.0,0.0,Bull,False,-0.001547809451443949,-0.0015478094514439489,-0.0022178404200377012,-0.0022178404200376978
2013-12-26,0.0019762093466182866,0.0019762093466182407,0.0,0.0,Bull,False,0.0010148302534475667,0.0010148302534476183,0.0017219886152499138,0.0017219886152499697
2013-12-27,0.0003362358497106671,0.00033623584971076426,0.0,0.0,Bull,False,0.003356954152248933,0.0033569541522489033,-0.0002217225754498084,-0.0002217225754498342
2013-12-30,-0.003959945552570257,-0.003959945552570288,0.0,0.0,Bull,False,-0.0021761357575927147,-0.0021761357575926787,-0.0034255012427836613,-0.003425501242783624
2013-12-31,0.001115378474032599,0.0006205112653570044,0.0004943158594066356,0.2471579297033178,Bull,True,0.0032732935090309025,0.003265903807127657,0.0016053978550228812,0.0015748125305812266
2014-01-01,0.0002455981285871491,0.00024559812858715446,0.0,0.0,Bull,False,-4.119811979608201e-06,-4.119811979563792e-06,0.0008306765487861023,0.0008306765487859913
2014-01-02,-0.005107849332112224,-0.005107849332112169,0.0,0.0,Bull,False,-0.007881391495712538,-0.007881391495712542,-0.0017080677664065148,-0.0017080677664065291
2014-01-03,-1.0148036034909813e-05,-1.014803603494041e-05,0.0,0.0,Bull,False,-0.000963494073855577,-0.000963494073855542,0.001830639458210181,0.0018306394582101593
2014-01-06,-0.0015092573612117037,-0.0015092573612116578,0.0,0.0,Bull,False,-0.001891697321894491,-0.0018916973218945365,-0.0013592687386250564,-0.001359268738625019
2014-01-07,-0.002150522167044932,-0.0021505221670449215,0.0,0.0,Bull,False,-0.002805147530151716,-0.002805147530151708,-0.0017314191265023545,-0.0017314191265023204
2014-01-08,0.00010604216749920308,0.00010604216749920958,0.0,0.0,Bull,False,0.0011915288905281162,0.001191528890528204,-0.0019392910582504937,-0.0019392910582505252
2014-01-09,-0.0003423028233555581,-0.00034230282335556694,0.0,0.0,Bull,False,-0.0006022780508531763,-0.0006022780508532222,2.535964235174528e-05,2.535964235184096e-05
2014-01-10,0.0005666330580561852,0.0005666330580562651,0.0,0.0,Bull,False,0.000298919356385029,0.00029891935638493017,0.0013038102391097206,0.0013038102391096373
2014-01-13,0.0075922055613865565,0.007592205561386622,0.0,0.0,Bull,False,0.009760495331164283,0.009760495331164298,0.006382476283306004,0.006382476283306016
2014-01-14,-0.0018306349160210568,-0.00183063491602109,0.0,0.0,Bull,False,-0.0029456340819317113,-0.002945634081931714,-0.00039015372151534515,-0.00039015372151529615
2014-01-15,0.005023262177504788,0.005023262177504817,0.0,0.0,Bull,False,0.007564401587843327,0.007564401587843328,0.0020783673420165924,0.002078367342016607
2014-01-16,4.0239716215019074e-05,4.0239716214918175e-05,0.0,0.0,Bull,False,-0.00018593720525758941,-0.0001859372052576136,0.0004899906251043391,0.0004899906251043529
2014-01-17,-0.004142294504307629,-0.0041422945043075865,0.0,0.0,Bull,False,-0.0054412049407757245,-0.005441204940775712,-0.003229240321741728,-0.0032292403217417665
2014-01-20,0.0036388817745295265,0.0036388817745294233,0.0,0.0,Bull,False,0.004038200411739617,0.004038200411739634,0.004283041630805203,0.004283041630805284
2014-01-21,0.0005088640320434572,0.0005088640320434212,0.0,0.0,Bull,False,0.0009374711273179909,0.0009374711273180125,-0.00012232153163404223,-0.0001223215316340509
2014-01-22,0.0013457304461878608,0.0013457304461879094,0.0,0.0,Bull,False,0.002395650657161403,0.002395650657161408,-0.00016817237646643058,-0.00016817237646638006
2014-01-23,0.0002793295449586456,0.0002793295449585731,0.0,0.0,Bull,False,0.0006314421807587318,0.0006314421807587234,-0.0002912394595640759,-0.0002912394595641077
2014-01-24,-0.005030539707152299,-0.005030539707152282,0.0,0.0,Bull,False,-0.007475784399306105,-0.0074757843993060735,-0.0022348730163474387,-0.002234873016347394
2014-01-27,-0.008719622583106742,-0.008719622583106768,0.0,0.0,Bull,False,-0.012507209523129958,-0.012507209523130003,-0.004783723353216738,-0.004783723353216751
2014-01-28,-0.0009742866776472361,-0.000974286677647207,0.0,0.0,Bull,False,-0.0009285798020284438,-0.0009285798020284286,-0.0014409937928025636,-0.0014409937928026029
2014-01-29,0.000990643567811131,0.0009728281442067388,1.7797792335766465e-05,0.008898896167883232,Bull,True,-0.000576705153502679,-0.0005909371025814014,0.004375492435248422,0.004353166360611116
2014-01-30,-0.004652165053958187,-0.004652165053958157,0.0,0.0,Bull,False,-0.004563519923614212,-0.0045635199236142565,-0.006633705891496921,-0.006633705891496922
2014-01-31,0.002929950868520507,0.0029299508685205478,0.0,0.0,Bull,False,0.003567091172976512,0.0035670911729765997,0.0008762544647004743,0.000876254464700521
2014-02-03,-0.006643285466284014,-0.00664328546628401,0.0,0.0,Bull,False,-0.00860999706053806,-0.00860999706053811,-0.005408840477119897,-0.0054088404771198695
2014-02-04,0.0003207636197858985,0.0003207636197859465,0.0,0.0,Bull,False,-8.547335192967877e-05,-8.547335192965466e-05,0.00123515515917004,0.0012351551591700538
2014-02-05,0.0015757301881210812,0.0015757301881211827,0.0,0.0,Bull,False,0.002128399610234002,0.002128399610233922,0.0011228763284266633,0.0011228763284265586
2014-02-06,0.001075181709900565,0.001075181709900619,0.0,0.0,Bull,False,0.0013731029176214694,0.0013731029176213827,0.0009191321505908872,0.0009191321505908068
2014-02-07,0.0020922825251905473,0.0020922825251905586,0.0,0.0,Bull,False,0.00265371332668144,0.002653713326681517,0.001823021928259251,0.0018230219282593385
2014-02-10,-0.0001363352890188744,-0.00013633528901890735,0.0,0.0,Bull,False,-0.0009592881242764643,-0.0009592881242764806,0.001414260135055502,0.0014142601350555228
2014-02-11,0.001056442707773645,0.0010564427077737193,0.0,0.0,Bull,False,0.0009073809295890561,0.0009073809295889745,0.0017646496335497902,0.0017646496335497197
2014-02-12,0.001486652088709139,0.0014866520887091283,0.0,0.0,Bull,False,0.002099350548474086,0.0020993505484740993,0.0008754056342907795,0.0008754056342907823
2014-02-13,-0.006246883929346809,-0.006246883929346803,0.0,0.0,Bull,False,-0.008139741488649963,-0.008139741488649932,-0.005011003633139144,-0.005011003633139111
2014-02-14,0.004028501321309947,0.004028501321309941,0.0,0.0,Bull,False,0.004673831276239396,0.004673831276239326,0.0043661715399955885,0.0043661715399956336
2014-02-17,0.0015168535448746604,0.00151685354487463,0.0,0.0,Bull,False,0.0,0.0,0.005053845253639908,0.005053845253639944
2014-02-18,0.0060312322611966755,0.006031232261196617,0.0,0.0,Bull,False,0.007759461381148261,0.007759461381148247,0.00504723935474705,0.005047239354747157
2014-02-19,0.002016217276253791,0.0020162172762538955,0.0,0.0,Bull,False,0.0025114588586988384,0.002511458858698745,0.0018365329510677153,0.001836532951067671
2014-02-20,-0.004713850415768681,-0.004713850415768661,0.0,0.0,Bull,False,-0.005982074667153505,-0.005982074667153503,-0.004079785071376683,-0.004079785071376629
2014-02-21,0.004259858919891581,0.004259858919891668,0.0,0.0,Bull,False,0.006279434601016171,0.006279434601016209,0.0020125249205754543,0.0020125249205753537
2014-02-24,0.0027031373061838513,0.002703137306183878,0.0,0.0,Bull,False,0.0029884848997519652,0.0029884848997518976,0.0031982102334134014,0.003198210233413379
2014-02-25,0.0007738058748952718,0.0007738058748951726,0.0,0.0,Bull,False,0.0013560981090787634,0.0013560981090787738,-5.696873626964813e-05,-5.696873626970245e-05
2014-02-26,0.002999090505946152,0.002999090505946045,0.0,0.0,Bull,False,0.003765452553202746,0.0037654525532027083,0.0026664013378131417,0.0026664013378130402
2014-02-28,0.004622754492691908,0.004440218470751267,0.0001816960855449726,0.09084804277248629,Bull,True,0.0054884613059554095,0.005480865122019729,0.002972172692947956,0.0029658551054794202
2014-03-03,-0.004755565328674939,-0.004755565328674938,0.0,0.0,Bull,False,-0.005308971740108781,-0.005308971740108803,-0.0016289881779911382,-0.0016289881779911752
2014-03-04,0.006582106325251362,0.006582106325251358,0.0,0.0,Bull,False,0.007355365436130949,0.007355365436130912,0.0021512379223391927,0.0021512379223391775
2014-03-05,0.0026094738417863387,0.002609473841786336,0.0,0.0,Bull,False,0.0029247994604567327,0.0029247994604566507,0.0005274907418746177,0.0005274907418746366
2014-03-06,0.0061957161843410845,0.006195716184341116,0.0,0.0,Bull,False,0.006899892946054294,0.006899892946054198,0.002587518778782724,0.002587518778782716
2014-03-07,0.010697762178956018,0.010697762178956127,0.0,0.0,Bull,False,0.011855523173131028,0.011855523173130988,0.006238433053482928,0.006238433053483039
2014-03-10,0.0008418942030546749,0.0008418942030545828,0.0,0.0,Bull,False,0.0009858618518338222,0.0009858618518339135,-0.0013275774296002219,-0.001327577429600213
2014-03-11,-0.002124952478643959,-0.002124952478643971,0.0,0.0,Bull,False,-0.002364341387585836,-0.002364341387585789,-0.0008187677607006369,-0.0008187677607006671
2014-03-12,0.0004475781317076741,0.00044757813170770433,0.0,0.0,Bull,False,0.0004674429223453075,0.0004674429223452403,0.0012267147588962918,0.0012267147588962413
2014-03-13,-0.0019946474018368516,-0.0019946474018368576,0.0,0.0,Bull,False,-0.0022202091271762772,-0.0022202091271762425,-0.0007858360720997504,-0.0007858360720996993
2014-03-14,0.0009838140941280259,0.000983814094128066,0.0,0.0,Bull,False,0.0010395555941371752,0.0010395555941371537,0.002284109550537566,0.002284109550537483
2014-03-18,0.0009770514496968046,0.0009770514496967309,0.0,0.0,Bull,False,0.001160973725073287,0.0011609737250732888,-0.002109209545995918,-0.002109209545995916
2014-03-19,0.0005663019831625766,0.0005663019831625427,0.0,0.0,Bull,False,0.0006952607529996345,0.0006952607529995269,-0.0020485102119238464,-0.0020485102119238707
2014-03-20,-0.0035701646996229154,-0.003570164699622902,0.0,0.0,Bull,False,-0.0038239721920565843,-0.003823972192056546,-0.0065017976969016745,-0.006501797696901623
2014-03-21,0.0008767223312076051,0.0008767223312076133,0.0,0.0,Bull,False,0.0009430162083537333,0.0009430162083536864,0.0015042241899499028,0.0015042241899498876
2014-03-24,0.007554932065568877,0.007554932065568787,0.0,0.0,Bull,False,0.00846055484002567,0.008460554840025614,0.0010840352864216263,0.0010840352864216474
2014-03-25,0.00044224371820323927,0.00044224371820322794,0.0,0.0,Bull,False,0.0005804162830225464,0.0005804162830225224,-0.0029124954063098315,-0.0029124954063097785
2014-03-26,0.0009669564292672636,0.0009669564292673627,0.0,0.0,Bull,False,0.001077523403672629,0.00107752340367262,0.0003232779884660727,0.00032327798846609745
2014-03-27,0.003336673259754614,0.003336673259754619,0.0,0.0,Bull,False,0.0037447038238788252,0.0037447038238789254,3.5055043136969497e-05,3.505504313694452e-05
2014-03-28,0.004539686109967079,0.004539686109967134,0.0,0.0,Bull,False,0.00500166122196786,0.005001661221967879,0.003285683064636185,0.003285683064636169
2014-03-31,0.003017867010253699,0.0030178670102536387,0.0,0.0,Bull,False,0.002766913389366958,0.002766913389366854,0.004637030034058618,0.004637030034058576
2014-04-01,0.001315797235335616,0.0008295867824941183,0.00048557153915274444,0.24278576957637224,Bull,True,0.0015479058409636544,0.0015177456814654544,-0.002532587757768528,-0.002576033800295474
2014-04-02,0.003747558445517568,0.0037475584455175515,0.0,0.0,Bull,False,0.0028083490651562124,0.002808349065156257,-0.003513495236286301,-0.0035134952362863014
2014-04-03,-0.0019506822800693605,-0.001950682280069338,0.0,0.0,Bull,False,-0.00146438193685825,-0.0014643819368582722,0.002235614724245506,0.002235614724245494
2014-04-04,-0.004960584466723022,-0.004960584466722984,0.0,0.0,Bull,False,-0.0037221092356514445,-0.0037221092356514163,-0.001749214873382282,-0.0017492148733823099
2014-04-07,8.541286520731733e-05,8.541286520724611e-05,0.0,0.0,Bull,False,6.63340714295664e-05,6.633407142953018e-05,0.0005248875692518961,0.0005248875692518418
2014-04-09,0.012075346710261822,0.012075346710261892,0.0,0.0,Bull,False,0.009047161648791007,0.009047161648791047,0.006979168595317002,0.006979168595317109
2014-04-10,2.5399594888176685e-05,2.539959488823129e-05,0.0,0.0,Bull,False,2.139636717652418e-05,2.139636717646276e-05,0.0032661105301270694,0.003266110530127042
2014-04-11,-0.002371227826518321,-0.0023712278265183295,0.0,0.0,Bull,False,-0.0017823818235531833,-0.0017823818235531697,-0.0013845059233754307,-0.0013845059233754675
2014-04-15,-0.0051084241690480614,-0.005108424169048109,0.0,0.0,Bull,False,-0.003837586237937693,-0.003837586237937729,0.001050040178424369,0.0010500401784243607
2014-04-16,-0.006871911664489157,-0.006871911664489194,0.0,0.0,Bull,False,-0.005158097157985726,-0.005158097157985764,-0.002916608274428776,-0.0029166082744287447
2014-04-17,0.012460667516580662,0.012460667516580592,0.0,0.0,Bull,False,0.009335072211434068,0.009335072211434037,0.006246028481082723,0.006246028481082799
2014-04-21,0.004519614033946991,0.0045196140339469615,0.0,0.0,Bull,False,0.0033932579639292144,0.003393257963929308,0.0032594021308840503,0.003259402130884048
2014-04-22,-0.0002687974990081,-0.0002687974990080999,0.0,0.0,Bull,False,-0.00019987310267066186,-0.00019987310267066682,0.0026588289986298973,0.002658828998629792
2014-04-23,0.002993794218528368,0.0029937942185283006,0.0,0.0,Bull,False,0.0022492933663453623,0.002249293366345384,0.0023953992407022054,0.0023953992407022007
2014-04-25,-0.006810690712078124,-0.006810690712078071,0.0,0.0,Bull,False,-0.005123741784257645,-0.005123741784257674,-0.0009408646255896729,-0.0009408646255896214
2014-04-28,-0.002542308829878147,-0.0025423088298781593,0.0,0.0,Bull,False,-0.0019125203221561466,-0.0019125203221561637,-0.0005551303413965708,-0.0005551303413965369
2014-04-29,-0.004490783220905114,-0.004490783220905126,0.0,0.0,Bull,False,-0.002172568868292743,-0.002172568868292757,-0.001612593207743753,-0.0016125932077437621
2014-04-30,-0.0022431011386914853,-0.002243101138691528,0.0,0.0,Bull,False,-0.001680421105244505,-0.0016804211052444673,-0.0021208881319943725,-0.002120888131994403
2014-05-02,-0.00019083454821459592,-0.00019083454821455792,0.0,0.0,Bull,False,-0.00014288328403391033,-0.00014288328403389006,-0.0003054168147134524,-0.00030541681471341064
2014-05-05,0.0005427911496180622,0.0005427911496180826,0.0,0.0,Bull,False,0.0004063837669766494,0.000406383766976548,0.001506142086661341,0.0015061420866613329
2014-05-06,0.0019015617864536368,0.0019015617864537315,0.0,0.0,Bull,False,0.0014238795351305784,0.0014238795351306788,0.00112268266429272,0.001122682664292718
2014-05-07,-0.007467004406486768,-0.007982609150857023,0.0005194837316839132,0.25974186584195663,Bull,True,-0.0055939209496856735,-0.0056011098311191665,-0.0027501585171438503,-0.0027712709490854692
2014-05-08,-0.0012982089429884405,-0.001298208942988488,0.0,0.0,Bull,False,0.0006584205920809438,0.0006584205920809882,-0.002342725851705659,-0.002342725851705696
2014-05-09,0.02092201339146773,0.02092201339146782,0.0,0.0,Bull,False,0.01792774071496517,0.017927740714965168,0.008389616731703879,0.008389616731703908
2014-05-12,0.016487471142259645,0.01648747114225957,0.0,0.0,Bull,False,0.013768072388511745,0.013768072388511854,0.007124292099023287,0.007124292099023322
2014-05-13,0.008892864848107513,0.008892864848107473,0.0,0.0,Bull,False,0.008253791815910927,0.008253791815910905,0.0030282913590967343,0.0030282913590966576
2014-05-14,-0.00031053147953339066,-0.00031053147953341576,0.0,0.0,Bull,False,-3.7696439097523417e-06,-3.769643909801168e-06,-0.00041324476575462063,-0.0004132447657546612
2014-05-15,0.0012799631629549096,0.001279963162954978,0.0,0.0,Bull,False,0.0012511905749093635,0.0012511905749093,0.00037947639794187526,0.00037947639794189136
2014-05-16,0.005249625859173801,0.005249625859173879,0.0,0.0,Bull,False,0.006904768766506471,0.006904768766506475,-0.0003481616392593793,-0.00034816163925932564
2014-05-19,0.004133299303096789,0.004133299303096694,0.0,0.0,Bull,False,0.00520277181154716,0.005202771811547269,-3.1280427561129146e-05,-3.128042756117555e-05
2014-05-20,0.0002356608229079503,0.00023566082290793489,0.0,0.0,Bull,False,0.0010252315062827299,0.0010252315062826423,-0.0007727013836928341,-0.0007727013836927865
2014-05-21,-0.003262109345897473,-0.003262109345897435,0.0,0.0,Bull,False,-0.0019298948446018706,-0.0019298948446018205,-0.0022943701665882853,-0.0022943701665882887
2014-05-22,-0.00581874901542975,-0.0058187490154297805,0.0,0.0,Bull,False,0.0020068975272434573,0.0020068975272433676,-0.009920553249709496,-0.00992055324970953
2014-05-23,0.00884965817362884,0.008849658173628816,0.0,0.0,Bull,False,0.007748329997131664,0.007748329997131709,0.0034789881015651154,0.003478988101565106
2014-05-26,-0.00012786106563701086,-0.00012786106563700272,0.0,0.0,Bull,False,-0.0006821049011721855,-0.0006821049011721536,0.0005693643190856422,0.0005693643190856079
2014-05-27,-0.005505684050835207,-0.00550568405083518,0.0,0.0,Bull,False,-0.0034805422905967265,-0.0034805422905966887,-0.003633654265135743,-0.003633654265135733
2014-05-28,-0.0005498945766394749,-0.0005498945766394536,0.0,0.0,Bull,False,0.0009912251707629904,0.0009912251707628883,-0.0018155974568869844,-0.0018155974568869748
2014-05-29,-0.01286544177597982,-0.012865441775979813,0.0,0.0,Bull,False,-0.007990015468950848,-0.00799001546895084,-0.008610072041698207,-0.008610072041698169
2014-05-30,-0.0006567318974542348,-0.000656731897454188,0.0,0.0,Bull,False,0.0014070580449014082,0.001407058044901488,0.0013272320416302125,0.0013272320416302108
2014-06-02,0.01317053845718062,0.013170538457180525,0.0,0.0,Bull,False,0.011338221745199339,0.011338221745199384,0.005247618713033465,0.005247618713033475
2014-06-03,0.005763420163644451,0.005763420163644506,0.0,0.0,Bull,False,0.004516976131118362,0.004516976131118344,0.0028212643404181064,0.0028212643404181836
2014-06-04,-0.0018074950432121935,-0.0018074950432122039,0.0,0.0,Bull,False,-0.0011454638835256663,-0.0011454638835256548,-0.0011850665357661136,-0.0011850665357661105
2014-06-05,0.0070916225000089775,0.005619212400008511,0.0014620418511132839,0.7310209255566419,Crisis,True,0.006058491321320319,0.0060053103200679026,0.002925104572681622,0.002844495411832959
2014-06-06,0.0009603176219266816,0.0009603176219266096,0.0,0.0,Crisis,False,0.008774284790896125,0.008774284790896036,0.005124110360461194,0.0051241103604611205
2014-06-09,-0.0003377662181475888,-0.0003377662181476282,0.0,0.0,Crisis,False,0.00567055503516844,0.005670555035168334,0.0020358505338522867,0.002035850533852246
2014-06-10,0.00047891513638413706,0.0004789151363842059,0.0,0.0,Crisis,False,0.0001344936342623788,0.00013449363426243366,0.0007091412488541228,0.0007091412488540172
2014-06-11,0.0012977494991030431,0.0012977494991031069,0.0,0.0,Crisis,False,-0.0023345354709303242,-0.002334535470930321,0.0006824994940670975,0.0006824994940670681
2014-06-12,0.00022825974192809594,0.00022825974192808296,0.0,0.0,Crisis,False,0.0018279592418449023,0.0018279592418448676,0.001106174174799932,0.0011061741747999676
2014-06-13,0.0019735438954700405,0.001973543895469998,0.0,0.0,Crisis,False,-0.00853343892130811,-0.00853343892130809,-0.001141572261461425,-0.0011415722614613877
2014-06-16,0.00468134891173158,0.004681348911731664,0.0,0.0,Crisis,False,-0.0006861323919080004,-0.0006861323919079565,0.0059244930398859785,0.00592449303988607
2014-06-17,-0.0019028238789631246,-0.0019028238789631224,0.0,0.0,Crisis,False,0.007841843251381802,0.00784184325138182,0.0008781429178605828,0.0008781429178605915
2014-06-18,0.000433786225928421,0.0004337862259284897,0.0,0.0,Crisis,False,-0.005823238212975364,-0.005823238212975368,-0.0019768272602136987,-0.0019768272602137538
2014-06-19,0.0009651636438770075,0.0009651636438769984,0.0,0.0,Crisis,False,-0.0013988911483366158,-0.0013988911483365785,0.0006776588936244395,0.0006776588936243666
2014-06-20,0.005371070368735788,0.005371070368735742,0.0,0.0,Crisis,False,-0.0023321639391803476,-0.002332163939180343,0.006104667328262966,0.00610466732826298
2014-06-23,-0.00033070814460136786,-0.0003307081446013438,0.0,0.0,Crisis,False,-0.0014486819022976368,-0.0014486819022976327,-0.0010621973564837552,-0.0010621973564837184
2014-06-24,0.0017972265601819961,0.001797226560181997,0.0,0.0,Crisis,False,0.006957848325338197,0.0069578483253383006,0.005385632696331051,0.0053856326963310774
2014-06-25,-0.0015840764702434403,-0.0015840764702433896,0.0,0.0,Crisis,False,-0.0008681755670058044,-0.0008681755670058022,-0.0024744804181922597,-0.002474480418192204
2014-06-26,-0.00027614403350607886,-0.000276144033506065,0.0,0.0,Crisis,False,-0.006058787864312103,-0.006058787864312132,-0.002981765126162992,-0.002981765126162994
2014-06-27,-0.00047484937257172917,-0.00047484937257169513,0.0,0.0,Crisis,False,0.0012503761147633929,0.0012503761147633075,-9.154791759216727e-05,-9.154791759213854e-05
2014-06-30,0.004703396694969926,0.004703396694969886,0.0,0.0,Crisis,False,0.0101801222322393,0.010180122232239297,0.006885208376152573,0.006885208376152585
2014-07-01,0.0002665660506474694,0.00026656605064756533,0.0,0.0,Crisis,False,0.001850436285955414,0.0018504362859554924,0.0011529983370884465,0.0011529983370883734
2014-07-02,-0.00045605030264058794,-0.0004560503026406204,0.0,0.0,Crisis,False,0.007150861327954225,0.007150861327954283,0.0024993427330396293,0.0024993427330395335
2014-07-03,-0.0017497294527596028,-0.0017497294527596408,0.0,0.0,Crisis,False,-0.0008091080020252499,-0.0008091080020252717,-0.0026651555252828916,-0.002665155525282903
2014-07-04,0.00027611159535346027,-0.0012164009347936933,0.0014921005438856792,0.7460502719428396,Bull,True,0.002892616267313136,0.0028774881658317764,0.0016243292316856935,0.0016089123663356464
2014-07-07,0.0024949389623153697,0.0024949389623154516,0.0,0.0,Bull,False,0.002747826849574952,0.0027478268495748637,-0.000431720092544996,-0.000431720092544996
2014-07-08,-0.017032814807637416,-0.01703281480763741,0.0,0.0,Bull,False,-0.012651647950183278,-0.012651647950183253,-0.007308452438631808,-0.007308452438631763
2014-07-09,-0.003446390066493105,-0.0034463900664930547,0.0,0.0,Bull,False,-0.002986505639523123,-0.002986505639523074,-0.0007376123002543916,-0.0007376123002543755
2014-07-10,0.0032016856015505105,0.0032016856015504302,0.0,0.0,Bull,False,-0.0013565494304491677,-0.001356549430449161,0.00752872852303507,0.007528728523034989
2014-07-11,-0.01199817776789466,-0.011998177767894691,0.0,0.0,Bull,False,-0.008488143536169952,-0.00848814353617,-0.0057513348466722665,-0.005751334846672229
2014-07-14,-0.0018436832606578875,-0.001843683260657869,0.0,0.0,Bull,False,-0.00043555581568521226,-0.00043555581568521795,-0.0023072327733723134,-0.002307232773372303
2014-07-15,0.0065608626448652296,0.006560862644865217,0.0,0.0,Bull,False,0.005747953554059342,0.005747953554059437,0.0012850386787083706,0.001285038678708439
2014-07-16,0.008992672522052934,0.008992672522052825,0.0,0.0,Bull,False,0.0077002559071919175,0.007700255907191922,0.002061997180220554,0.0020619971802204873
2014-07-17,0.0022127739628152046,0.002212773962815273,0.0,0.0,Bull,False,0.0012508140248548181,0.0012508140248548294,0.0015744900366781768,0.001574490036678089
2014-07-18,0.0032817879444027487,0.003281787944402703,0.0,0.0,Bull,False,0.0018347263136675555,0.0018347263136675451,0.002397422807074956,0.0023974228070748893
2014-07-21,0.0021116577303361183,0.0021116577303361694,0.0,0.0,Bull,False,0.0015820505849020745,0.0015820505849020172,0.000874497489212696,0.0008744974892127555
2014-07-22,0.007899744674291023,0.007899744674290998,0.0,0.0,Bull,False,0.006508740629070042,0.006508740629070031,0.0023008135095466367,0.0023008135095465843
2014-07-23,0.0023436736216418848,0.002343673621641784,0.0,0.0,Bull,False,0.0021611334427000355,0.0021611334427000806,0.00031793867875321756,0.0003179386787532934
2014-07-24,0.0026935860329926798,0.002693586032992634,0.0,0.0,Bull,False,0.0026840261642238038,0.0026840261642238072,9.345817643288599e-06,9.345817643335863e-06
2014-07-25,-0.005322147589997674,-0.005322147589997717,0.0,0.0,Bull,False,-0.003088849994179319,-0.0030888499941793546,-0.0037482954181608285,-0.0037482954181607964
2014-07-28,-0.0023557280711500876,-0.0023557280711501427,0.0,0.0,Bull,False,-0.0032257386172921025,-0.00322573861729214,0.001453498714971348,0.0014534987149712464
2014-07-30,0.0037463904560329307,0.0037463904560328665,0.0,0.0,Bull,False,0.0033097049959963957,0.0033097049959964764,0.0007352210096660063,0.0007352210096660539
2014-07-31,-0.007138010319259889,-0.007138010319259869,0.0,0.0,Bull,False,-0.003318805993743227,-0.0033188059937432346,-0.0011440534857982776,-0.0011440534857982687
2014-08-01,-0.011552458437634396,-0.011552458437634416,0.0,0.0,Bull,False,-0.00918619158930973,-0.009186191589309778,-0.0038646798079848737,-0.003864679807984883
2014-08-04,0.00931880201090314,0.009318802010903182,0.0,0.0,Bull,False,0.006329380982698894,0.006329380982698973,0.004855629383138115,0.004855629383138105
2014-08-05,0.006177994665232265,0.005774886585838912,0.0004006329710355389,0.20031648551776948,Bull,True,0.004887971423304316,0.00488512874281688,0.002120238237233208,0.002118142470219464
2014-08-06,-0.007693747579647639,-0.007693747579647692,0.0,0.0,Bull,False,-0.005770310799906242,-0.0057703107999061976,-0.0015033704889336013,-0.0015033704889335642
2014-08-07,-0.002372832194509789,-0.0023728321945097886,0.0,0.0,Bull,False,-0.0017761814576251706,-0.0017761814576251478,0.0016071277055324108,0.0016071277055325073
2014-08-08,-0.008420579244832959,-0.00842057924483297,0.0,0.0,Bull,False,-0.006301859928560435,-0.0063018599285604715,0.00039967823155171654,0.00039967823155162563
2014-08-11,0.006038860446973238,0.0060388604469732154,0.0,0.0,Bull,False,0.004508049207318587,0.004508049207318621,-0.0011792158089297395,-0.0011792158089297677
2014-08-12,0.010572431893915341,0.010572431893915324,0.0,0.0,Bull,False,0.007904417235444747,0.007904417235444772,0.00599223489975558,0.005992234899755644
2014-08-13,0.001295422330128098,0.0012954223301280265,0.0,0.0,Bull,False,0.0009734748344805806,0.0009734748344805144,-0.0002892205698182824,-0.0002892205698182826
2014-08-14,0.00538764457837256,0.005387644578372486,0.0,0.0,Bull,False,0.004037609045892819,0.004037609045892898,0.0024734480545427185,0.0024734480545427484
2014-08-18,0.00848551541709693,0.008485515417096856,0.0,0.0,Bull,False,0.006371541709862367,0.006371541709862427,0.00028070283789158063,0.00028070283789149997
2014-08-19,0.002371709583865385,0.0023717095838653446,0.0,0.0,Bull,False,0.0017869617936329735,0.001786961793633024,-0.0003094045917079816,-0.00030940459170802903
2014-08-20,-0.002259346893201681,-0.00225934689320173,0.0,0.0,Bull,False,-0.0017034025366085585,-0.0017034025366086114,-0.0005097157981260421,-0.0005097157981260869
2014-08-21,0.0016103160368613277,0.0016103160368612368,0.0,0.0,Bull,False,0.0012117145055601554,0.0012117145055601242,-0.0026867905222459658,-0.002686790522245963
2014-08-22,0.0022506373116127,0.00225063731161268,0.0,0.0,Bull,False,0.0016965768748485046,0.0016965768748484766,0.0015087490848207737,0.001508749084820682
2014-08-25,-0.0007005590478695598,-0.0007005590478695867,0.0,0.0,Bull,False,-0.0005276509588160407,-0.0005276509588160172,-0.0029302926533743153,-0.0029302926533743
2014-08-26,-0.00015745330244958995,-0.00015745330244953948,0.0,0.0,Bull,False,-0.00011857120723994696,-0.00011857120723990366,0.0019332863187764668,0.0019332863187764282
2014-08-27,0.0031785427517721497,0.0031785427517720954,0.0,0.0,Bull,False,0.002391162656004847,0.0023911626560049193,0.0002269940339307871,0.000226994033930783
2014-08-28,0.0028252968457857753,0.0028252968457858074,0.0,0.0,Bull,False,0.0033496337972782285,0.003349633797278262,0.003786747086544603,0.003786747086544695
2014-09-01,0.00740682686570167,0.00740682686570171,0.0,0.0,Bull,False,0.005576672300781801,0.005576672300781738,0.0031511484107819496,0.003151148410782012
2014-09-02,0.005551288086694719,0.0055512880866948056,0.0,0.0,Bull,False,0.004191286838851004,0.0041912868388509494,0.0004768913719556869,0.0004768913719557233
2014-09-03,0.0031458239873834843,0.0031458239873833893,0.0,0.0,Bull,False,0.002377037326541342,0.0023770373265412648,7.346558871471347e-05,7.34655887146829e-05
2014-09-04,-0.001855541391657606,-0.0018555413916575558,0.0,0.0,Bull,False,-0.0014054520364817301,-0.0014054520364816803,-0.0021458012121258166,-0.0021458012121258196
2014-09-05,-0.0009061908251635742,-0.0017174982646582793,0.0008120433056879125,0.4060216528439563,Bear,True,-0.0006849491928853842,-0.0007031386056758349,-0.0013385231407713803,-0.0013615654662180177
2014-09-08,0.004305745925726921,0.004305745925726967,0.0,0.0,Bear,False,0.00645861889138235,0.006458618891382439,0.002289446663665891,0.0022894466636658173
2014-09-09,-0.001031793065803084,-0.0010317930658030328,0.0,0.0,Bear,False,-0.0015443790021616478,-0.0015443790021616444,-0.001979702354670954,-0.0019797023546709314
2014-09-10,-0.002901417138507185,-0.002901417138507223,0.0,0.0,Bear,False,-0.004345045771781062,-0.004345045771781075,-0.000408384255725171,-0.00040838425572520265
2014-09-11,-0.00040968055587269005,-0.00040968055587264907,0.0,0.0,Bear,False,-0.0006191223715914613,-0.0006191223715914518,-0.0022155153966845636,-0.00221551539668452
2014-09-12,0.0009794082318658423,0.0009794082318659303,0.0,0.0,Bear,False,0.001469156902162492,0.0014691569021625384,-0.0005695922067107766,-0.0005695922067108228
2014-09-15,-0.003143640855108918,-0.0031436408551088757,0.0,0.0,Bear,False,-0.004708590550837059,-0.004708590550837055,-0.0028529377793278395,-0.0028529377793278243
2014-09-16,-0.005402748463901161,-0.005402748463901208,0.0,0.0,Bear,False,-0.00811787182831108,-0.00811787182831103,-0.004241307480176599,-0.004241307480176593
2014-09-17,0.002117585392149947,0.002117585392150012,0.0,0.0,Bear,False,0.00319338629280945,0.003193386292809519,-0.00028706754174204533,-0.0002870675417420143
2014-09-18,0.006925870747331982,0.006925870747332086,0.0,0.0,Bear,False,0.010417653726547528,0.01041765372654746,0.005892357874707433,0.005892357874707432
2014-09-19,0.00033660439086756916,0.00033660439086746763,0.0,0.0,Bear,False,0.0004998544571903073,0.0004998544571903629,-0.000547126579669132,-0.0005471265796691549
2014-09-22,0.0012213823864658153,0.0012213823864657414,0.0,0.0,Bear,False,0.0018352154277675582,0.0018352154277676558,-0.00041804241891181423,-0.000418042418911857
2014-09-23,-0.0063440512614359994,-0.006344051261436001,0.0,0.0,Bear,False,-0.009506840528549504,-0.009506840528549554,-0.004013492299701557,-0.004013492299701604
2014-09-24,-0.0007576095571114782,-0.0007576095571114605,0.0,0.0,Bear,False,-0.0011336357056374365,-0.0011336357056374036,0.0007772411184201746,0.0007772411184201466
2014-09-25,-0.004491973142214605,-0.004491973142214611,0.0,0.0,Bear,False,-0.006756865143849706,-0.006756865143849655,-0.005470423103308175,-0.005470423103308142
2014-09-26,0.0028439935394064756,0.002843993539406453,0.0,0.0,Bear,False,0.004284704536527799,0.004284704536527739,0.002376187548608241,0.002376187548608133
2014-09-29,-0.0004950533204074399,-0.0004950533204074459,0.0,0.0,Bear,False,-0.0007447676100497119,-0.0007447676100497125,0.00013194888851473738,0.00013194888851475461
2014-09-30,0.0030928359152311373,0.003092835915231129,0.0,0.0,Bear,False,0.002314000667623563,0.0023140006676236613,0.0003554271075579367,0.00035542710755787077
2014-10-01,-0.0009552675593347454,-0.0009552675593347271,0.0,0.0,Bear,False,-0.0014385987590944211,-0.001438598759094467,-0.0008291205221062431,-0.0008291205221062636
2014-10-07,-0.0046325985090192095,-0.0046325985090192034,0.0,0.0,Bear,False,-0.00697514918829595,-0.006975149188296004,-0.005297250249831557,-0.00529725024983152
2014-10-08,-0.00048404369221159195,-0.0004840436922115554,0.0,0.0,Bear,False,-0.0007310257464577489,-0.0007310257464577807,0.0035307361435701666,0.0035307361435701345
2014-10-09,0.00588959765730581,0.005234525374147703,0.0006512367606583628,0.3256183803291814,Crisis,True,0.008892156108888449,0.00888226902224809,0.005196007774725754,0.005187026425759855
2014-10-10,-0.0012949354947865525,-0.0012949354947865421,0.0,0.0,Crisis,False,-0.00758236140793409,-0.007582361407934113,-0.004767890568808923,-0.004767890568808886
2014-10-13,0.0009850916565801917,0.000985091656580117,0.0,0.0,Crisis,False,0.001841727789429749,0.0018417277894298145,0.00206154444831669,0.0020615444483167433
2014-10-14,0.0002599758496999475,0.0002599758496999449,0.0,0.0,Crisis,False,-0.0015351104320224958,-0.0015351104320224795,-0.0002664327387484917,-0.00026643273874848994
2014-10-15,6.3865313424828555e-06,6.386531342439383e-06,0.0,0.0,Crisis,False,3.7814533763401727e-06,3.78145337642799e-06,3.1376236041476212e-06,3.1376236040436822e-06
2014-10-16,0.0031238854874663306,0.003123885487466227,0.0,0.0,Crisis,False,-0.00879578757114147,-0.008795787571141522,0.0006711745318826601,0.0006711745318825901
2014-10-17,-0.0024230776512778854,-0.002423077651277916,0.0,0.0,Crisis,False,0.0024128347009186187,0.002412834700918687,-0.002293487446161529,-0.002293487446161535
2014-10-20,0.0004197882226584541,0.00041978822265842375,0.0,0.0,Crisis,False,0.007622214733182094,0.007622214733182142,0.0035853515402335663,0.003585351540233539
2014-10-21,0.005751791036632683,0.005751791036632703,0.0,0.0,Crisis,False,0.0036666547556517158,0.0036666547556516438,0.009147966221128704,0.009147966221128678
2014-10-22,-0.002908881059560469,-0.002908881059560442,0.0,0.0,Crisis,False,0.005149302508231379,0.005149302508231424,-0.0018295499443535972,-0.0018295499443535812
2014-10-27,-0.0035365675329742407,-0.0035365675329742663,0.0,0.0,Crisis,False,-0.0003156978237772212,-0.0003156978237772723,-0.004830227784762875,-0.0048302277847628305
2014-10-28,0.00025812019258694317,0.0002581201925868637,0.0,0.0,Crisis,False,0.002699497859545686,0.0026994978595455965,0.0014276100561958108,0.0014276100561958494
2014-10-29,0.00016889026962127462,0.00016889026962130238,0.0,0.0,Crisis,False,0.004717256937225379,0.004717256937225356,0.0021137467478792274,0.0021137467478791194
2014-10-30,-0.001581825780996668,-0.0015818257809966374,0.0,0.0,Crisis,False,0.005874005868217423,0.005874005868217402,0.00027457639803593343,0.0002745763980358529
2014-10-31,0.0007365096279380681,0.0007365096279381422,0.0,0.0,Crisis,False,0.01316740402285091,0.013167404022850882,0.002947570346266487,0.0029475703462664704
2014-11-03,0.00026802091883288407,0.0002680209188328231,0.0,0.0,Crisis,False,0.00014283293985076762,0.00014283293985073442,0.0004128911632849901,0.00041289116328502296
2014-11-05,-0.0022001033913368983,-0.002200103391336916,0.0,0.0,Crisis,False,0.0010361596965544598,0.0010361596965544617,-0.002484701414503049,-0.0024847014145030766
2014-11-07,-0.0016431075516865205,-0.0016431075516865068,0.0,0.0,Crisis,False,-9.916668743332793e-05,-9.916668743337187e-05,-0.002206087320383981,-0.002206087320383965
2014-11-10,0.0022701438300781226,0.002270143830078064,0.0,0.0,Crisis,False,0.0005304195839591171,0.000530419583959052,0.0032223201817496885,0.003222320181749616
2014-11-11,-0.0028449877595860752,-0.0028449877595860817,0.0,0.0,Crisis,False,0.001345483231412769,0.001345483231412814,-0.003208708095933702,-0.0032087080959336545
2014-11-12,0.0012950843678147636,0.0012950843678147805,0.0,0.0,Crisis,False,0.0015079086635397699,0.00150790866353967,0.002334598884431306,0.002334598884431216
2014-11-13,-0.0001099588843035884,-0.00013321297826507372,2.325665123694419e-05,0.011628325618472095,Crisis,True,-0.00185161675594318,-0.0018726527918822011,-0.0009159304123600593,-0.0009454793630249148
2014-11-14,-0.00016597607793856882,-0.00016597607793855662,0.0,0.0,Crisis,False,0.0023008871478650494,0.0023008871478651383,0.0007422512273528674,0.0007422512273529414
2014-11-17,0.004466353373217258,0.004466353373217213,0.0,0.0,Crisis,False,0.0029216369968561385,0.002921636996856103,0.007182218083515808,0.007182218083515712
2014-11-18,0.0010406153672558708,0.0010406153672559704,0.0,0.0,Crisis,False,-0.0003463365617060186,-0.0003463365617060177,0.0012376708480268976,0.0012376708480268395
2014-11-19,0.0005602519762436253,0.0005602519762435421,0.0,0.0,Crisis,False,-0.0031106651977326036,-0.0031106651977326205,-0.0005608078515853237,-0.0005608078515852988
2014-11-20,-0.0010419295116394067,-0.0010419295116393945,0.0,0.0,Crisis,False,0.001400459288519477,0.0014004592885195066,-0.0007950673208135708,-0.0007950673208135806
2014-11-21,-0.0001256437624748224,-0.00012564376247481412,0.0,0.0,Crisis,False,0.005403528791802902,0.005403528791802836,0.002077530671787379,0.0020775306717872866
2014-11-24,0.0007976428938085709,0.00079764289380857,0.0,0.0,Crisis,False,0.003758263515617318,0.003758263515617255,0.002629700761695059,0.0026297007616951085
2014-11-25,0.0010458481173619182,0.0010458481173618583,0.0,0.0,Crisis,False,-0.004754683229097917,-0.004754683229097889,-0.0006060930750561582,-0.0006060930750562132
2014-11-26,0.0017245725633405259,0.0017245725633405762,0.0,0.0,Crisis,False,0.0008971922791049321,0.000897192279105008,0.00266881931675293,0.0026688193167530017
2014-11-27,-0.0020432984916882264,-0.0020432984916882724,0.0,0.0,Crisis,False,0.0013175563199411037,0.0013175563199410156,-0.0021664514612257037,-0.002166451461225738
2014-11-28,0.003460342438282155,0.0034603424382821935,0.0,0.0,Crisis,False,0.008396416976112365,0.008396416976112375,0.004885578047293557,0.004885578047293615
2014-12-01,-0.0055244878046940005,-0.005524487804694056,0.0,0.0,Crisis,False,-0.0022768619339114016,-0.0022768619339114116,-0.008271135507662526,-0.008271135507662564
2014-12-02,0.002764712459074575,0.002764712459074614,0.0,0.0,Crisis,False,-0.002208488488102874,-0.0022084884881028444,0.002744254660292613,0.002744254660292711
2014-12-03,0.00229852384103711,0.0022985238410371256,0.0,0.0,Crisis,False,0.0009171101014482188,0.0009171101014482375,0.003434548923492013,0.0034345489234919313
2014-12-04,-0.00029623340798605935,-0.00029623340798601294,0.0,0.0,Crisis,False,0.0018926522770513839,0.0018926522770514875,0.0003995050014466262,0.0003995050014466983
2014-12-05,-0.0012255640262951281,-0.001225564026295145,0.0,0.0,Crisis,False,-0.0018432154866097367,-0.0018432154866097061,-0.0023957200940983242,-0.002395720094098275
2014-12-08,-0.0003997260169308186,-0.00039972601693083476,0.0,0.0,Crisis,False,-0.007078534217858989,-0.007078534217858978,-0.0034985912058003855,-0.0034985912058004276
2014-12-09,2.7901201940400263e-05,2.7901201940405684e-05,0.0,0.0,Crisis,False,-0.006950860861033068,-0.006950860861033026,-0.0028674434166591958,-0.002867443416659232
2014-12-10,0.005163045112623248,0.005163045112623221,0.0,0.0,Crisis,False,0.00107272479258168,0.0010727247925816918,0.007333652943611481,0.007333652943611435
2014-12-11,-0.002369618849182762,-0.002369618849182742,0.0,0.0,Crisis,False,-0.004497690355645444,-0.004497690355645401,-0.005014253578657601,-0.00501425357865759
2014-12-12,0.0014262976507246762,0.0007450985736379145,0.0006802288682500268,0.34011443412501347,Bear,True,-0.004953668277815026,-0.0049634506566424985,-0.0001462096017257131,-0.00016569827194357067
2014-12-15,-0.00021886894425359016,-0.00021886894425360293,0.0,0.0,Bear,False,-0.0003283034165736831,-0.0003283034165736387,-0.0008460343363429305,-0.0008460343363428935
2014-12-16,-0.007394501239333492,-0.007394501239333495,0.0,0.0,Bear,False,-0.011092966084175458,-0.011092966084175426,-0.0068368633052642526,-0.006836863305264229
2014-12-17,-0.0018467663013826574,-0.0018467663013826963,0.0,0.0,Bear,False,-0.00278570676485792,-0.002785706764857898,-0.0016623057227535777,-0.0016623057227536098
2014-12-18,0.006358615536197393,0.006358615536197432,0.0,0.0,Bear,False,0.00958365784365814,0.009583657843658111,0.003992248037492414,0.003992248037492319
2014-12-19,0.0032153482549300005,0.0032153482549299728,0.0,0.0,Bear,False,0.004830668200726273,0.004830668200726196,0.002132814985778926,0.002132814985778886
2014-12-22,0.004799290798027123,0.0047992907980272115,0.0,0.0,Bear,False,0.0072035938970743075,0.007203593897074256,0.005971373201043104,0.005971373201043129
2014-12-23,-0.0027531584065726505,-0.002753158406572642,0.0,0.0,Bear,False,-0.004124579037621972,-0.004124579037621978,-0.006178404445560805,-0.006178404445560837
2014-12-24,-0.004514780608074436,-0.00451478060807442,0.0,0.0,Bear,False,-0.006760319017477344,-0.006760319017477312,-0.004757211831963342,-0.004757211831963315
2014-12-26,0.0013027356664536299,0.0013027356664536693,0.0,0.0,Bear,False,0.0019516336996110864,0.001951633699611044,0.003983282066299126,0.003983282066299054
2014-12-29,0.002220367059500025,0.002220367059500017,0.0,0.0,Bear,False,0.0033324555127161454,0.0033324555127161037,0.0031218463079911267,0.003121846307991172
2014-12-30,9.474985136929101e-05,9.474985136925795e-05,0.0,0.0,Bear,False,0.0001420484455019221,0.00014204844550191886,-0.0014577794752321683,-0.0014577794752321793
2014-12-31,0.0044803013934261535,0.004480301393426256,0.0,0.0,Bear,False,0.00437897171449952,0.004378971714499524,0.0036171924738657487,0.0036171924738657157
2015-01-01,-6.159971536533179e-06,-6.159971536523479e-06,0.0,0.0,Bear,False,-4.104662073981271e-06,-4.1046620740115e-06,-0.0010481833597379858,-0.0010481833597379975
2015-01-02,0.005459179917583932,0.005459179917583823,0.0,0.0,Bear,False,0.008179662838921388,0.008179662838921464,0.0038831576714625643,0.0038831576714626337
2015-01-05,-0.000826242964917125,-0.0008262429649171787,0.0,0.0,Bear,False,-0.0012303307429368054,-0.0012303307429367694,0.0013115917881725617,0.001311591788172528
2015-01-06,-0.01207967948945253,-0.012079679489452544,0.0,0.0,Bear,False,-0.01807425389833335,-0.018074253898333392,-0.0058917094723646085,-0.005891709472364615
2015-01-07,-0.0012366298680745423,-0.0012366298680744903,0.0,0.0,Bear,False,-0.0018558927526419722,-0.0018558927526419744,-0.0004507206327597829,-0.00045072063275974905
2015-01-08,0.006470861407241361,0.006470861407241291,0.0,0.0,Bear,False,0.009739249067172358,0.009739249067172384,0.0009171272305211406,0.0009171272305210643
2015-01-09,0.002418985609782552,0.002418985609782487,0.0,0.0,Bear,False,0.003630951075191965,0.003630951075191957,0.0003333274679700941,0.00033332746796999047
2015-01-12,0.0018556738295353531,0.0018556738295354425,0.0,0.0,Bear,False,0.002787174147076644,0.002787174147076632,0.004580292101953675,0.004580292101953765
2015-01-13,-0.0011329988097628716,-0.0018064253564240573,0.0006741904035859331,0.3370952017929666,Crisis,True,-0.0017021407216341955,-0.0017042637038290342,0.0018338858770358863,0.0018320743332937983
2015-01-14,-0.0015807407313182622,-0.0015807407313183086,0.0,0.0,Crisis,False,-0.0015837851729002762,-0.0015837851729002539,-0.0027545314159201544,-0.0027545314159201917
2015-01-15,0.0009658766551920127,0.0009658766551920994,0.0,0.0,Crisis,False,0.015683844762313215,0.015683844762313104,0.00778079332067496,0.00778079332067505
2015-01-16,0.005512974045675449,0.005512974045675412,0.0,0.0,Crisis,False,0.001404878840018597,0.0014048788400184975,0.007887186460715406,0.007887186460715512
2015-01-19,0.0024955992476110842,0.0024955992476110023,0.0,0.0,Crisis,False,0.002622925205908773,0.002622925205908677,0.004395410796659562,0.004395410796659505
2015-01-20,0.0037268384247685763,0.0037268384247686193,0.0,0.0,Crisis,False,0.01029257512643174,0.01029257512643178,0.009170702371959378,0.009170702371959383
2015-01-21,0.0014355135263275363,0.0014355135263275365,0.0,0.0,Crisis,False,0.002382563974869506,0.002382563974869578,0.0028716650304594585,0.002871665030459436
2015-01-22,-0.0019075696895476304,-0.001907569689547639,0.0,0.0,Crisis,False,0.0022326856691130435,0.0022326856691130548,-0.0015692799895872973,-0.0015692799895873355
2015-01-23,0.001201270290617276,0.001201270290617229,0.0,0.0,Crisis,False,0.00519481171625748,0.005194811716257464,0.003725803165749613,0.0037258031657496637
2015-01-27,-0.0014360375001454188,-0.0014360375001454262,0.0,0.0,Crisis,False,0.0052128070114149895,0.0052128070114150216,0.00029200590086013315,0.00029200590086020384
2015-01-28,0.0011970327642228465,0.001197032764222783,0.0,0.0,Crisis,False,0.0002630818124261588,0.0002630818124260692,0.001672293637741274,0.001672293637741351
2015-01-29,-0.001361206445143582,-0.0013612064451435923,0.0,0.0,Crisis,False,0.0026337087273480553,0.0026337087273480275,-0.0006757608692552913,-0.0006757608692552486
2015-01-30,0.004568049253691425,0.004568049253691475,0.0,0.0,Crisis,False,-0.008204811512961041,-0.008204811512961041,-0.0006959152308734055,-0.0006959152308734229
2015-02-02,-0.000979244267161434,-0.0009792442671614499,0.0,0.0,Crisis,False,-0.0008004769904714157,-0.000800476990471366,-0.0016161631213283958,-0.0016161631213283956
2015-02-03,-0.0005818380254666112,-0.00058183802546663,0.0,0.0,Crisis,False,-0.002845752227896006,-0.002845752227895959,-0.001947395309426582,-0.0019473953094265584
2015-02-04,-0.002895223223653076,-0.0028952232236530984,0.0,0.0,Crisis,False,-0.002294915294316681,-0.0022949152943166906,-0.004756020182692751,-0.004756020182692722
2015-02-05,0.000841028907270181,0.0008410289072702248,0.0,0.0,Crisis,False,-0.0008362821080651238,-0.0008362821080650784,0.0007503107752104594,0.0007503107752104832
2015-02-06,-0.00034853372572060844,-0.00034853372572063446,0.0,0.0,Crisis,False,-0.003553592865638429,-0.0035535928656383886,-0.0019300810863002445,-0.0019300810863002171
2015-02-09,-0.005296548285545328,-0.005296548285545377,0.0,0.0,Crisis,False,-0.009473531197856124,-0.0094735311978561,-0.010916058969718818,-0.010916058969718812
2015-02-10,0.0003402726043035506,0.00034027260430358197,0.0,0.0,Crisis,False,0.0027833371087700176,0.00278333710876999,0.0016091773799920294,0.0016091773799919995
2015-02-11,0.000588298606098971,0.0005882986060989914,0.0,0.0,Crisis,False,0.004379396716364482,0.004379396716364559,0.0026031911197387137,0.0026031911197386126
2015-02-12,-0.0013829086560756365,-0.0028472642309381735,0.0014663834492276509,0.7331917246138254,Bull,True,0.005932309094044061,0.005911145845282073,0.0006491970597815489,0.0006274137400616997
2015-02-13,0.008629690816142272,0.008629690816142288,0.0,0.0,Bull,False,0.006474825932545558,0.006474825932545558,0.005098817272414901,0.005098817272414902
2015-02-16,0.0003504931045779711,0.00035049310457790916,0.0,0.0,Bull,False,0.00026343263326284886,0.00026343263326289446,0.0010063013365620495,0.0010063013365619877
2015-02-18,0.005438116775504988,0.005438116775505097,0.0,0.0,Bull,False,0.004087675642034085,0.00408767564203405,-0.001089989311932152,-0.0010899893119321602
2015-02-19,0.002371700270579227,0.0023717002705792023,0.0,0.0,Bull,False,0.001785136417423208,0.001785136417423283,-8.975540733188085e-06,-8.975540733202614e-06
2015-02-20,-0.005572024495561391,-0.0055720244955613785,0.0,0.0,Bull,False,-0.00419641891664984,-0.004196418916649791,-0.0024957376245671,-0.002495737624567118
2015-02-23,-0.007142473479850954,-0.007142473479850975,0.0,0.0,Bull,False,-0.0053717291277070945,-0.005371729127707114,-0.004692494521080621,-0.00469249452108067
2015-02-24,0.0006519000333325994,0.0006519000333327085,0.0,0.0,Bull,False,0.00048685961011003,0.0004868596101099687,-0.0028041020237210812,-0.0028041020237210557
2015-02-25,0.0004707858054185397,0.00047078580541848325,0.0,0.0,Bull,False,0.0003534977013489101,0.0003534977013488483,0.0011810105004251233,0.0011810105004250726
2015-02-26,-0.007617821901616621,-0.007617821901616639,0.0,0.0,Bull,False,-0.005718096622535368,-0.005718096622535418,-0.0035496943500688215,-0.0035496943500687994
2015-02-27,0.015599796202867718,0.015599796202867777,0.0,0.0,Bull,False,0.012691939417502084,0.012691939417502018,0.006956192298008104,0.006956192298008146
2015-03-02,0.010164633205518251,0.010164633205518303,0.0,0.0,Bull,False,0.007637947621640639,0.007637947621640606,0.007734608250126396,0.007734608250126396
2015-03-03,0.0035447217508394104,0.003544721750839308,0.0,0.0,Bull,False,0.002671152129883602,0.0026711521298836693,-0.0009402076710215905,-0.0009402076710215423
2015-03-04,-0.006579491531771706,-0.006579491531771731,0.0,0.0,Bull,False,-0.004959841032839962,-0.004959841032839973,-0.002968170003587432,-0.0029681700035874004
2015-03-05,0.0013571866108553442,0.0013571866108552655,0.0,0.0,Bull,False,0.0010194260613388124,0.0010194260613387573,0.0025353406067060063,0.0025353406067059048
2015-03-09,-0.016268641603518312,-0.016268641603518263,0.0,0.0,Bull,False,-0.01225168644472263,-0.012251686444722631,-0.009871977519426497,-0.009871977519426478
2015-03-10,-0.004084689888157265,-0.004084689888157245,0.0,0.0,Bull,False,-0.003064241688863287,-0.003064241688863323,-0.004508661957635657,-0.004508661957635662
2015-03-11,-0.0011122378093426106,-0.0011122378093426644,0.0,0.0,Bull,False,-0.0008360751095846371,-0.0008360751095846108,-0.00205818914381069,-0.002058189143810729
2015-03-12,0.006987726479367932,0.006987726479367851,0.0,0.0,Bull,False,0.005237776578460779,0.005237776578460807,0.0021929692721059635,0.0021929692721058824
2015-03-13,-0.011698865926975041,-0.011698865926975,0.0,0.0,Bull,False,-0.008780075491637172,-0.008780075491637174,-0.005644746113723613,-0.005644746113723564
2015-03-16,-0.0013495862754556837,-0.001349586275455672,0.0,0.0,Bull,False,-0.0010124557205012262,-0.0010124557205012374,-0.0004341433799757567,-0.0004341433799757155
2015-03-17,0.008331947369902407,0.006824180139775926,0.0014953083992421128,0.7476541996210564,Crisis,True,0.00623266361395246,0.00623139066646794,0.0019026639280709215,0.0018820569773005946
2015-03-18,-0.0009103684633308279,-0.0009103684633308129,0.0,0.0,Crisis,False,-0.0025723807435165777,-0.0025723807435166224,-0.0023461049716516635,-0.0023461049716516635
2015-03-19,0.0001326833493483805,0.00013268334934846138,0.0,0.0,Crisis,False,-0.0035300466690058097,-0.003530046669005804,-0.0013842017552168923,-0.0013842017552169184
2015-03-20,-9.602969756347234e-05,-9.602969756350443e-05,0.0,0.0,Crisis,False,-0.004411690560050397,-0.004411690560050419,-0.002065697390510003,-0.0020656973905099907
2015-03-23,0.0008090374228869796,0.0008090374228870711,0.0,0.0,Crisis,False,-0.0013943122098486382,-0.0013943122098486471,0.0004811341772240768,0.00048113417722417395
2015-03-24,0.0014929136750054847,0.0014929136750054806,0.0,0.0,Crisis,False,-0.0005492617645453156,-0.0005492617645452835,0.0017529350133922684,0.0017529350133922428
2015-03-25,-0.00030814443024141205,-0.00030814443024140825,0.0,0.0,Crisis,False,-0.0008462133596559929,-0.0008462133596559562,-0.0007820896255029546,-0.0007820896255029686
2015-03-26,0.004388104584738092,0.0043881045847380395,0.0,0.0,Crisis,False,-0.013153737410181391,-0.013153737410181443,0.00015264600076810906,0.00015264600076814183
2015-03-27,-0.0037096789184427104,-0.0037096789184427603,0.0,0.0,Crisis,False,-4.8788867815288774e-05,-4.878886781534142e-05,-0.005023333303551991,-0.00502333330355198
2015-03-30,1.6173738687987483e-05,1.6173738687896844e-05,0.0,0.0,Crisis,False,0.010659001921747756,0.010659001921747846,0.004632735393866412,0.004632735393866438
2015-03-31,0.0017655485551832412,0.001765548555183294,0.0,0.0,Crisis,False,0.0016863146241734431,0.0016863146241734572,-0.0002945833669920782,-0.0002945833669920628
2015-04-01,0.0020903845329776883,0.002090384532977607,0.0,0.0,Crisis,False,0.006641673858252191,0.006641673858252206,0.005715135377098171,0.005715135377098113
2015-04-06,0.005674132608140617,0.005674132608140647,0.0,0.0,Crisis,False,0.005109220467952074,0.005109220467952147,0.009824060778748697,0.009824060778748755
2015-04-07,-0.0010223666465901285,-0.001022366646590167,0.0,0.0,Crisis,False,2.3309956801763277e-05,2.330995680166481e-05,-0.0013459538856495997,-0.00134595388564962
2015-04-08,0.000511006075110663,0.000511006075110565,0.0,0.0,Crisis,False,0.0037307511441187664,0.0037307511441186936,0.002304950407229601,0.0023049504072296667
2015-04-09,-0.0032644846384379074,-0.00326448463843787,0.0,0.0,Crisis,False,0.00439009540263476,0.004390095402634797,-0.0024370486459087213,-0.002437048645908768
2015-04-10,0.001368979897229371,0.0013689798972293943,0.0,0.0,Crisis,False,0.00014441245128866262,0.00014441245128860025,0.0018777077581770367,0.001877707758177083
2015-04-13,0.0005589839031470664,0.0005589839031470145,0.0,0.0,Crisis,False,0.003665114436252578,0.0036651144362525034,0.002356596664368697,0.0023565966643686043
2015-04-15,-0.0017942240718188892,-0.0017942240718188396,0.0,0.0,Crisis,False,0.0,0.0,-0.0023830744660183587,-0.0023830744660183756
2015-04-16,0.0015008629763825308,0.001500862976382633,0.0,0.0,Crisis,False,-0.008670444050778488,-0.008670444050778436,-0.0018238021839567795,-0.0018238021839567242
2015-04-17,-0.00026308618224505037,-0.00026308618224502034,0.0,0.0,Crisis,False,-0.006926280753213522,-0.006926280753213554,-0.003365670583940017,-0.0033656705839399947
2015-04-20,0.0009021833861327113,0.0008903678405760562,1.180489537613074e-05,0.00590244768806537,Crisis,True,-0.010925413304391993,-0.010942769495106308,-0.0035527428152304598,-0.0035750948200401478
2015-04-21,0.0020396840288673442,0.00203968402886745,0.0,0.0,Crisis,False,-0.005000566833311048,-0.005000566833311071,0.0005457509327917446,0.0005457509327917442
2015-04-22,-0.0022658860879526343,-0.00226588608795264,0.0,0.0,Crisis,False,0.003708143871047028,0.0037081438710471204,-0.001416669383321543,-0.0014166693833215227
2015-04-23,-0.0018126914448458886,-0.0018126914448458598,0.0,0.0,Crisis,False,-0.002228832383136034,-0.0022288323831359813,-0.003398649963430443,-0.0033986499634304224
2015-04-24,0.000980485146874837,0.0009804851468748765,0.0,0.0,Crisis,False,-0.006632029648303978,-0.006632029648304005,-0.0015856653049196481,-0.001585665304919659
2015-04-27,-0.0020377466269763476,-0.002037746626976311,0.0,0.0,Crisis,False,-0.006565783143282298,-0.006565783143282267,-0.0055743986738577105,-0.005574398673857672
2015-04-28,0.002301678391408851,0.0023016783914089345,0.0,0.0,Crisis,False,0.005185671347301684,0.005185671347301746,0.005345274261961661,0.005345274261961741
2015-04-29,0.0036816014042200373,0.003681601404220025,0.0,0.0,Crisis,False,-0.0015835819465820366,-0.0015835819465820355,0.000973985926235095,0.0009739859262349881
2015-04-30,0.0007079399707032996,0.0007079399707032863,0.0,0.0,Crisis,False,-0.004196059593593879,-0.004196059593593926,-0.0008569077556009586,-0.0008569077556009885
2015-05-04,-0.0022293022037760423,-0.00222930220377604,0.0,0.0,Crisis,False,0.01087692343196743,0.010876923431967445,0.0016833803029414833,0.0016833803029414618
2015-05-05,-0.0005221355638575064,-0.0005221355638574954,0.0,0.0,Crisis,False,-0.0005111888446595424,-0.0005111888446595048,-0.000922682160168524,-0.0009226821601685531
2015-05-06,-0.00020721117489655482,-0.00020721117489652663,0.0,0.0,Crisis,False,-0.016293973688078577,-0.01629397368807861,-0.007374435083108089,-0.0073744350831080885
2015-05-07,0.0005753845774276352,0.0005753845774276733,0.0,0.0,Crisis,False,-0.002886695496633147,-0.002886695496633118,-0.0004685160596958524,-0.0004685160596958893
2015-05-08,0.000430182890523076,0.0004301828905231009,0.0,0.0,Crisis,False,0.009786264918849586,0.009786264918849596,0.004795510232323972,0.004795510232324052
2015-05-11,0.0005285601327922375,0.0005285601327922329,0.0,0.0,Crisis,False,0.009658910720358526,0.009658910720358627,0.004891285814983446,0.004891285814983437
2015-05-12,-0.0002632834645126972,-0.0002632834645126536,0.0,0.0,Crisis,False,-0.014183452712180956,-0.01418345271218091,-0.006519431168389281,-0.006519431168389267
2015-05-13,0.002046337892551192,0.0020463378925512643,0.0,0.0,Crisis,False,0.00787214913647938,0.00787214913647949,0.006157156525541364,0.006157156525541385
2015-05-14,0.0031969606856790188,0.0031969606856789845,0.0,0.0,Crisis,False,-0.0008098613125839631,-0.0008098613125839815,0.003945950618411232,0.003945950618411187
2015-05-15,-0.000773071602197942,-0.0007730716021979722,0.0,0.0,Crisis,False,0.00274851342998002,0.0027485134299800595,0.00014408088332292434,0.00014408088332285018
2015-05-18,0.003220704867793499,0.003220704867793467,0.0,0.0,Crisis,False,0.007996798948511661,0.007996798948511685,0.007768981858824797,0.007768981858824908
2015-05-19,-0.001926738228969668,-0.0019267382289697155,0.0,0.0,Crisis,False,-0.0005702283412302652,-0.0005702283412302167,-0.0028190380331411715,-0.002819038033141208
2015-05-20,-0.0011893992019110149,-0.001193432110077941,4.037710616756299e-06,0.0020188553083781494,Crisis,True,0.004107958688145829,0.004104508223963466,0.0001859895997469497,0.00017975001510484034
2015-05-21,0.0001958344294572345,0.00019583442945725338,0.0,0.0,Crisis,False,-0.00016027067936963402,-0.00016027067936963402,0.00019124539597984805,0.00019124539597981105
2015-05-22,-0.0013385245714093287,-0.0013385245714093719,0.0,0.0,Crisis,False,0.00270367935828025,0.0027036793582801977,-0.0006069108088840817,-0.0006069108088840869
2015-05-25,-0.0010098143686071827,-0.0010098143686071426,0.0,0.0,Crisis,False,-0.00630221387561139,-0.006302213875611362,-0.004099086351467388,-0.004099086351467385
2015-05-26,-0.0008354866569188276,-0.0008354866569187935,0.0,0.0,Crisis,False,-0.0022094196324830384,-0.0022094196324830007,-0.0020797569170667735,-0.002079756917066744
2015-05-27,-0.000713344720350922,-0.0007133447203508947,0.0,0.0,Crisis,False,-0.0003403834604429372,-0.0003403834604429612,-0.0011028096897210636,-0.001102809689721096
2015-05-28,-0.0005173228095932151,-0.000517322809593268,0.0,0.0,Crisis,False,-0.0011182435833301486,-0.0011182435833301252,-0.001180286490379729,-0.0011802864903797117
2015-05-29,0.003434682852075698,0.00343468285207571,0.0,0.0,Crisis,False,0.00991046645438306,0.009910466454382982,0.005685532408729992,0.005685532408729932
2015-06-01,-0.0008661520778823201,-0.0008661520778823206,0.0,0.0,Crisis,False,-1.366076624570765e-05,-1.3660766245759959e-05,-0.0011714139491314796,-0.0011714139491314501
2015-06-02,0.0004763009371617508,0.0004763009371617777,0.0,0.0,Crisis,False,-0.013995489269983043,-0.013995489269983064,-0.005502330698330641,-0.005502330698330615
2015-06-03,-0.0008453985674431713,-0.0008453985674431452,0.0,0.0,Crisis,False,-0.007304272037932839,-0.007304272037932824,-0.004313513296032775,-0.0043135132960328
2015-06-04,-0.0005323395201133844,-0.0005323395201133341,0.0,0.0,Crisis,False,-0.0003272773726527069,-0.0003272773726527012,-0.0008522731484304333,-0.0008522731484303936
2015-06-05,-0.0018367459861411038,-0.0018367459861411417,0.0,0.0,Crisis,False,-0.0011541332402546407,-0.0011541332402545956,-0.002988185102756819,-0.0029881851027567796
2015-06-08,-7.679002595026632e-05,-7.679002595029072e-05,0.0,0.0,Crisis,False,-0.005129548233668899,-0.005129548233668846,-0.0023331718489179036,-0.002333171848917903
2015-06-09,-0.00020026723892998215,-0.00020026723892996312,0.0,0.0,Crisis,False,-0.0015895457249432586,-0.0015895457249432976,-0.0009601783608263406,-0.0009601783608262915
2015-06-10,0.001099300548840757,0.0010993005488406649,0.0,0.0,Crisis,False,0.007469970729817609,0.007469970729817588,0.004725621835710707,0.0047256218357107915
2015-06-11,-0.0033688659091376263,-0.0033688659091376527,0.0,0.0,Crisis,False,-0.011559604630736683,-0.011559604630736686,-0.009570702925968634,-0.009570702925968622
2015-06-12,0.0017262547944853631,0.0017262547944854045,0.0,0.0,Crisis,False,0.0012900137396375374,0.0012900137396374411,0.0029053574253733866,0.002905357425373456
2015-06-15,-0.0001325044131886601,-0.00013250441318868322,0.0,0.0,Crisis,False,0.002275746363266009,0.002275746363266107,0.0008049242925593788,0.0008049242925594058
2015-06-16,0.0009045658785653046,0.0009045658785653554,0.0,0.0,Crisis,False,0.0024463587174722843,0.002446358717472341,0.002287024426885423,0.0022870244268853313
2015-06-17,-0.0001326432069800465,-0.00013264320698003207,0.0,0.0,Crisis,False,0.0032331590887294567,0.0032331590887295647,0.001221741467672751,0.0012217414676727323
2015-06-18,0.0021386352245041946,0.0021229371796336327,1.5664544124985552e-05,0.007832272062492776,Crisis,True,0.006048575282744649,0.006032033661294456,0.005519628359511258,0.005507631513154365
2015-06-19,-9.516279920488313e-06,-9.5162799205184e-06,0.0,0.0,Crisis,False,0.0036956007918249154,0.00369560079182496,0.0016736785562443772,0.0016736785562443401
2015-06-22,-0.0005674327933253427,-0.0005674327933253842,0.0,0.0,Crisis,False,0.009367207238160823,0.009367207238160757,0.0035358191723325037,0.0035358191723324772
2015-06-23,-0.0018427511729726097,-0.001842751172972612,0.0,0.0,Crisis,False,0.00206119354990399,0.0020611935499039724,-0.0014949008428083467,-0.0014949008428083443
2015-06-24,-0.001186064713219681,-0.0011860647132196922,0.0,0.0,Crisis,False,-0.0014925917863598194,-0.0014925917863598537,-0.0022686921396751635,-0.002268692139675177
2015-06-25,0.0011574046352973463,0.0011574046352973433,0.0,0.0,Crisis,False,0.0026899943763405093,0.002689994376340543,0.0027779254331721046,0.0027779254331721237
2015-06-26,-0.0003981924155722858,-0.0003981924155722627,0.0,0.0,Crisis,False,-0.0012204445405417147,-0.0012204445405417097,-0.001091061413777938,-0.0010910614137779051
2015-06-29,0.0006757321085039563,0.0006757321085040235,0.0,0.0,Crisis,False,-0.004533293021077139,-0.004533293021077189,-0.0011978256297773126,-0.001197825629777327
2015-06-30,0.0019114580050911272,0.0019114580050911822,0.0,0.0,Crisis,False,0.0051743863934574814,0.005174386393457464,0.001862172767948222,0.0018621727679482003
2015-07-01,0.0002434441073195671,0.00024344410731957922,0.0,0.0,Crisis,False,0.006109365635435095,0.006109365635435182,0.003144411734135513,0.0031444117341354882
2015-07-02,-0.0015811811781308912,-0.001581181178130886,0.0,0.0,Crisis,False,-0.0005891837917526372,-0.0005891837917526566,-0.002358707223499529,-0.002358707223499512
2015-07-03,-0.0005732080187306216,-0.0005732080187306199,0.0,0.0,Crisis,False,0.0028783514417967193,0.0028783514417967115,0.0005680155478392452,0.0005680155478391402
2015-07-06,-0.0001239555392404007,-0.0001239555392403835,0.0,0.0,Crisis,False,0.002665252255718278,0.002665252255718231,0.0010831817056003467,0.001083181705600289
2015-07-07,0.0007477086054160671,0.0007477086054161752,0.0,0.0,Crisis,False,-0.0008111633721392042,-0.0008111633721391565,0.0006106839635923646,0.0006106839635924288
2015-07-08,-0.001030404391234492,-0.001030404391234474,0.0,0.0,Crisis,False,-0.010563557976700565,-0.01056355797670061,-0.006283367070751271,-0.006283367070751278
2015-07-09,0.0012968068201671648,0.0012968068201670846,0.0,0.0,Crisis,False,-0.002497797003456097,-0.0024977970034560926,0.0005748610829712082,0.0005748610829712231
2015-07-10,-0.0012629940114640525,-0.0012629940114640137,0.0,0.0,Crisis,False,0.0023228839369178727,0.002322883936917819,-0.0006154292526763599,-0.000615429252676325
2015-07-13,-0.0009723311194768482,-0.0009723311194768103,0.0,0.0,Crisis,False,0.007160957546220188,0.007160957546220148,0.002031117514692761,0.0020311175146927596
2015-07-14,-0.0005384496300583791,-0.0005384496300583352,0.0,0.0,Crisis,False,-0.00039456268583289524,-0.0003945626858329332,-0.0009051002827191732,-0.0009051002827191734
2015-07-15,0.0005047873028097282,0.0005047873028096728,0.0,0.0,Crisis,False,0.005005408993508031,0.005005408993508098,0.0029999783084878355,0.0029999783084877496
2015-07-16,-0.0012108533118896363,-0.001210853311889637,0.0,0.0,Crisis,False,0.006020146846415374,0.006020146846415386,0.0012074828273211102,0.0012074828273211935
2015-07-17,-0.00022500568328178442,-0.0009303056312192082,0.0007054586801498713,0.3527293400749356,Bear,True,0.00012783679557126312,0.00010490683733932471,-0.00023692004943518923,-0.0002685136813305178
2015-07-20,-0.0002973066555448844,-0.0002973066555448378,0.0,0.0,Bear,False,-0.0004459599890477728,-0.0004459599890477284,-0.004145304341083511,-0.004145304341083511
2015-07-21,-0.0034389453628207453,-0.0034389453628207445,0.0,0.0,Bear,False,-0.005159185290457552,-0.0051591852904575575,-0.002082763300742349,-0.0020827633007423074
2015-07-22,0.0048461315144208384,0.004846131514420815,0.0,0.0,Bear,False,0.0072878439588361585,0.007287843958836193,-0.003530829662829738,-0.003530829662829693
2015-07-23,-0.002022072993795817,-0.002022072993795865,0.0,0.0,Bear,False,-0.003036397806864372,-0.003036397806864377,-0.0005999789364062617,-0.0005999789364062869
2015-07-24,-0.0031737433232075195,-0.003173743323207523,0.0,0.0,Bear,False,-0.004762835381798881,-0.004762835381798891,-0.0035759490370532374,-0.003575949037053272
2015-07-27,-0.007495598148325527,-0.007495598148325566,0.0,0.0,Bear,False,-0.011261605151488266,-0.011261605151488219,-0.005375655351507421,-0.0053756553515074135
2015-07-28,-0.0011280503270331068,-0.0011280503270331144,0.0,0.0,Bear,False,-0.001702025932669375,-0.0017020259326693266,-0.0014080354524156427,-0.0014080354524156347
2015-07-29,0.0017964760914973145,0.0017964760914972455,0.0,0.0,Bear,False,0.002707056858181119,0.0027070568581810672,9.442415351096437e-05,9.442415351101907e-05
2015-07-30,0.0021898597438658025,0.002189859743865874,0.0,0.0,Bear,False,0.0033080522807112547,0.0033080522807111823,0.0008135922782652104,0.0008135922782652738
2015-07-31,0.0076222038359666094,0.007622203835966568,0.0,0.0,Bear,False,0.009460390287098759,0.009460390287098663,0.005296984565549973,0.005296984565549945
2015-08-03,0.00048057708469669805,0.00048057708469673166,0.0,0.0,Bear,False,0.0007176156808336901,0.0007176156808337275,0.0010274386922219333,0.0010274386922219936
2015-08-04,-0.0012218458675940871,-0.0012218458675941068,0.0,0.0,Bear,False,-0.0018319729525136138,-0.001831972952513583,-0.0017882725105210218,-0.0017882725105210495
2015-08-05,0.0023824078837323638,0.0023824078837324514,0.0,0.0,Bear,False,0.0035791006142267432,0.0035791006142267268,-0.000513408722730984,-0.0005134087227309792
2015-08-06,0.0009551468058518667,0.0009551468058519585,0.0,0.0,Bear,False,0.001440370783109095,0.0014403707831089907,0.0004305769726169664,0.0004305769726169473
2015-08-07,-0.0011096798115953828,-0.0011096798115953765,0.0,0.0,Bear,False,-0.0016717663384924184,-0.0016717663384924197,0.0008504745679083142,0.0008504745679083214
2015-08-10,-0.0018174652028782733,-0.0018174652028782878,0.0,0.0,Bear,False,-0.0027261396708558603,-0.002726139670855887,-0.0002244271763687421,-0.00022442717636872445
2015-08-11,-0.0029429791980460827,-0.0029429791980460918,0.0,0.0,Bear,False,-0.004426677947952545,-0.004426677947952595,0.0038351747416787204,0.003835174741678715
2015-08-12,-0.005268637937553312,-0.005268637937553278,0.0,0.0,Bear,False,-0.007936624526102621,-0.007936624526102665,0.00010676306214022543,0.00010676306214030262
2015-08-13,0.00030640276322177793,0.0003064027632218025,0.0,0.0,Bear,False,0.0004576160826087385,0.0004576160826086362,0.0014673452025710605,0.0014673452025710798
2015-08-14,0.007630550691891786,0.007630550691891891,0.0,0.0,Bear,False,0.01152375747030061,0.011523757470300655,0.00577394728001436,0.0057739472800144576
2015-08-17,-0.0019199522765428502,-0.0027277403817511647,0.0008093420032299471,0.4046710016149736,Bull,True,-0.002888377150488047,-0.0028977285983343704,0.0003955811803112556,0.0003874405145218862
2015-08-18,-0.0010144739373060979,-0.0010144739373061373,0.0,0.0,Bull,False,-0.0007608554785845544,-0.0007608554785845101,0.0011632507022489116,0.0011632507022489857
2015-08-19,0.0027017687077325538,0.0027017687077326435,0.0,0.0,Bull,False,0.002025812280723533,0.0020258122807235157,0.0010951416991324169,0.0010951416991324958
2015-08-20,-0.011531458989800035,-0.011531458989800014,0.0,0.0,Bull,False,-0.008652232151362772,-0.008652232151362793,-0.0001322452859517341,-0.00013224528595168206
2015-08-21,-0.006938551507532117,-0.006938551507532087,0.0,0.0,Bull,False,-0.005190982215139417,-0.0051909822151394724,0.002137489377662851,0.0021374893776628934
2015-08-24,-0.04712148512671375,-0.04712148512671377,0.0,0.0,Bull,False,-0.035193937021022755,-0.0351939370210228,-0.015063682599741559,-0.015063682599741557
2015-08-25,0.007221797124859214,0.007221797124859153,0.0,0.0,Bull,False,0.005326720729319767,0.005326720729319723,-0.0013185025822173434,-0.001318502582217329
2015-08-26,-0.008882852592111853,-0.008882852592111856,0.0,0.0,Bull,False,-0.006561595497983427,-0.006561595497983408,-0.007457779441925061,-0.00745777944192505
2015-08-27,0.015848630954582367,0.015848630954582443,0.0,0.0,Bull,False,0.011681781392424404,0.011681781392424373,0.0032702780206509637,0.0032702780206510518
2015-08-28,0.005266209805473725,0.005266209805473654,0.0,0.0,Bull,False,0.003901159632489339,0.0039011596324893816,0.004587001708011912,0.004587001708011851
2015-08-31,-0.002195014883214062,-0.0021950148832140526,0.0,0.0,Bull,False,-0.0005976218049793592,-0.0005976218049793536,0.0026906538991228034,0.002690653899122708
2015-09-01,-0.018360954095772177,-0.01836095409577221,0.0,0.0,Bull,False,-0.013586543311528969,-0.013586543311528976,-0.005406780545667284,-0.0054067805456672335
2015-09-02,-0.0069492035856316805,-0.006949203585631669,0.0,0.0,Bull,False,-0.0051234590590598286,-0.005123459059059865,-0.005221373165215477,-0.005221373165215426
2015-09-03,0.01076924383944872,0.010769243839448661,0.0,0.0,Bull,False,0.007919843482064233,0.007919843482064204,0.0014722833082802481,0.0014722833082803088
2015-09-04,-0.016878128654212524,-0.016878128654212565,0.0,0.0,Bull,False,-0.012443498332046127,-0.012443498332046166,-0.006941796944517029,-0.00694179694451702
2015-09-07,-0.009840771996994045,-0.009840771996994069,0.0,0.0,Bull,False,-0.007225136932333251,-0.007225136932333287,-0.0031693303470577638,-0.003169330347057797
2015-09-08,0.013363926934351351,0.013363926934351289,0.0,0.0,Bull,False,0.00978254751068885,0.009782547510688744,0.005012514418869703,0.00501251441886974
2015-09-09,0.013281442431934654,0.013281442431934742,0.0,0.0,Bull,False,0.009759193074304754,0.00975919307430484,0.0034826701020282225,0.0034826701020282957
2015-09-10,-0.0030664486349761184,-0.003066448634976071,0.0,0.0,Bull,False,-0.0022604943143168022,-0.002260494314316852,-0.004315872793219008,-0.004315872793218989
2015-09-11,0.00012098871234131313,0.0001209887123412301,0.0,0.0,Bull,False,8.91172169288844e-05,8.911721692883567e-05,0.0006622778482187653,0.0006622778482188174
2015-09-14,0.00836439458263677,0.008364394582636825,0.0,0.0,Bull,False,0.0061611973888357685,0.006161197388835804,0.002488206153423294,0.002488206153423267
2015-09-15,-0.004314986231458745,-0.005785979740158931,0.0014773683327146054,0.7386841663573026,Crisis,True,-0.0031853705620771924,-0.0032256435324997668,-0.0019562872714572028,-0.001992752625976202
2015-09-16,0.0007052048273016945,0.0007052048273017419,0.0,0.0,Crisis,False,0.005368418118077489,0.005368418118077534,0.0033546527731518334,0.003354652773151834
2015-09-18,0.004154082679900952,0.004154082679900917,0.0,0.0,Crisis,False,0.0063040484167476395,0.006304048416747587,0.008372480595511418,0.008372480595511433
2015-09-21,-0.0014127663396583344,-0.0014127663396583667,0.0,0.0,Crisis,False,-0.0003635871382432277,-0.00036358713824324873,-0.00203436224292116,-0.002034362242921195
2015-09-22,-0.0012879437750664099,-0.001287943775066358,0.0,0.0,Crisis,False,-0.012507156856289087,-0.012507156856289114,-0.007348139414962257,-0.0073481394149622625
2015-09-23,-0.0009201033453874063,-0.0009201033453873908,0.0,0.0,Crisis,False,0.0026014218959936443,0.0026014218959935498,-5.3387788369427204e-05,-5.3387788369385625e-05
2015-09-24,0.0028671197807682396,0.002867119780768146,0.0,0.0,Crisis,False,0.001725930846031117,0.0017259308460311207,0.004594511093670321,0.0045945110936702616
2015-09-28,-0.000722764210206523,-0.0007227642102065612,0.0,0.0,Crisis,False,-0.005558573686404168,-0.005558573686404222,-0.003458959152968021,-0.003458959152968011
2015-09-29,-0.0016063973317765581,-0.0016063973317765878,0.0,0.0,Crisis,False,0.0036572602917064657,0.0036572602917064323,-0.0005067887252963791,-0.0005067887252964143
2015-09-30,0.003127823057861214,0.003127823057861301,0.0,0.0,Crisis,False,0.009636005994595558,0.009636005994595465,0.0054592301462865755,0.0054592301462865755
2015-10-01,-0.0021663262434650664,-0.002166326243465022,0.0,0.0,Crisis,False,0.00015568770806880265,0.00015568770806884125,-0.002816381749818402,-0.002816381749818353
2015-10-05,0.0033640969872398853,0.0033640969872399396,0.0,0.0,Crisis,False,0.012766635163114057,0.01276663516311416,0.010245751245609442,0.010245751245609336
2015-10-06,0.0010249984950037186,0.0010249984950037039,0.0,0.0,Crisis,False,0.002515160862333997,0.0025151608623339428,0.002493731309673692,0.0024937313096737856
2015-10-07,0.0010717108836580883,0.0010717108836579836,0.0,0.0,Crisis,False,0.001825385289432232,0.0018253852894323241,0.0022485487703239548,0.002248548770323877
2015-10-08,-0.001217853654584617,-0.0012178536545845997,0.0,0.0,Crisis,False,-0.0035772712315379996,-0.0035772712315379485,-0.0032328069984053024,-0.0032328069984053354
2015-10-09,0.002069614523797104,0.0020696145237970587,0.0,0.0,Crisis,False,0.0045141563546359205,0.004514156354635812,0.0047761716712405155,0.004776171671240448
2015-10-12,0.001825606168420015,0.0018256061684200908,0.0,0.0,Crisis,False,-0.0034327676128975415,-0.0034327676128975693,0.0008484692923900426,0.0008484692923900194
2015-10-13,-0.0018169554287546994,-0.0018169554287547074,0.0,0.0,Crisis,False,-0.0008891588446308871,-0.0008891588446309218,-0.0027948103673024654,-0.002794810367302447
2015-10-14,0.002626228568290023,0.00262622856829009,0.0,0.0,Crisis,False,-0.0017839228248976082,-0.001783922824897588,0.00266546113537953,0.0026654611353795765
2015-10-15,0.002243963401659975,0.0022439634016599985,0.0,0.0,Crisis,False,0.00536827188922816,0.00536827188922806,0.005365853562708886,0.0053658535627088
2015-10-16,-0.000823976600054651,-0.0008239766000546211,0.0,0.0,Crisis,False,0.004366652305665155,0.004366652305665131,0.0008884384021547236,0.0008884384021548009
2015-10-19,-0.0007071320300842691,-0.0012144308134200976,0.0005076577644012877,0.2538288822006438,Bear,True,0.002741742022587852,0.002717081568967883,0.00030157061027724646,0.0002838470773569579
2015-10-20,-0.0003238511588984444,-0.0003238511588984361,0.0,0.0,Bear,False,-0.0009715528760861458,-0.0009715528760861902,0.0006148029181626268,0.0006148029181625159
2015-10-21,-0.00024056471057345627,-0.0002405647105734321,0.0,0.0,Bear,False,-0.000722161588610887,-0.0007221615886109367,0.0008010457350927248,0.0008010457350926536
2015-10-23,0.001057993178993441,0.001057993178993355,0.0,0.0,Bear,False,0.003177566005717952,0.0031775660057180577,-0.00016395812762554063,-0.00016395812762548534
2015-10-26,-0.0008430937495434443,-0.0008430937495433888,0.0,0.0,Bear,False,-0.002526789128448201,-0.0025267891284481703,-0.002789160634746776,-0.002789160634746768
2015-10-27,-0.0006766349173727505,-0.0006766349173727981,0.0,0.0,Bear,False,-0.0020109623234713906,-0.0020109623234714213,0.00059164978011123,0.0005916497801112808
2015-10-28,-0.0014927682102065362,-0.0014927682102064965,0.0,0.0,Bear,False,-0.004487435704357346,-0.00448743570435739,-0.0012910954425670244,-0.001291095442567003
2015-10-29,-0.0014323241074720799,-0.0014323241074720716,0.0,0.0,Bear,False,-0.004339184431033152,-0.004339184431033205,-0.0036565534673266807,-0.0036565534673266287
2015-10-30,0.001850254205415439,0.0018502542054155136,0.0,0.0,Bear,False,-0.0018771802919161468,-0.0018771802919161917,-0.0011806364757473928,-0.0011806364757473986
2015-11-02,-0.0003713118682601603,-0.00037131186826011575,0.0,0.0,Bear,False,-0.00110676166070509,-0.0011067616607051134,-0.004623016482720622,-0.0046230164827206766
2015-11-03,0.00024789128936909236,0.00024789128936908433,0.0,0.0,Bear,False,0.0007326803110294784,0.0007326803110294655,-0.0016391208752347098,-0.0016391208752346564
2015-11-04,-0.0005045842327402154,-0.0005045842327402461,0.0,0.0,Bear,False,-0.0015116549031016196,-0.001511654903101567,-0.0030903652568276796,-0.0030903652568277096
2015-11-05,-0.002053935753089848,-0.002053935753089875,0.0,0.0,Bear,False,-0.006242076764656464,-0.00624207676465649,-0.0036024812792499216,-0.0036024812792498917
2015-11-06,-1.9904140689896495e-05,-1.990414068986368e-05,0.0,0.0,Bear,False,-8.117563389718795e-05,-8.11756338972014e-05,-0.0022742914627903363,-0.0022742914627903454
2015-11-09,-0.0009575906057598414,-0.0009575906057598393,0.0,0.0,Bear,False,-0.0029022071212872268,-0.0029022071212871925,0.0002791953171131333,0.0002791953171130679
2015-11-10,-0.003197086008796541,-0.0031970860087965347,0.0,0.0,Bear,False,-0.009797270924122858,-0.009797270924122858,-0.009288376444119137,-0.009288376444119173
2015-11-13,-0.0005145646933971107,-0.0005145646933970571,0.0,0.0,Bear,False,-0.0015840418126190107,-0.0015840418126190636,-0.004845898398883228,-0.004845898398883275
2015-11-16,0.0010740444481463628,0.001074044448146294,0.0,0.0,Bear,False,0.003330619622603448,0.0033306196226035034,0.003173667196957365,0.0031736671969573305
2015-11-17,0.0007624062424617131,0.0007624062424618216,0.0,0.0,Bear,False,0.002323571650289456,0.002323571650289402,-0.0013700440480177148,-0.0013700440480176601
2015-11-18,-0.0025755039627914115,-0.002575503962791381,0.0,0.0,Bear,False,-0.00790676858142597,-0.007906768581425916,-0.005597053597629628,-0.005597053597629631
2015-11-19,0.00270913025613602,0.00270913025613595,0.0,0.0,Bear,False,0.008361693344435596,0.008361693344435706,0.004936387457804877,0.004936387457804781
2015-11-20,0.00032799161721300057,-0.00038973062578306905,0.0007174869133030148,0.3587434566515074,Bull,True,0.0010272691484627806,0.0010004246551928997,0.0036857400752377564,0.003661809531589011
2015-11-23,-0.0011550058330106745,-0.0011550058330106472,0.0,0.0,Bull,False,-0.000557481709068619,-0.0005574817090686635,-0.0027660272747093892,-0.002766027274709426
2015-11-24,-0.0006292489520606083,-0.0006292489520606237,0.0,0.0,Bull,False,-0.001348664319750413,-0.0013486643197504478,0.0005273256274040712,0.000527325627404096
2015-11-26,0.0026639357507729873,0.00266393575077295,0.0,0.0,Bull,False,0.003998060983047131,0.003998060983047225,0.0011033531333299684,0.0011033531333299873
2015-11-27,0.003321136371762619,0.0033211363717626785,0.0,0.0,Bull,False,0.004484853633340204,0.004484853633340169,0.002347964119704863,0.0023479641197048373
2015-11-30,0.0005342665929589628,0.0005342665929588541,0.0,0.0,Bull,False,0.000958869054915037,0.0009588690549149348,-0.0015779930903268152,-0.0015779930903268014
2015-12-01,0.0018899503463897926,0.0018899503463898348,0.0,0.0,Bull,False,0.001489414480053183,0.0014894144800532416,0.0034130149482678148,0.003413014948267845
2015-12-02,-0.0016558323396999482,-0.001655832339699903,0.0,0.0,Bull,False,-0.0017823628508038419,-0.001782362850803798,-0.00205277411219885,-0.0020527741121988408
2015-12-03,-0.004561212918706814,-0.004561212918706814,0.0,0.0,Bull,False,-0.005098999876901714,-0.005098999876901766,-0.005284036072582635,-0.005284036072582654
2015-12-04,-0.004187268479297779,-0.004187268479297734,0.0,0.0,Bull,False,-0.00626424994132578,-0.006264249941325795,-0.0017681568320269175,-0.0017681568320269125
2015-12-07,0.0005759098721981828,0.0005759098721982436,0.0,0.0,Bull,False,-0.001269295681069125,-0.0012692956810691491,0.004400706370506812,0.004400706370506713
2015-12-08,-0.004518077181927574,-0.004518077181927538,0.0,0.0,Bull,False,-0.004887339120814168,-0.0048873391208141825,-0.005573312616478199,-0.005573312616478199
2015-12-09,-0.0045080710512542315,-0.004508071051254281,0.0,0.0,Bull,False,-0.006883002755068022,-0.006883002755068035,-0.001676981014868102,-0.0016769810148681286
2015-12-10,0.0034984116593623177,0.003498411659362377,0.0,0.0,Bull,False,0.005497047372263306,0.005497047372263308,0.0010260924522397473,0.0010260924522398351
2015-12-11,-0.004655817100315165,-0.004655817100315152,0.0,0.0,Bull,False,-0.005625390748075801,-0.005625390748075776,-0.004613585413683824,-0.0046135854136838406
2015-12-14,0.002494850237862653,0.002494850237862556,0.0,0.0,Bull,False,0.00307731390411655,0.0030773139041164743,0.002354012751938097,0.0023540127519381393
2015-12-15,0.002466801626203145,0.0024668016262030523,0.0,0.0,Bull,False,0.0039394743778934085,0.003939474377893326,0.0005879365683125516,0.0005879365683125748
2015-12-16,0.0028558038264857883,0.00285580382648587,0.0,0.0,Bull,False,0.0038584152233551564,0.0038584152233551716,0.002033436905582824,0.002033436905582775
2015-12-17,0.005268365833411928,0.005268365833411837,0.0,0.0,Bull,False,0.007183675521393832,0.007183675521393873,0.0036126285020147393,0.003612628502014825
2015-12-18,-0.0055811698552786174,-0.005581169855278567,0.0,0.0,Bull,False,-0.006289042259617277,-0.006289042259617239,-0.006385904315623124,-0.0063859043156231365
2015-12-21,0.005076635252371449,0.005076635252371453,0.0,0.0,Bull,False,0.005568468198301249,0.005568468198301257,0.006118325906439164,0.006118325906439237
2015-12-22,-0.00213326344632427,-0.0021861726267168313,5.3022290907600595e-05,0.026511145453800296,Bull,True,-0.0036930351914445133,-0.0036991812705180482,7.584271327983104e-05,7.045618510259644e-05
2015-12-23,0.004353978474341294,0.00435397847434138,0.0,0.0,Bull,False,0.006149383895504101,0.0061493838955040125,0.0012217787463083551,0.0012217787463084662
2015-12-24,-0.0003231992112937615,-0.0003231992112937565,0.0,0.0,Bull,False,-0.00037531809424853695,-0.00037531809424851126,-0.00032485961943596947,-0.00032485961943595765
2015-12-28,0.0038732816054595303,0.003873281605459633,0.0,0.0,Bull,False,0.004915107149693624,0.004915107149693565,0.0026729205322240297,0.00267292053222401
2015-12-29,0.0004175467615828973,0.0004175467615827877,0.0,0.0,Bull,False,0.00028974739112876406,0.00028974739112874737,0.0009889371154570916,0.0009889371154570004
2015-12-30,-0.0021338203246979177,-0.002133820324697888,0.0,0.0,Bull,False,-0.0024924530442241347,-0.0024924530442241855,-0.002097491123617676,-0.0020974911236176785
2015-12-31,0.004237418183893055,0.004237418183893116,0.0,0.0,Bull,False,0.005334736665036182,0.005334736665036255,0.0012432778017764613,0.0012432778017763546
2016-01-01,2.6620573477998432e-05,2.662057347802005e-05,0.0,0.0,Bull,False,-3.878332286031806e-06,-3.878332285989217e-06,0.00013332777813983323,0.00013332777813990226
2016-01-04,-0.008534412948977043,-0.008534412948977055,0.0,0.0,Bull,False,-0.011780971007458254,-0.01178097100745823,-0.0030872675133699753,-0.0030872675133699623
2016-01-05,8.361287841719713e-05,8.361287841718301e-05,0.0,0.0,Bull,False,-0.0005153867320990491,-0.0005153867320990546,0.0018680318283461857,0.0018680318283461617
2016-01-06,-0.002204307141357331,-0.002204307141357331,0.0,0.0,Bull,False,-0.0033550377513401207,-0.003355037751340162,7.527055288256716e-05,7.527055288258921e-05
2016-01-07,-0.009401623960626469,-0.009401623960626493,0.0,0.0,Bull,False,-0.013334430494990135,-0.013334430494990168,-0.0025236308171922408,-0.0025236308171922017
2016-01-08,0.0018234659094915032,0.0018234659094915617,0.0,0.0,Bull,False,0.0025823550697095035,0.0025823550697094966,0.0005313158912645964,0.0005313158912645388
2016-01-11,-0.002056010397891951,-0.0020560103978919386,0.0,0.0,Bull,False,-0.002927001065911499,-0.002927001065911483,-0.0005444052644200397,-0.0005444052644200115
2016-01-12,-0.003446916347207813,-0.00344691634720784,0.0,0.0,Bull,False,-0.004188056048782589,-0.004188056048782585,-0.0029815426549196855,-0.0029815426549196777
2016-01-13,0.0021364103968572095,0.0021364103968573023,0.0,0.0,Bull,False,0.004091667273789019,0.004091667273788957,-0.002411880679618889,-0.0024118806796188386
2016-01-14,-0.0003708087416612456,-0.0003708087416612882,0.0,0.0,Bull,False,-0.0020002721129871535,-0.002000272112987145,0.00412395447204145,0.004123954472041502
2016-01-15,-0.005983729049963161,-0.005983729049963138,0.0,0.0,Bull,False,-0.00776638176664275,-0.007766381766642794,-0.003759191371968325,-0.00375919137196834
2016-01-18,-0.004891055327302886,-0.00489105532730294,0.0,0.0,Bull,False,-0.0068666289759536075,-0.0068666289759535815,-0.0016203603558741086,-0.0016203603558740953
2016-01-19,0.004944850622450793,0.004944850622450758,0.0,0.0,Bull,False,0.006695122503836599,0.006695122503836526,0.0023748626084398646,0.002374862608439887
2016-01-20,-0.00718683097971727,-0.007186830979717285,0.0,0.0,Bull,False,-0.009944192526675019,-0.009944192526675,-0.002810979550196335,-0.0028109795501963797
2016-01-21,-0.0018924080959365028,-0.001929907308582668,3.7570311006890733e-05,0.018785155503445367,Bull,True,-0.0025958987467058817,-0.002630332253254819,-0.0008198571937924527,-0.0008585561230487482
2016-01-22,0.008496079499909836,0.008496079499909825,0.0,0.0,Bull,False,0.012005515027691559,0.012005515027691649,0.004980016433695536,0.0049800164336955
2016-01-25,0.0014128998163038036,0.0014128998163038808,0.0,0.0,Bull,False,0.0011200635872638755,0.0011200635872639086,0.0025292274811682465,0.00252922748116835
2016-01-27,0.0012312480411642047,0.0012312480411642568,0.0,0.0,Bull,False,0.00013022317146682813,0.0001302231714668256,0.003859309653880833,0.003859309653880816
2016-01-28,-0.0006960260062799041,-0.0006960260062799373,0.0,0.0,Bull,False,-0.0010660062735264465,-0.0010660062735264875,-0.00024291952853457312,-0.00024291952853461307
2016-01-29,0.009946490080582406,0.009946490080582349,0.0,0.0,Bull,False,0.012841333398873365,0.012841333398873278,0.006651738534840202,0.006651738534840135
2016-02-01,-6.169880835796588e-05,-6.169880835793506e-05,0.0,0.0,Bull,False,-0.0006071934964149491,-0.000607193496414915,0.0009789832852660095,0.0009789832852660219
2016-02-02,-0.00545357594251201,-0.005453575942512057,0.0,0.0,Bull,False,-0.008083934003517318,-0.008083934003517368,-0.0023961256277166723,-0.0023961256277166276
2016-02-03,-0.005529693801339016,-0.005529693801339053,0.0,0.0,Bull,False,-0.007606189678322965,-0.007606189678322939,-0.0036165215614278965,-0.003616521561427888
2016-02-04,0.003369024513032539,0.003369024513032448,0.0,0.0,Bull,False,0.00345415111292549,0.003454151112925574,0.004498879566089895,0.004498879566089853
2016-02-05,0.005737721938567456,0.005737721938567475,0.0,0.0,Bull,False,0.0069292897404660886,0.006929289740466027,0.005638604575538715,0.005638604575538775
2016-02-08,-0.004740628686495037,-0.004740628686495052,0.0,0.0,Bull,False,-0.008236888544571885,-0.00823688854457183,0.00021808952232559841,0.00021808952232560408
2016-02-09,-0.0035389978520015725,-0.003538997852001624,0.0,0.0,Bull,False,-0.007269164442160816,-0.007269164442160858,0.0022783427587173915,0.002278342758717411
2016-02-10,-0.006146938259394512,-0.0061469382593944966,0.0,0.0,Bull,False,-0.006780001755425804,-0.006780001755425813,-0.007282526911078223,-0.007282526911078224
2016-02-11,-0.012430691814992692,-0.012430691814992678,0.0,0.0,Bull,False,-0.019800362430482707,-0.019800362430482665,-0.0031756314484802308,-0.0031756314484802095
2016-02-12,0.0017274022845931256,0.0017274022845932269,0.0,0.0,Bull,False,0.00038831388170252224,0.0003883138817024623,0.004897799589756115,0.004897799589756113
2016-02-15,0.009559396736963962,0.009559396736964043,0.0,0.0,Bull,False,0.0153574334819423,0.015357433481942406,0.0024169574921553815,0.002416957492155314
2016-02-16,-0.006451013534297016,-0.006451013534297001,0.0,0.0,Bull,False,-0.009532184938363329,-0.009532184938363275,-0.00310014314661877,-0.0031001431466187723
2016-02-17,0.0030168986182419954,0.0030168986182419477,0.0,0.0,Bull,False,0.0050468968137785935,0.0050468968137786785,0.0003705060929534074,0.0003705060929533044
2016-02-18,0.005097863915002446,0.005097863915002554,0.0,0.0,Bull,False,0.006958355156055892,0.006958355156055918,0.003541456055404439,0.003541456055404346
2016-02-19,0.002354944832177213,0.0023549448321771305,0.0,0.0,Bull,False,0.0015710773355961355,0.0015710773355961383,0.004738942044911173,0.004738942044911099
2016-02-22,0.00046022973991300623,-0.0003263885939340794,0.0007862564752339542,0.3931282376169771,Crisis,True,0.00197421541652299,0.0019695512663355785,-0.002221359463316711,-0.0022559903817014337
2016-02-23,0.0018215051210148559,0.0018215051210148658,0.0,0.0,Crisis,False,-0.010366920129764678,-0.0103669201297647,-0.0021532814442722184,-0.0021532814442721815
2016-02-24,0.00013298847541007424,0.0001329884754099897,0.0,0.0,Crisis,False,-0.007617730610841176,-0.007617730610841145,-0.0031529427033067867,-0.0031529427033067936
2016-02-25,0.0011648115987714588,0.0011648115987714647,0.0,0.0,Crisis,False,-0.004061930587613931,-0.004061930587613949,-0.00020820493862143017,-0.00020820493862139244
2016-02-26,1.4613837877869377e-05,1.4613837877819336e-05,0.0,0.0,Crisis,False,0.005019635870059315,0.00501963587005938,0.002193499690489188,0.002193499690489098
2016-02-29,0.003389830954949067,0.003389830954949158,0.0,0.0,Crisis,False,-0.0021949649210714255,-0.0021949649210714073,0.000901533145297097,0.0009015331452970621
2016-03-01,0.0019013507659217525,0.0019013507659217943,0.0,0.0,Crisis,False,0.0198913198153266,0.019891319815326547,0.01120121263806477,0.011201212638064728
2016-03-02,-0.0028358103310524977,-0.002835810331052513,0.0,0.0,Crisis,False,0.012153915643630775,0.012153915643630775,0.0015392630339309615,0.0015392630339310376
2016-03-03,0.002268130998148937,0.0022681309981489317,0.0,0.0,Crisis,False,0.00874382378289328,0.008743823782893179,0.0068825248388078705,0.006882524838807802
2016-03-04,0.003962213226937249,0.003962213226937239,0.0,0.0,Crisis,False,0.0007875979976326046,0.0007875979976326164,0.005591014807338459,0.005591014807338368
2016-03-08,0.000770645653091574,0.000770645653091595,0.0,0.0,Crisis,False,1.2028566685051153e-08,1.2028566587218847e-08,0.001008352288056952,0.0010083522880568463
2016-03-09,-0.0022918329123879366,-0.002291832912387992,0.0,0.0,Crisis,False,0.0037687063300227116,0.0037687063300226864,-0.0013510044908939542,-0.0013510044908939811
2016-03-10,-0.001942372989605238,-0.001942372989605201,0.0,0.0,Crisis,False,-0.003685842407809227,-0.0036858424078092256,-0.004200810185789847,-0.004200810185789883
2016-03-11,0.0036941350735104315,0.0036941350735104628,0.0,0.0,Crisis,False,0.0019511970091974427,0.0019511970091974362,0.005742530256807611,0.00574253025680771
2016-03-14,-0.0005594722150569193,-0.000559472215056922,0.0,0.0,Crisis,False,0.002311731142263331,0.0023117311422633513,0.000284685223729384,0.0002846852237294861
2016-03-15,-0.0050395006268922765,-0.00503950062689229,0.0,0.0,Crisis,False,-0.006313349154967318,-0.006313349154967285,-0.00942991499138313,-0.009429914991383126
2016-03-16,-0.0004040303431783664,-0.0004040303431783743,0.0,0.0,Crisis,False,0.0031015254107212877,0.003101525410721395,0.0008437521681053532,0.0008437521681052829
2016-03-17,0.00389001262989012,0.003890012629890194,0.0,0.0,Crisis,False,0.0011184329724756924,0.0011184329724756026,0.005634959242543406,0.005634959242543314
2016-03-18,-0.0019140269177242673,-0.001914026917724243,0.0,0.0,Crisis,False,0.007427744143397702,0.007427744143397641,0.0007773825972350474,0.0007773825972350323
2016-03-21,-0.0006771643489709576,-0.0006771643489709156,0.0,0.0,Crisis,False,0.00803196761490744,0.008031967614907431,0.0026859180375354546,0.002685918037535373
2016-03-22,0.00010349453372197202,0.00010349453372193729,0.0,0.0,Crisis,False,0.0008490025170789769,0.0008490025170788673,0.0005164809353307862,0.0005164809353308542
2016-03-23,-0.0029087295490667076,-0.002920725714772421,1.2031161099533504e-05,0.0060155805497667525,Crisis,True,0.00012745042287351632,9.833940656900353e-05,-0.0037525366160730614,-0.0037818225158339214
2016-03-28,-0.004698690734869881,-0.004698690734869837,0.0,0.0,Crisis,False,-0.007884395957526057,-0.007884395957526102,-0.009630843595854383,-0.009630843595854421
2016-03-29,0.0007760262699726986,0.0007760262699727516,0.0,0.0,Crisis,False,-0.001418565938224908,-0.0014185659382248694,0.0004329782710739723,0.00043297827107391385
2016-03-30,0.0036096581769949412,0.003609658176994879,0.0,0.0,Crisis,False,0.010846603859813233,0.010846603859813175,0.009468967077836005,0.009468967077836066
2016-03-31,0.002050253895196953,0.002050253895196974,0.0,0.0,Crisis,False,0.0017368773556958805,0.0017368773556958317,0.0006422228260507503,0.0006422228260507534
2016-04-01,0.0012669516957844618,0.0012669516957843907,0.0,0.0,Crisis,False,-0.001969059359850256,-0.001969059359850256,0.0008559156045048006,0.0008559156045047089
2016-04-04,-0.0026888634760232895,-0.002688863476023262,0.0,0.0,Crisis,False,0.0035529843709544,0.003552984370954304,-0.002073113292735654,-0.002073113292735629
2016-04-05,0.003001423487346288,0.003001423487346333,0.0,0.0,Crisis,False,-0.012036998495818883,-0.012036998495818851,-0.001170019803447734,-0.001170019803447775
2016-04-06,9.53908044678925e-05,9.53908044678542e-05,0.0,0.0,Crisis,False,0.0008690877276697068,0.0008690877276698039,0.0005048139054605266,0.0005048139054604217
2016-04-07,0.001914925638771429,0.0019149256387713809,0.0,0.0,Crisis,False,-0.005309629910249916,-0.005309629910249969,0.00030140373459560456,0.00030140373459563996
2016-04-08,0.0010482131335452147,0.001048213133545195,0.0,0.0,Crisis,False,0.0006841475133518229,0.0006841475133518848,0.001702952390624653,0.001702952390624679
2016-04-11,0.001109542653674348,0.0011095426536742448,0.0,0.0,Crisis,False,0.009140453460874783,0.009140453460874776,0.005335291828965,0.005335291828965083
2016-04-12,0.002858231055005135,0.002858231055005156,0.0,0.0,Crisis,False,0.002925638855576983,0.002925638855576951,0.005054063840697844,0.005054063840697953
2016-04-13,-0.0009108299041371429,-0.0009108299041371559,0.0,0.0,Crisis,False,0.010992465002451055,0.010992465002451102,0.0034319609729909096,0.0034319609729909217
2016-04-18,0.0018868147903503252,0.0018868147903503552,0.0,0.0,Crisis,False,0.004937008386591732,0.004937008386591835,0.004604080808090734,0.004604080808090716
2016-04-20,0.0006582049067950808,0.0006582049067951345,0.0,0.0,Crisis,False,3.80822072595186e-06,3.8082207258760548e-06,0.0008721166884213103,0.0008721166884213538
2016-04-21,0.0026863572511269156,0.0026863572511268696,0.0,0.0,Crisis,False,-0.00020646451388144188,-0.0002064645138813992,0.0034641691249110503,0.0034641691249110984
2016-04-22,-0.0014820660562141015,-0.0014820660562141486,0.0,0.0,Crisis,False,-0.0009751021171983711,-0.0009751021171984231,-0.0023715490246361596,-0.0023715490246362103
2016-04-25,-0.0027957507286505067,-0.002795750728650459,0.0,0.0,Crisis,False,-0.0033874810761283305,-0.003387481076128296,-0.005135292330398606,-0.005135292330398555
2016-04-26,0.0009475201253078406,0.0009475201253077437,0.0,0.0,Crisis,False,0.00826513458814132,0.008265134588141265,0.004771169817280589,0.004771169817280541
2016-04-27,0.0016740428024864314,0.0016740428024863974,0.0,0.0,Crisis,False,0.0013141701975955622,0.00131417019759561,0.002771384200677938,0.0027713842006780176
2016-04-28,0.0014844063810294046,0.0005135164657426028,0.000969450856249502,0.484725428124751,Bull,True,-0.010096655475762162,-0.010102868544008548,-0.0023370248782979774,-0.0023516277898787408
2016-04-29,0.004655423325799726,0.004655423325799823,0.0,0.0,Bull,False,0.001503612613601968,0.001503612613601879,0.004870167521740705,0.0048701675217406315
2016-05-02,0.0014479195057098748,0.0014479195057097716,0.0,0.0,Bull,False,-0.0033515429990612165,-0.0033515429990612633,0.001908884920335187,0.001908884920335252
2016-05-03,-0.0033053256974611405,-0.0033053256974611145,0.0,0.0,Bull,False,-0.004511841322186434,-0.004511841322186405,-0.002435790097441776,-0.00243579009744177
2016-05-04,-0.0059170925736031586,-0.005917092573603178,0.0,0.0,Bull,False,-0.003112603254413559,-0.0031126032544135374,-0.00513781696304242,-0.005137816963042385
2016-05-05,0.0006724943812013975,0.0006724943812013162,0.0,0.0,Bull,False,0.0022346449835202505,0.0022346449835202176,0.00028733693412921226,0.0002873369341291898
2016-05-06,0.0019169504375895357,0.0019169504375895485,0.0,0.0,Bull,False,-0.00016166718499930878,-0.00016166718499932564,0.001845664176152722,0.0018456641761526171
2016-05-09,0.007447242604563224,0.007447242604563309,0.0,0.0,Bull,False,0.010217897233107258,0.010217897233107287,0.005473488853963403,0.005473488853963371
2016-05-10,-2.8823079845195212e-05,-2.8823079845197164e-05,0.0,0.0,Bull,False,0.0016584487198581558,0.0016584487198580966,-0.00028964185189115266,-0.00028964185189117586
2016-05-11,-0.0022895287411976773,-0.0022895287411976994,0.0,0.0,Bull,False,-0.0029650179233759477,-0.002965017923376001,-0.0017116020334352873,-0.0017116020334352333
2016-05-12,0.000998102775407623,0.0009981027754075722,0.0,0.0,Bull,False,0.003935861028411932,0.003935861028411924,0.000327693664886778,0.00032769366488683005
2016-05-13,-0.002590020996224468,-0.002590020996224518,0.0,0.0,Bull,False,-0.006502387968722646,-0.0065023879687226005,-0.0014353692027777925,-0.0014353692027777587
2016-05-16,0.00430124182631481,0.004301241826314861,0.0,0.0,Bull,False,0.0035060085496335215,0.0035060085496334548,0.0035377110624692032,0.003537711062469251
2016-05-17,0.0010892103190752274,0.0010892103190751623,0.0,0.0,Bull,False,0.0022922096096980593,0.002292209609698004,0.0006772363290277268,0.0006772363290277195
2016-05-18,-0.000674286603202793,-0.0006742866032027894,0.0,0.0,Bull,False,-0.0015678152456000396,-0.0015678152456000127,-0.00039441474130346316,-0.00039441474130341714
2016-05-19,-0.00529221388249544,-0.005292213882495456,0.0,0.0,Bull,False,-0.006612664902877592,-0.006612664902877596,-0.003996075941510911,-0.003996075941510857
2016-05-20,-0.002709443402781808,-0.002709443402781786,0.0,0.0,Bull,False,-0.002589699792195215,-0.0025896997921952547,-0.002171273710338324,-0.0021712737103383173
2016-05-23,-0.0015696053094328144,-0.0015696053094328422,0.0,0.0,Bull,False,-0.001431043897369798,-0.0014310438973698103,-0.0012649691284237722,-0.0012649691284237763
2016-05-24,-0.001145221943510714,-0.0011452219435107436,0.0,0.0,Bull,False,0.001367600144671031,0.0013676001446709662,-0.0013059127223917265,-0.0013059127223917777
2016-05-25,0.006632749526391216,0.006632749526391146,0.0,0.0,Bull,False,0.014314368290785966,0.014314368290786028,0.004044583201215824,0.004044583201215923
2016-05-26,0.009726473844565238,0.009726473844565264,0.0,0.0,Bull,False,0.010224875536060789,0.010224875536060773,0.007640827971215969,0.007640827971215902
2016-05-27,0.004223157853665437,0.004203737828879728,1.933835585612137e-05,0.009669177928060685,Bull,True,0.006532382177590078,0.006515339324687952,0.0029884704912475557,0.002971323524411096
2016-05-30,-0.003911841508331293,-0.0039118415083312374,0.0,0.0,Bull,False,0.0016072847003012036,0.001607284700301248,-0.003980687895317507,-0.00398068789531747
2016-05-31,0.00018251822126855047,0.0001825182212684684,0.0,0.0,Bull,False,7.424526755792343e-05,7.424526755794858e-05,0.0009015231611716277,0.0009015231611715357
2016-06-01,0.0016954180954183986,0.0016954180954182885,0.0,0.0,Bull,False,0.0014577141128812034,0.0014577141128813143,0.0013811465057357148,0.0013811465057356198
2016-06-02,-0.0006171602610468073,-0.0006171602610468563,0.0,0.0,Bull,False,0.002859839771407651,0.0028598397714076906,-0.0010437215400319652,-0.001043721540031961
2016-06-03,-0.00012674433528460485,-0.00012674433528458984,0.0,0.0,Bull,False,0.0001352436466914812,0.00013524364669148525,-0.00014237568409535337,-0.00014237568409536383
2016-06-06,0.0047764463021974625,0.0047764463021975345,0.0,0.0,Bull,False,-0.001448179885305278,-0.001448179885305323,0.004779221727541312,0.004779221727541305
2016-06-07,0.0008931858959383996,0.0008931858959384531,0.0,0.0,Bull,False,0.004792630825369191,0.004792630825369182,9.007335506579249e-05,9.007335506572289e-05
2016-06-08,0.0002112097177354033,0.00021120971773536112,0.0,0.0,Bull,False,0.0004766551539746132,0.00047665515397454783,0.00012290265521879617,0.00012290265521874844
2016-06-09,-0.002132270948837162,-0.002132270948837167,0.0,0.0,Bull,False,-0.005053981737450283,-0.005053981737450308,-0.001222011987451275,-0.0012220119874513102
2016-06-10,0.00014624131559652447,0.0001462413155965958,0.0,0.0,Bull,False,-0.0024559221300809865,-0.0024559221300809453,0.0005306825501246591,0.0005306825501245616
2016-06-13,0.00030977735356493537,0.00030977735356496616,0.0,0.0,Bull,False,-0.004362568109571936,-0.004362568109571918,0.0009881123123447124,0.0009881123123447466
2016-06-14,-8.338272271311884e-05,-8.33827227131323e-05,0.0,0.0,Bull,False,-0.00012898206756456801,-0.00012898206756462027,-5.8949811386754904e-05,-5.8949811386765916e-05
2016-06-15,0.004642592894369805,0.004642592894369857,0.0,0.0,Bull,False,0.007205463161200592,0.0072054631612006315,0.0032783956629792873,0.003278395662979383
2016-06-16,0.002390454951313547,0.0023904549513136253,0.0,0.0,Bull,False,-0.004819283065146943,-0.004819283065146895,0.0030420109002106234,0.003042010900210723
2016-06-17,-0.002647951661568077,-0.00264795166156806,0.0,0.0,Bull,False,0.0021657855895111165,0.0021657855895111933,-0.0028620248434792018,-0.002862024843479194
2016-06-20,0.0033118845294355494,0.003311884529435538,0.0,0.0,Bull,False,0.005011955086216459,0.005011955086216435,0.0023610334818256053,0.002361033481825592
2016-06-21,-0.0006546998654299461,-0.0006546998654299863,0.0,0.0,Bull,False,-0.0013580642101582764,-0.0013580642101582718,-0.0004086515675057783,-0.0004086515675058022
2016-06-22,-0.0038833284630156446,-0.003883328463015645,0.0,0.0,Bull,False,-0.0011844778178875324,-0.0011844778178875526,-0.003513008962561666,-0.003513008962561681
2016-06-23,0.0022301258730936632,0.00223012587309368,0.0,0.0,Bull,False,0.004886216079702384,0.004886216079702299,0.0013483451205326593,0.0013483451205327235
2016-06-24,0.002418082035211681,0.002418082035211766,0.0,0.0,Bull,False,-0.013247015609037132,-0.013247015609037183,0.004417104307864369,0.004417104307864461
2016-06-27,0.0040009160409046046,0.003978590965940665,2.223611015433344e-05,0.01111805507716672,Bull,True,0.0004503320415547702,0.000444953776613799,0.0037365953270205544,0.003715751732496164
2016-06-28,0.0026358455051444904,0.0026358455051445073,0.0,0.0,Bull,False,0.0024571560312718786,0.0024571560312718344,0.0021203042684597344,0.0021203042684596607
2016-06-29,0.0012765558015473935,0.0012765558015472855,0.0,0.0,Bull,False,0.005630591396046262,0.0056305913960461584,0.0003223478021667789,0.00032234780216677805
2016-06-30,0.004381126110881295,0.004381126110881262,0.0,0.0,Bull,False,0.007653706865282871,0.007653706865282883,0.0037329123201320516,0.0037329123201319536
2016-07-01,0.005278898523039588,0.0052788985230396435,0.0,0.0,Bull,False,0.00296248891284818,0.0029624889128481158,0.004563420779067897,0.004563420779067906
2016-07-04,0.004059799383805206,0.004059799383805185,0.0,0.0,Bull,False,0.003081127082452048,0.0030811270824520065,0.0033844524708153178,0.0033844524708153134
2016-07-05,-0.0029165477992876302,-0.0029165477992876276,0.0,0.0,Bull,False,-0.0025203969051947194,-0.0025203969051946773,-0.0023842712031605035,-0.0023842712031605373
2016-07-07,0.00370634373203639,0.003706343732036377,0.0,0.0,Bull,False,0.000141803912362002,0.00014180391236195966,0.0035176529921169654,0.0035176529921170374
2016-07-08,-0.0011640088419905244,-0.001164008841990527,0.0,0.0,Bull,False,-0.0010687389307541674,-0.0010687389307542094,-0.0009417380452246734,-0.0009417380452246826
2016-07-11,0.008741583244421395,0.008741583244421314,0.0,0.0,Bull,False,0.010531301287984464,0.010531301287984407,0.006671416791648477,0.006671416791648399
2016-07-12,3.7755030634530496e-05,3.7755030634523123e-05,0.0,0.0,Bull,False,0.0038279092303754917,0.003827909230375459,-0.0005762400876346292,-0.0005762400876346829
2016-07-13,-0.001519779097555657,-0.0015197790975556291,0.0,0.0,Bull,False,-0.000111193872097746,-0.0001111938720977923,-0.001437667836935416,-0.0014376678369354412
2016-07-14,0.0016214198540981939,0.0016214198540982494,0.0,0.0,Bull,False,0.003264852564539751,0.0032648525645397886,0.0010274517789523067,0.0010274517789523596
2016-07-15,-0.0015580578673485372,-0.001558057867348528,0.0,0.0,Bull,False,-0.0016878793270286186,-0.0016878793270286296,-0.0012207791316990505,-0.0012207791316990457
2016-07-18,-0.003327561231801905,-0.00332756123180189,0.0,0.0,Bull,False,-0.002342721062592957,-0.002342721062592923,-0.0028098513012951667,-0.0028098513012951853
2016-07-19,0.001866935488352634,0.0018669354883527056,0.0,0.0,Bull,False,0.0014213832486951435,0.0014213832486951183,0.0015560800283004289,0.0015560800283003218
2016-07-20,0.0013816138152223415,0.0013816138152222823,0.0,0.0,Bull,False,0.002678745818614496,0.002678745818614603,0.0008933683768483678,0.0008933683768483913
2016-07-21,-0.003219529909099239,-0.003219529909099239,0.0,0.0,Bull,False,-0.0039870810300537355,-0.003987081030053741,-0.0024408300619949237,-0.002440830061994914
2016-07-22,0.001980030735330079,0.0019800307353301516,0.0,0.0,Bull,False,0.0022331288894194565,0.002233128889419511,0.0015355687550340515,0.0015355687550340225
2016-07-25,0.004178720566839877,0.0041787205668397664,0.0,0.0,Bull,False,0.006766737428381489,0.00676673742838152,0.0029105003032383857,0.0029105003032383614
2016-07-26,-0.0007147822166395251,-0.0007147822166395645,0.0,0.0,Bull,False,-0.0032022860226476645,-0.0032022860226477157,-0.0001667298611356049,-0.00016672986113563937
2016-07-27,0.00046153172641771184,0.00042916622935518234,3.235056624989136e-05,0.016175283124945677,Bull,True,0.0017954298606166952,0.0017674114424806042,0.00015240620286231842,0.0001237695113709414
2016-07-28,0.005063579012806973,0.0050635790128070735,0.0,0.0,Bull,False,0.0035167948056911147,0.0035167948056911147,0.00426423472328811,0.004264234723288185
2016-07-29,-0.001685673230932806,-0.001685673230932827,0.0,0.0,Bull,False,-0.0005455889667391211,-0.0005455889667391745,-0.0008069177898833407,-0.000806917789883288
2016-08-01,0.006068329682182527,0.006068329682182627,0.0,0.0,Bull,False,-0.00013540856171802718,-0.00013540856171800897,0.005800357870878106,0.00580035787087807
2016-08-02,0.0034776648655538813,0.0034776648655538978,0.0,0.0,Bull,False,-0.000947852667412787,-0.0009478526674128185,0.003462157840818513,0.0034621578408184916
2016-08-03,-0.0030874957570856277,-0.0030874957570856676,0.0,0.0,Bull,False,-0.005425202147109164,-0.005425202147109176,-0.0020891659220204873,-0.002089165922020464
2016-08-04,-0.0008613077465103743,-0.0008613077465103869,0.0,0.0,Bull,False,0.0004326395901939639,0.0004326395901939062,-0.0008894574999399297,-0.0008894574999399607
2016-08-05,0.010942618854808987,0.010942618854808961,0.0,0.0,Bull,False,0.009228901640128406,0.00922890164012835,0.008969357651259549,0.008969357651259502
2016-08-08,-0.007724511443680758,-0.007724511443680804,0.0,0.0,Bull,False,0.0019519143880322878,0.0019519143880322165,-0.00767130966736607,-0.007671309667366066
2016-08-09,0.0005522147054899472,0.0005522147054899396,0.0,0.0,Bull,False,-0.0022866499072569367,-0.00228664990725691,0.000888411128231327,0.0008884111282312368
2016-08-10,-0.0021941632064102334,-0.0021941632064101935,0.0,0.0,Bull,False,-0.007128500771328044,-0.0071285007713280946,-0.0009667041419323609,-0.0009667041419323397
2016-08-11,-0.0006839650387985592,-0.0006839650387985285,0.0,0.0,Bull,False,0.0011751491445177972,0.001175149144517773,-0.0008353619294263584,-0.0008353619294263481
2016-08-12,0.00046056337376243765,0.00046056337376243484,0.0,0.0,Bull,False,0.0,0.0,0.00043850513417979017,0.00043850513417975634
2016-08-16,0.0003411528341627397,0.0003411528341628056,0.0,0.0,Bull,False,0.0035106974841899586,0.003510697484189862,-0.00022649256512623727,-0.00022649256512619065
2016-08-17,-0.001490953558028858,-0.0014909535580288624,0.0,0.0,Bull,False,-0.0012841555780443465,-0.0012841555780443992,-0.001217967859410636,-0.0012179678594106402
2016-08-18,0.004608144718899596,0.004608144718899698,0.0,0.0,Bull,False,0.0034195645096729765,0.0034195645096730676,0.0038498564163486427,0.003849856416348718
2016-08-19,-0.0001225471610877834,-0.00012254716108783814,0.0,0.0,Bull,False,-0.00043981336061847014,-0.00043981336061849063,-4.7511621211405504e-05,-4.751162121141572e-05
2016-08-22,-0.0033051701877072344,-0.0033051701877072626,0.0,0.0,Bull,False,-0.002620073697449825,-0.002620073697449876,-0.0027394967337917163,-0.002739496733791702
2016-08-23,-0.000636620180311902,-0.0006366201803118532,0.0,0.0,Bull,False,0.00023964731928264666,0.00023964731928272087,-0.0006441353937499473,-0.0006441353937499672
2016-08-24,0.001357644601400186,0.0013576446014000876,0.0,0.0,Bull,False,0.0012294923492250443,0.001229492349225092,0.0010993644072688504,0.0010993644072687658
2016-08-25,-0.005517244263131994,-0.005517244263132048,0.0,0.0,Bull,False,-0.004026635210438791,-0.004026635210438778,-0.004619679565643567,-0.004619679565643575
2016-08-26,0.00020236087091814127,0.00019198962342126258,1.0369149186891524e-05,0.005184574593445762,Bull,True,-0.001372937744878561,-0.0013770094850674708,0.00040709542013967425,0.00039769038614689833
2016-08-29,-0.0012883194665764658,-0.0012883194665764819,0.0,0.0,Bull,False,0.002446837753894071,0.0024468377538939823,-0.0016132273667902224,-0.0016132273667902597
2016-08-30,0.006936555461661119,0.006936555461661165,0.0,0.0,Bull,False,0.009558317943019286,0.009558317943019201,0.005085029739652626,0.005085029739652525
2016-08-31,0.0026155108003897013,0.0026155108003897976,0.0,0.0,Bull,False,0.004249833228624899,0.004249833228624933,0.002521258299624944,0.0025212582996250177
2016-09-01,-0.004223429902737833,-0.00422342990273783,0.0,0.0,Bull,False,-0.000795392229286136,-0.0007953922292861515,-0.0039038643500778287,-0.0039038643500778347
2016-09-02,0.002523079249778392,0.0025230792497783483,0.0,0.0,Bull,False,0.0024122389177081835,0.0024122389177081427,0.002019560097186234,0.0020195600971861793
2016-09-06,0.008936827303152092,0.00893682730315204,0.0,0.0,Bull,False,0.00916848677354727,0.009168486773547313,0.007056634364555152,0.007056634364555059
2016-09-07,0.0021254791488081806,0.002125479148808118,0.0,0.0,Bull,False,-0.0017066583056723798,-0.0017066583056724038,0.002308221477154436,0.0023082214771543708
2016-09-08,0.0017316839729763216,0.0017316839729764055,0.0,0.0,Bull,False,0.0023539632757848413,0.002353963275784743,0.0012758874808135997,0.0012758874808136422
2016-09-09,-0.006578616281853713,-0.006578616281853744,0.0,0.0,Bull,False,-0.005837883845405464,-0.0058378838454055115,-0.00535337456618163,-0.005353374566181679
2016-09-12,-0.004742685104576699,-0.004742685104576649,0.0,0.0,Bull,False,-0.0103483685369206,-0.01034836853692056,-0.002868892584379466,-0.002868892584379501
2016-09-14,-0.0009179747103288001,-0.0009179747103288394,0.0,0.0,Bull,False,0.0007612303210797175,0.0007612303210797755,-0.0009969642474512202,-0.0009969642474512153
2016-09-15,-0.0006811563064910335,-0.0006811563064910153,0.0,0.0,Bull,False,0.0010989455489138127,0.0010989455489138766,-0.0008274028513246801,-0.0008274028513246545
2016-09-16,0.0013418113675707248,0.0013418113675707222,0.0,0.0,Bull,False,0.0025804624094088076,0.0025804624094087902,0.0008690477609587342,0.0008690477609587521
2016-09-19,0.003320762339658977,0.0033207623396589447,0.0,0.0,Bull,False,0.0019670467268163706,0.001967046726816468,0.0028540299419995705,0.0028540299419996806
2016-09-20,-0.0011391788654296336,-0.0011391788654295798,0.0,0.0,Bull,False,-0.0022347379418175954,-0.0022347379418176105,-0.0007297253770936765,-0.000729725377093704
2016-09-21,0.0007398787590305795,0.0007398787590304767,0.0,0.0,Bull,False,8.214527283144069e-05,8.214527283145756e-05,0.0006909906766659542,0.0006909906766658924
2016-09-22,0.005057901993685572,0.0050579019936856096,0.0,0.0,Bull,False,0.0062265140410914495,0.006226514041091535,0.003834524199671848,0.003834524199671785
2016-09-23,-0.0015946040518151927,-0.0015946040518152182,0.0,0.0,Bull,False,-0.0024585701561609555,-0.002458570156160911,-0.0011299430479221428,-0.0011299430479221328
2016-09-26,-0.005399568981411342,-0.005399568981411362,0.0,0.0,Bull,False,-0.007452713341394249,-0.007452713341394301,-0.003967231155778935,-0.003967231155778905
2016-09-27,-0.0018678484619560581,-0.0018678484619560898,0.0,0.0,Bull,False,-0.0011515962375594822,-0.001151596237559449,-0.0015980450124084005,-0.0015980450124084555
2016-09-28,-0.000860755309783454,-0.0012594305994864108,0.00039901874720828007,0.19950937360414003,Bull,True,0.0026833258229996765,0.002675392891706929,-0.0012490106070473885,-0.0012595832796234996
2016-09-29,-0.006507083848990233,-0.006507083848990236,0.0,0.0,Bull,False,-0.010554974657355021,-0.010554974657354999,-0.0011657443354368873,-0.0011657443354369246
2016-09-30,-0.0016075063783804464,-0.0016075063783804744,0.0,0.0,Bull,False,0.0027149859801466414,0.0027149859801467446,-0.001071602608192623,-0.0010716026081926122
2016-10-03,0.008596253225856568,0.008596253225856554,0.0,0.0,Bull,False,0.008774916152776377,0.008774916152776369,0.003978504313776539,0.003978504313776554
2016-10-04,0.001995691854388586,0.001995691854388637,0.0,0.0,Bull,False,0.0021285950598761666,0.0021285950598761705,0.0008854615769368309,0.000885461576936919
2016-10-05,-0.0050366759498398144,-0.005036675949839808,0.0,0.0,Bull,False,-0.001723855942763867,-0.0017238559427639188,-0.003974702176068436,-0.003974702176068434
2016-10-06,-0.004830005301105991,-0.004830005301106,0.0,0.0,Bull,False,-0.002353230034278251,-0.002353230034278231,-0.0034653628565677985,-0.003465362856567844
2016-10-07,-0.0021559236454129944,-0.0021559236454129493,0.0,0.0,Bull,False,-0.0008208136562234026,-0.0008208136562234403,-0.0016555311286661262,-0.0016555311286661212
2016-10-10,0.0051725270894243305,0.005172527089424284,0.0,0.0,Bull,False,0.0007658758811263312,0.000765875881126421,0.004539072750498023,0.004539072750497919
2016-10-13,-0.015085488849976014,-0.01508548884997607,0.0,0.0,Bull,False,-0.009300025928333563,-0.009300025928333566,-0.009893729348372547,-0.009893729348372515
2016-10-14,-0.0001526136636492985,-0.00015261366364927031,0.0,0.0,Bull,False,0.0006927793441675124,0.00069277934416756,-0.00047993937436660865,-0.0004799393743666336
2016-10-17,-0.005005024340973622,-0.005005024340973607,0.0,0.0,Bull,False,-0.0043609840379334715,-0.004360984037933502,-0.0026440065068914355,-0.0026440065068914498
2016-10-18,0.01302237367329937,0.013022373673299281,0.0,0.0,Bull,False,0.010956371437677947,0.010956371437677914,0.007054113410972028,0.007054113410972063
2016-10-19,-0.002655587388491339,-0.002655587388491365,0.0,0.0,Bull,False,-0.0012941730771298392,-0.0012941730771298676,-0.0019001049342865324,-0.001900104934286495
2016-10-20,0.0036396431493135257,0.0036396431493135317,0.0,0.0,Bull,False,0.002781810680113693,0.0027818106801136278,0.0021238422615941113,0.002123842261594122
2016-10-21,-0.0011823059863200116,-0.0011823059863199648,0.0,0.0,Bull,False,-0.0004365019924078969,-0.00043650199240785614,-0.0009133659664303908,-0.000913365966430435
2016-10-24,-7.651805179914291e-06,-7.651805179920146e-06,0.0,0.0,Bull,False,0.001093376759886232,0.0010933767598861888,-0.0005312863497611903,-0.0005312863497611842
2016-10-25,-0.002367908292942726,-0.0023679082929427553,0.0,0.0,Bull,False,-0.0012164403394751072,-0.0012164403394751,-0.0016700364677857064,-0.0016700364677857404
2016-10-26,-0.005596054770911513,-0.005596054770911518,0.0,0.0,Bull,False,-0.005226093503607738,-0.005226093503607698,-0.002795189044599747,-0.002795189044599744
2016-10-27,-0.0004574716339050622,-0.00045747163390508216,0.0,0.0,Bull,False,-4.078171717042383e-06,-4.078171716992429e-06,-0.00043632554627724544,-0.00043632554627726083
2016-10-28,0.0031626410890778526,0.0031626410890779333,0.0,0.0,Bull,False,0.002978259218990427,0.00297825921899042,0.003417768879538017,0.003417768879538041
2016-11-01,-0.00028037392071244194,-0.001185333439915781,0.0009052133174102249,0.4526066587051124,Bear,True,-0.0008099156765435634,-0.000819746313087566,0.00012278093530552022,0.00011109802903264132
2016-11-02,0.00510414685159926,0.005104146851599323,0.0,0.0,Bear,False,-0.007807564121141852,-0.007807564121141808,-0.0011264435794314793,-0.0011264435794314798
2016-11-03,-0.001033154407250636,-0.0010331544072506027,0.0,0.0,Bear,False,-0.0020364629581488343,-0.0020364629581488547,-0.0012760221042879174,-0.0012760221042878994
2016-11-04,0.0006639038685284761,0.0006639038685285481,0.0,0.0,Bear,False,-0.003596584284206974,-0.0035965842842069495,-0.0012090092015974237,-0.0012090092015973886
2016-11-07,-0.0011687371752877125,-0.0011687371752877596,0.0,0.0,Bear,False,0.004462577659137007,0.004462577659136935,0.0013501139584457642,0.0013501139584457533
2016-11-08,0.003372248172746716,0.003372248172746728,0.0,0.0,Bear,False,0.0032636427144684624,0.003263642714468551,0.0027639938327537234,0.0027639938327537195
2016-11-09,0.0099119975714706,0.009911997571470543,0.0,0.0,Bear,False,-0.007807656994774059,-0.007807656994774037,0.0009220985248061665,0.0009220985248061808
2016-11-10,-0.0015226379634105704,-0.001522637963410567,0.0,0.0,Bear,False,0.006614066660948767,0.006614066660948659,0.0020721422776549055,0.0020721422776548426
2016-11-11,-0.018751518621741573,-0.018751518621741625,0.0,0.0,Bear,False,-0.016071786221901863,-0.016071786221901863,-0.014532296874131023,-0.014532296874131045
2016-11-15,-0.008209444462251539,-0.00820944446225158,0.0,0.0,Bear,False,-0.013376782531693386,-0.013376782531693387,-0.008954766715858608,-0.008954766715858598
2016-11-16,-0.0009895742116417811,-0.0009895742116418083,0.0,0.0,Bear,False,0.00022727834577517772,0.00022727834577507267,-0.00032258398569978046,-0.00032258398569973146
2016-11-17,-0.010368670208242956,-0.010368670208242947,0.0,0.0,Bear,False,-0.0022791232110629016,-0.002279123211062939,-0.005286009212109848,-0.005286009212109866
2016-11-18,-0.017081197066678388,-0.017081197066678433,0.0,0.0,Bear,False,-0.0004229765901644821,-0.00042297659016443667,-0.007308532430040398,-0.007308532430040371
2016-11-21,0.00019268685347761634,0.00019268685347761938,0.0,0.0,Bear,False,-0.01048829643367191,-0.010488296433671884,-0.004264069658214635,-0.004264069658214686
2016-11-22,0.004988760492949996,0.00498876049294994,0.0,0.0,Bear,False,0.0053508818153623775,0.005350881815362474,0.004274683657586983,0.004274683657586875
2016-11-23,0.001667044932047787,0.0016670449320477232,0.0,0.0,Bear,False,0.002249971979723307,0.0022499719797233197,0.0016183509667809653,0.0016183509667808682
2016-11-24,-0.004162020919433797,-0.004162020919433851,0.0,0.0,Bear,False,-0.004914653871722437,-0.0049146538717224075,-0.003754788154099244,-0.0037547881540992423
2016-11-25,-0.005906780065002876,-0.005906780065002892,0.0,0.0,Bear,False,0.010848366037145446,0.010848366037145452,0.002012515202529105,0.002012515202529208
2016-11-28,0.006908288085781252,0.006908288085781145,0.0,0.0,Bear,False,0.0009087613895100666,0.0009087613895100155,0.0032257013543830326,0.003225701354383048
2016-11-29,-0.00011773779993692379,-0.00011773779993695666,0.0,0.0,Bear,False,0.0010948592205886904,0.0010948592205886065,0.00040338463799244556,0.0004033846379924988
2016-11-30,-0.0006542641284725363,-0.0006542641284725814,0.0,0.0,Bear,False,0.00727769437206991,0.007277694372069821,0.003307761227449118,0.0033077612274490242
2016-12-01,-0.009688034505222891,-0.011043402923788359,0.0013686277312505413,0.6843138656252705,Crisis,True,-0.0022541219436997047,-0.002280503836758041,-0.0049279215378398,-0.0049512192742260375
2016-12-02,-0.002971923081117646,-0.0029719230811176,0.0,0.0,Crisis,False,-0.007770184980565076,-0.007770184980565031,-0.0071453008469270305,-0.007145300846926994
2016-12-05,-0.0006805907446447623,-0.0006805907446447712,0.0,0.0,Crisis,False,0.0030923776660663252,0.0030923776660662927,0.0003619552244256238,0.0003619552244256141
2016-12-06,0.0009041437720681651,0.0009041437720682666,0.0,0.0,Crisis,False,0.0010634014623615432,0.0010634014623616128,0.0016386006942740255,0.0016386006942741282
2016-12-07,-0.0012311056158173343,-0.0012311056158172962,0.0,0.0,Crisis,False,-0.003020936818803826,-0.0030209368188037766,-0.0028847282378075133,-0.002884728237807499
2016-12-08,0.0019711228611189015,0.0019711228611190013,0.0,0.0,Crisis,False,0.01067531568227812,0.010675315682278086,0.007017862992084224,0.007017862992084289
2016-12-09,-0.0015273844476234792,-0.0015273844476234588,0.0,0.0,Crisis,False,0.0010869229168058749,0.0010869229168057881,-0.0015869459614414798,-0.0015869459614414883
2016-12-12,-0.001431637347830748,-0.0014316373478306943,0.0,0.0,Crisis,False,-0.006627243676320263,-0.0066272436763202824,-0.00464278057966407,-0.004642780579664052
2016-12-13,-0.0003767410752020681,-0.00037674107520202504,0.0,0.0,Crisis,False,0.003740995918386039,0.0037409959183860586,0.0010377674698472188,0.001037767469847184
2016-12-14,-0.0008311013565976794,-0.0008311013565976966,0.0,0.0,Crisis,False,-0.0028756486427522314,-0.0028756486427522487,-0.0022969897817092964,-0.0022969897817093354
2016-12-15,-0.002455707615878681,-0.002455707615878655,0.0,0.0,Crisis,False,-0.0021182702605524535,-0.002118270260552446,-0.004149215333863304,-0.004149215333863254
2016-12-16,-0.002874313356885938,-0.002874313356885927,0.0,0.0,Crisis,False,-0.0010354028101469993,-0.0010354028101470236,-0.004283390933155865,-0.004283390933155884
2016-12-19,0.0004791402258504494,0.00047914022585038296,0.0,0.0,Crisis,False,-0.0025806269568303536,-0.0025806269568303675,-0.00042875116101077156,-0.0004287511610108208
2016-12-20,-0.0007528049529698721,-0.000752804952969921,0.0,0.0,Crisis,False,-0.0016179961890672053,-0.0016179961890672168,-0.0016802180773354092,-0.001680218077335427
2016-12-21,-0.00028231784831398116,-0.0002823178483140065,0.0,0.0,Crisis,False,-0.0015578542615135508,-0.0015578542615135582,-0.0010243991511116187,-0.0010243991511116324
2016-12-22,-0.0020113181734487096,-0.002011318173448684,0.0,0.0,Crisis,False,-0.006078406295993345,-0.006078406295993322,-0.005219521310039511,-0.005219521310039554
2016-12-23,-8.829335812583243e-05,-8.829335812587935e-05,0.0,0.0,Crisis,False,0.0004908482299455332,0.0004908482299454953,9.127118760770354e-05,9.127118760776654e-05
2016-12-26,0.0007045764478069841,0.0007045764478070815,0.0,0.0,Crisis,False,-0.0057592005689493355,-0.0057592005689492964,-0.0014403998418387838,-0.0014403998418387465
2016-12-27,0.0034482598546015713,0.0034482598546015097,0.0,0.0,Crisis,False,0.009319251062079363,0.009319251062079426,0.008498049056814009,0.008498049056814061
2016-12-28,0.002136887302562049,0.002136887302562007,0.0,0.0,Crisis,False,0.0001606090945919235,0.0001606090945918126,0.0029155990179753066,0.0029155990179752234
2016-12-29,0.0005101622004340662,0.0005101622004339834,0.0,0.0,Crisis,False,0.005081341306004008,0.005081341306004017,0.002797727057706175,0.0027977270577062008
2016-12-30,0.00463069749059776,0.0032474389315508834,0.0013768826320976388,0.6884413160488194,Bear,True,0.007367043684593247,0.007365055832430745,0.006798869501108617,0.006789456892061674
2017-01-02,-0.002103374396164336,-0.0021033743961643703,0.0,0.0,Bear,False,-0.0004656533208136082,-0.0004656533208136082,-0.0010721199079188153,-0.0010721199079187782
2017-01-03,-0.0035008800145380947,-0.003500880014538077,0.0,0.0,Bear,False,0.0009388747568316377,0.0009388747568317424,-0.001064394754790445,-0.0010643947547904764
2017-01-04,0.011593638926535406,0.011593638926535421,0.0,0.0,Bear,False,-0.00013210081241231379,-0.00013210081241232796,0.0047577225719487295,0.004757722571948619
2017-01-05,0.0066751113820606835,0.006675111382060672,0.0,0.0,Bear,False,0.006107493074164601,0.006107493074164694,0.005330979954610782,0.005330979954610848
2017-01-06,-0.0006779959649227428,-0.0006779959649227951,0.0,0.0,Bear,False,-0.0021887046922474114,-0.002188704692247412,-0.0011958701951975193,-0.0011958701951975126
2017-01-09,0.0016929295603948097,0.0016929295603949068,0.0,0.0,Bear,False,-0.0005656543480265009,-0.0005656543480264675,0.0004740689619730299,0.00047406896197310644
2017-01-10,0.004436481670642892,0.004436481670642811,0.0,0.0,Bear,False,0.0038376579504125325,0.0038376579504124653,0.0034536588053328946,0.003453658805332882
2017-01-11,0.007999661750929385,0.007999661750929477,0.0,0.0,Bear,False,0.00669667391887831,0.006696673918878293,0.006139169818838249,0.006139169818838219
2017-01-12,0.005996257360560531,0.005996257360560531,0.0,0.0,Bear,False,0.0019224814327345472,0.0019224814327345463,0.0033222477925126544,0.003322247792512556
2017-01-13,-0.0020653632402803947,-0.0020653632402803934,0.0,0.0,Bear,False,-0.000494113405941192,-0.0004941134059411878,-0.0010759673736099751,-0.0010759673736099318
2017-01-16,0.004578781622049663,0.004578781622049721,0.0,0.0,Bear,False,0.0008946092463431166,0.0008946092463431032,0.002298744266562736,0.0022987442665627356
2017-01-17,0.005888189519741671,0.005888189519741571,0.0,0.0,Bear,False,-0.001063212550615495,-0.0010632125506154777,0.0020469855805911614,0.002046985580591132
2017-01-18,0.002168659131367235,0.002168659131367212,0.0,0.0,Bear,False,0.0013713263019341506,0.0013713263019341504,0.0014859547136878981,0.0014859547136878426
2017-01-19,-0.005360193020205,-0.005360193020204962,0.0,0.0,Bear,False,0.0013045515809821699,0.001304551580982194,-0.001734369838154192,-0.001734369838154226
2017-01-20,-0.001268397068144496,-0.0012683970681445222,0.0,0.0,Bear,False,-0.006172484269331583,-0.006172484269331591,-0.00309456673508326,-0.0030945667350832373
2017-01-23,0.00028688634054928113,0.00028688634054918616,0.0,0.0,Bear,False,0.0030529272131753454,0.003052927213175405,0.0013830149409447025,0.0013830149409446157
2017-01-24,0.0019273869856934174,0.0019273869856935022,0.0,0.0,Bear,False,0.006087199916245176,0.006087199916245067,0.0033347081439738637,0.0033347081439738524
2017-01-25,-0.0012612701614158235,-0.0012612701614158617,0.0,0.0,Bear,False,0.009111476227551535,0.009111476227551485,0.0032490845388518787,0.0032490845388519762
2017-01-27,-0.00829222922540286,-0.008292229225402847,0.0,0.0,Bear,False,0.0027344974156574653,0.0027344974156575663,-0.0023461954041249676,-0.002346195404124951
2017-01-30,-0.004597572941230897,-0.004597572941230865,0.0,0.0,Bear,False,-0.0005991388044465991,-0.0005991388044466195,-0.002171206341262748,-0.002171206341262777
2017-01-31,0.0055123682163516164,0.005116639041069293,0.00039355972914028496,0.19677986457014252,Bear,True,-0.003738686587464341,-0.0037584079673207427,0.0012869992614932752,0.0012729401157918208
2017-02-01,0.010131778978953912,0.010131778978953898,0.0,0.0,Bear,False,0.010866040562719226,0.010866040562719226,0.007638503534664293,0.0076385035346642205
2017-02-02,0.0033431398916390987,0.0033431398916390354,0.0,0.0,Bear,False,0.0012413080702485845,0.0012413080702486923,0.0020949771751288403,0.0020949771751288537
2017-02-03,-0.0019639888217275712,-0.001963988821727547,0.0,0.0,Bear,False,0.00046394515263536117,0.00046394515263536995,-0.0010090495535447451,-0.0010090495535447497
2017-02-06,0.0048729564526181456,0.0048729564526182045,0.0,0.0,Bear,False,0.004159579086445761,0.004159579086445708,0.0034879193761829614,0.0034879193761829796
2017-02-07,0.006224693938908161,0.006224693938908121,0.0,0.0,Bear,False,-0.0022572845316709816,-0.0022572845316709556,0.003052610302573376,0.003052610302573422
2017-02-08,0.001394521984174757,0.001394521984174668,0.0,0.0,Bear,False,5.181048991065715e-05,5.181048991076409e-05,0.0007899945907494205,0.0007899945907494654
2017-02-09,-0.00192277753465725,-0.001922777534657305,0.0,0.0,Bear,False,0.0006459111195268523,0.0006459111195269429,-0.000957255333652472,-0.0009572553336524292
2017-02-10,-0.006134928570514185,-0.006134928570514231,0.0,0.0,Bear,False,0.0010458017058035175,0.001045801705803484,-0.0032383309350607933,-0.0032383309350607625
2017-02-13,-0.0011436371101105256,-0.0011436371101105625,0.0,0.0,Bear,False,0.0007930442156495768,0.0007930442156496298,-0.0004904171980882981,-0.0004904171980882888
2017-02-14,0.002278561014539128,0.002278561014539049,0.0,0.0,Bear,False,-0.000882328644394269,-0.0008823286443943035,0.001103360649147911,0.0011033606491479553
2017-02-15,-0.005347650366549145,-0.0053476503665491615,0.0,0.0,Bear,False,-0.004658329322720015,-0.004658329322720034,-0.0038477747315333022,-0.0038477747315333044
2017-02-16,0.0069591875601318085,0.006959187560131808,0.0,0.0,Bear,False,0.0036893068124385004,0.0036893068124383976,0.004560632572991996,0.004560632572991885
2017-02-17,0.006045410877607458,0.006045410877607349,0.0,0.0,Bear,False,0.003020615680837518,0.0030206156808374462,0.00393974199361167,0.0039397419936115785
2017-02-20,0.0006295590414529922,0.0006295590414528984,0.0,0.0,Bear,False,0.0039537620969208355,0.0039537620969207765,0.0010828797405761387,0.0010828797405761925
2017-02-21,-0.0027869376890927904,-0.002786937689092772,0.0,0.0,Bear,False,0.0019640807194120885,0.00196408071941212,-0.0011941335245296456,-0.0011941335245296836
2017-02-22,0.007259999243371704,0.007259999243371729,0.0,0.0,Bear,False,0.0013034795607694,0.0013034795607693717,0.004298537492043428,0.004298537492043453
2017-02-23,0.00033900065978024194,0.0003390006597803197,0.0,0.0,Bear,False,0.0008647088683313412,0.0008647088683313431,0.00035314864701794873,0.00035314864701785353
2017-02-27,0.002740682372947255,0.002740682372947223,0.0,0.0,Bear,False,-0.00292208013008177,-0.0029220801300817723,0.0009918307354724652,0.0009918307354723765
2017-02-28,-0.0020204012247149934,-0.0020204012247150294,0.0,0.0,Bear,False,-4.0480468454349387e-05,-4.048046845439579e-05,-0.0004082026388574734,-0.0004082026388574356
2017-03-01,0.0010199174025891048,0.00101991740258911,0.0,0.0,Bear,False,0.00453312908865079,0.004533129088650778,0.0014118076122910225,0.0014118076122910939
2017-03-02,-0.0035205669163189406,-0.004572248520677613,0.0010553972008275209,0.5276986004137604,Bear,True,-0.003139079712528412,-0.0031561861591830054,-0.0025555748828051906,-0.002567519860568246
2017-03-03,-0.0007676254365615552,-0.0007676254365615032,0.0,0.0,Bear,False,-0.00014833194050392073,-0.00014833194050389853,-0.0031655050891108423,-0.0031655050891108427
2017-03-06,0.0032819658547385694,0.0032819658547385,0.0,0.0,Bear,False,0.00444350687657529,0.004443506876575354,0.0039447378791731234,0.003944737879173044
2017-03-07,-0.0012168609690384412,-0.0012168609690383914,0.0,0.0,Bear,False,-0.0011148621761847906,-0.0011148621761848387,-0.0027921500607175544,-0.0027921500607175354
2017-03-08,-0.0017323053908267702,-0.001732305390826805,0.0,0.0,Bear,False,-0.0015149665332010133,-0.0015149665332010454,-0.004189170185293488,-0.004189170185293523
2017-03-09,-8.924011702234279e-06,-8.924011702271528e-06,0.0,0.0,Bear,False,0.00017784494500174355,0.00017784494500183712,-0.0004820165598325546,-0.0004820165598325987
2017-03-10,-1.3445627566791818e-05,-1.344562756677714e-05,0.0,0.0,Bear,False,0.0005119528259608533,0.0005119528259609485,-0.0013732562908170905,-0.001373256290817082
2017-03-14,0.006439104283356335,0.006439104283356256,0.0,0.0,Bear,False,0.010253773375772067,0.010253773375772157,0.0038238308623599745,0.0038238308623599337
2017-03-15,-0.0009810884665245765,-0.00098108846652456,0.0,0.0,Bear,False,-0.0001464827495811315,-0.00014648274958117824,-0.004194508977415226,-0.0041945089774152455
2017-03-16,0.003975739881584066,0.003975739881584062,0.0,0.0,Bear,False,0.00458786419296007,0.004587864192959978,0.0067816789492311635,0.006781678949231207
2017-03-17,0.00035485767350949067,0.00035485767350951214,0.0,0.0,Bear,False,0.00042086998136119374,0.0004208699813612604,0.0005737899329014562,0.0005737899329014695
2017-03-20,-0.0013221775055299132,-0.0013221775055298757,0.0,0.0,Bear,False,-0.002203510787820361,-0.0022035107878203286,-0.0004967032361829361,-0.0004967032361828938
2017-03-21,-0.00020271817751600635,-0.00020271817751604804,0.0,0.0,Bear,False,-0.00035137808666468537,-0.0003513780866646332,-5.450896180914052e-05,-5.4508961809141e-05
2017-03-22,-0.0033006520167706676,-0.0033006520167706555,0.0,0.0,Bear,False,-0.006051789568630115,-0.006051789568630062,0.00014132080229198782,0.00014132080229201094
2017-03-23,0.0025978805832935618,0.002597880583293577,0.0,0.0,Bear,False,0.003736242120609429,0.003736242120609523,0.0025332106943863454,0.0025332106943862787
2017-03-24,0.0008377585806739643,0.0008377585806740306,0.0,0.0,Bear,False,0.0014409516708692195,0.0014409516708693282,0.00022618423997784786,0.00022618423997777803
2017-03-27,-0.0025573850754825513,-0.0025573850754825322,0.0,0.0,Bear,False,-0.004175211118839764,-0.004175211118839783,-0.0012216289354455127,-0.001221628935445529
2017-03-28,0.0022313439108245406,0.002231343910824579,0.0,0.0,Bear,False,0.0037120084386557005,0.0037120084386557117,0.0009038171118889715,0.000903817111888916
2017-03-29,0.0018005601322102036,0.0018005601322101938,0.0,0.0,Bear,False,0.002860200972363318,0.0028602009723632804,0.0010636795348377421,0.0010636795348377692
2017-03-30,0.001288012967632732,0.0012880129676327012,0.0,0.0,Bear,False,0.001990332773845491,0.0019903327738455268,0.000887537145932784,0.0008875371459327042
2017-03-31,0.0012636643602565042,0.0012636643602566,0.0,0.0,Bear,False,0.0012319650384158792,0.0012319650384158276,-0.0006955638996803386,-0.0006955638996802849
2017-04-03,0.00272452547207425,0.0019407252985683687,0.00078167049233874,0.39083524616937004,Bull,True,0.004237842802511253,0.004221437011057594,0.0018261769159272144,0.0018035494303205724
2017-04-05,0.002364254402698929,0.00236425440269894,0.0,0.0,Bull,False,0.0017731906712766586,0.00177319067127657,0.004672122473296403,0.004672122473296403
2017-04-06,-0.0002784574841975672,-0.00027845748419752514,0.0,0.0,Bull,False,-0.00021143466393626475,-0.00021143466393624966,0.00015526808147863294,0.00015526808147869886
2017-04-07,-0.005498695377488135,-0.00549869537748815,0.0,0.0,Bull,False,-0.004123709366600564,-0.004123709366600559,-0.0007371034644657455,-0.0007371034644657604
2017-04-10,-0.0014641953132697241,-0.0014641953132696894,0.0,0.0,Bull,False,-0.0010972036314934998,-0.0010972036314934597,-0.004468435395400084,-0.004468435395400094
2017-04-11,0.004834237886121095,0.004834237886121029,0.0,0.0,Bull,False,0.00362123497844471,0.0036212349784447984,0.0026444717758774736,0.002644471775877566
2017-04-12,-0.0029076130446774266,-0.0029076130446774595,0.0,0.0,Bull,False,-0.002183142657158151,-0.0021831426571581325,0.003124288108276701,0.003124288108276696
2017-04-13,-0.004573168897949661,-0.004573168897949675,0.0,0.0,Bull,False,-0.003427323427603903,-0.003427323427603879,0.00037936690562657385,0.00037936690562667685
2017-04-17,-0.0010014762390779264,-0.0010014762390779808,0.0,0.0,Bull,False,-0.0007471983027534929,-0.0007471983027534934,-8.526669738814213e-05,-8.52666973881755e-05
2017-04-18,-0.0029828040355389137,-0.0029828040355389662,0.0,0.0,Bull,False,-0.002232299171114715,-0.002232299171114671,-0.0013523612490427901,-0.0013523612490428105
2017-04-19,-0.00014658699702192602,-0.0001465869970219691,0.0,0.0,Bull,False,-0.00011211579151188715,-0.00011211579151193529,-0.0015005264742510003,-0.0015005264742510294
2017-04-20,0.0028827271411499466,0.00288272714115001,0.0,0.0,Bull,False,0.0021557055945034117,0.0021557055945033987,0.0012220754474148335,0.0012220754474148166
2017-04-21,-0.0014832600386005996,-0.0014832600386005534,0.0,0.0,Bull,False,-0.0011074986053255993,-0.001107498605325552,0.0004615308019257842,0.0004615308019257913
2017-04-24,0.008622887935992097,0.008622887935992196,0.0,0.0,Bull,False,0.0064504528644254685,0.00645045286442536,0.0007474608773980385,0.0007474608773980762
2017-04-25,0.007690313232086943,0.007690313232086909,0.0,0.0,Bull,False,0.005765246860494538,0.005765246860494511,0.0024637944395370266,0.002463794439536926
2017-04-26,0.0038935016420043483,0.0038935016420043045,0.0,0.0,Bull,False,0.0029219917128111557,0.002921991712811156,-0.0003233575110776403,-0.00032335751107759325
2017-04-27,-0.0008297861629729164,-0.000829786162972912,0.0,0.0,Bull,False,-0.0006214110264512613,-0.0006214110264513018,-0.0004266024706262636,-0.00042660247062631385
2017-04-28,-0.0026979147157965575,-0.002697914715796612,0.0,0.0,Bull,False,-0.0013112841219980376,-0.001311284121997991,0.0005673616972151944,0.000567361697215274
2017-05-02,0.0008390575945856961,0.0008390575945858014,0.0,0.0,Bull,False,0.000629829054677216,0.0006298290546771224,-0.0025872573007655977,-0.0025872573007655886
2017-05-03,-0.0001570913485981442,-0.00015709134859809293,0.0,0.0,Bull,False,-0.00011550653591491172,-0.00011550653591496651,-0.0009279202169857516,-0.0009279202169857337
2017-05-04,0.004123647885233995,0.004123647885234005,0.0,0.0,Bull,False,0.0030958875492865167,0.00309588754928658,-0.0021717766659932495,-0.002171776665993219
2017-05-05,-0.006389196595663445,-0.006389905705714405,7.13669827925891e-07,0.0003568349139629455,Bull,True,-0.00480169516822788,-0.004802760929536465,-0.0011625383507444383,-0.0011670160571226607
2017-05-08,0.002475077881311337,0.002475077881311405,0.0,0.0,Bull,False,0.0018538637731797536,0.0018538637731797536,-0.00158777025751126,-0.001587770257511223
2017-05-09,0.000242580031713566,0.00024258003171362397,0.0,0.0,Bull,False,0.00018448797565631924,0.00018448797565628894,-8.926002854024755e-05,-8.926002854026116e-05
2017-05-10,0.007771854054839013,0.007771854054839045,0.0,0.0,Bull,False,0.005832843664684051,0.005832843664683951,0.0028532568116408394,0.0028532568116408363
2017-05-11,0.001287498411717984,0.0012874984117179356,0.0,0.0,Bull,False,0.0009681414491201295,0.0009681414491200524,-0.0014556376433116705,-0.0014556376433116913
2017-05-12,-0.001830764863809877,-0.0018307648638098417,0.0,0.0,Bull,False,-0.001377092837924641,-0.0013770928379246428,-0.0003025832393859595,-0.0003025832393859229
2017-05-15,0.0037962074720713362,0.0037962074720714334,0.0,0.0,Bull,False,0.00285419240827911,0.0028541924082789993,0.001984426328489092,0.001984426328489164
2017-05-16,0.005681241516469137,0.005681241516469093,0.0,0.0,Bull,False,0.004275474446877297,0.00427547444687737,0.0028073742354402,0.0028073742354401965
2017-05-17,0.0011408217622283746,0.0011408217622284056,0.0,0.0,Bull,False,0.0008597384555878711,0.000859738455587955,0.0027937726955390967,0.002793772695539154
2017-05-18,-0.00812857214694975,-0.00812857214694973,0.0,0.0,Bull,False,-0.006127520479853515,-0.006127520479853543,0.0032960415923331573,0.003296041592333099
2017-05-19,-0.00013382130689459904,-0.00013382130689454375,0.0,0.0,Bull,False,-0.00010309683395062914,-0.00010309683395059999,-0.001299137304325716,-0.001299137304325737
2017-05-22,0.0008828095810619217,0.0008828095810620162,0.0,0.0,Bull,False,0.0006665459518291872,0.0006665459518291339,-0.00015102416181182044,-0.0001510241618117858
2017-05-23,-0.004430398966650068,-0.004430398966650095,0.0,0.0,Bull,False,-0.0033336389602978784,-0.0033336389602979244,0.0006887470732312836,0.0006887470732312995
2017-05-24,-0.0021886260087273933,-0.002188626008727379,0.0,0.0,Bull,False,-0.0016474409787985127,-0.0016474409787985422,-0.002773064183762838,-0.0027730641837628855
2017-05-25,0.012771963955725017,0.012771963955725107,0.0,0.0,Bull,False,0.009594442660604727,0.009594442660604718,0.0037428756244368136,0.00374287562443687
2017-05-26,0.007214033585445267,0.0072140335854453674,0.0,0.0,Bull,False,0.005436319169993474,0.005436319169993542,0.005475066848708623,0.005475066848708687
2017-05-29,0.0008243663364794517,0.0008243663364795317,0.0,0.0,Bull,False,0.0006247173745356203,0.0006247173745355106,0.0001912896019705159,0.00019128960197045686
2017-05-30,0.0016456769710494167,0.0016456769710493369,0.0,0.0,Bull,False,0.0012401872706032696,0.0012401872706033767,0.0006592901398959878,0.0006592901398960738
2017-05-31,0.0003959670216160013,0.00039596702161603936,0.0,0.0,Bull,False,0.001145355576815733,0.0011453555768157209,-0.00036082738620892593,-0.0003608273862089062
2017-06-01,-0.00042904211882666577,-0.0004290421188266613,0.0,0.0,Bull,False,-0.0003214101915758654,-0.0003214101915758327,0.0011747881468516894,0.0011747881468517907
2017-06-02,0.0031309305854793825,0.003130930585479419,0.0,0.0,Bull,False,0.0023629685998730705,0.002362968599873172,-9.576250154789577e-05,-9.576250154785804e-05
2017-06-05,0.0018025427622310253,0.001790603103743127,1.1918175467004902e-05,0.0059590877335024516,Bull,True,0.0013614531334967422,0.001343417164588745,0.00526000240424922,0.005247195261801618
2017-06-06,-0.003137887277797379,-0.003137887277797402,0.0,0.0,Bull,False,-0.002353415692789018,-0.002353415692789018,0.00040724745165687803,0.00040724745165698906
2017-06-07,0.002218825854382645,0.002218825854382711,0.0,0.0,Bull,False,0.0016628109347786774,0.0016628109347787134,0.0003875577527687091,0.0003875577527687746
2017-06-08,-0.001378038552943512,-0.0013780385529434946,0.0,0.0,Bull,False,-0.0010332893715673229,-0.0010332893715673253,-0.001451818182576913,-0.0014518181825768917
2017-06-09,0.001740423604863953,0.0017404236048639277,0.0,0.0,Bull,False,0.0013045652747340284,0.001304565274734104,-0.0018277278467850183,-0.0018277278467849767
2017-06-12,-0.00428969169276409,-0.004289691692764053,0.0,0.0,Bull,False,-0.0032168129765025957,-0.003216812976502559,-0.002357497918107588,-0.002357497918107576
2017-06-13,-0.000789353043159044,-0.0007893530431590801,0.0,0.0,Bull,False,-0.0005912936627639529,-0.0005912936627640031,-0.0014270765280963353,-0.0014270765280963715
2017-06-14,0.0009335048254259877,0.0009335048254259792,0.0,0.0,Bull,False,0.0006966490125585482,0.0006966490125586144,0.00023500484660328718,0.0002350048466033261
2017-06-15,-0.003329479254991748,-0.0033294792549917185,0.0,0.0,Bull,False,-0.0024916775644825686,-0.0024916775644825417,-0.0019616432388652938,-0.001961643238865274
2017-06-16,0.0008335537620197481,0.0008335537620196565,0.0,0.0,Bull,False,0.0006239036371083543,0.0006239036371082918,-0.0004187898778881456,-0.00041878987788812605
2017-06-19,0.005786377774253297,0.005786377774253282,0.0,0.0,Bull,False,0.004329440512245182,0.004329440512245153,0.0012712595844756272,0.0012712595844757146
2017-06-20,-0.00033336631477181216,-0.0003333663147717658,0.0,0.0,Bull,False,-0.0002474537832746648,-0.0002474537832746204,-0.0005800176352095678,-0.0005800176352095399
2017-06-21,-0.0016484373024376463,-0.0016484373024376886,0.0,0.0,Bull,False,-0.0012357753632311304,-0.0012357753632311619,0.0004040874056511415,0.00040408740565123225
2017-06-22,-0.0002986638357100624,-0.00029866383571008903,0.0,0.0,Bull,False,-0.00022380527993453225,-0.00022380527993448585,0.00033693719295091706,0.0003369371929509146
2017-06-23,-0.004568912973983025,-0.004568912973982986,0.0,0.0,Bull,False,-0.0034234811782931046,-0.003423481178293053,-0.0016759069469912604,-0.001675906946991268
2017-06-27,-0.005298587815688367,-0.0052985878156883714,0.0,0.0,Bull,False,-0.003965662330814927,-0.0039656623308149674,-0.0028103909536182706,-0.002810390953618236
2017-06-28,-0.0016890273814971347,-0.0016890273814971213,0.0,0.0,Bull,False,-0.0012624397795912715,-0.0012624397795912845,-0.0017632772269372632,-0.0017632772269372543
2017-06-29,0.0010768769679107082,0.0010768769679108114,0.0,0.0,Bull,False,0.0008020466511608668,0.0008020466511609037,-0.0015405161984665512,-0.0015405161984665128
2017-06-30,0.00206170155584944,0.0020617015558495044,0.0,0.0,Bull,False,0.0023535639996200832,0.0023535639996201674,0.0008214847464030708,0.0008214847464029784
2017-07-03,0.007876136685816538,0.007876136685816437,0.0,0.0,Bull,False,0.005884296053542429,0.005884296053542348,0.002141149538662797,0.0021411495386627344
2017-07-04,-0.00014316898641787305,-0.00014316898641786313,0.0,0.0,Bull,False,-0.00010963666264724024,-0.00010963666264729444,-0.0031069414531698404,-0.003106941453169809
2017-07-05,0.002020262877221474,0.002017986211405587,2.27207562572483e-06,0.001136037812862415,Bull,True,0.001514748627613169,0.0015113401974404805,0.0005343309211891711,0.0005154234977939876
2017-07-06,0.0030671699846273317,0.003067169984627416,0.0,0.0,Bull,False,0.0023003774888027627,0.0023003774888028516,0.002091175193816186,0.002091175193816186
2017-07-07,-0.0007241009944448554,-0.0007241009944448651,0.0,0.0,Bull,False,-0.0005434912165207963,-0.0005434912165207528,-0.0014472415482749304,-0.0014472415482749135
2017-07-10,0.008716211949481602,0.00871621194948169,0.0,0.0,Bull,False,0.006540977882748095,0.0065409778827481,-0.0001632290478995979,-0.00016322904789956016
2017-07-11,0.001231481624985167,0.001231481624985209,0.0,0.0,Bull,False,0.000926147960698774,0.0009261479606987866,0.0012526887916133088,0.0012526887916133322
2017-07-12,0.0024620822498114038,0.0024620822498113704,0.0,0.0,Bull,False,0.0018497714252159545,0.001849771425215918,0.001747832132689044,0.0017478321326891422
2017-07-13,0.006185787034380117,0.006185787034380219,0.0,0.0,Bull,False,0.004658767988776671,0.004658767988776624,0.0027658191132376576,0.0027658191132375887
2017-07-14,-0.00043496808372344407,-0.00043496808372345264,0.0,0.0,Bull,False,-0.00032791949950352586,-0.00032791949950350396,-0.0007248339298415989,-0.0007248339298415729
2017-07-17,0.0024073836171572193,0.0024073836171571994,0.0,0.0,Bull,False,0.0018147158964706383,0.0018147158964705312,0.0035290747731863874,0.0035290747731864247
2017-07-18,-0.007204647654505175,-0.007204647654505125,0.0,0.0,Bull,False,-0.005434166481356468,-0.005434166481356417,-0.001990825452281327,-0.001990825452281353
2017-07-19,0.005920722507912747,0.005920722507912757,0.0,0.0,Bull,False,0.004457805335450051,0.004457805335450038,0.003132871419529532,0.0031328714195295593
2017-07-20,-0.0021366321981390237,-0.002136632198138977,0.0,0.0,Bull,False,-0.0016110470292211667,-0.0016110470292212131,-0.0012964119489812654,-0.0012964119489812242
2017-07-21,0.003415388823961302,0.0034153888239611963,0.0,0.0,Bull,False,0.002573889601544779,0.00257388960154481,0.003251600133069397,0.0032516001330693545
2017-07-24,0.004150251003004059,0.004150251003004035,0.0,0.0,Bull,False,0.0031303182480258308,0.0031303182480257874,0.003944178221756214,0.003944178221756189
2017-07-25,-0.0001495326277695986,-0.00014953262776962184,0.0,0.0,Bull,False,-0.00011289934942570795,-0.00011289934942571023,-0.0014182116538065366,-0.0014182116538065115
2017-07-26,0.00453376547143129,0.00453376547143125,0.0,0.0,Bull,False,0.003422934693251771,0.0034229346932517224,0.0004709761321519323,0.0004709761321519679
2017-07-27,-8.092158311532242e-06,-8.092158311545639e-06,0.0,0.0,Bull,False,-6.116239185071011e-06,-6.116239185116612e-06,0.0026837713992523275,0.002683771399252244
2017-07-28,-0.0004867119200518617,-0.00048671192005189656,0.0,0.0,Bull,False,-0.000367867315514533,-0.0003678673155145251,-0.0017324042740090601,-0.001732404274009114
2017-07-31,0.005685116402249768,0.005685116402249779,0.0,0.0,Bull,False,0.005110688117820178,0.005110688117820228,0.00394044146558936,0.003940441465589251
2017-08-01,0.0030053773593981628,0.003005377359398098,0.0,0.0,Bull,False,0.0022725566965716157,0.0022725566965715593,0.0005916804587135828,0.000591680458713606
2017-08-02,-0.0026452420769676856,-0.002645242076967702,0.0,0.0,Bull,False,-0.00200169802716706,-0.002001698027167098,-0.0017335094015996178,-0.0017335094015996644
2017-08-03,-0.005428432723813534,-0.005439439230958132,1.106658133687787e-05,0.005533290668438934,Bull,True,-0.0041051351556159405,-0.004121782022852072,-0.0031202213954758928,-0.003135384205345204
2017-08-04,0.0042142473872859715,0.00421424738728593,0.0,0.0,Bull,False,0.0031606855407726006,0.0031606855407726453,0.005200701982839136,0.005200701982839062
2017-08-07,-0.0007160011059903395,-0.0007160011059903493,0.0,0.0,Bull,False,-0.0005375648104101988,-0.0005375648104102293,-0.0036276316876484044,-0.0036276316876484582
2017-08-08,-0.006277506559344642,-0.00627750655934467,0.0,0.0,Bull,False,-0.0047122331618625925,-0.0047122331618626445,-0.0021777359748954284,-0.002177735974895456
2017-08-09,-0.005648150323968119,-0.0056481503239681485,0.0,0.0,Bull,False,-0.004233136737787022,-0.004233136737787024,5.4135377835737384e-05,5.413537783582889e-05
2017-08-10,-0.007074090209912225,-0.007074090209912232,0.0,0.0,Bull,False,-0.005294306256972517,-0.00529430625697247,-0.00041763255868097586,-0.00041763255868099147
2017-08-11,-0.008881304111047832,-0.008881304111047816,0.0,0.0,Bull,False,-0.00663494683573,-0.00663494683572996,-0.00030980759758700467,-0.0003098075975870307
2017-08-14,0.006824065537426847,0.00682406553742676,0.0,0.0,Bull,False,0.005086519177680855,0.0050865191776807706,0.00034803747177120613,0.00034803747177125643
2017-08-16,0.008387793105109377,0.008387793105109287,0.0,0.0,Bull,False,0.0062628981113095625,0.006262898111309534,0.00015209554547076024,0.0001520955454707984
2017-08-17,0.000552434869752717,0.0005524348697527603,0.0,0.0,Bull,False,0.00041335656510496464,0.0004133565651049942,0.004975108227581685,0.004975108227581737
2017-08-18,-0.005379783286313134,-0.005379783286313167,0.0,0.0,Bull,False,-0.004025954938189432,-0.004025954938189469,-0.0010822472203911966,-0.001082247220391186
2017-08-21,-0.006729765803771265,-0.00672976580377127,0.0,0.0,Bull,False,-0.005029367149991803,-0.0050293671499918036,-0.005611388091092299,-0.005611388091092295
2017-08-22,0.000913722678000662,0.0009137226780007168,0.0,0.0,Bull,False,0.0006816869063372979,0.0006816869063372977,-0.00024760405716881933,-0.0002476040571688376
2017-08-23,0.007084978678039024,0.007084978678038922,0.0,0.0,Bull,False,0.0052844859078340885,0.005284485907834036,0.0032524693877734982,0.003252469387773571
2017-08-24,0.00037024154475284905,0.0003702415447528473,0.0,0.0,Bull,False,0.00027928590206063246,0.0002792859020606109,0.000350322417184878,0.00035032241718480073
2017-08-28,0.004508337949191183,0.0045083379491912545,0.0,0.0,Bull,False,0.0033680716459993164,0.003368071645999393,0.0055733186509566235,0.00557331865095656
2017-08-29,-0.009403047397631953,-0.00940304739763198,0.0,0.0,Bull,False,-0.007038008070767449,-0.0070380080707674875,0.0030748892515246175,0.0030748892515246595
2017-08-30,0.007185324034575405,0.007185324034575391,0.0,0.0,Bull,False,0.005367788625774895,0.005367788625774805,0.0002991956560522986,0.0002991956560522979
2017-08-31,0.0033477602414273373,0.0033477602414273555,0.0,0.0,Bull,False,0.0033065572199482856,0.003306557219948214,0.000876186857889569,0.0008761868578894827
2017-09-01,0.004543716261325296,0.004543716261325326,0.0,0.0,Bull,False,0.0033965674297034916,0.003396567429703401,0.005634052248888814,0.00563405224888891
2017-09-04,-0.004927687632860788,-0.004927687632860778,0.0,0.0,Bull,False,-0.0036880314061176196,-0.00368803140611762,0.00196080711101232,0.0019608071110124303
2017-09-05,0.0031652437332981734,0.0016350878239970168,0.001525327874804195,0.7626639374020976,Crisis,True,0.002365117156432607,0.0023606265034519236,0.0002515838419909116,0.00022528525096565666
2017-09-06,0.0020403099948732416,0.0020403099948731462,0.0,0.0,Crisis,False,-0.002166415012651579,-0.002166415012651579,0.0016813421494367895,0.0016813421494368264
2017-09-07,-0.0009838808895241459,-0.000983880889524169,0.0,0.0,Crisis,False,0.0008277530470440414,0.0008277530470439665,-0.0009198685526259786,-0.0009198685526259354
2017-09-08,0.0013703133912806502,0.0013703133912805754,0.0,0.0,Crisis,False,0.0002957732095356961,0.00029577320953566577,0.001968063742621763,0.0019680637426218173
2017-09-11,-0.0018601965243216668,-0.0018601965243216778,0.0,0.0,Crisis,False,0.0043000264268450335,0.004300026426845127,-0.00044074521199194416,-0.00044074521199188865
2017-09-12,-0.0009780088315422112,-0.0009780088315421986,0.0,0.0,Crisis,False,0.005224131205635632,0.005224131205635585,0.0011948608684590948,0.0011948608684591022
2017-09-13,0.0010949060060843662,0.0010949060060843063,0.0,0.0,Crisis,False,-0.0008180565089550269,-0.0008180565089550562,0.0010549299363170025,0.0010549299363169506
2017-09-14,-0.0015439980782206374,-0.0015439980782205875,0.0,0.0,Crisis,False,0.0004367435897512579,0.0004367435897512095,-0.001842214488774155,-0.0018422144887741965
2017-09-15,0.00076352496287543,0.0007635249628754615,0.0,0.0,Crisis,False,-7.17173238335159e-05,-7.171732383348672e-05,0.0009800885796145246,0.0009800885796145131
2017-09-18,-0.0018385329658927223,-0.0018385329658927585,0.0,0.0,Crisis,False,0.00404500409766608,0.004045004097666061,-0.0005007018407007691,-0.0005007018407007235
2017-09-19,-0.00022595460289064482,-0.0002259546028906545,0.0,0.0,Crisis,False,-0.0003266716678462358,-0.0003266716678462789,-0.0004645691048959241,-0.00046456910489589553
2017-09-20,0.001025829379184239,0.0010258293791842732,0.0,0.0,Crisis,False,-0.0003852298556596536,-0.0003852298556596967,0.0011840961990127754,0.0011840961990128296
2017-09-21,-0.0014041194693429364,-0.0014041194693429349,0.0,0.0,Crisis,False,-0.0011435612245184225,-0.001143561224518419,-0.002419013319729614,-0.0024190133197296015
2017-09-22,-0.0004157330264627937,-0.00041573302646280563,0.0,0.0,Crisis,False,-0.009399188254679534,-0.009399188254679558,-0.005064438341056587,-0.005064438341056632
2017-09-25,2.0707622196191992e-05,2.0707622196081132e-05,0.0,0.0,Crisis,False,-0.005530412017939094,-0.005530412017939135,-0.0026158418732157704,-0.0026158418732157296
2017-09-26,0.002763241951001038,0.002763241951001083,0.0,0.0,Crisis,False,-6.661285348686752e-05,-6.661285348685819e-05,0.003664649558725023,0.0036646495587249195
2017-09-27,-0.0022362413970887745,-0.0022362413970887784,0.0,0.0,Crisis,False,-0.008224099817881605,-0.008224099817881636,-0.006893700564921265,-0.0068937005649212235
2017-09-28,-0.0012724367460714764,-0.0012724367460714703,0.0,0.0,Crisis,False,0.002024024155835389,0.0020240241558353578,-0.0007407445407914907,-0.0007407445407915381
2017-09-29,0.0016778625403277804,0.001677862540327757,0.0,0.0,Crisis,False,0.0024029341303546947,0.002402934130354639,0.000958559333934618,0.0009585593339345166
2017-10-03,-0.00047584561778923093,-0.00047584561778923895,0.0,0.0,Crisis,False,0.0043118450754832185,0.004311845075483323,0.0014141499549413284,0.0014141499549413794
2017-10-04,-0.00027720733417279037,-0.0002772073341728021,0.0,0.0,Crisis,False,0.0033547391918231383,0.003354739191823164,0.0012304941905598638,0.001230494190559872
2017-10-05,-0.0006044020460426356,-0.0006192205332099521,1.4827448907817246e-05,0.0074137244539086225,Crisis,True,-0.001581233322379546,-0.001585730827059928,-0.0015657061347941776,-0.001574382152423448
2017-10-06,-0.0002928767049937527,-0.00029287670499378304,0.0,0.0,Crisis,False,0.005517538995022697,0.005517538995022608,0.0022081370992060494,0.0022081370992059757
2017-10-09,0.0027247838204038266,0.0027247838204038644,0.0,0.0,Crisis,False,0.0005499798917525016,0.0005499798917525389,0.0038751960225092783,0.0038751960225091864
2017-10-10,0.0007694523129464009,0.0007694523129464503,0.0,0.0,Crisis,False,0.0017007313551207278,0.0017007313551207215,0.0018207588576128033,0.001820758857612903
2017-10-11,0.000613414831044827,0.0006134148310448229,0.0,0.0,Crisis,False,-0.0019356724345063947,-0.0019356724345064302,-9.472656044200319e-05,-9.472656044196004e-05
2017-10-12,0.00145347980827902,0.0014534798082790346,0.0,0.0,Crisis,False,0.006728254433083804,0.00672825443308378,0.005091047827955194,0.005091047827955109
2017-10-13,0.0004174936364572789,0.0004174936364573778,0.0,0.0,Crisis,False,0.004257333860098249,0.004257333860098189,0.002550762648726537,0.0025507626487264456
2017-10-16,-0.00042235337169504804,-0.00042235337169505005,0.0,0.0,Crisis,False,0.003786664148686515,0.003786664148686558,0.001215023352793983,0.001215023352793887
2017-10-17,-0.0009534231615640802,-0.0009534231615641042,0.0,0.0,Crisis,False,0.00021402355222678267,0.00021402355222677194,-0.0011559435115190203,-0.001155943511519042
2017-10-18,-0.0018500914946088449,-0.0018500914946087965,0.0,0.0,Crisis,False,-0.001402549614314841,-0.001402549614314852,-0.0031014019394966035,-0.0031014019394965953
2017-10-19,0.0029164124918792094,0.002916412491879239,0.0,0.0,Crisis,False,-0.0034814348544524327,-0.003481434854452403,0.0015062483141949177,0.0015062483141949912
2017-10-23,-0.003469337418330072,-0.0034693374183301096,0.0,0.0,Crisis,False,0.0019408782958291733,0.0019408782958292292,-0.0029767051990213927,-0.002976705199021379
2017-10-24,-0.00027581605922609453,-0.0002758160592261083,0.0,0.0,Crisis,False,0.0013581473311123045,0.0013581473311123915,0.0002854646869294105,0.0002854646869294708
2017-10-25,-0.00011249137340967923,-0.00011249137340962889,0.0,0.0,Crisis,False,0.005221035564317195,0.005221035564317189,0.0023148727986854337,0.0023148727986854745
2017-10-26,-0.00015703807420237715,-0.00015703807420242022,0.0,0.0,Crisis,False,0.002865123335748011,0.0028651233357479544,0.0011609084628694533,0.0011609084628694255
2017-10-27,-0.001542674462364096,-0.001542674462364113,0.0,0.0,Crisis,False,-0.0012251861366648926,-0.0012251861366648908,-0.002612246525270148,-0.0026122465252701454
2017-10-30,0.00018949087952631916,0.00018949087952635502,0.0,0.0,Crisis,False,0.0024040211384708183,0.0024040211384708243,0.0013865080685046948,0.0013865080685047104
2017-10-31,0.0030673622330930875,0.0030673622330930073,0.0,0.0,Crisis,False,-0.00041215079554270616,-0.0004121507955426873,0.0012718213057026188,0.0012718213057025807
2017-11-01,7.158969182861018e-05,7.158969182863295e-05,0.0,0.0,Crisis,False,0.006206820250795298,0.00620682025079522,0.003047800752605591,0.0030478007526055784
2017-11-02,-0.0005922892442960944,-0.000592289244296107,0.0,0.0,Crisis,False,-0.0009792349734144303,-0.0009792349734144556,-0.0012456775725894825,-0.001245677572589532
2017-11-03,3.199207806601982e-05,3.1992078066034324e-05,0.0,0.0,Crisis,False,0.001684518180345714,0.001684518180345762,0.0008463644412398611,0.0008463644412397553
2017-11-06,-0.0011376188032135143,-0.00265419733642025,0.001518305786418401,0.7591528932092005,Bull,True,-4.1027881061731574e-05,-6.592164464436223e-05,-0.0015141645655627394,-0.001541023333517022
2017-11-07,-0.007780433189706249,-0.007780433189706226,0.0,0.0,Bull,False,-0.005835324975335498,-0.005835324975335454,-0.00018263512028852524,-0.00018263512028848794
2017-11-08,-0.0036276917152538936,-0.0036276917152539,0.0,0.0,Bull,False,-0.0027179604849403164,-0.0027179604849403294,-0.0011710645282109182,-0.0011710645282109189
2017-11-09,0.00045106096052089555,0.00045106096052083267,0.0,0.0,Bull,False,0.00033984762334126484,0.0003398476233411607,0.000450223209301905,0.000450223209301992
2017-11-10,0.0009905512910933032,0.0009905512910932668,0.0,0.0,Bull,False,0.0007408659179652229,0.0007408659179652943,0.0015887098039660548,0.0015887098039659708
2017-11-13,-0.007483730153394805,-0.007483730153394763,0.0,0.0,Bull,False,-0.005598724788567758,-0.0055987247885677105,-0.003365301382494971,-0.003365301382495023
2017-11-14,-0.0029872942964341105,-0.002987294296434073,0.0,0.0,Bull,False,-0.002230616805600648,-0.0022306168056006603,-0.0021977468552634473,-0.002197746855263416
2017-11-15,-0.005355641886084567,-0.005355641886084617,0.0,0.0,Bull,False,-0.003996032526150642,-0.003996032526150661,-0.000345995494095395,-0.0003459954940954191
2017-11-16,0.007595648099771696,0.007595648099771646,0.0,0.0,Bull,False,0.005659643497119833,0.005659643497119893,0.0010051638063598139,0.0010051638063597323
2017-11-17,0.005367260638365326,0.005367260638365234,0.0,0.0,Bull,False,0.004006933939828873,0.004006933939828983,0.0028707278419043084,0.0028707278419042304
2017-11-20,0.0011747631474050809,0.0011747631474050557,0.0,0.0,Bull,False,0.0008782088720418856,0.0008782088720418191,0.0031834535056619335,0.0031834535056618485
2017-11-21,0.002180223350050418,0.0021802233500505253,0.0,0.0,Bull,False,0.0016303362367236318,0.0016303362367235952,-0.002043008707013442,-0.0020430087070134606
2017-11-22,0.0011900766691875177,0.0011900766691874676,0.0,0.0,Bull,False,0.0008904088807571856,0.0008904088807570876,0.000676103206184098,0.0006761032061841643
2017-11-23,0.0004978827507317495,0.0004978827507318151,0.0,0.0,Bull,False,0.00037262468686787573,0.00037262468686782846,0.0007089068612984917,0.0007089068612984306
2017-11-24,0.0031593228724109443,0.0031593228724109412,0.0,0.0,Bull,False,0.0023647919457177443,0.0023647919457177036,0.001750112292404707,0.0017501122924046264
2017-11-27,0.0007575078211470411,0.0007575078211470299,0.0,0.0,Bull,False,0.0005674533491478715,0.0005674533491477618,-0.0002015366426368529,-0.0002015366426368903
2017-11-28,-0.0022536743278557757,-0.002253674327855726,0.0,0.0,Bull,False,-0.0016910684811108187,-0.0016910684811107801,-0.001075076794020646,-0.0010750767940206352
2017-11-29,-0.0006873560492526135,-0.0006873560492526298,0.0,0.0,Bull,False,-0.000512197810029727,-0.0005121978100297575,-5.8947101774476504e-05,-5.8947101774453614e-05
2017-11-30,-0.009753033958526194,-0.009753033958526225,0.0,0.0,Bull,False,-0.006512265388380558,-0.006512265388380567,-0.005783829058579645,-0.005783829058579659
2017-12-01,-0.0081532029849202,-0.008153202984920171,0.0,0.0,Bull,False,-0.006084345273696129,-0.006084345273696168,-0.00404615839915136,-0.004046158399151345
2017-12-04,0.00046487220205545653,0.0004648722020554885,0.0,0.0,Bull,False,0.0003436236664587118,0.00034362366645868114,-0.001457206104722423,-0.0014572061047224416
2017-12-05,-0.00074309660854831,-0.0007545924251084468,1.150436541504271e-05,0.0057521827075213555,Bull,True,-0.0005508849941739209,-0.0005680088874948641,0.00041182074428965847,0.00039659134415082065
2017-12-06,-0.005862704804150199,-0.005862704804150187,0.0,0.0,Bull,False,-0.00439702857460531,-0.004397028574605333,-0.003939193465792856,-0.003939193465792856
2017-12-07,0.009750586920467477,0.009750586920467486,0.0,0.0,Bull,False,0.007302174488368503,0.007302174488368562,0.0019196977833895405,0.001919697783389518
2017-12-08,0.007793647366657376,0.00779364736665733,0.0,0.0,Bull,False,0.005850817408129222,0.005850817408129316,-1.9578761149101776e-05,-1.957876114910828e-05
2017-12-11,0.004423498845494457,0.004423498845494533,0.0,0.0,Bull,False,0.0033272064543144243,0.003327206454314391,0.002040710267518302,0.0020407102675183975
2017-12-12,-0.006388173608569122,-0.0063881736085691365,0.0,0.0,Bull,False,-0.0048102186506715555,-0.004810218650671549,-0.0028002098380983417,-0.0028002098380983664
2017-12-13,-0.0036962613131767434,-0.0036962613131767963,0.0,0.0,Bull,False,-0.0027788276708292097,-0.0027788276708292647,-0.0028747738113906888,-0.002874773811390674
2017-12-14,0.004649192839241514,0.004649192839241589,0.0,0.0,Bull,False,0.0034920204257452426,0.003492020425745146,0.004655822221663258,0.004655822221663275
2017-12-15,0.00634897007571567,0.006348970075715776,0.0,0.0,Bull,False,0.004774226507855939,0.004774226507855861,0.0013821979539902242,0.001382197953990305
2017-12-18,0.004314763973648042,0.00431476397364805,0.0,0.0,Bull,False,0.003249652345751317,0.0032496523457512527,0.0016813709848539134,0.0016813709848539915
2017-12-19,0.005763151781043918,0.005763151781043918,0.0,0.0,Bull,False,0.004345109667041226,0.004345109667041269,0.003578907633450202,0.0035789076334502568
2017-12-20,-0.0014623525710989146,-0.001462352571098946,0.0,0.0,Bull,False,-0.001104092684767381,-0.0011040926847674104,-0.000388162698176788,-0.00038816269817676385
2017-12-21,-0.00030063680525614243,-0.0003006368052561603,0.0,0.0,Bull,False,-0.0002269027720485485,-0.0002269027720485095,5.587261815003346e-05,5.587261815009903e-05
2017-12-22,0.004063281031847973,0.004063281031847943,0.0,0.0,Bull,False,0.003066496521047938,0.0030664965210478456,0.0022338007158018893,0.0022338007158018147
2017-12-26,0.002954455024385686,0.002954455024385627,0.0,0.0,Bull,False,0.0022294398189184185,0.002229439818918433,0.0038910583100287776,0.003891058310028672
2017-12-27,-0.003118019917193055,-0.003118019917193071,0.0,0.0,Bull,False,-0.002354711927525293,-0.0023547119275253436,0.0007221242919514884,0.0007221242919515092
2017-12-28,-0.0009868894128078599,-0.0009868894128078898,0.0,0.0,Bull,False,-0.000745499129741123,-0.0007454991297410896,0.002186281869461989,0.0021862818694620145
2017-12-29,0.004698569290486031,0.004698569290485954,0.0,0.0,Bull,False,0.004353238481359436,0.004353238481359378,0.0014831960600217734,0.0014831960600216743
2018-01-01,5.091951635437662e-11,5.0919490846013105e-11,0.0,0.0,Bull,False,0.0,0.0,0.0021060964501057942,0.0021060964501058432
2018-01-02,-0.006771967900565908,-0.0067719679005658895,0.0,0.0,Bull,False,-0.005116086618336064,-0.005116086618336069,-0.0025449223876361955,-0.0025449223876361504
2018-01-03,7.70411319199629e-05,7.704113191997486e-05,0.0,0.0,Bull,False,5.810616451351628e-05,5.8106164513516134e-05,5.124551525880322e-05,5.124551525881316e-05
2018-01-04,0.004745337997543525,0.004734451860405109,1.0834722716955883e-05,0.0054173613584779425,Bull,True,0.0035791090680101115,0.0035626876787702155,0.0011706712262364862,0.0011565347952571248
2018-01-05,0.0041162249179629296,0.0041162249179629296,0.0,0.0,Bull,False,0.0030871490571414027,0.0030871490571413585,0.0022517782751291606,0.002251778275129235
2018-01-08,0.0049088075310703225,0.004908807531070369,0.0,0.0,Bull,False,0.0036827698694280944,0.0036827698694281708,0.0024371136333066106,0.0024371136333065646
2018-01-09,0.0010134758143962252,0.0010134758143962586,0.0,0.0,Bull,False,0.0007643735768994305,0.000764373576899402,0.001287625256850373,0.0012876252568503332
2018-01-10,-0.00036190078527907914,-0.0003619007852790901,0.0,0.0,Bull,False,-0.00027209468843489016,-0.0002720946884349207,-0.00039615818713853847,-0.0003961581871385622
2018-01-11,0.0014331139272075308,0.0014331139272074633,0.0,0.0,Bull,False,0.0010773784507217762,0.0010773784507218664,0.001836453490924369,0.0018364534909243169
2018-01-12,0.0022633298131246892,0.002263329813124715,0.0,0.0,Bull,False,0.0017021141798467187,0.001702114179846781,0.0030084022280816827,0.0030084022280816303
2018-01-15,0.004531382132677406,0.004531382132677342,0.0,0.0,Bull,False,0.003409764235329897,0.003409764235329904,0.003974318471124172,0.003974318471124061
2018-01-16,-0.0030744712447314357,-0.0030744712447314804,0.0,0.0,Bull,False,-0.0023161560534218045,-0.002316156053421836,-9.662802564184506e-06,-9.662802564203155e-06
2018-01-17,0.006608704573786943,0.006608704573787039,0.0,0.0,Bull,False,0.00497222864881351,0.004972228648813415,0.0022916592714423084,0.00229165927144237
2018-01-18,0.0021227465353252967,0.0021227465353252928,0.0,0.0,Bull,False,0.0016031771028926255,0.0016031771028925945,-0.0014124579824349275,-0.0014124579824349448
2018-01-19,0.005779958009035453,0.005779958009035413,0.0,0.0,Bull,False,0.0043602314160468385,0.004360231416046911,0.0038957686482263484,0.003895768648226383
2018-01-22,0.005288079955192867,0.00528807995519287,0.0,0.0,Bull,False,0.003994882066606536,0.0039948820666064755,0.00165592381453653,0.0016559238145366084
2018-01-23,0.008644590194107847,0.008644590194107904,0.0,0.0,Bull,False,0.006538893873712528,0.006538893873712537,0.004820533960671537,0.0048205339606715025
2018-01-24,0.00016583276750036012,0.00016583276750026243,0.0,0.0,Bull,False,0.00012311625246817944,0.0001231162524681917,0.0017724845740352715,0.0017724845740352269
2018-01-25,-0.0011902277415089784,-0.001190227741509009,0.0,0.0,Bull,False,-0.0008997999832407567,-0.0008997999832407455,0.00194365384367358,0.001943653843673676
2018-01-29,0.0044335373850740364,0.004433537385074127,0.0,0.0,Bull,False,0.0033573556906060257,0.003357355690606134,-0.0004306689261689425,-0.00043066892616894226
2018-01-30,-0.005867927174848909,-0.005867927174848964,0.0,0.0,Bull,False,-0.004449050952304661,-0.004449050952304634,-0.0024614834541286435,-0.0024614834541286656
2018-01-31,-0.0009848676746360115,-0.000984867674636014,0.0,0.0,Bull,False,3.7095384057088225e-05,3.709538405716195e-05,-0.00034922120722903345,-0.0003492212072290224
2018-02-01,-0.0007904452995675627,-0.0007904452995675104,0.0,0.0,Bull,False,-0.0005982104722342186,-0.0005982104722341841,0.0003243134294640093,0.0003243134294639294
2018-02-02,-0.01877430276878961,-0.018774302768789664,0.0,0.0,Bull,False,-0.01420521846809549,-0.014205218468095526,-0.005307509469554052,-0.00530750946955405
2018-02-05,-0.007021213655367852,-0.008449147915578492,0.001438030982985129,0.7190154914925644,Crisis,True,-0.005287731208107968,-0.005293480322120514,-0.005030264988244821,-0.005039194481157416
2018-02-06,0.0003564779148825801,0.0003564779148825803,0.0,0.0,Crisis,False,-0.009466967731976816,-0.00946696773197686,-0.00304002750256005,-0.00304002750256005
2018-02-07,-0.0026036775023289835,-0.002603677502329038,0.0,0.0,Crisis,False,-0.0012237752348531789,-0.001223775234853175,-0.003934793903331857,-0.003934793903331846
2018-02-08,-0.002141736489120574,-0.002141736489120527,0.0,0.0,Crisis,False,0.00569427633417487,0.005694276334174964,-0.000762618593326467,-0.0007626185933264917
2018-02-09,0.0005078233905860346,0.0005078233905859708,0.0,0.0,Crisis,False,-0.0068916905066984,-0.006891690506698356,-0.001886596504932354,-0.0018865965049323918
2018-02-12,0.001201778483532385,0.001201778483532312,0.0,0.0,Crisis,False,0.004827501128974284,0.004827501128974232,0.003399960120024712,0.0033999601200247476
2018-02-14,0.0009052355766003661,0.0009052355766003828,0.0,0.0,Crisis,False,-0.0022010133447291714,-0.002201013344729219,0.00039470729346877337,0.00039470729346868794
2018-02-15,0.003493521660936589,0.003493521660936638,0.0,0.0,Crisis,False,0.002532351665851591,0.002532351665851529,0.005613923898342748,0.00561392389834281
2018-02-16,0.0007595706202201756,0.0007595706202201402,0.0,0.0,Crisis,False,-0.005278510466369727,-0.005278510466369735,-0.0009324658797121247,-0.0009324658797120744
2018-02-19,-0.0011738710985800564,-0.001173871098580026,0.0,0.0,Crisis,False,-0.0042075962477981,-0.0042075962477980955,-0.003116227471374666,-0.003116227471374633
2018-02-20,-0.0007481467536597865,-0.0007481467536597508,0.0,0.0,Crisis,False,-0.0010333521732633737,-0.001033352173263391,-0.0013749802113848274,-0.0013749802113848242
2018-02-21,-0.0014379899316112642,-0.001437989931611261,0.0,0.0,Crisis,False,0.0021247657363640923,0.0021247657363641093,-0.0011566833597405589,-0.0011566833597405068
2018-02-22,-0.0003172672429070355,-0.0003172672429070378,0.0,0.0,Crisis,False,-0.000842448752661038,-0.0008424487526610402,-0.0007357339680450944,-0.0007357339680450492
2018-02-23,0.0010435261478645452,0.0010435261478645153,0.0,0.0,Crisis,False,0.006189465833029274,0.006189465833029262,0.003686274195170133,0.0036862741951702027
2018-02-26,0.002059232395820792,0.0020592323958208425,0.0,0.0,Crisis,False,0.0052010993810647195,0.005201099381064722,0.004675501824827461,0.004675501824827455
2018-02-27,-0.00046975529761811936,-0.0004697552976181685,0.0,0.0,Crisis,False,-0.0015953296207949022,-0.0015953296207948942,-0.0012233584959440835,-0.0012233584959441268
2018-02-28,0.00027547857342713586,0.0002754785734271348,0.0,0.0,Crisis,False,-0.002296899399950516,-0.0022968993999504805,-0.002549300131497804,-0.0025493001314977892
2018-03-01,-0.0013464824711282267,-0.0013464824711282297,0.0,0.0,Crisis,False,-0.001957473739459152,-0.0019574737394592034,-0.002526499084061744,-0.002526499084061773
2018-03-05,0.0012035017631163779,0.0012035017631164546,0.0,0.0,Crisis,False,-0.005656540270374095,-0.0056565402703741,-0.00047572776148775264,-0.0004757277614877431
2018-03-06,-0.0017779740308277964,-0.0017779740308278003,0.0,0.0,Crisis,False,-0.00626614423536768,-0.006266144235367643,-0.004691599247995307,-0.004691599247995337
2018-03-07,0.0005558050009994353,0.0005558050009994986,0.0,0.0,Crisis,False,-0.005472772685923374,-0.005472772685923388,-0.0012520575100395624,-0.0012520575100395392
2018-03-08,-0.00014074004426289322,-0.00015139110981643444,1.0652564795947811e-05,0.0053262823979739055,Crisis,True,0.005133524641291914,0.005112442484435986,0.0016569552368292675,0.001637064414381273
2018-03-09,-0.0010240762204447897,-0.0010240762204447584,0.0,0.0,Crisis,False,-0.0009376326041572236,-0.0009376326041572458,-0.0016882720029505192,-0.0016882720029505194
2018-03-12,0.0011548521644403893,0.0011548521644404453,0.0,0.0,Crisis,False,0.011403089834171225,0.011403089834171265,0.005734285591335268,0.005734285591335375
2018-03-13,-0.00038642947128638674,-0.00038642947128642025,0.0,0.0,Crisis,False,0.0003119954132168028,0.00031199541321669244,-0.0003911458928718915,-0.0003911458928719247
2018-03-14,0.0008207322624928297,0.000820732262492907,0.0,0.0,Crisis,False,-0.0009204194901657258,-0.000920419490165747,0.000743084190922964,0.0007430841909230601
2018-03-15,-0.0009253598802884625,-0.0009253598802884122,0.0,0.0,Crisis,False,-0.00293982420867878,-0.0029398242086787763,-0.0023205482017779845,-0.002320548201777961
2018-03-16,-0.0017274595112268156,-0.0017274595112267699,0.0,0.0,Crisis,False,-0.009603593545528531,-0.009603593545528533,-0.0058303948468848435,-0.0058303948468848565
2018-03-19,-0.002017844150102349,-0.0020178441501023103,0.0,0.0,Crisis,False,-0.005923066785097715,-0.005923066785097686,-0.004877161641504062,-0.004877161641504091
2018-03-20,0.001375096733946284,0.0013750967339463127,0.0,0.0,Crisis,False,0.0017786762333648028,0.0017786762333646955,0.002494253200000323,0.002494253200000296
2018-03-21,0.00040356172671364757,0.00040356172671374146,0.0,0.0,Crisis,False,0.0018227547097303622,0.0018227547097302566,0.0012080720446080123,0.001208072044607933
2018-03-22,0.0012853226617577417,0.0012853226617577374,0.0,0.0,Crisis,False,-0.0023846705646145237,-0.002384670564614555,0.0008435926622022082,0.0008435926622021306
2018-03-23,0.0006237677922748143,0.0006237677922749096,0.0,0.0,Crisis,False,-0.006887820754926681,-0.006887820754926666,-0.001683956364798188,-0.0016839563647982336
2018-03-26,0.00126681436243689,0.0012668143624368078,0.0,0.0,Crisis,False,0.007876393592734095,0.007876393592734177,0.004570017987486602,0.004570017987486574
2018-03-27,0.0008747681699985978,0.000874768169998541,0.0,0.0,Crisis,False,0.003158842235469354,0.0031588422354693613,0.0023142063521515706,0.0023142063521515155
2018-03-28,0.000413969201921723,0.0004139692019218266,0.0,0.0,Crisis,False,-0.0028072869079039738,-0.002807286907903994,-0.0027970886256182166,-0.002797088625618227
2018-04-02,0.0007614451998119592,0.0007614451998119165,0.0,0.0,Crisis,False,0.005782599958926534,0.005782599958926493,0.0031309576324964265,0.0031309576324964894
2018-04-03,0.0008328197431827051,0.0008328197431826112,0.0,0.0,Crisis,False,0.0019416597767104129,0.0019416597767103472,0.001830224491419395,0.001830224491419452
2018-04-04,0.0009335632246457344,0.0009335632246456615,0.0,0.0,Crisis,False,-0.006816239871002729,-0.006816239871002772,-0.0012579354654242204,-0.001257935465424187
2018-04-05,-0.0019364453857190096,-0.0019364453857190211,0.0,0.0,Crisis,False,0.011583491055002542,0.01158349105500256,0.0016366156285822042,0.0016366156285823052
2018-04-06,-0.0008515508178526564,-0.0008515508178527087,0.0,0.0,Crisis,False,0.0003795655761256498,0.0003795655761256178,-0.0010019627688303014,-0.0010019627688303556
2018-04-09,0.0017091356202322476,0.0017091356202323382,0.0,0.0,Crisis,False,0.002778987154881789,0.0027789871548817846,0.0033006259923101973,0.003300625992310291
2018-04-10,0.0015783618203532585,0.001570912106383604,7.437974155229121e-06,0.0037189870776145606,Crisis,True,0.0013290791007778142,0.001323234934727191,0.002588815086701517,0.002584115974136214
2018-04-11,0.0022750472321938007,0.0022750472321937387,0.0,0.0,Crisis,False,0.0008594519815424917,0.0008594519815425805,0.003353323828185687,0.0033533238281857614
2018-04-12,0.0011753932970499372,0.0011753932970499648,0.0,0.0,Crisis,False,0.0023916573839739596,0.0023916573839739552,0.002453794367715306,0.0024537943677152008
2018-04-13,-0.0012611662984892934,-0.001261166298489269,0.0,0.0,Crisis,False,0.0012619219414777743,0.0012619219414777838,-0.0012088646091544782,-0.0012088646091544808
2018-04-16,0.002880998537127904,0.0028809985371278657,0.0,0.0,Crisis,False,0.002737740763177428,0.002737740763177454,0.004858521372936318,0.0048585213729364085
2018-04-17,0.0005083600785137411,0.0005083600785138476,0.0,0.0,Crisis,False,0.0011653470511669914,0.0011653470511669983,0.0011078088714562256,0.0011078088714562284
2018-04-18,0.0012248294393037951,0.0012248294393037984,0.0,0.0,Crisis,False,-0.001282866063572506,-0.0012828660635725297,0.001141134240861,0.0011411342408609304
2018-04-19,-0.00028082142827519596,-0.00028082142827523526,0.0,0.0,Crisis,False,0.002235179835523892,0.002235179835523793,0.00046305455773562045,0.0004630545577355427
2018-04-20,-0.0005354028791361287,-0.0005354028791361154,0.0,0.0,Crisis,False,-6.736779963032516e-05,-6.736779963034678e-05,-0.0007419966876613251,-0.0007419966876612838
2018-04-23,-0.00014426230601871428,-0.00014426230601871648,0.0,0.0,Crisis,False,0.0011800976360675118,0.001180097636067412,0.000247186448087249,0.00024718644808729984
2018-04-24,-0.0007302788057544697,-0.0007302788057544918,0.0,0.0,Crisis,False,0.0016883072080528263,0.0016883072080529082,-0.0003329697280354012,-0.000332969728035426
2018-04-25,0.0007683122937874812,0.0007683122937873765,0.0,0.0,Crisis,False,-0.0024917924994562707,-0.0024917924994563023,8.227456179077217e-05,8.227456179077386e-05
2018-04-26,-0.00029584167858312673,-0.0002958416785830975,0.0,0.0,Crisis,False,0.002699169714107908,0.002699169714107885,0.0006110393969647089,0.0006110393969647188
2018-04-27,0.002137252021273889,0.0021372520212739055,0.0,0.0,Crisis,False,0.005459872700873021,0.005459872700873003,0.0027200013426385084,0.0027200013426385006
2018-04-30,-0.0010066567436847558,-0.0010066567436847196,0.0,0.0,Crisis,False,0.0026618845949794123,0.0026618845949795134,-0.00033137789247332977,-0.00033137789247328353
2018-05-02,-0.0005622835303358386,-0.0005622835303358276,0.0,0.0,Crisis,False,-0.001199641155211994,-0.0011996411552119834,-0.0012005373442501516,-0.0012005373442501854
2018-05-03,-0.000636448420678052,-0.0006364484206780041,0.0,0.0,Crisis,False,-0.0021726230520092214,-0.0021726230520092704,-0.0016565184410914904,-0.0016565184410914924
2018-05-04,0.0002566871949058443,0.0002566871949059024,0.0,0.0,Crisis,False,-0.003481572990170708,-0.0034815729901707115,-0.000963418956763405,-0.0009634189567634399
2018-05-07,0.0022268059764487514,0.0022268059764487536,0.0,0.0,Crisis,False,0.0055295360860465855,0.00552953608604656,0.005027134181022563,0.00502713418102263
2018-05-08,-0.0010877864097905406,-0.0010877864097905698,0.0,0.0,Crisis,False,0.000134194071610751,0.00013419407161086028,-0.0013963819810282304,-0.0013963819810282052
2018-05-09,0.0006977169363646948,0.0006977169363646674,0.0,0.0,Crisis,False,0.0013522933981579615,0.001352293398158011,0.001429587197141955,0.0014295871971419238
2018-05-10,0.0024250373371627765,0.0009897380255912136,0.0014318270774484403,0.7159135387242201,Bull,True,-0.0014210971440875603,-0.0014338578712094208,0.002675642952031041,0.0026655467353744466
2018-05-11,0.006952996139515279,0.006952996139515388,0.0,0.0,Bull,False,0.00503614672363053,0.005036146723630619,0.003194749061641448,0.003194749061641522
2018-05-14,3.2091844595977325e-05,3.2091844595960595e-05,0.0,0.0,Bull,False,5.549000924167075e-06,5.549000924087721e-06,4.4421471813638635e-05,4.4421471813604896e-05
2018-05-15,-0.00107568816491512,-0.0010756881649151007,0.0,0.0,Bull,False,-0.0002687073466808673,-0.00026870734668082985,-0.0013611201073482895,-0.0013611201073482349
2018-05-16,-0.007345673070410394,-0.007345673070410341,0.0,0.0,Bull,False,-0.003381029834935341,-0.0033810298349353785,-0.006630388786396177,-0.006630388786396213
2018-05-17,-0.005134901858972739,-0.005134901858972696,0.0,0.0,Bull,False,-0.003265188258797797,-0.0032651882587978465,-0.0031108196370920813,-0.0031108196370920327
2018-05-18,-0.005461995157001934,-0.005461995157001964,0.0,0.0,Bull,False,-0.00484094248290995,-0.0048409424829100045,-0.0009980169180564382,-0.0009980169180564546
2018-05-21,-0.0066841413565978305,-0.006684141356597784,0.0,0.0,Bull,False,-0.004492488720475137,-0.004492488720475141,-0.0036008796976103406,-0.0036008796976103596
2018-05-22,0.002694813477688209,0.002694813477688296,0.0,0.0,Bull,False,0.0011282695331619186,0.0011282695331620296,0.0025698442019390227,0.0025698442019390644
2018-05-23,-0.007280850674144181,-0.00728085067414419,0.0,0.0,Bull,False,-0.006010806542397054,-0.006010806542397051,-0.002033317915235696,-0.002033317915235644
2018-05-24,0.006563092830551559,0.0065630928305515646,0.0,0.0,Bull,False,0.004751143592142555,0.00475114359214257,0.002928272383530022,0.002928272383529995
2018-05-25,0.0062160879687538535,0.006216087968753836,0.0,0.0,Bull,False,0.005170441934563285,0.005170441934563286,0.0016821323559093305,0.0016821323559093049
2018-05-28,0.004949651856571035,0.004949651856571036,0.0,0.0,Bull,False,0.004704353382856935,0.004704353382857018,0.0003726903354319532,0.00037269033543196883
2018-05-29,-0.002093240789348346,-0.0020932407893483607,0.0,0.0,Bull,False,-0.0031038262434124647,-0.003103826243412433,0.0017081705306347841,0.0017081705306347672
2018-05-30,-0.002615096945196076,-0.002615096945196127,0.0,0.0,Bull,False,-0.0010659551680661705,-0.0010659551680661794,-0.0025696289179706405,-0.0025696289179706344
2018-05-31,0.0094648238298732,0.009464823829873126,0.0,0.0,Bull,False,0.00821663923946022,0.008216639239460255,0.00541222898930473,0.005412228989304824
2018-06-01,-0.003956767728410278,-0.003956767728410249,0.0,0.0,Bull,False,-0.0022312769587400027,-0.002231276958740036,-0.0028668203387421905,-0.002866820338742193
2018-06-04,-0.005922308819077937,-0.005922308819077959,0.0,0.0,Bull,False,-0.0037896108000747756,-0.003789610800074783,-0.0035224909996449255,-0.003522490999644967
2018-06-05,-0.0033794418027287576,-0.0033794418027287554,0.0,0.0,Bull,False,-0.001986269803869262,-0.0019862698038692894,-0.002292646005165333,-0.002292646005165322
2018-06-06,0.006990537282761453,0.006990537282761444,0.0,0.0,Bull,False,0.005147509068095613,0.00514750906809569,0.002976451362797119,0.0029764513627972278
2018-06-07,0.0070392269798423964,0.0070392269798424945,0.0,0.0,Bull,False,0.004692251370920051,0.0046922513709199976,0.003870439028897913,0.003870439028897943
2018-06-08,0.001217075519577306,0.00040983671593597393,0.0008062575273422419,0.40312876367112094,Bear,True,-3.898228723967784e-05,-3.9648015129678527e-05,0.0021020358267133748,0.0020936105716200526
2018-06-11,-0.0014020042906484767,-0.0014020042906485175,0.0,0.0,Bear,False,0.0010754326517308233,0.0010754326517308233,-0.0012003078830710168,-0.0012003078830710168
2018-06-12,0.0016182034649638742,0.0016182034649638855,0.0,0.0,Bear,False,0.0031115068132600773,0.003111506813260112,0.001341272155725453,0.001341272155725548
2018-06-13,0.0011591761892960246,0.0011591761892959518,0.0,0.0,Bear,False,0.00076856824130586,0.0007685682413058892,0.0009757810940959188,0.0009757810940960177
2018-06-14,0.0002171738159158655,0.00021717381591579432,0.0,0.0,Bear,False,-0.002701522673018089,-0.002701522673018042,0.0002099627381049542,0.0002099627381049185
2018-06-15,0.0006925564351377315,0.000692556435137659,0.0,0.0,Bear,False,0.0005405371082678908,0.0005405371082678467,0.0005839108580299578,0.0005839108580298902
2018-06-18,-0.004868666658358185,-0.004868666658358167,0.0,0.0,Bear,False,-0.0009919122710873097,-0.000991912271087303,-0.004122238123314351,-0.004122238123314359
2018-06-19,-0.0019299239930718013,-0.0019299239930717915,0.0,0.0,Bear,False,-0.004972633540835574,-0.004972633540835547,-0.0015865533752198522,-0.0015865533752198457
2018-06-20,0.00019147621686787424,0.00019147621686776972,0.0,0.0,Bear,False,0.003443457406362168,0.0034434574063622048,0.00012767744135202793,0.00012767744135211423
2018-06-21,-0.0036835912159954806,-0.0036835912159954853,0.0,0.0,Bear,False,-0.0017282056890048129,-0.0017282056890047803,-0.0031073604856510575,-0.0031073604856510784
2018-06-22,0.0030953364587791967,0.00309533645877913,0.0,0.0,Bear,False,0.0045062738650015755,0.004506273865001464,0.0025773407290546778,0.002577340729054578
2018-06-25,-0.0006628334655085558,-0.0006628334655085499,0.0,0.0,Bear,False,-0.003295932528376426,-0.003295932528376455,-0.0005269384054330387,-0.0005269384054330528
2018-06-26,-0.0023723034240209157,-0.0023723034240209495,0.0,0.0,Bear,False,0.0003734596016158727,0.00037345960161583314,-0.0020147679896450315,-0.002014767989645061
2018-06-27,-0.0013815246194455854,-0.0013815246194456288,0.0,0.0,Bear,False,-0.0054464155222842545,-0.005446415522284309,-0.0011155344998064012,-0.001115534499806392
2018-06-28,-0.003894445824188515,-0.0038944458241885194,0.0,0.0,Bear,False,-0.004610730907751981,-0.004610730907751992,-0.0032527546577523336,-0.0032527546577523214
2018-06-29,0.0035406642508587684,0.0035406642508588604,0.0,0.0,Bear,False,0.008314859644748776,0.008314859644748873,0.0034269645121753527,0.00342696451217539
2018-07-02,-0.0019377810151533286,-0.0019377810151532948,0.0,0.0,Bear,False,-0.003181643768988419,-0.0031816437689884403,-0.0016085588259485226,-0.0016085588259485695
2018-07-03,0.0024091791422390153,0.0024091791422389264,0.0,0.0,Bear,False,0.0023813901440614287,0.002381390144061468,0.002013502450519486,0.0020135024505194554
2018-07-04,0.003354164174791856,0.0033541641747918405,0.0,0.0,Bear,False,0.003910440794359486,0.003910440794359538,0.0028006939111645994,0.0028006939111646645
2018-07-05,-0.0006938437014806897,-0.0006938437014807342,0.0,0.0,Bear,False,-0.0011172186434890933,-0.0011172186434891263,-0.0005748953121145473,-0.0005748953121145206
2018-07-06,0.0018600836911677324,0.0018600836911677465,0.0,0.0,Bear,False,0.0012716654322473507,0.0012716654322473264,0.0015612370052931815,0.0015612370052930924
2018-07-09,0.0034225818965835293,0.002997648321898083,0.0004234841654473171,0.21174208272365855,Bear,True,0.004464895427164765,0.00446260058328285,0.0028551315417378953,0.002846827332280588
2018-07-10,0.0008564233367065174,0.0008564233367065466,0.0,0.0,Bear,False,0.005220155237240487,0.005220155237240398,0.0014451174355523122,0.0014451174355523122
2018-07-11,-0.0005091791711482883,-0.000509179171148233,0.0,0.0,Bear,False,5.773680574484235e-05,5.773680574483464e-05,-0.0002719787236708419,-0.000271978723670796
2018-07-12,-0.002820297032244695,-0.002820297032244734,0.0,0.0,Bear,False,0.004119108712584008,0.00411910871258403,-0.0007996132173161384,-0.0007996132173161419
2018-07-13,-0.0022256472586243015,-0.002225647258624286,0.0,0.0,Bear,False,-0.00023549553014355856,-0.00023549553014357016,-0.0012769568673632738,-0.001276956867363288
2018-07-16,2.5787089125784216e-06,2.5787089126261264e-06,0.0,0.0,Bear,False,-0.004494888742573347,-0.004494888742573311,-0.0008393631645466147,-0.0008393631645465804
2018-07-17,-0.0003493188616111487,-0.00034931886161115866,0.0,0.0,Bear,False,0.003918085571202997,0.0039180855712031,0.0005367223045662094,0.0005367223045662506
2018-07-18,-0.007591372789927314,-0.007591372789927275,0.0,0.0,Bear,False,-0.0015128552931920982,-0.0015128552931921169,-0.004484154323511083,-0.004484154323511125
2018-07-19,-0.00010526825199189848,-0.00010526825199186352,0.0,0.0,Bear,False,-0.0012859182722920325,-0.0012859182722920748,-0.0003019072466436528,-0.0003019072466436956
2018-07-20,0.0028597346710052163,0.0028597346710053095,0.0,0.0,Bear,False,0.002918838834468551,0.002918838834468529,0.002124930994931557,0.0021249309949316064
2018-07-23,0.006895169197642003,0.006895169197641993,0.0,0.0,Bear,False,0.004085935656642725,0.004085935656642725,0.004573785425199258,0.004573785425199262
2018-07-24,-0.0002911197517535067,-0.00029111975175355465,0.0,0.0,Bear,False,0.0027046811629441634,0.0027046811629440892,0.00034581076337271486,0.00034581076337270034
2018-07-25,0.0003440456504633039,0.00034404565046330937,0.0,0.0,Bear,False,-0.00012119897760204185,-0.00012119897760198839,0.00017016177764231938,0.00017016177764239693
2018-07-26,-0.0005649170910447172,-0.0005649170910446699,0.0,0.0,Bear,False,0.001921878943680604,0.0019218789436805661,4.843521334508931e-05,4.843521334518819e-05
2018-07-27,0.0013451533472582933,0.0013451533472583765,0.0,0.0,Bear,False,0.006034449606108128,0.0060344496061082165,0.0018792264245587737,0.0018792264245588441
2018-07-30,0.0029066874707611317,0.00290668747076106,0.0,0.0,Bear,False,0.002225390799064625,0.002225390799064586,0.002026712418438119,0.0020267124184381036
2018-07-31,-0.0008198952812757371,-0.0008198952812756843,0.0,0.0,Bear,False,0.0033731465763310628,0.003373146576331143,0.0010979844794368723,0.0010979844794367644
2018-08-01,-6.756688718020508e-06,-6.756688717968196e-06,0.0,0.0,Bear,False,-0.0005532330638662685,-0.0005532330638662319,-0.00010852193768717027,-0.00010852193768717822
2018-08-02,-0.005331820816345306,-0.005331820816345312,0.0,0.0,Bear,False,-0.005458830352043578,-0.005458830352043531,-0.0039797334626010174,-0.003979733462601054
2018-08-03,0.0019318425016646569,0.0019318425016645602,0.0,0.0,Bear,False,0.00627772177817645,0.006277721778176426,0.0022545223110821675,0.002254522311082141
2018-08-06,0.0013800041387773047,0.0013800041387772577,0.0,0.0,Bear,False,0.001412314346012871,0.0014123143460129661,0.001028663300526371,0.0010286633005263113
2018-08-07,0.0006363277557001126,-0.0004027709152885084,0.0010384378841405261,0.5192189420702632,Bull,True,0.00012604976878514027,0.00010468639183347506,0.00037477044057168457,0.0003458492146601877
2018-08-08,0.004161539182093957,0.004161539182093943,0.0,0.0,Bull,False,0.0031897837199772903,0.003189783719977246,0.001266743304704887,0.001266743304704887
2018-08-09,0.0014183485110321667,0.0014183485110321747,0.0,0.0,Bull,False,0.0010870257525155177,0.0010870257525155136,0.00044102684130945544,0.00044102684130953307
2018-08-10,-0.002783436924675275,-0.002783436924675309,0.0,0.0,Bull,False,-0.002161189414889786,-0.0021611894148897415,-0.0006803388322385339,-0.0006803388322385029
2018-08-13,-0.004730120798747086,-0.004730120798747128,0.0,0.0,Bull,False,-0.003876994544793525,-0.0038769945447935106,0.0002543412947176734,0.00025434129471757494
2018-08-14,0.005300263305587579,0.005300263305587638,0.0,0.0,Bull,False,0.004187598042949598,0.004187598042949547,0.0007547867796492847,0.0007547867796493524
2018-08-16,-0.003848121291335343,-0.0038481212913353824,0.0,0.0,Bull,False,-0.0026303148001974672,-0.0026303148001974863,-0.003365641707412855,-0.0033656417074128253
2018-08-17,0.005844003304666293,0.005844003304666279,0.0,0.0,Bull,False,0.00451171519417489,0.004511715194174926,0.001527741238584496,0.001527741238584568
2018-08-20,0.005672185448004595,0.00567218544800463,0.0,0.0,Bull,False,0.004252954284930414,0.0042529542849303326,0.002436679832783684,0.002436679832783728
2018-08-21,0.0017060790015487512,0.0017060790015488436,0.0,0.0,Bull,False,0.001000296365215777,0.0010002963652158137,0.002650702299999039,0.002650702299999086
2018-08-23,0.0007506986695679109,0.0007506986695680062,0.0,0.0,Bull,False,0.0006183308023930239,0.0006183308023930412,-5.0889477352661556e-05,-5.088947735265581e-05
2018-08-24,-0.0016219527271223283,-0.0016219527271222889,0.0,0.0,Bull,False,-0.0013376496376490017,-0.001337649637649041,0.00012039072538622868,0.0001203907253861658
2018-08-27,0.009967990665291753,0.00996799066529186,0.0,0.0,Bull,False,0.0070417816354667725,0.0070417816354668705,0.0072996967331377775,0.007299696733137795
2018-08-28,0.0037635686993854976,0.0037635686993855444,0.0,0.0,Bull,False,0.002413793365372362,0.0024137933653722854,0.0044890800141246315,0.0044890800141246245
2018-08-29,-0.003273400620045867,-0.0032734006200458854,0.0,0.0,Bull,False,-0.002410557350078211,-0.002410557350078224,-0.0018002422183998868,-0.0018002422183999167
2018-08-30,-0.0008572912686090861,-0.0008572912686091172,0.0,0.0,Bull,False,-0.0007830277383133016,-0.0007830277383132911,0.0005663337802847033,0.0005663337802848112
2018-08-31,0.0008813131701856535,0.0008813131701856936,0.0,0.0,Bull,False,0.0015891766053194964,0.0015891766053195422,0.002059550935036792,0.002059550935036736
2018-09-03,-0.007110554867966312,-0.007110554867966301,0.0,0.0,Bull,False,-0.005081587785751972,-0.005081587785751962,-0.004865925901988045,-0.0048659259019880885
2018-09-04,-0.004177163456750057,-0.0041771634567500104,0.0,0.0,Bull,False,-0.0032313713748959175,-0.0032313713748959305,-0.001150269619275499,-0.0011502696192754458
2018-09-05,-0.0028886063772387235,-0.002888606377238756,0.0,0.0,Bull,False,-0.0022648387246967036,-0.0022648387246967383,-0.0005733086432840484,-0.0005733086432840873
2018-09-06,0.0047583656659800876,0.00475836566597998,0.0,0.0,Bull,False,0.003139260955381376,0.0031392609553813067,0.004932640465959755,0.004932640465959759
2018-09-07,0.0032745132083265003,0.003149934946774069,0.0001241716598123719,0.062085829906185955,Bull,True,0.002724831122595835,0.002718184754349373,-0.00039871951350180495,-0.0004068562103530793
2018-09-10,-0.010423587579403025,-0.010423587579402982,0.0,0.0,Bull,False,-0.007817691024651218,-0.007817691024651241,-0.003217332075387102,-0.0032173320753871026
2018-09-11,-0.010505452852937719,-0.010505452852937691,0.0,0.0,Bull,False,-0.007858396199042161,-0.007858396199042161,-0.0029322729184141027,-0.002932272918414136
2018-09-12,0.0058090727527057824,0.005809072752705813,0.0,0.0,Bull,False,0.004333768261272365,0.004333768261272297,0.0021804210573227486,0.0021804210573228566
2018-09-14,0.010184202177437447,0.01018420217743743,0.0,0.0,Bull,False,0.007608926336805169,0.0076089263368051,0.0030161505143081347,0.003016150514308036
2018-09-17,-0.009536889733569231,-0.009536889733569254,0.0,0.0,Bull,False,-0.007143510776018159,-0.007143510776018158,-0.0023438763122535476,-0.0023438763122535233
2018-09-18,-0.006926618115496781,-0.006926618115496774,0.0,0.0,Bull,False,-0.005178253426792142,-0.005178253426792123,-0.0010349813687122917,-0.0010349813687122733
2018-09-19,-0.0031406792272865498,-0.003140679227286558,0.0,0.0,Bull,False,-0.0023402389156636826,-0.002340238915663706,-0.000857406166580661,-0.0008574061665806987
2018-09-21,-0.006457149148600851,-0.006457149148600849,0.0,0.0,Bull,False,-0.004812658114927554,-0.004812658114927593,-0.003881310862544757,-0.003881310862544729
2018-09-24,-0.012513855835409114,-0.012513855835409093,0.0,0.0,Bull,False,-0.009311445911520909,-0.009311445911520888,-0.005770263521329998,-0.005770263521330032
2018-09-25,0.007216166465972252,0.007216166465972229,0.0,0.0,Bull,False,0.005352126803158106,0.005352126803157997,0.0029708044114751192,0.0029708044114751253
2018-09-26,-0.000977491090581916,-0.0009774910905818723,0.0,0.0,Bull,False,-0.0007263350928088321,-0.0007263350928088386,-0.001038585803885916,-0.0010385858038859386
2018-09-27,-0.00546552900500624,-0.005465529005006187,0.0,0.0,Bull,False,-0.004060199318970216,-0.00406019931897017,-0.0028200306649990023,-0.002820030664999029
2018-09-28,-0.00268197699193147,-0.0026819769919315117,0.0,0.0,Bull,False,-0.0011084746925269368,-0.0011084746925269506,-0.0029767774364154696,-0.0029767774364154453
2018-10-01,0.005623799720455011,0.005623799720454903,0.0,0.0,Bull,False,0.004162661701318654,0.004162661701318626,0.004020741065607578,0.00402074106560768
2018-10-03,-0.010782973667999927,-0.010782973667999962,0.0,0.0,Bull,False,-0.007998111509644613,-0.007998111509644579,0.005940389732565474,0.005940389732565388
2018-10-04,-0.018813160435262506,-0.018813160435262488,0.0,0.0,Bull,False,-0.013912547329527345,-0.013912547329527292,-0.010069226156506657,-0.010069226156506628
2018-10-05,-0.02093818736573468,-0.020938187365734717,0.0,0.0,Bull,False,-0.01541001969759836,-0.015410019697598365,-0.007110971672758076,-0.007110971672758093
2018-10-08,0.0023896343028443705,0.0023896343028444456,0.0,0.0,Bull,False,0.0017488412596312532,0.0017488412596311509,-0.0009046345439638269,-0.0009046345439638337
2018-10-09,-0.00354577535021403,-0.003545775350214053,0.0,0.0,Bull,False,-0.002596615743895678,-0.0025966157438956916,-0.0023305395242236328,-0.002330539524223685
2018-10-10,0.012041736186957336,0.012041736186957364,0.0,0.0,Bull,False,0.008809923366889202,0.008809923366889238,0.005509036895607259,0.005509036895607222
2018-10-11,-0.016865772318734134,-0.01829744187395066,0.001456229998820286,0.7281149994101431,Crisis,True,-0.01237879525158847,-0.012440027805863951,-0.0035726272610985643,-0.0036339629759424286
2018-10-12,0.002733336358064543,0.0027333363580646086,0.0,0.0,Crisis,False,0.013943785100439143,0.013943785100439143,0.009820343328434289,0.009820343328434289
2018-10-15,0.0034031063941830893,0.003403106394183064,0.0,0.0,Crisis,False,0.002312726901508303,0.0023127269015084106,0.00553307365372988,0.005533073653729792
2018-10-16,-0.0014840108028986664,-0.0014840108028986165,0.0,0.0,Crisis,False,0.004167724158070981,0.0041677241580708735,-0.00011224444585489907,-0.00011224444585489213
2018-10-17,-0.00013727694460522258,-0.00013727694460519135,0.0,0.0,Crisis,False,-0.00756556342927479,-0.007565563429274835,-0.0035497728686869684,-0.0035497728686869623
2018-10-19,0.0011564606052780941,0.0011564606052780757,0.0,0.0,Crisis,False,-0.00865757728766573,-0.008657577287665696,-0.002300996256859278,-0.002300996256859311
2018-10-22,-0.00212475526178377,-0.002124755261783795,0.0,0.0,Crisis,False,-0.0033999898811808375,-0.0033999898811808427,-0.004327924244732615,-0.004327924244732606
2018-10-23,0.000696655837531675,0.0006966558375316456,0.0,0.0,Crisis,False,-0.005772075111613334,-0.005772075111613373,-0.0016106751463899262,-0.001610675146389906
2018-10-24,-0.0008711119386147442,-0.000871111938614777,0.0,0.0,Crisis,False,0.004593457518217707,0.004593457518217603,0.0008553800662736942,0.0008553800662736144
2018-10-25,-0.00032072098647643535,-0.00032072098647639713,0.0,0.0,Crisis,False,-0.005852961565291052,-0.005852961565291026,-0.003015364846013131,-0.003015364846013169
2018-10-26,0.0007171797295263971,0.0007171797295264515,0.0,0.0,Crisis,False,-0.005599503598034573,-0.0055995035980346275,-0.0015038475745040617,-0.001503847574504058
2018-10-29,-0.00026734062627761215,-0.00026734062627764565,0.0,0.0,Crisis,False,0.013100260577669625,0.013100260577669554,0.005385449081835435,0.0053854490818354694
2018-10-30,-0.001227323901787509,-0.0012273239017874804,0.0,0.0,Crisis,False,-0.0030678213454670166,-0.0030678213454670145,-0.0029946749357043214,-0.002994674935704267
2018-10-31,0.0045325587514139405,0.0045325587514140064,0.0,0.0,Crisis,False,0.012462833321852801,0.012462833321852829,0.008824037711147918,0.008824037711147925
2018-11-01,0.0005047813906567812,0.0005047813906566834,0.0,0.0,Crisis,False,-0.0003606459612037702,-0.000360645961203776,0.0005178590133235116,0.0005178590133234628
2018-11-02,-0.0011557249641948512,-0.0011557249641948042,0.0,0.0,Crisis,False,0.010019818216799776,0.01001981821679987,0.0028904355708124175,0.0028904355708123664
2018-11-05,0.0019478409861520213,0.0019478409861519719,0.0,0.0,Crisis,False,-0.0016704462846008493,-0.0016704462846008905,0.0018386123807848285,0.0018386123807847543
2018-11-06,-0.0010592133758584319,-0.0010592133758584588,0.0,0.0,Crisis,False,0.00034919333635297057,0.0003491933363528599,-0.0012529671461523353,-0.0012529671461523062
2018-11-07,0.0002217559176496132,0.0002217559176496131,0.0,0.0,Crisis,False,0.003944293746897187,0.003944293746897198,0.0020313762328073447,0.002031376232807247
2018-11-09,-0.002708884831426376,-0.0027088848314263947,0.0,0.0,Crisis,False,-0.0007684337943122945,-0.0007684337943122399,-0.003895554990077905,-0.0038955549900778763
2018-11-12,-0.003202334485170433,-0.0032023344851704882,0.0,0.0,Crisis,False,-0.005904839357234611,-0.005904839357234626,-0.0068788245821973446,-0.0068788245821973515
2018-11-13,0.0003641663498595423,0.00033983021304129224,2.4327277642292924e-05,0.01216363882114646,Crisis,True,0.005784096273428663,0.005769690885176315,0.003077871482695908,0.0030614345644837115
2018-11-14,7.35944308278974e-05,7.359443082788353e-05,0.0,0.0,Crisis,False,-0.0003476891774478519,-0.0003476891774478741,-7.170926624311401e-05,-7.170926624311402e-05
2018-11-15,-0.0006141496854802591,-0.0006141496854802364,0.0,0.0,Crisis,False,0.002291392900875838,0.002291392900875877,0.00024932599062555696,0.0002493259906255485
2018-11-16,-0.0006863831216237398,-0.0006863831216237237,0.0,0.0,Crisis,False,0.0037064769023477284,0.0037064769023478217,0.000817067922919347,0.0008170679229193567
2018-11-19,0.0005027477839556983,0.0005027477839556482,0.0,0.0,Crisis,False,0.004577942623876313,0.004577942623876341,0.0028137251438209773,0.0028137251438209443
2018-11-20,-0.00042499627950931605,-0.0004249962795093154,0.0,0.0,Crisis,False,-0.006016240790203582,-0.006016240790203575,-0.0033878236627905046,-0.0033878236627905567
2018-11-21,-0.00037824439224874143,-0.00037824439224876105,0.0,0.0,Crisis,False,-0.0031741498123131567,-0.0031741498123131207,-0.0019817112927181437,-0.00198171129271818
2018-11-22,-0.0003756076942268453,-0.0003756076942268427,0.0,0.0,Crisis,False,-0.004147933766960678,-0.004147933766960654,-0.0024479105922880725,-0.002447910592288105
2018-11-26,-0.0015103570768903976,-0.0015103570768904007,0.0,0.0,Crisis,False,0.005789036317442305,0.005789036317442209,0.0006917186477272577,0.000691718647727324
2018-11-27,-0.00019072909019603006,-0.00019072909019601791,0.0,0.0,Crisis,False,0.003223325638394408,0.0032233256383944475,0.001257889300961905,0.001257889300961823
2018-11-28,-0.001980533763293672,-0.001980533763293657,0.0,0.0,Crisis,False,0.0024417341239341083,0.002441734123934003,-0.0014966116062969646,-0.0014966116062969936
2018-11-29,0.0014077588722455079,0.0014077588722454237,0.0,0.0,Crisis,False,0.007301573817962845,0.007301573817962925,0.0053189003176476735,0.005318900317647701
2018-11-30,0.0013760647269308944,0.00137606472693097,0.0,0.0,Crisis,False,0.002358507018954501,0.002358507018954459,0.0002008182299335382,0.00020081822993356369
2018-12-03,0.0025367266261658336,0.002536726626165775,0.0,0.0,Crisis,False,0.00038603306594552756,0.00038603306594553466,0.0035569524656584085,0.0035569524656584584
2018-12-04,0.00249268601408189,0.002492686014081924,0.0,0.0,Crisis,False,-0.0007932995686298199,-0.000793299568629835,0.0029297600284823493,0.002929760028482331
2018-12-05,-0.0017511055367667133,-0.0017511055367667172,0.0,0.0,Crisis,False,-0.0048248403690955,-0.004824840369095473,-0.004590994180301553,-0.004590994180301511
2018-12-06,0.0015242546136020418,0.0015242546136020607,0.0,0.0,Crisis,False,-0.010171347089886035,-0.010171347089885985,-0.0027677812091411115,-0.002767781209141118
2018-12-07,-0.0006071290742185953,-0.0006071290742185598,0.0,0.0,Crisis,False,0.005230725904637645,0.005230725904637579,0.001640249607153307,0.0016402496071532546
2018-12-10,0.004409168668187288,0.004409168668187302,0.0,0.0,Crisis,False,-0.01154463376345414,-0.01154463376345416,0.00045278600382305835,0.0004527860038230358
2018-12-11,0.0009491715007728474,0.000949171500772783,0.0,0.0,Crisis,False,0.00345131974585381,0.003451319745853887,0.002874807162377377,0.002874807162377424
2018-12-12,-0.000514114245912395,-0.0005141142459124115,0.0,0.0,Crisis,False,0.010690122508775013,0.01069012250877499,0.004267021850987901,0.004267021850987929
2018-12-13,-0.0007992070827520121,-0.0022149749497704097,0.001416900263744798,0.708450131872399,Bear,True,0.003031890225147632,0.003024138073971283,0.000344759330364988,0.00033875608993172435
2018-12-14,-0.000960415100272037,-0.0009604151002720052,0.0,0.0,Bear,False,0.0007728486200728746,0.0007728486200728746,-0.0003701878770835757,-0.00037018787708353873
2018-12-17,0.002038054479388861,0.0020380544793887623,0.0,0.0,Bear,False,0.004605569895396613,0.004605569895396622,0.0020363305902886546,0.0020363305902886264
2018-12-18,-0.0015552649582636397,-0.0015552649582636358,0.0,0.0,Bear,False,0.0011254164348639037,0.0011254164348639684,-0.0006233810129811967,-0.0006233810129812056
2018-12-19,-0.0010153101312129907,-0.001015310131213032,0.0,0.0,Bear,False,0.003236999025814725,0.0032369990258147574,9.752119290724046e-05,9.752119290729055e-05
2018-12-20,-0.0003242348486972846,-0.00032423484869725794,0.0,0.0,Bear,False,-0.0008589305123207851,-0.0008589305123207769,-0.00035018505964213204,-0.00035018505964212743
2018-12-21,-0.003922437325341718,-0.003922437325341699,0.0,0.0,Bear,False,-0.010894933774621161,-0.01089493377462114,-0.0043370788288311785,-0.004337078828831165
2018-12-24,-0.00011716685062750304,-0.00011716685062745924,0.0,0.0,Bear,False,-0.005042241577592487,-0.005042241577592477,-0.0010748424733680716,-0.0010748424733680872
2018-12-26,0.004795536690934268,0.004795536690934243,0.0,0.0,Bear,False,0.003715427553428202,0.00371542755342813,0.0033597238835353775,0.003359723883535448
2018-12-27,0.0031190782588156373,0.003119078258815744,0.0,0.0,Bear,False,0.0027867436381094593,0.00278674363810949,0.0022617660200038125,0.0022617660200037193
2018-12-28,0.0051558496166808025,0.005155849616680808,0.0,0.0,Bear,False,0.004452562037883387,0.004452562037883467,0.0037083897152889096,0.0037083897152889733
2018-12-31,-0.002701346180056879,-0.002701346180056907,0.0,0.0,Bear,False,0.0015646822185191305,0.0015646822185191311,-0.00027019282430782777,-0.00027019282430784664
2019-01-01,0.0034235093645732136,0.0034235093645731407,0.0,0.0,Bear,False,3.936979972776119e-06,3.936979972696264e-06,0.00187450205152677,0.0018745020515267274
2019-01-02,-0.00011865722827658545,-0.0001186572282765308,0.0,0.0,Bear,False,-0.0038738966461985803,-0.003873896646198527,-0.0008397953489583776,-0.0008397953489583942
2019-01-03,-0.0003702702896247771,-0.0003702702896247745,0.0,0.0,Bear,False,-0.006675931397832407,-0.006675931397832402,-0.001534076362070235,-0.001534076362070258
2019-01-04,-0.0017614810145935716,-0.0017614810145936133,0.0,0.0,Bear,False,0.0030795293063022367,0.0030795293063021756,-0.0003551768474872451,-0.00035517684748720413
2019-01-07,2.04590994314913e-06,2.0459099432379446e-06,0.0,0.0,Bear,False,0.0024727375030713667,0.0024727375030713095,0.0004908536709857852,0.0004908536709857803
2019-01-08,-0.0002225665130926928,-0.00022256651309271458,0.0,0.0,Bear,False,0.0016908786864191039,0.0016908786864191505,0.00021791679375373417,0.0002179167937537141
2019-01-09,0.005640770365532048,0.005640770365532122,0.0,0.0,Bear,False,0.002940830769612666,0.0029408307696126013,0.0036739359207526886,0.0036739359207527134
2019-01-10,0.004047892439267883,0.004047892439267953,0.0,0.0,Bear,False,-0.0018561859851886206,-0.001856185985188663,0.0018487517258469464,0.0018487517258469754
2019-01-11,-0.0019167732897299,-0.001916773289729945,0.0,0.0,Bear,False,-0.001477111900060354,-0.0014771119000603905,-0.0013469257481908544,-0.0013469257481908414
2019-01-14,-0.000408393094656672,-0.001174342135457973,0.0007662619769013476,0.38313098845067384,Bear,True,-0.0031874569657419833,-0.0031915533686647235,-0.000860546763991335,-0.0008715478383907183
2019-01-15,0.0003110647765971859,0.0003110647765971475,0.0,0.0,Bear,False,0.008341013891096693,0.00834101389109665,0.004763148774050041,0.004763148774050041
2019-01-16,0.0025856968415387234,0.002585696841538754,0.0,0.0,Bear,False,0.00019395664210896773,0.00019395664210897223,0.0011807260019464833,0.0011807260019465193
2019-01-17,0.002774365908279498,0.002774365908279508,0.0,0.0,Bear,False,0.0008255626571354603,0.0008255626571354036,0.001612245082813682,0.001612245082813768
2019-01-18,-0.004587652868268282,-0.004587652868268233,0.0,0.0,Bear,False,9.687953498622667e-05,9.687953498627166e-05,-0.0018540294447178755,-0.0018540294447179084
2019-01-21,-0.0018290195004398095,-0.001829019500439788,0.0,0.0,Bear,False,0.003038922565103062,0.003038922565103075,0.00093579679493254,0.0009357967949326085
2019-01-22,0.004041220336537234,0.004041220336537199,0.0,0.0,Bear,False,-0.0021616722757910154,-0.0021616722757910045,0.0004633899644462624,0.0004633899644461703
2019-01-23,0.00012453061427513976,0.00012453061427519785,0.0,0.0,Bear,False,-0.005046692346130796,-0.0050466923461307545,-0.0027606494940515076,-0.002760649494051526
2019-01-24,-0.004038643709827672,-0.0040386437098276495,0.0,0.0,Bear,False,0.001021150134555768,0.0010211501345558371,-0.0011131926375392098,-0.0011131926375391732
2019-01-25,0.0023216776498640956,0.002321677649864018,0.0,0.0,Bear,False,-0.0038454554217205836,-0.003845455421720545,-0.001178949205620073,-0.0011789492056201167
2019-01-28,0.008734412564765162,0.00873441256476526,0.0,0.0,Bear,False,-0.006637518827773231,-0.006637518827773192,-5.062752327601813e-05,-5.0627523276003394e-05
2019-01-29,0.005105738945027624,0.005105738945027527,0.0,0.0,Bear,False,-0.0005246709229884578,-0.0005246709229884683,0.0018556772096664977,0.0018556772096665064
2019-01-30,0.0019017448588365669,0.0019017448588365404,0.0,0.0,Bear,False,-1.8517443207201634e-05,-1.8517443207244355e-05,0.0007917357060253651,0.0007917357060254204
2019-01-31,0.0037869512476947807,0.003786951247694681,0.0,0.0,Bear,False,0.011477771487769588,0.011477771487769628,0.00801185787840879,0.008011857878408746
2019-02-01,0.003258575305064778,0.0032585753050646815,0.0,0.0,Bear,False,0.0034805032544182714,0.003480503254418288,0.0032911757281678753,0.00329117572816795
2019-02-04,-5.639883902034866e-05,-5.639883902031073e-05,0.0,0.0,Bear,False,0.0010248593501865336,0.00102485935018648,0.0005420152713354337,0.0005420152713353499
2019-02-05,0.0010801409640377208,0.0010801409640377457,0.0,0.0,Bear,False,0.0012252725928831138,0.0012252725928831865,0.001130910893836795,0.0011309108938368784
2019-02-06,0.003681456870641546,0.0036814568706415862,0.0,0.0,Bear,False,0.007070313346731888,0.007070313346731805,0.005452975631230465,0.005452975631230483
2019-02-07,-0.009397463893184549,-0.009397463893184521,0.0,0.0,Bear,False,0.00038091209296997765,0.0003809120929700871,-0.003728702761952494,-0.0037287027619524737
2019-02-08,-0.002194714399517986,-0.0021947143995180163,0.0,0.0,Bear,False,-0.006892006733359572,-0.006892006733359546,-0.004745088349847617,-0.004745088349847659
2019-02-11,0.002388085606948562,0.0023880856069484757,0.0,0.0,Bear,False,-0.0030270643123005733,-0.003027064312300598,-0.0006809910853078958,-0.000680991085307947
2019-02-12,-0.002616556316089431,-0.0026221753046642426,5.633729545385154e-06,0.002816864772692577,Bear,True,-0.0031720396953590847,-0.0031745091830656103,-0.0028514705913632614,-0.002857903869462275
2019-02-14,-2.111536379186679e-06,-2.1115363791901487e-06,0.0,0.0,Bear,False,-0.004732007930177496,-0.004732007930177473,-0.0026300196745144833,-0.0026300196745144833
2019-02-15,0.007164990167020277,0.007164990167020324,0.0,0.0,Bear,False,-0.0012008860839947666,-0.0012008860839947122,0.0023278375983088006,0.0023278375983089017
2019-02-18,0.006198862441614664,0.0061988624416147164,0.0,0.0,Bear,False,-0.004654323905032886,-0.004654323905032842,3.073071465372965e-05,3.0730714653648405e-05
2019-02-19,0.002069724050462902,0.0020697240504627956,0.0,0.0,Bear,False,-0.002044998972748867,-0.0020449989727489015,-0.00024994056100889525,-0.00024994056100891004
2019-02-20,0.00401921649758487,0.004019216497584965,0.0,0.0,Bear,False,0.007354754729199283,0.00735475472919922,0.005738205557333302,0.005738205557333398
2019-02-21,-0.006299936914152425,-0.006299936914152426,0.0,0.0,Bear,False,0.0030295305948871347,0.0030295305948870865,-0.000997105397545304,-0.0009971053975452726
2019-02-22,-0.004893571791070752,-0.00489357179107075,0.0,0.0,Bear,False,9.99835059748261e-05,9.998350597473227e-05,-0.002002002128282414,-0.0020020021282823874
2019-02-25,0.001736922424099355,0.0017369224240992853,0.0,0.0,Bear,False,0.004906348650026321,0.00490634865002626,0.0034415351649311407,0.0034415351649310644
2019-02-26,-0.0008794798578262445,-0.0008794798578262153,0.0,0.0,Bear,False,-0.002470951985366662,-0.0024709519853666206,-0.0017364485704008397,-0.0017364485704008947
2019-02-27,0.0016151393999760746,0.001615139399976151,0.0,0.0,Bear,False,-0.001586677211703479,-0.0015866772117034689,-0.00020179828801751933,-0.00020179828801747401
2019-02-28,-0.0019101207127497659,-0.0019101207127497632,0.0,0.0,Bear,False,0.0004780525912381666,0.00047805259123823163,-0.0004499214511329394,-0.0004499214511329841
2019-03-01,-0.011635399835634235,-0.01163539983563422,0.0,0.0,Bear,False,0.003936527187764696,0.003936527187764716,-0.002696891189515949,-0.002696891189515993
2019-03-05,-0.016444857049308894,-0.01644485704930887,0.0,0.0,Bear,False,0.006841217301525544,0.006841217301525537,-0.003018197652362325,-0.003018197652362331
2019-03-06,0.0012731224841407173,0.0012731224841406874,0.0,0.0,Bear,False,0.0035996059953923515,0.003599605995392441,0.0025463599568297476,0.0025463599568298356
2019-03-07,-0.005481852388410145,-0.005481852388410147,0.0,0.0,Bear,False,0.0002842148972570928,0.0002842148972570513,-0.0020825812748198574,-0.0020825812748198613
2019-03-08,0.004037247567186154,0.004037247567186153,0.0,0.0,Bear,False,-0.001249853441443363,-0.0012498534414433493,0.0009403264369361475,0.0009403264369360897
2019-03-11,0.000936087202690542,0.0009360872026904499,0.0,0.0,Bear,False,0.007256918521021759,0.007256918521021838,0.004469458488162275,0.004469458488162381
2019-03-12,-0.004005307602765016,-0.0040053076027649626,0.0,0.0,Bear,False,0.0072318447905611715,0.00723184479056127,0.0024515494566520937,0.002451549456652158
2019-03-13,0.006644004547741359,0.006644004547741389,0.0,0.0,Bear,False,0.002187935750487899,0.0021879357504879238,0.0039318636897103035,0.003931863689710324
2019-03-14,-0.006570125553540563,-0.006570125553540529,0.0,0.0,Bear,False,8.33882776065316e-05,8.338827760656642e-05,-0.0026202022494103525,-0.002620202249410397
2019-03-15,-0.000294162586663026,-0.0015982053862209078,0.0013044265130350645,0.6522132565175323,Bear,True,0.004497757827426923,0.004473599098038461,0.00243550732547987,0.0024054726166342633
2019-03-18,5.428418242971975e-05,5.4284182429809036e-05,0.0,0.0,Bear,False,0.0018520499087831153,0.001852049908783071,-0.0017295413561115856,-0.0017295413561115858
2019-03-19,0.00361802620729945,0.0036180262072993408,0.0,0.0,Bear,False,0.0036792514362379916,0.00367925143623804,0.0047722236634797285,0.0047722236634797355
2019-03-20,-0.0014551410752176993,-0.001455141075217714,0.0,0.0,Bear,False,-0.0005886003130940801,-0.0005886003130940454,-0.002817748401836414,-0.002817748401836462
2019-03-22,-0.0009469315196649676,-0.0009469315196649619,0.0,0.0,Bear,False,-0.003351772985978876,-0.0033517729859788847,0.0011620838449312005,0.0011620838449311055
2019-03-25,-0.0035762238114683815,-0.003576223811468382,0.0,0.0,Bear,False,-0.0053814661188734784,-0.005381466118873468,-0.002960983604672869,-0.0029609836046728955
2019-03-26,0.0042821690527091345,0.004282169052709062,0.0,0.0,Bear,False,0.0067952889960623125,0.006795288996062299,0.00320623386736782,0.003206233867367736
2019-03-27,-0.0011540420864738963,-0.0011540420864738499,0.0,0.0,Bear,False,-0.0019998980870034296,-0.0019998980870034044,-0.0006899447409506583,-0.0006899447409506321
2019-03-28,0.005286357342238821,0.005286357342238812,0.0,0.0,Bear,False,0.007928058708403943,0.007928058708403851,0.0032531039871029196,0.003253103987102879
2019-04-01,0.002655592777285291,0.0026555927772853316,0.0,0.0,Bear,False,0.005160319482279505,0.005160319482279574,0.001018536599083285,0.0010185365990833528
2019-04-02,0.001043158601608427,0.0010431586016084182,0.0,0.0,Bear,False,0.002276740915902543,0.0022767409159025753,0.00014610305877225529,0.00014610305877216234
2019-04-03,-0.00296289967559704,-0.0029628996755970416,0.0,0.0,Bear,False,-0.0035774943008333167,-0.003577494300833317,-0.0033309917477836286,-0.003330991747783618
2019-04-04,-0.0008164662510518252,-0.0008164662510518061,0.0,0.0,Bear,False,-0.0023823359608699025,-0.002382335960869897,0.0004987476008994295,0.0004987476008995184
2019-04-05,0.0023419498247662985,0.0023419498247663206,0.0,0.0,Bear,False,0.0035313618733006967,0.003531361873300609,0.0019244779251302246,0.0019244779251301747
2019-04-08,-0.0008250353892428645,-0.0008250353892428341,0.0,0.0,Bear,False,-0.003182319885448309,-0.0031823198854482593,0.0012882740334379521,0.0012882740334378973
2019-04-09,0.002136184370070041,0.0021361843700700156,0.0,0.0,Bear,False,0.003508284959636476,0.0035082849596363985,0.0014629380461141453,0.0014629380461141928
2019-04-10,-0.0029193654283557074,-0.0029193654283556913,0.0,0.0,Bear,False,-0.0045377203350194135,-0.004537720335019424,-0.0022584254170657106,-0.002258425417065668
2019-04-11,0.000119194345358248,0.00011919434535823115,0.0,0.0,Bear,False,0.0006449030460164383,0.0006449030460164984,-0.0003713311855541802,-0.0003713311855542134
2019-04-12,0.0014132422691280737,0.001413242269127979,0.0,0.0,Bear,False,0.002429744958950371,0.0024297449589503195,0.0008601248220725929,0.0008601248220725388
2019-04-15,0.0008535280786350683,0.0008535280786350352,0.0,0.0,Bear,False,0.0024275188403269196,0.002427518840326881,-0.00044954308776750816,-0.00044954308776745666
2019-04-16,0.0034621464967065545,0.0034621464967066196,0.0,0.0,Bear,False,0.005010767145236239,0.0050107671452361835,0.0030472878385282617,0.0030472878385283675
2019-04-18,-0.0017283834635129836,-0.002513058356080178,0.0007860334598008588,0.39301672990042946,Bull,True,-0.0017678099908824808,-0.0017796176810828124,-0.002265524089943865,-0.002280600136780775
2019-04-22,-0.010778681591362974,-0.01077868159136297,0.0,0.0,Bull,False,-0.008084011231698706,-0.008084011231698662,-0.003655714061257494,-0.003655714061257531
2019-04-23,-0.001272995630280385,-0.0012729956302803824,0.0,0.0,Bull,False,-0.0009521530206673967,-0.0009521530206674234,-0.0009338855036430452,-0.0009338855036430393
2019-04-24,0.010348535283107214,0.010348535283107196,0.0,0.0,Bull,False,0.007737830824486645,0.007737830824486647,0.004165728275793068,0.004165728275792979
2019-04-25,-0.005754149084989076,-0.0057541490849890575,0.0,0.0,Bull,False,-0.004316231469288873,-0.004316231469288834,0.0004388112992916859,0.00043881129929168594
2019-04-26,0.007742187609151773,0.007742187609151685,0.0,0.0,Bull,False,0.005798212535340845,0.005798212535340852,0.002750601588015506,0.0027506015880154333
2019-04-30,0.00019711635650081493,0.00019711635650088155,0.0,0.0,Bull,False,0.0009472526391094173,0.0009472526391094416,0.0008316076801884878,0.0008316076801884176
2019-05-02,-0.0015923241658212899,-0.001592324165821335,0.0,0.0,Bull,False,-0.001193385615992777,-0.0011933856159928036,-0.004716401727384365,-0.004716401727384412
2019-05-03,-0.00085194283181525,-0.0008519428318152222,0.0,0.0,Bull,False,-0.0006382433449414963,-0.0006382433449414471,-0.0007193561860033397,-0.0007193561860033837
2019-05-06,-0.00777836193562263,-0.007778361935622646,0.0,0.0,Bull,False,-0.005828528359930968,-0.005828528359930973,-0.0005344948658433501,-0.0005344948658433379
2019-05-07,-0.006896829605647167,-0.006896829605647192,0.0,0.0,Bull,False,-0.005153073171704904,-0.0051530731717048806,-0.002670166900089493,-0.0026701669000894768
2019-05-08,-0.009584315384749865,-0.009584315384749909,0.0,0.0,Bull,False,-0.00715203398540551,-0.007152033985405537,-0.003460910574499789,-0.0034609105744998203
2019-05-09,-0.004029510271118676,-0.0040295102711186415,0.0,0.0,Bull,False,-0.002999545821246375,-0.0029995458212463966,-0.0010232002328296168,-0.0010232002328296463
2019-05-10,-0.0016070445443511763,-0.0016070445443511217,0.0,0.0,Bull,False,-0.0011950394993806963,-0.0011950394993807123,-0.0007219754983580715,-0.0007219754983580629
2019-05-13,-0.009187096330265921,-0.009187096330265931,0.0,0.0,Bull,False,-0.006828942188701378,-0.006828942188701337,-0.0019124959531017054,-0.0019124959531017227
2019-05-14,0.005239122990530377,0.00523912299053042,0.0,0.0,Bull,False,0.0038850923522865117,0.003885092352286401,0.005653940458675151,0.005653940458675066
2019-05-15,-0.0045907854450660665,-0.004590785445066081,0.0,0.0,Bull,False,-0.003408906867197501,-0.0034089068671975253,-0.0016529007742275598,-0.0016529007742275281
2019-05-16,0.007096949600844856,0.007096949600844837,0.0,0.0,Bull,False,0.005263619905622228,0.0052636199056221855,0.00041378340968821524,0.0004137834096882287
2019-05-17,0.010563463155409701,0.01056346315540968,0.0,0.0,Bull,False,0.007848929586303184,0.007848929586303122,0.0030502202794005775,0.003050220279400495
2019-05-20,0.02933315571544297,0.029333155715443038,0.0,0.0,Bull,False,0.021851446078078235,0.021851446078078318,0.007566088098262228,0.0075660880982622025
2019-05-21,-0.008061875899776461,-0.008061875899776472,0.0,0.0,Bull,False,-0.00604779035629806,-0.0060477903562980995,-0.0030155577414276422,-0.003015557741427588
2019-05-22,0.0019650255074010908,0.0011648858159054587,0.0007985704801326899,0.3992852400663449,Bear,True,0.0014717286161935641,0.0014695830486008976,0.00046490967016060215,0.00046292371246181574
2019-05-23,-0.0027551974856906683,-0.0027551974856906414,0.0,0.0,Bear,False,-0.004132796322010424,-0.004132796322010468,-0.0008620620073916951,-0.0008620620073916951
2019-05-24,0.006391827407890993,0.006391827407890904,0.0,0.0,Bear,False,0.009601004195895678,0.009601004195895602,0.005047344013949117,0.005047344013949129
2019-05-27,0.0027384647486397937,0.002738464748639702,0.0,0.0,Bear,False,0.004100304423912702,0.004100304423912737,0.00351241278847107,0.003512412788471142
2019-05-28,0.00012946286897363703,0.0001294628689736399,0.0,0.0,Bear,False,0.0001985538849348846,0.00019855388493494885,0.00016868345245342554,0.0001686834524534664
2019-05-29,-0.002284498617988,-0.0022844986179879623,0.0,0.0,Bear,False,-0.003420676522770974,-0.0034206765227710045,-0.0007053305724757615,-0.000705330572475793
2019-05-30,0.0028777291517844716,0.002877729151784525,0.0,0.0,Bear,False,0.004307589269607097,0.0043075892696071705,0.00046899856832869984,0.00046899856832860465
2019-05-31,0.0012170759313716306,0.0012170759313716584,0.0,0.0,Bear,False,0.00015942874756412657,0.00015942874756413872,0.0045145293552065,0.004514529355206465
2019-06-03,0.005595823285292536,0.005595823285292623,0.0,0.0,Bear,False,0.008378110980818337,0.00837811098081831,0.0064473563923156535,0.006447356392315751
2019-06-04,-0.0022424549041458793,-0.002242454904145874,0.0,0.0,Bear,False,-0.0033510976581876705,-0.0033510976581876406,-0.0005713136456602756,-0.0005713136456603207
2019-06-06,-0.005998373857105634,-0.0059983738571056655,0.0,0.0,Bear,False,-0.008955740230251317,-0.008955740230251363,-0.0013621596622020917,-0.0013621596622021004
2019-06-07,0.0009175740424376089,0.0009175740424376411,0.0,0.0,Bear,False,0.0013698241347736516,0.0013698241347737117,0.0002257525747731587,0.00022575257477308597
2019-06-10,0.0017622155981995955,0.0017622155981995569,0.0,0.0,Bear,False,0.0026391520151089107,0.002639152015109003,0.00014917671581339402,0.00014917671581349268
2019-06-11,0.0014498619412261046,0.0014498619412262048,0.0,0.0,Bear,False,0.002169461778755701,0.0021694617787557657,-0.0010931811326764416,-0.001093181132676424
2019-06-12,-0.0020046023707131215,-0.0020046023707130933,0.0,0.0,Bear,False,-0.0029973788530282815,-0.0029973788530283096,0.0004861938970491355,0.0004861938970490698
2019-06-13,0.000265439522444247,0.00026543952244417746,0.0,0.0,Bear,False,0.000397293283544326,0.0003972932835443199,0.0007247711967060505,0.0007247711967059978
2019-06-14,-0.003067954468202723,-0.003067954468202738,0.0,0.0,Bear,False,-0.004591317260680108,-0.004591317260680072,0.0023533201958928006,0.0023533201958927386
2019-06-17,-0.005131575899881799,-0.0051315758998817795,0.0,0.0,Bear,False,-0.007686371514854651,-0.0076863715148546286,-0.00778151935561448,-0.007781519355614441
2019-06-18,0.0006655680199596183,0.0006655680199596503,0.0,0.0,Bear,False,0.00099511234127296,0.00099511234127303,0.0018456933262107184,0.0018456933262107622
2019-06-19,-7.717261520953626e-06,-7.717261520934215e-06,0.0,0.0,Bear,False,-6.568181462792256e-06,-6.568181462829337e-06,-0.00036428332524216645,-0.0003642833252421873
2019-06-20,0.004779060591175377,0.004779060591175277,0.0,0.0,Bear,False,0.007179071046364833,0.007179071046364838,0.012683367055153681,0.012683367055153605
2019-06-21,-0.0036434837506950832,-0.004841274962773534,0.0012021713036889916,0.6010856518444959,Bear,True,-0.005465162277335301,-0.005467323707306293,-0.002906311348454378,-0.0029348770966861615
2019-06-24,0.004044074131916081,0.004044074131916098,0.0,0.0,Bear,False,-0.0012552309647406057,-0.0012552309647405613,0.002011662452257738,0.002011662452257701
2019-06-25,0.011520740146756053,0.011520740146756081,0.0,0.0,Bear,False,0.004964121819992385,0.004964121819992284,0.007332266253361366,0.007332266253361475
2019-06-26,-0.009586862277082582,-0.009586862277082608,0.0,0.0,Bear,False,0.00260545907560533,0.0026054590756052765,-0.004879236517278027,-0.004879236517278063
2019-06-27,-0.0014860656758622884,-0.0014860656758622914,0.0,0.0,Bear,False,-0.00030910909894611395,-0.00030910909894610317,-0.0008867086957368661,-0.0008867086957368153
2019-06-28,0.0021435331161803006,0.0021435331161803184,0.0,0.0,Bear,False,-0.0014763304862989437,-0.0014763304862989157,0.0017004438763755327,0.0017004438763754681
2019-07-01,-0.005279100616860059,-0.0052791006168601,0.0,0.0,Bear,False,0.0039141114300863125,0.003914111430086242,-0.0022096847041997675,-0.002209684704199799
2019-07-02,0.002368809574602391,0.002368809574602393,0.0,0.0,Bear,False,0.0022684299556986055,0.0022684299556985366,0.001735983982403576,0.0017359839824035994
2019-07-03,0.010714080696969075,0.010714080696968997,0.0,0.0,Bear,False,0.00032659141724576603,0.00032659141724566965,0.0060061232382342036,0.00600612323823424
2019-07-04,-0.0030748074900945345,-0.0030748074900945888,0.0,0.0,Bear,False,0.0015184879261692958,0.0015184879261693762,-0.001432930946620059,-0.0014329309466201146
2019-07-05,0.0014251938110048873,0.0014251938110048101,0.0,0.0,Bear,False,-0.006853139245106968,-0.006853139245106998,-0.00047994908224436054,-0.0004799490822443575
2019-07-08,-0.007563153834308372,-0.007563153834308389,0.0,0.0,Bear,False,-0.01285187106183165,-0.01285187106183161,-0.006589974457908095,-0.006589974457908099
2019-07-09,-0.00553727005503294,-0.005537270055032906,0.0,0.0,Bear,False,-0.00013914685628080626,-0.00013914685628080292,-0.0031103294554068713,-0.0031103294554069016
2019-07-10,0.0008779124926273387,0.000877912492627253,0.0,0.0,Bear,False,-0.0029388038990562607,-0.002938803899056208,-5.2789234529596616e-05,-5.278923452955997e-05
2019-07-11,0.011439406199833302,0.011439406199833302,0.0,0.0,Bear,False,0.0043395901369308485,0.004339590136930749,0.007156777932111742,0.00715677793211178
2019-07-12,-0.006195308407410003,-0.006195308407410005,0.0,0.0,Bear,False,-0.0015652096566183189,-0.0015652096566183271,-0.0037471870972305013,-0.003747187097230542
2019-07-15,0.004965361277760585,0.004965361277760483,0.0,0.0,Bear,False,0.0018526970898586005,0.0018526970898586903,0.003109213819597236,0.0031092138195971675
2019-07-16,0.0031353334069961604,0.0031353334069961214,0.0,0.0,Bear,False,0.0038177596203933955,0.003817759620393435,0.002446884215314618,0.002446884215314693
2019-07-17,-0.00035507034847886726,-0.00035507034847881425,0.0,0.0,Bear,False,0.001280804602481681,0.0012808046024817,3.9052762366940496e-05,3.905276236704225e-05
2019-07-18,0.0064187694381057795,0.006418769438105709,0.0,0.0,Bear,False,-0.00463965125080547,-0.004639651250805454,0.0027327674906275847,0.0027327674906276744
2019-07-19,-0.0015749349365183898,-0.0015749349365183907,0.0,0.0,Bear,False,-0.009139971520981604,-0.00913997152098156,-0.00254837810048757,-0.0025483781004875805
2019-07-22,-0.008763240967033362,-0.00912712609459232,0.000367102132001174,0.18355106600058702,Bear,True,-0.0037970831384656913,-0.003814251255767842,-0.005606548231073386,-0.005629564260219322
2019-07-23,-0.0023665396910971543,-0.002366539691097125,0.0,0.0,Bear,False,-0.0007971798239673422,-0.00079717982396732,-0.0013165539874257688,-0.0013165539874258059
2019-07-24,4.8476606472872994e-05,4.8476606472780404e-05,0.0,0.0,Bear,False,-0.0031621689270217514,-0.0031621689270217024,-0.0012980784940271814,-0.0012980784940271883
2019-07-25,-9.150892318612658e-05,-9.150892318610104e-05,0.0,0.0,Bear,False,-0.0010166656151808474,-0.0010166656151808784,-0.000461179953307589,-0.0004611799533076333
2019-07-26,-0.003355292524229421,-0.003355292524229392,0.0,0.0,Bear,False,0.0017085884434753509,0.001708588443475323,-0.0006884112788572285,-0.000688411278857215
2019-07-29,-0.0020900894179485202,-0.0020900894179485263,0.0,0.0,Bear,False,-0.0050454712770988,-0.005045471277098756,-0.002972438189954768,-0.0029724381899547403
2019-07-30,0.0013038267374999803,0.001303826737500069,0.0,0.0,Bear,False,-0.005534983216220875,-0.005534983216220923,-0.001759928111461242,-0.0017599281114611953
2019-07-31,-0.002891590573744289,-0.0028915905737443293,0.0,0.0,Bear,False,0.00298215537271326,0.00298215537271318,0.0005401986839573885,0.0005401986839574935
2019-08-01,-0.007715033352366639,-0.007715033352366674,0.0,0.0,Bear,False,-0.007377617616721151,-0.007377617616721177,-0.006274779172818611,-0.006274779172818601
2019-08-02,0.021789115911594357,0.02178911591159438,0.0,0.0,Bear,False,0.0009344212210724468,0.0009344212210724567,0.009439875634347311,0.009439875634347228
2019-08-05,0.01572591925943415,0.015725919259434118,0.0,0.0,Bear,False,-0.007254759140928892,-0.007254759140928879,0.00362620426452736,0.0036262042645274217
2019-08-06,0.006561479857558224,0.006561479857558172,0.0,0.0,Bear,False,0.0046465135495625965,0.004646513549562581,0.004685460185413803,0.004685460185413826
2019-08-07,0.010523994478810821,0.010523994478810916,0.0,0.0,Bear,False,-0.0049998785865689455,-0.004999878586568918,0.002453962994680753,0.002453962994680703
2019-08-08,0.001844358104513174,0.0018443581045131108,0.0,0.0,Bear,False,0.00959048081108022,0.00959048081108027,0.004665487072792428,0.0046654870727924624
2019-08-09,0.004325883373289933,0.004325883373289985,0.0,0.0,Bear,False,0.0041582882176502,0.004158288217650297,0.003547167089786553,0.0035471670897866403
2019-08-13,0.011295862946907844,0.011295862946907764,0.0,0.0,Bear,False,-0.009842518274934271,-0.00984251827493432,0.000842292879686521,0.0008422928796865126
2019-08-14,-0.011245123051682217,-0.011245123051682238,0.0,0.0,Bear,False,0.005593386378435246,0.005593386378435206,-0.0026261095294007066,-0.0026261095294006775
2019-08-16,0.0034389316324103594,0.0034389316324103802,0.0,0.0,Bear,False,0.0009883323824526294,0.0009883323824526613,0.0018781029155486753,0.001878102915548574
2019-08-19,0.0010923763022824633,0.0010923763022825383,0.0,0.0,Bear,False,0.0003273720260545742,0.00032737202605459537,0.0006026336077745496,0.000602633607774461
2019-08-20,0.005373304497962229,0.00537330449796225,0.0,0.0,Bear,False,-0.0019795151406834127,-0.0019795151406833966,0.0015124014422612322,0.0015124014422611687
2019-08-21,-0.007445102915242001,-0.00744510291524203,0.0,0.0,Bear,False,-0.0052878535862536605,-0.00528785358625361,-0.005352199456167499,-0.005352199456167495
2019-08-22,0.003204728413595593,0.0018203707263197977,0.0013799353691892984,0.6899676845946492,Crisis,True,-0.009579348220712007,-0.00960699303310597,-0.0024797193064077126,-0.00252402480156777
2019-08-23,-0.0003287619349814495,-0.00032876193498143635,0.0,0.0,Crisis,False,0.004911544257707501,0.004911544257707456,0.0016431429055778397,0.0016431429055778768
2019-08-26,0.007823547373892332,0.007823547373892348,0.0,0.0,Crisis,False,0.012701375840010028,0.012701375840010076,0.015790057535512558,0.015790057535512547
2019-08-27,0.00017742292302515037,0.00017742292302513896,0.0,0.0,Crisis,False,0.0026072145578109073,0.0026072145578108774,0.0013353026688493073,0.001335302668849403
2019-08-28,0.0016403035401225986,0.0016403035401226784,0.0,0.0,Crisis,False,-0.0032397414009369993,-0.0032397414009369685,0.0007854478601176056,0.000785447860117694
2019-08-29,-0.00046608983653612655,-0.00046608983653617653,0.0,0.0,Crisis,False,-0.005375521403705416,-0.005375521403705452,-0.0028715665465886436,-0.0028715665465885998
2019-08-30,-0.0008229712960975168,-0.000822971296097541,0.0,0.0,Crisis,False,0.00524877502237075,0.005248775022370644,-0.0009693069146817641,-0.0009693069146817779
2019-09-03,0.0036261344867487043,0.0036261344867487555,0.0,0.0,Crisis,False,-0.012379004960245075,-0.012379004960245021,-0.00043507465122578394,-0.0004350746512258308
2019-09-04,0.0011780017087125196,0.0011780017087126282,0.0,0.0,Crisis,False,0.0025962282554369415,0.0025962282554370386,0.0026568590722773748,0.0026568590722773067
2019-09-05,-0.00044679014327800613,-0.0004467901432779753,0.0,0.0,Crisis,False,0.00018030007533940056,0.00018030007533931247,-0.0005173710796317157,-0.0005173710796316788
2019-09-06,-0.00681825230188848,-0.006818252301888483,0.0,0.0,Crisis,False,0.005452389915533097,0.005452389915533207,-0.00676639730268379,-0.006766397302683802
2019-09-09,0.0015398938037227872,0.0015398938037227694,0.0,0.0,Crisis,False,0.003140193827724678,0.00314019382772468,0.0033636416417967534,0.0033636416417968107
2019-09-11,-0.002484392656706341,-0.0024843926567063024,0.0,0.0,Crisis,False,0.0017915515085495414,0.0017915515085495937,-0.0025242751955385353,-0.00252427519553855
2019-09-12,-0.0016628820122461844,-0.0016628820122461807,0.0,0.0,Crisis,False,-0.002899973783356888,-0.002899973783356935,-0.0034414769276476026,-0.0034414769276476243
2019-09-13,0.00033460759768989557,0.0003346075976899954,0.0,0.0,Crisis,False,0.005125632089275583,0.0051256320892756335,0.0026224587918012034,0.002622458791801119
2019-09-16,0.0005464798685554985,0.0005464798685554939,0.0,0.0,Crisis,False,-0.003965660913220415,-0.00396566091322037,-0.0009664924674742438,-0.000966492467474267
2019-09-17,-0.00017925135869829574,-0.0001792513586983402,0.0,0.0,Crisis,False,-0.010223054084641744,-0.010223054084641747,-0.004580559009157053,-0.004580559009157104
2019-09-18,-0.0017134503382314867,-0.001713450338231448,0.0,0.0,Crisis,False,0.0012766557340206722,0.001276655734020693,-0.001734325979709361,-0.0017343259797093502
2019-09-19,-0.0031671694067305686,-0.0031671694067305634,0.0,0.0,Crisis,False,-0.00753420562510339,-0.0075342056251034295,-0.007416584313482218,-0.007416584313482244
2019-09-20,0.003328673301156156,0.0033286733011561598,0.0,0.0,Crisis,False,0.031831387574314945,0.03183138757431503,0.017943421241276653,0.01794342124127657
2019-09-23,0.0038053490339907676,0.003805349033990657,0.0,0.0,Crisis,False,0.017664536604548323,0.017664536604548253,0.012600527199383484,0.012600527199383427
2019-09-24,-4.358557333024335e-05,-7.532976259061464e-05,3.174557290930095e-05,0.015872786454650477,Crisis,True,-0.0006427627207302888,-0.0006775648192731687,-0.00032696004218449955,-0.0003612344234646958
2019-09-25,0.0013481060609827147,0.00134810606098279,0.0,0.0,Crisis,False,-0.007654911425549881,-0.00765491142554986,-0.0016461761185490404,-0.0016461761185490031
2019-09-26,-0.0021577857682772515,-0.0021577857682772983,0.0,0.0,Crisis,False,0.006835083620288965,0.006835083620289062,0.00015669926547229925,0.00015669926547223767
2019-09-27,1.8442136676786883e-05,1.844213667667738e-05,0.0,0.0,Crisis,False,-0.0030471236618077203,-0.0030471236618077047,-0.0013407578704307756,-0.0013407578704307532
2019-09-30,0.0014618722463832405,0.0014618722463832778,0.0,0.0,Crisis,False,-0.0008336592152836432,-0.0008336592152836664,-0.0006416467196181677,-0.0006416467196181941
2019-10-01,-0.0029858975003722635,-0.0029858975003722588,0.0,0.0,Crisis,False,-0.005959311993317749,-0.005959311993317784,-0.006662897492080288,-0.006662897492080266
2019-10-03,0.005204312336740704,0.00520431233674068,0.0,0.0,Crisis,False,-0.0024062056184814802,-0.002406205618481483,0.005924524669741132,0.005924524669741027
2019-10-04,0.0015844816852405516,0.001584481685240613,0.0,0.0,Crisis,False,-0.007301328615482627,-0.007301328615482605,-0.0011206223539111447,-0.0011206223539111937
2019-10-07,-0.0004797267245195023,-0.0004797267245194581,0.0,0.0,Crisis,False,-0.002555167641109584,-0.0025551676411096347,-0.0017730212521208657,-0.0017730212521208655
2019-10-09,0.0016676449649591337,0.0016676449649590808,0.0,0.0,Crisis,False,0.009898486299639285,0.009898486299639186,0.006618879096355536,0.006618879096355501
2019-10-10,0.00047187927103344897,0.0004718792710334263,0.0,0.0,Crisis,False,-0.004127536347680771,-0.004127536347680816,-0.0011997529153739382,-0.0011997529153738862
2019-10-11,-0.0009640797877508596,-0.0009640797877508156,0.0,0.0,Crisis,False,0.0037100231738893164,0.003710023173889354,0.0003478310326164709,0.0003478310326163747
2019-10-14,0.000796101105305266,0.000796101105305258,0.0,0.0,Crisis,False,0.0018987847709111354,0.0018987847709110994,0.0019007085512635607,0.0019007085512634525
2019-10-15,0.0016963912381204854,0.001696391238120487,0.0,0.0,Crisis,False,0.004561518360867382,0.004561518360867378,0.004299762607988503,0.004299762607988589
2019-10-16,-0.0012802116985462862,-0.0012802116985463075,0.0,0.0,Crisis,False,0.0018617357686028808,0.0018617357686028235,-0.0008880231905841831,-0.0008880231905842306
2019-10-17,0.0009066061216652173,0.0009066061216651544,0.0,0.0,Crisis,False,0.006368574709554358,0.00636857470955432,0.004037537855014363,0.004037537855014373
2019-10-18,0.00012985557267505154,0.00012985557267497505,0.0,0.0,Crisis,False,0.003905076495097274,0.003905076495097193,0.0019097442477530786,0.0019097442477531423
2019-10-22,-0.0010403054272436288,-0.0010403054272436485,0.0,0.0,Crisis,False,-0.0037868428491269826,-0.0037868428491270034,-0.0030711742893965,-0.0030711742893965166
2019-10-23,0.001033375287920971,0.0010333752879210234,0.0,0.0,Crisis,False,0.0008184828220182314,0.0008184828220181295,0.0017341004141802944,0.0017341004141802063
2019-10-24,-0.0007755805975517038,-0.0007755805975516727,0.0,0.0,Crisis,False,-0.0011110172782973478,-0.0011110172782973216,-0.0015272414570173909,-0.0015272414570174364
2019-10-25,0.004359030118477602,0.0043590301184774916,0.0,0.0,Crisis,False,6.729292378874203e-05,6.729292378881979e-05,0.005839901804050319,0.0058399018040502515
2019-10-27,-0.001074806043479799,-0.00246656289349112,0.0013932543281833455,0.6966271640916728,Bear,True,1.5883676258926787e-05,1.431681352559444e-05,-0.0014540740250774287,-0.0014674121097962844
2019-10-29,-0.006421600897479252,-0.006421600897479229,0.0,0.0,Bear,False,0.010496110532847113,0.010496110532847158,0.0016911069346701535,0.0016911069346701169
2019-10-30,-0.0001963663897077651,-0.00019636638970776943,0.0,0.0,Bear,False,0.0029345213988020633,0.0029345213988021257,0.0011523083755522736,0.0011523083755522467
2019-10-31,0.010146632260807286,0.010146632260807253,0.0,0.0,Bear,False,0.0027256743759723878,0.0027256743759724866,0.005765594403162299,0.005765594403162266
2019-11-01,0.0029005722139367356,0.002900572213936803,0.0,0.0,Bear,False,0.0006702139694383776,0.000670213969438338,0.0014837424295990704,0.0014837424295990331
2019-11-04,0.0010328322154051287,0.0010328322154051772,0.0,0.0,Bear,False,0.002578463633736407,0.002578463633736483,0.0015086642223481705,0.0015086642223480773
2019-11-05,-0.002634816339432423,-0.002634816339432411,0.0,0.0,Bear,False,-0.001224356056261425,-0.0012243560562614775,-0.0016073658838299735,-0.0016073658838299254
2019-11-06,-0.004513912325019048,-0.004513912325019076,0.0,0.0,Bear,False,0.002488741065872016,0.0024887410658720466,-0.0008238863709565541,-0.0008238863709565392
2019-11-07,-0.0009633753464381808,-0.0009633753464382,0.0,0.0,Bear,False,0.0023340390367244833,0.002334039036724578,0.0005858771776837599,0.000585877177683658
2019-11-08,-0.008420998597982737,-0.008420998597982732,0.0,0.0,Bear,False,-0.005259578033350839,-0.005259578033350865,-0.005692794268412127,-0.005692794268412182
2019-11-11,0.0012395493481627358,0.0012395493481627273,0.0,0.0,Bear,False,0.0002697043202747616,0.0002697043202748439,0.0006236144105267626,0.0006236144105267183
2019-11-13,0.00516716298788672,0.005167162987886664,0.0,0.0,Bear,False,-0.0037139305921132693,-0.0037139305921132237,0.0005578566051277528,0.00055785660512786
2019-11-14,0.0009239914865139504,0.0009239914865140086,0.0,0.0,Bear,False,0.0016122307733906565,0.001612230773390566,0.0010580964106120436,0.0010580964106119417
2019-11-15,-0.006710824219095966,-0.006710824219095968,0.0,0.0,Bear,False,0.0011904880186311866,0.0011904880186310862,-0.002272698264084322,-0.002272698264084272
2019-11-18,-0.0027556486661258865,-0.002755648666125876,0.0,0.0,Bear,False,-0.0005576123664282068,-0.0005576123664282617,-0.0013691909936379993,-0.0013691909936379698
2019-11-19,0.007572799374074482,0.0075727993740744015,0.0,0.0,Bear,False,0.0028328560531386874,0.002832856053138766,0.004308288226495033,0.004308288226495094
2019-11-20,0.00442222919202158,0.0044222291920215095,0.0,0.0,Bear,False,0.0029976175585918747,0.0029976175585919584,0.003087442532866553,0.0030874425328666355
2019-11-21,-0.004043268307008037,-0.004043268307008074,0.0,0.0,Bear,False,-0.0015550760556944296,-0.0015550760556943821,-0.0023248541739585046,-0.002324854173958557
2019-11-22,-0.0008414563003063501,-0.000841456300306298,0.0,0.0,Bear,False,-0.0027357088947099683,-0.002735708894709976,-0.0014999052141305607,-0.0014999052141305702
2019-11-25,-0.004733846469801097,-0.0047338464698011284,0.0,0.0,Bear,False,0.008106640836882227,0.008106640836882173,0.0014660056150410396,0.001466005615041066
2019-11-26,-0.002212672512780498,-0.002212672512780456,0.0,0.0,Bear,False,-0.0018231378766847938,-0.001823137876684755,-0.001682104816705862,-0.0016821048167058317
2019-11-27,0.0002822997205632474,-0.0005954856576040335,0.0008775376495339471,0.43876882476697354,Bull,True,0.0031850518310025206,0.0031653387403904887,0.0014671933218707756,0.0014425618005065033
2019-11-28,0.0032304459838691417,0.0032304459838692345,0.0,0.0,Bull,False,0.002505523995862502,0.0025055239958624576,0.0018887547385198673,0.0018887547385197934
2019-11-29,-0.004284909400430329,-0.004284909400430359,0.0,0.0,Bull,False,-0.003718770886421782,-0.003718770886421807,-0.001023850209020904,-0.001023850209020849
2019-12-02,-0.00047474030851706863,-0.00047474030851701876,0.0,0.0,Bull,False,-0.00039376258008123373,-0.0003937625800812805,-0.00026946698425937496,-0.0002694669842593367
2019-12-03,-0.002104792283341372,-0.0021047922833413724,0.0,0.0,Bull,False,-0.0026818644874772534,-0.0026818644874772035,-0.0007260264582184819,-0.0007260264582185094
2019-12-04,0.005512134500375004,0.005512134500375021,0.0,0.0,Bull,False,0.0024400876861114134,0.0024400876861114806,0.004074106511777581,0.004074106511777531
2019-12-05,-0.0022847475503310834,-0.0022847475503310344,0.0,0.0,Bull,False,-0.0012278928528791217,-0.0012278928528791644,-0.0015847797088790114,-0.0015847797088790472
2019-12-06,-0.0056649651624296376,-0.005664965162429647,0.0,0.0,Bull,False,-0.004819589504580336,-0.0048195895045803905,-0.003097595859802818,-0.0030975958598028486
2019-12-09,-0.0032241367837515383,-0.003224136783751552,0.0,0.0,Bull,False,0.0007955558196968593,0.0007955558196968138,-0.0034356320185748106,-0.0034356320185747746
2019-12-10,-0.004683393112055964,-0.004683393112056011,0.0,0.0,Bull,False,-0.004030063797395726,-0.004030063797395678,-0.002523986041783197,-0.002523986041783166
2019-12-11,0.00360474271813951,0.0036047427181395975,0.0,0.0,Bull,False,0.0026791526679929532,0.002679152667993012,0.002143276544544984,0.0021432765445450475
2019-12-12,0.0035110118776648072,0.0035110118776648935,0.0,0.0,Bull,False,0.0030787887594559654,0.003078788759455886,0.001858549780578107,0.0018585497805780893
2019-12-13,0.005505616589650337,0.0055056165896503195,0.0,0.0,Bull,False,0.005728165788443449,0.005728165788443373,0.0025010192859832377,0.0025010192859833413
2019-12-16,0.0005811480319367403,0.0005811480319366513,0.0,0.0,Bull,False,-0.0016193314160331854,-0.0016193314160332095,0.0013296372396592454,0.001329637239659176
2019-12-17,0.00660174103181869,0.006601741031818653,0.0,0.0,Bull,False,0.00551359798277669,0.00551359798277673,0.0036558336140974286,0.0036558336140974923
2019-12-18,0.003998021386015079,0.003998021386015127,0.0,0.0,Bull,False,0.0027972562863844905,0.0027972562863844974,0.0024800383240936035,0.002480038324093714
2019-12-19,-0.34432174712058905,-0.34432174712058905,0.0,0.0,Bull,False,0.0018735644812387987,0.0018735644812388763,-0.329629290945376,-0.32962929094537596
2019-12-20,0.0009975643053057692,0.0009975643053057315,0.0,0.0,Bull,False,0.000590637006517218,0.0005906370065171807,0.0005034237338251457,0.0005034237338250591
2019-12-23,0.5278063562186813,0.5278063562186812,0.0,0.0,Bull,False,-0.0004404859200562625,-0.0004404859200562994,0.49343766169697945,0.49343766169697956
2019-12-24,-0.0015186555223526983,-0.001518655522352752,0.0,0.0,Bull,False,-0.002368574238242216,-0.002368574238242216,-0.0003234883634134734,-0.0003234883634134489
2019-12-26,-0.0020755478461103078,-0.002075547846110304,0.0,0.0,Bull,False,-0.00433461724376595,-0.004334617243765937,7.870105058591093e-05,7.870105058582766e-05
2019-12-27,0.007912522980643814,0.007210817174677642,0.0006961971301745087,0.34809856508725434,Bull,True,0.005899470883665653,0.005894915206462681,0.004745851883458116,0.004737616067881811
2019-12-30,0.0006766067513094709,0.0006766067513095386,0.0,0.0,Bull,False,0.0004883473440726592,0.0004883473440726593,0.001734283622766804,0.0017342836227667302
2019-12-31,-0.005172603554825643,-0.005172603554825628,0.0,0.0,Bull,False,-0.0032312936930560926,-0.003231293693056081,-4.0330595279736516e-05,-4.033059527974725e-05
2020-01-01,0.0009072375316656411,0.0009072375316656611,0.0,0.0,Bull,False,0.0006902842311667433,0.0006902842311666824,-0.0005926655481371328,-0.0005926655481370835
2020-01-02,0.006538729510581632,0.006538729510581653,0.0,0.0,Bull,False,0.004899019103159625,0.0048990191031597075,0.002714205014365899,0.0027142050143658114
2020-01-03,-0.003464553158194629,-0.0034645531581946054,0.0,0.0,Bull,False,-0.002714051575219308,-0.0027140515752193117,0.008703628198728629,0.008703628198728719
2020-01-06,-0.015158976632398461,-0.015158976632398513,0.0,0.0,Bull,False,-0.01144431459844362,-0.011444314598443639,0.0009500578757401521,0.0009500578757402067
2020-01-07,0.003878590439086302,0.003878590439086338,0.0,0.0,Bull,False,0.0029685500558578573,0.0029685500558578326,-0.004651204462428269,-0.004651204462428282
2020-01-08,-0.0017375275035622887,-0.001737527503562264,0.0,0.0,Bull,False,-0.0013678144911021912,-0.0013678144911022372,0.005057360286066832,0.005057360286066848
2020-01-09,0.012463654844886336,0.01246365484488643,0.0,0.0,Bull,False,0.009428282381731112,0.009428282381731101,-0.004992642360495968,-0.0049926423604960135
2020-01-10,0.0026626411194579287,0.002662641119457909,0.0,0.0,Bull,False,0.0020087629180349066,0.0020087629180349786,0.00013931835950470434,0.00013931835950464766
2020-01-13,0.004714952984068623,0.004714952984068654,0.0,0.0,Bull,False,0.003554845099321566,0.0035548450993214686,2.4541001858816108e-05,2.4541001858890965e-05
2020-01-14,0.0021285388715661857,0.0021285388715661657,0.0,0.0,Bull,False,0.0016003880496138075,0.0016003880496138212,0.0008868046310896542,0.0008868046310896993
2020-01-15,-0.0011893334912554275,-0.0011893334912553843,0.0,0.0,Bull,False,-0.0009286524274427452,-0.0009286524274427777,0.0023841278988932196,0.0023841278988931958
2020-01-16,0.0007861085185400586,0.0007861085185401073,0.0,0.0,Bull,False,0.0005982783535138529,0.0005982783535138925,-0.000150757486089412,-0.00015075748608939232
2020-01-17,-0.0002115084267226627,-0.0002115084267226841,0.0,0.0,Bull,False,-0.0001533724709060688,-0.00015337247090607686,-0.0005668978975581984,-0.0005668978975581496
2020-01-20,-0.008247173460238177,-0.008247173460238177,0.0,0.0,Bull,False,-0.006226684954062901,-0.006226684954062867,-0.0007404631275555317,-0.0007404631275554907
2020-01-21,-0.0035888154336762247,-0.0035888154336761735,0.0,0.0,Bull,False,-0.002676104791244498,-0.0026761047912444713,-0.0024353068920602524,-0.002435306892060285
2020-01-22,-0.004106547295009979,-0.004106547295010032,0.0,0.0,Bull,False,-0.003092547728481935,-0.003092547728481887,-0.00015049549543706708,-0.0001504954954371085
2020-01-23,0.0048251298323998435,0.004825129832399799,0.0,0.0,Bull,False,0.003615562466738479,0.0036155624667384423,0.0012051792230358231,0.0012051792230358682
2020-01-24,0.004481886387484401,0.004481886387484479,0.0,0.0,Bull,False,0.003338085642856737,0.0033380856428566474,0.0036715358707827936,0.0036715358707828383
2020-01-27,-0.008370415148809216,-0.0091647408936123,0.0008010307043454597,0.4005153521727298,Bear,True,-0.006325386840575191,-0.006331608939292077,0.0008628042923193909,0.0008392709448745705
2020-01-28,-0.002101043628491363,-0.0021010436284913947,0.0,0.0,Bear,False,-0.0031329665210729552,-0.0031329665210729774,-0.002950358761340088,-0.0029503587613400883
2020-01-29,0.002435915426548614,0.0024359154265485294,0.0,0.0,Bear,False,0.0036642914953403864,0.0036642914953404215,0.0010106427711301694,0.0010106427711302768
2020-01-30,-0.0030692434837428497,-0.003069243483742823,0.0,0.0,Bear,False,-0.004636595975975867,-0.004636595975975877,0.00039890682725974083,0.0003989068272598484
2020-01-31,-0.0009584379401575006,-0.0009584379401574861,0.0,0.0,Bear,False,-0.002668375981944779,-0.002668375981944804,-0.0017615380914222842,-0.001761538091422321
2020-02-03,-0.008418412771339059,-0.008418412771339034,0.0,0.0,Bear,False,-0.012671023894828068,-0.012671023894828104,-0.006641766243969124,-0.006641766243969172
2020-02-04,0.009055691101676573,0.009055691101676588,0.0,0.0,Bear,False,0.013719717479077949,0.013719717479077964,0.004450328642431627,0.004450328642431556
2020-02-05,0.0036065606870440774,0.0036065606870441247,0.0,0.0,Bear,False,0.005453456343996204,0.005453456343996299,0.0005041162698856648,0.0005041162698855572
2020-02-06,0.0016288505035517247,0.0016288505035517709,0.0,0.0,Bear,False,0.0024172069492435833,0.0024172069492436332,0.0038721256493945526,0.003872125649394542
2020-02-07,-0.0012959467808529904,-0.0012959467808529856,0.0,0.0,Bear,False,-0.0019568108568806626,-0.0019568108568807085,2.6566229327576463e-05,2.6566229327507074e-05
2020-02-10,-0.00219315167872811,-0.0021931516787281335,0.0,0.0,Bear,False,-0.003313748017953233,-0.0033137480179532552,0.0004830279446123439,0.00048302794461241305
2020-02-11,0.002516103308431712,0.002516103308431772,0.0,0.0,Bear,False,0.003795203024358253,0.003795203024358207,0.0008932283039540022,0.0008932283039539968
2020-02-12,0.0030718510710291648,0.0030718510710292524,0.0,0.0,Bear,False,0.0046171613658280925,0.004617161365828126,0.002007840931665142,0.0020078409316650614
2020-02-13,-0.0008534724145026842,-0.0008534724145027317,0.0,0.0,Bear,False,-0.0013038755669012572,-0.001303875566901258,0.0010373805946419887,0.001037380594641979
2020-02-14,-0.002020260300017262,-0.0020202603000172292,0.0,0.0,Bear,False,-0.0030186528360387896,-0.003018652836038749,-0.0026045735705125545,-0.0026045735705125805
2020-02-17,-0.0022303242964039228,-0.002230324296403907,0.0,0.0,Bear,False,-0.003350889897333116,-0.0033508898973331203,-0.0011194357054084985,-0.0011194357054085113
2020-02-18,-0.0017461383327573602,-0.0017461383327573854,0.0,0.0,Bear,False,-0.002645797869515955,-0.002645797869515909,0.00048677700194271756,0.00048677700194277307
2020-02-19,0.004454872958077391,0.004454872958077338,0.0,0.0,Bear,False,0.0066395512005622374,0.006639551200562144,0.008968680226443773,0.008968680226443704
2020-02-20,-0.0014706949357615976,-0.001470694935761574,0.0,0.0,Bear,False,-0.002223479711690849,-0.002223479711690901,-0.0002111133793010788,-0.00021111337930113105
2020-02-24,-0.008173695187469417,-0.008173695187469465,0.0,0.0,Bear,False,-0.01246018939781977,-0.012460189397819788,0.009366003624149103,0.009366003624149188
2020-02-25,-0.0011344330675943299,-0.0011344330675943093,0.0,0.0,Bear,False,-0.00158466999953539,-0.0015846699995354374,-0.011263977188249074,-0.011263977188249119
2020-02-26,-0.003965104366142009,-0.004457818334313024,0.0004946754077902977,0.24733770389514886,Crisis,True,-0.0059968242621571115,-0.006015743052341871,-0.002519859772712689,-0.0025478998861574453
2020-02-27,-0.0015133826213424755,-0.001513382621342485,0.0,0.0,Crisis,False,-0.002322226072483624,-0.0023222260724836685,-0.0025339012527216447,-0.002533901252721682
2020-02-28,-0.004448936734206954,-0.004448936734206987,0.0,0.0,Crisis,False,-0.02144312394969199,-0.021443123949691945,-0.0117877524813296,-0.011787752481329572
2020-03-02,-0.003073809754666394,-0.0030738097546664234,0.0,0.0,Crisis,False,-0.0035654039365015117,-0.00356540393650151,-0.005008179879266289,-0.005008179879266272
2020-03-03,0.002815592808903182,0.002815592808903089,0.0,0.0,Crisis,False,0.009007209076953673,0.009007209076953737,0.005778602223570992,0.005778602223571072
2020-03-04,0.00589478007464479,0.005894780074644723,0.0,0.0,Crisis,False,-0.0027374413001848242,-0.0027374413001848286,0.0073128664955504465,0.0073128664955504075
2020-03-05,-0.00016863985499886708,-0.00016863985499881995,0.0,0.0,Crisis,False,0.0009447300707578025,0.0009447300707579043,-1.9385779470897785e-05,-1.9385779470915132e-05
2020-03-06,0.003140866699380865,0.003140866699380851,0.0,0.0,Crisis,False,-0.01465832443804738,-0.014658324438047377,0.0010003012977875727,0.001000301297787498
2020-03-09,-0.010819144028697257,-0.010819144028697214,0.0,0.0,Crisis,False,-0.028634128761432773,-0.028634128761432787,-0.020712143697483257,-0.02071214369748331
2020-03-11,-0.0017850488342861463,-0.001785048834286096,0.0,0.0,Crisis,False,0.00038506491401713895,0.0003850649140171303,-0.0023467654905574673,-0.0023467654905574564
2020-03-12,-0.012745265787108247,-0.012745265787108218,0.0,0.0,Crisis,False,-0.04754808570554432,-0.04754808570554436,-0.02751405631969213,-0.02751405631969217
2020-03-13,-0.004338035126152161,-0.004338035126152162,0.0,0.0,Crisis,False,0.02098926864923574,0.02098926864923567,-0.0015717780718824906,-0.001571778071882468
2020-03-16,-0.01650662602958603,-0.01650662602958608,0.0,0.0,Crisis,False,-0.04267548814514803,-0.04267548814514799,-0.03186945556670208,-0.031869455566702065
2020-03-17,-0.008939383757871715,-0.008939383757871733,0.0,0.0,Crisis,False,-0.013550463503726027,-0.013550463503726018,-0.01536749514463737,-0.015367495144637422
2020-03-18,-0.002468171704010633,-0.002468171704010591,0.0,0.0,Crisis,False,-0.029717052777008944,-0.02971705277700898,-0.009790117774570003,-0.00979011777456995
2020-03-19,-0.004400852821952416,-0.004400852821952461,0.0,0.0,Crisis,False,-0.012615929619247375,-0.012615929619247401,-0.00887167566333997,-0.008871675663340017
2020-03-20,0.012937899709287116,0.012937899709287048,0.0,0.0,Crisis,False,0.030002157015418206,0.030002157015418307,0.02464380569771922,0.02464380569771918
2020-03-23,-0.022891822437170476,-0.022891822437170473,0.0,0.0,Crisis,False,-0.06860247185872557,-0.06860247185872559,-0.04653075906993648,-0.04653075906993642
2020-03-24,0.012412715797066504,0.012412715797066598,0.0,0.0,Crisis,False,0.012374603589976461,0.012374603589976552,0.02042480487289854,0.02042480487289855
2020-03-25,0.01126746501443698,0.011267465014436873,0.0,0.0,Crisis,False,0.033121753832195046,0.03312175383219507,0.022819937580890463,0.022819937580890404
2020-03-26,0.0024694884247486283,0.0024694884247487003,0.0,0.0,Crisis,False,0.020074686751669492,0.020074686751669457,0.007596795881897923,0.007596795881897878
2020-03-27,0.01035512038938055,0.010096257526572616,0.0002562097796942009,0.12810488984710044,Crisis,True,0.0011480793574981715,0.0010000400991920788,0.014799707038053108,0.01466829084276089
2020-03-30,0.01028293428706702,0.010282934287066947,0.0,0.0,Crisis,False,-0.026268321858491348,-0.026268321858491372,-0.0008828878764139594,-0.0008828878764139958
2020-03-31,-0.0087113886105629,-0.008711388610562865,0.0,0.0,Crisis,False,0.023198228433582185,0.023198228433582102,-0.0006317604232555561,-0.000631760423255523
2020-04-01,0.00019618488432836338,0.00019618488432837644,0.0,0.0,Crisis,False,-0.0239175837313171,-0.023917583731317138,-0.012996324456031577,-0.012996324456031605
2020-04-03,0.0035962493472377842,0.003596249347237679,0.0,0.0,Crisis,False,-0.012111116306452122,-0.012111116306452119,-0.0017658266974446496,-0.001765826697444628
2020-04-07,0.005725721037038652,0.005725721037038722,0.0,0.0,Crisis,False,0.05108215857605448,0.05108215857605458,0.0355243900874486,0.035524390087448676
2020-04-08,0.0007850843682727893,0.0007850843682728481,0.0,0.0,Crisis,False,-0.0029770312402368384,-0.0029770312402368493,-0.0006095663620594753,-0.0006095663620594438
2020-04-09,0.006473099537320631,0.006473099537320559,0.0,0.0,Crisis,False,0.02499032147076058,0.024990321470760524,0.022306872089128266,0.022306872089128182
2020-04-13,0.010933435923100107,0.010933435923100143,0.0,0.0,Crisis,False,-0.007925641575780002,-0.007925641575780018,0.009898184509928491,0.00989818450992841
2020-04-15,0.0011451099215337177,0.0011451099215338267,0.0,0.0,Crisis,False,-0.004639034042996801,-0.004639034042996815,-0.0010147381825877581,-0.0010147381825877932
2020-04-16,0.0037416763302402303,0.003741676330240251,0.0,0.0,Crisis,False,0.004585208914299566,0.004585208914299477,0.007377811335313793,0.007377811335313789
2020-04-17,-0.004972235426149884,-0.004972235426149885,0.0,0.0,Crisis,False,0.018556384851747636,0.018556384851747598,0.0034589300348915612,0.0034589300348915053
2020-04-20,-0.005875294076696624,-0.005875294076696624,0.0,0.0,Crisis,False,-0.0003370557814962451,-0.0003370557814962316,-0.00775620956535098,-0.007756209565350947
2020-04-21,0.0032000519125392033,0.003200051912539248,0.0,0.0,Crisis,False,-0.01863770293447773,-0.01863770293447775,-0.006101463712669585,-0.006101463712669619
2020-04-22,0.003565103973036829,0.003565103973036887,0.0,0.0,Crisis,False,0.013938294320062538,0.01393829432006255,0.012237538102501416,0.0122375381025015
2020-04-23,7.559718162458872e-06,7.559718162353235e-06,0.0,0.0,Crisis,False,0.008460878091333763,0.008460878091333779,0.0046020413371329165,0.004602041337132823
2020-04-24,0.0005085355960611497,0.0005085355960612326,0.0,0.0,Crisis,False,-0.010565158610073143,-0.010565158610073122,-0.005111015478412639,-0.005111015478412639
2020-04-27,-0.0008335095735374749,-0.0008335095735374498,0.0,0.0,Crisis,False,0.008558415085768706,0.008558415085768711,0.003573205481777613,0.0035732054817776415
2020-04-28,0.0007630931585963947,0.0007630931585964618,0.0,0.0,Crisis,False,0.006544953615628277,0.006544953615628346,0.004556820374892857,0.0045568203748929115
2020-04-29,-0.0019622646578522696,-0.0019622646578523195,0.0,0.0,Crisis,False,0.011376426983001097,0.011376426983001009,0.0036845317628405212,0.0036845317628404484
2020-04-30,0.0023590356950746547,0.002359035695074674,0.0,0.0,Crisis,False,0.02054925112995176,0.02054925112995165,0.013103921878789596,0.013103921878789615
2020-05-04,0.001016230735980632,0.0009739178553864747,4.226992459755165e-05,0.021134962298775824,Crisis,True,-0.03618850568415099,-0.03621949419898718,-0.01879403521783555,-0.01883218084272764
2020-05-05,-0.00696440555391925,-0.006964405553919195,0.0,0.0,Crisis,False,-0.00567495931296067,-0.005674959312960692,-0.012435839965639867,-0.012435839965639905
2020-05-06,-0.0010589468946696795,-0.0010589468946696767,0.0,0.0,Crisis,False,0.004239961836877196,0.0042399618368771375,0.000949810395026326,0.0009498103950262848
2020-05-07,-0.0017711098329959278,-0.0017711098329958874,0.0,0.0,Crisis,False,-0.004645541940325175,-0.004645541940325182,-0.00497455791446031,-0.004974557914460331
2020-05-08,0.002660037371211043,0.0026600373712111214,0.0,0.0,Crisis,False,0.0034070257422471346,0.0034070257422471606,0.0054816225726406894,0.005481622572640621
2020-05-11,-0.002011244135808798,-0.0020112441358087763,0.0,0.0,Crisis,False,-0.000800185874591098,-0.000800185874591075,-0.003131264530368441,-0.003131264530368494
2020-05-12,0.0004197463080719091,0.00041974630807195545,0.0,0.0,Crisis,False,-0.0027593214046247854,-0.0027593214046247594,-0.0009944358461355116,-0.0009944358461355662
2020-05-13,-0.0015965177989935278,-0.001596517798993502,0.0,0.0,Crisis,False,0.012145047496329399,0.012145047496329386,0.0046681661480254925,0.004668166148025454
2020-05-14,0.003075675565777106,0.0030756755657770363,0.0,0.0,Crisis,False,-0.015452634910549295,-0.015452634910549268,-0.004625684203614037,-0.004625684203614089
2020-05-15,0.0018268191710087958,0.0018268191710086867,0.0,0.0,Crisis,False,-0.00038468055427276124,-0.00038468055427276493,0.0022404207242135467,0.0022404207242134877
2020-05-18,0.00434571921381768,0.004345719213817656,0.0,0.0,Crisis,False,-0.020453238315815477,-0.02045323831581547,-0.00554670197492209,-0.00554670197492213
2020-05-19,-0.0068516834210436105,-0.006851683421043586,0.0,0.0,Crisis,False,0.003718617701565276,0.003718617701565341,-0.007257072899422245,-0.0072570728994222344
2020-05-20,0.0030049075045975224,0.003004907504597476,0.0,0.0,Crisis,False,0.012430666718110083,0.012430666718109995,0.010978203727958014,0.010978203727957991
2020-05-21,-0.0026376634931409987,-0.002637663493140985,0.0,0.0,Crisis,False,0.0026052017847282938,0.0026052017847282283,-0.002114446974308827,-0.002114446974308848
2020-05-22,0.0012880088931311133,0.0012880088931310762,0.0,0.0,Crisis,False,-0.00438250980857218,-0.004382509808572133,-0.0007020063002915166,-0.0007020063002914911
2020-05-26,-0.0026424323816960672,-0.002642432381696036,0.0,0.0,Crisis,False,-0.0006655393079880743,-0.0006655393079880723,-0.003942178710279277,-0.003942178710279243
2020-05-27,-0.003247519648535839,-0.003247519648535868,0.0,0.0,Crisis,False,0.018774706989203836,0.018774706989203915,0.006091198169542368,0.0060911981695424
2020-05-28,0.00320996752964646,0.003209967529646418,0.0,0.0,Crisis,False,0.01129619165442265,0.01129619165442275,0.010662736997706732,0.010662736997706812
2020-05-29,0.00020863401537799648,0.000208634015377962,0.0,0.0,Crisis,False,0.006474661476046975,0.006474661476046917,0.0022976543383637932,0.0022976543383637082
2020-06-01,0.0013044652824471736,0.0013044652824472092,0.0,0.0,Crisis,False,0.01557265500339335,0.015572655003393443,0.010562455939951435,0.010562455939951532
2020-06-02,-0.00018030376427844588,-0.00018030376427846662,0.0,0.0,Crisis,False,0.009535898003044675,0.009535898003044663,0.005207795103438232,0.005207795103438162
2020-06-03,-0.0017596859325030745,-0.0022367194058796613,0.0004778743822044404,0.23893719110222023,Bear,True,0.005097512038365389,0.005060393198881075,0.000612123801258264,0.000566773971676815
2020-06-04,-0.0006487644088639561,-0.0006487644088639666,0.0,0.0,Bear,False,-0.0019388697941257194,-0.0019388697941257194,-0.0016489704673439871,-0.0016489704673440242
2020-06-05,0.002243757470590063,0.0022437574705900243,0.0,0.0,Bear,False,0.006754649134674874,0.006754649134674828,0.006855088118314328,0.0068550881183142565
2020-06-08,0.00047012559967836036,0.00047012559967840595,0.0,0.0,Bear,False,0.0015052416355510417,0.0015052416355509912,-0.0035433916969076083,-0.0035433916969076495
2020-06-09,-0.002344625496451284,-0.0023446254964513136,0.0,0.0,Bear,False,-0.007158443286219975,-0.007158443286219951,-0.0011462870877098968,-0.0011462870877099185
2020-06-10,0.001377434742425875,0.0013774347424257982,0.0,0.0,Bear,False,0.00414817637925345,0.004148176379253465,0.004012870449251579,0.004012870449251471
2020-06-11,-0.004166698435344782,-0.0041666984353447845,0.0,0.0,Bear,False,-0.012728976263468961,-0.012728976263468916,-0.0028418356099461865,-0.0028418356099462194
2020-06-12,0.001400223187991717,0.0014002231879917115,0.0,0.0,Bear,False,0.004268613592106301,0.004268613592106396,0.002914867640515403,0.002914867640515295
2020-06-15,-0.0031540280854260253,-0.003154028085425975,0.0,0.0,Bear,False,-0.009544032758238603,-0.009544032758238563,-0.008415828760775394,-0.008415828760775401
2020-06-16,0.0020054143129795716,0.0020054143129795143,0.0,0.0,Bear,False,0.006070902241472199,0.00607090224147222,0.006937583727204464,0.006937583727204544
2020-06-17,-0.0006664955701056158,-0.000666495570105563,0.0,0.0,Bear,False,-0.001980110697722066,-0.0019801106977220817,-0.002713994289201492,-0.0027139942892014934
2020-06-18,0.00415785636172094,0.004157856361720835,0.0,0.0,Bear,False,0.012689294231522655,0.012689294231522652,0.008520435478440787,0.008520435478440724
2020-06-19,0.00299756975916048,0.0029975697591604344,0.0,0.0,Bear,False,0.00909640961361853,0.009096409613618572,0.004211127610219298,0.004211127610219245
2020-06-22,0.0013400901140303296,0.0013400901140303567,0.0,0.0,Bear,False,0.003940503162518385,0.003940503162518372,0.006611292711567499,0.0066112927115675735
2020-06-23,0.003109133238571289,0.0031091332385713155,0.0,0.0,Bear,False,0.00938583620121998,0.009385836201220021,0.004628662346847316,0.004628662346847223
2020-06-24,-0.003189342957575878,-0.0031893429575758914,0.0,0.0,Bear,False,-0.009642034004775915,-0.009642034004775923,-0.0015349333385524593,-0.00153493333855248
2020-06-25,-0.0003441996607802831,-0.0003441996607802533,0.0,0.0,Bear,False,-0.0009639343076636008,-0.0009639343076636164,-0.0036399265433457143,-0.003639926543345662
2020-06-26,0.0018398068788488152,0.001839806878848771,0.0,0.0,Bear,False,0.005536378330562228,0.005536378330562197,0.003218773219866473,0.003218773219866522
2020-06-29,-0.0013745934396205129,-0.0013745934396205417,0.0,0.0,Bear,False,-0.004134576481060239,-0.004134576481060193,-0.0010146330717409927,-0.001014633071740989
2020-06-30,0.0012954957638968072,0.00129549576389687,0.0,0.0,Bear,False,0.00013215080884600898,0.00013215080884609876,0.0012344071089273952,0.0012344071089274156
2020-07-01,0.0025194412080112093,0.002519441208011175,0.0,0.0,Bear,False,0.007516628098008731,0.007516628098008793,0.007254305554655666,0.007254305554655671
2020-07-02,0.002320384379405056,0.0016335600762562574,0.0006852342961916762,0.3426171480958381,Bull,True,0.007093219433469849,0.007071229290228409,-0.0021034332843861926,-0.0021203160132826637
2020-07-03,0.002869396551648056,0.0028693965516479736,0.0,0.0,Bull,False,0.0031643856269090165,0.0031643856269090165,0.001442328237030795,0.0014423282370308321
2020-07-06,0.008053189546973505,0.008053189546973538,0.0,0.0,Bull,False,0.008855599143773268,0.008855599143773318,0.005478703741007392,0.00547870374100734
2020-07-07,0.0018614024407464678,0.0018614024407463958,0.0,0.0,Bull,False,0.002026735321784999,0.0020267353217851003,0.002308365296430917,0.0023083652964308587
2020-07-08,-0.0047189440589727166,-0.004718944058972663,0.0,0.0,Bull,False,-0.005265211035554652,-0.005265211035554662,0.0016740856162128078,0.0016740856162127393
2020-07-09,0.005555850258505286,0.005555850258505357,0.0,0.0,Bull,False,0.006070962747843762,0.006070962747843689,0.00586341895860199,0.005863418958601985
2020-07-10,-0.0023285212565300663,-0.0023285212565300473,0.0,0.0,Bull,False,-0.0025437360922775,-0.0025437360922775376,-0.0024192979640342716,-0.0024192979640342838
2020-07-13,0.0017766986740243179,0.0017766986740244128,0.0,0.0,Bull,False,0.0019463759759650013,0.0019463759759650312,0.0015458125471831713,0.001545812547183223
2020-07-14,-0.009975533393486733,-0.00997553339348678,0.0,0.0,Bull,False,-0.010951884120559127,-0.010951884120559141,-0.007161582174545063,-0.0071615821745451
2020-07-15,0.000570615066783823,0.0005706150667839083,0.0,0.0,Bull,False,0.0006150492493310133,0.00061504924933109,0.0011221691428415599,0.001122169142841578
2020-07-16,0.006253980131033043,0.006253980131033066,0.0,0.0,Bull,False,0.006896974834107706,0.006896974834107672,0.0030272115246427747,0.0030272115246428033
2020-07-17,0.008244402698199807,0.008244402698199815,0.0,0.0,Bull,False,0.00910015783196119,0.009100157831961164,0.003174909774836065,0.0031749097748361432
2020-07-20,0.006130279141559745,0.006130279141559836,0.0,0.0,Bull,False,0.006714259131521713,0.006714259131521683,0.005218546971856766,0.005218546971856863
2020-07-21,0.007087567429135208,0.0070875674291353,0.0,0.0,Bull,False,0.007760141442489702,0.00776014144248971,0.005802771425523355,0.005802771425523323
2020-07-22,-0.0014172813517053984,-0.0014172813517053795,0.0,0.0,Bull,False,-0.001633389030833946,-0.0016333890308339871,0.0038474429918181384,0.003847442991818051
2020-07-23,0.004225289946764191,0.004225289946764299,0.0,0.0,Bull,False,0.004560500419157145,0.004560500419157121,0.007282105670195413,0.007282105670195493
2020-07-24,-0.0010105604308214733,-0.0010105604308214833,0.0,0.0,Bull,False,-0.0011631812557012942,-0.001163181255701251,0.002546128350311496,0.0025461283503114274
2020-07-27,-0.0029440464651670764,-0.002944046465167105,0.0,0.0,Bull,False,-0.003424423930988708,-0.0034244239309887403,0.009698829085393063,0.00969882908539299
2020-07-28,0.008407083029129188,0.008407083029129181,0.0,0.0,Bull,False,0.009289232171236481,0.009289232171236561,0.0017675448827691054,0.0017675448827692009
2020-07-29,-0.0047931410982943465,-0.004793141098294318,0.0,0.0,Bull,False,-0.005324710276310651,-0.005324710276310651,0.0008939114140766902,0.0008939114140766868
2020-07-30,-0.005025724657930361,-0.005025724657930386,0.0,0.0,Bull,False,-0.0055216028776848974,-0.0055216028776848836,-0.0027926375271349517,-0.002792637527134989
2020-07-31,-0.00047244705821300925,-0.0004955377819871876,2.3101638075034932e-05,0.011550819037517465,Bull,True,-0.0007843838832438626,-0.000806440424756083,0.00421832333328563,0.0041801725746613005
2020-08-03,-0.008938109993368875,-0.008938109993368859,0.0,0.0,Bull,False,-0.009857351319130458,-0.009857351319130458,-0.004416742361305885,-0.004416742361305848
2020-08-04,0.010114174622454985,0.010114174622454897,0.0,0.0,Bull,False,0.011148438480217699,0.011148438480217626,0.005947759195718317,0.005947759195718216
2020-08-05,0.0004479143956025992,0.00044791439560265545,0.0,0.0,Bull,False,0.0003463874041686984,0.00034638740416870206,0.009018014566065666,0.009018014566065657
2020-08-06,0.004877197222599706,0.004877197222599605,0.0,0.0,Bull,False,0.005324931540459821,0.005324931540459765,0.005659830066538101,0.00565983006653803
2020-08-07,0.0007083158756766366,0.0007083158756766572,0.0,0.0,Bull,False,0.0007479890539359643,0.0007479890539359157,0.0022903519957741107,0.002290351995774209
2020-08-10,0.002664277093456495,0.002664277093456402,0.0,0.0,Bull,False,0.0030207561828436975,0.003020756182843698,-0.00368419281502084,-0.003684192815020859
2020-08-11,0.002435031482125412,0.002435031482125316,0.0,0.0,Bull,False,0.0028065807930454105,0.002806580793045521,-0.006111793635991794,-0.006111793635991791
2020-08-12,-0.00085628988697797,-0.0008562898869779456,0.0,0.0,Bull,False,-0.0007537963130773375,-0.0007537963130773706,-0.011778034928834778,-0.01177803492883478
2020-08-13,-0.00035860871683361174,-0.000358608716833575,0.0,0.0,Bull,False,-0.0004293270968025506,-0.00042932709680254533,0.001955751983201059,0.0019557519832009707
2020-08-14,-0.005901634390249404,-0.005901634390249377,0.0,0.0,Bull,False,-0.006528806428866479,-0.0065288064288664405,-0.001338877692386673,-0.0013388776923867196
2020-08-17,0.0033413292306312074,0.0033413292306312403,0.0,0.0,Bull,False,0.003697327576276325,0.003697327576276388,0.0008648365838887122,0.0008648365838888061
2020-08-18,0.006869690454375811,0.00686969045437591,0.0,0.0,Bull,False,0.007421095300555325,0.007421095300555347,0.012386126750436582,0.012386126750436599
2020-08-19,0.0010720569714554606,0.001072056971455515,0.0,0.0,Bull,False,0.0012282237115205541,0.0012282237115206485,-0.002322129512126432,-0.002322129512126403
2020-08-20,-0.004779318012087387,-0.004779318012087419,0.0,0.0,Bull,False,-0.005115633983649772,-0.005115633983649781,-0.011284841152025007,-0.011284841152024994
2020-08-21,0.0028939989981617066,0.002893998998161784,0.0,0.0,Bull,False,0.00317737372105162,0.003177373721051646,0.002077411688235268,0.0020774116882351645
2020-08-24,0.004573556216456024,0.004573556216455943,0.0,0.0,Bull,False,0.005053687946200423,0.005053687946200425,0.001297568396751106,0.0012975683967511031
2020-08-25,0.0002248128003149605,0.00022481280031505513,0.0,0.0,Bull,False,0.00031164170558717596,0.00031164170558728443,-0.0038517214088904035,-0.0038517214088904517
2020-08-26,0.003720662661108377,0.003720662661108376,0.0,0.0,Bull,False,0.004102437281230746,0.004102437281230831,0.001414248231451767,0.0014142482314518645
2020-08-27,0.0004902509808135891,0.0004902509808135669,0.0,0.0,Bull,False,0.0005097423268528896,0.0005097423268529688,0.0020628461725131692,0.0020628461725131775
2020-08-28,0.004252649737666078,0.004252649737666037,0.0,0.0,Bull,False,0.004664328355792727,0.0046643283557927795,0.0030135214497958467,0.0030135214497959417
2020-08-31,-0.01169510299653935,-0.01170817506981714,1.3226761617250236e-05,0.006613380808625118,Bull,True,-0.01301974380075215,-0.013032168333657279,-0.005559581529382419,-0.0055831585383313564
2020-09-01,0.00397350084333861,0.003973500843338584,0.0,0.0,Bull,False,0.004360043907793587,0.004360043907793543,0.0033044619623083804,0.0033044619623083804
2020-09-02,0.0030357481694020536,0.0030357481694021082,0.0,0.0,Bull,False,0.0033968252580406978,0.0033968252580407476,-0.0014815998849553242,-0.0014815998849553313
2020-09-03,-0.00042040296473591106,-0.0004204029647358887,0.0,0.0,Bull,False,-0.00039472663057683985,-0.0003947266305768249,-0.004330176423721227,-0.004330176423721244
2020-09-04,-0.009173688815283512,-0.009173688815283465,0.0,0.0,Bull,False,-0.010126021370919032,-0.010126021370919003,-0.0036176265637673293,-0.0036176265637672955
2020-09-07,0.0010250304686308838,0.0010250304686307832,0.0,0.0,Bull,False,0.0011241283059465956,0.001124128305946659,0.0008495945563982962,0.0008495945563982144
2020-09-08,-0.0017993855676344298,-0.0017993855676344817,0.0,0.0,Bull,False,-0.001989793170946929,-0.0019897931709469407,-0.0005920555167824366,-0.0005920555167824304
2020-09-09,-0.0018762779738012343,-0.001876277973801188,0.0,0.0,Bull,False,-0.0020809889705172002,-0.002080988970517228,-0.0002712138798901762,-0.0002712138798901531
2020-09-10,0.008265843417019778,0.008265843417019747,0.0,0.0,Bull,False,0.00907142737835957,0.009071427378359642,0.00711176038087871,0.0071117603808787955
2020-09-11,0.000724189776334736,0.000724189776334816,0.0,0.0,Bull,False,0.0008022044746035233,0.0008022044746034407,8.051979521915607e-05,8.051979521916941e-05
2020-09-14,-0.0011833272878613446,-0.0011833272878613021,0.0,0.0,Bull,False,-0.0012843544326954688,-0.0012843544326954781,-0.0017450171600185537,-0.0017450171600185138
2020-09-15,0.003965645667063894,0.003965645667063811,0.0,0.0,Bull,False,0.0042993764309809555,0.0042993764309808835,0.006297416812670169,0.0062974168126701535
2020-09-16,0.003910601431781536,0.0039106014317815685,0.0,0.0,Bull,False,0.00432549294913975,0.004325492949139642,0.00108958857899867,0.001089588578998768
2020-09-17,-0.004233325850495641,-0.004233325850495628,0.0,0.0,Bull,False,-0.004607688991447424,-0.004607688991447478,-0.005493340004993919,-0.005493340004993907
2020-09-18,-0.0004885119121318597,-0.0004885119121318393,0.0,0.0,Bull,False,-0.0005796020667436327,-0.0005796020667436785,0.0021741111659004976,0.002174111165900605
2020-09-21,-0.012142137528708996,-0.012142137528708963,0.0,0.0,Bull,False,-0.013321699849804842,-0.013321699849804802,-0.00976719094212965,-0.009767190942129633
2020-09-22,-0.004755083740949438,-0.004755083740949462,0.0,0.0,Bull,False,-0.005146610217401426,-0.005146610217401371,-0.008334302647124073,-0.008334302647124092
2020-09-23,-0.0010866414604884156,-0.0010866414604884245,0.0,0.0,Bull,False,-0.0011629988003601303,-0.0011629988003600822,-0.0027371304125476297,-0.0027371304125476392
2020-09-24,-0.01588127092824829,-0.015881270928248314,0.0,0.0,Bull,False,-0.017427271666114807,-0.017427271666114796,-0.014360598847996394,-0.014360598847996342
2020-09-25,0.012083130014890685,0.012083130014890697,0.0,0.0,Bull,False,0.013304986052193556,0.013304986052193657,0.009373702225638401,0.00937370222563838
2020-09-28,0.00858654681120172,0.008586546811201634,0.0,0.0,Bull,False,0.00950677906341293,0.009506779063412907,0.0029745333928261728,0.002974533392826162
2020-09-29,-0.00015459623118705603,-0.000161883244676031,7.288140208018151e-06,0.0036440701040090758,Bull,True,-0.0002736253164598088,-0.0002806436579354532,0.00614531756058775,0.006136082171140478
2020-09-30,0.0021575222933982617,0.002157522293398273,0.0,0.0,Bull,False,0.0021737715521588986,0.0021737715521588097,0.001664467415950647,0.0016644674159507211
2020-10-01,0.00819952923046296,0.008199529230462854,0.0,0.0,Bull,False,0.009037261854137843,0.00903726185413789,0.004420242224368836,0.0044202422243688755
2020-10-05,0.0041616071501572515,0.004161607150157343,0.0,0.0,Bull,False,0.004567999541850299,0.004567999541850387,0.0031510971053051173,0.003151097105305034
2020-10-06,0.007660973065904096,0.007660973065904075,0.0,0.0,Bull,False,0.008370891667750936,0.008370891667750957,0.007897565831902535,0.007897565831902487
2020-10-07,0.00355316886898966,0.003553168868989598,0.0,0.0,Bull,False,0.003985992781912298,0.003985992781912362,-0.0026698135631136226,-0.0026698135631135766
2020-10-08,0.0045375392525498,0.004537539252549738,0.0,0.0,Bull,False,0.004977677358192694,0.004977677358192656,0.0031754111730083324,0.0031754111730082357
2020-10-09,0.0037994081172884092,0.0037994081172885164,0.0,0.0,Bull,False,0.00412174978847803,0.004121749788478013,0.0052939907729818774,0.005293990772981871
2020-10-12,0.0008245091446639534,0.0008245091446639208,0.0,0.0,Bull,False,0.0008588007866926287,0.0008588007866925373,0.0033607521673422337,0.003360752167342218
2020-10-13,0.00015879482435066217,0.00015879482435066095,0.0,0.0,Bull,False,0.00018271610017001088,0.0001827161001699551,-0.00041211308851371066,-0.0004121130885137436
2020-10-14,0.0016559225084379595,0.0016559225084380458,0.0,0.0,Bull,False,0.0018850475452274953,0.0018850475452274473,-0.003132454554963201,-0.0031324545549632488
2020-10-15,-0.013592889817530025,-0.01359288981753004,0.0,0.0,Bull,False,-0.01493208459878114,-0.014932084598781148,-0.0073338872546940045,-0.0073338872546939715
2020-10-16,0.003917697871818379,0.003917697871818282,0.0,0.0,Bull,False,0.004281098309549502,0.004281098309549591,0.0038142766421144277,0.0038142766421145335
2020-10-19,0.0052319933076981065,0.00523199330769808,0.0,0.0,Bull,False,0.0057425825714057886,0.005742582571405697,0.003445089956387299,0.0034450899563873705
2020-10-20,0.0011035021234199977,0.0011035021234200304,0.0,0.0,Bull,False,0.0012220058606952715,0.0012220058606953188,9.569190712456392e-05,9.569190712466202e-05
2020-10-21,0.001957600551918776,0.0019576005519188477,0.0,0.0,Bull,False,0.0021063702921502534,0.002106370292150217,0.003769534780075947,0.0037695347800759116
2020-10-22,-0.001931711537308401,-0.0019317115373084226,0.0,0.0,Bull,False,-0.0021199317665659364,-0.0021199317665658857,-0.0011918498984695152,-0.0011918498984695436
2020-10-23,0.0015770714356301795,0.0015770714356302395,0.0,0.0,Bull,False,0.0017479799686629118,0.0017479799686628272,-4.885297022019894e-05,-4.88529702201701e-05
2020-10-26,-0.007632740015180254,-0.007632740015180217,0.0,0.0,Bull,False,-0.008365516314547013,-0.008365516314546961,-0.00544236202997524,-0.005442362029975278
2020-10-27,0.005746301424970468,0.005746301424970568,0.0,0.0,Bull,False,0.006314626552803423,0.0063146265528033485,0.003320716384677809,0.003320716384677791
2020-10-28,-0.00749968157241624,-0.007499681572416206,0.0,0.0,Bull,False,-0.008242885681267256,-0.008242885681267298,-0.003974392073452858,-0.003974392073452848
2020-10-29,-0.0020268694084020567,-0.0027427132672215304,0.0007172977276403598,0.3586488638201799,Bear,True,-0.0023610942495015004,-0.0023779470808424907,-0.0030536173360914366,-0.003069210182408133
2020-10-30,-0.0004822649362929261,-0.0004822649362928866,0.0,0.0,Bear,False,-0.001460024053420561,-0.0014600240534206055,-0.001036594450289289,-0.0010365944502892521
2020-11-02,0.00046986116348657917,0.0004698611634865735,0.0,0.0,Bear,False,0.0013772378858674878,0.0013772378858674106,0.003021933341928954,0.0030219333419290173
2020-11-03,0.0024446261083238066,0.002444626108323744,0.0,0.0,Bear,False,0.0074175757924002895,0.007417575792400211,0.005461433530437618,0.005461433530437709
2020-11-04,0.0016059224734355474,0.0016059224734354949,0.0,0.0,Bear,False,0.004848434592795898,0.004848434592795936,0.0029916689235555127,0.0029916689235554017
2020-11-05,0.003574100422473642,0.003574100422473636,0.0,0.0,Bear,False,0.010757291342784666,0.010757291342784692,0.006581643235991157,0.006581643235991086
2020-11-06,0.002444436104988814,0.0024444361049889007,0.0,0.0,Bear,False,0.007198220123392796,0.007198220123392884,0.009121299180104615,0.009121299180104625
2020-11-09,0.0033291265919484702,0.0033291265919483948,0.0,0.0,Bear,False,0.009857317830158642,0.00985731783015864,0.007110131602940598,0.007110131602940495
2020-11-10,0.002727892829950002,0.002727892829949896,0.0,0.0,Bear,False,0.008397055578199687,0.008397055578199586,-0.008756120751355699,-0.008756120751355678
2020-11-11,0.001977989634433352,0.001977989634433408,0.0,0.0,Bear,False,0.005783527738153515,0.005783527738153493,0.004904349614291006,0.0049043496142910925
2020-11-12,-0.0009663793246839085,-0.0009663793246839081,0.0,0.0,Bear,False,-0.002842265608085051,-0.0028422656080850928,-0.0011806027610486638,-0.001180602761048699
2020-11-13,0.0004974597321906561,0.0004974597321907304,0.0,0.0,Bear,False,0.0014278802546693434,0.0014278802546694447,0.0013975332491451447,0.0013975332491451553
2020-11-14,2.057467954173142e-05,2.0574679541640606e-05,0.0,0.0,Bear,False,0.0,0.0,0.002700192837281961,0.002700192837282067
2020-11-17,0.0025534726794215544,0.002553472679421631,0.0,0.0,Bear,False,0.007524212819867257,0.007524212819867149,0.0028105586427224346,0.002810558642722505
2020-11-18,0.0010358182271756498,0.0010358182271756888,0.0,0.0,Bear,False,0.0030970962574700667,0.003097096257470122,-0.0006318639109008515,-0.000631863910900865
2020-11-19,-0.0027705109670315546,-0.0027705109670315142,0.0,0.0,Bear,False,-0.008034754720720258,-0.008034754720720239,-0.007134884941746892,-0.007134884941746855
2020-11-20,0.0014500047701733589,0.0014500047701733187,0.0,0.0,Bear,False,0.004250127355095142,0.0042501273550952234,0.0022816708851462635,0.002281670885146303
2020-11-23,0.0011219673173795367,0.0011219673173794575,0.0,0.0,Bear,False,0.00326558877664769,0.003265588776647732,0.0023800449358775243,0.002380044935877512
2020-11-24,0.0020635479597321473,0.0020635479597321815,0.0,0.0,Bear,False,0.006211435323894089,0.00621143532389401,-0.00445126020482983,-0.004451260204829777
2020-11-25,-0.003258982195938749,-0.0032589821959387866,0.0,0.0,Bear,False,-0.009442971024420812,-0.009442971024420821,-0.006199089493656789,-0.006199089493656773
2020-11-26,0.0021559733569543197,0.002155973356954277,0.0,0.0,Bear,False,0.00623482872432288,0.006234828724322794,0.00551276865652513,0.005512768656525058
2020-11-27,0.0011761027777987781,0.000508934483546053,0.0006663845575234494,0.3331922787617247,Bull,True,-0.00016044194131596397,-0.0002095984259549155,-0.0006198389021004753,-0.0006749331825766092
2020-12-01,0.005818240963114882,0.005818240963114896,0.0,0.0,Bull,False,0.006477535821579794,0.006477535821579838,-0.0006819862185863946,-0.0006819862185863945
2020-12-02,0.0002592750107151409,0.00025927501071509873,0.0,0.0,Bull,False,0.000216051978106458,0.00021605197810647958,0.004325444042221437,0.004325444042221349
2020-12-03,0.0008695951932934002,0.0008695951932933266,0.0,0.0,Bull,False,0.0009260447872447783,0.0009260447872447841,0.0023766584515971254,0.00237665845159718
2020-12-04,0.005205248818490389,0.005205248818490382,0.0,0.0,Bull,False,0.005727221771652709,0.005727221771652635,0.0031106516671619688,0.0031106516671619566
2020-12-07,0.004000613043120168,0.004000613043120271,0.0,0.0,Bull,False,0.004437449914122549,0.004437449914122649,0.0001625011972335084,0.00016250119723348888
2020-12-08,0.0016051129341596903,0.0016051129341596582,0.0,0.0,Bull,False,0.001690786026197057,0.0016907860261969887,0.005418568604352981,0.00541856860435308
2020-12-09,0.005597874334796025,0.005597874334795971,0.0,0.0,Bull,False,0.006173679216319882,0.006173679216319838,0.002218222939435629,0.0022182229394356323
2020-12-10,-0.0021417324173260066,-0.002141732417325959,0.0,0.0,Bull,False,-0.0022868836199837978,-0.0022868836199837483,-0.005335230499592903,-0.005335230499592947
2020-12-11,0.0014694861014353166,0.001469486101435269,0.0,0.0,Bull,False,0.0016068240962612617,0.001606824096261228,0.0013647017303766245,0.0013647017303766162
2020-12-14,0.001802782945317169,0.0018027829453171051,0.0,0.0,Bull,False,0.0019991492906730655,0.001999149290673019,-2.811336839197119e-05,-2.8113368391924354e-05
2020-12-15,0.0004274750753602107,0.00042747507536011753,0.0,0.0,Bull,False,0.00043682073320433257,0.0004368207332043905,0.002243227749098382,0.0022432277490984642
2020-12-16,0.004766078990068412,0.004766078990068312,0.0,0.0,Bull,False,0.005170232068055869,0.00517023206805578,0.0068163436332039345,0.006816343633203825
2020-12-17,0.002404849741099637,0.0024048497410995573,0.0,0.0,Bull,False,0.0025975576607548683,0.002597557660754868,0.004046551710396665,0.004046551710396695
2020-12-18,0.0008146530864027406,0.0008146530864028279,0.0,0.0,Bull,False,0.0008866710431671711,0.0008866710431671976,0.0009520147401369749,0.0009520147401369528
2020-12-21,-0.01752464987074419,-0.017524649870744202,0.0,0.0,Bull,False,-0.019286773653713077,-0.01928677365371312,-0.0075554534032148055,-0.00755545340321484
2020-12-22,0.005650111577799465,0.005650111577799377,0.0,0.0,Bull,False,0.006271452670694388,0.0062714526706944,-3.752319447683572e-05,-3.75231944768073e-05
2020-12-23,0.005534308789917456,0.005534308789917564,0.0,0.0,Bull,False,0.006096179322641066,0.00609617932264106,0.0024826417984287518,0.0024826417984287197
2020-12-24,0.0060855931087914,0.0060855931087913095,0.0,0.0,Bull,False,0.006663313983445645,0.006663313983445551,0.004871162799066597,0.00487116279906652
2020-12-28,0.005051933752848116,0.00505193375284807,0.0,0.0,Bull,False,0.005530733913330592,0.005530733913330588,0.004007979377391392,0.004007979377391502
2020-12-29,0.0023896825924191404,0.002389682592419229,0.0,0.0,Bull,False,0.0026416544351681765,0.0026416544351681726,0.00020111801007166835,0.00020111801007161034
2020-12-30,0.0019816555907844658,0.0011167672494416525,0.0008631778201897394,0.4315889100948697,Bull,True,0.002185727164849589,0.0021498347177641985,0.000475467995552517,0.0004455284128741521
2020-12-31,0.0013559836508022277,0.0013559836508021395,0.0,0.0,Bull,False,0.0007436717644769387,0.000743671764476872,0.0019223894178452454,0.0019223894178452827
2021-01-01,0.0021873700350697593,0.0021873700350698577,0.0,0.0,Bull,False,0.0015758613008519848,0.0015758613008520772,0.0013325045740205286,0.0013325045740204544
2021-01-04,0.010981508816910266,0.01098150881691029,0.0,0.0,Bull,False,0.0048937357009066875,0.004893735700906676,0.008128051303526507,0.008128051303526451
2021-01-05,0.006613823480855914,0.006613823480855929,0.0,0.0,Bull,False,0.002837450806909587,0.0028374508069095583,0.004972952316082213,0.004972952316082191
2021-01-06,-0.0009298112507683291,-0.0009298112507682976,0.0,0.0,Bull,False,-0.0022622767220691086,-0.002262276722069134,0.00018078911558205455,0.00018078911558205846
2021-01-07,-0.006308927121109603,-0.006308927121109642,0.0,0.0,Bull,False,-0.0003789821799959982,-0.00037898217999599026,-0.005851480313744904,-0.005851480313744939
2021-01-08,0.005030004316013406,0.0050300043160134145,0.0,0.0,Bull,False,0.008945111079105986,0.008945111079105894,0.0005652005689378266,0.0005652005689378292
2021-01-11,-3.2208410474755464e-05,-3.220841047479883e-05,0.0,0.0,Bull,False,0.0058050972676191095,0.00580509726761913,-0.0028094021896710336,-0.002809402189671073
2021-01-12,0.005166951014398878,0.005166951014398791,0.0,0.0,Bull,False,0.003299437148252766,0.0032994371482528706,0.003374200533148182,0.003374200533148075
2021-01-13,-0.001191084563617508,-0.001191084563617495,0.0,0.0,Bull,False,6.255509965523635e-05,6.255509965513717e-05,-0.001173159474890046,-0.001173159474890051
2021-01-14,-0.001507344057085201,-0.0015073440570851915,0.0,0.0,Bull,False,0.0012864128085407068,0.0012864128085408044,-0.002074907423017121,-0.0020749074230170805
2021-01-15,-0.004773734666790687,-0.004773734666790652,0.0,0.0,Bull,False,-0.006764289549014997,-0.006764289549014979,-0.0013243550254117675,-0.0013243550254117276
2021-01-18,-0.01084036422926798,-0.01084036422926793,0.0,0.0,Bull,False,-0.0064107769548695116,-0.006410776954869468,-0.007328454398893699,-0.007328454398893736
2021-01-19,0.013085292729040267,0.013085292729040354,0.0,0.0,Bull,False,0.010154498934898623,0.010154498934898726,0.007631752187136974,0.007631752187136964
2021-01-20,0.0072148179861740245,0.00721481798617396,0.0,0.0,Bull,False,0.005174103735944875,0.005174103735944957,0.00443877338097753,0.004438773380977423
2021-01-21,-0.0006622380000062338,-0.0006622380000061989,0.0,0.0,Bull,False,-0.0022661719063973348,-0.0022661719063973296,0.00045802561029979977,0.0004580256102997282
2021-01-22,-0.01131371602205922,-0.011313716022059217,0.0,0.0,Bull,False,-0.009125022429606227,-0.009125022429606222,-0.006500798574283698,-0.0065007985742836505
2021-01-25,-0.008079348073262589,-0.008079348073262604,0.0,0.0,Bull,False,-0.005613314547290333,-0.0056133145472903045,-0.005057076221883711,-0.005057076221883672
2021-01-27,-0.014383616452369654,-0.01438361645236963,0.0,0.0,Bull,False,-0.011506862428689755,-0.011506862428689701,-0.008220234579931688,-0.008220234579931707
2021-01-28,-0.007195365428346477,-0.007195365428346423,0.0,0.0,Bull,False,-0.006433882701211912,-0.006433882701211924,-0.0037560738304837247,-0.0037560738304837082
2021-01-29,-0.007745535177082738,-0.007747154821220903,1.6322870750177272e-06,0.0008161435375088636,Bull,True,-0.007139884920708439,-0.00715370643479496,-0.0029231220338220066,-0.002935196496410386
2021-02-01,0.0282812994208331,0.028281299420833017,0.0,0.0,Bull,False,0.028454106660803013,0.028454106660803058,0.013385004972816804,0.013385004972816805
2021-02-02,0.013646592992421209,0.013646592992421214,0.0,0.0,Bull,False,0.015688265840925072,0.015688265840924975,0.005606115288716067,0.005606115288716129
2021-02-03,0.004688495175680869,0.004688495175680929,0.0,0.0,Bull,False,0.005986312416028234,0.0059863124160282055,0.0016450803851050287,0.0016450803851051354
2021-02-04,0.0019908062554225845,0.0019908062554225836,0.0,0.0,Bull,False,0.004430262036824034,0.004430262036823951,-0.0002214510067351257,-0.0002214510067350961
2021-02-05,-0.00026479761554043307,-0.00026479761554043524,0.0,0.0,Bull,False,0.001192371948425303,0.0011923719484252526,-0.0008465560677222923,-0.0008465560677223261
2021-02-08,0.009878526708163637,0.009878526708163582,0.0,0.0,Bull,False,0.007972688381359004,0.007972688381358894,0.005739049321825048,0.005739049321825007
2021-02-09,0.004122951570858569,0.004122951570858513,0.0,0.0,Bull,False,-0.00026853364612410235,-0.0002685336461241139,0.004189112100508076,0.004189112100507986
2021-02-10,-0.0008197935353814539,-0.000819793535381419,0.0,0.0,Bull,False,-0.00011185346865191071,-0.00011185346865194568,-0.0007461997851201111,-0.0007461997851201385
2021-02-11,0.0029961774034924296,0.0029961774034923394,0.0,0.0,Bull,False,0.0027607416234815218,0.0027607416234816107,0.0015870210003534856,0.0015870210003534613
2021-02-12,-0.00475798569718047,-0.004757985697180445,0.0,0.0,Bull,False,-0.0004121480482836917,-0.00041214804828371143,-0.004483674240507473,-0.00448367424050744
2021-02-15,0.006725493743835192,0.0067254937438352425,0.0,0.0,Bull,False,0.006242510389021054,0.0062425103890211275,0.003531237769380562,0.0035312377693805796
2021-02-16,0.0011734896473183877,0.0011734896473183376,0.0,0.0,Bull,False,-5.503318950401741e-05,-5.503318950406122e-05,0.0011814644734185389,0.001181464473418492
2021-02-17,-0.011030281142728053,-0.011030281142728082,0.0,0.0,Bull,False,-0.004280455734698167,-0.004280455734698152,-0.00876866488812305,-0.008768664888123001
2021-02-18,-0.004442714337156807,-0.004442714337156817,0.0,0.0,Bull,False,-0.003705677914905276,-0.003705677914905281,-0.0025378148566992595,-0.0025378148566992387
2021-02-19,-0.009096141206714876,-0.00909614120671487,0.0,0.0,Bull,False,-0.00566355199377231,-0.005663551993772331,-0.006124674243766858,-0.006124674243766837
2021-02-22,-0.0113890495129089,-0.011389049512908866,0.0,0.0,Bull,False,-0.012714157270437157,-0.01271415727043712,-0.004840077329452361,-0.0048400773294523525
2021-02-23,0.0033931865887557536,0.003393186588755759,0.0,0.0,Bull,False,0.0013467637961090482,0.0013467637961090961,0.0026356988646405047,0.0026356988646405455
2021-02-24,0.012234434158695075,0.012234434158695073,0.0,0.0,Bull,False,0.011522211009131563,0.011522211009131533,0.006245550118703998,0.00624555011870398
2021-02-25,0.002977569748926192,0.0029775697489262676,0.0,0.0,Bull,False,0.004791911285556009,0.004791911285556116,0.0005442413182770675,0.0005442413182770167
2021-02-26,-0.026405557259249444,-0.026405557259249424,0.0,0.0,Bull,False,-0.02281391724761868,-0.02281391724761872,-0.013674009934179275,-0.013674009934179221
2021-03-01,0.00850411783578407,0.00826638365239818,0.00023572951183976765,0.11786475591988384,Bull,True,0.00982893779500776,0.009791621069789036,0.0033991791061173575,0.003349013194372308
2021-03-02,0.006336192535301191,0.006336192535301155,0.0,0.0,Bull,False,0.006403791205072639,0.006403791205072729,-0.00011266385161827009,-0.00011266385161823322
2021-03-03,0.01663825129331739,0.01663825129331742,0.0,0.0,Bull,False,0.013186520543830394,0.013186520543830405,0.005788503249451947,0.005788503249452015
2021-03-04,-0.010689302072748244,-0.010689302072748208,0.0,0.0,Bull,False,-0.006567348359526846,-0.006567348359526881,-0.007016081321661392,-0.007016081321661427
2021-03-05,-0.00892385862482721,-0.008923858624827252,0.0,0.0,Bull,False,-0.005723901637198278,-0.00572390163719827,-0.005397521100406146,-0.005397521100406144
2021-03-08,0.0011276129808104594,0.001127612980810433,0.0,0.0,Bull,False,0.0007304741151820425,0.0007304741151821226,0.000663497023282066,0.0006634970232821669
2021-03-09,0.008421527233098032,0.00842152723309808,0.0,0.0,Bull,False,0.0057305863483482315,0.005730586348348332,0.004486417573827522,0.004486417573827506
2021-03-10,0.004582765655150398,0.004582765655150478,0.0,0.0,Bull,False,0.0030672856423429686,0.003067285642343043,0.002566902630404143,0.0025669026304040443
2021-03-12,-0.009237324078102835,-0.009237324078102849,0.0,0.0,Bull,False,-0.005750320280039811,-0.005750320280039856,-0.005912249161774862,-0.005912249161774907
2021-03-15,-0.0033195554789854586,-0.0033195554789854365,0.0,0.0,Bull,False,-0.0040788785610594396,-0.004078878561059485,0.0013025799247581822,0.0013025799247581293
2021-03-16,-0.0011771524535600267,-0.001177152453559982,0.0,0.0,Bull,False,-0.0007690480447124485,-0.0007690480447124504,-0.0006829741057979286,-0.0006829741057978733
2021-03-17,-0.009667409459497137,-0.009667409459497178,0.0,0.0,Bull,False,-0.007641952067017119,-0.0076419520670171215,-0.0033684458415597918,-0.0033684458415598195
2021-03-18,-0.008763094770475908,-0.008763094770475877,0.0,0.0,Bull,False,-0.006654479853028147,-0.006654479853028139,-0.003467518170953942,-0.0034675181709539205
2021-03-19,0.010546833288629069,0.010546833288629154,0.0,0.0,Bull,False,0.007629433378678328,0.007629433378678385,0.004757225373939878,0.004757225373939855
2021-03-22,-0.00232447076089293,-0.002324470760892927,0.0,0.0,Bull,False,-0.00030911405906274133,-0.0003091140590627539,-0.0033632557667045487,-0.003363255766704598
2021-03-23,0.0046285167323873305,0.0046285167323874,0.0,0.0,Bull,False,0.0031839104705771335,0.0031839104705770893,0.0023731717982078135,0.0023731717982078404
2021-03-24,-0.014614703906536127,-0.014614703906536075,0.0,0.0,Bull,False,-0.010758232851982725,-0.01075823285198274,-0.006369876947875181,-0.006369876947875164
2021-03-25,-0.01232502977713714,-0.01232502977713712,0.0,0.0,Bull,False,-0.00920439182632951,-0.009204391826329483,-0.005055825645767344,-0.005055825645767342
2021-03-26,0.009665092212218765,0.009665092212218784,0.0,0.0,Bull,False,0.007547760635045433,0.007547760635045364,0.0033475149529763088,0.0033475149529762493
2021-03-30,0.016580514913338503,0.01658051491333845,0.0,0.0,Bull,False,0.013869594577957873,0.013869594577957889,0.004270738166213846,0.004270738166213928
2021-03-31,-0.009450661364651225,-0.009450661364651225,0.0,0.0,Bull,False,-0.005399028217637371,-0.0053990282176373805,-0.004574646484480451,-0.004574646484480471
2021-04-01,0.014412607088598775,0.014403307656527087,9.167307273921773e-06,0.004583653636960887,Bull,True,0.007190681566217235,0.007188261679840435,0.011932126095050864,0.011920306635001543
2021-04-05,-0.011175432414183558,-0.011175432414183506,0.0,0.0,Bull,False,-0.009259954636618394,-0.00925995463661844,-0.0031825057639049597,-0.003182505763904997
2021-04-06,0.0033145227930714972,0.0033145227930715393,0.0,0.0,Bull,False,0.0018615556987310804,0.0018615556987311432,0.0023962697525621093,0.00239626975256213
2021-04-07,0.010548399066975255,0.010548399066975245,0.0,0.0,Bull,False,0.005511237962522994,0.005511237962523063,0.008331291174578327,0.008331291174578315
2021-04-08,0.003805815059133919,0.003805815059134021,0.0,0.0,Bull,False,0.0022138462789447625,0.00221384627894472,0.002656774219002357,0.0026567742190024557
2021-04-09,-0.0012185490281567792,-0.001218549028156768,0.0,0.0,Bull,False,-0.0015754541111756622,-0.001575454111175656,0.0005669213665840527,0.0005669213665839834
2021-04-12,-0.02785048265622258,-0.027850482656222586,0.0,0.0,Bull,False,-0.021172829144973516,-0.021172829144973537,-0.011283501093438014,-0.011283501093438009
2021-04-13,0.010787628523313567,0.010787628523313497,0.0,0.0,Bull,False,0.008009094243160434,0.008009094243160542,0.0045228763999171535,0.0045228763999172195
2021-04-15,0.0052633701764447606,0.005263370176444848,0.0,0.0,Bull,False,0.0031392911537193257,0.003139291153719359,0.0034952311169822127,0.0034952311169822448
2021-04-16,0.002539293788818225,0.002539293788818231,0.0,0.0,Bull,False,0.001482100090907628,0.0014821000909075455,0.0017376970964086682,0.0017376970964086969
2021-04-19,-0.010371276872729509,-0.01037127687272954,0.0,0.0,Bull,False,-0.010530264864835357,-0.010530264864835326,0.00017582772556578498,0.00017582772556568038
2021-04-20,-0.005676673085768944,-0.005676673085768913,0.0,0.0,Bull,False,-0.0025977300709164428,-0.0025977300709164597,-0.005032461470661321,-0.005032461470661276
2021-04-22,0.008013459841824562,0.008013459841824666,0.0,0.0,Bull,False,0.0045336130816867335,0.004533613081686649,0.005676076927406266,0.005676076927406237
2021-04-23,-0.0033243043508894812,-0.0033243043508894843,0.0,0.0,Bull,False,-0.0026647452227003742,-0.0026647452227003265,-0.0011008947454056483,-0.001100894745405645
2021-04-26,0.006347456375797192,0.006347456375797256,0.0,0.0,Bull,False,0.005918943645896745,0.005918943645896846,0.0007385804571541753,0.0007385804571542476
2021-04-27,0.00835627338133676,0.00835627338133671,0.0,0.0,Bull,False,0.006888256400066594,0.006888256400066517,0.002465373499804058,0.0024653734998041354
2021-04-28,0.00914288599361293,0.009142885993612904,0.0,0.0,Bull,False,0.008609945222992273,0.008609945222992188,0.00097902617307626,0.000979026173076214
2021-04-29,0.002026686826591094,0.0020266868265910176,0.0,0.0,Bull,False,0.00122895582651057,0.0012289558265106137,0.0013481887465310277,0.001348188746530976
2021-04-30,-0.014716086347247881,-0.014716086347247859,0.0,0.0,Bull,False,-0.009853703756295207,-0.00985370375629524,-0.006280943711941234,-0.0062809437119412115
2021-05-03,0.0006791046767997905,0.0006791046767997688,0.0,0.0,Bull,False,0.00012420671359235957,0.00012420671359225643,0.0009135386822838855,0.0009135386822838321
2021-05-04,-0.007131440179717587,-0.007131440179717563,0.0,0.0,Bull,False,-0.005603475940149148,-0.005603475940149094,-0.002551751684605,-0.002551751684604975
2021-05-05,0.005467387758475318,0.004260837987147603,0.0011999889663427618,0.599994483171381,Bear,True,0.004967739893422199,0.00495861269565645,0.0008397949007925138,0.0008203717924915033
2021-05-06,0.0029206334982262465,0.002920633498226355,0.0,0.0,Bear,False,0.004385892656739987,0.0043858926567399426,0.004820580880813681,0.0048205808808137185
2021-05-07,0.002689322717351587,0.002689322717351672,0.0,0.0,Bear,False,0.004023178222231467,0.004023178222231527,0.005672901401795225,0.005672901401795327
2021-05-10,0.003243522792062235,0.0032435227920621923,0.0,0.0,Bear,False,0.004851732265042398,0.004851732265042319,0.004480321587668276,0.004480321587668312
2021-05-11,-0.002490331786860893,-0.0024903317868608665,0.0,0.0,Bear,False,-0.0037142534542866177,-0.0037142534542866645,-0.0025471676122686047,-0.002547167612268586
2021-05-12,-0.0041882689979063775,-0.004188268997906364,0.0,0.0,Bear,False,-0.0062674573082004345,-0.0062674573082004414,-0.0035520865534203814,-0.0035520865534204304
2021-05-14,-0.0005106095924703508,-0.0005106095924704013,0.0,0.0,Bear,False,-0.0007650928539605897,-0.0007650928539605362,0.0003925506174182253,0.0003925506174182747
2021-05-17,0.006702730219407237,0.006702730219407149,0.0,0.0,Bear,False,0.010045868879883678,0.01004586887988368,0.008314046879345262,0.008314046879345227
2021-05-18,0.0050131032121599845,0.005013103212160086,0.0,0.0,Bear,False,0.007493514487583295,0.007493514487583397,0.006242256046717435,0.006242256046717465
2021-05-19,-0.00210476414391791,-0.0021047641439179143,0.0,0.0,Bear,False,-0.003136381018741565,-0.0031363810187415853,-0.0029405649564341408,-0.002940564956434133
2021-05-20,-0.0033521341564727945,-0.0033521341564728413,0.0,0.0,Bear,False,-0.0050051591889860745,-0.00500515918898603,-0.0012379527935537738,-0.0012379527935537649
2021-05-21,0.007310055781438631,0.007310055781438729,0.0,0.0,Bear,False,0.010922352452683763,0.010922352452683803,0.006343540935684697,0.006343540935684677
2021-05-24,0.0005979085764392276,0.0005979085764391545,0.0,0.0,Bear,False,0.0008950073762008826,0.0008950073762008515,0.0007350004666741194,0.000735000466674185
2021-05-25,0.00029540636760533377,0.0002954063676052776,0.0,0.0,Bear,False,0.00043484748376843794,0.0004348474837685412,-0.00039878607387924006,-0.0003987860738792204
2021-05-26,0.0024985242159671858,0.0024985242159671905,0.0,0.0,Bear,False,0.0037230443746793214,0.0037230443746794073,0.006228734009805423,0.006228734009805503
2021-05-27,0.000977742724919669,0.0009777427249195725,0.0,0.0,Bear,False,0.001453268429430982,0.0014532684294310538,-0.0011869712148035562,-0.0011869712148036005
2021-05-28,0.0026363573211850184,0.0026363573211849456,0.0,0.0,Bear,False,0.003906911537880614,0.003906911537880697,0.0008129724083472913,0.0008129724083472123
2021-05-31,0.0049795887873739985,0.004979588787374034,0.0,0.0,Bear,False,0.006530278877542673,0.006530278877542761,0.006769504275193555,0.006769504275193627
2021-06-01,-0.0002058724239080472,-0.00020587242390801563,0.0,0.0,Bear,False,-0.00030981682841854,-0.0003098168284185743,0.0017276034579661427,0.001727603457966076
2021-06-02,3.5976315397242234e-05,3.5976315397201475e-05,0.0,0.0,Bear,False,5.3303688946418125e-05,5.330368894651549e-05,-0.0020238924343041354,-0.00202389243430412
2021-06-03,0.003040552959688436,0.003040552959688414,0.0,0.0,Bear,False,0.004504904410851242,0.004504904410851163,0.002029865575516521,0.002029865575516432
2021-06-04,-0.0005337624478653836,-0.000968482337232679,0.0004349520504383765,0.21747602521918824,Bear,True,-0.0007896732912487327,-0.0008219262107911351,-0.0035203054264634,-0.0035432749086996562
2021-06-07,0.002903951538392239,0.00290395153839218,0.0,0.0,Bear,False,0.0031167488951994835,0.003116748895199528,0.0029977494769906077,0.0029977494769906077
2021-06-08,0.0003752918858954518,0.0003752918858954679,0.0,0.0,Bear,False,-0.00044089502933470433,-0.00044089502933475355,0.000780769407638479,0.000780769407638493
2021-06-09,-0.00220575799097187,-0.0022057579909718905,0.0,0.0,Bear,False,-0.0040040812509809474,-0.004004081250980951,-0.0015135769647567215,-0.0015135769647567354
2021-06-10,0.0018374238173396108,0.001837423817339534,0.0,0.0,Bear,False,0.003926082473483626,0.003926082473483694,0.0009889004187920941,0.0009889004187921824
2021-06-11,0.0030093718925210794,0.00300937189252104,0.0,0.0,Bear,False,0.0023525237992826045,0.0023525237992825243,0.003514809364164401,0.003514809364164373
2021-06-14,-0.0027625175493280595,-0.002762517549328103,0.0,0.0,Bear,False,0.00047626162812659415,0.00047626162812663964,-0.004452277966129139,-0.004452277966129126
2021-06-15,0.001567373495717141,0.001567373495717117,0.0,0.0,Bear,False,0.0021899509222046433,0.002189950922204753,0.0013794570676725077,0.0013794570676726181
2021-06-16,-0.0023782510179090805,-0.0023782510179091165,0.0,0.0,Bear,False,-0.0038645642675740194,-0.0038645642675739778,-0.001840006436006693,-0.0018400064360066803
2021-06-17,-0.005751214981772455,-0.005751214981772446,0.0,0.0,Bear,False,-0.0029048714845421784,-0.0029048714845422152,-0.007462453210301503,-0.0074624532103014785
2021-06-18,-0.00222681960475295,-0.0022268196047529054,0.0,0.0,Bear,False,-0.0003080078529797473,-0.00030800785297979694,-0.00327615903213957,-0.003276159032139625
2021-06-21,0.0015653797191126982,0.0015653797191126362,0.0,0.0,Bear,False,0.0024127570613125017,0.0024127570613126093,0.0012721788922212612,0.0012721788922211985
2021-06-22,0.0005729707785935187,0.000572970778593529,0.0,0.0,Bear,False,0.0010061610766723143,0.001006161076672285,0.00040654538111115426,0.00040654538111106753
2021-06-23,-0.0018351807156013105,-0.0018351807156012923,0.0,0.0,Bear,False,-0.0032723557654107055,-0.0032723557654107394,-0.0012804064633730131,-0.0012804064633730183
2021-06-24,0.0021370792280800068,0.00213707922807993,0.0,0.0,Bear,False,0.003960390958567169,0.003960390958567261,0.0014223482577084712,0.0014223482577084834
2021-06-25,0.002045193752364967,0.0020451937523648933,0.0,0.0,Bear,False,0.0026601384541088224,0.002660138454108729,0.0018926668159164944,0.0018926668159164883
2021-06-28,-0.0018386705342192707,-0.0018386705342192666,0.0,0.0,Bear,False,-0.001735252143181295,-0.001735252143181265,-0.0020103487711424337,-0.0020103487711424783
2021-06-29,-0.002162345007443936,-0.0021623450074439443,0.0,0.0,Bear,False,-0.002522711166944191,-0.002522711166944136,-0.002136929916378384,-0.0021369299163783717
2021-06-30,-0.0009591991506652197,-0.0009591991506652242,0.0,0.0,Bear,False,-0.00017601818682746442,-0.0001760181868274424,-0.001536746426078329,-0.0015367464260783725
2021-07-01,0.0009641084331506234,0.0009641084331506455,0.0,0.0,Bear,False,-0.0015805166607785123,-0.0015805166607785193,0.002231237331986628,0.002231237331986602
2021-07-02,0.002328456604020538,0.002328456604020479,0.0,0.0,Bear,False,0.001613825208284574,0.0016138252082846805,0.002821440974812725,0.002821440974812628
2021-07-05,0.0031259882459072482,0.0026911155941045095,0.00043351748125181023,0.21675874062590508,Bear,True,0.004277898698468571,0.004273905094443808,0.0027943094401126065,0.002781727942611889
2021-07-06,-0.00040066185144987666,-0.0004006618514498239,0.0,0.0,Bear,False,-0.0006060253190470322,-0.0006060253190470766,0.0029815884039144183,0.0029815884039143814
2021-07-07,0.001551689916967219,0.0015516899169671916,0.0,0.0,Bear,False,0.0023280131446864623,0.002328013144686558,0.0021760413383240364,0.002176041338324053
2021-07-08,-0.0038290332040698772,-0.0038290332040699093,0.0,0.0,Bear,False,-0.005740280642235943,-0.005740280642235973,-0.003017134959666074,-0.0030171349596660457
2021-07-09,-0.0009650686643117438,-0.0009650686643117856,0.0,0.0,Bear,False,-0.0014495601301583666,-0.0014495601301584005,-0.0020921041258383424,-0.002092104125838379
2021-07-12,7.098614106147553e-05,7.098614106149093e-05,0.0,0.0,Bear,False,0.00010667491603598477,0.00010667491603588708,-0.0005883040240290053,-0.000588304024028985
2021-07-13,0.003035921750831742,0.0030359217508317826,0.0,0.0,Bear,False,0.004562089169304167,0.004562089169304118,0.0026841924866880195,0.002684192486688053
2021-07-14,0.0010454304393513988,0.001045430439351458,0.0,0.0,Bear,False,0.0015736215767849465,0.0015736215767849782,0.0018393393779547068,0.001839339377954774
2021-07-15,0.0017737447121035038,0.0017737447121035643,0.0,0.0,Bear,False,0.002659958822948042,0.0026599588229481164,0.004212926937555855,0.0042129269375559275
2021-07-16,-1.4133251509275608e-05,-1.4133251509229616e-05,0.0,0.0,Bear,False,-2.6191286046884052e-05,-2.6191286046861606e-05,-0.0010566040689259303,-0.001056604068925937
2021-07-19,-0.004310001115912629,-0.004310001115912621,0.0,0.0,Bear,False,-0.006457767404900745,-0.006457767404900783,-0.0054219111618889326,-0.005421911161888948
2021-07-20,-0.0030452683708747773,-0.0030452683708748207,0.0,0.0,Bear,False,-0.004572654660338408,-0.004572654660338404,-0.0019628546546281186,-0.001962854654628088
2021-07-22,0.004867758523921364,0.004867758523921406,0.0,0.0,Bear,False,0.007325520537417271,0.007325520537417196,0.0008823633664917437,0.000882363366491834
2021-07-23,0.0008146201032133148,0.0008146201032133149,0.0,0.0,Bear,False,0.0012170547311448265,0.001217054731144751,0.0011617559336647553,0.0011617559336647432
2021-07-26,-0.0008038481479374046,-0.000803848147937436,0.0,0.0,Bear,False,-0.0012004161118953686,-0.0012004161118953638,-0.00034433104067917473,-0.0003443310406792133
2021-07-27,-0.0019648522268367807,-0.001964852226836733,0.0,0.0,Bear,False,-0.002952681366243539,-0.0029526813662434925,-0.0020403239964308876,-0.0020403239964308373
2021-07-28,-0.0009440645351265663,-0.0009440645351265209,0.0,0.0,Bear,False,-0.0014126278412250489,-0.0014126278412250892,-0.0006218787550634446,-0.0006218787550634763
2021-07-29,0.001749827356469657,0.0017498273564695577,0.0,0.0,Bear,False,0.0026289030791259997,0.0026289030791259993,0.0039666664515886395,0.0039666664515887184
2021-07-30,0.0005448413652693177,0.0005448413652693329,0.0,0.0,Bear,False,3.859846515468846e-05,3.859846515474885e-05,0.0021301606951978224,0.0021301606951977803
2021-08-02,0.003081171462341314,0.0030811714623413256,0.0,0.0,Bear,False,0.004632338569075634,0.004632338569075634,-0.0005854324515024572,-0.0005854324515024434
2021-08-03,0.00619647783505809,0.006196477835058056,0.0,0.0,Bear,False,0.009286686230053954,0.00928668623005402,0.004748764912463833,0.004748764912463788
2021-08-04,0.003207723725406012,0.0031957046974422365,1.1980597516854265e-05,0.0059902987584271325,Bear,True,0.004795262212531914,0.004783283965785534,0.0030724134009278503,0.0030627128266358383
2021-08-05,0.0008748067978460096,0.0008748067978459062,0.0,0.0,Bear,False,0.0013171620425988183,0.0013171620425989072,0.0009714668980589738,0.0009714668980589369
2021-08-06,-0.0013863291082136047,-0.0013863291082135687,0.0,0.0,Bear,False,-0.0020785749978306663,-0.0020785749978307066,-0.0032399994052071173,-0.003239999405207139
2021-08-09,0.000499464844191075,0.0004994648441911664,0.0,0.0,Bear,False,0.0007444301387174479,0.0007444301387173891,-0.007146614111652859,-0.007146614111652849
2021-08-10,0.0005375527143021595,0.0005375527143021142,0.0,0.0,Bear,False,0.0008063345252040766,0.0008063345252040666,-0.0006821398059907063,-0.0006821398059907446
2021-08-11,4.693723277833174e-05,4.693723277826578e-05,0.0,0.0,Bear,False,7.53353729010116e-05,7.533537290105308e-05,0.0003654986836366384,0.0003654986836365559
2021-08-12,0.0020258544890853778,0.0020258544890854324,0.0,0.0,Bear,False,0.0030329523195648505,0.0030329523195649077,0.00413562952054966,0.0041356295205496885
2021-08-13,0.00404144075003107,0.0040414407500311,0.0,0.0,Bear,False,0.0060543169717741565,0.006054316971774165,0.0029113899002273336,0.0029113899002273236
2021-08-16,0.0008297510450997852,0.000829751045099858,0.0,0.0,Bear,False,0.0012405290983038227,0.0012405290983037442,0.00295146320939565,0.002951463209395655
2021-08-17,0.0012587852019911557,0.001258785201991186,0.0,0.0,Bear,False,0.0018811895702092456,0.0018811895702093295,0.004266452676536272,0.004266452676536359
2021-08-18,-0.001121668128768404,-0.0011216681287683494,0.0,0.0,Bear,False,-0.0016703461435536703,-0.0016703461435536582,-0.002135637092875634,-0.002135637092875675
2021-08-20,-0.0028837226957689633,-0.0028837226957689754,0.0,0.0,Bear,False,-0.004314160498572832,-0.0043141604985728055,-0.0028978478978495172,-0.002897847897849526
2021-08-23,0.0011192248008081223,0.0011192248008080607,0.0,0.0,Bear,False,0.0016798231890714698,0.001679823189071561,0.001260478092080593,0.0012604780920806302
2021-08-24,0.0031344563555151016,0.003134456355515125,0.0,0.0,Bear,False,0.004688050152499478,0.004688050152499512,0.003989021374616483,0.0039890213746165415
2021-08-25,0.0002450659453651724,0.0002450659453652193,0.0,0.0,Bear,False,0.0003659661345615616,0.00036596613456163496,-0.0009133416855276187,-0.0009133416855275911
2021-08-26,5.484780403243931e-05,5.4847804032531755e-05,0.0,0.0,Bear,False,8.189637673980814e-05,8.189637673972072e-05,-0.0018731423660554218,-0.0018731423660554025
2021-08-27,0.0016707031711825078,0.0016707031711824527,0.0,0.0,Bear,False,0.002489670762006325,0.0024896707620063463,0.0018815805078924441,0.0018815805078924441
2021-08-30,0.005490176893273532,0.0054901768932735795,0.0,0.0,Bear,False,0.008195648548673088,0.008195648548673162,0.005809049222540317,0.005809049222540219
2021-08-31,0.006069532328582476,0.006069532328582428,0.0,0.0,Bear,False,0.008037770830714084,0.008037770830713997,0.00332568514094923,0.0033256851409493304
2021-09-01,-0.0013516779328861734,-0.0013516779328861528,0.0,0.0,Bear,False,-0.002002467400363653,-0.0020024674003636944,-0.00113561122372198,-0.0011356112237219662
2021-09-02,0.00380358156863994,0.0038035815686399133,0.0,0.0,Bear,False,0.005651956500481008,0.0056519565004811145,0.003913342565062246,0.00391334256506215
2021-09-03,0.002146531868940929,0.002116812908109056,2.9655304775100116e-05,0.014827652387550058,Bear,True,0.0031837902998588944,0.0031544036907784623,0.0018053877971903403,0.0017739603810136284
2021-09-06,0.001257385724071317,0.0012573857240714137,0.0,0.0,Bear,False,0.0018811730383681002,0.0018811730383681002,0.00340852682507986,0.0034085268250798606
2021-09-07,-0.00036208304517216833,-0.00036208304517215684,0.0,0.0,Bear,False,-0.0005427864092801372,-0.0005427864092801826,-0.001518816136791212,-0.001518816136791168
2021-09-08,-0.00019838650457194948,-0.00019838650457193463,0.0,0.0,Bear,False,-0.0002974482477391476,-0.00029744824773914047,-0.0016286789358248275,-0.0016286789358248566
2021-09-09,0.00036341272045485606,0.0003634127204548143,0.0,0.0,Bear,False,0.0005449321708291985,0.0005449321708292931,-0.00042997561494304806,-0.0004299756149430678
2021-09-13,-0.0003217448858472554,-0.0003217448858472416,0.0,0.0,Bear,False,-0.00048236432224585163,-0.0004823643222457985,-0.0008387694969957886,-0.0008387694969957948
2021-09-14,0.0005639994195557023,0.0005639994195556497,0.0,0.0,Bear,False,0.0008505916504396449,0.0008505916504395472,0.0005539903935610578,0.0005539903935609658
2021-09-15,0.0032156793348613816,0.003215679334861443,0.0,0.0,Bear,False,0.0048203843425749515,0.004820384342574924,0.004558901802965672,0.004558901802965698
2021-09-16,0.0025354812131122843,0.0025354812131122006,0.0,0.0,Bear,False,0.003789807902494185,0.00378980790249428,-0.0014574305281540862,-0.0014574305281540578
2021-09-17,-0.0010168394460332148,-0.0010168394460332575,0.0,0.0,Bear,False,-0.0015199320122717074,-0.0015199320122717408,-0.003450987015373656,-0.0034509870153736077
2021-09-20,-0.004320553660762945,-0.004320553660762894,0.0,0.0,Bear,False,-0.00646144940748687,-0.00646144940748683,-0.003869835549670405,-0.003869835549670353
2021-09-21,0.003799791531268222,0.003799791531268193,0.0,0.0,Bear,False,0.005699780412140519,0.005699780412140587,0.003679554250673377,0.0036795542506733447
2021-09-22,-0.0003524805049690172,-0.0003524805049690549,0.0,0.0,Bear,False,-0.0005272774676404137,-0.0005272774676403635,0.002721464529910804,0.002721464529910733
2021-09-23,0.006347020856643708,0.006347020856643626,0.0,0.0,Bear,False,0.009496202827856579,0.009496202827856681,0.00319310352505837,0.003193103525058305
2021-09-24,0.000702362306452941,0.0007023623064530415,0.0,0.0,Bear,False,0.0010377501829232135,0.0010377501829232916,-0.0017650014855666184,-0.0017650014855665752
2021-09-27,3.1502864622614185e-05,3.150286462272334e-05,0.0,0.0,Bear,False,5.678347893905534e-05,5.6783478939115284e-05,-0.00029502432809519735,-0.00029502432809525025
2021-09-28,-0.0024234453792341287,-0.0024234453792341126,0.0,0.0,Bear,False,-0.003618082246035017,-0.0036180822460349926,-0.0026088317679663895,-0.0026088317679663353
2021-09-29,-0.0008706421087864465,-0.0008706421087864014,0.0,0.0,Bear,False,-0.0012848970540234605,-0.0012848970540234594,-7.596080315124282e-05,-7.596080315119824e-05
2021-09-30,-0.0011688230994640458,-0.0011688230994640891,0.0,0.0,Bear,False,-0.002544396115987354,-0.002544396115987335,-0.003695940736355297,-0.003695940736355263
2021-10-01,-0.001972720911381689,-0.0019727209113816757,0.0,0.0,Bear,False,-0.0029500629650276904,-0.0029500629650276444,0.0023431946132908164,0.0023431946132908
2021-10-04,0.0036547947090291,0.0036547947090290744,0.0,0.0,Bear,False,0.005470841417695931,0.0054708414176958264,0.0033117495028142097,0.0033117495028140986
2021-10-05,0.0029917934699650816,0.0029788605958558367,1.289429703555121e-05,0.006447148517775605,Bear,True,0.0044751507139248825,0.00446226792743909,0.003407337982684306,0.0033918333655167388
2021-10-06,-0.00395098062958791,-0.003950980629587875,0.0,0.0,Bear,False,-0.005931368711768447,-0.00593136871176847,-0.002467992593486068,-0.002467992593486068
2021-10-07,0.003246702858335855,0.003246702858335837,0.0,0.0,Bear,False,0.0048846834180346615,0.004884683418034719,0.0035313362386850205,0.0035313362386850677
2021-10-08,0.002360793007417615,0.0023607930074176497,0.0,0.0,Bear,False,0.003537557545948173,0.0035375575459482,0.0018797051190402206,0.0018797051190402314
2021-10-11,0.0011371552100697937,0.0011371552100698512,0.0,0.0,Bear,False,0.001704344177520738,0.0017043441775206336,0.0022643032865996156,0.002264303286599656
2021-10-12,0.0010295512042121327,0.0010295512042122201,0.0,0.0,Bear,False,0.0015421958466202746,0.0015421958466201868,0.0020064391518232133,0.0020064391518233027
2021-10-13,0.003790640640485876,0.003790640640485954,0.0,0.0,Bear,False,0.005680078679843264,0.005680078679843215,0.003805918933419562,0.0038059189334196386
2021-10-14,0.003943910378039698,0.00394391037803965,0.0,0.0,Bear,False,0.005888742654854903,0.005888742654854839,0.00817623765763229,0.008176237657632202
2021-10-18,0.003067033240298588,0.0030670332402986666,0.0,0.0,Bear,False,0.004579175831046326,0.004579175831046278,-0.0018383276265200592,-0.001838327626520031
2021-10-19,-0.0012895406721174182,-0.0012895406721173952,0.0,0.0,Bear,False,-0.0019204051160535644,-0.001920405116053514,0.0007145627784429032,0.0007145627784428399
2021-10-20,-0.0033697225544087094,-0.003369722554408705,0.0,0.0,Bear,False,-0.0050214179958606815,-0.005021417995860644,-0.0039307834924233965,-0.003930783492423373
2021-10-21,-0.00196666444493873,-0.0019666644449387594,0.0,0.0,Bear,False,-0.0029355051153340146,-0.002935505115334025,-0.0007361062175674227,-0.0007361062175674782
2021-10-22,-0.0014013622182400573,-0.0014013622182400542,0.0,0.0,Bear,False,-0.0020985895570738208,-0.002098589557073871,-0.00018492793767957693,-0.00018492793767954652
2021-10-25,0.00023412095484474864,0.00023412095484465212,0.0,0.0,Bear,False,0.0003500402472697664,0.00035004024726981164,0.002558221141726398,0.0025582211417263245
2021-10-26,0.0031819204810917354,0.0031819204810916712,0.0,0.0,Bear,False,0.004761668045443742,0.0047616680454436455,0.0032802175153908903,0.003280217515390982
2021-10-27,-0.0012708211303372773,-0.001270821130337274,0.0,0.0,Bear,False,-0.0019016554243715647,-0.0019016554243715955,-0.003725973205709539,-0.003725973205709554
2021-10-28,-0.007869660170534762,-0.007869660170534809,0.0,0.0,Bear,False,-0.011753694433555398,-0.01175369443355545,-0.004562541186957068,-0.004562541186957092
2021-10-29,-0.0028478780092437545,-0.0028478780092437983,0.0,0.0,Bear,False,-0.005365051338920367,-0.005365051338920401,-0.0032835254040141587,-0.0032835254040141093
2021-11-01,0.005796386437643993,0.005796386437644019,0.0,0.0,Bear,False,0.008718250059491903,0.008718250059492005,0.0029824921771334496,0.0029824921771335333
2021-11-02,-0.0009100988623459241,-0.0009100988623459427,0.0,0.0,Bear,False,-0.0013641069332736033,-0.001364106933273601,0.000636520942676899,0.0006365209426768548
2021-11-03,-0.0013252317980969692,-0.0013252317980969597,0.0,0.0,Bear,False,-0.0019972525797592048,-0.0019972525797592455,-0.00395840295872808,-0.003958402958728069
2021-11-04,0.0019511599153407078,0.0019496692027627383,1.4878096234882904e-06,0.0007439048117441453,Bear,True,0.0029378452790674255,0.002936354023965748,0.0037531115925806767,0.0037437184563353654
2021-11-08,0.0033878816157666383,0.0033878816157666414,0.0,0.0,Bear,False,0.005081822425311832,0.005081822425311744,0.003951534064855636,0.003951534064855711
2021-11-09,-0.0005406932029619224,-0.000540693202961906,0.0,0.0,Bear,False,-0.0008096728991768995,-0.0008096728991768831,0.0009143517735149562,0.0009143517735150652
2021-11-10,-0.0005961853152505882,-0.0005961853152506302,0.0,0.0,Bear,False,-0.0008980215782305591,-0.0008980215782306011,0.00046496395431262056,0.00046496395431261384
2021-11-11,-0.00319873169379212,-0.003198731693792145,0.0,0.0,Bear,False,-0.0047927478997061195,-0.0047927478997060735,0.004637626353417088,0.004637626353417135
2021-11-12,0.005114741379449428,0.00511474137944945,0.0,0.0,Bear,False,0.007680871821578311,0.007680871821578394,0.00222282126952033,0.0022228212695203364
2021-11-15,0.00014894450767522256,0.00014894450767521938,0.0,0.0,Bear,False,0.00022295588454897679,0.00022295588454901427,0.0017155002899963444,0.0017155002899964522
2021-11-16,-0.00244482362094375,-0.0024448236209437813,0.0,0.0,Bear,False,-0.0036643992740908317,-0.0036643992740907905,-0.0008273469943042204,-0.0008273469943042011
2021-11-17,-0.002234675106388367,-0.0022346751063884174,0.0,0.0,Bear,False,-0.0033539266218603554,-0.0033539266218604036,-0.003911338385575236,-0.003911338385575225
2021-11-18,-0.0029954205052793066,-0.0029954205052793448,0.0,0.0,Bear,False,-0.004489061032590796,-0.004489061032590835,-0.001911838622450753,-0.0019118386224507011
2021-11-22,-0.007801251673433934,-0.007801251673433929,0.0,0.0,Bear,False,-0.011721857632731094,-0.011721857632731147,-0.009472895291239684,-0.009472895291239736
2021-11-23,0.0019535880073971307,0.001953588007397089,0.0,0.0,Bear,False,0.0029521479908054173,0.0029521479908054538,-0.005574066974603113,-0.005574066974603165
2021-11-24,-0.0019835790603948498,-0.0019835790603948134,0.0,0.0,Bear,False,-0.0029943959127013437,-0.002994395912701342,-0.002789608903423235,-0.0027896089034232796
2021-11-25,0.002736459452100216,0.002736459452100215,0.0,0.0,Bear,False,0.004128080285671758,0.004128080285671798,0.0030936289290808268,0.003093628929080827
2021-11-26,-0.011478969111765741,-0.011478969111765713,0.0,0.0,Bear,False,-0.017292576245468674,-0.01729257624546865,-0.005740102320745488,-0.00574010232074551
2021-11-29,0.0006202356382135444,0.0006202356382134511,0.0,0.0,Bear,False,0.0009450725259616235,0.0009450725259616544,-0.0007100533500048044,-0.0007100533500048467
2021-11-30,-0.0003203167463235849,-0.0003203167463236012,0.0,0.0,Bear,False,-0.00157109739195471,-0.0015710973919547122,-0.001521041844189401,-0.0015210418441894413
2021-12-01,0.004183100093759533,0.004183100093759551,0.0,0.0,Bear,False,0.00634482286525621,0.006344822865256283,0.0010155800122920518,0.0010155800122919612
2021-12-02,0.005323276474146715,0.005323276474146654,0.0,0.0,Bear,False,0.0080568700589668,0.008056870058966714,0.0025506459184794356,0.0025506459184794217
2021-12-03,-0.004622938220742746,-0.004622938220742778,0.0,0.0,Bear,False,-0.006977922322159207,-0.0069779223221592135,-0.004348523964067786,-0.004348523964067819
2021-12-06,-0.006439789359649773,-0.006439789359649728,0.0,0.0,Bear,False,-0.00974850451654373,-0.009748504516543743,-0.002262885315923461,-0.0022628853159234463
2021-12-07,0.006025370450145739,0.0052986692563055104,0.0007223487748773802,0.36117438743869007,Crisis,True,0.009152002858180665,0.009130456293471534,0.004352234873433218,0.004333819375824666
2021-12-08,0.0019981414420827404,0.001998141442082657,0.0,0.0,Crisis,False,0.010236569116728989,0.010236569116728989,0.007708655110105914,0.007708655110105989
2021-12-09,-0.0006490815650816649,-0.0006490815650816995,0.0,0.0,Crisis,False,0.0016285674846219127,0.0016285674846219234,-5.5972080657179556e-05,-5.597208065721837e-05
2021-12-10,-0.00048641440134102504,-0.00048641440134100655,0.0,0.0,Crisis,False,-0.00018758054221262993,-0.00018758054221268416,-0.0007455477617609683,-0.0007455477617609452
2021-12-13,0.0014544911793576282,0.0014544911793576976,0.0,0.0,Crisis,False,-0.0049431347200197175,-0.004943134720019726,-0.0005116164601833909,-0.0005116164601833839
2021-12-14,-6.388487005547107e-05,-6.388487005548615e-05,0.0,0.0,Crisis,False,-0.0015001921235019754,-0.0015001921235019422,-0.0008325840787612442,-0.0008325840787611893
2021-12-15,-0.0006539094206696391,-0.0006539094206696738,0.0,0.0,Crisis,False,-0.0035967287656297146,-0.0035967287656296643,-0.0026408029487472676,-0.002640802948747245
2021-12-16,0.001550940942531093,0.0015509409425311649,0.0,0.0,Crisis,False,0.0009376532483382214,0.0009376532483382771,0.0025349580300990725,0.002534958030099066
2021-12-17,0.0021151160289038192,0.0021151160289039073,0.0,0.0,Crisis,False,-0.009166914727757826,-0.00916691472775788,-0.0016987428955777975,-0.0016987428955778094
2021-12-20,-0.0022961547756355128,-0.002296154775635495,0.0,0.0,Crisis,False,-0.013046636930935546,-0.013046636930935551,-0.009428799562531003,-0.009428799562530954
2021-12-21,-0.0007784310293228308,-0.0007784310293228458,0.0,0.0,Crisis,False,0.005577512882115281,0.005577512882115387,0.0016714672609720142,0.0016714672609721148
2021-12-22,-0.0007259243017917105,-0.0007259243017917472,0.0,0.0,Crisis,False,0.006540986618711654,0.006540986618711608,0.00221667599930682,0.0022166759993067497
2021-12-23,0.0012219071109902373,0.001221907110990239,0.0,0.0,Crisis,False,0.004124057955868226,0.004124057955868121,0.0036549846321832346,0.003654984632183167
2021-12-24,1.5300031486239423e-05,1.5300031486198407e-05,0.0,0.0,Crisis,False,-0.002409734114837977,-0.0024097341148380247,-0.001168938425219588,-0.00116893842521959
2021-12-27,-0.0005977828047410426,-0.0005977828047409872,0.0,0.0,Crisis,False,0.002895273521803012,0.0028952735218030767,0.0006268824229655098,0.0006268824229656023
2021-12-28,0.0003622618136414298,0.00036226181364140686,0.0,0.0,Crisis,False,0.005151138104213632,0.005151138104213526,0.003010715594931762,0.003010715594931712
2021-12-29,-0.0006905280597057408,-0.0006905280597057084,0.0,0.0,Crisis,False,-0.0006810462849139309,-0.0006810462849139443,-0.0012621655830314608,-0.0012621655830314937
2021-12-30,-0.0017110604849166766,-0.0017110604849166489,0.0,0.0,Crisis,False,-0.00033666289876065677,-0.0003366628987606646,-0.002444246934851628,-0.0024442469348516793
2021-12-31,0.003286705972460735,0.003286705972460835,0.0,0.0,Crisis,False,0.006048309309598987,0.006048309309599098,0.005688128696564711,0.005688128696564654
2022-01-03,0.0019491924683780158,0.0019491924683781026,0.0,0.0,Crisis,False,0.00941891951566538,0.009418919515665314,0.007244883611268095,0.0072448836112681825
2022-01-04,-0.001335262901755461,-0.0013352629017554518,0.0,0.0,Crisis,False,0.006170120194102158,0.0061701201941022354,0.0012836307629048543,0.0012836307629049415
2022-01-05,0.0008006766678848325,0.0007861775471023069,1.4487520962357372e-05,0.007243760481178686,Crisis,True,0.0040984171006606795,0.004078916015621159,0.0030916234042957878,0.0030747876539130026
2022-01-06,-0.002154671953225211,-0.0021546719532251624,0.0,0.0,Crisis,False,-0.0060032504776781565,-0.006003250477678135,-0.005901707042060685,-0.005901707042060722
2022-01-07,-0.0008112394410849736,-0.0008112394410849655,0.0,0.0,Crisis,False,0.0022534497594253666,0.002253449759425319,4.2674311189557214e-05,4.267431118964993e-05
2022-01-10,0.00011687154749692995,0.00011687154749684403,0.0,0.0,Crisis,False,0.006399955894315208,0.006399955894315301,0.0034005472985497174,0.003400547298549661
2022-01-11,0.0009192484490543791,0.0009192484490543329,0.0,0.0,Crisis,False,0.0017550217143488078,0.0017550217143487146,0.002106764485654887,0.002106764485654944
2022-01-12,0.0009242359839519133,0.0009242359839518599,0.0,0.0,Crisis,False,0.005218936853621878,0.005218936853621958,0.0038760336451171794,0.0038760336451171273
2022-01-13,0.0005928990286092787,0.0005928990286092617,0.0,0.0,Crisis,False,0.0015028993079092506,0.0015028993079091446,0.001558226265750591,0.0015582262657505286
2022-01-14,0.0006593567999550491,0.000659356799955102,0.0,0.0,Crisis,False,-6.788875330774466e-05,-6.788875330776545e-05,0.0008398769230913234,0.0008398769230912873
2022-01-17,6.703364235041532e-05,6.703364235050024e-05,0.0,0.0,Crisis,False,0.0017330912335055946,0.0017330912335056237,0.0009677649562279164,0.0009677649562278567
2022-01-18,-0.0003025852073394253,-0.00030258520733938976,0.0,0.0,Crisis,False,-0.006442175480430954,-0.006442175480430912,-0.0036786246213274826,-0.0036786246213275087
2022-01-19,0.0002502459694528334,0.00025024596945288913,0.0,0.0,Crisis,False,-0.005813398439983508,-0.005813398439983519,-0.0026012094159591605,-0.0026012094159592047
2022-01-20,0.002474004522729163,0.0024740045227291674,0.0,0.0,Crisis,False,-0.006069223401619881,-0.006069223401619861,0.00023583737096896868,0.00023583737096899426
2022-01-21,-0.001431174337794462,-0.001431174337794494,0.0,0.0,Crisis,False,-0.004703573514826368,-0.00470357351482642,-0.004278142910610995,-0.004278142910611016
2022-01-24,0.0006028390336216172,0.0006028390336216827,0.0,0.0,Crisis,False,-0.015829941027042712,-0.015829941027042715,-0.007124434118731576,-0.007124434118731537
2022-01-25,0.00027753072794864115,0.0002775307279485606,0.0,0.0,Crisis,False,0.004423799256220618,0.004423799256220606,0.002580428414874741,0.0025804284148747136
2022-01-27,-0.0016477727999422594,-0.0016477727999422154,0.0,0.0,Crisis,False,-0.005736909684538672,-0.00573690968453866,-0.005082742294709579,-0.005082742294709619
2022-01-28,-0.002355304644720833,-0.0023553046447207793,0.0,0.0,Crisis,False,-0.0002822108946460238,-0.0002822108946459734,-0.0033239493338687374,-0.003323949333868703
2022-01-31,0.0009616364870560056,0.0009616364870559391,0.0,0.0,Crisis,False,0.009171995821824461,0.009171995821824375,0.003839840081648823,0.0038398400816488376
2022-02-01,0.002102844791404877,0.0021028447914048787,0.0,0.0,Crisis,False,0.008079551103019443,0.008079551103019389,0.006896759067356042,0.006896759067356095
2022-02-02,1.9547413768875358e-05,1.9547413768972177e-05,0.0,0.0,Crisis,False,0.0068735027042963704,0.006873502704296319,0.0034769382291927617,0.0034769382291928164
2022-02-03,2.641901379215972e-05,2.641901379218936e-05,0.0,0.0,Crisis,False,-0.007382126209286967,-0.007382126209287021,-0.0036915247077300064,-0.003691524707730043
2022-02-04,0.00018414183183452612,-0.0005711926198743722,0.0007551953886465385,0.3775976943232693,Bear,True,-0.001486115300336544,-0.0014983561469458229,-0.0004985111978181882,-0.0005094637126216162
2022-02-07,-0.006912445161370968,-0.006912445161371017,0.0,0.0,Bear,False,-0.01036866775657408,-0.01036866775657408,-0.005519965566462355,-0.0055199655664623926
2022-02-08,0.0012162300242964158,0.001216230024296383,0.0,0.0,Bear,False,0.0018356952392074206,0.0018356952392073467,0.0025446327097085556,0.0025446327097085053
2022-02-09,0.004525643471071723,0.00452564347107165,0.0,0.0,Bear,False,0.006807961311648667,0.006807961311648736,0.005127378434353151,0.005127378434353069
2022-02-10,0.003247721674765465,0.0032477216747655024,0.0,0.0,Bear,False,0.004874498400038401,0.004874498400038396,0.00413667285607745,0.004136672856077439
2022-02-11,-0.0052607217698202435,-0.005260721769820287,0.0,0.0,Bear,False,-0.007887935589544367,-0.00788793558954437,-0.004207880499170527,-0.004207880499170535
2022-02-14,-0.012186917594630229,-0.012186917594630198,0.0,0.0,Bear,False,-0.01831006544684119,-0.018310065446841217,-0.003945037447420584,-0.003945037447420585
2022-02-15,0.011814053448938953,0.011814053448939044,0.0,0.0,Bear,False,0.01786561656947004,0.017865616569469944,0.007787155728604729,0.007787155728604667
2022-02-16,-0.0006874488022476019,-0.0006874488022475811,0.0,0.0,Bear,False,-0.0010380662265135397,-0.0010380662265135898,-0.0012063490401747368,-0.0012063490401746924
2022-02-17,-0.0004036917729791635,-0.0004036917729791645,0.0,0.0,Bear,False,-0.0006068886679317642,-0.0006068886679317931,0.005648490132594056,0.005648490132594164
2022-02-18,-0.0006493677042256557,-0.0006493677042256341,0.0,0.0,Bear,False,-0.0009764232215892283,-0.0009764232215891955,-0.002198532375275231,-0.0021985323752752306
2022-02-21,-0.0015992924905409384,-0.0015992924905409156,0.0,0.0,Bear,False,-0.0024055670518958534,-0.002405567051895874,-0.0019506926867332102,-0.001950692686733202
2022-02-22,-0.002632204969672753,-0.002632204969672758,0.0,0.0,Bear,False,-0.003962416625826591,-0.003962416625826637,6.521746986334637e-05,6.521746986343224e-05
2022-02-23,-0.000667545649684194,-0.000667545649684187,0.0,0.0,Bear,False,-0.0010062386980312912,-0.001006238698031292,-0.0028569350995530885,-0.002856935099553093
2022-02-24,-0.01881868900589997,-0.018818689005900002,0.0,0.0,Bear,False,-0.028371351432015857,-0.028371351432015857,-0.003247971450557434,-0.003247971450557441
2022-02-25,0.00965871163302545,0.00965871163302534,0.0,0.0,Bear,False,0.014702232588246105,0.014702232588246211,-0.00019870094298973963,-0.00019870094298979346
2022-02-28,0.0031997592686240153,0.003199759268623925,0.0,0.0,Bear,False,0.004811319746334344,0.004811319746334419,0.0023622907575570123,0.0023622907575571173
2022-03-02,-0.0043698859918548175,-0.004369885991854838,0.0,0.0,Bear,False,-0.006605272530753276,-0.00660527253075327,0.002823975860495489,0.0028239758604955423
2022-03-03,-0.00251616998224242,-0.0025161699822424666,0.0,0.0,Bear,False,-0.003814795397430287,-0.0038147953974302373,-0.0019632314653143103,-0.001963231465314297
2022-03-04,-0.005901708508520949,-0.005901708508520898,0.0,0.0,Bear,False,-0.008964457358341834,-0.008964457358341837,-0.002793759782000207,-0.002793759782000249
2022-03-07,-0.008994472114948084,-0.008994472114948082,0.0,0.0,Bear,False,-0.01369141283159943,-0.01369141283159947,0.003539796801165075,0.003539796801165007
2022-03-08,0.003566744242884067,0.0029107344812309144,0.00065367825848813,0.32683912924406494,Crisis,True,0.005457231517565434,0.005413546694325033,0.0022905497633214514,0.002225485044141662
2022-03-09,-0.000395721916706267,-0.0003957219167062265,0.0,0.0,Crisis,False,0.012435774052976578,0.012435774052976578,0.0049492564611776455,0.00494925646117772
2022-03-10,-0.0038755934768431376,-0.0038755934768431866,0.0,0.0,Crisis,False,0.009235444194483276,0.0092354441944833,-0.0010416231123346626,-0.0010416231123346886
2022-03-11,0.0027467196734390245,0.00274671967343898,0.0,0.0,Crisis,False,0.0013074474851344773,0.0013074474851344497,0.004210414633960988,0.0042104146339609905
2022-03-14,-0.002708728885607352,-0.002708728885607359,0.0,0.0,Crisis,False,0.008820402057226038,0.008820402057226007,0.00036580776322520277,0.0003658077632251455
2022-03-15,-0.0023717272726768955,-0.0023717272726768712,0.0,0.0,Crisis,False,-0.0075616392788630605,-0.007561639278863108,-0.006530242642587421,-0.006530242642587392
2022-03-16,0.00046256896073446015,0.0004625689607344885,0.0,0.0,Crisis,False,0.011421289099140306,0.011421289099140308,0.005761732073773392,0.005761732073773285
2022-03-17,0.0010219440991081103,0.001021944099108163,0.0,0.0,Crisis,False,0.011276529801260869,0.011276529801260926,0.006442120188704841,0.006442120188704825
2022-03-21,-0.0010506409462999891,-0.00105064094630003,0.0,0.0,Crisis,False,-0.006063670091477063,-0.006063670091477014,-0.004125262316631856,-0.004125262316631906
2022-03-22,0.0016303978480273033,0.0016303978480272097,0.0,0.0,Crisis,False,0.007120452309589162,0.0071204523095891314,0.005372116197591955,0.005372116197591925
2022-03-23,0.0003267376252460026,0.000326737625246043,0.0,0.0,Crisis,False,-0.002491633526914428,-0.002491633526914394,-0.0007139304274322485,-0.0007139304274322855
2022-03-24,0.0008002973491987217,0.0008002973491987309,0.0,0.0,Crisis,False,-0.000820173736878223,-0.0008201737368782602,0.0006746105017666237,0.0006746105017665371
2022-03-25,0.000920620471836935,0.0009206204718368305,0.0,0.0,Crisis,False,-0.0025001353633931846,-0.002500135363393219,7.105451626730828e-05,7.105451626721049e-05
2022-03-28,-0.0014133825560757815,-0.001413382556075815,0.0,0.0,Crisis,False,0.0024794511509469955,0.002479451150946943,-0.0007296545116170048,-0.000729654511616995
2022-03-29,-0.0013586045683366874,-0.0013586045683366965,0.0,0.0,Crisis,False,0.0037028369815702827,0.0037028369815703677,-9.807572338323351e-05,-9.807572338327297e-05
2022-03-30,0.00017958771324248725,0.00017958771324244616,0.0,0.0,Crisis,False,0.006176528352801242,0.006176528352801247,0.0030475402988414547,0.003047540298841467
2022-03-31,0.0015737382568636264,0.0015737382568636882,0.0,0.0,Crisis,False,-0.0003099437428152989,-0.000309943742815344,0.00014598620144979843,0.00014598620144989916
2022-04-01,0.0031264377636934723,0.0031264377636934793,0.0,0.0,Crisis,False,0.007303296334389886,0.007303296334389975,0.007415277716696108,0.007415277716696034
2022-04-04,-0.0006734587719437037,-0.0006734587719436913,0.0,0.0,Crisis,False,0.013494129908930043,0.013494129908929953,0.005293487773783801,0.0052934877737838
2022-04-05,0.00017945877207908606,0.00017945877207914407,0.0,0.0,Crisis,False,-0.003338689418506065,-0.0033386894185060134,-0.0013049251529810074,-0.0013049251529809736
2022-04-06,0.0005028955347350214,0.0005028955347350372,0.0,0.0,Crisis,False,-0.005221622392150656,-0.005221622392150627,-0.0017556464136446893,-0.0017556464136446737
2022-04-07,0.0002654737147550493,0.00024526969067584226,2.0198661865399434e-05,0.010099330932699716,Crisis,True,-0.005900395758384042,-0.005944985237709699,-0.0023489610819190637,-0.0023984489943058573
2022-04-08,0.0006133924674475231,0.0006133924674476265,0.0,0.0,Crisis,False,0.0049293602301965665,0.004929360230196522,0.002889019938205746,0.0028890199382056725
2022-04-11,0.0027613425693769986,0.002761342569377101,0.0,0.0,Crisis,False,-0.0037029433439598023,-0.003702943343959819,0.002108189285754377,0.0021081892857544027
2022-04-12,-0.0006037625392946152,-0.0006037625392946167,0.0,0.0,Crisis,False,-0.004914203014910404,-0.004914203014910412,-0.0028684060254910164,-0.0028684060254909882
2022-04-13,0.0027742076800693974,0.002774207680069418,0.0,0.0,Crisis,False,-0.0018658300799593878,-0.0018658300799594407,0.0029186638727878144,0.00291866387278783
2022-04-18,0.0015298937714584408,0.0015298937714585126,0.0,0.0,Crisis,False,-0.010334044764017418,-0.010334044764017447,-0.002263990525255131,-0.002263990525255166
2022-04-19,-0.0018896373133236986,-0.0018896373133236999,0.0,0.0,Crisis,False,-0.007426700371364848,-0.007426700371364836,-0.005611967666740897,-0.00561196766674088
2022-04-20,-0.0036305217371158296,-0.003630521737115866,0.0,0.0,Crisis,False,0.006194632959757374,0.006194632959757307,-0.0023198755316985492,-0.0023198755316985453
2022-04-21,0.0008097203895023838,0.000809720389502333,0.0,0.0,Crisis,False,0.00885675739200519,0.008856757392005088,0.004785171608574874,0.004785171608574945
2022-04-22,-7.38555873167409e-05,-7.385558731676234e-05,0.0,0.0,Crisis,False,-0.007564745066391449,-0.007564745066391487,-0.003271458771004434,-0.003271458771004432
2022-04-25,-0.0031453956609890257,-0.0031453956609890366,0.0,0.0,Crisis,False,-0.007534969236186491,-0.007534969236186462,-0.007357483901586757,-0.007357483901586748
2022-04-26,-0.000621191531051938,-0.0006211915310518901,0.0,0.0,Crisis,False,0.008592772280406388,0.008592772280406447,0.0027501235662522744,0.0027501235662523715
2022-04-27,-0.0017331529540975906,-0.0017331529540975943,0.0,0.0,Crisis,False,-0.005607651225751303,-0.005607651225751353,-0.004675728740652808,-0.004675728740652807
2022-04-28,0.00015292872283030455,0.00015292872283034775,0.0,0.0,Crisis,False,0.007180024241937822,0.007180024241937755,0.0032031858740199674,0.0032031858740200203
2022-04-29,0.003602251554423416,0.003602251554423397,0.0,0.0,Crisis,False,-0.004030554361947129,-0.004030554361947103,0.001482021225558941,0.0014820212255588494
2022-05-02,-0.003647940733140151,-0.0036479407331401204,0.0,0.0,Crisis,False,-0.0011621394047914124,-0.0011621394047913736,-0.005384538513576712,-0.0053845385135766755
2022-05-04,-0.0023448792494909125,-0.0023448792494908943,0.0,0.0,Crisis,False,-0.013563941848974557,-0.013563941848974581,-0.008859647900667797,-0.008859647900667844
2022-05-05,0.0031639696476823856,0.0031639696476823964,0.0,0.0,Crisis,False,0.000173211066836777,0.00017321106683687582,0.004371456578787362,0.004371456578787347
2022-05-06,-0.000865405009619518,-0.0008654050096195132,0.0,0.0,Crisis,False,-0.009529304510571374,-0.009529304510571324,-0.005143673957273238,-0.00514367395727322
2022-05-09,-0.001105098680072854,-0.0011050986800728024,0.0,0.0,Crisis,False,-0.003879905257026453,-0.003879905257026417,-0.0031100797453095614,-0.003110079745309524
2022-05-10,-0.0011118718018799168,-0.0011118718018798823,0.0,0.0,Crisis,False,-0.0022002784711036495,-0.0022002784711036005,-0.00242611407564231,-0.002426114075642305
2022-05-11,-0.001383730172665269,-0.0013946510684185176,1.093602826546892e-05,0.005468014132734459,Crisis,True,-0.00260730255902134,-0.002650430266958881,-0.0029598803459454375,-0.002995596318796201
2022-05-12,-0.0015407845250573074,-0.0015407845250573482,0.0,0.0,Crisis,False,-0.013322955603359232,-0.013322955603359277,-0.00770312887204605,-0.00770312887204605
2022-05-13,-0.003505266078216783,-0.0035052660782167733,0.0,0.0,Crisis,False,-0.0009722950991944846,-0.0009722950991944979,-0.005111624680981225,-0.005111624680981253
2022-05-16,-0.0013745689399050694,-0.0013745689399050631,0.0,0.0,Crisis,False,0.0022646337791662236,0.002264633779166303,-0.0008895172229614428,-0.0008895172229614889
2022-05-17,0.003821110223934128,0.0038211102239340544,0.0,0.0,Crisis,False,0.01566048752297208,0.015660487522972,0.011781339595211316,0.011781339595211326
2022-05-18,-0.0009164114653076844,-0.0009164114653076316,0.0,0.0,Crisis,False,-0.0006986494553109777,-0.0006986494553109512,-0.001526259646857393,-0.0015262596468573753
2022-05-19,-0.00045162838350673107,-0.0004516283835067636,0.0,0.0,Crisis,False,-0.015948323842387136,-0.01594832384238709,-0.007397499168601809,-0.007397499168601773
2022-05-20,0.003559744045401612,0.0035597440454016027,0.0,0.0,Crisis,False,0.01717492490956218,0.017174924909562073,0.012042029014932716,0.012042029014932787
2022-05-23,0.001684110855534808,0.0016841108555347706,0.0,0.0,Crisis,False,-0.0019024472292517775,-0.0019024472292518135,0.001434398888799386,0.0014343988887994819
2022-05-24,-0.0013420688884249847,-0.0013420688884250298,0.0,0.0,Crisis,False,-0.0033134597569794205,-0.0033134597569793867,-0.003196973862527465,-0.0031969738625274857
2022-05-25,-8.171902039135669e-05,-8.171902039133538e-05,0.0,0.0,Crisis,False,-0.003692873575172473,-0.0036928735751724506,-0.0016714580862728597,-0.0016714580862728923
2022-05-26,-0.000894918455555646,-0.0008949184555556711,0.0,0.0,Crisis,False,0.005381299552266426,0.005381299552266405,0.001084110336317018,0.0010841103363170568
2022-05-27,0.0018713006760789548,0.0018713006760788797,0.0,0.0,Crisis,False,0.0067689140578806595,0.006768914057880604,0.005358200900093071,0.00535820090009298
2022-05-30,0.0005614064481652533,0.0005614064481651582,0.0,0.0,Crisis,False,0.011383438979856879,0.01138343897985683,0.005587743607535856,0.005587743607535778
2022-05-31,0.0014633658197979607,0.0014633658197980015,0.0,0.0,Crisis,False,-0.0017094953120892682,-0.0017094953120893042,-0.0008770167905929741,-0.0008770167905929327
2022-06-01,-0.0026528304927458256,-0.0026528304927457835,0.0,0.0,Crisis,False,-0.002252086855875528,-0.0022520868558755236,-0.004484915135708801,-0.004484915135708811
2022-06-02,0.0029898803820547284,0.0029898803820547215,0.0,0.0,Crisis,False,0.003846919108108616,0.0038469191081085263,0.005623240138953874,0.005623240138953767
2022-06-03,0.0008014265438925805,0.0008014265438924806,0.0,0.0,Crisis,False,-0.001592768822325968,-0.0015927688223259517,0.00038140250652068356,0.0003814025065207449
2022-06-06,-0.0009018810672464857,-0.0009018810672465349,0.0,0.0,Crisis,False,-0.0005384723104375213,-0.0005384723104375766,-0.00142440185597572,-0.0014244018559756988
2022-06-07,-0.0013467692334200537,-0.001346769233420031,0.0,0.0,Crisis,False,-0.005591835713815414,-0.005591835713815385,-0.004177807871677613,-0.004177807871677652
2022-06-08,-0.00010738424698938444,-0.00010738424698941706,0.0,0.0,Crisis,False,-0.002207558605577531,-0.002207558605577531,-0.0010828887783727596,-0.0010828887783728147
2022-06-09,0.000844066892348121,0.0008339964752726026,1.0061924138466134e-05,0.005030962069233067,Crisis,True,0.004485641119273545,0.004477809639438002,0.0030313629458208168,0.003022907483313464
2022-06-10,-0.0017330000326860326,-0.0017330000326860606,0.0,0.0,Crisis,False,-0.010064703341995072,-0.010064703341995052,-0.006654444400986059,-0.006654444400986059
2022-06-13,0.0007323547055221324,0.0007323547055222424,0.0,0.0,Crisis,False,-0.015716550992446697,-0.01571655099244673,-0.005798950291104817,-0.005798950291104776
2022-06-14,-0.003680178135845132,-0.0036801781358450913,0.0,0.0,Crisis,False,-0.0015849501878364544,-0.0015849501878364425,-0.005631317342760302,-0.005631317342760345
2022-06-15,9.360980177975853e-05,9.360980177985923e-05,0.0,0.0,Crisis,False,-0.001495251705599298,-0.0014952517055992764,-0.000513985067487411,-0.0005139850674874546
2022-06-16,-0.0004846821524721765,-0.0004846821524722156,0.0,0.0,Crisis,False,-0.0124239296419325,-0.012423929641932507,-0.005979718978812805,-0.005979718978812776
2022-06-17,0.0018244323064255284,0.001824432306425594,0.0,0.0,Crisis,False,-0.002551118956529469,-0.0025511189565294856,0.0014038101709643988,0.0014038101709643591
2022-06-20,-0.0012927547468078416,-0.0012927547468077893,0.0,0.0,Crisis,False,0.0021557459784939913,0.0021557459784939947,-0.0008454085366402309,-0.0008454085366402797
2022-06-21,0.0007468433583247972,0.0007468433583248668,0.0,0.0,Crisis,False,0.0109604941633246,0.010960494163324563,0.0056706683312870215,0.005670668331287043
2022-06-22,-0.0013253995955235123,-0.0013253995955234688,0.0,0.0,Crisis,False,-0.008465560822056385,-0.008465560822056406,-0.005415579861382741,-0.005415579861382747
2022-06-23,0.0009421503048710567,0.0009421503048709923,0.0,0.0,Crisis,False,0.005430213927663339,0.005430213927663408,0.003591264274252221,0.0035912642742521594
2022-06-24,-9.667235299185028e-05,-9.667235299182231e-05,0.0,0.0,Crisis,False,0.00536836603363921,0.005368366033639216,0.0021663006605633834,0.002166300660563447
2022-06-27,0.0016484465570437879,0.001648446557043881,0.0,0.0,Crisis,False,0.004976657524463173,0.0049766575244631905,0.004357351878813198,0.004357351878813143
2022-06-28,-0.0003309426909041692,-0.00033094269090416795,0.0,0.0,Crisis,False,0.0006809982423786083,0.0006809982423785499,-0.0001625622333415197,-0.00016256223334154551
2022-06-29,-0.0004006502079893947,-0.00040065020798940587,0.0,0.0,Crisis,False,-0.001904208814465562,-0.0019042088144655134,-0.001355853236861409,-0.0013558532368613818
2022-06-30,0.0018271185754380886,0.001827118575438158,0.0,0.0,Crisis,False,0.000409012027337439,0.000409012027337452,0.0005311302599443101,0.0005311302599442236
2022-07-01,0.003323608286784149,0.003323608286784241,0.0,0.0,Crisis,False,-0.0010524245923695602,-0.0010524245923695386,0.0040393754243005925,0.004039375424300662
2022-07-04,0.002090057374526235,0.0020900573745261664,0.0,0.0,Crisis,False,0.0031079307666195192,0.0031079307666195266,0.00415307717755982,0.00415307717755975
2022-07-05,0.0006047959247694163,0.0006047959247694745,0.0,0.0,Crisis,False,-0.0009084009036745642,-0.000908400903674611,0.00042057895413270265,0.00042057895413272206
2022-07-06,-0.0029755918373698905,-0.00297559183736984,0.0,0.0,Crisis,False,0.0066666965993497475,0.0066666965993498195,-0.0011686967122417945,-0.0011686967122418457
2022-07-07,-0.0028139685951195305,-0.0028139685951195093,0.0,0.0,Crisis,False,0.0052990609414797375,0.005299060941479805,-0.0015152334719282347,-0.001515233471928279
2022-07-08,0.0001883829386054291,-0.0012062170996121058,0.0013943373688464985,0.6971686844232492,Bear,True,0.0032344284455690887,0.0032255229723590073,0.0016401267604929015,0.0016334682458014615
2022-07-11,-0.00024289242748719994,-0.00024289242748720685,0.0,0.0,Bear,False,-0.00017409886204085013,-0.00017409886204089453,-0.0001743137970893205,-0.0001743137970893205
2022-07-12,-0.001378701478267032,-0.0013787014782670193,0.0,0.0,Bear,False,-0.005834346176451206,-0.005834346176451177,-0.0027822113331129853,-0.0027822113331129605
2022-07-13,-0.004515442655503467,-0.004515442655503521,0.0,0.0,Bear,False,-0.0034106008853534626,-0.0034106008853534986,-0.003270158919607279,-0.0032701589196072467
2022-07-14,-0.002861427563151323,-0.002861427563151331,0.0,0.0,Bear,False,-0.001041548726940077,-0.001041548726940067,-0.001653448018006305,-0.001653448018006265
2022-07-15,-0.0016004693867317694,-0.001600469386731751,0.0,0.0,Bear,False,0.004128333748542154,0.004128333748542046,0.0008213657569824155,0.0008213657569824395
2022-07-18,0.011218903190460915,0.011218903190460816,0.0,0.0,Bear,False,0.008535952349737306,0.008535952349737252,0.008135645175604875,0.008135645175604944
2022-07-19,-0.001809825192389639,-0.0018098251923895914,0.0,0.0,Bear,False,0.002290326148846798,0.002290326148846722,5.0988140581134265e-05,5.09881405812429e-05
2022-07-20,0.0027628667303696425,0.0027628667303696286,0.0,0.0,Bear,False,0.006643797363938254,0.006643797363938164,0.003704442767431905,0.0037044427674319813
2022-07-21,-0.004911984088941328,-0.004911984088941335,0.0,0.0,Bear,False,0.003087678037963185,0.0030876780379631708,-0.0010149008030716138,-0.00101490080307165
2022-07-22,0.01317972807754708,0.01317972807754697,0.0,0.0,Bear,False,0.004164969154629308,0.004164969154629272,0.007368336009742689,0.0073683360097427375
2022-07-25,-0.00287846379936887,-0.0028784637993688467,0.0,0.0,Bear,False,-0.0032163465520592726,-0.0032163465520592682,-0.0024817594658861236,-0.0024817594658861353
2022-07-26,-0.004635883066258065,-0.004635883066258062,0.0,0.0,Bear,False,-0.005361719647168675,-0.0053617196471686945,-0.00405985128753595,-0.004059851287535943
2022-07-27,0.004305961412469609,0.004305961412469639,0.0,0.0,Bear,False,0.0057862922538512995,0.0057862922538514105,0.004068884856726991,0.004068884856726962
2022-07-28,0.012090351224589218,0.012090351224589124,0.0,0.0,Bear,False,0.010482402260341115,0.01048240226034114,0.009276741866181718,0.00927674186618166
2022-07-29,0.004113074471092301,0.004113074471092215,0.0,0.0,Bear,False,0.009553349181800185,0.009553349181800286,0.006018142566537495,0.006018142566537543
2022-08-01,0.005419181092447813,0.005419181092447767,0.0,0.0,Bear,False,0.006487147104621442,0.006487147104621505,0.0048399722757222095,0.004839972275722193
2022-08-02,-0.0005907590526629103,-0.0005907590526629258,0.0,0.0,Bear,False,0.00019150213333776796,0.00019150213333785082,-0.00018957482930784757,-0.00018957482930781477
2022-08-03,0.000803714741842785,0.0008037147418427093,0.0,0.0,Bear,False,0.0015182714907521185,0.00151827149075201,0.0009304141797861797,0.000930414179786121
2022-08-04,0.0077920860700942925,0.007792086070094184,0.0,0.0,Bear,False,-0.00021780417538298525,-0.00021780417538297403,0.0033687901840000227,0.003368790184000048
2022-08-05,0.0012275003339084702,0.0012275003339083934,0.0,0.0,Bear,False,0.0005452307273702745,0.0005452307273703383,0.0007492977325569346,0.0007492977325569417
2022-08-08,0.00021921154907601228,-0.000564219672101518,0.0007832595216445337,0.39162976082226686,Bull,True,0.004521003857887628,0.004485600255551336,0.0017990563458221886,0.0017703914603841575
2022-08-10,0.002318933774630242,0.0023189337746303273,0.0,0.0,Bull,False,0.0003303966598799057,0.00033039665987999456,0.0020511766342266773,0.0020511766342266036
2022-08-11,0.004910770465484904,0.004910770465484937,0.0,0.0,Bull,False,0.004252493778949756,0.004252493778949651,0.002656654346433795,0.0026566543464336956
2022-08-12,0.002142523168714594,0.0021425231687146606,0.0,0.0,Bull,False,0.0013342600118757986,0.0013342600118757542,0.0014103517100475345,0.0014103517100474416
2022-08-16,0.0019503560720647447,0.0019503560720648405,0.0,0.0,Bull,False,0.0043258306254007,0.004325830625400595,-0.0001959816459168001,-0.00019598164591683176
2022-08-17,0.003976243705214773,0.003976243705214877,0.0,0.0,Bull,False,0.004032715866370943,0.004032715866370884,0.0018787262768896365,0.001878726276889564
2022-08-18,6.121152087694914e-05,6.121152087690263e-05,0.0,0.0,Bull,False,0.000413465128272914,0.0004134651282730051,-0.000139428987469024,-0.00013942898746899246
2022-08-19,-0.008238076887714899,-0.00823807688771494,0.0,0.0,Bull,False,-0.0066778693028902054,-0.00667786930289016,-0.0046986609777914,-0.004698660977791369
2022-08-22,-0.013210049146491527,-0.013210049146491487,0.0,0.0,Bull,False,-0.009098216577638396,-0.00909821657763843,-0.008283969053803597,-0.008283969053803575
2022-08-23,0.0045024474066510155,0.004502447406651067,0.0,0.0,Bull,False,0.0029713179053068987,0.002971317905306803,0.002858291858832718,0.0028582918588326844
2022-08-24,0.002434250810157087,0.0024342508101571347,0.0,0.0,Bull,False,0.0009380889554715176,0.0009380889554715388,0.0018714961511732664,0.001871496151173213
2022-08-25,-0.0006278399229331742,-0.0006278399229331377,0.0,0.0,Bull,False,-0.002812895519778791,-0.002812895519778813,0.0007504331197523318,0.000750433119752314
2022-08-26,-0.0013149280739159321,-0.0013149280739159774,0.0,0.0,Bull,False,0.0012480778054767,0.001248077805476644,-0.001846471884932715,-0.0018464718849326989
2022-08-29,-0.012669788525013624,-0.012669788525013659,0.0,0.0,Bull,False,-0.008412470937806766,-0.008412470937806726,-0.00805480735005475,-0.008054807350054705
2022-08-30,0.017188156226188914,0.017188156226188855,0.0,0.0,Bull,False,0.01691073544229264,0.0169107354422926,0.010218122309330786,0.010218122309330724
2022-09-01,-0.01230674709993381,-0.012306747099933846,0.0,0.0,Bull,False,-0.007338369068680898,-0.0073383690686809055,-0.008220674050996891,-0.008220674050996912
2022-09-02,3.2881573479837226e-05,3.2881573479803805e-05,0.0,0.0,Bull,False,-0.0001145040026962015,-0.00011450400269619188,8.634699414527399e-05,8.634699414522551e-05
2022-09-05,0.006076178119040342,0.006076178119040376,0.0,0.0,Bull,False,0.004313248645783539,0.0043132486457835295,0.0036988162578306762,0.0036988162578306394
2022-09-06,-0.0006943846455023556,-0.0006943846455023106,0.0,0.0,Bull,False,-0.00034705951080632946,-0.0003470595108063801,-0.0004949041996172722,-0.0004949041996172854
2022-09-07,-0.0018705104364229817,-0.0018705104364229452,0.0,0.0,Bull,False,-0.0010578629212035717,-0.0010578629212035784,-0.0012683265821944066,-0.0012683265821944456
2022-09-08,0.008003405771209483,0.008003405771209504,0.0,0.0,Bull,False,0.0059360290727502405,0.005936029072750149,0.004760314081286375,0.00476031408128641
2022-09-09,0.0017501789206976976,0.0013317246955684148,0.0004177231349039162,0.20886156745195808,Bull,True,0.0011757631194381647,0.0011692020543678794,0.0011109380277333197,0.0010966123731797062
2022-09-12,0.002116082961136828,0.002116082961136856,0.0,0.0,Bull,False,0.003461457877258356,0.003461457877258267,0.0014638365969872333,0.0014638365969872336
2022-09-13,0.0025686723595225976,0.002568672359522628,0.0,0.0,Bull,False,0.004486781793549943,0.004486781793549888,0.0017363791763970967,0.0017363791763971292
2022-09-14,-0.004218498080809626,-0.004218498080809652,0.0,0.0,Bull,False,-0.002213054199074653,-0.0022130541990746933,-0.0036706284410423897,-0.0036706284410423784
2022-09-15,-0.004228499958565889,-0.00422849995856589,0.0,0.0,Bull,False,-0.00422677850494095,-0.004226778504940909,-0.003355808422495111,-0.0033558084224951656
2022-09-16,-0.015134954645967473,-0.01513495464596748,0.0,0.0,Bull,False,-0.011642386851374364,-0.01164238685137442,-0.012557183032923091,-0.01255718303292308
2022-09-19,0.0030043477853588735,0.003004347785358963,0.0,0.0,Bull,False,0.0031067698620020684,0.003106769862001979,0.0023577434988723027,0.002357743498872411
2022-09-20,0.00619437268558604,0.00619437268558598,0.0,0.0,Bull,False,0.006569798731993622,0.0065697987319937035,0.004835907073240485,0.004835907073240442
2022-09-21,-0.0007927248290231156,-0.0007927248290231503,0.0,0.0,Bull,False,-0.0032917892358084394,-0.0032917892358084178,-0.00022540761854614175,-0.00022540761854616953
2022-09-22,8.934912332480125e-05,8.934912332470013e-05,0.0,0.0,Bull,False,-0.002994756890151034,-0.0029947568901510513,0.0005609866391147015,0.0005609866391147467
2022-09-23,-0.00908829001813152,-0.009088290018131495,0.0,0.0,Bull,False,-0.010242140949110811,-0.0102421409491108,-0.007010467326566414,-0.007010467326566405
2022-09-26,-0.009476674533040696,-0.009476674533040685,0.0,0.0,Bull,False,-0.010646432552304635,-0.010646432552304685,-0.007304174932419599,-0.007304174932419638
2022-09-27,-0.002049211539152277,-0.0020492115391522736,0.0,0.0,Bull,False,-0.00031198802719645784,-0.0003119880271964526,-0.0018929676207589266,-0.0018929676207589674
2022-09-28,-0.004864523609630199,-0.004864523609630189,0.0,0.0,Bull,False,-0.005145423471600264,-0.005145423471600297,-0.003788550995079826,-0.003788550995079798
2022-09-29,0.003927368557781419,0.003927368557781419,0.0,0.0,Bull,False,-0.0014088181900060366,-0.0014088181900060448,0.003936454814339402,0.003936454814339463
2022-09-30,0.010094588232757008,0.010094588232756996,0.0,0.0,Bull,False,0.011112807606952959,0.01111280760695288,0.008559698396733819,0.008559698396733761
2022-10-03,-0.0055044415609264334,-0.005504441560926443,0.0,0.0,Bull,False,-0.007131533628378223,-0.0071315336283782615,-0.004089042690533103,-0.004089042690533118
2022-10-04,0.0175383360966484,0.017538336096648344,0.0,0.0,Bull,False,0.01342693967066163,0.013426939670661664,0.014476440647594346,0.014476440647594346
2022-10-06,0.0033309233570755587,0.0033309233570755215,0.0,0.0,Bull,False,0.0019728917007827006,0.0019728917007826308,0.0028520159535837075,0.002852015953583642
2022-10-07,0.0012574549100743898,0.0012574549100743404,0.0,0.0,Bull,False,-0.0005901736811547857,-0.0005901736811547709,0.0012837970104858526,0.0012837970104857543
2022-10-10,-0.007998770202168147,-0.007998770202168104,0.0,0.0,Bull,False,-0.00252241821579974,-0.002522418215799793,-0.007198007843570892,-0.007198007843570942
2022-10-11,-0.009103901055183331,-0.0091267166150939,2.3025178860668908e-05,0.011512589430334452,Bull,True,-0.008820902626005557,-0.008845965832494529,-0.007243185687838597,-0.007264137971963791
2022-10-12,0.005079088674142872,0.005079088674142973,0.0,0.0,Bull,False,0.0049436291510734694,0.004943629151073381,0.00405043082939945,0.004050430829399376
2022-10-13,-0.002078090006678483,-0.002078090006678468,0.0,0.0,Bull,False,-0.003840630270767276,-0.003840630270767309,-0.001370994807249132,-0.0013709948072491152
2022-10-14,0.0010707686634918862,0.0010707686634918723,0.0,0.0,Bull,False,0.0060469356840484115,0.00604693568404846,6.179251806127852e-05,6.179251806126551e-05
2022-10-17,0.0031671538970151534,0.0031671538970150515,0.0,0.0,Bull,False,0.004423382098358409,0.004423382098358353,0.002315127314312466,0.002315127314312493
2022-10-18,0.0036470335085587733,0.0036470335085587724,0.0,0.0,Bull,False,0.00611678817794481,0.006116788177944699,0.002503691819310516,0.0025036918193104274
2022-10-19,0.0012212949151310646,0.0012212949151311214,0.0,0.0,Bull,False,0.0008782187599142401,0.0008782187599143398,0.0010261866960118659,0.0010261866960119548
2022-10-20,0.00016080717551546063,0.00016080717551547608,0.0,0.0,Bull,False,0.0017969474583157787,0.001796947458315712,-0.00013231294707792324,-0.0001323129470779394
2022-10-21,-0.0021471757836677703,-0.002147175783667743,0.0,0.0,Bull,False,0.00042361564628440383,0.0004236156462844587,-0.002122836696216865,-0.0021228366962168232
2022-10-24,0.010036139583905385,0.010036139583905479,0.0,0.0,Bull,False,0.005344531202157271,0.005344531202157166,0.008733750989052864,0.008733750989052824
2022-10-25,-0.004381337471711575,-0.004381337471711544,0.0,0.0,Bull,False,-0.0025608503315426535,-0.00256085033154263,-0.0037829038492651484,-0.0037829038492651623
2022-10-27,0.004403606986352803,0.004403606986352893,0.0,0.0,Bull,False,0.0027813491337429384,0.0027813491337429497,0.003765752565054497,0.0037657525650545143
2022-10-28,-0.0001254941423320238,-0.0001254941423319833,0.0,0.0,Bull,False,0.0017194701423280413,0.0017194701423279835,-0.0003940968949079204,-0.00039409689490788047
2022-10-31,0.006349156401720202,0.00634915640172018,0.0,0.0,Bull,False,0.009508996805605734,0.009508996805605685,0.005472861921069121,0.005472861921069105
2022-11-01,0.004065924742311341,0.004065924742311378,0.0,0.0,Bull,False,0.004532815683200341,0.0045328156832002975,0.0031644278112726173,0.0031644278112725743
2022-11-02,-0.000120062519431472,-0.00012006251943141866,0.0,0.0,Bull,False,-0.0021150433068884986,-0.0021150433068884977,0.0002289906882500606,0.00022899068824999702
2022-11-03,-0.004685510906873653,-0.004685510906873636,0.0,0.0,Bull,False,-0.001023548327613758,-0.0010235483276137547,-0.004327640135791238,-0.004327640135791233
2022-11-04,0.003943404359282577,0.003943404359282532,0.0,0.0,Bull,False,0.0021902363235070483,0.002190236323507122,0.003425269429505013,0.00342526942950494
2022-11-07,0.005725593929065522,0.0057255939290654645,0.0,0.0,Bull,False,0.0029042857200900583,0.0029042857200900496,0.005021356659577711,0.005021356659577814
2022-11-09,0.0006183007910374107,0.0006183007910374183,0.0,0.0,Bull,False,-0.0015485434315202387,-0.0015485434315202218,0.0008432423162865187,0.0008432423162865188
2022-11-10,-0.0016595086715622607,-0.001659508671562282,0.0,0.0,Bull,False,-0.004361561963013066,-0.004361561963013072,-0.0008901874342334625,-0.0008901874342334137
2022-11-11,0.012751124422377271,0.01272282947312564,2.7938699419085917e-05,0.013969349709542958,Bull,True,0.010934599274764758,0.010899530387863399,0.01047098322847561,0.010443857111890775
2022-11-14,-3.475081968368188e-05,-3.475081968362659e-05,0.0,0.0,Bull,False,-0.0006719073009328502,-0.0006719073009328058,7.355593455042148e-05,7.355593455038445e-05
2022-11-15,0.004401470861314633,0.004401470861314705,0.0,0.0,Bull,False,0.0024294650863128596,0.0024294650863128098,0.003806081104110198,0.0038060811041102927
2022-11-16,0.001709679369723247,0.001709679369723327,0.0,0.0,Bull,False,0.00020400480558824187,0.00020400480558824263,0.0015967421964288055,0.001596742196428913
2022-11-17,-0.003003707592720095,-0.003003707592720062,0.0,0.0,Bull,False,-0.002149780588603158,-0.0021497805886031562,-0.002524445213272271,-0.0025244452132722195
2022-11-18,-0.00018261756482275526,-0.00018261756482274016,0.0,0.0,Bull,False,-0.0011814386057918238,-0.0011814386057917847,1.5108037080480254e-05,1.5108037080491243e-05
2022-11-21,-0.007198392550576575,-0.007198392550576527,0.0,0.0,Bull,False,-0.0048361946349786515,-0.004836194634978641,-0.00609072486246838,-0.006090724862468422
2022-11-22,0.002860492397213452,0.002860492397213532,0.0,0.0,Bull,False,0.002772012391286165,0.002772012391286216,0.0022823688353592704,0.002282368835359261
2022-11-23,-0.00045192822310559627,-0.0004519282231055799,0.0,0.0,Bull,False,0.0007563254298757352,0.0007563254298756927,-0.000549883490770715,-0.0005498834907706751
2022-11-24,0.007443657235554605,0.007443657235554513,0.0,0.0,Bull,False,0.007109734022293273,0.0071097340222932015,0.0059584113728121885,0.005958411372812167
2022-11-25,0.0002321565129702345,0.00023215651297014972,0.0,0.0,Bull,False,0.0009327139317602967,0.0009327139317603095,7.328210111308728e-05,7.328210111312572e-05
2022-11-28,0.002307703360754639,0.002307703360754587,0.0,0.0,Bull,False,0.0016262340003348385,0.001626234000334792,0.001941939662290487,0.0019419396622903928
2022-11-29,0.0011902099329974588,0.0011902099329974547,0.0,0.0,Bull,False,0.001795719953433279,0.0017957199534333057,0.0008500571958282441,0.0008500571958283132
2022-11-30,0.004191653968254356,0.004191653968254272,0.0,0.0,Bull,False,0.006113372325202156,0.00611337232520226,0.0038364566692820406,0.003836456669282118
2022-12-01,0.003393513775083958,0.0033935137750840116,0.0,0.0,Bull,False,0.0017445476749700913,0.0017445476749700095,0.002961026099273576,0.0029610260992736226
2022-12-02,0.0011145540420180503,0.001114554042018101,0.0,0.0,Bull,False,-0.0037435074255815744,-0.0037435074255816048,0.0016598867839760713,0.0016598867839761056
2022-12-05,0.0017302523699935153,0.001730252369993579,0.0,0.0,Bull,False,0.0001558151346909389,0.00015581513469098418,0.0016245301639001982,0.0016245301639001841
2022-12-06,-0.0034702477952404335,-0.003470247795240411,0.0,0.0,Bull,False,-0.0018777255523997251,-0.0018777255523997338,-0.003013370816055104,-0.0030133708160551276
2022-12-07,-0.001832891578760746,-0.0018328915787607647,0.0,0.0,Bull,False,-0.0026637530643456534,-0.002663753064345631,-0.0013292457991134537,-0.001329245799113421
2022-12-08,0.0028768289079646094,0.0028768289079645903,0.0,0.0,Bull,False,0.0015838759942794758,0.001583875994279449,0.002492890291284797,0.002492890291284855
2022-12-09,-0.0023316441735428566,-0.002331644173542813,0.0,0.0,Bull,False,-0.0036459429157020625,-0.003645942915702083,-0.0016465623412621625,-0.0016465623412621477
2022-12-12,0.0006276340553287501,0.00022068809086306374,0.0004066907115253419,0.20334535576267093,Bull,True,1.3853341879137004e-05,1.1899250873526057e-05,0.0005940315143314992,0.0005826530010324404
2022-12-13,0.0036680033168653057,0.0036680033168652315,0.0,0.0,Bull,False,0.003599728085860443,0.0035997280858603986,0.0017844861529997535,0.0017844861529998646
2022-12-14,0.004700057589361133,0.004700057589361206,0.0,0.0,Bull,False,0.001690417826849563,0.001690417826849533,0.003678241925419586,0.0036782419254195453
2022-12-15,-0.012384148499624825,-0.01238414849962477,0.0,0.0,Bull,False,-0.007922251408220206,-0.007922251408220227,-0.008062058403117491,-0.008062058403117467
2022-12-16,-0.004615540261467736,-0.00461554026146771,0.0,0.0,Bull,False,-0.004741231278441833,-0.0047412312784418376,-0.0021263135162682295,-0.002126313516268241
2022-12-19,0.007814756433620708,0.007814756433620618,0.0,0.0,Bull,False,0.004949230541993107,0.004949230541993144,0.0050626209268498056,0.005062620926849837
2022-12-20,0.0012666263333305848,0.0012666263333305228,0.0,0.0,Bull,False,-0.0011470258481620307,-0.0011470258481620643,0.001744211849350993,0.0017442118493509184
2022-12-21,-0.005707906811716305,-0.00570790681171629,0.0,0.0,Bull,False,-0.006057813938241536,-0.006057813938241563,-0.002553117634792822,-0.002553117634792823
2022-12-22,-0.002458842922979405,-0.0024588429229793762,0.0,0.0,Bull,False,-0.0023500967366500355,-0.002350096736649987,-0.0012214889629993855,-0.0012214889629993397
2022-12-23,-0.01272801315940567,-0.012728013159405638,0.0,0.0,Bull,False,-0.010528077276189167,-0.010528077276189207,-0.0070913398808323605,-0.007091339880832326
2022-12-26,0.007454767977007621,0.007454767977007615,0.0,0.0,Bull,False,0.006899001971340943,0.006899001971340857,0.0037814756757008974,0.0037814756757008627
2022-12-27,0.005573410504028704,0.0055734105040285975,0.0,0.0,Bull,False,0.00387861855313932,0.0038786185531394235,0.003437530646835166,0.003437530646835274
2022-12-28,-0.0027905689992452406,-0.0027905689992452354,0.0,0.0,Bull,False,-0.00032171830752739013,-0.0003217183075273633,-0.002490061927130109,-0.002490061927130083
2022-12-29,0.0028919668663481895,0.0028919668663482945,0.0,0.0,Bull,False,0.002249289696183666,0.002249289696183654,0.0016743773740220673,0.0016743773740219847
2022-12-30,-0.0016601605493579779,-0.0016601605493580252,0.0,0.0,Bull,False,-0.0010022838117435457,-0.0010022838117434985,0.0012473200460917807,0.0012473200460918488
2023-01-02,0.006174486456287456,0.006174486456287376,0.0,0.0,Bull,False,0.0030220562616929264,0.0030220562616929403,0.004408324274197232,0.0044083242741972395
2023-01-03,0.004733815519798446,0.004733815519798457,0.0,0.0,Bull,False,0.0011477056920811699,0.0011477056920812245,0.00393973413703686,0.003939734137036854
2023-01-04,-0.0033232966366753733,-0.00332329663667541,0.0,0.0,Bull,False,-0.006192240879977055,-0.006192240879977051,-0.00023978357815435765,-0.00023978357815435114
2023-01-05,-0.003989394244668148,-0.003989394244668154,0.0,0.0,Bull,False,-0.0016693878206215124,-0.0016693878206215373,-0.002987706250830704,-0.0029877062508306684
2023-01-06,-0.00682373510291341,-0.006823735102913453,0.0,0.0,Bull,False,-0.004368214104952859,-0.004368214104952806,-0.0043950163208914894,-0.004395016320891454
2023-01-09,0.013283256609203663,0.013283256609203598,0.0,0.0,Bull,False,0.00798860385553073,0.007988603855530796,0.008760014725697741,0.008760014725697651
2023-01-10,-0.007704729530068082,-0.008101647612867358,0.0003999999744141703,0.19999998720708512,Bull,True,-0.006135214838887668,-0.006152681772428004,-0.0044170009674977286,-0.004440326239091075
2023-01-11,-2.5614962630066617e-05,-2.5614962630093885e-05,0.0,0.0,Bull,False,-0.0006179865013745678,-0.0006179865013745678,7.369789704292362e-05,7.36978970428126e-05
2023-01-12,-0.0014508393188086602,-0.0014508393188086277,0.0,0.0,Bull,False,-0.0012527029422664043,-0.001252702942266426,-0.0011808151888036411,-0.0011808151888036411
2023-01-13,0.004521835606022387,0.004521835606022373,0.0,0.0,Bull,False,0.003301906043436104,0.0033019060434360537,0.003781206375483543,0.0037812063754836256
2023-01-16,0.0018731106153959986,0.0018731106153959676,0.0,0.0,Bull,False,-0.0020652527698354507,-0.0020652527698354906,0.00211198242942965,0.0021119824294295597
2023-01-17,0.002508372657268358,0.002508372657268332,0.0,0.0,Bull,False,0.0053104284555955256,0.005310428455595595,0.001550865592775129,0.0015508655927751747
2023-01-18,0.0025020864414927227,0.0025020864414926347,0.0,0.0,Bull,False,0.0037313927631146323,0.003731392763114627,0.001792149230224556,0.0017921492302246378
2023-01-19,-0.0011390973200525473,-0.0011390973200525734,0.0,0.0,Bull,False,-0.0019057563519166284,-0.0019057563519165877,-0.000782143369718778,-0.000782143369718824
2023-01-20,-0.0001181764360982376,-0.00011817643609823847,0.0,0.0,Bull,False,-0.002672829031529434,-0.0026728290315294334,0.0003091018891709876,0.0003091018891709929
2023-01-23,0.0023360943778834454,0.002336094377883402,0.0,0.0,Bull,False,0.0030330038337935345,0.0030330038337935683,0.0017475176717992064,0.001747517671799148
2023-01-24,0.001004307101324497,0.0010043071013245974,0.0,0.0,Bull,False,-8.31633537910457e-06,-8.316335379121575e-06,0.0009593276737284716,0.0009593276737285272
2023-01-25,-0.006699774501210612,-0.00669977450121062,0.0,0.0,Bull,False,-0.007529724649043405,-0.0075297246490434455,-0.0052002396230297135,-0.005200239623029734
2023-01-27,-0.007039286740451491,-0.007039286740451511,0.0,0.0,Bull,False,-0.009635698972411707,-0.009635698972411677,-0.005182375332920762,-0.005182375332920763
2023-01-30,0.0010492527748481007,0.0010492527748480196,0.0,0.0,Bull,False,0.0015094341364049445,0.00150943413640503,0.0007604331494156764,0.0007604331494157623
2023-01-31,0.00044468947315887554,0.00044468947315889906,0.0,0.0,Bull,False,0.0021462777918104772,0.0021462777918104248,0.0009541605351882724,0.0009541605351883753
2023-02-01,0.004251923086001351,0.004251923086001419,0.0,0.0,Bull,False,-0.0015420210766321756,-0.0015420210766321496,0.004286325933414274,0.00428632593341427
2023-02-02,0.007557581336353056,0.007557581336353092,0.0,0.0,Bull,False,-0.0001992727538300173,-0.00019927275383002652,0.007214567488047461,0.007214567488047496
2023-02-03,-0.001524622424710533,-0.00152462242471052,0.0,0.0,Bull,False,0.008230397713198058,0.008230397713198112,-0.002728080308844685,-0.002728080308844638
2023-02-06,-0.004970457710740318,-0.004970457710740339,0.0,0.0,Bull,False,-0.00299695317392016,-0.002996953173920125,-0.004261027139327037,-0.004261027139327078
2023-02-07,-0.0008594575710523109,-0.0008594575710523245,0.0,0.0,Bull,False,-0.0014483408211734764,-0.0014483408211735105,-0.0005898487849013119,-0.0005898487849013145
2023-02-08,0.004702374357138286,0.004702374357138384,0.0,0.0,Bull,False,0.005054690553942736,0.005054690553942809,0.003677955027594425,0.0036779550275944928
2023-02-09,-0.00010947603963376476,-0.0011651352575043905,0.001055774799914431,0.5278873999572156,Crisis,True,0.0007282767848199614,0.0007256910059076915,-0.00021879282887345705,-0.00022867471459731004
2023-02-10,-0.002338303857213436,-0.002338303857213453,0.0,0.0,Crisis,False,-0.0012389747208027878,-0.0012389747208028101,-0.0037426921756901948,-0.003742692175690232
2023-02-13,-5.926129887583248e-05,-5.9261298875790125e-05,0.0,0.0,Crisis,False,-0.0028738717385148015,-0.0028738717385148327,-0.0015324894598565504,-0.001532489459856512
2023-02-14,0.0008098347532553552,0.0008098347532552452,0.0,0.0,Crisis,False,0.0053478162841072785,0.0053478162841071875,0.0037921839671281343,0.0037921839671282154
2023-02-15,-0.0031015326251690695,-0.003101532625169101,0.0,0.0,Crisis,False,0.002880232951127419,0.0028802329511274927,-0.0026780556833105864,-0.0026780556833105873
2023-02-16,0.0001281224426982857,0.00012812244269833073,0.0,0.0,Crisis,False,0.0006678979149586633,0.0006678979149585818,0.0005104578796459451,0.0005104578796459869
2023-02-17,-0.0012872213613186257,-0.0012872213613186467,0.0,0.0,Crisis,False,-0.0030546147331930325,-0.0030546147331930174,-0.003277110827173512,-0.003277110827173524
2023-02-20,0.0020657452561244024,0.0020657452561243517,0.0,0.0,Crisis,False,-0.003338092800294165,-0.003338092800294179,0.0010672464291668709,0.0010672464291667794
2023-02-21,-0.000628984895310999,-0.0006289848953110466,0.0,0.0,Crisis,False,-0.0005971966360419893,-0.0005971966360419634,-0.0011513886568498956,-0.0011513886568499387
2023-02-22,-0.0008629825074141126,-0.0008629825074141229,0.0,0.0,Crisis,False,-0.009154506685110893,-0.009154506685110864,-0.005793822901544175,-0.005793822901544177
2023-02-23,-0.001598261893882296,-0.0015982618938823467,0.0,0.0,Crisis,False,-0.0014642397061113137,-0.0014642397061113144,-0.0028783159645030657,-0.002878315964503053
2023-02-24,-0.0004615467905594861,-0.0004615467905595416,0.0,0.0,Crisis,False,-0.0015397174435108775,-0.0015397174435108907,-0.001408308193276833,-0.0014083081932768637
2023-02-27,-0.0018382482141296483,-0.0018382482141297007,0.0,0.0,Crisis,False,-0.0024868903598159096,-0.002486890359815863,-0.003732977276310288,-0.0037329772763102786
2023-02-28,0.002921713487652105,0.0029217134876520223,0.0,0.0,Crisis,False,-0.0012574272794330672,-0.001257427279433121,-0.0004158172916276853,-0.00041581729162765146
2023-03-01,0.002041688398820383,0.0020416883988203516,0.0,0.0,Crisis,False,0.00502214922320643,0.00502214922320654,0.005296005044419755,0.005296005044419738
2023-03-02,3.798898803898974e-05,3.798898803908379e-05,0.0,0.0,Crisis,False,-0.004383004146833564,-0.004383004146833569,-0.0021660185244767654,-0.0021660185244767316
2023-03-03,0.0004027617958051996,0.00040276179580511773,0.0,0.0,Crisis,False,0.00929769801626989,0.009297698016269784,0.00523763427390911,0.005237634273909109
2023-03-06,0.00020219043831155108,0.00020219043831160022,0.0,0.0,Crisis,False,0.003959369498928588,0.003959369498928611,0.0022786503268822657,0.0022786503268823477
2023-03-08,-0.0035794158542867957,-0.0035794158542867827,0.0,0.0,Crisis,False,0.0014424467649624267,0.0014424467649625239,-0.004065596470402119,-0.004065596470402166
2023-03-09,-0.00046225148431543254,-0.0004622514843154457,0.0,0.0,Crisis,False,-0.005538186447278546,-0.005538186447278548,-0.003456646934097929,-0.0034566469340979733
2023-03-10,0.0016178451315674576,0.0016178451315673748,0.0,0.0,Crisis,False,-0.005975509930253398,-0.00597550993025342,-0.0008637892023545465,-0.0008637892023545257
2023-03-13,0.0067843861712467545,0.005653268947449996,0.0011234949998562343,0.5617474999281171,Bear,True,-0.00879774000337226,-0.008819980038010433,0.004706155565487157,0.004687792741025376
2023-03-14,0.0003365547039905267,0.0003365547039906325,0.0,0.0,Bear,False,-0.003886462783012412,-0.003886462783012412,-4.3643969695139475e-05,-4.364396969513962e-05
2023-03-15,-0.0034274634015453312,-0.0034274634015453165,0.0,0.0,Bear,False,-0.0024983120130081284,-0.002498312013008097,-0.0027482426225368057,-0.0027482426225368117
2023-03-16,0.0073670970765867235,0.007367097076586671,0.0,0.0,Bear,False,0.0004775072443584763,0.00047750724435857705,0.00553758783206229,0.005537587832062263
2023-03-17,0.0030163388041234626,0.003016338804123553,0.0,0.0,Bear,False,0.004022801233313326,0.004022801233313222,0.00255498503971137,0.0025549850397112994
2023-03-20,0.00803840641413542,0.008038406414135446,0.0,0.0,Bear,False,-0.003908534560496725,-0.003908534560496779,0.005723805213493851,0.0057238052134938044
2023-03-21,-0.001235970871089019,-0.001235970871089065,0.0,0.0,Bear,False,0.004185940569136357,0.004185940569136459,-0.0006182260005657103,-0.0006182260005657136
2023-03-22,-0.0029806907832663093,-0.0029806907832663487,0.0,0.0,Bear,False,0.0015595907278148293,0.0015595907278147525,-0.002116028260632965,-0.0021160282606329517
2023-03-23,0.0012256163830812402,0.0012256163830812739,0.0,0.0,Bear,False,-0.0026234691220758826,-0.0026234691220758943,0.0007215574852848065,0.0007215574852847961
2023-03-24,0.0019482642398733385,0.0019482642398733763,0.0,0.0,Bear,False,-0.004624176436804692,-0.004624176436804683,0.001114941129071363,0.0011149411290714006
2023-03-27,-0.003607529532331422,-0.003607529532331455,0.0,0.0,Bear,False,0.001428144157929009,0.0014281441579289123,-0.002601057318734892,-0.002601057318734945
2023-03-28,-0.000664379950608208,-0.000664379950608196,0.0,0.0,Bear,False,-0.0011921869843213235,-0.0011921869843213306,-0.0005846351265418472,-0.0005846351265418326
2023-03-29,0.005405283341275859,0.005405283341275879,0.0,0.0,Bear,False,0.004540106239774848,0.004540106239774744,0.004384718317543438,0.00438471831754339
2023-03-31,0.010393220932324674,0.010393220932324754,0.0,0.0,Bear,False,0.011706526582365519,0.011706526582365484,0.009505929809343882,0.009505929809343838
2023-04-03,-0.0015683278235166292,-0.0015683278235166798,0.0,0.0,Bear,False,0.0013234278019722712,0.0013234278019722545,-0.0010801136383890289,-0.001080113638389002
2023-04-05,0.012951366132592776,0.012951366132592845,0.0,0.0,Bear,False,0.0055038634668205175,0.005503863466820524,0.010126128037477868,0.01012612803747781
2023-04-06,0.0004718028904184208,0.00047180289041848233,0.0,0.0,Bear,False,0.0014493218849832732,0.0014493218849833678,0.0004627113619156124,0.0004627113619155576
2023-04-10,-0.0032492560275068265,-0.0032492560275068083,0.0,0.0,Bear,False,0.0008522126896835469,0.0008522126896834958,-0.002382285945826572,-0.0023822859458265677
2023-04-11,0.003637240107186595,0.00363724010718669,0.0,0.0,Bear,False,0.0033745853169628074,0.003374585316962886,0.002985678560142036,0.002985678560142091
2023-04-12,0.0034491599158423454,0.0034491599158423814,0.0,0.0,Bear,False,0.003087988577219613,0.0030879885772197024,0.0028263412224757123,0.0028263412224756035
2023-04-13,0.002266785290391211,0.00226678529039126,0.0,0.0,Bear,False,0.0005323526869704537,0.0005323526869704942,0.0017455618508078208,0.0017455618508077642
2023-04-17,-0.004710776355743446,-0.005879590981719529,0.0011743467106942911,0.5871733553471457,Crisis,True,-0.00413592028273629,-0.004148769213005776,-0.003857188023302022,-0.0038747092389727067
2023-04-18,-0.0008647658696071239,-0.0008647658696071536,0.0,0.0,Crisis,False,-0.0015785963435164029,-0.0015785963435164252,-0.0020364816014435774,-0.0020364816014435405
2023-04-19,-0.0019373003977711165,-0.001937300397771069,0.0,0.0,Crisis,False,-0.0014050782395466394,-0.0014050782395466088,-0.003365211063985468,-0.0033652110639854627
2023-04-20,0.002514680550831642,0.002514680550831594,0.0,0.0,Crisis,False,0.00018986955640200017,0.00018986955640198921,0.0034755372505124475,0.003475537250512417
2023-04-21,-0.0016858726770748306,-0.0016858726770748733,0.0,0.0,Crisis,False,-9.712596843181261e-06,-9.712596843236554e-06,-0.0022653099744726676,-0.002265309974472718
2023-04-24,-0.00014160151200217494,-0.0001416015120021541,0.0,0.0,Crisis,False,0.004055547426449005,0.00405554742644898,0.0020619870379694678,0.0020619870379694483
2023-04-25,0.0002844226597385039,0.00028442265973849246,0.0,0.0,Crisis,False,0.0008710212155897485,0.0008710212155897956,0.0008721693516132206,0.0008721693516131612
2023-04-26,0.0007837104143867972,0.0007837104143868512,0.0,0.0,Crisis,False,0.001503431755305863,0.001503431755305762,0.0018720448651978305,0.001872044865197875
2023-04-27,-5.2353781295607493e-05,-5.2353781295644275e-05,0.0,0.0,Crisis,False,0.0034214873806859163,0.003421487380685928,0.001841091531770168,0.0018410915317701448
2023-04-28,0.0023196658599648587,0.0023196658599649034,0.0,0.0,Crisis,False,0.006834870050031682,0.006834870050031583,0.002898992045417195,0.0028989920454172147
2023-05-02,0.00028495765430004065,0.00028495765430003317,0.0,0.0,Crisis,False,0.0027582001371236923,0.0027582001371238007,0.0019291349950256486,0.001929134995025672
2023-05-03,0.0036270403414024152,0.0036270403414024877,0.0,0.0,Crisis,False,-0.0019224388365077962,-0.0019224388365077782,0.0037236851046935767,0.0037236851046935637
2023-05-04,0.002170189152605842,0.002170189152605806,0.0,0.0,Crisis,False,0.0055413853253184035,0.005541385325318338,0.005959631368413354,0.005959631368413376
2023-05-05,-5.3848095106725694e-05,-5.384809510677879e-05,0.0,0.0,Crisis,False,-0.006203214020878038,-0.0062032140208780895,-0.0035209473998617947,-0.0035209473998617513
2023-05-08,-0.0015782009264259178,-0.00157820092642591,0.0,0.0,Crisis,False,0.00652928937514437,0.006529289375144298,0.0015301398992826104,0.0015301398992826343
2023-05-09,0.0009617585320826931,0.0009617585320826905,0.0,0.0,Crisis,False,5.141825081717261e-05,5.14182508171146e-05,0.0012991291806979553,0.0012991291806978555
2023-05-10,0.0002823729867664709,0.00028237298676647704,0.0,0.0,Crisis,False,0.0016277194013471744,0.0016277194013472052,0.0012877501110501114,0.001287750111050201
2023-05-11,-0.00028132059951072703,-0.00028132059951069266,0.0,0.0,Crisis,False,-0.0005959733819940207,-0.0005959733819940194,-0.0007117008050783058,-0.0007117008050783191
2023-05-12,-0.0022092348436334014,-0.0022092348436334452,0.0,0.0,Crisis,False,0.0005903143973905358,0.0005903143973904346,-0.0025869214698186166,-0.0025869214698186482
2023-05-15,0.0017765904320323743,0.0017765904320323767,0.0,0.0,Crisis,False,0.0027817128002964025,0.0027817128002964875,0.0039085678997956745,0.003908567899795656
2023-05-16,-0.0011014891979603185,-0.0011014891979602703,0.0,0.0,Crisis,False,-0.0037093590164049978,-0.0037093590164050116,-0.0035301107179798144,-0.0035301107179798175
2023-05-17,-0.002072149623306986,-0.0035701451010218266,0.0015011059939346986,0.7505529969673495,Bear,True,-0.0034749582670458748,-0.00348544463647682,-0.004675742341475411,-0.004686842312650041
2023-05-18,-0.0010347279856796772,-0.0010347279856797176,0.0,0.0,Bear,False,-0.0017133946981110037,-0.0017133946981110482,-0.0011467021240644248,-0.0011467021240644248
2023-05-19,-0.0015183088762277972,-0.0015183088762278363,0.0,0.0,Bear,False,0.002432027290647302,0.0024320272906472873,0.00038172299029053466,0.0003817229902904895
2023-05-22,0.009614398833867211,0.009614398833867277,0.0,0.0,Bear,False,0.0036564388301587353,0.003656438830158759,0.00552295942757696,0.005522959427576968
2023-05-23,-0.008097227158782517,-0.008097227158782472,0.0,0.0,Bear,False,0.0011039630663254674,0.0011039630663254307,-0.0029217071921271865,-0.002921707192127143
2023-05-24,0.004275485428599747,0.00427548542859979,0.0,0.0,Bear,False,-0.0020505903814251837,-0.002050590381425188,0.0009203459595053631,0.0009203459595052976
2023-05-25,-0.004242711853851469,-0.0042427118538515,0.0,0.0,Bear,False,0.0011757328583868465,0.001175732858386791,-0.0012783073905816666,-0.0012783073905816567
2023-05-26,0.00010058225302645579,0.00010058225302644885,0.0,0.0,Bear,False,0.005853668050780523,0.0058536680507805805,0.002488483324215247,0.0024884833242151405
2023-05-29,-0.0012336255343533091,-0.0012336255343533553,0.0,0.0,Bear,False,0.0032390278743808366,0.0032390278743807954,0.0008452535864263908,0.0008452535864262867
2023-05-30,-0.00023325688185458116,-0.00023325688185460436,0.0,0.0,Bear,False,0.001149727950601422,0.0011497279506014202,0.0003884557278579271,0.00038845572785795035
2023-05-31,-0.0012519856109507327,-0.0012519856109507455,0.0,0.0,Bear,False,-0.0011385149919333594,-0.0011385149919334037,-0.00011526167891220203,-0.00011526167891218186
2023-06-01,-0.00269285174028279,-0.0026928517402827756,0.0,0.0,Bear,False,-0.0015185673424082402,-0.0015185673424082946,-0.0017504187692999685,-0.001750418769299933
2023-06-02,0.0056603261013026115,0.005660326101302626,0.0,0.0,Bear,False,0.0015110709494807503,0.001511070949480775,0.002970845482119707,0.0029708454821197883
2023-06-05,-0.008648134092893752,-0.008648134092893778,0.0,0.0,Bear,False,0.0019410971990948996,0.0019410971990949655,-0.002764934961124483,-0.00276493496112451
2023-06-06,0.0055329774671138855,0.005532977467113787,0.0,0.0,Bear,False,0.00017123394385900597,0.00017123394385909485,0.002349570332780052,0.002349570332780049
2023-06-07,0.00016224939841169429,0.00016224939841169572,0.0,0.0,Bear,False,0.0041345449235983284,0.004134544923598327,0.0018052011883428244,0.0018052011883429309
2023-06-08,-0.0055255907024509545,-0.005525590702450955,0.0,0.0,Bear,False,-0.0029674523338044404,-0.0029674523338044656,-0.003526177483202809,-0.0035261774832028303
2023-06-09,0.0032771652706370543,0.00327716527063715,0.0,0.0,Bear,False,-0.00231246318995189,-0.00231246318995193,0.00036966655838386084,0.0003696665583838854
2023-06-12,-4.6097765109367785e-05,-4.6097765109331945e-05,0.0,0.0,Bear,False,0.001242961806911324,0.0012429618069114134,0.0005058040818582392,0.0005058040818581855
2023-06-13,0.0006451504455369702,0.0006451504455369239,0.0,0.0,Bear,False,0.003723974895432089,0.0037239748954320806,0.0018344342255167654,0.0018344342255167678
2023-06-14,-0.004702572668044486,-0.0047025726680445246,0.0,0.0,Bear,False,0.0012863348651509466,0.00128633486515084,-0.0013926443733117758,-0.0013926443733117688
2023-06-15,-0.007015927830097636,-0.007390213792771272,0.0003769304797162747,0.18846523985813737,Bear,True,-0.0021912570029600682,-0.0022018498529676744,-0.0038052562422362032,-0.0038250886167248144
2023-06-16,0.008938678935036382,0.008938678935036304,0.0,0.0,Bear,False,0.004427429011213846,0.004427429011213846,0.0057823834852371485,0.005782383485237075
2023-06-19,-0.003035133117905105,-0.0030351331179051533,0.0,0.0,Bear,False,-0.0022551185297174934,-0.0022551185297174925,-0.002110098386158034,-0.0021100983861580547
2023-06-20,0.0008179797217998777,0.0008179797217999774,0.0,0.0,Bear,False,0.001958316015180142,0.0019583160151801504,0.0008204114112306632,0.0008204114112306815
2023-06-21,-0.003923318792209062,-0.003923318792209085,0.0,0.0,Bear,False,0.001287698128474472,0.0012876981284744016,-0.001930083563642289,-0.0019300835636423264
2023-06-22,-0.0045708024953372735,-0.004570802495337256,0.0,0.0,Bear,False,-0.0027334509545436526,-0.0027334509545436925,-0.0030474955118724324,-0.0030474955118724445
2023-06-23,-0.0035775132927482736,-0.0035775132927482467,0.0,0.0,Bear,False,-0.0033861689823235317,-0.0033861689823235785,-0.002618562063394827,-0.002618562063394836
2023-06-26,0.0034477063613276467,0.0034477063613276293,0.0,0.0,Bear,False,0.0008217536404062475,0.0008217536404062642,0.0020564431330146915,0.0020564431330147848
2023-06-27,0.00040396962054291833,0.00040396962054289887,0.0,0.0,Bear,False,0.004055367937069066,0.004055367937069176,0.000992719758406258,0.000992719758406313
2023-06-28,0.0002893986170037998,0.0002893986170038332,0.0,0.0,Bear,False,0.004946238604919951,0.004946238604919939,0.0010980619608419154,0.001098061960841834
2023-06-30,0.001735748015510101,0.0017357480155100191,0.0,0.0,Bear,False,0.008802020719954194,0.008802020719954173,0.0038682597573230686,0.003868259757322967
2023-07-03,0.0058400495348615005,0.005840049534861391,0.0,0.0,Bear,False,0.004210361981660459,0.004210361981660471,0.0040228966711526,0.0040228966711526315
2023-07-04,0.0052239200927582715,0.005223920092758183,0.0,0.0,Bear,False,0.0020908436217620865,0.0020908436217621507,0.003285780369664685,0.003285780369664648
2023-07-05,0.001387032856945436,0.0013870328569454138,0.0,0.0,Bear,False,0.0002938078773642964,0.0002938078773642161,0.0008205803772811957,0.000820580377281166
2023-07-06,0.0011267175567108234,0.001126717556710899,0.0,0.0,Bear,False,0.0031073642652323053,0.003107364265232393,0.0012247276200647997,0.0012247276200647583
2023-07-07,-0.002051080115562933,-0.0020510801155629865,0.0,0.0,Bear,False,-0.0051810399579609295,-0.005181039957960931,-0.002134061995726095,-0.0021340619957260776
2023-07-10,0.0006252972904229719,0.0006252972904230436,0.0,0.0,Bear,False,0.0007527463210772091,0.0007527463210772467,0.00048705257720731696,0.0004870525772073808
2023-07-11,0.003296081674441064,0.003296081674440954,0.0,0.0,Bear,False,0.0026196725503290727,0.002619672550329133,0.002323893208920614,0.00232389320892068
2023-07-12,-0.0018630865549488186,-0.001863086554948823,0.0,0.0,Bear,False,-0.0017241412093738793,-0.0017241412093739195,-0.0013611167772031823,-0.0013611167772031862
2023-07-13,0.0055917769009673135,0.005591776900967238,0.0,0.0,Bear,False,0.0009269986425965401,0.0009269986425965993,0.003275102817734496,0.0032751028177344654
2023-07-14,0.003969518532801113,0.003969518532801031,0.0,0.0,Bear,False,0.004717044309079674,0.004717044309079599,0.003098260532052344,0.0030982605320524215
2023-07-17,0.0018807237503514558,0.001096955659837251,0.0007822968063306868,0.39114840316534344,Bull,True,0.004580309776510485,0.004557020526463118,0.0019180326339759848,0.0018966492576435456
2023-07-18,0.0022075589520907713,0.0022075589520906824,0.0,0.0,Bull,False,0.0011546010138642425,0.0011546010138643314,0.0017648720325092644,0.0017648720325091904
2023-07-19,0.004820529329522216,0.004820529329522261,0.0,0.0,Bull,False,0.002550912313076957,0.002550912313076914,0.003788835177564594,0.0037888351775645646
2023-07-20,0.006120088500687962,0.006120088500688015,0.0,0.0,Bull,False,0.004427697747600103,0.004427697747600101,0.0028492384753236906,0.00284923847532359
2023-07-21,-0.011060412406613672,-0.011060412406613707,0.0,0.0,Bull,False,-0.0070697054071145755,-0.0070697054071146015,-0.006741680323670857,-0.00674168032367084
2023-07-24,-0.0029426838040165536,-0.0029426838040165215,0.0,0.0,Bull,False,-0.0022091521251118773,-0.0022091521251118573,-0.0012265693934128364,-0.001226569393412813
2023-07-25,5.760417724421859e-05,5.760417724420819e-05,0.0,0.0,Bull,False,0.0002474396947425216,0.0002474396947425017,-0.0003258071344505612,-0.00032580713445051757
2023-07-26,0.004999633362140105,0.0049996333621400435,0.0,0.0,Bull,False,0.0029807177220761917,0.0029807177220761982,0.0033717599430561555,0.003371759943056052
2023-07-27,-0.004430673611953017,-0.00443067361195304,0.0,0.0,Bull,False,-0.003600644306514787,-0.003600644306514744,-0.001406518339171907,-0.001406518339171936
2023-07-28,-0.0015925657427744745,-0.0015925657427744433,0.0,0.0,Bull,False,-0.00041824988135337216,-0.00041824988135341634,-0.0019434659945167796,-0.0019434659945167798
2023-07-31,0.004341916181880595,0.004341916181880512,0.0,0.0,Bull,False,0.005110961935061904,0.005110961935061997,0.0032733231369722875,0.0032733231369723725
2023-08-01,-0.0007013489117823761,-0.0007013489117824179,0.0,0.0,Bull,False,-0.0006105688606869813,-0.0006105688606869997,-0.00014064814140049098,-0.00014064814140046789
2023-08-02,-0.008426578933225261,-0.008426578933225293,0.0,0.0,Bull,False,-0.006285183303388268,-0.006285183303388231,-0.0035550713192444416,-0.003555071319244485
2023-08-03,-0.006479169215926439,-0.006479169215926395,0.0,0.0,Bull,False,-0.004427467618550906,-0.004427467618550951,-0.0033758063772600846,-0.0033758063772600932
2023-08-04,0.0054060770122301574,0.0054060770122301705,0.0,0.0,Bull,False,0.004158179169796681,0.004158179169796661,0.002035770423739724,0.0020357704237397023
2023-08-07,0.0032449258291351274,0.003244925829135159,0.0,0.0,Bull,False,0.002446248596641223,0.0024462485966412206,0.0012874155150740946,0.001287415515074164
2023-08-08,-0.0007999598230582605,-0.0007999598230582494,0.0,0.0,Bull,False,-0.0008025526215441661,-0.0008025526215441614,1.8105701927273992e-05,1.8105701927284557e-05
2023-08-09,0.001761102750605488,0.001761102750605481,0.0,0.0,Bull,False,0.001878813868300922,0.0018788138683010214,-0.00021433611606295225,-0.0002143361160629187
2023-08-10,-0.004200434743754776,-0.004200434743754755,0.0,0.0,Bull,False,-0.002720464656308997,-0.0027204646563090407,-0.0024351543587322966,-0.0024351543587323166
2023-08-11,-0.005095347348734963,-0.005095347348734958,0.0,0.0,Bull,False,-0.0035059340716175748,-0.003505934071617589,-0.0026094399571230612,-0.0026094399571230387
2023-08-14,9.645476649281306e-05,9.645476649278173e-05,0.0,0.0,Bull,False,0.00019154534000130892,0.00019154534000120904,-0.0001592917382118573,-0.00015929173821183085
2023-08-16,0.001332104614304787,0.0004363591286389301,0.0008945538463595325,0.44727692317976625,Bear,True,0.0009290573846493231,0.0009208116410657219,0.0006474440120879944,0.0006409275691612315
2023-08-17,-0.005554064948321707,-0.005554064948321669,0.0,0.0,Bear,False,-0.003070844572065368,-0.003070844572065412,-0.0036340354494464786,-0.0036340354494465155
2023-08-18,-0.0019121122685575686,-0.0019121122685575864,0.0,0.0,Bear,False,-0.0016995465930030407,-0.0016995465930030873,-0.001410923565511567,-0.0014109235655115349
2023-08-21,0.0006079339477874343,0.0006079339477873535,0.0,0.0,Bear,False,0.0025765644916355443,0.002576564491635569,0.0009615879578002942,0.000961587957800214
2023-08-22,0.0029168219098645795,0.002916821909864531,0.0,0.0,Bear,False,9.194528576106749e-05,9.194528576106364e-05,0.0015217215189978072,0.001521721518997765
2023-08-23,-0.0003055023046797578,-0.00030550230467973893,0.0,0.0,Bear,False,0.0014688297333214765,0.0014688297333214084,0.00021616654333047052,0.00021616654333045382
2023-08-24,0.0018170368424817902,0.0018170368424816896,0.0,0.0,Bear,False,-0.0017674083613628743,-0.00176740836136291,0.0004833047550595387,0.00048330475505964365
2023-08-25,-0.003358000026844016,-0.0033580000268440546,0.0,0.0,Bear,False,-0.003735642475565752,-0.0037356424755657924,-0.002674039811707835,-0.0026740398117078845
2023-08-28,-0.0010892554519295154,-0.001089255451929505,0.0,0.0,Bear,False,0.001248348685447376,0.0012483486854473202,-0.00024311254371722443,-0.00024311254371722768
2023-08-29,0.003010400099721658,0.003010400099721755,0.0,0.0,Bear,False,0.0011337170053987444,0.00113371700539866,0.0018328898853675632,0.0018328898853676723
2023-08-30,0.004761251097319839,0.004761251097319841,0.0,0.0,Bear,False,0.00014456140255652007,0.00014456140255658667,0.0024809958431923624,0.0024809958431923906
2023-08-31,-0.0015624766495880012,-0.0015624766495879738,0.0,0.0,Bear,False,-0.0011518101114648442,-0.0011518101114648127,-8.804397569049552e-05,-8.804397569051048e-05
2023-09-01,0.0035426300946015447,0.00354263009460154,0.0,0.0,Bear,False,0.005625509576216008,0.005625509576216103,0.003246384323517142,0.003246384323517093
2023-09-04,0.002588438145057568,0.0025884381450576033,0.0,0.0,Bear,False,0.0028757034861813476,0.002875703486181269,0.0020579589016002943,0.002057958901600321
2023-09-05,-0.0003287481296855646,-0.0003287481296855299,0.0,0.0,Bear,False,0.0014157537219355396,0.0014157537219354754,0.00018986119849882886,0.00018986119849873084
2023-09-06,0.0001356009240180016,0.00013560092401809776,0.0,0.0,Bear,False,0.0011086361654995332,0.0011086361654994992,0.0003512735751069028,0.00035127357510700286
2023-09-07,0.0002850452537252032,0.0002850452537253023,0.0,0.0,Bear,False,0.003553471435910765,0.003553471435910671,0.0010496228987811255,0.0010496228987810774
2023-09-08,0.002184849946026123,0.0021848499460261905,0.0,0.0,Bear,False,0.0028357159857699287,0.0028357159857699266,0.0018452589520503303,0.0018452589520503437
2023-09-11,0.002523127058311209,0.0025231270583112586,0.0,0.0,Bear,False,0.005369379143736727,0.005369379143736808,0.0026663716664506436,0.002666371666450562
2023-09-12,-0.0018486406428122628,-0.0018486406428123159,0.0,0.0,Bear,False,-9.538130975998759e-05,-9.538130975994541e-05,-0.0009746251803070193,-0.0009746251803069983
2023-09-13,-0.0004186075009211173,-0.0004186075009211532,0.0,0.0,Bear,False,0.002321529068509756,0.0023215290685096868,0.00037686320067910605,0.0003768632006790895
2023-09-14,0.0005936965518341081,0.0005396229797749452,5.4041487814229095e-05,0.027020743907114543,Bear,True,0.0009998989461624743,0.000986518442012807,0.0005610570238757392,0.00054658000369745
2023-09-15,0.004687535053025436,0.004687535053025327,0.0,0.0,Bear,False,0.002663768326304572,0.0026637683263046608,0.0030837062204206083,0.0030837062204205345
2023-09-18,0.003282299134022161,0.0032822991340222263,0.0,0.0,Bear,False,-0.0017537396970297467,-0.0017537396970297436,0.0011590964888692746,0.001159096488869249
2023-09-20,-0.004610417742155039,-0.004610417742155093,0.0,0.0,Bear,False,-0.006919036743593112,-0.0069190367435930655,-0.0042314693608988645,-0.00423146936089891
2023-09-21,-0.004093875508262753,-0.00409387550826279,0.0,0.0,Bear,False,-0.004771809945775585,-0.00477180994577564,-0.0033690561864381063,-0.003369056186438124
2023-09-22,-0.0017988532571490308,-0.0017988532571490135,0.0,0.0,Bear,False,-0.002054624711000616,-0.0020546247110005966,-0.0014682538877101253,-0.0014682538877101026
2023-09-25,5.000372961562246e-06,5.000372961472266e-06,0.0,0.0,Bear,False,5.073521895983396e-06,5.073521895937461e-06,1.688344375164236e-06,1.688344375194717e-06
2023-09-26,-0.002843674764843322,-0.0028436747648433736,0.0,0.0,Bear,False,-0.00029382071585627343,-0.00029382071585626335,-0.001503858856372302,-0.0015038588563722755
2023-09-27,-0.003437269625372848,-0.0034372696253728297,0.0,0.0,Bear,False,0.0015609880284441098,0.0015609880284441768,-0.0012918720266058524,-0.0012918720266058559
2023-09-28,-0.007676827727110284,-0.007676827727110314,0.0,0.0,Bear,False,-0.00582448922784412,-0.005824489227844065,-0.0054452509288487345,-0.005445250928848733
2023-09-29,0.0008475182246194198,0.0008475182246194812,0.0,0.0,Bear,False,0.005307515626727197,0.005307515626727266,0.0028982042353730953,0.002898204235373125
2023-10-03,-0.008090655815319198,-0.008090655815319203,0.0,0.0,Bear,False,-0.0033178241308422945,-0.0033178241308422507,-0.0049474999791591905,-0.00494749997915922
2023-10-04,-0.008006550837223247,-0.008006550837223236,0.0,0.0,Bear,False,-0.0028083918834496745,-0.0028083918834497235,-0.0047486218133630876,-0.0047486218133631075
2023-10-05,0.00035932070868601243,0.0003593207086860506,0.0,0.0,Bear,False,0.0033330514886447714,0.0033330514886447116,0.0011048326694176511,0.0011048326694176325
2023-10-06,0.0036370286995536035,0.003637028699553513,0.0,0.0,Bear,False,0.0032644047373075144,0.0032644047373076024,0.00270584249257658,0.002705842492576549
2023-10-09,0.0044647993076065646,0.004464799307606571,0.0,0.0,Bear,False,-0.004266434536078544,-0.004266434536078556,0.001013795378460891,0.0010137953784608023
2023-10-10,0.0036971698312626296,0.00369716983126267,0.0,0.0,Bear,False,0.005383026612379719,0.005383026612379771,0.0033271850535336388,0.0033271850535336878
2023-10-11,0.005326430999198157,0.005326430999198051,0.0,0.0,Bear,False,0.003669028874402877,0.003669028874402791,0.003664723878557547,0.003664723878557652
2023-10-12,0.0026912061018570456,0.0026912061018571354,0.0,0.0,Bear,False,-0.0005214297411545433,-0.0005214297411545443,0.001192178718124501,0.0011921787181246035
2023-10-13,0.0006317346274724492,0.0006317346274724578,0.0,0.0,Bear,False,-0.0012914805770255931,-0.00129148057702555,-4.416878827913839e-05,-4.416878827917525e-05
2023-10-16,0.00994733094259688,0.00994733094259681,0.0,0.0,Bear,False,-0.0005811239100684135,-0.0005811239100683707,0.0047921583898282915,0.004792158389828272
2023-10-17,0.0021269138108233037,0.0006459298699434957,0.0014778407010824575,0.7389203505412287,Crisis,True,0.0024025752564563675,0.002393387957829729,0.0017271196753136534,0.0017177461518813608
2023-10-18,0.002257376018006813,0.002257376018006907,0.0,0.0,Crisis,False,-0.004252087644802294,-0.004252087644802338,0.0007517381843229845,0.0007517381843229476
2023-10-19,0.0006114389309611674,0.0006114389309612722,0.0,0.0,Crisis,False,-0.0014152516764008203,-0.001415251676400775,7.726279034842636e-05,7.726279034847572e-05
2023-10-20,0.003331368776101528,0.0033313687761016286,0.0,0.0,Crisis,False,-0.0024950324213447806,-0.002495032421344745,0.003125633519051235,0.003125633519051263
2023-10-23,-0.0003989464370954285,-0.00039894643709548205,0.0,0.0,Crisis,False,-0.007970357313900906,-0.007970357313900944,-0.004705680214900838,-0.004705680214900809
2023-10-25,-0.0007308805731284685,-0.0007308805731284229,0.0,0.0,Crisis,False,-0.004912376734752719,-0.004912376734752755,-0.003549358383251705,-0.003549358383251655
2023-10-26,0.0019296455635509733,0.001929645563550908,0.0,0.0,Crisis,False,-0.008193719942991593,-0.008193719942991562,-0.0016815072710029085,-0.0016815072710029133
2023-10-27,-0.0008250817524129285,-0.000825081752412915,0.0,0.0,Crisis,False,0.005929599606517119,0.0059295996065171774,0.0019529272591502073,0.0019529272591503055
2023-10-30,0.0019215095409185101,0.001921509540918409,0.0,0.0,Crisis,False,0.0028993735474903766,0.0028993735474904803,0.004106725061870933,0.0041067250618709306
2023-10-31,0.0034766028514332803,0.0034766028514332525,0.0,0.0,Crisis,False,-4.9351088281764923e-05,-4.935108828174606e-05,0.0007404072407720499,0.0007404072407719564
2023-11-01,-0.0015236817750219809,-0.0015236817750219345,0.0,0.0,Crisis,False,-0.0027962305047424343,-0.002796230504742425,-0.003506777937922042,-0.00350677793792209
2023-11-02,0.0005150965585434182,0.0005150965585434264,0.0,0.0,Crisis,False,0.004463220748915916,0.004463220748915919,0.003025725225987394,0.003025725225987319
2023-11-03,-0.0001847965035398123,-0.00018479650353986354,0.0,0.0,Crisis,False,0.003008665241724166,0.003008665241724273,0.0013096114267313855,0.0013096114267314718
2023-11-06,-0.00015318900866799585,-0.00015318900866800877,0.0,0.0,Crisis,False,0.005570160190886635,0.0055701601908866305,0.0027089491060979824,0.002708949106098091
2023-11-07,-0.001913951167775915,-0.001913951167775929,0.0,0.0,Crisis,False,-0.00015051203441854578,-0.00015051203441851513,-0.002654165890974589,-0.002654165890974558
2023-11-08,0.00021018087911994882,0.00021018087911994776,0.0,0.0,Crisis,False,0.0011222571430228962,0.0011222571430229422,0.0008794241787008871,0.000879424178700905
2023-11-09,-0.002286042695370224,-0.0022860426953702495,0.0,0.0,Crisis,False,-0.0014694621271970814,-0.0014694621271971187,-0.003845685340491417,-0.003845685340491456
2023-11-10,0.0018440655776665012,0.001844065577666587,0.0,0.0,Crisis,False,0.00091997829016451,0.000919978290164547,0.002960988055887093,0.0029609880558871815
2023-11-13,-0.0018632506811319875,-0.0018632506811320226,0.0,0.0,Crisis,False,0.000556736932473598,0.0005567369324734894,-0.0022078879946901336,-0.002207887994690183
2023-11-15,0.0027389238412982688,0.0027389238412982575,0.0,0.0,Crisis,False,0.007085313876797401,0.00708531387679745,0.007414260885120163,0.007414260885120205
2023-11-16,-0.0002951432440320082,-0.00029514324403201453,0.0,0.0,Crisis,False,0.002724439419742508,0.0027244394197425414,0.0010391784858172865,0.0010391784858172493
2023-11-17,0.0022971985947884185,0.0022761092543766015,2.1041005044497996e-05,0.010520502522248999,Crisis,True,-0.0010110840222515441,-0.001015173604221542,0.0025321523399988097,0.002518671781610138
2023-11-20,-0.0009979504069452313,-0.0009979504069452805,0.0,0.0,Crisis,False,-0.001145450949285376,-0.0011454509492854204,-0.0019207714710270567,-0.001920771471027094
2023-11-21,0.0011515147927611744,0.0011515147927612102,0.0,0.0,Crisis,False,0.002717592715916538,0.002717592715916428,0.0029266297472265385,0.0029266297472265723
2023-11-22,0.0014287122978370187,0.0014287122978369204,0.0,0.0,Crisis,False,0.0008637220093575537,0.0008637220093574705,0.002342229812245082,0.002342229812245078
2023-11-23,-0.0007254099685183246,-0.0007254099685183313,0.0,0.0,Crisis,False,-0.0002948006523797859,-0.0002948006523797453,-0.001123431281771238,-0.001123431281771281
2023-11-24,0.0006182759315012943,0.000618275931501211,0.0,0.0,Crisis,False,-0.00022152670061095363,-0.00022152670061093005,0.0007106802302115087,0.0007106802302114801
2023-11-28,0.0008177545874884605,0.0008177545874885617,0.0,0.0,Crisis,False,0.002879233161662143,0.0028792331616620537,0.0025581567697308093,0.0025581567697308127
2023-11-29,0.003838685404474097,0.0038386854044740737,0.0,0.0,Crisis,False,0.006265283512300043,0.006265283512300046,0.008273734911678116,0.008273734911678154
2023-11-30,0.003301614516091975,0.0033016145160920107,0.0,0.0,Crisis,False,0.0026196724883027185,0.002619672488302749,0.0025066967805500084,0.002506696780550044
2023-12-01,0.0008134578822937154,0.000813457882293811,0.0,0.0,Crisis,False,0.004041889029929119,0.004041889029929191,0.003125099571009896,0.003125099571009926
2023-12-04,0.0024947640868699943,0.002494764086869994,0.0,0.0,Crisis,False,0.01251066574455576,0.012510665744555727,0.009648684586149559,0.009648684586149647
2023-12-05,-0.00353248289755065,-0.003532482897550704,0.0,0.0,Crisis,False,0.004965754730793354,0.004965754730793304,-0.0021084831562860084,-0.0021084831562859785
2023-12-06,-0.00042952628769487303,-0.0004295262876948813,0.0,0.0,Crisis,False,0.0024289046809005546,0.002428904680900512,0.0006733248299032106,0.0006733248299031214
2023-12-07,0.0009164533860872521,0.000916453386087257,0.0,0.0,Crisis,False,-0.0010704657731404534,-0.0010704657731404055,0.0006499386318336937,0.000649938631833713
2023-12-08,-0.00035635966009939647,-0.00035635966009939235,0.0,0.0,Crisis,False,0.002001092348108488,0.002001092348108413,0.0005585288015386514,0.0005585288015386158
2023-12-11,-0.004371455715093087,-0.00437145571509312,0.0,0.0,Crisis,False,0.0008067351472906884,0.0008067351472906825,-0.0052944495660325825,-0.005294449566032533
2023-12-12,-0.0009134760616208876,-0.0009134760616208437,0.0,0.0,Crisis,False,-0.002651853984656571,-0.002651853984656616,-0.0025641675402740772,-0.0025641675402741093
2023-12-13,-7.44544961900031e-05,-7.445449619003508e-05,0.0,0.0,Crisis,False,0.0005848239760060014,0.0005848239760060103,0.0002041766904939968,0.0002041766904941067
2023-12-14,0.004942112797179909,0.004942112797179821,0.0,0.0,Crisis,False,0.007514448423466343,0.00751444842346638,0.010348469657317791,0.010348469657317727
2023-12-15,0.0003424504492081058,0.0003424504492079983,0.0,0.0,Crisis,False,0.007966494204968607,0.007966494204968644,0.004547427530508715,0.00454742753050863
2023-12-18,-0.0015694037398345008,-0.0015694037398344962,0.0,0.0,Crisis,False,-0.0010963054741230018,-0.0010963054741229827,-0.0026036510469674918,-0.00260365104696747
2023-12-19,0.0005155129815400375,-0.0010391059348565657,0.0015538179030964866,0.7769089515482432,Bull,True,0.0009949556989288166,0.0009569410662675359,0.0011846279379446778,0.0011509796169100195
2023-12-20,-0.010384444729253883,-0.010384444729253928,0.0,0.0,Bull,False,-0.008472879656540021,-0.008472879656539978,-0.003185942981081916,-0.0031859429810818796
2023-12-21,0.004068134247239558,0.004068134247239508,0.0,0.0,Bull,False,0.0029589233086898745,0.0029589233086899647,0.0018258777943110497,0.0018258777943109816
2023-12-22,0.004803887886307225,0.0048038878863072565,0.0,0.0,Bull,False,0.0026534662210514694,0.002653466221051559,0.0035624883218123033,0.003562488321812385
2023-12-26,0.0044627333438824164,0.0044627333438824746,0.0,0.0,Bull,False,0.0025751850609989782,0.0025751850609989635,0.003129915616882288,0.0031299156168822506
2023-12-27,0.008579729369922708,0.008579729369922795,0.0,0.0,Bull,False,0.005974284090398835,0.005974284090398907,0.0043732588665464705,0.004373258866546381
2023-12-28,0.005359277480374876,0.005359277480374791,0.0,0.0,Bull,False,0.0034471688858542923,0.0034471688858543903,0.0032255712795449584,0.0032255712795450364
2023-12-29,-0.0024076670463612994,-0.002407667046361306,0.0,0.0,Bull,False,0.00014279618332788948,0.00014279618332779798,-0.0006449903561068515,-0.0006449903561068782
2024-01-01,0.0006858899517884487,0.000685889951788532,0.0,0.0,Bull,False,0.0002909722305580426,0.00029097223055796206,0.0006620630951557423,0.0006620630951557072
2024-01-02,-0.0017839900397616008,-0.001783990039761596,0.0,0.0,Bull,False,-0.0021082316188040973,-0.002108231618804135,0.0005221253924541161,0.0005221253924541092
2024-01-03,-0.00726443134678186,-0.007264431346781897,0.0,0.0,Bull,False,-0.0041213176131421475,-0.004121317613142161,-0.005277606431828261,-0.005277606431828286
2024-01-04,0.0043287449469193474,0.004328744946919372,0.0,0.0,Bull,False,0.003937626102509921,0.003937626102509917,0.0006680579396225129,0.0006680579396225461
2024-01-05,0.0013620948163856148,0.0013620948163857172,0.0,0.0,Bull,False,0.0014495044074615351,0.0014495044074616104,-0.00013844538380105632,-0.00013844538380103355
2024-01-08,-0.00838092470258166,-0.008380924702581671,0.0,0.0,Bull,False,-0.005488452016572454,-0.005488452016572443,-0.0048723657450640565,-0.004872365745064111
2024-01-09,0.0018283191860587224,0.0018283191860586356,0.0,0.0,Bull,False,0.0008879827135890417,0.0008879827135890306,0.0015664532737944877,0.0015664532737944548
2024-01-10,0.002361648320082462,0.0023616483200825655,0.0,0.0,Bull,False,0.0020571365890963375,0.002057136589096231,0.0005108662294876075,0.0005108662294877053
2024-01-11,0.0007529558841290891,0.0007529558841290473,0.0,0.0,Bull,False,0.0007962062593854253,0.000796206259385368,-6.056263482176751e-05,-6.056263482179247e-05
2024-01-12,0.009714803252793495,0.009714803252793391,0.0,0.0,Bull,False,0.006870549116123969,0.006870549116124058,0.004766298748605677,0.00476629874860568
2024-01-15,0.00840386054952455,0.008403860549524467,0.0,0.0,Bull,False,0.005597342152840308,0.005597342152840357,0.004750115392441823,0.004750115392441856
2024-01-16,-0.0031075621974379288,-0.0031075621974379075,0.0,0.0,Bull,False,-0.001787240675592988,-0.0017872406755929937,-0.0022453171937836334,-0.0022453171937836247
2024-01-17,-0.018187313147598957,-0.018187313147598916,0.0,0.0,Bull,False,-0.012651602561877648,-0.012651602561877695,-0.009437428022433966,-0.009437428022433969
2024-01-18,-0.004752772259206121,-0.004753513634893181,7.449161036434561e-07,0.0003724580518217281,Bull,True,-0.0030573896130328235,-0.003058933058200486,-0.0028385185447346406,-0.0028404648810371746
2024-01-19,0.007303147240740326,0.007303147240740326,0.0,0.0,Bull,False,0.004481130937235766,0.004481130937235678,0.0047132520722008575,0.0047132520722008575
2024-01-23,-0.014119257715340653,-0.014119257715340616,0.0,0.0,Bull,False,-0.010680032612745756,-0.010680032612745749,-0.005806659168545126,-0.00580665916854517
2024-01-24,0.008267317177858648,0.008267317177858668,0.0,0.0,Bull,False,0.00605649322838168,0.006056493228381754,0.003666424113340252,0.003666424113340172
2024-01-25,-0.004495919768251525,-0.004495919768251477,0.0,0.0,Bull,False,-0.002833982435653513,-0.0028339824356534704,-0.002773596622997694,-0.0027735966229976983
2024-01-29,0.015352635827027715,0.015352635827027727,0.0,0.0,Bull,False,0.010792166928389272,0.010792166928389246,0.007565606855745398,0.007565606855745477
2024-01-30,-0.007334378240029006,-0.007334378240029027,0.0,0.0,Bull,False,-0.005974584316309286,-0.005974584316309262,-0.002310674199236466,-0.002310674199236473
2024-01-31,0.008388201325961521,0.00838820132596152,0.0,0.0,Bull,False,0.0074097804788644354,0.007409780478864425,0.005971340993540372,0.005971340993540464
2024-02-01,-0.000625687408954013,-0.0006256874089539677,0.0,0.0,Bull,False,-0.0007786379261669894,-0.0007786379261669474,0.0002602950756766566,0.0002602950756767086
2024-02-02,0.006207837961869448,0.006207837961869522,0.0,0.0,Bull,False,0.004334935116728298,0.004334935116728333,0.0031548580258873617,0.0031548580258873304
2024-02-05,-0.0052480818793093145,-0.005248081879309363,0.0,0.0,Bull,False,-0.0022664869802473888,-0.0022664869802473397,-0.0050129490974833305,-0.005012949097483288
2024-02-06,0.005650137064509305,0.005650137064509231,0.0,0.0,Bull,False,0.004359376999801031,0.004359376999800935,0.002171554617298221,0.0021715546172982325
2024-02-07,0.0010496790129991935,0.0010496790129992384,0.0,0.0,Bull,False,3.029259938594166e-05,3.029259938602813e-05,0.0017119065956396633,0.0017119065956396895
2024-02-08,-0.008363496713436159,-0.00836349671343617,0.0,0.0,Bull,False,-0.00585130305609185,-0.005851303056091828,-0.004257280292514939,-0.004257280292514931
2024-02-09,0.002378370870289524,0.002378370870289581,0.0,0.0,Bull,False,0.0017886901156691029,0.0017886901156691781,0.0009936286339822529,0.0009936286339822242
2024-02-12,-0.007095175456042186,-0.007095175456042213,0.0,0.0,Bull,False,-0.00460404162039318,-0.004604041620393184,-0.004194389968340369,-0.004194389968340317
2024-02-13,0.004784626896891398,0.0047846268968914085,0.0,0.0,Bull,False,0.0035346470229906243,0.003534647022990667,0.002090555911985012,0.002090555911985037
2024-02-14,0.000892500299682345,0.0008925002996822418,0.0,0.0,Bull,False,0.002680452392636265,0.0026804523926362567,-0.0029819927748465053,-0.0029819927748464536
2024-02-15,0.0028659117618069067,0.0028659117618068386,0.0,0.0,Bull,False,0.0019524562098132336,0.0019524562098132137,0.0015351375437294243,0.001535137543729359
2024-02-16,0.005445277420822684,0.005445277420822681,0.0,0.0,Bull,False,0.0035817333119645624,0.003581733311964541,0.003141288718118031,0.0031412887181181404
2024-02-19,0.004059399334263377,0.004059399334263469,0.0,0.0,Bull,False,0.0022397263076266295,0.0022397263076265883,0.0030788206323529646,0.0030788206323528744
2024-02-20,0.0024186967673029036,0.002408427721750206,1.0244267775509784e-05,0.005122133887754892,Bull,True,0.002046969029775214,0.0020329075128633356,0.000643996124462537,0.00063021824933851
2024-02-21,-0.004809753666515787,-0.004809753666515815,0.0,0.0,Bull,False,-0.003835620006198059,-0.0038356200061980816,-0.0016235559251377798,-0.001623555925137743
2024-02-22,0.006187179929222081,0.006187179929222131,0.0,0.0,Bull,False,0.0044026186877750015,0.004402618687775028,0.0029475553296864575,0.002947555329686491
2024-02-23,-0.0012349887959393784,-0.001234988795939418,0.0,0.0,Bull,False,-0.00012430934404314726,-0.00012430934404317195,-0.0018413182079829557,-0.0018413182079829449
2024-02-26,-0.002239412125467612,-0.0022394121254676325,0.0,0.0,Bull,False,-0.0024492517658638354,-0.002449251765863858,0.00035124114318589193,0.0003512411431858542
2024-02-27,0.0030608214665144946,0.0030608214665144295,0.0,0.0,Bull,False,0.002066597864125847,0.0020665978641258853,0.001653440610789424,0.001653440610789314
2024-02-28,-0.009623388554084466,-0.009623388554084511,0.0,0.0,Bull,False,-0.006681725293557069,-0.006681725293557039,-0.004909932554335934,-0.004909932554335916
2024-02-29,0.001841678878861147,0.0018416788788611083,0.0,0.0,Bull,False,0.002345595783457377,0.002345595783457277,0.0028553978291336753,0.002855397829133688
2024-03-01,0.013377443176028209,0.013377443176028292,0.0,0.0,Bull,False,0.009659276822817411,0.00965927682281742,0.006106679807346945,0.006106679807347026
2024-03-04,0.0061371350036043115,0.006137135003604355,0.0,0.0,Bull,False,0.0017974616968350833,0.0017974616968350343,0.00724249662746858,0.007242496627468675
2024-03-05,0.0009885595007465236,0.0009885595007466108,0.0,0.0,Bull,False,-0.0013192376968743787,-0.0013192376968743647,0.003843435887715766,0.0038434358877157404
2024-03-06,0.004562386901944097,0.004562386901943993,0.0,0.0,Bull,False,0.0031645726867212394,0.003164572686721323,0.0023630413059607972,0.002363041305960767
2024-03-07,0.0033809599450761226,0.003380959945076034,0.0,0.0,Bull,False,0.0005224161382898836,0.0005224161382899606,0.0047680117629579485,0.0047680117629580465
2024-03-11,-0.003553140553717797,-0.003553140553717804,0.0,0.0,Bull,False,-0.004308362612079815,-0.004308362612079786,0.0011706266777547249,0.0011706266777546936
2024-03-12,-0.0001537085850795914,-0.00015370858507957053,0.0,0.0,Bull,False,7.804496478454421e-05,7.804496478458489e-05,-0.0003916079629987814,-0.00039160796299875233
2024-03-13,-0.01372511564137402,-0.01372511564137402,0.0,0.0,Bull,False,-0.009088937091388133,-0.009088937091388138,-0.007861934154499936,-0.007861934154499983
2024-03-14,0.006749987463557429,0.006749987463557483,0.0,0.0,Bull,False,0.004046068241957509,0.004046068241957412,0.0045113470149916925,0.0045113470149917845
2024-03-15,-0.004811127678347779,-0.004811127678347793,0.0,0.0,Bull,False,-0.0033325287797085147,-0.0033325287797084657,-0.002496131599096502,-0.0024961315990964517
2024-03-18,0.00028904563323731266,0.00028904563323739474,0.0,0.0,Bull,False,0.0008732784179826077,0.0008732784179825703,-0.0009582124031890067,-0.0009582124031890515
2024-03-19,-0.00811869921275784,-0.008118699212757874,0.0,0.0,Bull,False,-0.00645125326720904,-0.006451253267209078,-0.002826721701684755,-0.0028267217016847423
2024-03-20,0.0012013618503779115,0.0012013618503778911,0.0,0.0,Bull,False,0.0005864112011881759,0.0005864112011881861,0.0010045004377751835,0.0010045004377752242
2024-03-21,0.009967439775443794,0.009939542924856104,2.7621534604974556e-05,0.013810767302487278,Bull,True,0.004714892472745997,0.00470907483080496,0.008676233090239419,0.008640756336118827
2024-03-22,0.0005775848717654852,0.000577584871765513,0.0,0.0,Bull,False,0.0023114931006045667,0.0023114931006045225,-0.002889847013003951,-0.0028898470130039877
2024-03-26,-0.002250718255204949,-0.002250718255204953,0.0,0.0,Bull,False,-0.002507268705643224,-0.0025072687056432175,0.0004264309645583672,0.00042643096455829976
2024-03-27,0.004047746781653273,0.004047746781653316,0.0,0.0,Bull,False,0.003243015490812644,0.0032430154908127395,0.0013343007756979187,0.0013343007756978498
2024-03-28,0.008741868182362687,0.008741868182362778,0.0,0.0,Bull,False,0.007077988416562824,0.007077988416562819,0.006677657763383202,0.006677657763383138
2024-04-01,0.010821357068621184,0.010821357068621085,0.0,0.0,Bull,False,0.0036455674916260113,0.003645567491626034,0.012032141746619408,0.012032141746619374
2024-04-02,0.0007950360610408181,0.0007950360610409213,0.0,0.0,Bull,False,-0.0002338896103559447,-0.0002338896103559751,0.0017191914135288272,0.001719191413528831
2024-04-03,-0.000214364894316718,-0.0002143648943166987,0.0,0.0,Bull,False,-0.0005015568889383227,-0.0005015568889382704,0.0004726717047203842,0.0004726717047203177
2024-04-04,0.0042572325216295726,0.0042572325216294615,0.0,0.0,Bull,False,0.002152484994338484,0.0021524849943383995,0.003551257883778771,0.0035512578837788578
2024-04-05,-0.0005488465122368632,-0.0005488465122368558,0.0,0.0,Bull,False,-2.5537321149127548e-05,-2.5537321149182723e-05,-0.0008756787852922796,-0.0008756787852922665
2024-04-08,0.009458184826775897,0.00945818482677585,0.0,0.0,Bull,False,0.00409327518224294,0.004093275182242895,0.009040430346708504,0.009040430346708428
2024-04-09,0.0003313841876308527,0.00033138418763090094,0.0,0.0,Bull,False,-0.0006297362429573614,-0.0006297362429573683,0.0015915198970750408,0.0015915198970750666
2024-04-10,0.00413208469203564,0.004132084692035631,0.0,0.0,Bull,False,0.002975218294994009,0.002975218294994031,0.0020285942498230024,0.002028594249823046
2024-04-12,-0.0038132186223508793,-0.0038132186223508446,0.0,0.0,Bull,False,-0.006253095708405132,-0.006253095708405154,0.0038955985962295086,0.003895598596229455
2024-04-15,-0.010968066194701117,-0.010968066194701143,0.0,0.0,Bull,False,-0.006631920657677619,-0.006631920657677592,-0.007444956614215375,-0.007444956614215403
2024-04-16,-0.0021457869537205034,-0.0021457869537204743,0.0,0.0,Bull,False,-0.0033632453072294645,-0.0033632453072294233,0.0019348720086198507,0.001934872008619859
2024-04-18,-0.005159263437653299,-0.005159263437653272,0.0,0.0,Bull,False,-0.004122897257187546,-0.004122897257187508,-0.0018290838497321557,-0.0018290838497321271
2024-04-19,0.006366657257960016,0.006366657257959929,0.0,0.0,Bull,False,0.004115450506212816,0.00411545050621287,0.00381309500558557,0.003813095005585465
2024-04-22,0.004997687660235734,0.004997687660235783,0.0,0.0,Bull,False,0.005131810556046741,0.005131810556046723,-7.20301264116184e-05,-7.203012641165962e-05
2024-04-23,-0.003989322216034886,-0.003989322216034874,0.0,0.0,Bull,False,0.0008524779524925358,0.0008524779524925474,-0.007994550319292323,-0.007994550319292304
2024-04-24,0.0028702803105925554,0.0028702803105926655,0.0,0.0,Bull,False,0.0009272455271442459,0.0009272455271442936,0.003253161974224942,0.003253161974224872
2024-04-25,0.006381223543332597,0.005591054467946721,0.000785158801556183,0.3925794007780915,Bear,True,0.004522794442761619,0.00451260373553608,0.0032084337680659022,0.0031831072659682658
2024-04-26,0.0019681465376697287,0.001968146537669746,0.0,0.0,Bear,False,-0.003998176188529978,-0.003998176188529934,0.00035301170956854745,0.0003530117095684737
2024-04-29,0.0036570993972648526,0.0036570993972648846,0.0,0.0,Bear,False,0.005967948139738806,0.005967948139738777,0.0031379377714650836,0.0031379377714650936
2024-04-30,-0.004796825811048446,-0.004796825811048455,0.0,0.0,Bear,False,0.0005181053675043853,0.0005181053675042957,-0.0015775765419248332,-0.0015775765419248078
2024-05-02,0.00047208957450908156,0.00047208957450917133,0.0,0.0,Bear,False,0.0011455485346776688,0.0011455485346776317,0.00047164350129083095,0.00047164350129080823
2024-05-03,-0.006693573433030065,-0.00669357343303012,0.0,0.0,Bear,False,-0.004561168877130533,-0.004561168877130539,-0.004557672845847137,-0.004557672845847183
2024-05-06,0.0017882937644394517,0.0017882937644393415,0.0,0.0,Bear,False,-0.000882105614412487,-0.0008821056144124872,0.0008267233767360096,0.0008267233767360604
2024-05-07,-0.0028895436671563285,-0.0028895436671563246,0.0,0.0,Bear,False,-0.003733883747203869,-0.0037338837472038477,-0.0022927615944937914,-0.002292761594493764
2024-05-08,-0.0017862163817463324,-0.0017862163817463639,0.0,0.0,Bear,False,0.0,0.0,-0.0009894842034830612,-0.0009894842034831042
2024-05-09,-0.006960675880731592,-0.0069606758807315705,0.0,0.0,Bear,False,-0.009222718091640186,-0.009222718091640214,-0.005559135464180853,-0.005559135464180853
2024-05-10,0.016774454208942986,0.016774454208942968,0.0,0.0,Bear,False,0.0026360575645000737,0.0026360575645001383,0.009757706332020657,0.009757706332020666
2024-05-13,-0.006716525307267644,-0.006716525307267629,0.0,0.0,Bear,False,0.0013105525838355873,0.0013105525838355003,-0.0035009792572952354,-0.0035009792572952003
2024-05-14,0.0024242061412018427,0.002424206141201868,0.0,0.0,Bear,False,0.00305836613872972,0.0030583661387297845,0.001907371687470834,0.0019073716874709046
2024-05-15,0.004834421436972024,0.004834421436971992,0.0,0.0,Bear,False,-0.00046349191834670647,-0.00046349191834671455,0.002598075984257381,0.002598075984257431
2024-05-16,0.006450186857353368,0.006450186857353435,0.0,0.0,Bear,False,0.005453610909493574,0.005453610909493589,0.004591934840129827,0.004591934840129763
2024-05-17,0.0007030337380262298,0.0007030337380262708,0.0,0.0,Bear,False,0.0016596027223576768,0.001659602722357656,0.0006967249691220586,0.0006967249691220978
2024-05-21,0.007652140706131241,0.007652140706131183,0.0,0.0,Bear,False,0.0016755154741242085,0.0016755154741241451,0.004572929407449214,0.004572929407449244
2024-05-22,0.0016832000413100467,0.0016832000413100623,0.0,0.0,Bear,False,0.0018267969095147902,0.0018267969095147052,0.0012759550464505026,0.0012759550464505054
2024-05-23,-0.0038251225970261996,-0.003825122597026165,0.0,0.0,Bear,False,0.009809572606954704,0.009809572606954697,-0.000339546205502147,-0.0003395462055021392
2024-05-24,-0.007278048523392469,-0.007278048523392422,0.0,0.0,Bear,False,-0.0002810875026100065,-0.00028108750261002236,-0.004110875263436678,-0.004110875263436675
2024-05-27,0.0006430015199088472,0.0006430015199088146,0.0,0.0,Bear,False,-0.0006436693059543634,-0.0006436693059543863,0.00024005196341865312,0.00024005196341869706
2024-05-28,0.0003948734579414725,-0.0010995609338523282,0.001493844512245668,0.7469222561228339,Crisis,True,-0.0011646070100615631,-0.0011694539984480334,2.9848043921412585e-06,-1.4311880893735918e-06
2024-05-29,0.00030277481793452026,0.00030277481793450356,0.0,0.0,Crisis,False,-0.004809069376356656,-0.004809069376356612,-0.0022353950408236325,-0.0022353950408235956
2024-05-30,-0.0019099711150345534,-0.0019099711150345478,0.0,0.0,Crisis,False,-0.005690966870492491,-0.005690966870492531,-0.005667834579135327,-0.0056678345791353335
2024-05-31,0.004900183922708669,0.004900183922708745,0.0,0.0,Crisis,False,0.0025409960577403266,0.0025409960577402746,0.0048267757623262925,0.004826775762326374
2024-06-03,-0.00275655885579838,-0.0027565588557983967,0.0,0.0,Crisis,False,0.01937464559402746,0.01937464559402735,0.006881747020044516,0.006881747020044626
2024-06-04,-0.00030668114366472286,-0.0003066811436647221,0.0,0.0,Crisis,False,-0.03575749889139066,-0.03575749889139068,-0.02017677424881619,-0.020176774248816143
2024-06-05,0.0005889752717802699,0.0005889752717802565,0.0,0.0,Crisis,False,0.01978242750244893,0.019782427502448963,0.011561747024002785,0.01156174702400281
2024-06-06,0.0031741220200084655,0.003174122020008552,0.0,0.0,Crisis,False,0.005300157314049547,0.005300157314049647,0.007164112194423051,0.0071641121944230335
2024-06-07,-0.0014044922729772986,-0.0014044922729773424,0.0,0.0,Crisis,False,0.0122921690767768,0.012292169076776771,0.004853593982748405,0.0048535939827483165
2024-06-10,-0.00392111568224002,-0.003921115682240073,0.0,0.0,Crisis,False,-0.0008017859916920901,-0.0008017859916921166,-0.00564757112898112,-0.005647571128981066
2024-06-11,0.0011811358619451481,0.0011811358619451262,0.0,0.0,Crisis,False,0.000142509781103755,0.00014250978110386114,0.0016585490738857186,0.001658549073885629
2024-06-12,0.0007033089432903604,0.0007033089432904038,0.0,0.0,Crisis,False,0.001506055733870691,0.001506055733870637,0.0017682616833088847,0.0017682616833087916
2024-06-13,1.764414008391967e-05,1.7644140083872273e-05,0.0,0.0,Crisis,False,0.001969816288004408,0.0019698162880044112,0.0011043777144791166,0.0011043777144790212
2024-06-14,4.977637348356937e-05,4.977637348346775e-05,0.0,0.0,Crisis,False,0.0017229804905163286,0.0017229804905163348,0.0010200680602434073,0.001020068060243462
2024-06-18,-0.0010990208096415576,-0.0010990208096415266,0.0,0.0,Crisis,False,0.002376262280400453,0.002376262280400443,-0.0001307366164391445,-0.00013073661643914214
2024-06-19,0.0015571696145142877,0.0015571696145142422,0.0,0.0,Crisis,False,-0.0010740019123357133,-0.0010740019123357536,0.001455908672735581,0.0014559086727354842
2024-06-20,0.001314453595188067,0.0013144535951881142,0.0,0.0,Crisis,False,0.0013134636623922515,0.0013134636623921558,0.002467989147067869,0.002467989147067806
2024-06-21,0.002031751978951153,0.002031751978951224,0.0,0.0,Crisis,False,-0.0016949848445551438,-0.001694984844555103,0.0017486434083573304,0.0017486434083573421
2024-06-24,-0.003701345800060358,-0.0037013458000603183,0.0,0.0,Crisis,False,0.0009468298061612743,0.0009468298061612312,-0.004373732539008118,-0.0043737325390080795
2024-06-25,0.0005559036390090453,0.0005559036390090366,0.0,0.0,Crisis,False,0.004721979089629934,0.004721979089630013,0.003354161319325396,0.0033541613193253106
2024-06-26,-0.001172681064247994,-0.001172681064247949,0.0,0.0,Crisis,False,0.0037748301115396437,0.003774830111539673,0.0005568918418485417,0.0005568918418485946
2024-06-27,-0.000541692706475435,-0.000549308142119953,7.619563106223481e-06,0.0038097815531117404,Crisis,True,0.004488182611706124,0.004466222149863697,0.0017775666203511166,0.0017532763180034827
2024-06-28,0.003909410785753503,0.003909410785753575,0.0,0.0,Crisis,False,0.0005640101461496628,0.0005640101461497071,0.0024180854979547473,0.0024180854979547473
2024-07-01,-0.0003092464129372699,-0.0003092464129372807,0.0,0.0,Crisis,False,0.0032758153080086525,0.0032758153080085783,0.0013755009851680157,0.0013755009851679212
2024-07-02,0.0007067585144884145,0.0007067585144884259,0.0,0.0,Crisis,False,-0.0004458776620224145,-0.0004458776620224203,0.0006892948644419954,0.0006892948644419139
2024-07-03,0.0014705485659618136,0.001470548565961849,0.0,0.0,Crisis,False,0.00404500511502202,0.004045005115022038,0.0041702534616419795,0.004170253461641904
2024-07-04,0.0009091390714489291,0.0009091390714488501,0.0,0.0,Crisis,False,0.00038764658849054385,0.0003876465884904423,0.0014203834847234115,0.0014203834847235086
2024-07-05,0.0007857508079718492,0.0007857508079718301,0.0,0.0,Crisis,False,0.0005372625417090174,0.0005372625417090493,0.001337248217674391,0.001337248217674336
2024-07-08,0.0003622187546137579,0.0003622187546137301,0.0,0.0,Crisis,False,-8.566202686996145e-05,-8.566202686999258e-05,0.00044315179848447534,0.0004431517984844202
2024-07-09,-0.0007633927023987679,-0.0007633927023987797,0.0,0.0,Crisis,False,0.002787863931804387,0.002787863931804413,0.000505695254299659,0.0005056952542996651
2024-07-10,0.0006486563142450728,0.0006486563142451551,0.0,0.0,Crisis,False,-0.0026798840663349,-0.0026798840663349033,-0.0006124561902202324,-0.0006124561902202119
2024-07-11,0.0005669479537898897,0.0005669479537899758,0.0,0.0,Crisis,False,-0.00021436828652629945,-0.000214368286526323,0.0006448164380404982,0.0006448164380405963
2024-07-12,0.0009004873073636273,0.0009004873073636954,0.0,0.0,Crisis,False,0.004612727467786575,0.004612727467786515,0.0036991312798501414,0.0036991312798502207
2024-07-15,0.00012918290915897468,0.0001291829091589758,0.0,0.0,Crisis,False,0.0020790636415903537,0.002079063641590384,0.0013132337575758536,0.0013132337575758601
2024-07-16,0.0021470787967662252,0.002147078796766122,0.0,0.0,Crisis,False,0.0006506443278472348,0.0006506443278473384,0.003185707578648599,0.0031857075786485556
2024-07-18,0.001955814159993683,0.001955814159993574,0.0,0.0,Crisis,False,0.004615545262218454,0.004615545262218523,0.00509559922834313,0.005095599228343239
2024-07-19,-0.0020877215859416444,-0.0020877215859416154,0.0,0.0,Crisis,False,-0.006602294596275106,-0.006602294596275149,-0.006340689575026185,-0.006340689575026204
2024-07-22,-0.0013633523256839925,-0.0013633523256839641,0.0,0.0,Crisis,False,-0.0005370425122819242,-0.0005370425122819267,-0.0020864989598636976,-0.0020864989598636807
2024-07-23,-0.007884205032169005,-0.007884205032169023,0.0,0.0,Crisis,False,-0.0007439070534380685,-0.0007439070534380754,-0.010840728577319245,-0.010840728577319214
2024-07-24,-0.002319390711790099,-0.0023193907117901036,0.0,0.0,Crisis,False,-0.0016119225085887826,-0.00161192250858877,-0.003974870042655781,-0.0039748700426557315
2024-07-25,-0.0009623662103041054,-0.0009623662103040997,0.0,0.0,Crisis,False,-0.00018674597352321364,-0.00018674597352319466,-0.0013737943175550357,-0.0013737943175550216
2024-07-26,0.002642154692912205,0.0026421546929122908,0.0,0.0,Crisis,False,0.010588440994113452,0.01058844099411349,0.0093612451972434,0.00936124519724335
2024-07-29,-0.005008161426792042,-0.006592163884688529,0.0015919753273230856,0.7959876636615426,Bull,True,3.054664897165271e-05,1.6727918402681397e-05,-0.006601201627177742,-0.006620524706488107
2024-07-30,-0.0007801691473158071,-0.0007801691473158234,0.0,0.0,Bull,False,0.0005121860245800303,0.0005121860245800303,-0.002153925125124134,-0.0021539251251241343
2024-07-31,0.004149080531656311,0.004149080531656413,0.0,0.0,Bull,False,0.0036515360097212632,0.0036515360097213456,0.004295359364061302,0.004295359364061335
2024-08-01,0.0033085143296334727,0.0033085143296334163,0.0,0.0,Bull,False,0.0014414809115765133,0.001441480911576587,0.0031236687225335235,0.003123668722533557
2024-08-02,-0.007421287215790983,-0.007421287215790939,0.0,0.0,Bull,False,-0.007043729128578015,-0.00704372912857798,-0.0006426763371740209,-0.0006426763371740751
2024-08-05,-0.024510592250596572,-0.024510592250596597,0.0,0.0,Bull,False,-0.016022834520496007,-0.01602283452049602,-0.014098403291668648,-0.01409840329166867
2024-08-06,-0.0025024424754019783,-0.002502442475401989,0.0,0.0,Bull,False,-0.001546145899431422,-0.0015461458994314725,-0.0015380499082602546,-0.0015380499082602306
2024-08-07,0.008632994686063683,0.00863299468606371,0.0,0.0,Bull,False,0.007509678230680757,0.007509678230680716,0.0017302242964866163,0.0017302242964867265
2024-08-08,-0.00631032696944955,-0.006310326969449553,0.0,0.0,Bull,False,-0.0044118606181677116,-0.004411860618167673,-0.0030751284968716826,-0.0030751284968716375
2024-08-09,0.010270338323474128,0.010270338323474126,0.0,0.0,Bull,False,0.006145876788523696,0.00614587678852363,0.006673874034961923,0.006673874034961891
2024-08-12,0.000573469668241712,0.0005734696682417884,0.0,0.0,Bull,False,-0.0005002162227264093,-0.0005002162227264462,0.0017767079278302946,0.0017767079278303566
2024-08-13,-0.005488957484022483,-0.00548895748402245,0.0,0.0,Bull,False,-0.005073840094513071,-0.00507384009451306,-0.0006359238124660048,-0.0006359238124660216
2024-08-14,0.0008855450431524265,0.0008855450431524137,0.0,0.0,Bull,False,0.00011655313685931,0.00011655313685920987,0.0012605286267046824,0.0012605286267046711
2024-08-16,0.012569197682156356,0.012569197682156252,0.0,0.0,Bull,False,0.009750076675132235,0.009750076675132169,0.004555332774881852,0.004555332774881959
2024-08-19,0.004003475726369386,0.004003475726369388,0.0,0.0,Bull,False,0.0007613333836292147,0.0007613333836291591,0.005347114686104119,0.00534711468610416
2024-08-20,0.005204389490548953,0.005204389490548911,0.0,0.0,Bull,False,0.003064022822450143,0.0030640228224501076,0.0035422306765745966,0.0035422306765746647
2024-08-21,0.0013089038656275871,0.001308903865627542,0.0,0.0,Bull,False,0.0017270236127647975,0.0017270236127648886,-0.0006801055639900046,-0.0006801055639900078
2024-08-22,0.0015633296863021332,0.0015633296863022395,0.0,0.0,Bull,False,0.0010019885504438358,0.0010019885504437553,0.0009457842003141861,0.0009457842003142147
2024-08-23,-0.00030374815753798635,-0.00030374815753797524,0.0,0.0,Bull,False,0.0002812307678491023,0.0002812307678490278,-0.0009678457810410296,-0.0009678457810410324
2024-08-26,0.007974865080583746,0.00797486508058376,0.0,0.0,Bull,False,0.004523596511741942,0.004523596511741834,0.005751320460242871,0.005751320460242848
2024-08-27,-0.000713405339544004,-0.0007134053395440043,0.0,0.0,Bull,False,0.0001717789132234638,0.0001717789132233971,-0.0014696589583766747,-0.0014696589583766961
2024-08-28,0.0011014163127809574,0.001094647117662273,6.761747619522281e-06,0.003380873809761141,Bull,True,0.0008310682336525289,0.0008285714695133173,0.0004581265090001394,0.0004475940924224542
2024-08-29,0.0032465899203390812,0.0032465899203391047,0.0,0.0,Bull,False,0.0023853956437937637,0.0023853956437938084,0.001435324167732066,0.001435324167732066
2024-08-30,0.0029684618940691715,0.0029684618940690743,0.0,0.0,Bull,False,0.003309228728766758,0.003309228728766822,0.002697351383548914,0.002697351383548874
2024-09-02,1.237094004230858e-05,1.2370940042361056e-05,0.0,0.0,Bull,False,0.00101921340466291,0.001019213404662933,-0.0016806761941241402,-0.0016806761941241533
2024-09-03,0.00039759394023122346,0.0003975939402312001,0.0,0.0,Bull,False,2.7367565714199e-05,2.7367565714309094e-05,0.000619353255129964,0.0006193532551299619
2024-09-04,-0.004313373046792172,-0.004313373046792135,0.0,0.0,Bull,False,-0.001930498929013362,-0.0019304989290133134,-0.003985202698547953,-0.003985202698547963
2024-09-05,0.0006650622501007212,0.0006650622501007675,0.0,0.0,Bull,False,-0.0012815190125240888,-0.001281519012524046,0.0032501803039570324,0.003250180303957073
2024-09-06,-0.008964895085385624,-0.008964895085385671,0.0,0.0,Bull,False,-0.006987484137032452,-0.006987484137032429,-0.0032813341860965257,-0.0032813341860965517
2024-09-09,0.0010451398597557486,0.0010451398597557393,0.0,0.0,Bull,False,0.002020841443180055,0.0020208414431801547,-0.0016364653525359214,-0.0016364653525359207
2024-09-10,0.004024070940425598,0.0040240709404255615,0.0,0.0,Bull,False,0.002515221615093107,0.0025152216150932105,0.002503934965670892,0.0025039349656708065
2024-09-11,-0.0027632730580495293,-0.0027632730580495757,0.0,0.0,Bull,False,-0.0029344151925412504,-0.0029344151925412287,0.00029488409481368515,0.0002948840948135967
2024-09-12,0.014747943872376665,0.014747943872376768,0.0,0.0,Bull,False,0.011284697492097574,0.011284697492097484,0.005704682976272142,0.005704682976272135
2024-09-13,0.002341865681191181,0.002341865681191102,0.0,0.0,Bull,False,-0.0007648408351778294,-0.0007648408351778047,0.005211738125682346,0.00521173812568243
2024-09-16,0.002195206042591808,0.002195206042591824,0.0,0.0,Bull,False,0.0006431258504913623,0.0006431258504913107,0.002587527177582417,0.0025875271775823716
2024-09-17,0.0001835935908795097,0.00018359359087960492,0.0,0.0,Bull,False,0.0008297891638304603,0.0008297891638304744,-0.001060475318177588,-0.001060475318177545
2024-09-18,-0.001581664321086858,-0.001581664321086862,0.0,0.0,Bull,False,-0.0009721475259118354,-0.0009721475259117929,-0.001027951683691155,-0.0010279516836911862
2024-09-19,0.0028655421365246137,0.002865542136524679,0.0,0.0,Bull,False,0.0009078250488051367,0.0009078250488050443,0.0032783734310435136,0.0032783734310435353
2024-09-20,0.012558615794908627,0.01255861579490869,0.0,0.0,Bull,False,0.008895692857592286,0.008895692857592286,0.006219754441070023,0.006219754441070036
2024-09-23,0.0058113587876721575,0.0058113587876722494,0.0,0.0,Bull,False,0.0034808876819383337,0.003480887681938327,0.00397790890744811,0.003977908907448091
2024-09-24,0.0006156214322782571,0.0006156214322783349,0.0,0.0,Bull,False,2.7715611209773967e-05,2.7715611209844226e-05,0.0009807168526834798,0.0009807168526834165
2024-09-25,0.004099484910594578,0.004099484910594642,0.0,0.0,Bull,False,0.001496996426829363,0.0014969964268294333,0.0044234578718444755,0.004423457871844505
2024-09-26,0.006851360210658489,0.006850514575842848,8.398804919553174e-07,0.0004199402459776587,Bull,True,0.004951655157253097,0.004931409763785366,0.0033192031586778813,0.003299130136895201
2024-09-27,-0.002043602860500407,-0.0020436028605004264,0.0,0.0,Bull,False,-0.0008491339021940324,-0.0008491339021939881,-0.0019876101354719213,-0.0019876101354718845
2024-09-30,-0.011026596583469774,-0.011026596583469828,0.0,0.0,Bull,False,-0.006976365356217535,-0.006976365356217484,-0.0031088167498956893,-0.0031088167498957153
2024-10-01,-0.0003034709767614191,-0.0003034709767614219,0.0,0.0,Bull,False,-0.0003177415547976678,-0.0003177415547976903,3.523590945113786e-05,3.523590945109234e-05
2024-10-03,-0.016580030710324725,-0.016580030710324767,0.0,0.0,Bull,False,-0.012617126815502108,-0.012617126815502089,-0.006462458784658659,-0.006462458784658676
2024-10-04,-0.006428183815866861,-0.00642818381586685,0.0,0.0,Bull,False,-0.005503470760479381,-0.005503470760479412,-0.0014427675225561004,-0.001442767522556121
2024-10-07,-0.007509423143402449,-0.007509423143402416,0.0,0.0,Bull,False,-0.00514676729005636,-0.005146767290056364,-0.003775601153639892,-0.0037756011536398404
2024-10-08,0.005744656133203137,0.005744656133203074,0.0,0.0,Bull,False,0.005135039454360646,0.005135039454360557,0.0008973797213384792,0.0008973797213385204
2024-10-09,-0.0023943279902317095,-0.0023943279902317594,0.0,0.0,Bull,False,-0.0007332126642361518,-0.0007332126642362047,-0.0026867115855396854,-0.0026867115855396806
2024-10-10,0.0004913086446433518,0.0004913086446434178,0.0,0.0,Bull,False,0.00038802663984708463,0.00038802663984705,0.00016046534604695215,0.00016046534604696738
2024-10-11,0.0006501556241093557,0.0006501556241094164,0.0,0.0,Bull,False,-0.0008039430751523121,-0.0008039430751523025,0.002378945864956616,0.002378945864956572
2024-10-14,0.006633754770316942,0.006633754770317024,0.0,0.0,Bull,False,0.0038553861563348072,0.00385538615633485,0.004455540188307892,0.00445554018830796
2024-10-15,-0.002615294168393976,-0.002615294168394011,0.0,0.0,Bull,False,-0.0016586779087302043,-0.0016586779087301995,-0.0015460559115194118,-0.0015460559115194616
2024-10-16,-0.00082830379148287,-0.0008283037914829094,0.0,0.0,Bull,False,-0.0020200083350682854,-0.002020008335068324,0.0019632611213256995,0.00196326112132561
2024-10-17,-0.0070036602447479165,-0.007003660244747967,0.0,0.0,Bull,False,-0.0052091198519743365,-0.005209119851974364,-0.0028473622316268483,-0.0028473622316268488
2024-10-18,0.005750196396948581,0.005750196396948626,0.0,0.0,Bull,False,0.002468050981678732,0.0024680509816787932,0.005269687837779325,0.005269687837779369
2024-10-21,-0.00031729292131512645,-0.00031729292131510434,0.0,0.0,Bull,False,-0.0017207441595282747,-0.0017207441595282758,0.002280899042251823,0.002280899042251816
2024-10-22,-0.009984336130175077,-0.009984336130175131,0.0,0.0,Bull,False,-0.0073052611081899435,-0.007305261108189964,-0.004273489443594805,-0.004273489443594847
2024-10-23,0.000248357241153719,0.000248357241153796,0.0,0.0,Bull,False,-0.0008711495464878202,-0.000871149546487815,0.0018016117437806489,0.0018016117437806844
2024-10-24,-0.002507860259163595,-0.002507860259163608,0.0,0.0,Bull,False,-0.0008558390093081301,-0.0008558390093080792,-0.0026222388685409326,-0.0026222388685409603
2024-10-25,-0.008002856554678974,-0.008002856554679028,0.0,0.0,Bull,False,-0.005212139031773198,-0.0052121390317732,-0.0043983430292020426,-0.0043983430292020564
2024-10-28,0.006219714229949788,0.0050485353455989035,0.001163939513197875,0.5819697565989375,Bear,True,0.003791177323895366,0.00375336107597124,0.003795295875539409,0.0037550247614555055
2024-10-29,0.007373494266023002,0.007373494266023073,0.0,0.0,Bear,False,0.0031519760621184115,0.003151976062118367,0.004387271389557116,0.00438727138955719
2024-10-30,0.0076644986220396625,0.007664498622039773,0.0,0.0,Bear,False,-0.0031003154113889387,-0.0031003154113888876,0.0019111759612523613,0.0019111759612524537
2024-10-31,-0.0022949482903513985,-0.002294948290351373,0.0,0.0,Bear,False,-0.0017874224921156348,-0.001787422492115609,-0.0010617563522532084,-0.0010617563522532514
2024-11-01,0.0008032510871386834,0.0008032510871387455,0.0,0.0,Bear,False,0.0024447800981943816,0.002444780098194377,0.0013487748656119457,0.0013487748656120235
2024-11-04,-0.013304065622637931,-0.013304065622637973,0.0,0.0,Bear,False,-0.00761206744518654,-0.007612067445186499,-0.008734929560820393,-0.008734929560820337
2024-11-05,0.0008180060125473305,0.0008180060125473343,0.0,0.0,Bear,False,0.00540632385504816,0.005406323855048134,0.002581936457000019,0.0025819364570001113
2024-11-06,-0.002030024208554133,-0.0020300242085541376,0.0,0.0,Bear,False,0.0066848170551312616,0.0066848170551312425,0.0019336671585595956,0.0019336671585596932
2024-11-07,-0.017682996214808126,-0.017682996214808178,0.0,0.0,Bear,False,-0.006978659017083367,-0.006978659017083388,-0.010256961957345401,-0.010256961957345379
2024-11-08,0.007875972994450486,0.00787597299445042,0.0,0.0,Bear,False,-0.0012633332166293297,-0.0012633332166293032,0.0027162676553349092,0.0027162676553349474
2024-11-11,-0.006329175038123246,-0.006329175038123247,0.0,0.0,Bear,False,-0.0001745636951841567,-0.00017456369518420445,-0.0026963755062951894,-0.002696375506295201
2024-11-12,-0.022576583152891728,-0.022576583152891683,0.0,0.0,Bear,False,-0.0063737237049523296,-0.006373723704952372,-0.011984613468956034,-0.011984613468956073
2024-11-13,0.002416099443540706,0.002416099443540709,0.0,0.0,Bear,False,-0.008079122930366587,-0.008079122930366611,-0.0024163695570042316,-0.0024163695570041943
2024-11-14,-0.0186666983496888,-0.018666698349688815,0.0,0.0,Bear,False,-0.0006572759062058513,-0.0006572759062059008,-0.00793219436042821,-0.007932194360428246
2024-11-18,0.013601369083217449,0.013601369083217518,0.0,0.0,Bear,False,-0.0019812881109556703,-0.001981288110955659,0.0046846683082052455,0.004684668308205353
2024-11-19,0.010968245792803723,0.010968245792803755,0.0,0.0,Bear,False,0.0016279444576835429,0.001627944457683439,0.0051728638395986785,0.005172863839598696
2024-11-21,0.009246042475279452,0.009246042475279381,0.0,0.0,Bear,False,-0.004235363393065391,-0.0042353633930654055,0.002039827247177662,0.0020398272471777723
2024-11-22,0.014145978026233418,0.014145978026233408,0.0,0.0,Bear,False,0.01405659324352463,0.014056593243524595,0.011696077816922591,0.011696077816922612
2024-11-25,-0.009049812960520601,-0.009049812960520653,0.0,0.0,Bear,False,0.007827868077314521,0.007827868077314504,-0.0005083103718214752,-0.0005083103718215298
2024-11-26,-0.01248995512130068,-0.012489955121300689,0.0,0.0,Bear,False,-0.0006724114402943665,-0.0006724114402943959,-0.005428898851545726,-0.005428898851545738
2024-11-27,0.007829752054541733,0.007829752054541839,0.0,0.0,Bear,False,0.0019859995287270613,0.0019859995287270227,0.004041246757367022,0.004041246757366945
2024-11-28,-0.002037575107965757,-0.0023031007556113536,0.00026606778073264464,0.13303389036632235,Bear,True,-0.008893355823429705,-0.008903601059705113,-0.0045755024500944595,-0.004587088362542513
2024-11-29,0.005632615339314958,0.005632615339314917,0.0,0.0,Bear,False,0.006830568710024609,0.0068305687100245205,0.005481410289220075,0.005481410289220001
2024-12-02,-0.003460629016877973,-0.0034606290168779363,0.0,0.0,Bear,False,0.0036121155293024954,0.0036121155293025176,-0.0007342432950571149,-0.0007342432950571132
2024-12-03,0.005638599747274599,0.005638599747274542,0.0,0.0,Bear,False,0.004500599487643092,0.004500599487643031,0.004069822721923903,0.004069822721923799
2024-12-04,-0.00037257642843827325,-0.0003725764284382427,0.0,0.0,Bear,False,0.00025457257536653653,0.00025457257536642963,-0.00011565589584276655,-0.00011565589584272562
2024-12-05,0.003861262957786944,0.003861262957786993,0.0,0.0,Bear,False,0.00595445891725366,0.005954458917253769,0.0035875206535867085,0.0035875206535866955
2024-12-06,-0.0011424776132206123,-0.001142477613220616,0.0,0.0,Bear,False,-0.0007555934443759488,-0.0007555934443759238,-0.00078448278602277,-0.0007844827860227221
2024-12-09,0.0022719461202597283,0.002271946120259827,0.0,0.0,Bear,False,-0.0014417083893856568,-0.0014417083893856208,0.0007367133708882106,0.000736713370888209
2024-12-10,0.0037766300572245593,0.003776630057224617,0.0,0.0,Bear,False,-0.0002242217834041339,-0.00022422178340408827,0.0018274201055062552,0.0018274201055061834
2024-12-11,0.004220400034840203,0.004220400034840255,0.0,0.0,Bear,False,0.0007818634491792768,0.0007818634491791876,0.0023354370804444914,0.00233543708044448
2024-12-12,0.0033059810458872145,0.0033059810458873073,0.0,0.0,Bear,False,-0.0022870036107217363,-0.0022870036107217606,0.0010308425599773181,0.0010308425599772075
2024-12-13,-0.005930983631952422,-0.005930983631952436,0.0,0.0,Bear,False,0.005415986230451351,0.005415986230451253,-0.0014932757820323478,-0.0014932757820323994
2024-12-16,-0.0027021166330042186,-0.0027021166330042368,0.0,0.0,Bear,False,-0.0024581157154569227,-0.0024581157154569544,-0.0020417989041419567,-0.0020417989041419116
2024-12-17,-0.008468368777493875,-0.008468368777493906,0.0,0.0,Bear,False,-0.008166266560670817,-0.008166266560670765,-0.006514868761989012,-0.006514868761989034
2024-12-18,0.000984821717145296,0.0009848217171453122,0.0,0.0,Bear,False,-0.003400348058163881,-0.0034003480581639156,-0.0004509733013664879,-0.00045097330136645297
2024-12-19,-0.009619883739818098,-0.009619883739818147,0.0,0.0,Bear,False,-0.0061484676830284735,-0.006148467683028458,-0.0065230147859761806,-0.006523014785976167
2024-12-20,-0.009896143545635713,-0.009896143545635727,0.0,0.0,Bear,False,-0.009116394106104458,-0.00911639410610443,-0.007468352679132727,-0.007468352679132706
2024-12-23,0.009186681465434119,0.009186681465434221,0.0,0.0,Bear,False,0.0041921484276400516,0.004192148427640152,0.005737407105119318,0.005737407105119274
2024-12-24,-0.0033845745963914054,-0.00338457459639141,0.0,0.0,Bear,False,-0.0006529757086888468,-0.0006529757086888299,-0.001875095132321568,-0.001875095132321536
2024-12-26,0.0036640512829253656,0.0036640512829253513,0.0,0.0,Bear,False,0.0005715913733228078,0.000571591373322855,0.001989831761451454,0.0019898317614515104
2024-12-27,0.0030746505205634994,0.003074650520563438,0.0,0.0,Bear,False,0.0015860535901805772,0.0015860535901806028,0.001973335344260622,0.001973335344260585
2024-12-30,-0.004537609339485408,-0.004800673177327908,0.00026426295991744157,0.1321314799587208,Bear,True,-0.004232449278141058,-0.00423952652191506,-0.0034395513716559576,-0.003445183750946934
2024-12-31,0.0011241116802471602,0.0011241116802471751,0.0,0.0,Bear,False,0.001614028074120788,0.0016140280741208102,0.0018144564418273907,0.0018144564418274278
2025-01-01,0.0040752196279990015,0.0040752196279989494,0.0,0.0,Bear,False,0.002485310423293012,0.002485310423292919,0.0027321769235639963,0.002732176923563978
2025-01-02,0.006859671888825993,0.00685967188882608,0.0,0.0,Bear,False,0.011264883313589486,0.011264883313589547,0.0075516596416668035,0.007551659641666708
2025-01-03,0.004267858814463724,0.0042678588144637875,0.0,0.0,Bear,False,-0.0045957148155105,-0.0045957148155104655,-0.00014287353249963983,-0.0001428735324996433
2025-01-06,-0.008891801959895834,-0.008891801959895806,0.0,0.0,Bear,False,-0.009762518848535157,-0.009762518848535184,-0.0077854899930038905,-0.00778548999300388
2025-01-07,0.0027565130364585327,0.00275651303645863,0.0,0.0,Bear,False,0.002332699026076564,0.002332699026076579,0.0021227829320655607,0.002122782932065581
2025-01-08,0.00417239558203225,0.004172395582032307,0.0,0.0,Bear,False,-0.00047935330318247204,-0.0004793533031824948,0.0015461282249929606,0.0015461282249928932
2025-01-09,0.002095788728493542,0.002095788728493586,0.0,0.0,Bear,False,-0.0041149980610057325,-0.004114998061005681,-0.0008286878228473216,-0.0008286878228472849
2025-01-10,0.0057269426655842835,0.005726942665584378,0.0,0.0,Bear,False,-0.002409994709067418,-0.0024099947090674423,0.0014146519006982363,0.0014146519006983382
2025-01-13,0.0010536433266735232,0.001053643326673459,0.0,0.0,Bear,False,-0.008801941591369577,-0.0088019415913696,-0.0031780610614777155,-0.003178061061477666
2025-01-14,-0.001820276741444011,-0.0018202767414440268,0.0,0.0,Bear,False,0.002311387490547666,0.0023113874905476006,0.00017220960354514853,0.00017220960354524806
2025-01-15,0.0029996396988656196,0.0029996396988656304,0.0,0.0,Bear,False,0.0009565235832277484,0.0009565235832278418,0.0016639775788713535,0.0016639775788713784
2025-01-16,0.004839893149406113,0.004839893149406027,0.0,0.0,Bear,False,0.0025215780608334568,0.002521578060833418,0.0030837113435990783,0.0030837113435990826
2025-01-17,-4.226376321681131e-05,-4.226376321680991e-05,0.0,0.0,Bear,False,-0.002770737843882028,-0.002770737843882043,-0.0011513578280476242,-0.00115135782804765
2025-01-20,0.0003129762380332642,0.0003129762380331691,0.0,0.0,Bear,False,0.003626701479627787,0.0036267014796278474,0.0016163806477681735,0.0016163806477682563
2025-01-21,0.0017405199726188486,0.0017405199726188147,0.0,0.0,Bear,False,-0.008171701154807027,-0.008171701154807032,-0.002609913268669121,-0.0026099132686691062
2025-01-22,0.00918992530779977,0.009189925307799829,0.0,0.0,Bear,False,0.003359975390929359,0.0033599753909292485,0.005286663048285643,0.0052866630482857335
2025-01-23,-0.0018750255836872459,-0.0018750255836872398,0.0,0.0,Bear,False,0.0012826378977421765,0.0012826378977421893,-0.00028098628202023117,-0.0002809862820202236
2025-01-24,0.003168792864917467,0.003168792864917558,0.0,0.0,Bear,False,-0.00289483489627225,-0.0028948348962722914,0.0001767364508468477,0.00017673645084692602
2025-01-27,-0.003093598604552142,-0.0030935986045521613,0.0,0.0,Bear,False,-0.0067629278630992095,-0.006762927863099177,-0.004074569472336687,-0.004074569472336642
2025-01-28,-0.0002804774623520925,-0.00030665698050491574,2.618686297776632e-05,0.01309343148888316,Bear,True,0.003317944192460705,0.0033017353893813883,0.0012252137217389754,0.001195061187461377
2025-01-29,0.005107892510620963,0.005107892510620937,0.0,0.0,Bear,False,0.005379989573010668,0.005379989573010668,0.004369956252427679,0.0043699562524277535
2025-01-30,0.003457688219566821,0.0034576882195667125,0.0,0.0,Bear,False,0.0022460367380196682,0.0022460367380197077,0.002378553974291209,0.0023785539742913198
2025-01-31,0.013856069161357273,0.013856069161357176,0.0,0.0,Bear,False,0.00868694408191458,0.008686944081914616,0.010228822739420732,0.010228822739420718
2025-02-01,-0.0017286632673979901,-0.0017286632673979563,0.0,0.0,Bear,False,-0.0006790148953868128,-0.000679014895386798,-0.0010085852635324786,-0.0010085852635324244
2025-02-03,0.006968257994243934,0.006968257994243832,0.0,0.0,Bear,False,-0.0031160766886084022,-0.00311607668860836,0.001619094886601126,0.001619094886601058
2025-02-04,0.008272622657423553,0.008272622657423456,0.0,0.0,Bear,False,0.009762059048983359,0.009762059048983307,0.007528558436475872,0.0075285584364759295
2025-02-05,0.0166577042416048,0.01665770424160473,0.0,0.0,Bear,False,-0.001093887937031087,-0.001093887937031135,0.006562811115738835,0.006562811115738754
2025-02-06,-0.0023413924690138927,-0.002341392469013881,0.0,0.0,Bear,False,-0.002378657721767499,-0.0023786577217674854,-0.0019767746079533714,-0.0019767746079534243
2025-02-07,0.0008790611149734972,0.0008790611149736005,0.0,0.0,Bear,False,-0.0011132814966331973,-0.001113281496633145,-8.503917329952856e-05,-8.503917329949484e-05
2025-02-10,0.009549472988199111,0.009549472988199081,0.0,0.0,Bear,False,-0.004580018964901875,-0.0045800189649019,0.0021789306158400776,0.00217893061584018
2025-02-11,-0.008559077986835702,-0.00855907798683575,0.0,0.0,Bear,False,-0.007996274612344282,-0.007996274612344312,-0.00694167573130364,-0.006941675731303665
2025-02-12,-0.00595262724002083,-0.00595262724002088,0.0,0.0,Bear,False,-0.0006904826355234783,-0.000690482635523515,-0.002830250359725376,-0.0028302503597253947
2025-02-13,0.004408122207411731,0.004408122207411713,0.0,0.0,Bear,False,-0.00035635368812945273,-0.00035635368812947377,0.001736876255586255,0.0017368762555862727
2025-02-14,0.0030941732926350824,0.0030941732926350607,0.0,0.0,Bear,False,-0.0026593178874357417,-0.002659317887435786,0.00023747044605824247,0.00023747044605815226
2025-02-17,-0.006147837454763775,-0.0061478374547637715,0.0,0.0,Bear,False,0.0007896089594990413,0.0007896089594989775,-0.0023163524590970137,-0.002316352459097004
2025-02-18,0.0036088569563641247,0.003608856956364148,0.0,0.0,Bear,False,-0.00037034659061348045,-0.00037034659061352393,0.0013912620480739765,0.001391262048074049
2025-02-19,0.008336961677691246,0.008336961677691157,0.0,0.0,Bear,False,-0.0003235490555241643,-0.0003235490555241194,0.0034395239342326456,0.0034395239342326356
2025-02-20,-0.0028406243208473096,-0.002840624320847307,0.0,0.0,Bear,False,-0.0005195623097801078,-0.0005195623097801194,-0.0014356425155179543,-0.0014356425155179764
2025-02-21,-0.005554218559038362,-0.005554218559038371,0.0,0.0,Bear,False,-0.0030577659209600956,-0.003057765920960076,-0.0036297301130918075,-0.003629730113091756
2025-02-24,0.003843249251721922,0.0038432492517219696,0.0,0.0,Bear,False,-0.006357459608338605,-0.006357459608338556,-0.0009401150167479737,-0.0009401150167479555
2025-02-25,0.001633830347299289,0.0012331802254037516,0.00039999659531933106,0.19999829765966554,Bear,True,-0.00015286606127396692,-0.00016390612957617456,0.0006424720570229797,0.0006063491727168469
2025-02-27,-0.009565007044567059,-0.009565007044567087,0.0,0.0,Bear,False,-6.245910877555882e-05,-6.245910877555882e-05,-0.004019836672805588,-0.004019836672805588
2025-02-28,-0.007919757233771548,-0.007919757233771585,0.0,0.0,Bear,False,-0.009719725064752974,-0.009719725064752938,-0.008600566695693838,-0.008600566695693868
2025-03-03,0.002907729709006817,0.0029077297090067677,0.0,0.0,Bear,False,-0.0001491555738422599,-0.0001491555738422079,0.0011222522480412805,0.001122252248041189
2025-03-04,0.01182845652828179,0.011828456528281794,0.0,0.0,Bear,False,-0.000985063584799001,-0.0009850635847989953,0.004365081826603135,0.004365081826603223
2025-03-05,-0.0016542877317905424,-0.0016542877317905491,0.0,0.0,Bear,False,0.006851063961426143,0.006851063961426096,0.0030995513144642956,0.003099551314464266
2025-03-06,-0.0041957098089923815,-0.0041957098089924205,0.0,0.0,Bear,False,0.005545897838689591,0.005545897838689529,0.001333796959747735,0.0013337969597477795
2025-03-07,0.0035498579242303854,0.0035498579242303485,0.0,0.0,Bear,False,0.00020729300295389076,0.0002072930029539677,0.0015859028593230432,0.0015859028593230295
2025-03-10,-0.00044217449675137526,-0.00044217449675132414,0.0,0.0,Bear,False,-0.00244953566791524,-0.0024495356679152813,-0.0015481338355707516,-0.0015481338355707308
2025-03-11,-0.0009972982721112818,-0.0009972982721112578,0.0,0.0,Bear,False,0.0009973486970208862,0.00099734869702095,0.0001405164086944299,0.0001405164086945021
2025-03-12,0.0026588117983261886,0.002658811798326166,0.0,0.0,Bear,False,-0.0007249888601496697,-0.0007249888601497112,0.0006997456611546492,0.0006997456611546049
2025-03-13,0.005520324391180642,0.005520324391180553,0.0,0.0,Bear,False,-0.001951696577570604,-0.0019516965775705497,0.0012095819213920208,0.0012095819213919778
2025-03-17,0.007793800329925302,0.007793800329925382,0.0,0.0,Bear,False,0.0029718918746236087,0.0029718918746235445,0.004902212626678261,0.004902212626678226
2025-03-18,4.673664337741301e-09,4.6736643444234005e-09,0.0,0.0,Bear,False,0.008659286644358723,0.008659286644358666,0.004792566863724734,0.0047925668637247565
2025-03-19,0.007846505253960013,0.007846505253960023,0.0,0.0,Bear,False,0.001936934475809982,0.0019369344758100038,0.004346687867760491,0.00434668786776049
2025-03-20,0.002594452939813769,0.0025944529398138627,0.0,0.0,Bear,False,0.007449769822319037,0.007449769822319041,0.005214167541901049,0.005214167541901071
2025-03-21,-0.005822463516727816,-0.005822463516727772,0.0,0.0,Bear,False,0.004173457174259071,0.004173457174259099,-0.00011048868930156348,-0.00011048868930152445
2025-03-24,-0.010303161984373853,-0.010303161984373865,0.0,0.0,Bear,False,0.008011714478083461,0.008011714478083354,0.00019614993836916846,0.00019614993836913897
2025-03-25,0.002520464127106193,0.002520464127106159,0.0,0.0,Bear,False,0.00026585873996505153,0.0002658587399650969,0.0011838867284786159,0.0011838867284785781
2025-03-26,0.00021656840851563987,0.0002165684085155828,0.0,0.0,Bear,False,-0.004694872126061024,-0.0046948721260610116,-0.002548444728132369,-0.0025484447281323153
2025-03-27,0.006010688730509534,0.0060106887305095835,0.0,0.0,Bear,False,0.0027246466760158044,0.002724646676015796,0.004004138034497459,0.004004138034497506
2025-03-28,0.004727079143182219,0.004325207180051471,0.00039998122024683844,0.19999061012341923,Bear,True,-0.00027125163219556946,-0.00028771470047572745,0.0019124059988650623,0.0018995661445417866
2025-04-01,0.02460875759386545,0.024608757593865382,0.0,0.0,Bear,False,-0.009025928791645965,-0.009025928791645987,0.0064911287260420725,0.0064911287260420725
2025-04-02,-0.0037758554306051295,-0.0037758554306051018,0.0,0.0,Bear,False,0.004290125404146543,0.0042901254041465275,0.00015842675510958134,0.00015842675510957527
2025-04-03,-0.004701186878587611,-0.00470118687858756,0.0,0.0,Bear,False,-0.002104333832102966,-0.002104333832102956,-0.0028514621175748187,-0.00285146211757481
2025-04-04,-0.012024706726435564,-0.012024706726435519,0.0,0.0,Bear,False,-0.00887884294939158,-0.008878842949391563,-0.008731321581816158,-0.00873132158181611
2025-04-07,-0.018760197437454,-0.01876019743745405,0.0,0.0,Bear,False,-0.01925683035788843,-0.019256830357888388,-0.015824331367990784,-0.015824331367990774
2025-04-08,0.0015881925656512767,0.0015881925656513474,0.0,0.0,Bear,False,0.009890063773671864,0.009890063773671853,0.004727926709977126,0.004727926709977126
2025-04-09,0.01205367810771633,0.012053678107716292,0.0,0.0,Bear,False,-0.0035729963760199983,-0.0035729963760200434,0.0035619537766656633,0.0035619537766655718
2025-04-11,0.03618137115892918,0.036181371158929165,0.0,0.0,Bear,False,0.011276650757838546,0.011276650757838569,0.019865295124721353,0.01986529512472135
2025-04-15,0.0016072486555703098,0.0016072486555702703,0.0,0.0,Bear,False,0.012984275433811742,0.012984275433811643,0.005965745313320231,0.00596574531332017
2025-04-16,0.01723736234601059,0.0172373623460107,0.0,0.0,Bear,False,0.002785277663563158,0.0027852776635630683,0.00848610342420277,0.008486103424202751
2025-04-17,0.006414058087130555,0.006414058087130581,0.0,0.0,Bear,False,0.010595231104949062,0.010595231104949088,0.007069447083464013,0.00706944708346402
2025-04-21,0.017856896399617798,0.01785689639961774,0.0,0.0,Bear,False,0.006928711353166618,0.006928711353166639,0.010500972674766296,0.01050097267476624
2025-04-22,0.01861236283481613,0.018612362834816043,0.0,0.0,Bear,False,0.0010475843734758543,0.0010475843734758516,0.008480213454875535,0.008480213454875596
2025-04-23,-0.02336955106516681,-0.023369551065166805,0.0,0.0,Bear,False,0.004054100158499025,0.004054100158499052,-0.008577785487890323,-0.008577785487890344
2025-04-24,0.0005540833568160197,0.0005540833568160597,0.0,0.0,Bear,False,-0.0020519153298950857,-0.0020519153298951265,-0.0005993407758438334,-0.0005993407758437819
2025-04-25,-0.006458797454651698,-0.006458797454651721,0.0,0.0,Bear,False,-0.005193313377276316,-0.005193313377276354,-0.004905635831150344,-0.0049056358311503345
2025-04-28,-0.007598234884574614,-0.007598234884574562,0.0,0.0,Bear,False,0.007275982971679592,0.007275982971679529,-0.00030001581212775013,-0.00030001581212779627
2025-04-29,0.010138366894437785,0.0101383668944377,0.0,0.0,Bear,False,0.0001861936481544779,0.0001861936481544202,0.004407983314412776,0.004407983314412833
2025-04-30,-0.009588244223039057,-0.009588244223039055,0.0,0.0,Bear,False,0.0013516577353964037,0.001351657735396472,-0.002994051695201808,-0.002994051695201838
2025-05-02,-0.007124549406229137,-0.007124549406229086,0.0,0.0,Bear,False,0.00030803493897790487,0.000308034938977908,-0.0029157419021761753,-0.002915741902176139
2025-05-05,0.013223247220057346,0.011709208143261929,0.0014942798449890803,0.7471399224945401,Crisis,True,0.002855440688031354,0.002838305418193743,0.006799132279062333,0.006776294317568432
2025-05-06,0.008009231066130135,0.008009231066130162,0.0,0.0,Crisis,False,-0.0019963374849561785,-0.001996337484956201,0.009573089966431395,0.00957308996643147
2025-05-07,-0.002652591291712265,-0.0026525912917122474,0.0,0.0,Crisis,False,0.0008513207030598497,0.0008513207030598213,-0.0030601552871361588,-0.0030601552871362125
2025-05-08,-0.0010712855346586576,-0.001071285534658628,0.0,0.0,Crisis,False,-0.003448682605883568,-0.0034486826058836018,-0.0033152607197193193,-0.0033152607197193262
2025-05-09,-0.00046867268969732903,-0.0004686726896973026,0.0,0.0,Crisis,False,-0.006549818362831296,-0.006549818362831306,-0.004195288029274825,-0.004195288029274824
2025-05-12,-0.008727544368265406,-0.008727544368265394,0.0,0.0,Crisis,False,0.02273403766711431,0.02273403766711435,0.000677283740807549,0.0006772837408075549
2025-05-13,0.0034011325561460986,0.003401132556146047,0.0,0.0,Crisis,False,-0.008399992572540448,-0.008399992572540427,-0.0001541621874828862,-0.0001541621874828758
2025-05-14,-0.0015315681144921292,-0.0015315681144921767,0.0,0.0,Crisis,False,0.00216580860907255,0.0021658086090725615,-0.0008462032436717809,-0.0008462032436717948
2025-05-15,-0.004799814706729159,-0.0047998147067291885,0.0,0.0,Crisis,False,0.009649019499235138,0.009649019499235134,-0.0010632780728251847,-0.0010632780728251356
2025-05-16,0.002338396394460355,0.002338396394460318,0.0,0.0,Crisis,False,-0.0010224592414234306,-0.0010224592414234124,0.0025293775974956478,0.002529377597495719
2025-05-19,0.001697350940653778,0.001697350940653708,0.0,0.0,Crisis,False,-0.001799086498319219,-0.001799086498319169,0.0012485906164153855,0.001248590616415468
2025-05-20,-0.0004479613968787015,-0.0004479613968787488,0.0,0.0,Crisis,False,-0.006344059020500011,-0.006344059020500059,-0.00410654147507599,-0.004106541475075942
2025-05-21,0.00415610820073044,0.004156108200730424,0.0,0.0,Crisis,False,0.003164370230250398,0.0031643702302504018,0.007276106352220541,0.007276106352220646
2025-05-22,0.0009504624209919494,0.0009504624209919488,0.0,0.0,Crisis,False,-0.004954883717735775,-0.004954883717735781,-0.0014714621037046193,-0.001471462103704635
2025-05-23,-0.0009210166758154835,-0.0009210166758154559,0.0,0.0,Crisis,False,0.005945853425397144,0.005945853425397107,0.002051477199471514,0.0020514771994715186
2025-05-26,0.0008415974491769884,0.0008415974491768896,0.0,0.0,Crisis,False,0.0035996313582346818,0.0035996313582347117,0.0030935435980994895,0.0030935435980994352
2025-05-27,-0.0006870503819245938,-0.0006870503819246254,0.0,0.0,Crisis,False,-0.004239153055800226,-0.004239153055800249,-0.003240577111881367,-0.0032405771118814153
2025-05-28,0.0015623074897958317,0.001562307489795911,0.0,0.0,Crisis,False,-0.0017929367030666962,-0.0017929367030666832,0.0010840318044913937,0.0010840318044913477
2025-05-29,-0.00299449755539005,-0.002994497555390052,0.0,0.0,Crisis,False,0.0019803592676999864,0.001980359267699905,-0.0028946259699136347,-0.0028946259699136334
2025-05-30,0.003910377877891119,0.003910377877891058,0.0,0.0,Crisis,False,-0.0005884264339114872,-0.0005884264339114376,0.0016983696872565105,0.0016983696872565623
2025-06-02,0.003216570184951956,0.003216570184952028,0.0,0.0,Crisis,False,-0.0008333185920996035,-0.0008333185920995634,0.003828017223154983,0.003828017223155067
2025-06-03,0.0013857049541768287,0.0013618076691106484,2.386421630331213e-05,0.011932108151656063,Crisis,True,-0.004237781538385669,-0.00423791174606325,-0.0004833835438049598,-0.0004895545170877647
2025-06-04,0.0010965248881470123,0.0010965248881469325,0.0,0.0,Crisis,False,0.001899542884791705,0.0018995428847916607,0.0024549818659893585,0.0024549818659893585
2025-06-05,0.0013812928214223337,0.0013812928214222975,0.0,0.0,Crisis,False,0.0031932432847518056,0.003193243284751901,0.003498976257195712,0.0034989762571957517
2025-06-06,-0.0013887542412338535,-0.0013887542412338583,0.0,0.0,Crisis,False,0.006133146224474528,0.006133146224474473,0.0013582029443451457,0.0013582029443450772
2025-06-09,-0.0022530781266472274,-0.002253078126647212,0.0,0.0,Crisis,False,0.0024210981452347643,0.0024210981452348346,-0.001714791561943477,-0.0017147915619434295
2025-06-10,0.0004024912933942962,0.00040249129339420264,0.0,0.0,Crisis,False,2.5341384186526298e-05,2.534138418641696e-05,0.0005463773818280442,0.0005463773818279449
2025-06-11,0.0004858698073853488,0.0004858698073852974,0.0,0.0,Crisis,False,0.0008959224050295575,0.0008959224050295589,0.0011152314359976448,0.0011152314359976767
2025-06-12,0.0017934583382461949,0.0017934583382461788,0.0,0.0,Crisis,False,-0.006100758086978326,-0.006100758086978297,-0.0008393022967419948,-0.0008393022967420061
2025-06-13,0.005262593553398672,0.005262593553398753,0.0,0.0,Crisis,False,-0.004111502713405246,-0.004111502713405213,0.004828619602183528,0.004828619602183615
2025-06-16,6.139554171998207e-06,6.139554171946671e-06,0.0,0.0,Crisis,False,0.005543673557218453,0.00554367355721852,0.0028946308476024167,0.002894630847602331
2025-06-17,-0.0016737245157258352,-0.001673724515725783,0.0,0.0,Crisis,False,-0.00224981452129636,-0.002249814521296356,-0.0033947469872231887,-0.003394746987223196
2025-06-18,0.0006745009459014409,0.0006745009459014906,0.0,0.0,Crisis,False,-0.0010072369989164397,-0.001007236998916472,0.00037785195708743086,0.00037785195708739394
2025-06-19,-3.91897212318287e-06,-3.9189721231513985e-06,0.0,0.0,Crisis,False,-0.0004526403308948756,-0.0004526403308948712,-0.0002492311628293316,-0.0002492311628293775
2025-06-20,-0.0015356498315501363,-0.0015356498315501899,0.0,0.0,Crisis,False,0.007750841210912789,0.007750841210912851,0.002004105616421244,0.002004105616421281
2025-06-23,0.0012379655011587603,0.0012379655011587332,0.0,0.0,Crisis,False,-0.0033876590835886533,-0.0033876590835886233,-0.00013628834448879256,-0.00013628834448875526
2025-06-24,-0.005115707193869957,-0.0051157071938700005,0.0,0.0,Crisis,False,0.0017527937680669738,0.0017527937680670291,-0.0058572357688089945,-0.005857235768809033
2025-06-25,0.0005290957156574154,0.0005290957156574017,0.0,0.0,Crisis,False,0.004843844079278326,0.004843844079278403,0.003238115234211101,0.0032381152342111363
2025-06-26,0.0002063119720456568,0.00020631197204568075,0.0,0.0,Crisis,False,0.007308605987954757,0.007308605987954797,0.0041283559243063175,0.004128355924306382
2025-06-27,-0.003979847988824798,-0.003979847988824781,0.0,0.0,Crisis,False,0.002122721600154453,0.0021227216001544758,-0.0041246132591666405,-0.004124613259166687
2025-06-30,0.0028273924741868935,0.0028273924741868406,0.0,0.0,Crisis,False,-0.0016372900327519383,-0.0016372900327519258,0.00015847239991171453,0.00015847239991173545
2025-07-01,0.0032955627907517143,0.003295562790751605,0.0,0.0,Crisis,False,0.0005941901606267684,0.0005941901606267841,0.004655503551973803,0.00465550355197375
2025-07-02,0.00012428234232489006,-0.001005358629234121,0.001129500594579441,0.5647502972897205,Bull,True,-0.0021109200464582514,-0.002126797294354499,-0.000942895494303839,-0.0009580715018984165
2025-07-03,-0.0013361355177934507,-0.0013361355177934353,0.0,0.0,Bull,False,-0.0011298087537980894,-0.0011298087537980894,-0.0010375134681414784,-0.0010375134681415155
2025-07-04,0.0005324248559599573,0.0005324248559599454,0.0,0.0,Bull,False,0.0013144543016926024,0.0013144543016925248,0.00023650399608807899,0.0002365039960880999
2025-07-07,-0.001550740187611393,-0.0015507401876113658,0.0,0.0,Bull,False,3.0708425049553883e-06,3.070842504948601e-06,-0.0014800707180760901,-0.0014800707180760986
2025-07-08,0.002237225275569105,0.0022372252755691324,0.0,0.0,Bull,False,0.0014423492976521936,0.0014423492976523011,0.001833045319911525,0.0018330453199115748
2025-07-09,-0.004111169816074294,-0.004111169816074289,0.0,0.0,Bull,False,-0.0010919940020998613,-0.0010919940020999164,-0.0036915513788556963,-0.003691551378855684
2025-07-10,0.0006616305768078169,0.0006616305768079034,0.0,0.0,Bull,False,-0.0028431860028138457,-0.002843186002813858,0.0012203370353383646,0.0012203370353383036
2025-07-11,-0.0019787655005985686,-0.0019787655005986116,0.0,0.0,Bull,False,-0.004853007094743232,-0.0048530070947432336,-0.000884221177024309,-0.000884221177024358
2025-07-14,0.0018859485187042416,0.0018859485187041614,0.0,0.0,Bull,False,-0.0016078109088180778,-0.0016078109088181192,0.002120139221042973,0.002120139221043038
2025-07-15,0.001237048124909925,0.0012370481249099896,0.0,0.0,Bull,False,0.0026990884259863288,0.002699088425986318,0.0006244132933425959,0.0006244132933426183
2025-07-16,-0.0010755505201315728,-0.0010755505201315296,0.0,0.0,Bull,False,0.00038943646453135913,0.0003894364645313786,-0.0011001085009085402,-0.001100108500908581
2025-07-17,-0.002726771447283881,-0.002726771447283838,0.0,0.0,Bull,False,-0.0023890300755674016,-0.0023890300755674554,-0.00210619351490752,-0.002106193514907484
2025-07-18,-0.0002356037487471889,-0.00023560374874720402,0.0,0.0,Bull,False,-0.003395366997461129,-0.0033953669974611245,0.0004745302966964504,0.0004745302966964182
2025-07-21,0.004054992603981979,0.0040549926039818995,0.0,0.0,Bull,False,0.0029121509395256882,0.0029121509395257927,0.0032544557693400555,0.0032544557693401366
2025-07-22,0.0022072615491534296,0.0022072615491535164,0.0,0.0,Bull,False,-0.0007044365597335602,-0.0007044365597335123,0.0022445317038583255,0.00224453170385841
2025-07-23,0.007224834851850204,0.007224834851850215,0.0,0.0,Bull,False,0.003778955461032864,0.0037789554610327958,0.006096080449441675,0.006096080449441654
2025-07-24,-0.00916457127347114,-0.009164571273471145,0.0,0.0,Bull,False,-0.0037363036917653285,-0.0037363036917653636,-0.007960133889186604,-0.007960133889186594
2025-07-25,-0.005116040515329606,-0.005116040515329656,0.0,0.0,Bull,False,-0.00535553564073047,-0.0053555356407304355,-0.0037706828706738213,-0.003770682870673836
2025-07-28,-0.003269154415547498,-0.003269154415547537,0.0,0.0,Bull,False,-0.0037379731477304966,-0.0037379731477305,-0.0023446559173989413,-0.0023446559173989634
2025-07-29,0.002146705954747151,0.0021467059547470857,0.0,0.0,Bull,False,0.0033661411184159047,0.003366141118415822,0.0013514496993495802,0.0013514496993496383
2025-07-30,0.002735848333154708,0.0027358483331547667,0.0,0.0,Bull,False,0.0008165022696213644,0.0008165022696213775,0.0024327258820903393,0.002432725882090425
2025-07-31,-0.0018397637011872262,-0.0018950347872984663,5.53729592717592e-05,0.0276864796358796,Bull,True,-0.0005861173210752191,-0.0006010099108122446,-0.0006964662481319869,-0.0007122716039076327
2025-08-01,-0.004754653632628448,-0.004754653632628503,0.0,0.0,Bull,False,-0.004921570289262055,-0.0049215702892621005,-0.0037491054983637873,-0.003749105498363825
2025-08-04,0.008349553484295578,0.008349553484295669,0.0,0.0,Bull,False,0.0038317986040591074,0.0038317986040590224,0.007336423334488034,0.00733642333448814
2025-08-05,0.0002890586973104215,0.0002890586973103293,0.0,0.0,Bull,False,-0.0017711713892025647,-0.0017711713892025749,0.0005571814767237173,0.0005571814767237893
2025-08-06,-0.002086827509150114,-0.0020868275091501243,0.0,0.0,Bull,False,-0.0018346350590670467,-0.0018346350590670024,-0.0016997874419863973,-0.0016997874419864
2025-08-07,0.0025233534185088663,0.0025233534185089557,0.0,0.0,Bull,False,0.0005342702921565098,0.000534270292156469,0.0023174047323349396,0.0023174047323348823
2025-08-08,-0.002429782215248169,-0.002429782215248144,0.0,0.0,Bull,False,-0.005660287175082117,-0.005660287175082157,-0.0014204797656195724,-0.0014204797656195423
2025-08-11,-0.0007831553534584977,-0.00078315535345852,0.0,0.0,Bull,False,0.0054209618775368715,0.005420961877536934,-0.00159604617899773,-0.0015960461789977787
2025-08-12,-0.0028336361561043357,-0.0028336361561043244,0.0,0.0,Bull,False,-0.0023720665773301164,-0.002372066577330134,-0.0023206727078947972,-0.002320672707894822
2025-08-13,0.0032953302419428286,0.003295330241942729,0.0,0.0,Bull,False,0.003214270918167966,0.0032142709181679496,0.0026256410189034124,0.0026256410189033907
2025-08-14,6.2173297608082085e-06,6.217329760804802e-06,0.0,0.0,Bull,False,0.00029457922667268214,0.00029457922667264214,-3.8516618358509696e-05,-3.8516618358519494e-05
2025-08-18,0.002796213668971093,0.0027962136689712036,0.0,0.0,Bull,False,0.0059665061615155,0.005966506161515506,0.0017177231172426186,0.0017177231172427199
2025-08-19,1.0543741600256475e-05,1.0543741600255174e-05,0.0,0.0,Bull,False,0.0025055239139637805,0.0025055239139637475,-0.00038723358211303254,-0.0003872335821130113
2025-08-20,0.0002914161338745556,0.0002914161338745114,0.0,0.0,Bull,False,0.0016886259315016825,0.0016886259315016527,1.1353970373655882e-05,1.1353970373662037e-05
2025-08-21,0.0025924296073456775,0.0025924296073456254,0.0,0.0,Bull,False,0.0007987727402112482,0.0007987727402112288,0.00234495701312455,0.002344957013124649
2025-08-22,-0.0035579320548904054,-0.0035579320548904114,0.0,0.0,Bull,False,-0.005136322664870738,-0.0051363226648707405,-0.0025768599817300964,-0.002576859981730073
2025-08-25,0.005499091300181986,0.005499091300182002,0.0,0.0,Bull,False,0.0023557178886177287,0.00235571788861777,0.0048644206353862796,0.0048644206353862796
2025-08-26,-0.0032111139307104027,-0.0032111139307103853,0.0,0.0,Bull,False,-0.0061644248314586475,-0.006164424831458626,-0.0020864112752088104,-0.0020864112752088104
2025-08-28,-0.0013163171277858297,-0.0013163171277857932,0.0,0.0,Bull,False,-0.005122011045366809,-0.005122011045366803,-0.00044653399776752424,-0.00044653399776750646
2025-08-29,0.0031739855632018656,0.003173985563201809,0.0,0.0,Bull,False,-0.0005641541274196064,-0.0005641541274196138,0.0037417346262008655,0.0037417346262009765
2025-09-01,0.008937004619295011,0.00893700461929492,0.0,0.0,Bull,False,0.004831317084597756,0.004831317084597719,0.00774315884639588,0.00774315884639587
2025-09-02,-0.0008121397005036945,-0.0008380863847045061,2.596777366080863e-05,0.012983886830404315,Bull,True,-0.0011035087986526393,-0.0011086486101484772,-0.0006014730089222572,-0.0006259151284789821
2025-09-03,0.007612010039673486,0.007612010039673489,0.0,0.0,Bull,False,0.0033064290882102386,0.0033064290882103275,0.006724703356039437,0.006724703356039363
2025-09-04,0.0014747437503857608,0.0014747437503856986,0.0,0.0,Bull,False,0.00047235636968994565,0.00047235636969000794,0.001333091213547327,0.0013330912135474104
2025-09-05,0.0020818319921739226,0.0020818319921738215,0.0,0.0,Bull,False,0.0001589141372536188,0.00015891413725355186,0.001957552838846949,0.00195755283884691
2025-09-08,0.005897238722927994,0.005897238722927911,0.0,0.0,Bull,False,0.0007817268008328977,0.0007817268008329936,0.0054995263973481616,0.005499526397348076
2025-09-09,0.006445741934575825,0.0064457419345758105,0.0,0.0,Bull,False,0.0023190053935975155,0.0023190053935975286,0.005784118498063047,0.005784118498063151
2025-09-10,0.0008030406409880422,0.0008030406409880175,0.0,0.0,Bull,False,0.002533026339815915,0.0025330263398160024,0.0003700908011944244,0.0003700908011943227
2025-09-11,-0.0005254278793438083,-0.0005254278793438427,0.0,0.0,Bull,False,0.0007833844977578589,0.000783384497757833,-0.000624583505732378,-0.0006245835057323568
2025-09-12,0.004467486164658826,0.004467486164658752,0.0,0.0,Bull,False,0.0026252608032169143,0.0026252608032169,0.0038561191262319627,0.0038561191262320715
2025-09-15,-0.00213518910086991,-0.002135189100869961,0.0,0.0,Bull,False,-0.0010834867909939726,-0.001083486790994015,-0.001872385915409935,-0.0018723859154099465
2025-09-16,0.008345828833638325,0.008345828833638436,0.0,0.0,Bull,False,0.004098370181450352,0.004098370181450317,0.007329536896092939,0.007329536896092836
2025-09-17,-0.0023683684614751815,-0.0023683684614751455,0.0,0.0,Bull,False,0.00219372557711536,0.0021937255771153907,-0.0026060810325080116,-0.002606081032508034
2025-09-18,0.003025109679973094,0.003025109679973159,0.0,0.0,Bull,False,0.0022376974609655733,0.002237697460965471,0.002541706339099302,0.0025417063390993366
2025-09-19,-0.0029164542237416578,-0.002916454223741649,0.0,0.0,Bull,False,-0.0023092190788821525,-0.002309219078882152,-0.0024279863808841576,-0.0024279863808841506
2025-09-22,0.00502713768916339,0.005027137689163297,0.0,0.0,Bull,False,-0.0029934040402393564,-0.0029934040402394,0.005277010715575422,0.005277010715575514
2025-09-23,0.007171385811269708,0.007171385811269637,0.0,0.0,Bull,False,-0.0007859115248631193,-0.0007859115248630699,0.006982261876550282,0.006982261876550266
2025-09-24,-0.003866692410681167,-0.0038666924106811607,0.0,0.0,Bull,False,-0.0027095830981307073,-0.002709583098130741,-0.0032790801259696724,-0.003279080125969669
2025-09-25,-0.003734824431844085,-0.0037348244318440305,0.0,0.0,Bull,False,-0.004006681936551294,-0.004006681936551293,-0.002949827688172605,-0.002949827688172646
2025-09-26,-0.004986049227990678,-0.00498604922799073,0.0,0.0,Bull,False,-0.0057210558613553075,-0.005721055861355295,-0.003877658007636927,-0.0038776580076369527
2025-09-29,0.0062245791271817235,0.006224579127181773,0.0,0.0,Bull,False,-0.00048642167380480173,-0.0004864216738047489,0.0060117049344233986,0.00601170493442349
2025-09-30,-1.7779876820296918e-05,-1.7779876820278595e-05,0.0,0.0,Bull,False,0.0006568119974641414,0.0006568119974641462,0.0004988139263873302,0.0004988139263872871
2025-10-01,0.010896217700386398,0.01084405817209344,5.1597312740485426e-05,0.025798656370242715,Bull,True,0.005486256004017001,0.005482736534010435,0.009551075820574373,0.009499446396984856
2025-10-03,-0.0009576098918352759,-0.0009576098918352427,0.0,0.0,Bull,False,0.001399948066188994,0.0013999480661890384,-0.0011342233996080031,-0.0011342233996080031
2025-10-06,0.011039212523231139,0.011039212523231035,0.0,0.0,Bull,False,0.004420428665662234,0.004420428665662168,0.009809891345820828,0.009809891345820887
2025-10-07,0.0021134534969074223,0.0021134534969073915,0.0,0.0,Bull,False,0.0007401492484617097,0.0007401492484617744,0.0019005138458980412,0.0019005138458980664
2025-10-08,0.006077214364912252,0.0060772143649121535,0.0,0.0,Bull,False,-0.0014916391611695132,-0.0014916391611695667,0.006032954132520707,0.006032954132520807
2025-10-09,0.0016370506786677194,0.0016370506786678174,0.0,0.0,Bull,False,0.0032565542223283056,0.0032565542223284005,0.0010486277031777369,0.001048627703177818
2025-10-10,-0.0009703847690729071,-0.0009703847690728518,0.0,0.0,Bull,False,0.0024848258337559384,0.002484825833755977,-0.001314989938032818,-0.0013149899380328067
2025-10-13,0.005932436498649625,0.005932436498649718,0.0,0.0,Bull,False,-0.0013900986791192437,-0.0013900986791192116,0.005881961642120355,0.0058819616421204035
2025-10-14,0.007086559762134856,0.007086559762134792,0.0,0.0,Bull,False,-0.0019588407874555325,-0.0019588407874555624,0.0070738880218792575,0.007073888021879249
2025-10-15,0.003819508671714574,0.0038195086717145443,0.0,0.0,Bull,False,0.004269509251735344,0.004269509251735304,0.0029841429129756503,0.0029841429129755515
2025-10-16,0.004855179143733753,0.004855179143733679,0.0,0.0,Bull,False,0.006253820210313365,0.006253820210313288,0.0036695314551233485,0.003669531455123387
2025-10-17,0.011600147693639611,0.011600147693639595,0.0,0.0,Bull,False,0.002955397500013726,0.0029553975000138344,0.010638555661769985,0.010638555661770077
2025-10-20,-0.007814822293232535,-0.007814822293232493,0.0,0.0,Bull,False,0.003153750488600307,0.0031537504886003376,-0.007972532954260342,-0.00797253295426037
2025-10-21,0.002327713138561774,0.0023277131385617267,0.0,0.0,Bull,False,0.0006002077372872668,0.000600207737287306,0.0021357831696662316,0.0021357831696662277
2025-10-23,-0.013261669865189113,-0.013261669865189063,0.0,0.0,Bull,False,0.0005335165467351248,0.0005335165467350578,-0.012790994061383437,-0.012790994061383398
2025-10-24,-0.0016870556201247211,-0.0016870556201247222,0.0,0.0,Bull,False,-0.0022674391598052706,-0.002267439159805318,-0.0012565417005382343,-0.0012565417005382384
2025-10-27,-0.002416804480488259,-0.0024168044804883104,0.0,0.0,Bull,False,0.004039101656419021,0.004039101656418964,-0.0029502428321400197,-0.002950242832140071
2025-10-28,-0.012019086901300866,-0.012019086901300824,0.0,0.0,Bull,False,-0.0007058976751505955,-0.000705897675150613,-0.011400459918616145,-0.011400459918616157
2025-10-29,0.01305859398736515,0.013058593987365086,0.0,0.0,Bull,False,0.002769858575173219,0.0027698585751732008,0.012052644522073339,0.012052644522073441
2025-10-30,-0.004035155605930422,-0.004035155605930374,0.0,0.0,Bull,False,-0.004131554572658321,-0.004131554572658347,-0.003206855388877318,-0.0032068553888773277
2025-10-31,-0.0015601955352980942,-0.00156019553529807,0.0,0.0,Bull,False,-0.003666394831988871,-0.0036663948319888284,-0.0009071573650555679,-0.0009071573650555331
2025-11-03,0.0008324704778969435,0.0004645533094369547,0.0003676111430360629,0.18380557151803148,Bull,True,0.0009717270373741622,0.0009541810492430525,0.0006399087030392726,0.0006263725483806049
2025-11-04,-0.00498278864969413,-0.004982788649694148,0.0,0.0,Bull,False,-0.003854948121527646,-0.003854948121527646,-0.0029734424874696313,-0.0029734424874696685
2025-11-06,-0.0012423322369789528,-0.0012423322369790046,0.0,0.0,Bull,False,-0.002056212390527349,-0.0020562123905273344,-0.0002391085168461873,-0.00023910851684616485
2025-11-07,-0.0008916840959637761,-0.0008916840959637407,0.0,0.0,Bull,False,-0.00040759655982379315,-0.0004075965598238085,-0.0006603342891316255,-0.0006603342891315922
2025-11-10,0.008249828824458065,0.008249828824458127,0.0,0.0,Bull,False,0.0019229575539772743,0.0019229575539772004,0.006952192074762358,0.006952192074762387
2025-11-11,0.008542979096090645,0.008542979096090697,0.0,0.0,Bull,False,0.002817016059166964,0.0028170160591669546,0.006833500876002849,0.006833500876002763
2025-11-12,0.0023623126361591294,0.0023623126361591584,0.0,0.0,Bull,False,0.004218553471153886,0.004218553471153852,0.00033756695593411884,0.00033756695593401
2025-11-13,0.009345986073503001,0.00934598607350301,0.0,0.0,Bull,False,7.780494775950026e-05,7.780494775944113e-05,0.008881171154552881,0.008881171154552892
2025-11-14,-0.004592378001339427,-0.004592378001339381,0.0,0.0,Bull,False,0.0007216936505870774,0.000721693650587163,-0.004703862918234796,-0.004703862918234769
2025-11-17,-0.003912470479776526,-0.0039124704797764975,0.0,0.0,Bull,False,0.00239583664384232,0.002395836643842353,-0.004826107601529149,-0.004826107601529128
2025-11-18,-0.006088722913468362,-0.006088722913468403,0.0,0.0,Bull,False,-0.002390110329931094,-0.0023901103299310833,-0.004721069700007063,-0.0047210697000070745
2025-11-19,0.008099466954189699,0.008099466954189616,0.0,0.0,Bull,False,0.003309666883488715,0.00330966688348866,0.006213177147450406,0.00621317714745051
2025-11-20,0.0010641972358459918,0.0010641972358460539,0.0,0.0,Bull,False,0.0032270460251746166,0.0032270460251746513,-0.00045562910123770825,-0.00045562910123775335
2025-11-21,-0.0014767988262357353,-0.0014767988262357479,0.0,0.0,Bull,False,-0.0028592583972648945,-0.0028592583972648633,-0.00010400892106797932,-0.00010400892106798842
2025-11-24,-0.0018625941975555806,-0.0018625941975556337,0.0,0.0,Bull,False,-0.002516478488781128,-0.0025164784887811154,-0.000636146988293245,-0.0006361469882932846
2025-11-25,0.0024206217565289467,0.002420621756529018,0.0,0.0,Bull,False,-0.0017277658259051804,-0.0017277658259051698,0.0031043686059576054,0.0031043686059575304
2025-11-26,0.010311042358870313,0.01031104235887037,0.0,0.0,Bull,False,0.0074390168234335745,0.0074390168234335086,0.006458638626930095,0.00645863862693008
2025-11-27,9.032229088766584e-06,9.032229088656862e-06,0.0,0.0,Bull,False,0.00023627927850539387,0.0002362792785053358,-9.867636518815623e-05,-9.867636518812173e-05
2025-11-28,0.0014351965535551597,0.0014351965535550626,0.0,0.0,Bull,False,-0.0002904180237062663,-0.00029041802370621816,0.0015069151003875368,0.0015069151003874737
2025-12-01,0.006497362170273056,0.00649736217027308,0.0,0.0,Bull,False,-0.0006230571342853999,-0.0006230571342854541,0.006511739583645745,0.006511739583645815
2025-12-02,-0.0071330350502781656,-0.00713303505027818,0.0,0.0,Bull,False,-0.00331528886082444,-0.003315288860824439,-0.005344855775914036,-0.005344855775914037
2025-12-03,0.0018836881756333712,0.0018369487244109806,4.665157420381523e-05,0.023325787101907615,Bull,True,-0.0010692341545953353,-0.001073356568932815,0.002283745046895616,0.0022575469336478804
2025-12-04,-0.000744404976556197,-0.0007444049765561456,0.0,0.0,Bull,False,0.0011025167397829881,0.0011025167397828994,-0.0012339650701379914,-0.0012339650701379545
2025-12-05,0.007012255130988533,0.007012255130988576,0.0,0.0,Bull,False,0.0035258432383020147,0.0035258432383020732,0.005003960787538775,0.00500396078753873
2025-12-08,-0.005745964643592208,-0.005745964643592227,0.0,0.0,Bull,False,-0.005191799699643505,-0.005191799699643451,-0.0030115459176707493,-0.0030115459176707216
2025-12-09,-0.0048948477703953976,-0.004894847770395394,0.0,0.0,Bull,False,-0.0027971485044695262,-0.0027971485044695488,-0.00333557430499731,-0.003335574304997313
2025-12-10,-0.00221643718210533,-0.002216437182105291,0.0,0.0,Bull,False,-0.0018916470197973595,-0.0018916470197973823,-0.0012069639582640882,-0.00120696395826414
2025-12-11,0.006582443398477512,0.006582443398477578,0.0,0.0,Bull,False,0.0032624014959844456,0.003262401495984335,0.004699991327814242,0.00469999132781429
2025-12-12,0.011796699199101252,0.011796699199101202,0.0,0.0,Bull,False,0.003437368820905838,0.0034373688209057285,0.009597253272217672,0.00959725327221772
2025-12-15,0.003866571823431839,0.0038665718234318636,0.0,0.0,Bull,False,-0.0004570287143532014,-0.00045702871435315817,0.003897400850264544,0.0038974008502645763
2025-12-16,-0.008615326088679837,-0.008615326088679875,0.0,0.0,Bull,False,-0.0038528892547499767,-0.003852889254750025,-0.0063992499860787725,-0.00639924998607877
2025-12-17,0.00037118228882403724,0.00037118228882393467,0.0,0.0,Bull,False,-0.0009621286922087871,-0.0009621286922087968,0.0008063658040534559,0.000806365804053355
2025-12-18,-0.00043337015786298997,-0.00043337015786304445,0.0,0.0,Bull,False,-6.953663812783251e-05,-6.953663812780952e-05,-0.0003794212270024818,-0.0003794212270025188
2025-12-19,0.0035519248713544367,0.0035519248713544727,0.0,0.0,Bull,False,0.0034967680531067216,0.0034967680531066136,0.0017327510265429647,0.0017327510265430224
2025-12-22,0.010205908186168233,0.010205908186168289,0.0,0.0,Bull,False,0.0047585416849491614,0.004758541684949158,0.007480281858092205,0.00748028185809213
2025-12-23,0.005621641645603352,0.005621641645603415,0.0,0.0,Bull,False,0.00010920400355370042,0.00010920400355374227,0.005318575269426016,0.005318575269426029
2025-12-24,-0.000502000046651274,-0.0005020000466512409,0.0,0.0,Bull,False,-0.0008057405657333139,-0.0008057405657333483,-0.00010297692134269193,-0.00010297692134264569
2025-12-26,0.0010901071657004311,0.0010901071657003492,0.0,0.0,Bull,False,-0.002299995653959633,-0.0022999956539596633,0.0021105652334591227,0.002110565233459205
2025-12-29,-0.00653582608204211,-0.006535826082042062,0.0,0.0,Bull,False,-0.0023065781299649213,-0.0023065781299649313,-0.005158223818114872,-0.0051582238181149265
2025-12-30,-0.0060700120439039626,-0.006070012043904005,0.0,0.0,Bull,False,-7.51162458221402e-05,-7.511624582212661e-05,-0.005748657507850709,-0.005748657507850696
2025-12-31,0.0012701344642736501,0.0012701344642735979,0.0,0.0,Bull,False,0.004405068711798689,0.0044050687117986875,-0.0008618206177683048,-0.0008618206177682941
2026-01-01,0.0017443843399298092,0.0017443843399298498,0.0,0.0,Bull,False,0.00039408893496573587,0.00039408893496584163,0.001484439723373497,0.0014844397233735318
2026-01-02,0.008675207028763222,0.008658803154436345,1.626279124587849e-05,0.008131395622939245,Bull,True,0.0041867257420294,0.004180426501862788,0.006310858337198422,0.006291909282345021
2026-01-05,0.001511190524977604,0.0015111905249776125,0.0,0.0,Bull,False,-0.0017872391625344262,-0.0017872391625344264,0.0022850520912621373,0.002285052091262063
2026-01-06,-0.001077462592576889,-0.0010774625925769055,0.0,0.0,Bull,False,-0.001634645856510827,-0.0016346458565108524,-0.0002501224515707571,-0.00025012245157074453
2026-01-07,-0.0016560694016455138,-0.0016560694016455324,0.0,0.0,Bull,False,-0.0008637721083198502,-0.0008637721083198935,-0.00116037288745473,-0.0011603728874547414
2026-01-08,-0.008466176016398218,-0.008466176016398208,0.0,0.0,Bull,False,-0.006039861827493917,-0.006039861827493942,-0.005184815483977022,-0.005184815483976979
2026-01-09,-0.0006530211899848379,-0.0006530211899848926,0.0,0.0,Bull,False,-0.004456650209241764,-0.004456650209241797,0.0014909015460052273,0.0014909015460051744
2026-01-12,0.01263040249162398,0.012630402491623949,0.0,0.0,Bull,False,0.002469570349773738,0.0024695703497736865,0.010771310467388037,0.010771310467388107
2026-01-13,-0.002645613554784911,-0.002645613554784876,0.0,0.0,Bull,False,-0.0013329549900504916,-0.0013329549900504833,-0.0018780611213626431,-0.001878061121362684
2026-01-14,0.0034881970204924556,0.0034881970204925228,0.0,0.0,Bull,False,-0.0015409884147235841,-0.0015409884147236097,0.004020155819646772,0.004020155819646876
2026-01-15,0.0,0.0,0.0,0.0,Bull,False,0.0,0.0,0.0,0.0
2026-01-16,-1.0106309742580612e-05,-1.010630974263016e-05,0.0,0.0,Bull,False,0.0006652325903049658,0.0006652325903049316,-0.00031844235750589305,-0.0003184423575058881
2026-01-19,0.007681390596921521,0.007681390596921522,0.0,0.0,Bull,False,-0.002516945040851438,-0.002516945040851426,0.00843661367412019,0.008436613674120297
2026-01-20,0.006118595182888703,0.006118595182888598,0.0,0.0,Bull,False,-0.008183065668631133,-0.00818306566863114,0.009546038159924514,0.009546038159924608
2026-01-21,0.02622021465603806,0.026220214656037966,0.0,0.0,Bull,False,-0.0017570627192147643,-0.0017570627192147192,0.025490726986375938,0.025490726986376
2026-01-22,-0.02875143025785345,-0.028751430257853428,0.0,0.0,Bull,False,0.003100008124584624,0.0031000081245846633,-0.028469122882214527,-0.02846912288221448
2026-01-23,0.0036352703311624407,0.003635270331162399,0.0,0.0,Bull,False,-0.005627043272686402,-0.005627043272686372,0.005985744866596572,0.005985744866596532
2026-01-27,0.015476561232818889,0.01547656123281893,0.0,0.0,Bull,False,0.002975281042701782,0.0029752810427017273,0.013217591993632226,0.01321759199363215
2026-01-28,0.017241291841294047,0.017241291841294082,0.0,0.0,Bull,False,0.003912535659337283,0.003912535659337246,0.014505286086291555,0.014505286086291536
2026-01-29,0.03369163065468058,0.033691630654680615,0.0,0.0,Bull,False,0.0017752767103892061,0.0017752767103891287,0.031056224359276192,0.03105622435927624
2026-01-30,-0.046639695857562224,-0.046639695857562224,0.0,0.0,Bull,False,-0.0022823321591460524,-0.0022823321591460832,-0.043204816442337715,-0.04320481644233776
2026-02-02,-0.04316901950880096,-0.04316901950880092,0.0,0.0,Bull,False,-0.00542125812950242,-0.005421258129502449,-0.03834036353260335,-0.038340363532603394
2026-02-03,0.03655388180807978,0.03501595349776765,0.001483693551587784,0.741846775793892,Crisis,True,0.014989247625316603,0.014977976928905568,0.02742844871723719,0.027370466555733053
2026-02-04,0.008801340067909065,0.008801340067909003,0.0,0.0,Crisis,False,0.0011298988969903779,0.0011298988969903334,0.012342336259396328,0.012342336259396403
2026-02-05,-0.008704216049689333,-0.008704216049689295,0.0,0.0,Crisis,False,-0.0030988739418879095,-0.003098873941887903,-0.013220611561079917,-0.013220611561079898
2026-02-06,-0.0003432910635864803,-0.00034329106358643724,0.0,0.0,Crisis,False,0.0011893638611027442,0.001189363861102688,0.0001804082064447877,0.00018040820644471545
2026-02-09,0.005920125255841511,0.005920125255841402,0.0,0.0,Crisis,False,0.004047790016746669,0.0040477900167466,0.010082059389903577,0.010082059389903586
2026-02-10,0.0007436029822032722,0.0007436029822032175,0.0,0.0,Crisis,False,0.0015811918811914757,0.001581191881191435,0.0018240593946056971,0.001824059394605726
2026-02-11,0.0007128311878562543,0.0007128311878561444,0.0,0.0,Crisis,False,0.00043000261824025773,0.0004300026182402217,0.0011843135498660875,0.001184313549866145
2026-02-12,-0.00039566208984179207,-0.000395662089841764,0.0,0.0,Crisis,False,-0.0033981402385937004,-0.00339814023859375,-0.0023471667684877395,-0.002347166768487785
2026-02-13,-0.0049061118509872706,-0.004906111850987216,0.0,0.0,Crisis,False,-0.007823716812768841,-0.007823716812768833,-0.01069206179263901,-0.01069206179263904
2026-02-16,0.0016941064082727415,0.001694106408272722,0.0,0.0,Crisis,False,0.004961613313003763,0.00496161331300371,0.004926585738731328,0.004926585738731282
2026-02-17,-0.004643135016349511,-0.004643135016349498,0.0,0.0,Crisis,False,0.0009957029938847633,0.0009957029938847395,-0.0056548189696460464,-0.005654818969646036
2026-02-18,0.00015719460761942438,0.00015719460761931536,0.0,0.0,Crisis,False,0.0021951322027387544,0.0021951322027387032,0.0013826276480984818,0.001382627648098378
2026-02-19,0.004781693776217872,0.0047816937762179546,0.0,0.0,Crisis,False,-0.008494056826200124,-0.00849405682620008,0.0017943819370158428,0.0017943819370158653
2026-02-20,0.0009321729670411038,0.0009321729670410672,0.0,0.0,Crisis,False,0.0027437398962215616,0.0027437398962215642,0.002708638318172106,0.0027086383181720297
2026-02-23,0.004934223380742771,0.004934223380742786,0.0,0.0,Crisis,False,0.00331787548936658,0.003317875489366573,0.008350927845782914,0.008350927845782952
2026-02-24,0.002322474132889116,0.0023224741328891074,0.0,0.0,Crisis,False,-0.006726944337595575,-0.006726944337595575,-0.0004817313230601173,-0.00048173132306006394
2026-02-25,0.0009382140991515264,0.0009382140991516241,0.0,0.0,Crisis,False,0.0013546884441267544,0.0013546884441266727,0.001973619781161036,0.0019736197811610623
2026-02-26,-0.0023810309748106967,-0.002381030974810683,0.0,0.0,Crisis,False,0.0003295659606220469,0.000329565960621947,-0.002997211418193685,-0.002997211418193646
2026-02-27,0.0021135849427253725,0.0021135849427253994,0.0,0.0,Crisis,False,-0.007454007630307484,-0.007454007630307458,-0.0011244414158601136,-0.0011244414158601002
2026-03-02,0.0131535969478272,0.01315359694782714,0.0,0.0,Crisis,False,-0.007393068215512683,-0.007393068215512666,0.013700678182132813,0.01370067818213272
2026-03-04,-0.008605071546051508,-0.008605071546051501,0.0,0.0,Crisis,False,-0.009167612016388426,-0.009167612016388382,-0.01621353899339502,-0.01621353899339506
2026-03-05,-0.0032805676319946297,-0.0033014459900745363,2.094707638071767e-05,0.010473538190358834,Crisis,True,0.006859403857428082,0.0068409199356960215,-0.000872030694006886,-0.0009050890180679616
2026-03-06,-0.0027998381545618943,-0.0027998381545618622,0.0,0.0,Crisis,False,-0.007642391358266431,-0.007642391358266387,-0.00782511888818671,-0.00782511888818671
2026-03-09,0.0008424882732027388,0.0008424882732027683,0.0,0.0,Crisis,False,-0.010316232374706566,-0.01031623237470658,-0.004386928564161301,-0.004386928564161341
2026-03-10,0.001695616718416677,0.0016956167184167814,0.0,0.0,Crisis,False,0.005761163093869856,0.00576116309386987,0.005351129759872289,0.005351129759872286
2026-03-11,0.0008275024393922126,0.0008275024393922248,0.0,0.0,Crisis,False,-0.009677827869212128,-0.009677827869212119,-0.004052108522351697,-0.004052108522351716
2026-03-12,-0.000619680185766992,-0.0006196801857669687,0.0,0.0,Crisis,False,-0.005643360012178751,-0.0056433600121788,-0.003815496384622274,-0.0038154963846223078
2026-03-13,-0.004160195822204444,-0.004160195822204393,0.0,0.0,Crisis,False,-0.012151694951447542,-0.012151694951447523,-0.012061270740824147,-0.012061270740824193
2026-03-16,-0.005798257592413868,-0.0057982575924138136,0.0,0.0,Crisis,False,0.006493314847360287,0.006493314847360265,-0.004467655436698672,-0.004467655436698692
2026-03-17,0.0019807257950402225,0.0019807257950401613,0.0,0.0,Crisis,False,0.004321597677590036,0.0043215976775901055,0.004998283521144886,0.004998283521144842
2026-03-18,-0.0005183248305468621,-0.0005183248305468124,0.0,0.0,Crisis,False,0.004905008821805814,0.00490500882180589,0.0019153386318795777,0.0019153386318795373
2026-03-19,-0.012851853482999604,-0.012851853482999553,0.0,0.0,Crisis,False,-0.01925244910620338,-0.019252449106203384,-0.02772224223426161,-0.027722242234261563
2026-03-20,-0.0004678396644807176,-0.0004678396644807181,0.0,0.0,Crisis,False,0.0028391934321866062,0.0028391934321865264,0.000899553915771356,0.000899553915771456
2026-03-23,-0.020199721116644486,-0.020199721116644476,0.0,0.0,Crisis,False,-0.015184487803946175,-0.015184487803946212,-0.03597440464971767,-0.035974404649717684
2026-03-24,0.009552952021894833,0.009552952021894878,0.0,0.0,Crisis,False,0.01023965779617594,0.01023965779617586,0.019008193185304903,0.019008193185305
2026-03-25,0.007572980194116584,0.007572980194116674,0.0,0.0,Crisis,False,0.00999544614913461,0.009995446149134501,0.01595384260834911,0.0159538426083492
2026-03-27,-0.003587634344006263,-0.0035876343440062186,0.0,0.0,Crisis,False,-0.012223064455411938,-0.012223064455411992,-0.011591864859227126,-0.011591864859227141
2026-03-30,0.006938682835954734,0.006938682835954779,0.0,0.0,Crisis,False,-0.012412833404514954,-0.012412833404514934,0.0028341370384580514,0.00283413703845814
2026-04-01,0.0043431199360928945,0.004343119936092821,0.0,0.0,Crisis,False,0.008959373723471333,0.008959373723471442,0.010835787578735857,0.010835787578735934
2026-04-02,-0.005356096046572227,-0.0053560960465722784,0.0,0.0,Crisis,False,0.0008598932939570044,0.0008598932939569703,-0.006928586764394924,-0.006928586764394895
2026-04-06,0.004402021111114488,0.004402021111114429,0.0,0.0,Crisis,False,0.006500792231036908,0.006500792231036945,0.009599261898663152,0.009599261898663114
2026-04-07,-0.001918468089257688,-0.0019184680892576633,0.0,0.0,Crisis,False,0.003940497458079412,0.0039404974580794505,-0.0005266201500015239,-0.0005266201500014889
2026-04-08,0.0053553278962244905,0.0053327521508585995,2.2455488859846746e-05,0.011227744429923373,Crisis,True,0.022039875541033073,0.022024367683707302,0.01926901676994346,0.019247910552026903
2026-04-09,-0.0023716352284248008,-0.002371635228424762,0.0,0.0,Crisis,False,-0.005556863660806299,-0.0055568636608063215,-0.006249245014993835,-0.006249245014993798
2026-04-10,0.0005716809394580616,0.0005716809394580302,0.0,0.0,Crisis,False,0.006930778025779386,0.0069307780257794604,0.004609277623221041,0.004609277623220942
2026-04-13,0.0005435807932258331,0.0005435807932259173,0.0,0.0,Crisis,False,-0.005192370746297237,-0.005192370746297192,-0.0021685791604455114,-0.0021685791604455495
2026-04-15,0.002616139952571922,0.0026161399525719276,0.0,0.0,Crisis,False,0.009755025357539322,0.00975502535753936,0.00891635589856731,0.008916355898567208
2026-04-16,0.0011038973289619382,0.001103897328961878,0.0,0.0,Crisis,False,-0.0008588377842214189,-0.0008588377842214667,0.0009889496690568102,0.0009889496690567157
2026-04-17,-0.001623904912516035,-0.001623904912516072,0.0,0.0,Crisis,False,0.0039009882467332785,0.00390098824673335,7.398490462144896e-06,7.3984904620516545e-06
2026-04-20,0.0003941236944730542,0.00039412369447311413,0.0,0.0,Crisis,False,0.0002760384471222018,0.0002760384471220956,0.0006854028979350094,0.0006854028979350613
2026-04-21,0.00044167556720679015,0.00044167556720675627,0.0,0.0,Crisis,False,0.005246130521465348,0.005246130521465275,0.0035072075623404407,0.003507207562340353
2026-04-22,-0.000461545951667859,-0.00046154595166780776,0.0,0.0,Crisis,False,-0.004892195158370517,-0.0048921951583704715,-0.003339303630102133,-0.003339303630102153
2026-04-23,-0.0018192721234430182,-0.0018192721234430165,0.0,0.0,Crisis,False,-0.005074474929924034,-0.005074474929924078,-0.005247246291666499,-0.0052472462916665075
2026-04-24,-0.00028913085910939616,-0.00028913085910942105,0.0,0.0,Crisis,False,-0.006852173466935163,-0.006852173466935119,-0.004193012043140951,-0.004193012043140931
2026-04-27,0.0006236521104607624,0.0006236521104607817,0.0,0.0,Crisis,False,0.004881419444503515,0.0048814194445034875,0.0035450434687137383,0.003545043468713649
2026-04-28,-0.0031488048523060147,-0.003148804852306064,0.0,0.0,Crisis,False,-0.0024155053100047377,-0.002415505310004784,-0.005545966692322444,-0.005545966692322435
2026-04-29,-0.002225879314041595,-0.002225879314041612,0.0,0.0,Crisis,False,0.004545447106179688,0.004545447106179656,-0.0004256307607501892,-0.00042563076075019524
2026-04-30,0.0037392137589960972,0.003739213758995996,0.0,0.0,Crisis,False,-0.004482779066661579,-0.004482779066661613,0.0024682668366954328,0.002468266836695543
2026-05-01,0.0,0.0,0.0,0.0,Crisis,False,0.0,0.0,0.0,0.0
2026-05-04,-0.0021143531131854903,-0.0021143531131855298,0.0,0.0,Crisis,False,0.0030440708561664683,0.0030440708561665364,-0.0011254724080582699,-0.00112547240805827
2026-05-05,-0.0004364240027916783,-0.0004364240027916466,0.0,0.0,Crisis,False,-0.002152172667129042,-0.002152172667129082,-0.0017943367201008374,-0.0017943367201008753
2026-05-06,0.0037475718831569945,0.003747571883156997,0.0,0.0,Crisis,False,0.007443902307179274,0.007443902307179284,0.009172642490042801,0.009172642490042904
2026-05-07,0.0009126082483326515,0.0009126082483326137,0.0,0.0,Crisis,False,-0.00010262265990494903,-0.00010262265990490516,0.0011453493348851538,0.0011453493348851929
2026-05-08,-0.00032156293034105263,-0.0014214408044580518,0.0011002316678361888,0.5501158339180945,Bull,True,-0.003732172033811801,-0.0037357144591643188,-0.0025072630413368485,-0.0025106987676619674
2026-05-11,-0.009747186104559448,-0.009747186104559491,0.0,0.0,Bull,False,-0.008941889641529931,-0.008941889641529976,-0.00786368681817462,-0.00786368681817462
2026-05-12,-0.004277249287636317,-0.004277249287636287,0.0,0.0,Bull,False,-0.010925693885617097,-0.01092569388561715,-0.0023334849203545966,-0.002333484920354567
2026-05-13,0.020983382960244143,0.020983382960244157,0.0,0.0,Bull,False,0.0008367430741349475,0.0008367430741349491,0.0197758448528344,0.019775844852834457
2026-05-14,0.005233408781678268,0.005233408781678328,0.0,0.0,Bull,False,0.0070073303145644665,0.007007330314564575,0.003889883338017198,0.003889883338017208
2026-05-15,-0.007441769490685538,-0.007441769490685535,0.0,0.0,Bull,False,-0.0011580769945794761,-0.0011580769945794822,-0.00689876783619277,-0.0068987678361928095
2026-05-18,0.0009323857072301634,0.0009323857072300878,0.0,0.0,Bull,False,0.00016219988232409386,0.00016219988232402116,0.0008610757978725807,0.0008610757978726458
2026-05-19,0.002038958721285191,0.0020389587212852334,0.0,0.0,Bull,False,-0.0008074594859347328,-0.0008074594859347473,0.0020619026633485436,0.0020619026633486026
2026-05-20,-0.00047218751832777794,-0.0004721875183277824,0.0,0.0,Bull,False,0.0010318288428891374,0.0010318288428892153,-0.0006089097606288786,-0.000608909760628884
2026-05-21,0.0014324032602943716,0.0014324032602943682,0.0,0.0,Bull,False,-0.00010406831213300296,-0.00010406831213305434,0.0013801026354126093,0.00138010263541255
2026-05-22,0.0005223218084239461,0.0005223218084240422,0.0,0.0,Bull,False,0.0016242921345092812,0.0016242921345093198,0.00024467975962137744,0.0002446797596213912
2026-05-25,0.0057892630614398395,0.005789263061439787,0.0,0.0,Bull,False,0.00783791921365919,0.007837919213659283,0.004286567983317659,0.004286567983317724
2026-05-26,-0.00474278068389822,-0.004742780683898218,0.0,0.0,Bull,False,-0.002935035790984102,-0.0029350357909840863,-0.004057988330604672,-0.004057988330604667
2026-05-27,-0.0016281101935128538,-0.0016281101935128328,0.0,0.0,Bull,False,-0.00016762353164421085,-0.00016762353164423427,-0.0015256073462313836,-0.0015256073462314168
2026-05-28,0.0,0.0,0.0,0.0,Bull,False,0.0,0.0,0.0,0.0
2026-05-29,-0.0077235464471132245,-0.007723546447113261,0.0,0.0,Bull,False,-0.008979527168801587,-0.008979527168801571,-0.005947715606658965,-0.005947715606658965
2026-06-01,-0.006336725166721069,-0.006336725166721013,0.0,0.0,Bull,False,-0.004163627831444493,-0.004163627831444527,-0.005371581790957118,-0.005371581790957092
2026-06-02,0.005233842248855205,0.005233842248855147,0.0,0.0,Bull,False,0.0025598185213602494,0.0025598185213602243,0.004570402839359186,0.004570402839359167
2026-06-03,-0.0043536210727678805,-0.0043536210727679325,0.0,0.0,Bull,False,-0.0019684150054666634,-0.0019684150054666283,-0.0038284759769708888,-0.003828475976970891
2026-06-04,0.002636298096911935,0.0026362980969119043,0.0,0.0,Bull,False,0.0002730013176568263,0.0002730013176568402,0.0024578849654969125,0.002457884965496815
2026-06-05,-0.0029600350729418867,-0.0029600350729418468,0.0,0.0,Bull,False,-0.0012569042643022282,-0.0012569042643022499,-0.002612679223668868,-0.0026126792236689234
2026-06-08,-0.01480875454999996,-0.015884413036475586,0.0010918270858002832,0.5459135429001416,Crisis,True,-0.006176165794011023,-0.006197499090563885,-0.013094589628838537,-0.013113715446878005
2026-06-09,0.002484148702753743,0.002484148702753819,0.0,0.0,Crisis,False,0.0030944232528630875,0.003094423252863132,0.005022415390623684,0.005022415390623758
2026-06-10,-0.008523705082694273,-0.008523705082694288,0.0,0.0,Crisis,False,-0.0007063217853717191,-0.0007063217853716663,-0.011719025083125343,-0.01171902508312539
2026-06-11,-0.0037807191269604887,-0.003780719126960541,0.0,0.0,Crisis,False,-0.0013770363673892467,-0.0013770363673892838,-0.005825498240412848,-0.005825498240412896
2026-06-12,0.005360873752929185,0.005360873752929152,0.0,0.0,Crisis,False,0.011953895660023818,0.011953895660023806,0.013908683466734626,0.013908683466734573
2026-06-15,0.004429629766364887,0.004429629766364851,0.0,0.0,Crisis,False,0.005917275910416766,0.005917275910416686,0.009198563898058745,0.009198563898058731
2026-06-16,6.792431354755742e-05,6.792431354751827e-05,0.0,0.0,Crisis,False,0.0034481015435666542,0.003448101543566562,0.002012656757940388,0.0020126567579403787
2026-06-17,-0.0007928048001477081,-0.0007928048001477617,0.0,0.0,Crisis,False,0.00244627352330653,0.002446273523306619,0.0003372501950992798,0.00033725019509933674
2026-06-18,-0.0032847588843754267,-0.003284758884375405,0.0,0.0,Crisis,False,0.0020835096181722767,0.0020835096181723856,-0.0031494056002186145,-0.003149405600218591
2026-06-19,-0.004703352223554206,-0.004703352223554225,0.0,0.0,Crisis,False,-0.003909374784170327,-0.003909374784170305,-0.00840445089910877,-0.008404450899108795
2026-06-22,0.0027017581028010262,0.002701758102801044,0.0,0.0,Crisis,False,0.0022775551323936057,0.0022775551323936938,0.004859845830308418,0.004859845830308407
2026-06-23,-0.004497552806991246,-0.004497552806991267,0.0,0.0,Crisis,False,-0.007054963401916813,-0.007054963401916803,-0.009919952603133574,-0.009919952603133608
2026-06-24,-0.002734580165007826,-0.002734580165007827,0.0,0.0,Crisis,False,0.005030544143686575,0.005030544143686644,-0.00075606351737133,-0.0007560635173713415
2026-06-25,-0.005305686675174116,-0.0053056866751741705,0.0,0.0,Crisis,False,0.0008709999125550265,0.000870999912555126,-0.006516109585617599,-0.006516109585617547
2026-06-26,0.0,0.0,0.0,0.0,Crisis,False,0.0,0.0,0.0,0.0
2026-06-29,0.0030234031364362473,0.0030234031364362313,0.0,0.0,Crisis,False,-0.002776589624075067,-0.002776589624075121,0.0023946805762835913,0.002394680576283559
2026-06-30,-0.000940863782916704,-0.0009408637829166899,0.0,0.0,Crisis,False,-0.002045133290069708,-0.0020451332900697228,-0.00241689013013679,-0.002416890130136795
2026-07-01,-0.0010441090364204666,-0.001044109036420493,0.0,0.0,Crisis,False,0.0035665782902112005,0.003566578290211231,0.0006578403675968464,0.0006578403675967515
2026-07-02,0.004570216285008588,0.004570216285008533,0.0,0.0,Crisis,False,0.0043085704654290844,0.004308570465429096,0.008526005808077917,0.00852600580807783
2026-07-03,0.00534504051671054,0.005345040516710586,0.0,0.0,Crisis,False,0.00240332251133239,0.002403322511332462,0.008424037374776854,0.008424037374776816
2026-07-06,-0.0016309467746264226,-0.001630946774626385,0.0,0.0,Crisis,False,0.004015127261190164,0.004015127261190132,0.00014729206206268156,0.00014729206206265388
2026-07-07,-0.0018827068679652121,-0.0029976517280351223,0.0011170479338868957,0.5585239669434477,Bear,True,-0.0007904516344224241,-0.000816059783991907,-0.0029310551963032962,-0.0029653420050149704
2026-07-08,-0.01092935940317654,-0.01092935940317652,0.0,0.0,Bear,False,-0.012705147094963908,-0.012705147094963953,-0.011612310373966261,-0.011612310373966261
2026-07-09,0.009956702591428923,0.00995670259142889,0.0,0.0,Bear,False,0.002007260230293373,0.002007260230293406,0.0052651228918359425,0.005265122891835894
2026-07-10,-0.0018890464577682206,-0.0018890464577682176,0.0,0.0,Bear,False,0.0060718845110026,0.006071884511002601,0.0025675740937303056,0.002567574093730318
2026-07-13,-0.008054260891807503,-0.008054260891807496,0.0,0.0,Bear,False,9.727032165324109e-05,9.727032165329774e-05,-0.0033052234628301314,-0.0033052234628301314
2026-07-14,-0.0066148179025997764,-0.006614817902599768,0.0,0.0,Bear,False,-0.003922914920875912,-0.003922914920875931,-0.004930158117655741,-0.004930158117655736
2026-07-15,0.0028154234700140273,0.0028154234700139558,0.0,0.0,Bear,False,0.0006560175847462334,0.0006560175847463157,0.0015323195070896165,0.0015323195070895412
2026-07-16,0.0005478261747253378,0.0005478261747253743,0.0,0.0,Bear,False,-0.00014252323312666622,-0.00014252323312669013,0.0001478897719371249,0.00014788977193713748
2026-07-17,-0.004653863181855166,-0.004653863181855122,0.0,0.0,Bear,False,0.006483891578329583,0.006483891578329626,0.0016792170190781251,0.0016792170190780276
2026-07-20,0.007219684822043786,0.007219684822043826,0.0,0.0,Bear,False,-0.002359619326935514,-0.0023596193269355137,0.0016572125593987996,0.0016572125593987685
2026-07-21,0.006075753054381975,0.006075753054382016,0.0,0.0,Bear,False,-0.0012542071311745214,-0.0012542071311745229,0.0018207004275611976,0.001820700427561217
2026-07-22,0.009567396349011765,0.009567396349011714,0.0,0.0,Bear,False,-0.004732575053140179,-0.004732575053140176,0.0013551361051975046,0.001355136105197552
2026-07-23,-0.0030264749041461793,-0.0030264749041462036,0.0,0.0,Bear,False,-0.003149695783149592,-0.0031496957831496086,-0.0030103985989469615,-0.0030103985989469173
2026-07-24,-0.0052583716527725075,-0.005258371652772542,0.0,0.0,Bear,False,-0.0025451548343575045,-0.002545154834357466,-0.003613193501974709,-0.003613193501974754
2026-07-27,0.0,0.0,0.0,0.0,Bear,False,0.0,0.0,0.0,0.0
