Date,signal_date,execution_date,return_date,rebalance_flag,pre_trade_equity_weight,pre_trade_gold_weight,pre_trade_bond_weight,target_equity_weight,target_gold_weight,target_bond_weight,post_trade_equity_weight,post_trade_gold_weight,post_trade_bond_weight,post_return_drifted_equity_weight,post_return_drifted_gold_weight,post_return_drifted_bond_weight
2010-10-05,2010-10-05,2010-10-05,2010-10-05,True,0.0,0.0,0.0,0.6500000137845555,0.3499999863135733,0.0,0.6500000137845555,0.3499999863135733,0.0,0.0,0.0,0.0
2010-10-06,,,2010-10-06,False,0.6500000137845555,0.3499999863135733,0.0,0.0,0.0,0.0,0.6490093431561974,0.3509906569411381,0.0,0.6490093431561974,0.3509906569411381,0.0
2010-10-07,,,2010-10-07,False,0.6490093431561974,0.3509906569411381,0.0,0.0,0.0,0.0,0.6455953203630571,0.354404679734813,0.0,0.6455953203630571,0.354404679734813,0.0
2010-10-08,,,2010-10-08,False,0.6455953203630571,0.354404679734813,0.0,0.0,0.0,0.0,0.6490470367509886,0.35095296334767645,0.0,0.6490470367509886,0.35095296334767645,0.0
2010-10-11,,,2010-10-11,False,0.6490470367509886,0.35095296334767645,0.0,0.0,0.0,0.0,0.6467719734833772,0.35322802661442293,0.0,0.6467719734833772,0.35322802661442293,0.0
2010-10-12,,,2010-10-12,False,0.6467719734833772,0.35322802661442293,0.0,0.0,0.0,0.0,0.6445286358795217,0.3554713642186586,0.0,0.6445286358795217,0.3554713642186586,0.0
2010-10-13,,,2010-10-13,False,0.6445286358795217,0.3554713642186586,0.0,0.0,0.0,0.0,0.6482539409584455,0.351746059138037,0.0,0.6482539409584455,0.351746059138037,0.0
2010-10-14,,,2010-10-14,False,0.6482539409584455,0.351746059138037,0.0,0.0,0.0,0.0,0.6443441622873056,0.35565583780947285,0.0,0.6443441622873056,0.35565583780947285,0.0
2010-10-15,,,2010-10-15,False,0.6443441622873056,0.35565583780947285,0.0,0.0,0.0,0.0,0.6415969770904579,0.358403023007731,0.0,0.6415969770904579,0.358403023007731,0.0
2010-10-18,,,2010-10-18,False,0.6415969770904579,0.358403023007731,0.0,0.0,0.0,0.0,0.6437026332525553,0.3562973668457402,0.0,0.6437026332525553,0.3562973668457402,0.0
2010-10-19,,,2010-10-19,False,0.6437026332525553,0.3562973668457402,0.0,0.0,0.0,0.0,0.6397633148990797,0.3602366851994029,0.0,0.6397633148990797,0.3602366851994029,0.0
2010-10-20,,,2010-10-20,False,0.6397633148990797,0.3602366851994029,0.0,0.0,0.0,0.0,0.6425018170748625,0.3574981830247888,0.0,0.6425018170748625,0.3574981830247888,0.0
2010-10-21,,,2010-10-21,False,0.6425018170748625,0.3574981830247888,0.0,0.0,0.0,0.0,0.6450522567134637,0.3549477433846254,0.0,0.6450522567134637,0.3549477433846254,0.0
2010-10-22,,,2010-10-22,False,0.6450522567134637,0.3549477433846254,0.0,0.0,0.0,0.0,0.646545871473419,0.3534541286254718,0.0,0.646545871473419,0.3534541286254718,0.0
2010-10-25,,,2010-10-25,False,0.646545871473419,0.3534541286254718,0.0,0.0,0.0,0.0,0.6462417717343524,0.3537582283638484,0.0,0.6462417717343524,0.3537582283638484,0.0
2010-10-26,,,2010-10-26,False,0.6462417717343524,0.3537582283638484,0.0,0.0,0.0,0.0,0.646970980905231,0.3530290191934653,0.0,0.646970980905231,0.3530290191934653,0.0
2010-10-27,,,2010-10-27,False,0.646970980905231,0.3530290191934653,0.0,0.0,0.0,0.0,0.6445347287600004,0.3554652713394582,0.0,0.6445347287600004,0.3554652713394582,0.0
2010-10-28,,,2010-10-28,False,0.6445347287600004,0.3554652713394582,0.0,0.0,0.0,0.0,0.644454669140948,0.3555453309589126,0.0,0.644454669140948,0.3555453309589126,0.0
2010-10-29,,,2010-10-29,False,0.644454669140948,0.3555453309589126,0.0,0.0,0.0,0.0,0.6446001061516056,0.3553998939477797,0.0,0.6446001061516056,0.3553998939477797,0.0
2010-11-01,,,2010-11-01,False,0.6446001061516056,0.3553998939477797,0.0,0.0,0.0,0.0,0.6434479717492508,0.35655202834833744,0.0,0.6434479717492508,0.35655202834833744,0.0
2010-11-02,,,2010-11-02,False,0.6434479717492508,0.35655202834833744,0.0,0.0,0.0,0.0,0.6444634887848817,0.3555365113128375,0.0,0.6444634887848817,0.3555365113128375,0.0
2010-11-03,2010-11-03,2010-11-03,2010-11-03,True,0.6444634887848817,0.3555365113128375,0.0,0.6500000049368703,0.34999999513452185,0.0,0.6500000049368703,0.34999999513452185,0.0,0.6460640926545054,0.35393590744279646,0.0
2010-11-04,,,2010-11-04,False,0.6500000049368703,0.34999999513452185,0.0,0.0,0.0,0.0,0.6541472872009139,0.3458527128695464,0.0,0.6541472872009139,0.3458527128695464,0.0
2010-11-08,,,2010-11-08,False,0.6541472872009139,0.3458527128695464,0.0,0.0,0.0,0.0,0.6504714295922231,0.3495285704779372,0.0,0.6504714295922231,0.3495285704779372,0.0
2010-11-09,,,2010-11-09,False,0.6504714295922231,0.3495285704779372,0.0,0.0,0.0,0.0,0.6487373799752196,0.3512626200944389,0.0,0.6487373799752196,0.3512626200944389,0.0
2010-11-10,,,2010-11-10,False,0.6487373799752196,0.3512626200944389,0.0,0.0,0.0,0.0,0.6475355486339173,0.3524644514358986,0.0,0.6475355486339173,0.3524644514358986,0.0
2010-11-11,,,2010-11-11,False,0.6475355486339173,0.3524644514358986,0.0,0.0,0.0,0.0,0.6441791669488439,0.35582083312152335,0.0,0.6441791669488439,0.35582083312152335,0.0
2010-11-12,,,2010-11-12,False,0.6441791669488439,0.35582083312152335,0.0,0.0,0.0,0.0,0.6417359646989684,0.3582640353725475,0.0,0.6417359646989684,0.3582640353725475,0.0
2010-11-15,,,2010-11-15,False,0.6417359646989684,0.3582640353725475,0.0,0.0,0.0,0.0,0.6446438320210534,0.3553561680502003,0.0,0.6446438320210534,0.3553561680502003,0.0
2010-11-16,,,2010-11-16,False,0.6446438320210534,0.3553561680502003,0.0,0.0,0.0,0.0,0.6393884384543793,0.36061156161786184,0.0,0.6393884384543793,0.36061156161786184,0.0
2010-11-18,,,2010-11-18,False,0.6393884384543793,0.36061156161786184,0.0,0.0,0.0,0.0,0.6399471621935335,0.360052837878649,0.0,0.6399471621935335,0.360052837878649,0.0
2010-11-19,,,2010-11-19,False,0.6399471621935335,0.360052837878649,0.0,0.0,0.0,0.0,0.635311979732635,0.36468802034034475,0.0,0.635311979732635,0.36468802034034475,0.0
2010-11-22,,,2010-11-22,False,0.635311979732635,0.36468802034034475,0.0,0.0,0.0,0.0,0.6397609945457698,0.36023900552625726,0.0,0.6397609945457698,0.36023900552625726,0.0
2010-11-23,,,2010-11-23,False,0.6397609945457698,0.36023900552625726,0.0,0.0,0.0,0.0,0.6348766176353191,0.36512338243706455,0.0,0.6348766176353191,0.36512338243706455,0.0
2010-11-24,,,2010-11-24,False,0.6348766176353191,0.36512338243706455,0.0,0.0,0.0,0.0,0.6302270831854775,0.3697729168872213,0.0,0.6302270831854775,0.3697729168872213,0.0
2010-11-25,,,2010-11-25,False,0.6302270831854775,0.3697729168872213,0.0,0.0,0.0,0.0,0.628299926074567,0.37170007399873417,0.0,0.628299926074567,0.37170007399873417,0.0
2010-11-26,,,2010-11-26,False,0.628299926074567,0.37170007399873417,0.0,0.0,0.0,0.0,0.6261773921859717,0.373822607887689,0.0,0.6261773921859717,0.373822607887689,0.0
2010-11-29,,,2010-11-29,False,0.6261773921859717,0.373822607887689,0.0,0.0,0.0,0.0,0.6296193071345783,0.3703806929384959,0.0,0.6296193071345783,0.3703806929384959,0.0
2010-11-30,,,2010-11-30,False,0.6296193071345783,0.3703806929384959,0.0,0.0,0.0,0.0,0.6312383402841627,0.3687616597886907,0.0,0.6312383402841627,0.3687616597886907,0.0
2010-12-01,,,2010-12-01,False,0.6312383402841627,0.3687616597886907,0.0,0.0,0.0,0.0,0.6342766820849914,0.3657233179870066,0.0,0.6342766820849914,0.3657233179870066,0.0
2010-12-02,,,2010-12-02,False,0.6342766820849914,0.3657233179870066,0.0,0.0,0.0,0.0,0.636109714414209,0.3638902856573868,0.0,0.636109714414209,0.3638902856573868,0.0
2010-12-03,,,2010-12-03,False,0.636109714414209,0.3638902856573868,0.0,0.0,0.0,0.0,0.6350329432906854,0.36496705678101476,0.0,0.6350329432906854,0.36496705678101476,0.0
2010-12-06,2010-12-06,2010-12-06,2010-12-06,True,0.6350329432906854,0.36496705678101476,0.0,0.04086086208628354,0.2500008543968765,0.7091382835168398,0.04086086208628354,0.2500008543968765,0.7091382835168398,0.6324857053680504,0.36751429470336877,0.0
2010-12-07,,,2010-12-07,False,0.04086086208628354,0.2500008543968765,0.7091382835168398,0.0,0.0,0.0,0.040737778664107126,0.2504027737149537,0.7088594476209391,0.040737778664107126,0.2504027737149537,0.7088594476209391
2010-12-08,,,2010-12-08,False,0.040737778664107126,0.2504027737149537,0.7088594476209391,0.0,0.0,0.0,0.04037496144020756,0.24840963103411473,0.7112154075256776,0.04037496144020756,0.24840963103411473,0.7112154075256776
2010-12-09,,,2010-12-09,False,0.04037496144020756,0.24840963103411473,0.7112154075256776,0.0,0.0,0.0,0.03951490003802948,0.24786568156278885,0.7126194183991814,0.03951490003802948,0.24786568156278885,0.7126194183991814
2010-12-10,,,2010-12-10,False,0.03951490003802948,0.24786568156278885,0.7126194183991814,0.0,0.0,0.0,0.04010572697979032,0.247831074323371,0.7120631986968384,0.04010572697979032,0.247831074323371,0.7120631986968384
2010-12-13,,,2010-12-13,False,0.04010572697979032,0.247831074323371,0.7120631986968384,0.0,0.0,0.0,0.040425678209805305,0.2479416233649751,0.7116326984252193,0.040425678209805305,0.2479416233649751,0.7116326984252193
2010-12-14,,,2010-12-14,False,0.040425678209805305,0.2479416233649751,0.7116326984252193,0.0,0.0,0.0,0.04060732525283787,0.24894581245975012,0.7104468622874116,0.04060732525283787,0.24894581245975012,0.7104468622874116
2010-12-15,,,2010-12-15,False,0.04060732525283787,0.24894581245975012,0.7104468622874116,0.0,0.0,0.0,0.04033362691770757,0.24780443681611983,0.7118619362661722,0.04033362691770757,0.24780443681611983,0.7118619362661722
2010-12-16,,,2010-12-16,False,0.04033362691770757,0.24780443681611983,0.7118619362661722,0.0,0.0,0.0,0.04069879005634881,0.2478176957056622,0.7114835142379887,0.04069879005634881,0.2478176957056622,0.7114835142379887
2010-12-20,,,2010-12-20,False,0.04069879005634881,0.2478176957056622,0.7114835142379887,0.0,0.0,0.0,0.040680034500403466,0.24795402510659373,0.7113659403930027,0.040680034500403466,0.24795402510659373,0.7113659403930027
2010-12-21,,,2010-12-21,False,0.040680034500403466,0.24795402510659373,0.7113659403930027,0.0,0.0,0.0,0.0410453981298564,0.24761785512448975,0.7113367467456536,0.0410453981298564,0.24761785512448975,0.7113367467456536
2010-12-22,,,2010-12-22,False,0.0410453981298564,0.24761785512448975,0.7113367467456536,0.0,0.0,0.0,0.04095021755710279,0.2474354813982996,0.7116143010445973,0.04095021755710279,0.2474354813982996,0.7116143010445973
2010-12-23,,,2010-12-23,False,0.04095021755710279,0.2474354813982996,0.7116143010445973,0.0,0.0,0.0,0.040966772101459124,0.24660044971576423,0.7124327781827763,0.040966772101459124,0.24660044971576423,0.7124327781827763
2010-12-24,,,2010-12-24,False,0.040966772101459124,0.24660044971576423,0.7124327781827763,0.0,0.0,0.0,0.041135029456488434,0.24726641062789043,0.7115985599156207,0.041135029456488434,0.24726641062789043,0.7115985599156207
2010-12-27,,,2010-12-27,False,0.041135029456488434,0.24726641062789043,0.7115985599156207,0.0,0.0,0.0,0.04100170589620064,0.2481096974841481,0.7108885966196509,0.04100170589620064,0.2481096974841481,0.7108885966196509
2010-12-28,,,2010-12-28,False,0.04100170589620064,0.2481096974841481,0.7108885966196509,0.0,0.0,0.0,0.04100469978824406,0.247805788664915,0.7111895115468405,0.04100469978824406,0.247805788664915,0.7111895115468405
2010-12-29,,,2010-12-29,False,0.04100469978824406,0.247805788664915,0.7111895115468405,0.0,0.0,0.0,0.04135716049115665,0.24896366525805688,0.7096791742507861,0.04135716049115665,0.24896366525805688,0.7096791742507861
2010-12-30,,,2010-12-30,False,0.04135716049115665,0.24896366525805688,0.7096791742507861,0.0,0.0,0.0,0.0416046279983323,0.2493183049828669,0.7090770670188005,0.0416046279983323,0.2493183049828669,0.7090770670188005
2010-12-31,,,2010-12-31,False,0.0416046279983323,0.2493183049828669,0.7090770670188005,0.0,0.0,0.0,0.041859818251661796,0.24851094802400364,0.7096292337243343,0.041859818251661796,0.24851094802400364,0.7096292337243343
2011-01-03,,,2011-01-03,False,0.041859818251661796,0.24851094802400364,0.7096292337243343,0.0,0.0,0.0,0.04195277008761804,0.24951726383473355,0.7085299660776482,0.04195277008761804,0.24951726383473355,0.7085299660776482
2011-01-04,,,2011-01-04,False,0.04195277008761804,0.24951726383473355,0.7085299660776482,0.0,0.0,0.0,0.04191944158169343,0.2488176384424004,0.709262919975906,0.04191944158169343,0.2488176384424004,0.709262919975906
2011-01-05,2011-01-05,2011-01-05,2011-01-05,True,0.04191944158169343,0.2488176384424004,0.709262919975906,0.2000000095664028,0.7999999903598924,7.370430949792557e-11,0.2000000095664028,0.7999999903598924,7.370430949792557e-11,0.04159263096736154,0.2469708164324673,0.711436552600171
2011-01-06,,,2011-01-06,False,0.2000000095664028,0.7999999903598924,7.370430949792557e-11,0.0,0.0,0.0,0.20004936310367313,0.7999506368222195,7.410705988056595e-11,0.20004936310367313,0.7999506368222195,7.410705988056595e-11
2011-01-07,,,2011-01-07,False,0.20004936310367313,0.7999506368222195,7.410705988056595e-11,0.0,0.0,0.0,0.1973672979859433,0.8026327019391641,7.489224522240995e-11,0.1973672979859433,0.8026327019391641,7.489224522240995e-11
2011-01-10,,,2011-01-10,False,0.1973672979859433,0.8026327019391641,7.489224522240995e-11,0.0,0.0,0.0,0.1930160619585884,0.8069839379663687,7.504266903795906e-11,0.1930160619585884,0.8069839379663687,7.504266903795906e-11
2011-01-11,,,2011-01-11,False,0.1930160619585884,0.8069839379663687,7.504266903795906e-11,0.0,0.0,0.0,0.1925236203008132,0.8074763796242208,7.496577260782805e-11,0.1925236203008132,0.8074763796242208,7.496577260782805e-11
2011-01-12,,,2011-01-12,False,0.1925236203008132,0.8074763796242208,7.496577260782805e-11,0.0,0.0,0.0,0.1950292665949786,0.8049707333304942,7.452697946060776e-11,0.1950292665949786,0.8049707333304942,7.452697946060776e-11
2011-01-13,,,2011-01-13,False,0.1950292665949786,0.8049707333304942,7.452697946060776e-11,0.0,0.0,0.0,0.19187640061297812,0.8081235993122794,7.47423343221474e-11,0.19187640061297812,0.8081235993122794,7.47423343221474e-11
2011-01-14,,,2011-01-14,False,0.19187640061297812,0.8081235993122794,7.47423343221474e-11,0.0,0.0,0.0,0.1899418296900786,0.8100581702346595,7.526182203075915e-11,0.1899418296900786,0.8100581702346595,7.526182203075915e-11
2011-01-17,,,2011-01-17,False,0.1899418296900786,0.8100581702346595,7.526182203075915e-11,0.0,0.0,0.0,0.19052535220888545,0.8094746477156234,7.549110422593766e-11,0.19052535220888545,0.8094746477156234,7.549110422593766e-11
2011-01-18,,,2011-01-18,False,0.19052535220888545,0.8094746477156234,7.549110422593766e-11,0.0,0.0,0.0,0.19165608960459765,0.8083439103203824,7.501975354768693e-11,0.19165608960459765,0.8083439103203824,7.501975354768693e-11
2011-01-19,,,2011-01-19,False,0.19165608960459765,0.8083439103203824,7.501975354768693e-11,0.0,0.0,0.0,0.19112947678801065,0.8088705231367418,7.524743468660895e-11,0.19112947678801065,0.8088705231367418,7.524743468660895e-11
2011-01-20,,,2011-01-20,False,0.19112947678801065,0.8088705231367418,7.524743468660895e-11,0.0,0.0,0.0,0.19123689208873274,0.8087631078362484,7.501883211105904e-11,0.19123689208873274,0.8087631078362484,7.501883211105904e-11
2011-01-21,,,2011-01-21,False,0.19123689208873274,0.8087631078362484,7.501883211105904e-11,0.0,0.0,0.0,0.19256398379542614,0.8074360161288341,7.573966405351537e-11,0.19256398379542614,0.8074360161288341,7.573966405351537e-11
2011-01-24,,,2011-01-24,False,0.19256398379542614,0.8074360161288341,7.573966405351537e-11,0.0,0.0,0.0,0.19347532794551608,0.8065246719790051,7.547867788397803e-11,0.19347532794551608,0.8065246719790051,7.547867788397803e-11
2011-01-25,,,2011-01-25,False,0.19347532794551608,0.8065246719790051,7.547867788397803e-11,0.0,0.0,0.0,0.194393628808981,0.8056063711144379,7.658088928917465e-11,0.194393628808981,0.8056063711144379,7.658088928917465e-11
2011-01-27,,,2011-01-27,False,0.194393628808981,0.8056063711144379,7.658088928917465e-11,0.0,0.0,0.0,0.19080166775909724,0.8091983321646214,7.628114802119993e-11,0.19080166775909724,0.8091983321646214,7.628114802119993e-11
2011-01-28,,,2011-01-28,False,0.19080166775909724,0.8091983321646214,7.628114802119993e-11,0.0,0.0,0.0,0.19040206251253522,0.8095979374100714,7.739319455155806e-11,0.19040206251253522,0.8095979374100714,7.739319455155806e-11
2011-01-31,,,2011-01-31,False,0.19040206251253522,0.8095979374100714,7.739319455155806e-11,0.0,0.0,0.0,0.18737071811042377,0.8126292818133277,7.62482400273386e-11,0.18737071811042377,0.8126292818133277,7.62482400273386e-11
2011-02-01,,,2011-02-01,False,0.18737071811042377,0.8126292818133277,7.62482400273386e-11,0.0,0.0,0.0,0.18559468852609243,0.8144053113971452,7.676213966403554e-11,0.18559468852609243,0.8144053113971452,7.676213966403554e-11
2011-02-02,,,2011-02-02,False,0.18559468852609243,0.8144053113971452,7.676213966403554e-11,0.0,0.0,0.0,0.18642430772441704,0.8135756921986883,7.689443713390976e-11,0.18642430772441704,0.8135756921986883,7.689443713390976e-11
2011-02-03,,,2011-02-03,False,0.18642430772441704,0.8135756921986883,7.689443713390976e-11,0.0,0.0,0.0,0.1900133971496446,0.809986602773324,7.70311793756863e-11,0.1900133971496446,0.809986602773324,7.70311793756863e-11
2011-02-04,2011-02-04,2011-02-04,2011-02-04,True,0.1900133971496446,0.809986602773324,7.70311793756863e-11,0.02337653798107516,0.2500034021362545,0.7266200598826702,0.02337653798107516,0.2500034021362545,0.7266200598826702,0.18417872676983538,0.815821273153685,7.647932760199103e-11
2011-02-07,,,2011-02-07,False,0.02337653798107516,0.2500034021362545,0.7266200598826702,0.0,0.0,0.0,0.0233926786338552,0.24951924464896816,0.7270880767171766,0.0233926786338552,0.24951924464896816,0.7270880767171766
2011-02-08,,,2011-02-08,False,0.0233926786338552,0.24951924464896816,0.7270880767171766,0.0,0.0,0.0,0.023023516169503246,0.25012885949070934,0.7268476243397873,0.023023516169503246,0.25012885949070934,0.7268476243397873
2011-02-09,,,2011-02-09,False,0.023023516169503246,0.25012885949070934,0.7268476243397873,0.0,0.0,0.0,0.022755185525403596,0.250800604550258,0.7264442099243384,0.022755185525403596,0.250800604550258,0.7264442099243384
2011-02-10,,,2011-02-10,False,0.022755185525403596,0.250800604550258,0.7264442099243384,0.0,0.0,0.0,0.022620654618739754,0.251388056306928,0.7259912890743323,0.022620654618739754,0.251388056306928,0.7259912890743323
2011-02-11,,,2011-02-11,False,0.022620654618739754,0.251388056306928,0.7259912890743323,0.0,0.0,0.0,0.022990385971290217,0.2508522421650274,0.7261573718636825,0.022990385971290217,0.2508522421650274,0.7261573718636825
2011-02-14,,,2011-02-14,False,0.022990385971290217,0.2508522421650274,0.7261573718636825,0.0,0.0,0.0,0.023607758766314275,0.25069556031796253,0.7256966809157233,0.023607758766314275,0.25069556031796253,0.7256966809157233
2011-02-15,,,2011-02-15,False,0.023607758766314275,0.25069556031796253,0.7256966809157233,0.0,0.0,0.0,0.023678026274522132,0.25177807220861415,0.7245439015168637,0.023678026274522132,0.25177807220861415,0.7245439015168637
2011-02-16,,,2011-02-16,False,0.023678026274522132,0.25177807220861415,0.7245439015168637,0.0,0.0,0.0,0.02366006165111949,0.25244534629879406,0.7238945920500863,0.02366006165111949,0.25244534629879406,0.7238945920500863
2011-02-17,,,2011-02-17,False,0.02366006165111949,0.25244534629879406,0.7238945920500863,0.0,0.0,0.0,0.023918229012047786,0.2528243281298505,0.7232574428581017,0.023918229012047786,0.2528243281298505,0.7232574428581017
2011-02-18,,,2011-02-18,False,0.023918229012047786,0.2528243281298505,0.7232574428581017,0.0,0.0,0.0,0.023531104456144574,0.25351946600585895,0.7229494295379965,0.023531104456144574,0.25351946600585895,0.7229494295379965
2011-02-21,,,2011-02-21,False,0.023531104456144574,0.25351946600585895,0.7229494295379965,0.0,0.0,0.0,0.023771395611576762,0.2537907482172557,0.7224378561711676,0.023771395611576762,0.2537907482172557,0.7224378561711676
2011-02-22,,,2011-02-22,False,0.023771395611576762,0.2537907482172557,0.7224378561711676,0.0,0.0,0.0,0.023550163314562327,0.254270858805853,0.7221789778795847,0.023550163314562327,0.254270858805853,0.7221789778795847
2011-02-23,,,2011-02-23,False,0.023550163314562327,0.254270858805853,0.7221789778795847,0.0,0.0,0.0,0.02341058439620305,0.25448550370852707,0.7221039118952699,0.02341058439620305,0.25448550370852707,0.7221039118952699
2011-02-24,,,2011-02-24,False,0.02341058439620305,0.25448550370852707,0.7221039118952699,0.0,0.0,0.0,0.022599915217622557,0.2571672448065185,0.720232839975859,0.022599915217622557,0.2571672448065185,0.720232839975859
2011-02-25,,,2011-02-25,False,0.022599915217622557,0.2571672448065185,0.720232839975859,0.0,0.0,0.0,0.02280841251360819,0.25590573030138924,0.7212858571850026,0.02280841251360819,0.25590573030138924,0.7212858571850026
2011-02-28,,,2011-02-28,False,0.02280841251360819,0.25590573030138924,0.7212858571850026,0.0,0.0,0.0,0.022931467997694736,0.25592962888587895,0.7211389031164264,0.022931467997694736,0.25592962888587895,0.7211389031164264
2011-03-01,,,2011-03-01,False,0.022931467997694736,0.25592962888587895,0.7211389031164264,0.0,0.0,0.0,0.02370988380920996,0.2561973398710022,0.7200927763197879,0.02370988380920996,0.2561973398710022,0.7200927763197879
2011-03-03,,,2011-03-03,False,0.02370988380920996,0.2561973398710022,0.7200927763197879,0.0,0.0,0.0,0.023717581360493022,0.2577644688509291,0.7185179497885779,0.023717581360493022,0.2577644688509291,0.7185179497885779
2011-03-04,,,2011-03-04,False,0.023717581360493022,0.2577644688509291,0.7185179497885779,0.0,0.0,0.0,0.023770279046405263,0.25645389469904417,0.7197758262545505,0.023770279046405263,0.25645389469904417,0.7197758262545505
2011-03-07,,,2011-03-07,False,0.023770279046405263,0.25645389469904417,0.7197758262545505,0.0,0.0,0.0,0.023374922408969948,0.25902611788231883,0.7175989597087111,0.023374922408969948,0.25902611788231883,0.7175989597087111
2011-03-08,2011-03-08,2011-03-08,2011-03-08,True,0.023374922408969948,0.25902611788231883,0.7175989597087111,0.026473729956095194,0.2500022251429798,0.7235240449009251,0.026473729956095194,0.2500022251429798,0.7235240449009251,0.023648405348371454,0.2579379014598656,0.7184136931917628
2011-03-09,,,2011-03-09,False,0.026473729956095194,0.2500022251429798,0.7235240449009251,0.0,0.0,0.0,0.026526538467550875,0.2498431408580011,0.7236303206744481,0.026526538467550875,0.2498431408580011,0.7236303206744481
2011-03-10,,,2011-03-10,False,0.026526538467550875,0.2498431408580011,0.7236303206744481,0.0,0.0,0.0,0.02634883289758868,0.25007338997381423,0.7235777771285973,0.02634883289758868,0.25007338997381423,0.7235777771285973
2011-03-11,,,2011-03-11,False,0.02634883289758868,0.25007338997381423,0.7235777771285973,0.0,0.0,0.0,0.02616411919637785,0.24887902411056395,0.7249568566930583,0.02616411919637785,0.24887902411056395,0.7249568566930583
2011-03-14,,,2011-03-14,False,0.02616411919637785,0.24887902411056395,0.7249568566930583,0.0,0.0,0.0,0.026553054485274407,0.24915163631018392,0.7242953092045419,0.026553054485274407,0.24915163631018392,0.7242953092045419
2011-03-15,,,2011-03-15,False,0.026553054485274407,0.24915163631018392,0.7242953092045419,0.0,0.0,0.0,0.02620368668098849,0.24830264272754218,0.7254936705914695,0.02620368668098849,0.24830264272754218,0.7254936705914695
2011-03-16,,,2011-03-16,False,0.02620368668098849,0.24830264272754218,0.7254936705914695,0.0,0.0,0.0,0.02654659125507563,0.24666771137876956,0.7267856973661551,0.02654659125507563,0.24666771137876956,0.7267856973661551
2011-03-17,,,2011-03-17,False,0.02654659125507563,0.24666771137876956,0.7267856973661551,0.0,0.0,0.0,0.026269058949082276,0.24601957694886853,0.7277113641020495,0.026269058949082276,0.24601957694886853,0.7277113641020495
2011-03-18,,,2011-03-18,False,0.026269058949082276,0.24601957694886853,0.7277113641020495,0.0,0.0,0.0,0.02584775082829391,0.24839158143453094,0.7257606677371754,0.02584775082829391,0.24839158143453094,0.7257606677371754
2011-03-21,,,2011-03-21,False,0.02584775082829391,0.24839158143453094,0.7257606677371754,0.0,0.0,0.0,0.025759833980757336,0.24974848276418898,0.724491683255054,0.025759833980757336,0.24974848276418898,0.724491683255054
2011-03-22,,,2011-03-22,False,0.025759833980757336,0.24974848276418898,0.724491683255054,0.0,0.0,0.0,0.025979127900399843,0.24998818276771348,0.7240326893318869,0.025979127900399843,0.24998818276771348,0.7240326893318869
2011-03-23,,,2011-03-23,False,0.025979127900399843,0.24998818276771348,0.7240326893318869,0.0,0.0,0.0,0.026296461717131885,0.24970651780393618,0.7239970204789321,0.026296461717131885,0.24970651780393618,0.7239970204789321
2011-03-24,,,2011-03-24,False,0.026296461717131885,0.24970651780393618,0.7239970204789321,0.0,0.0,0.0,0.02647002666439244,0.2503167484235573,0.7232132249120504,0.02647002666439244,0.2503167484235573,0.7232132249120504
2011-03-25,,,2011-03-25,False,0.02647002666439244,0.2503167484235573,0.7232132249120504,0.0,0.0,0.0,0.027129327295450832,0.2489285423802803,0.723942130324269,0.027129327295450832,0.2489285423802803,0.723942130324269
2011-03-28,,,2011-03-28,False,0.027129327295450832,0.2489285423802803,0.723942130324269,0.0,0.0,0.0,0.02731357282177357,0.2480497762495373,0.7246366509286893,0.02731357282177357,0.2480497762495373,0.7246366509286893
2011-03-29,,,2011-03-29,False,0.02731357282177357,0.2480497762495373,0.7246366509286893,0.0,0.0,0.0,0.02759393372034059,0.24659753211748725,0.7258085341621724,0.02759393372034059,0.24659753211748725,0.7258085341621724
2011-03-30,,,2011-03-30,False,0.02759393372034059,0.24659753211748725,0.7258085341621724,0.0,0.0,0.0,0.027810459255246476,0.2471695008021764,0.7250200399425775,0.027810459255246476,0.2471695008021764,0.7250200399425775
2011-03-31,,,2011-03-31,False,0.027810459255246476,0.2471695008021764,0.7250200399425775,0.0,0.0,0.0,0.027997112243001353,0.2478845810018537,0.7241183067551452,0.027997112243001353,0.2478845810018537,0.7241183067551452
2011-04-01,,,2011-04-01,False,0.027997112243001353,0.2478845810018537,0.7241183067551452,0.0,0.0,0.0,0.027943738837908648,0.24836317518094658,0.7236930859811449,0.027943738837908648,0.24836317518094658,0.7236930859811449
2011-04-04,,,2011-04-04,False,0.027943738837908648,0.24836317518094658,0.7236930859811449,0.0,0.0,0.0,0.02834721182652014,0.2477560777517779,0.723896710421702,0.02834721182652014,0.2477560777517779,0.723896710421702
2011-04-05,,,2011-04-05,False,0.02834721182652014,0.2477560777517779,0.723896710421702,0.0,0.0,0.0,0.028358140334525498,0.24766207510525137,0.7239797845602232,0.028358140334525498,0.24766207510525137,0.7239797845602232
2011-04-06,2011-04-06,2011-04-06,2011-04-06,True,0.028358140334525498,0.24766207510525137,0.7239797845602232,0.20000004269973212,0.7999999570562302,2.4403417551198786e-10,0.20000004269973212,0.7999999570562302,2.4403417551198786e-10,0.028195138294794694,0.24975073948103718,0.7220541222241681
2011-04-07,,,2011-04-07,False,0.20000004269973212,0.7999999570562302,2.4403417551198786e-10,0.0,0.0,0.0,0.20003136501658814,0.7999686347390826,2.443256736442704e-10,0.20003136501658814,0.7999686347390826,2.443256736442704e-10
2011-04-08,,,2011-04-08,False,0.20003136501658814,0.7999686347390826,2.443256736442704e-10,0.0,0.0,0.0,0.19767860228531278,0.8023213974714255,2.432580671257065e-10,0.19767860228531278,0.8023213974714255,2.432580671257065e-10
2011-04-11,,,2011-04-11,False,0.19767860228531278,0.8023213974714255,2.432580671257065e-10,0.0,0.0,0.0,0.19541442812385726,0.8045855716333272,2.428118305441702e-10,0.19541442812385726,0.8045855716333272,2.428118305441702e-10
2011-04-13,,,2011-04-13,False,0.19541442812385726,0.8045855716333272,2.428118305441702e-10,0.0,0.0,0.0,0.1994640263268743,0.800535973430555,2.425670242585387e-10,0.1994640263268743,0.800535973430555,2.425670242585387e-10
2011-04-15,,,2011-04-15,False,0.1994640263268743,0.800535973430555,2.425670242585387e-10,0.0,0.0,0.0,0.1956702816241767,0.8043297181343115,2.4150807121199683e-10,0.1956702816241767,0.8043297181343115,2.4150807121199683e-10
2011-04-18,,,2011-04-18,False,0.1956702816241767,0.8043297181343115,2.4150807121199683e-10,0.0,0.0,0.0,0.19230994167726367,0.8076900580814176,2.4131508350503935e-10,0.19230994167726367,0.8076900580814176,2.4131508350503935e-10
2011-04-19,,,2011-04-19,False,0.19230994167726367,0.8076900580814176,2.4131508350503935e-10,0.0,0.0,0.0,0.1909974232533492,0.8090025765074678,2.3917938604397555e-10,0.1909974232533492,0.8090025765074678,2.3917938604397555e-10
2011-04-20,,,2011-04-20,False,0.1909974232533492,0.8090025765074678,2.3917938604397555e-10,0.0,0.0,0.0,0.19373094537476096,0.8062690543872306,2.3800470138014176e-10,0.19373094537476096,0.8062690543872306,2.3800470138014176e-10
2011-04-21,,,2011-04-21,False,0.19373094537476096,0.8062690543872306,2.3800470138014176e-10,0.0,0.0,0.0,0.1945528959715093,0.8054471037908149,2.37672114956184e-10,0.1945528959715093,0.8054471037908149,2.37672114956184e-10
2011-04-25,,,2011-04-25,False,0.1945528959715093,0.8054471037908149,2.37672114956184e-10,0.0,0.0,0.0,0.1922446217011841,0.8077553780635498,2.352623512561218e-10,0.1922446217011841,0.8077553780635498,2.352623512561218e-10
2011-04-26,,,2011-04-26,False,0.1922446217011841,0.8077553780635498,2.352623512561218e-10,0.0,0.0,0.0,0.19358000499517375,0.806419994767682,2.3714046577927623e-10,0.19358000499517375,0.806419994767682,2.3714046577927623e-10
2011-04-27,,,2011-04-27,False,0.19358000499517375,0.806419994767682,2.3714046577927623e-10,0.0,0.0,0.0,0.19247810294345807,0.8075218968193532,2.371850051236757e-10,0.19247810294345807,0.8075218968193532,2.371850051236757e-10
2011-04-28,,,2011-04-28,False,0.19247810294345807,0.8075218968193532,2.371850051236757e-10,0.0,0.0,0.0,0.18877371595974216,0.811226283805686,2.3456825584670784e-10,0.18877371595974216,0.811226283805686,2.3456825584670784e-10
2011-04-29,,,2011-04-29,False,0.18877371595974216,0.811226283805686,2.3456825584670784e-10,0.0,0.0,0.0,0.18790234471096057,0.812097655054088,2.3494773559525364e-10,0.18790234471096057,0.812097655054088,2.3494773559525364e-10
2011-05-02,,,2011-05-02,False,0.18790234471096057,0.812097655054088,2.3494773559525364e-10,0.0,0.0,0.0,0.18411427472709907,0.8158857250407421,2.3215522116086797e-10,0.18411427472709907,0.8158857250407421,2.3215522116086797e-10
2011-05-03,,,2011-05-03,False,0.18411427472709907,0.8158857250407421,2.3215522116086797e-10,0.0,0.0,0.0,0.18145650308855052,0.8185434966770461,2.343996729830332e-10,0.18145650308855052,0.8185434966770461,2.343996729830332e-10
2011-05-04,,,2011-05-04,False,0.18145650308855052,0.8185434966770461,2.343996729830332e-10,0.0,0.0,0.0,0.18170341445414157,0.8182965853099449,2.359097823984332e-10,0.18170341445414157,0.8182965853099449,2.359097823984332e-10
2011-05-05,,,2011-05-05,False,0.18170341445414157,0.8182965853099449,2.359097823984332e-10,0.0,0.0,0.0,0.1812022468394923,0.8187977529219139,2.385898707512246e-10,0.1812022468394923,0.8187977529219139,2.385898707512246e-10
2011-05-06,,,2011-05-06,False,0.1812022468394923,0.8187977529219139,2.385898707512246e-10,0.0,0.0,0.0,0.1824423309208356,0.8175576688429038,2.3625664769052097e-10,0.1824423309208356,0.8175576688429038,2.3625664769052097e-10
2011-05-09,,,2011-05-09,False,0.1824423309208356,0.8175576688429038,2.3625664769052097e-10,0.0,0.0,0.0,0.18395846687156717,0.8160415328901914,2.3823735867332707e-10,0.18395846687156717,0.8160415328901914,2.3823735867332707e-10
2011-05-10,2011-05-10,2011-05-10,2011-05-10,True,0.18395846687156717,0.8160415328901914,2.3823735867332707e-10,0.19999999976965832,0.8000000000057064,2.2463684630099594e-10,0.19999999976965832,0.8000000000057064,2.2463684630099594e-10,0.18290605163734672,0.8170939481253539,2.372954839428104e-10
2011-05-11,,,2011-05-11,False,0.19999999976965832,0.8000000000057064,2.2463684630099594e-10,0.0,0.0,0.0,0.20006136570307592,0.799938634073183,2.2374258258614447e-10,0.20006136570307592,0.799938634073183,2.2374258258614447e-10
2011-05-12,,,2011-05-12,False,0.20006136570307592,0.799938634073183,2.2374258258614447e-10,0.0,0.0,0.0,0.2003984893367558,0.7996015104359029,2.2734282187187993e-10,0.2003984893367558,0.7996015104359029,2.2734282187187993e-10
2011-05-13,,,2011-05-13,False,0.2003984893367558,0.7996015104359029,2.2734282187187993e-10,0.0,0.0,0.0,0.1998629126441929,0.8001370871314674,2.2434117238752412e-10,0.1998629126441929,0.8001370871314674,2.2434117238752412e-10
2011-05-16,,,2011-05-16,False,0.1998629126441929,0.8001370871314674,2.2434117238752412e-10,0.0,0.0,0.0,0.19985519946302924,0.8001448003107734,2.2619889251765026e-10,0.19985519946302924,0.8001448003107734,2.2619889251765026e-10
2011-05-17,,,2011-05-17,False,0.19985519946302924,0.8001448003107734,2.2619889251765026e-10,0.0,0.0,0.0,0.1980381394516401,0.8019618603217443,2.2661700631540312e-10,0.1980381394516401,0.8019618603217443,2.2661700631540312e-10
2011-05-18,,,2011-05-18,False,0.1980381394516401,0.8019618603217443,2.2661700631540312e-10,0.0,0.0,0.0,0.19784777557034297,0.8021522242024929,2.2716558929930267e-10,0.19784777557034297,0.8021522242024929,2.2716558929930267e-10
2011-05-19,,,2011-05-19,False,0.19784777557034297,0.8021522242024929,2.2716558929930267e-10,0.0,0.0,0.0,0.19845579472501068,0.801544205047442,2.2754886794073124e-10,0.19845579472501068,0.801544205047442,2.2754886794073124e-10
2011-05-20,,,2011-05-20,False,0.19845579472501068,0.801544205047442,2.2754886794073124e-10,0.0,0.0,0.0,0.19929652663438513,0.8007034731395296,2.2608666873081405e-10,0.19929652663438513,0.8007034731395296,2.2608666873081405e-10
2011-05-23,,,2011-05-23,False,0.19929652663438513,0.8007034731395296,2.2608666873081405e-10,0.0,0.0,0.0,0.19464070500259778,0.8053592947725076,2.248960003218876e-10,0.19464070500259778,0.8053592947725076,2.248960003218876e-10
2011-05-24,,,2011-05-24,False,0.19464070500259778,0.8053592947725076,2.248960003218876e-10,0.0,0.0,0.0,0.19412614180418591,0.8058738579718592,2.2395635158325023e-10,0.19412614180418591,0.8058738579718592,2.2395635158325023e-10
2011-05-25,,,2011-05-25,False,0.19412614180418591,0.8058738579718592,2.2395635158325023e-10,0.0,0.0,0.0,0.19190804144402882,0.8080919583326774,2.232950480705711e-10,0.19190804144402882,0.8080919583326774,2.232950480705711e-10
2011-05-26,,,2011-05-26,False,0.19190804144402882,0.8080919583326774,2.232950480705711e-10,0.0,0.0,0.0,0.1944132953529564,0.8055867044234847,2.2356023297775815e-10,0.1944132953529564,0.8055867044234847,2.2356023297775815e-10
2011-05-27,,,2011-05-27,False,0.1944132953529564,0.8055867044234847,2.2356023297775815e-10,0.0,0.0,0.0,0.19594951738686636,0.8040504823904313,2.2270362854966402e-10,0.19594951738686636,0.8040504823904313,2.2270362854966402e-10
2011-05-30,,,2011-05-30,False,0.19594951738686636,0.8040504823904313,2.2270362854966402e-10,0.0,0.0,0.0,0.1956140266509396,0.8043859731266176,2.2244419408351475e-10,0.1956140266509396,0.8043859731266176,2.2244419408351475e-10
2011-05-31,,,2011-05-31,False,0.1956140266509396,0.8043859731266176,2.2244419408351475e-10,0.0,0.0,0.0,0.1949670115957536,0.8050329881825394,2.2170843527840833e-10,0.1949670115957536,0.8050329881825394,2.2170843527840833e-10
2011-06-01,,,2011-06-01,False,0.1949670115957536,0.8050329881825394,2.2170843527840833e-10,0.0,0.0,0.0,0.1996078908365078,0.8003921089413341,2.2215956476301292e-10,0.1996078908365078,0.8003921089413341,2.2215956476301292e-10
2011-06-02,,,2011-06-02,False,0.1996078908365078,0.8003921089413341,2.2215956476301292e-10,0.0,0.0,0.0,0.19708957951385092,0.8029104202651477,2.21002790861343e-10,0.19708957951385092,0.8029104202651477,2.21002790861343e-10
2011-06-03,,,2011-06-03,False,0.19708957951385092,0.8029104202651477,2.21002790861343e-10,0.0,0.0,0.0,0.19730647485597635,0.8026935249214314,2.225935145654278e-10,0.19730647485597635,0.8026935249214314,2.225935145654278e-10
2011-06-06,,,2011-06-06,False,0.19730647485597635,0.8026935249214314,2.225935145654278e-10,0.0,0.0,0.0,0.19700440486834378,0.8029955949100194,2.2163805399078802e-10,0.19700440486834378,0.8029955949100194,2.2163805399078802e-10
2011-06-07,,,2011-06-07,False,0.19700440486834378,0.8029955949100194,2.2163805399078802e-10,0.0,0.0,0.0,0.19744293748856684,0.8025570622902664,2.2116791428428116e-10,0.19744293748856684,0.8025570622902664,2.2116791428428116e-10
2011-06-08,2011-06-08,2011-06-08,2011-06-08,True,0.19744293748856684,0.8025570622902664,2.2116791428428116e-10,0.20000021105868182,0.7999997849066827,4.0347578809907724e-09,0.20000021105868182,0.7999997849066827,4.0347578809907724e-09,0.19785905341926407,0.8021409463579259,2.2281118274613586e-10
2011-06-09,,,2011-06-09,False,0.20000021105868182,0.7999997849066827,4.0347578809907724e-09,0.0,0.0,0.0,0.19965571388523567,0.8003442820828864,4.031999962104065e-09,0.19965571388523567,0.8003442820828864,4.031999962104065e-09
2011-06-10,,,2011-06-10,False,0.19965571388523567,0.8003442820828864,4.031999962104065e-09,0.0,0.0,0.0,0.1980101946429062,0.8019898013327122,4.02450346962245e-09,0.1980101946429062,0.8019898013327122,4.02450346962245e-09
2011-06-13,,,2011-06-13,False,0.1980101946429062,0.8019898013327122,4.02450346962245e-09,0.0,0.0,0.0,0.19938131007120377,0.8006186858743307,4.054588337036075e-09,0.19938131007120377,0.8006186858743307,4.054588337036075e-09
2011-06-14,,,2011-06-14,False,0.19938131007120377,0.8006186858743307,4.054588337036075e-09,0.0,0.0,0.0,0.2007577933615276,0.7992422025691929,4.069402851185077e-09,0.2007577933615276,0.7992422025691929,4.069402851185077e-09
2011-06-15,,,2011-06-15,False,0.2007577933615276,0.7992422025691929,4.069402851185077e-09,0.0,0.0,0.0,0.19979256681779825,0.8002074290930864,4.089239320490606e-09,0.19979256681779825,0.8002074290930864,4.089239320490606e-09
2011-06-16,,,2011-06-16,False,0.19979256681779825,0.8002074290930864,4.089239320490606e-09,0.0,0.0,0.0,0.19708404164175403,0.8029159542866334,4.071735891641479e-09,0.19708404164175403,0.8029159542866334,4.071735891641479e-09
2011-06-17,,,2011-06-17,False,0.19708404164175403,0.8029159542866334,4.071735891641479e-09,0.0,0.0,0.0,0.19611650386808288,0.8038834920573388,4.07470169244947e-09,0.19611650386808288,0.8038834920573388,4.07470169244947e-09
2011-06-20,,,2011-06-20,False,0.19611650386808288,0.8038834920573388,4.07470169244947e-09,0.0,0.0,0.0,0.19120241616654549,0.8087975797789981,4.054579051757758e-09,0.19120241616654549,0.8087975797789981,4.054579051757758e-09
2011-06-21,,,2011-06-21,False,0.19120241616654549,0.8087975797789981,4.054579051757758e-09,0.0,0.0,0.0,0.19142199347727334,0.8085780024774246,4.045424472411318e-09,0.19142199347727334,0.8085780024774246,4.045424472411318e-09
2011-06-22,,,2011-06-22,False,0.19142199347727334,0.8085780024774246,4.045424472411318e-09,0.0,0.0,0.0,0.1914337557909217,0.8085662401654052,4.043795418020006e-09,0.1914337557909217,0.8085662401654052,4.043795418020006e-09
2011-06-23,,,2011-06-23,False,0.1914337557909217,0.8085662401654052,4.043795418020006e-09,0.0,0.0,0.0,0.1930426016189646,0.8069573943353407,4.0458170450261645e-09,0.1930426016189646,0.8069573943353407,4.0458170450261645e-09
2011-06-24,,,2011-06-24,False,0.1930426016189646,0.8069573943353407,4.0458170450261645e-09,0.0,0.0,0.0,0.1990191077682524,0.800980888176104,4.0557663294736264e-09,0.1990191077682524,0.800980888176104,4.0557663294736264e-09
2011-06-27,,,2011-06-27,False,0.1990191077682524,0.800980888176104,4.0557663294736264e-09,0.0,0.0,0.0,0.20225413562170602,0.7977458602980049,4.080412604724302e-09,0.20225413562170602,0.7977458602980049,4.080412604724302e-09
2011-06-28,,,2011-06-28,False,0.20225413562170602,0.7977458602980049,4.080412604724302e-09,0.0,0.0,0.0,0.20299994867552734,0.7970000472429477,4.081648550587681e-09,0.20299994867552734,0.7970000472429477,4.081648550587681e-09
2011-06-29,,,2011-06-29,False,0.20299994867552734,0.7970000472429477,4.081648550587681e-09,0.0,0.0,0.0,0.20433981813483632,0.7956601777971973,4.068089543399942e-09,0.20433981813483632,0.7956601777971973,4.068089543399942e-09
2011-06-30,,,2011-06-30,False,0.20433981813483632,0.7956601777971973,4.068089543399942e-09,0.0,0.0,0.0,0.20635463677634694,0.7936453591496885,4.074087949037169e-09,0.20635463677634694,0.7936453591496885,4.074087949037169e-09
2011-07-01,,,2011-07-01,False,0.20635463677634694,0.7936453591496885,4.074087949037169e-09,0.0,0.0,0.0,0.207994257628489,0.7920057382504764,4.121159464922779e-09,0.207994257628489,0.7920057382504764,4.121159464922779e-09
2011-07-04,,,2011-07-04,False,0.207994257628489,0.7920057382504764,4.121159464922779e-09,0.0,0.0,0.0,0.2089978730424336,0.7910021228337221,4.1239693385259225e-09,0.2089978730424336,0.7910021228337221,4.1239693385259225e-09
2011-07-05,,,2011-07-05,False,0.2089978730424336,0.7910021228337221,4.1239693385259225e-09,0.0,0.0,0.0,0.20812592067186544,0.791874075208079,4.120180551702256e-09,0.20812592067186544,0.791874075208079,4.120180551702256e-09
2011-07-06,,,2011-07-06,False,0.20812592067186544,0.791874075208079,4.120180551702256e-09,0.0,0.0,0.0,0.20595525934869194,0.7940447365694032,4.082028600841493e-09,0.20595525934869194,0.7940447365694032,4.082028600841493e-09
2011-07-07,2011-07-07,2011-07-07,2011-07-07,True,0.20595525934869194,0.7940447365694032,4.082028600841493e-09,0.20000001893290928,0.7999999813773324,0.0,0.20000001893290928,0.7999999813773324,0.0,0.20772649974038818,0.7922734962169804,4.042753828107948e-09
2011-07-08,,,2011-07-08,False,0.20000001893290928,0.7999999813773324,0.0,0.0,0.0,0.0,0.19852180904909192,0.8014781912625724,0.0,0.19852180904909192,0.8014781912625724,0.0
2011-07-11,,,2011-07-11,False,0.19852180904909192,0.8014781912625724,0.0,0.0,0.0,0.0,0.19527952063991785,0.8047204796690882,0.0,0.19527952063991785,0.8047204796690882,0.0
2011-07-12,,,2011-07-12,False,0.19527952063991785,0.8047204796690882,0.0,0.0,0.0,0.0,0.19196482522642824,0.8080351750822771,0.0,0.19196482522642824,0.8080351750822771,0.0
2011-07-13,,,2011-07-13,False,0.19196482522642824,0.8080351750822771,0.0,0.0,0.0,0.0,0.19199169916359926,0.8080083011418713,0.0,0.19199169916359926,0.8080083011418713,0.0
2011-07-14,,,2011-07-14,False,0.19199169916359926,0.8080083011418713,0.0,0.0,0.0,0.0,0.19019450028462218,0.8098055000179889,0.0,0.19019450028462218,0.8098055000179889,0.0
2011-07-15,,,2011-07-15,False,0.19019450028462218,0.8098055000179889,0.0,0.0,0.0,0.0,0.1912356628702497,0.808764337434255,0.0,0.1912356628702497,0.808764337434255,0.0
2011-07-18,,,2011-07-18,False,0.1912356628702497,0.808764337434255,0.0,0.0,0.0,0.0,0.18841203562758999,0.811587964673176,0.0,0.18841203562758999,0.811587964673176,0.0
2011-07-19,,,2011-07-19,False,0.18841203562758999,0.811587964673176,0.0,0.0,0.0,0.0,0.18971122013752523,0.810288780162806,0.0,0.18971122013752523,0.810288780162806,0.0
2011-07-20,,,2011-07-20,False,0.18971122013752523,0.810288780162806,0.0,0.0,0.0,0.0,0.1903480299935996,0.8096519703102568,0.0,0.1903480299935996,0.8096519703102568,0.0
2011-07-21,,,2011-07-21,False,0.1903480299935996,0.8096519703102568,0.0,0.0,0.0,0.0,0.18892848949143326,0.8110715108115422,0.0,0.18892848949143326,0.8110715108115422,0.0
2011-07-22,,,2011-07-22,False,0.18892848949143326,0.8110715108115422,0.0,0.0,0.0,0.0,0.19281377751891024,0.8071862227852274,0.0,0.19281377751891024,0.8071862227852274,0.0
2011-07-25,,,2011-07-25,False,0.19281377751891024,0.8071862227852274,0.0,0.0,0.0,0.0,0.19132835692075606,0.808671643378576,0.0,0.19132835692075606,0.808671643378576,0.0
2011-07-26,,,2011-07-26,False,0.19132835692075606,0.808671643378576,0.0,0.0,0.0,0.0,0.1897399537190597,0.8102600465834023,0.0,0.1897399537190597,0.8102600465834023,0.0
2011-07-27,,,2011-07-27,False,0.1897399537190597,0.8102600465834023,0.0,0.0,0.0,0.0,0.18864662471158422,0.8113533755906556,0.0,0.18864662471158422,0.8113533755906556,0.0
2011-07-28,,,2011-07-28,False,0.18864662471158422,0.8113533755906556,0.0,0.0,0.0,0.0,0.1872796379522575,0.8127203623510209,0.0,0.1872796379522575,0.8127203623510209,0.0
2011-07-29,,,2011-07-29,False,0.1872796379522575,0.8127203623510209,0.0,0.0,0.0,0.0,0.1870928585228733,0.8129071417804202,0.0,0.1870928585228733,0.8129071417804202,0.0
2011-08-01,,,2011-08-01,False,0.1870928585228733,0.8129071417804202,0.0,0.0,0.0,0.0,0.18781113329928206,0.8121888670032554,0.0,0.18781113329928206,0.8121888670032554,0.0
2011-08-02,,,2011-08-02,False,0.18781113329928206,0.8121888670032554,0.0,0.0,0.0,0.0,0.1850735074024537,0.8149264928989656,0.0,0.1850735074024537,0.8149264928989656,0.0
2011-08-03,,,2011-08-03,False,0.1850735074024537,0.8149264928989656,0.0,0.0,0.0,0.0,0.17997820719634303,0.8200217930995843,0.0,0.17997820719634303,0.8200217930995843,0.0
2011-08-04,,,2011-08-04,False,0.17997820719634303,0.8200217930995843,0.0,0.0,0.0,0.0,0.17744248367914245,0.8225575166166101,0.0,0.17744248367914245,0.8225575166166101,0.0
2011-08-05,2011-08-05,2011-08-05,2011-08-05,True,0.17744248367914245,0.8225575166166101,0.0,2.656534001795002e-07,0.7999999991220624,0.19999973522452735,2.656534001795002e-07,0.7999999991220624,0.19999973522452735,0.17351022853398204,0.8264897717619064,0.0
2011-08-08,,,2011-08-08,False,2.656534001795002e-07,0.7999999991220624,0.19999973522452735,0.0,0.0,0.0,2.528816346896729e-07,0.8061654907281853,0.1938342563901702,2.528816346896729e-07,0.8061654907281853,0.1938342563901702
2011-08-09,,,2011-08-09,False,2.528816346896729e-07,0.8061654907281853,0.1938342563901702,0.0,0.0,0.0,2.425031679329908e-07,0.8124460702358441,0.18755368726097835,2.425031679329908e-07,0.8124460702358441,0.18755368726097835
2011-08-10,,,2011-08-10,False,2.425031679329908e-07,0.8124460702358441,0.18755368726097835,0.0,0.0,0.0,2.487394861778861e-07,0.8109086490876171,0.18909110217288713,2.487394861778861e-07,0.8109086490876171,0.18909110217288713
2011-08-11,,,2011-08-11,False,2.487394861778861e-07,0.8109086490876171,0.18909110217288713,0.0,0.0,0.0,2.4286198924613677e-07,0.8145610772596004,0.1854386798784009,2.4286198924613677e-07,0.8145610772596004,0.1854386798784009
2011-08-12,,,2011-08-12,False,2.4286198924613677e-07,0.8145610772596004,0.1854386798784009,0.0,0.0,0.0,2.4298269378332553e-07,0.8120807565393708,0.18791900047792573,2.4298269378332553e-07,0.8120807565393708,0.18791900047792573
2011-08-16,,,2011-08-16,False,2.4298269378332553e-07,0.8120807565393708,0.18791900047792573,0.0,0.0,0.0,2.394922666950609e-07,0.8134137892047365,0.18658597130298715,2.394922666950609e-07,0.8134137892047365,0.18658597130298715
2011-08-17,,,2011-08-17,False,2.394922666950609e-07,0.8134137892047365,0.18658597130298715,0.0,0.0,0.0,2.378735887662734e-07,0.8154354044828352,0.18456435764356643,2.378735887662734e-07,0.8154354044828352,0.18456435764356643
2011-08-18,,,2011-08-18,False,2.378735887662734e-07,0.8154354044828352,0.18456435764356643,0.0,0.0,0.0,2.312766291176258e-07,0.81647261107995,0.18352715764341146,2.312766291176258e-07,0.81647261107995,0.18352715764341146
2011-08-19,,,2011-08-19,False,2.312766291176258e-07,0.81647261107995,0.18352715764341146,0.0,0.0,0.0,2.1902492236434606e-07,0.8226635590537122,0.17733622192135626,2.1902492236434606e-07,0.8226635590537122,0.17733622192135626
2011-08-22,,,2011-08-22,False,2.1902492236434606e-07,0.8226635590537122,0.17733622192135626,0.0,0.0,0.0,2.2106650022592382e-07,0.822952525489307,0.17704725344418384,2.2106650022592382e-07,0.822952525489307,0.17704725344418384
2011-08-23,,,2011-08-23,False,2.2106650022592382e-07,0.822952525489307,0.17704725344418384,0.0,0.0,0.0,2.2359635753731721e-07,0.8227392622743445,0.17726051412928898,2.2359635753731721e-07,0.8227392622743445,0.17726051412928898
2011-08-24,,,2011-08-24,False,2.2359635753731721e-07,0.8227392622743445,0.17726051412928898,0.0,0.0,0.0,2.23395789880793e-07,0.8207247528862424,0.17927502371795861,2.23395789880793e-07,0.8207247528862424,0.17927502371795861
2011-08-25,,,2011-08-25,False,2.23395789880793e-07,0.8207247528862424,0.17927502371795861,0.0,0.0,0.0,2.3174583163050047e-07,0.8121293490695344,0.1878704191846244,2.3174583163050047e-07,0.8121293490695344,0.1878704191846244
2011-08-26,,,2011-08-26,False,2.3174583163050047e-07,0.8121293490695344,0.1878704191846244,0.0,0.0,0.0,2.2205013281420548e-07,0.816508853407205,0.18349092454265273,2.2205013281420548e-07,0.816508853407205,0.18349092454265273
2011-08-29,,,2011-08-29,False,2.2205013281420548e-07,0.816508853407205,0.18349092454265273,0.0,0.0,0.0,2.2760995752969614e-07,0.8184827301773357,0.1815170422126973,2.2760995752969614e-07,0.8184827301773357,0.1815170422126973
2011-08-30,,,2011-08-30,False,2.2760995752969614e-07,0.8184827301773357,0.1815170422126973,0.0,0.0,0.0,2.3368510460133312e-07,0.8166694044425027,0.18333036187238305,2.3368510460133312e-07,0.8166694044425027,0.18333036187238305
2011-09-02,,,2011-09-02,False,2.3368510460133312e-07,0.8166694044425027,0.18333036187238305,0.0,0.0,0.0,2.2980765892465096e-07,0.8211081851799783,0.17889158501235325,2.2980765892465096e-07,0.8211081851799783,0.17889158501235325
2011-09-05,,,2011-09-05,False,2.2980765892465096e-07,0.8211081851799783,0.17889158501235325,0.0,0.0,0.0,2.247155783208398e-07,0.8242771430492414,0.1757226322351709,2.247155783208398e-07,0.8242771430492414,0.1757226322351709
2011-09-06,,,2011-09-06,False,2.247155783208398e-07,0.8242771430492414,0.1757226322351709,0.0,0.0,0.0,2.281909376672847e-07,0.8232190369086092,0.1767807349004438,2.281909376672847e-07,0.8232190369086092,0.1767807349004438
2011-09-07,,,2011-09-07,False,2.281909376672847e-07,0.8232190369086092,0.1767807349004438,0.0,0.0,0.0,2.3552250149286963e-07,0.8196861896995294,0.18031357477795942,2.3552250149286963e-07,0.8196861896995294,0.18031357477795942
2011-09-08,2011-09-08,2011-09-08,2011-09-08,True,2.3552250149286963e-07,0.8196861896995294,0.18031357477795942,0.021951085073990864,0.25000358322992966,0.7280453316960794,0.021951085073990864,0.25000358322992966,0.7280453316960794,2.374260983404724e-07,0.8192376271211689,0.18076213545272318
2011-09-09,,,2011-09-09,False,0.021951085073990864,0.25000358322992966,0.7280453316960794,0.0,0.0,0.0,0.02139985642845657,0.2556785869650167,0.7229215566065267,0.02139985642845657,0.2556785869650167,0.7229215566065267
2011-09-12,,,2011-09-12,False,0.02139985642845657,0.2556785869650167,0.7229215566065267,0.0,0.0,0.0,0.02094707974036945,0.25531256129205965,0.7237403589675708,0.02094707974036945,0.25531256129205965,0.7237403589675708
2011-09-13,,,2011-09-13,False,0.02094707974036945,0.25531256129205965,0.7237403589675708,0.0,0.0,0.0,0.020955100316241333,0.2541773818893222,0.7248675177944365,0.020955100316241333,0.2541773818893222,0.7248675177944365
2011-09-14,,,2011-09-14,False,0.020955100316241333,0.2541773818893222,0.7248675177944365,0.0,0.0,0.0,0.021182981307258285,0.25653342017067965,0.7222835985220621,0.021182981307258285,0.25653342017067965,0.7222835985220621
2011-09-15,,,2011-09-15,False,0.021182981307258285,0.25653342017067965,0.7222835985220621,0.0,0.0,0.0,0.02150495346320306,0.2543560828738055,0.7241389636629915,0.02150495346320306,0.2543560828738055,0.7241389636629915
2011-09-16,,,2011-09-16,False,0.02150495346320306,0.2543560828738055,0.7241389636629915,0.0,0.0,0.0,0.021652848552071523,0.2504470473650679,0.7279001040828607,0.021652848552071523,0.2504470473650679,0.7279001040828607
2011-09-19,,,2011-09-19,False,0.021652848552071523,0.2504470473650679,0.7279001040828607,0.0,0.0,0.0,0.02128972801992097,0.25557853923666524,0.7231317327434139,0.02128972801992097,0.25557853923666524,0.7231317327434139
2011-09-20,,,2011-09-20,False,0.02128972801992097,0.25557853923666524,0.7231317327434139,0.0,0.0,0.0,0.021771663727239432,0.2543077032565373,0.7239206330162234,0.021771663727239432,0.2543077032565373,0.7239206330162234
2011-09-21,,,2011-09-21,False,0.021771663727239432,0.2543077032565373,0.7239206330162234,0.0,0.0,0.0,0.021697107738982955,0.2558844894541997,0.7224184028068176,0.021697107738982955,0.2558844894541997,0.7224184028068176
2011-09-22,,,2011-09-22,False,0.021697107738982955,0.2558844894541997,0.7224184028068176,0.0,0.0,0.0,0.020855424994612768,0.25518299338031103,0.7239615816250765,0.020855424994612768,0.25518299338031103,0.7239615816250765
2011-09-23,,,2011-09-23,False,0.020855424994612768,0.25518299338031103,0.7239615816250765,0.0,0.0,0.0,0.02069315743328765,0.2527290213153742,0.7265778212513384,0.02069315743328765,0.2527290213153742,0.7265778212513384
2011-09-26,,,2011-09-26,False,0.02069315743328765,0.2527290213153742,0.7265778212513384,0.0,0.0,0.0,0.020884301568205442,0.24092778632213435,0.7381879121096605,0.020884301568205442,0.24092778632213435,0.7381879121096605
2011-09-27,,,2011-09-27,False,0.020884301568205442,0.24092778632213435,0.7381879121096605,0.0,0.0,0.0,0.021322461180139134,0.24559079072224757,0.7330867480976135,0.021322461180139134,0.24559079072224757,0.7330867480976135
2011-09-28,,,2011-09-28,False,0.021322461180139134,0.24559079072224757,0.7330867480976135,0.0,0.0,0.0,0.021289175070223508,0.24301693150102446,0.7356938934287522,0.021289175070223508,0.24301693150102446,0.7356938934287522
2011-09-29,,,2011-09-29,False,0.021289175070223508,0.24301693150102446,0.7356938934287522,0.0,0.0,0.0,0.021673870602075145,0.23973187482659594,0.7385942545713291,0.021673870602075145,0.23973187482659594,0.7385942545713291
2011-09-30,,,2011-09-30,False,0.021673870602075145,0.23973187482659594,0.7385942545713291,0.0,0.0,0.0,0.021306001920757257,0.24202392479882548,0.7366700732804176,0.021306001920757257,0.24202392479882548,0.7366700732804176
2011-10-03,,,2011-10-03,False,0.021306001920757257,0.24202392479882548,0.7366700732804176,0.0,0.0,0.0,0.020824861378601033,0.24522121582383352,0.7339539227975658,0.020824861378601033,0.24522121582383352,0.7339539227975658
2011-10-04,,,2011-10-04,False,0.020824861378601033,0.24522121582383352,0.7339539227975658,0.0,0.0,0.0,0.020476732494939566,0.24614852210579485,0.7333747453992661,0.020476732494939566,0.24614852210579485,0.7333747453992661
2011-10-05,,,2011-10-05,False,0.020476732494939566,0.24614852210579485,0.7333747453992661,0.0,0.0,0.0,0.02056118084906822,0.23980801754378855,0.7396308016071437,0.02056118084906822,0.23980801754378855,0.7396308016071437
2011-10-07,,,2011-10-07,False,0.02056118084906822,0.23980801754378855,0.7396308016071437,0.0,0.0,0.0,0.021043942740153327,0.2431372906854164,0.7358187665744306,0.021043942740153327,0.2431372906854164,0.7358187665744306
2011-10-10,2011-10-10,2011-10-10,2011-10-10,True,0.021043942740153327,0.2431372906854164,0.7358187665744306,0.012700938416533343,0.25000763186355185,0.7372914297199148,0.012700938416533343,0.25000763186355185,0.7372914297199148,0.02141249600032255,0.24364697269726404,0.7349405313024138
2011-10-11,,,2011-10-11,False,0.012700938416533343,0.25000763186355185,0.7372914297199148,0.0,0.0,0.0,0.012673578219593947,0.2508467840949164,0.7364796376854895,0.012673578219593947,0.2508467840949164,0.7364796376854895
2011-10-12,,,2011-10-12,False,0.012673578219593947,0.2508467840949164,0.7364796376854895,0.0,0.0,0.0,0.012961641042059917,0.25228976966318556,0.7347485892947545,0.012961641042059917,0.25228976966318556,0.7347485892947545
2011-10-13,,,2011-10-13,False,0.012961641042059917,0.25228976966318556,0.7347485892947545,0.0,0.0,0.0,0.012922510477087982,0.25143829672236845,0.7356391928005436,0.012922510477087982,0.25143829672236845,0.7356391928005436
2011-10-14,,,2011-10-14,False,0.012922510477087982,0.25143829672236845,0.7356391928005436,0.0,0.0,0.0,0.0130557480316701,0.25160527896889695,0.735338972999433,0.0130557480316701,0.25160527896889695,0.735338972999433
2011-10-17,,,2011-10-17,False,0.0130557480316701,0.25160527896889695,0.735338972999433,0.0,0.0,0.0,0.013017124677918292,0.25179949420300435,0.7351833811190774,0.013017124677918292,0.25179949420300435,0.7351833811190774
2011-10-18,,,2011-10-18,False,0.013017124677918292,0.25179949420300435,0.7351833811190774,0.0,0.0,0.0,0.012830831633066803,0.25089834758916785,0.7362708207777654,0.012830831633066803,0.25089834758916785,0.7362708207777654
2011-10-19,,,2011-10-19,False,0.012830831633066803,0.25089834758916785,0.7362708207777654,0.0,0.0,0.0,0.013099721600331413,0.25006803428670554,0.7368322441129631,0.013099721600331413,0.25006803428670554,0.7368322441129631
2011-10-20,,,2011-10-20,False,0.013099721600331413,0.25006803428670554,0.7368322441129631,0.0,0.0,0.0,0.013001665124897538,0.24889535166633542,0.7381029832087671,0.013001665124897538,0.24889535166633542,0.7381029832087671
2011-10-21,,,2011-10-21,False,0.013001665124897538,0.24889535166633542,0.7381029832087671,0.0,0.0,0.0,0.012884870148900092,0.24955902339052166,0.7375561064605783,0.012884870148900092,0.24955902339052166,0.7375561064605783
2011-10-24,,,2011-10-24,False,0.012884870148900092,0.24955902339052166,0.7375561064605783,0.0,0.0,0.0,0.012938918400511007,0.2534495293894822,0.733611552210007,0.012938918400511007,0.2534495293894822,0.733611552210007
2011-10-25,,,2011-10-25,False,0.012938918400511007,0.2534495293894822,0.733611552210007,0.0,0.0,0.0,0.01319057826406052,0.25236244851662937,0.7344469732193102,0.01319057826406052,0.25236244851662937,0.7344469732193102
2011-10-28,,,2011-10-28,False,0.01319057826406052,0.25236244851662937,0.7344469732193102,0.0,0.0,0.0,0.013547477201886551,0.25592807998585326,0.7305244428122603,0.013547477201886551,0.25592807998585326,0.7305244428122603
2011-10-31,,,2011-10-31,False,0.013547477201886551,0.25592807998585326,0.7305244428122603,0.0,0.0,0.0,0.013499737259035957,0.25388988631942017,0.732610376421544,0.013499737259035957,0.25388988631942017,0.732610376421544
2011-11-01,,,2011-11-01,False,0.013499737259035957,0.25388988631942017,0.732610376421544,0.0,0.0,0.0,0.01330623212153798,0.25515647733391794,0.7315372905445442,0.01330623212153798,0.25515647733391794,0.7315372905445442
2011-11-02,,,2011-11-02,False,0.01330623212153798,0.25515647733391794,0.7315372905445442,0.0,0.0,0.0,0.013258507262956963,0.25789011721691674,0.7288513755201264,0.013258507262956963,0.25789011721691674,0.7288513755201264
2011-11-03,,,2011-11-03,False,0.013258507262956963,0.25789011721691674,0.7288513755201264,0.0,0.0,0.0,0.0132626861737441,0.25866692439154787,0.7280703894347081,0.0132626861737441,0.25866692439154787,0.7280703894347081
2011-11-04,,,2011-11-04,False,0.0132626861737441,0.25866692439154787,0.7280703894347081,0.0,0.0,0.0,0.013282174200734735,0.26012346839369505,0.7265943574055704,0.013282174200734735,0.26012346839369505,0.7265943574055704
2011-11-08,,,2011-11-08,False,0.013282174200734735,0.26012346839369505,0.7265943574055704,0.0,0.0,0.0,0.01321615043614189,0.264505209434275,0.7222786401295833,0.01321615043614189,0.264505209434275,0.7222786401295833
2011-11-09,,,2011-11-09,False,0.01321615043614189,0.264505209434275,0.7222786401295833,0.0,0.0,0.0,0.013033690696993625,0.265348211264577,0.7216180980384296,0.013033690696993625,0.265348211264577,0.7216180980384296
2011-11-11,,,2011-11-11,False,0.013033690696993625,0.265348211264577,0.7216180980384296,0.0,0.0,0.0,0.012924556840556597,0.2642659708031134,0.7228094723563302,0.012924556840556597,0.2642659708031134,0.7228094723563302
2011-11-14,2011-11-14,2011-11-14,2011-11-14,True,0.012924556840556597,0.2642659708031134,0.7228094723563302,0.013101432195746993,0.25000746002522267,0.7368911077790303,0.013101432195746993,0.25000746002522267,0.7368911077790303,0.012834440429494212,0.2665378157147727,0.7206277438557332
2011-11-15,,,2011-11-15,False,0.013101432195746993,0.25000746002522267,0.7368911077790303,0.0,0.0,0.0,0.01290882255716315,0.24959496438524778,0.7374962130575891,0.01290882255716315,0.24959496438524778,0.7374962130575891
2011-11-16,,,2011-11-16,False,0.01290882255716315,0.24959496438524778,0.7374962130575891,0.0,0.0,0.0,0.012781337939950056,0.25148254054411595,0.735736121515934,0.012781337939950056,0.25148254054411595,0.735736121515934
2011-11-17,,,2011-11-17,False,0.012781337939950056,0.25148254054411595,0.735736121515934,0.0,0.0,0.0,0.012554034051398266,0.2507869791432416,0.7366589868053601,0.012554034051398266,0.2507869791432416,0.7366589868053601
2011-11-18,,,2011-11-18,False,0.012554034051398266,0.2507869791432416,0.7366589868053601,0.0,0.0,0.0,0.012524485955197695,0.24820616055678996,0.7392693534880124,0.012524485955197695,0.24820616055678996,0.7392693534880124
2011-11-21,,,2011-11-21,False,0.012524485955197695,0.24820616055678996,0.7392693534880124,0.0,0.0,0.0,0.012199305406338798,0.24852660957861458,0.7392740850150465,0.012199305406338798,0.24852660957861458,0.7392740850150465
2011-11-22,,,2011-11-22,False,0.012199305406338798,0.24852660957861458,0.7392740850150465,0.0,0.0,0.0,0.012282932498721756,0.24863409761015665,0.7390829698911217,0.012282932498721756,0.24863409761015665,0.7390829698911217
2011-11-23,,,2011-11-23,False,0.012282932498721756,0.24863409761015665,0.7390829698911217,0.0,0.0,0.0,0.012028465443089038,0.24790737569096108,0.74006415886595,0.012028465443089038,0.24790737569096108,0.74006415886595
2011-11-24,,,2011-11-24,False,0.012028465443089038,0.24790737569096108,0.74006415886595,0.0,0.0,0.0,0.012018111252454071,0.2485620518066835,0.7394198369408626,0.012018111252454071,0.2485620518066835,0.7394198369408626
2011-11-25,,,2011-11-25,False,0.012018111252454071,0.2485620518066835,0.7394198369408626,0.0,0.0,0.0,0.012051187438266352,0.2470533139006579,0.740895498661076,0.012051187438266352,0.2470533139006579,0.740895498661076
2011-11-28,,,2011-11-28,False,0.012051187438266352,0.2470533139006579,0.740895498661076,0.0,0.0,0.0,0.012366999615047596,0.24945882551391885,0.7381741748710338,0.012366999615047596,0.24945882551391885,0.7381741748710338
2011-11-29,,,2011-11-29,False,0.012366999615047596,0.24945882551391885,0.7381741748710338,0.0,0.0,0.0,0.012251996957119596,0.24940688389893836,0.7383411191439423,0.012251996957119596,0.24940688389893836,0.7383411191439423
2011-11-30,,,2011-11-30,False,0.012251996957119596,0.24940688389893836,0.7383411191439423,0.0,0.0,0.0,0.012314918699268393,0.24969119945240129,0.7379938818483306,0.012314918699268393,0.24969119945240129,0.7379938818483306
2011-12-01,,,2011-12-01,False,0.012314918699268393,0.24969119945240129,0.7379938818483306,0.0,0.0,0.0,0.012544753382501182,0.2516467444027025,0.7358085022147967,0.012544753382501182,0.2516467444027025,0.7358085022147967
2011-12-02,,,2011-12-02,False,0.012544753382501182,0.2516467444027025,0.7358085022147967,0.0,0.0,0.0,0.012829283181325504,0.2515626775949105,0.7356080392237644,0.012829283181325504,0.2515626775949105,0.7356080392237644
2011-12-05,,,2011-12-05,False,0.012829283181325504,0.2515626775949105,0.7356080392237644,0.0,0.0,0.0,0.012807399898598108,0.25123628339637427,0.735956316705028,0.012807399898598108,0.25123628339637427,0.735956316705028
2011-12-07,,,2011-12-07,False,0.012807399898598108,0.25123628339637427,0.735956316705028,0.0,0.0,0.0,0.012884844914325313,0.25013818414721195,0.7369769709384631,0.012884844914325313,0.25013818414721195,0.7369769709384631
2011-12-08,,,2011-12-08,False,0.012884844914325313,0.25013818414721195,0.7369769709384631,0.0,0.0,0.0,0.012559475894113265,0.2517889746578708,0.7356515494480164,0.012559475894113265,0.2517889746578708,0.7356515494480164
2011-12-09,,,2011-12-09,False,0.012559475894113265,0.2517889746578708,0.7356515494480164,0.0,0.0,0.0,0.012386406661305544,0.25062785116893976,0.7369857421697551,0.012386406661305544,0.25062785116893976,0.7369857421697551
2011-12-12,,,2011-12-12,False,0.012386406661305544,0.25062785116893976,0.7369857421697551,0.0,0.0,0.0,0.012161680897973084,0.24871013466060388,0.7391281844414235,0.012161680897973084,0.24871013466060388,0.7391281844414235
2011-12-13,,,2011-12-13,False,0.012161680897973084,0.24871013466060388,0.7391281844414235,0.0,0.0,0.0,0.012249213226692798,0.24889273612025592,0.7388580506530517,0.012249213226692798,0.24889273612025592,0.7388580506530517
2011-12-14,2011-12-14,2011-12-14,2011-12-14,True,0.012249213226692798,0.24889273612025592,0.7388580506530517,1.9878862293278065e-10,0.8000000000447764,0.19999999975643368,1.9878862293278065e-10,0.8000000000447764,0.19999999975643368,0.012177483956200457,0.24752412706310328,0.7402983889806967
2011-12-15,,,2011-12-15,False,1.9878862293278065e-10,0.8000000000447764,0.19999999975643368,0.0,0.0,0.0,2.037989227068126e-10,0.7942290980679874,0.20577090172821244,2.037989227068126e-10,0.7942290980679874,0.20577090172821244
2011-12-16,,,2011-12-16,False,2.037989227068126e-10,0.7942290980679874,0.20577090172821244,0.0,0.0,0.0,2.0089513007404465e-10,0.7930313270735365,0.20696867272556702,2.0089513007404465e-10,0.7930313270735365,0.20696867272556702
2011-12-19,,,2011-12-19,False,2.0089513007404465e-10,0.7930313270735365,0.20696867272556702,0.0,0.0,0.0,1.9841231639071833e-10,0.7938832310282432,0.20611676877334328,1.9841231639071833e-10,0.7938832310282432,0.20611676877334328
2011-12-20,,,2011-12-20,False,1.9841231639071833e-10,0.7938832310282432,0.20611676877334328,0.0,0.0,0.0,1.945717344676091e-10,0.7948082614491075,0.20519173835631954,1.945717344676091e-10,0.7948082614491075,0.20519173835631954
2011-12-21,,,2011-12-21,False,1.945717344676091e-10,0.7948082614491075,0.20519173835631954,0.0,0.0,0.0,1.989364551530877e-10,0.7968617085643247,0.2031382912367377,1.989364551530877e-10,0.7968617085643247,0.2031382912367377
2011-12-22,,,2011-12-22,False,1.989364551530877e-10,0.7968617085643247,0.2031382912367377,0.0,0.0,0.0,2.0231815795323986e-10,0.7951847889792448,0.2048152108184358,2.0231815795323986e-10,0.7951847889792448,0.2048152108184358
2011-12-23,,,2011-12-23,False,2.0231815795323986e-10,0.7951847889792448,0.2048152108184358,0.0,0.0,0.0,2.016087398925705e-10,0.7950435342908919,0.20495646550749805,2.016087398925705e-10,0.7950435342908919,0.20495646550749805
2011-12-26,,,2011-12-26,False,2.016087398925705e-10,0.7950435342908919,0.20495646550749805,0.0,0.0,0.0,2.0181447633454092e-10,0.7948343815823521,0.2051656182158321,2.0181447633454092e-10,0.7948343815823521,0.2051656182158321
2011-12-27,,,2011-12-27,False,2.0181447633454092e-10,0.7948343815823521,0.2051656182158321,0.0,0.0,0.0,2.0407232793263534e-10,0.7941330441310199,0.2058669556649064,2.0407232793263534e-10,0.7941330441310199,0.2058669556649064
2011-12-28,,,2011-12-28,False,2.0407232793263534e-10,0.7941330441310199,0.2058669556649064,0.0,0.0,0.0,2.0239938868651204e-10,0.7938832310250777,0.20611676877252147,2.0239938868651204e-10,0.7938832310250777,0.20611676877252147
2011-12-29,,,2011-12-29,False,2.0239938868651204e-10,0.7938832310250777,0.20611676877252147,0.0,0.0,0.0,2.0281302392629646e-10,0.7908127971735864,0.20918720262359902,2.0281302392629646e-10,0.7908127971735864,0.20918720262359902
2011-12-30,,,2011-12-30,False,2.0281302392629646e-10,0.7908127971735864,0.20918720262359902,0.0,0.0,0.0,2.0024924357108536e-10,0.7924767558526704,0.20752324394707883,2.0024924357108536e-10,0.7924767558526704,0.20752324394707883
2012-01-02,,,2012-01-02,False,2.0024924357108536e-10,0.7924767558526704,0.20752324394707883,0.0,0.0,0.0,1.9970398713970685e-10,0.7930438531851476,0.2069561466151468,1.9970398713970685e-10,0.7930438531851476,0.2069561466151468
2012-01-03,,,2012-01-03,False,1.9970398713970685e-10,0.7930438531851476,0.2069561466151468,0.0,0.0,0.0,2.0422218781312668e-10,0.7946217061003125,0.2053782936954637,2.0422218781312668e-10,0.7946217061003125,0.2053782936954637
2012-01-04,,,2012-01-04,False,2.0422218781312668e-10,0.7946217061003125,0.2053782936954637,0.0,0.0,0.0,2.022605003838798e-10,0.7959262921373264,0.20407370766041152,2.022605003838798e-10,0.7959262921373264,0.20407370766041152
2012-01-05,,,2012-01-05,False,2.022605003838798e-10,0.7959262921373264,0.20407370766041152,0.0,0.0,0.0,2.0238810102193354e-10,0.7958104573231504,0.20418954247445997,2.0238810102193354e-10,0.7958104573231504,0.20418954247445997
2012-01-06,,,2012-01-06,False,2.0238810102193354e-10,0.7958104573231504,0.20418954247445997,0.0,0.0,0.0,2.0194916585920978e-10,0.7964291506780729,0.20357084911997636,2.0194916585920978e-10,0.7964291506780729,0.20357084911997636
2012-01-09,,,2012-01-09,False,2.0194916585920978e-10,0.7964291506780729,0.20357084911997636,0.0,0.0,0.0,2.0267070501380246e-10,0.7952170656146725,0.20478293418265514,2.0267070501380246e-10,0.7952170656146725,0.20478293418265514
2012-01-10,,,2012-01-10,False,2.0267070501380246e-10,0.7952170656146725,0.20478293418265514,0.0,0.0,0.0,2.0840934057747517e-10,0.7940540136499459,0.20594598614164317,2.0840934057747517e-10,0.7940540136499459,0.20594598614164317
2012-01-11,,,2012-01-11,False,2.0840934057747517e-10,0.7940540136499459,0.20594598614164317,0.0,0.0,0.0,2.0821817259931863e-10,0.7947234662386226,0.20527653355315756,2.0821817259931863e-10,0.7947234662386226,0.20527653355315756
2012-01-12,2012-01-12,2012-01-12,2012-01-12,True,2.0821817259931863e-10,0.7947234662386226,0.20527653355315756,1.6042963178779467e-08,0.8000000023754608,0.19999998158151056,1.6042963178779467e-08,0.8000000023754608,0.19999998158151056,2.065493875100361e-10,0.7951188622899958,0.20488113750345308
2012-01-13,,,2012-01-13,False,1.6042963178779467e-08,0.8000000023754608,0.19999998158151056,0.0,0.0,0.0,1.6279839188206895e-08,0.7984943671207937,0.20150561659930114,1.6279839188206895e-08,0.7984943671207937,0.20150561659930114
2012-01-16,,,2012-01-16,False,1.6279839188206895e-08,0.7984943671207937,0.20150561659930114,0.0,0.0,0.0,1.625616606345483e-08,0.7991154960974584,0.2008844876463099,1.625616606345483e-08,0.7991154960974584,0.2008844876463099
2012-01-17,,,2012-01-17,False,1.625616606345483e-08,0.7991154960974584,0.2008844876463099,0.0,0.0,0.0,1.6498968919519162e-08,0.7999487139970552,0.20005126950391047,1.6498968919519162e-08,0.7999487139970552,0.20005126950391047
2012-01-18,,,2012-01-18,False,1.6498968919519162e-08,0.7999487139970552,0.20005126950391047,0.0,0.0,0.0,1.6543831816209804e-08,0.7989372872872402,0.20106269616886224,1.6543831816209804e-08,0.7989372872872402,0.20106269616886224
2012-01-19,,,2012-01-19,False,1.6543831816209804e-08,0.7989372872872402,0.20106269616886224,0.0,0.0,0.0,1.6751063889118314e-08,0.7989601991562417,0.20103978409262874,1.6751063889118314e-08,0.7989601991562417,0.20103978409262874
2012-01-20,,,2012-01-20,False,1.6751063889118314e-08,0.7989601991562417,0.20103978409262874,0.0,0.0,0.0,1.6964979701324765e-08,0.7976088308595207,0.2023911521754335,1.6964979701324765e-08,0.7976088308595207,0.2023911521754335
2012-01-23,,,2012-01-23,False,1.6964979701324765e-08,0.7976088308595207,0.2023911521754335,0.0,0.0,0.0,1.6849388761550642e-08,0.7988961870508056,0.20110379609974008,1.6849388761550642e-08,0.7988961870508056,0.20110379609974008
2012-01-24,,,2012-01-24,False,1.6849388761550642e-08,0.7988961870508056,0.20110379609974008,0.0,0.0,0.0,1.7194971811754564e-08,0.7980156678507522,0.20198431495421007,1.7194971811754564e-08,0.7980156678507522,0.20198431495421007
2012-01-25,,,2012-01-25,False,1.7194971811754564e-08,0.7980156678507522,0.20198431495421007,0.0,0.0,0.0,1.733734550220964e-08,0.7975671724583365,0.20243281020425197,1.733734550220964e-08,0.7975671724583365,0.20243281020425197
2012-01-27,,,2012-01-27,False,1.733734550220964e-08,0.7975671724583365,0.20243281020425197,0.0,0.0,0.0,1.7190235337133882e-08,0.8010722861652705,0.1989276966444293,1.7190235337133882e-08,0.8010722861652705,0.1989276966444293
2012-01-30,,,2012-01-30,False,1.7190235337133882e-08,0.8010722861652705,0.1989276966444293,0.0,0.0,0.0,1.670754456111765e-08,0.8021982121081098,0.19780177118428127,1.670754456111765e-08,0.8021982121081098,0.19780177118428127
2012-01-31,,,2012-01-31,False,1.670754456111765e-08,0.8021982121081098,0.19780177118428127,0.0,0.0,0.0,1.6988812673464578e-08,0.803199025387235,0.19680095762388844,1.6988812673464578e-08,0.803199025387235,0.19680095762388844
2012-02-01,,,2012-02-01,False,1.6988812673464578e-08,0.803199025387235,0.19680095762388844,0.0,0.0,0.0,1.7079279481249094e-08,0.8035284401987143,0.1964715427219425,1.7079279481249094e-08,0.8035284401987143,0.1964715427219425
2012-02-02,,,2012-02-02,False,1.7079279481249094e-08,0.8035284401987143,0.1964715427219425,0.0,0.0,0.0,1.7248807513460056e-08,0.8028640194793394,0.19713596327178912,1.7248807513460056e-08,0.8028640194793394,0.19713596327178912
2012-02-03,,,2012-02-03,False,1.7248807513460056e-08,0.8028640194793394,0.19713596327178912,0.0,0.0,0.0,1.7402193159183793e-08,0.8032003895138605,0.1967995930838826,1.7402193159183793e-08,0.8032003895138605,0.1967995930838826
2012-02-06,,,2012-02-06,False,1.7402193159183793e-08,0.8032003895138605,0.1967995930838826,0.0,0.0,0.0,1.777874122626942e-08,0.8002845125970054,0.1997154696241887,1.777874122626942e-08,0.8002845125970054,0.1997154696241887
2012-02-07,,,2012-02-07,False,1.777874122626942e-08,0.8002845125970054,0.1997154696241887,0.0,0.0,0.0,1.7657669544262687e-08,0.8006612744847244,0.19933870785754151,1.7657669544262687e-08,0.8006612744847244,0.19933870785754151
2012-02-08,,,2012-02-08,False,1.7657669544262687e-08,0.8006612744847244,0.19933870785754151,0.0,0.0,0.0,1.7576657987529924e-08,0.802793667758672,0.19720631466460603,1.7576657987529924e-08,0.802793667758672,0.19720631466460603
2012-02-09,,,2012-02-09,False,1.7576657987529924e-08,0.802793667758672,0.19720631466460603,0.0,0.0,0.0,1.776125644519209e-08,0.8023499208890842,0.19765006134959517,1.776125644519209e-08,0.8023499208890842,0.19765006134959517
2012-02-10,,,2012-02-10,False,1.776125644519209e-08,0.8023499208890842,0.19765006134959517,0.0,0.0,0.0,1.7703117351881614e-08,0.8018731910918656,0.1981267912049526,1.7703117351881614e-08,0.8018731910918656,0.1981267912049526
2012-02-13,2012-02-13,2012-02-13,2012-02-13,True,1.7703117351881614e-08,0.8018731910918656,0.1981267912049526,0.12672429826816148,0.79999999537828,0.07327570635330158,0.12672429826816148,0.79999999537828,0.07327570635330158,1.779036936635693e-08,0.801212414722185,0.19878756748738105
2012-02-14,,,2012-02-14,False,0.12672429826816148,0.79999999537828,0.07327570635330158,0.0,0.0,0.0,0.12756384279897678,0.7990277689619599,0.07340838823880594,0.12756384279897678,0.7990277689619599,0.07340838823880594
2012-02-15,,,2012-02-15,False,0.12756384279897678,0.7990277689619599,0.07340838823880594,0.0,0.0,0.0,0.12923560383234675,0.7979521113344769,0.07281228483292111,0.12923560383234675,0.7979521113344769,0.07281228483292111
2012-02-16,,,2012-02-16,False,0.12923560383234675,0.7979521113344769,0.07281228483292111,0.0,0.0,0.0,0.12911854894220998,0.7980033755103517,0.07287807554718274,0.12911854894220998,0.7980033755103517,0.07287807554718274
2012-02-17,,,2012-02-17,False,0.12911854894220998,0.7980033755103517,0.07287807554718274,0.0,0.0,0.0,0.12996656035744208,0.7972350373542475,0.07279840228805522,0.12996656035744208,0.7972350373542475,0.07279840228805522
2012-02-21,,,2012-02-21,False,0.12996656035744208,0.7972350373542475,0.07279840228805522,0.0,0.0,0.0,0.130474087949755,0.7970017286624084,0.07252418338758229,0.130474087949755,0.7970017286624084,0.07252418338758229
2012-02-22,,,2012-02-22,False,0.130474087949755,0.7970017286624084,0.07252418338758229,0.0,0.0,0.0,0.12734783221292453,0.8005560916592774,0.07209607612754526,0.12734783221292453,0.8005560916592774,0.07209607612754526
2012-02-23,,,2012-02-23,False,0.12734783221292453,0.8005560916592774,0.07209607612754526,0.0,0.0,0.0,0.12566672114078492,0.8029028420747059,0.07143043678425884,0.12566672114078492,0.8029028420747059,0.07143043678425884
2012-02-24,,,2012-02-24,False,0.12566672114078492,0.8029028420747059,0.07143043678425884,0.0,0.0,0.0,0.12483140673021081,0.803507231838799,0.07166136143073902,0.12483140673021081,0.803507231838799,0.07166136143073902
2012-02-27,,,2012-02-27,False,0.12483140673021081,0.803507231838799,0.07166136143073902,0.0,0.0,0.0,0.12262876014427881,0.8050002153553217,0.07237102450014578,0.12262876014427881,0.8050002153553217,0.07237102450014578
2012-02-28,,,2012-02-28,False,0.12262876014427881,0.8050002153553217,0.07237102450014578,0.0,0.0,0.0,0.12381314196541371,0.8043986863934467,0.07178817164088787,0.12381314196541371,0.8043986863934467,0.07178817164088787
2012-02-29,,,2012-02-29,False,0.12381314196541371,0.8043986863934467,0.07178817164088787,0.0,0.0,0.0,0.12367537738658378,0.8047454942775739,0.07157912833559131,0.12367537738658378,0.8047454942775739,0.07157912833559131
2012-03-01,,,2012-03-01,False,0.12367537738658378,0.8047454942775739,0.07157912833559131,0.0,0.0,0.0,0.12616419637248333,0.8001947124019033,0.07364109122535514,0.12616419637248333,0.8001947124019033,0.07364109122535514
2012-03-02,,,2012-03-02,False,0.12616419637248333,0.8001947124019033,0.07364109122535514,0.0,0.0,0.0,0.12655551659259245,0.7998451354390081,0.07359934796814135,0.12655551659259245,0.7998451354390081,0.07359934796814135
2012-03-05,,,2012-03-05,False,0.12655551659259245,0.7998451354390081,0.07359934796814135,0.0,0.0,0.0,0.12502088164181685,0.801184472456511,0.07379464590141348,0.12502088164181685,0.801184472456511,0.07379464590141348
2012-03-06,,,2012-03-06,False,0.12502088164181685,0.801184472456511,0.07379464590141348,0.0,0.0,0.0,0.12410334198450677,0.8018307474872024,0.07406591052803123,0.12410334198450677,0.8018307474872024,0.07406591052803123
2012-03-07,,,2012-03-07,False,0.12410334198450677,0.8018307474872024,0.07406591052803123,0.0,0.0,0.0,0.12319020606249209,0.8032613923246561,0.07354840161259402,0.12319020606249209,0.8032613923246561,0.07354840161259402
2012-03-09,,,2012-03-09,False,0.12319020606249209,0.8032613923246561,0.07354840161259402,0.0,0.0,0.0,0.12561319718257088,0.8009820925514048,0.07340471026576696,0.12561319718257088,0.8009820925514048,0.07340471026576696
2012-03-12,,,2012-03-12,False,0.12561319718257088,0.8009820925514048,0.07340471026576696,0.0,0.0,0.0,0.12595607478909532,0.8007959167617144,0.07324800844893353,0.12595607478909532,0.8007959167617144,0.07324800844893353
2012-03-13,,,2012-03-13,False,0.12595607478909532,0.8007959167617144,0.07324800844893353,0.0,0.0,0.0,0.12821868487751525,0.7981781493007387,0.07360316582148803,0.12821868487751525,0.7981781493007387,0.07360316582148803
2012-03-14,,,2012-03-14,False,0.12821868487751525,0.7981781493007387,0.07360316582148803,0.0,0.0,0.0,0.13081607338225437,0.7945625273397615,0.07462139927772249,0.13081607338225437,0.7945625273397615,0.07462139927772249
2012-03-15,2012-03-15,2012-03-15,2012-03-15,True,0.13081607338225437,0.7945625273397615,0.07462139927772249,0.4500000001719864,0.34999999999928616,0.19999999982872838,0.4500000001719864,0.34999999999928616,0.19999999982872838,0.12938206278308328,0.7956705582843506,0.07494737893230334
2012-03-16,,,2012-03-16,False,0.4500000001719864,0.34999999999928616,0.19999999982872838,0.0,0.0,0.0,0.4466202336004292,0.35254525085024235,0.20083451554932932,0.4466202336004292,0.35254525085024235,0.20083451554932932
2012-03-19,,,2012-03-19,False,0.4466202336004292,0.35254525085024235,0.20083451554932932,0.0,0.0,0.0,0.44077755329736024,0.3587210069902475,0.2005014397123931,0.44077755329736024,0.3587210069902475,0.2005014397123931
2012-03-20,,,2012-03-20,False,0.44077755329736024,0.3587210069902475,0.2005014397123931,0.0,0.0,0.0,0.4417472287929525,0.35798833671985375,0.20026443448719472,0.4417472287929525,0.35798833671985375,0.20026443448719472
2012-03-21,,,2012-03-21,False,0.4417472287929525,0.35798833671985375,0.20026443448719472,0.0,0.0,0.0,0.444197839387015,0.3578086919069221,0.19799346870606377,0.444197839387015,0.3578086919069221,0.19799346870606377
2012-03-22,,,2012-03-22,False,0.444197839387015,0.3578086919069221,0.19799346870606377,0.0,0.0,0.0,0.4388292651022165,0.3604636402940725,0.2007070946037119,0.4388292651022165,0.3604636402940725,0.2007070946037119
2012-03-23,,,2012-03-23,False,0.4388292651022165,0.3604636402940725,0.2007070946037119,0.0,0.0,0.0,0.4397298515422463,0.36104681257781496,0.19922333587993976,0.4397298515422463,0.36104681257781496,0.19922333587993976
2012-03-26,,,2012-03-26,False,0.4397298515422463,0.36104681257781496,0.19922333587993976,0.0,0.0,0.0,0.43345904974267724,0.36659976821540025,0.1999411820419236,0.43345904974267724,0.36659976821540025,0.1999411820419236
2012-03-27,,,2012-03-27,False,0.43345904974267724,0.36659976821540025,0.1999411820419236,0.0,0.0,0.0,0.43403279999486355,0.36801041440222293,0.19795678560291466,0.43403279999486355,0.36801041440222293,0.19795678560291466
2012-03-28,,,2012-03-28,False,0.43403279999486355,0.36801041440222293,0.19795678560291466,0.0,0.0,0.0,0.4333292699572655,0.3671934257885599,0.19947730425417565,0.4333292699572655,0.3671934257885599,0.19947730425417565
2012-03-29,,,2012-03-29,False,0.4333292699572655,0.3671934257885599,0.19947730425417565,0.0,0.0,0.0,0.4339166285374748,0.3657224270718576,0.2003609443906687,0.4339166285374748,0.3657224270718576,0.2003609443906687
2012-03-30,,,2012-03-30,False,0.4339166285374748,0.3657224270718576,0.2003609443906687,0.0,0.0,0.0,0.4388883535331281,0.3629210171980024,0.19819062926887054,0.4388883535331281,0.3629210171980024,0.19819062926887054
2012-04-02,,,2012-04-02,False,0.4388883535331281,0.3629210171980024,0.19819062926887054,0.0,0.0,0.0,0.4393694497363688,0.363056540072406,0.19757401019122617,0.4393694497363688,0.363056540072406,0.19757401019122617
2012-04-03,,,2012-04-03,False,0.4393694497363688,0.363056540072406,0.19757401019122617,0.0,0.0,0.0,0.4419614120245698,0.3608048368673925,0.19723375110803876,0.4419614120245698,0.3608048368673925,0.19723375110803876
2012-04-04,,,2012-04-04,False,0.4419614120245698,0.3608048368673925,0.19723375110803876,0.0,0.0,0.0,0.44282254091938633,0.35823772304047585,0.19893973604013884,0.44282254091938633,0.35823772304047585,0.19893973604013884
2012-04-09,,,2012-04-09,False,0.44282254091938633,0.35823772304047585,0.19893973604013884,0.0,0.0,0.0,0.43888996107191225,0.3606033501275643,0.20050668880052452,0.43888996107191225,0.3606033501275643,0.20050668880052452
2012-04-10,,,2012-04-10,False,0.43888996107191225,0.3606033501275643,0.20050668880052452,0.0,0.0,0.0,0.4375765814839009,0.3628674942647061,0.19955592425139404,0.4375765814839009,0.3628674942647061,0.19955592425139404
2012-04-11,,,2012-04-11,False,0.4375765814839009,0.3628674942647061,0.19955592425139404,0.0,0.0,0.0,0.43483996250577145,0.36621664399919934,0.19894339349503026,0.43483996250577145,0.36621664399919934,0.19894339349503026
2012-04-12,,,2012-04-12,False,0.43483996250577145,0.36621664399919934,0.19894339349503026,0.0,0.0,0.0,0.43735782062664225,0.36444281528157246,0.1981993640917864,0.43735782062664225,0.36444281528157246,0.1981993640917864
2012-04-13,,,2012-04-13,False,0.43735782062664225,0.36444281528157246,0.1981993640917864,0.0,0.0,0.0,0.4328101949126919,0.36843736272099,0.19875244236631925,0.4328101949126919,0.36843736272099,0.19875244236631925
2012-04-16,,,2012-04-16,False,0.4328101949126919,0.36843736272099,0.19875244236631925,0.0,0.0,0.0,0.435029855349719,0.3659151230425057,0.19905502160777652,0.435029855349719,0.3659151230425057,0.19905502160777652
2012-04-17,2012-04-17,2012-04-17,2012-04-17,True,0.435029855349719,0.3659151230425057,0.19905502160777652,0.4500000018603625,0.35000000135323994,0.19999999678640473,0.4500000018603625,0.35000000135323994,0.19999999678640473,0.43771947011222356,0.3643991529508576,0.19788137693691996
2012-04-18,,,2012-04-18,False,0.4500000018603625,0.35000000135323994,0.19999999678640473,0.0,0.0,0.0,0.45134374382443165,0.34844887322973356,0.20020738294584192,0.45134374382443165,0.34844887322973356,0.20020738294584192
2012-04-19,,,2012-04-19,False,0.45134374382443165,0.34844887322973356,0.20020738294584192,0.0,0.0,0.0,0.4521369574333079,0.34852241232918874,0.19934063023751059,0.4521369574333079,0.34852241232918874,0.19934063023751059
2012-04-20,,,2012-04-20,False,0.4521369574333079,0.34852241232918874,0.19934063023751059,0.0,0.0,0.0,0.450079304983238,0.3499289276418096,0.19999176737495952,0.450079304983238,0.3499289276418096,0.19999176737495952
2012-04-23,,,2012-04-23,False,0.450079304983238,0.3499289276418096,0.19999176737495952,0.0,0.0,0.0,0.4459082617488353,0.3525149178568296,0.20157682039434222,0.4459082617488353,0.3525149178568296,0.20157682039434222
2012-04-24,,,2012-04-24,False,0.4459082617488353,0.3525149178568296,0.20157682039434222,0.0,0.0,0.0,0.44472964513165547,0.3550751379082786,0.20019521696007292,0.44472964513165547,0.3550751379082786,0.20019521696007292
2012-04-25,,,2012-04-25,False,0.44472964513165547,0.3550751379082786,0.20019521696007292,0.0,0.0,0.0,0.4444017780728574,0.3547564837256843,0.20084173820146528,0.4444017780728574,0.3547564837256843,0.20084173820146528
2012-04-26,,,2012-04-26,False,0.4444017780728574,0.3547564837256843,0.20084173820146528,0.0,0.0,0.0,0.4429136893162147,0.35641561142241307,0.20067069926137915,0.4429136893162147,0.35641561142241307,0.20067069926137915
2012-04-27,,,2012-04-27,False,0.4429136893162147,0.35641561142241307,0.20067069926137915,0.0,0.0,0.0,0.4421422012082481,0.35759838995988275,0.20025940883187615,0.4421422012082481,0.35759838995988275,0.20025940883187615
2012-04-30,,,2012-04-30,False,0.4421422012082481,0.35759838995988275,0.20025940883187615,0.0,0.0,0.0,0.44456818064333453,0.3562816520931265,0.199150167263546,0.44456818064333453,0.3562816520931265,0.199150167263546
2012-05-02,,,2012-05-02,False,0.44456818064333453,0.3562816520931265,0.199150167263546,0.0,0.0,0.0,0.4437024525781296,0.3571937533249872,0.19910379409689027,0.4437024525781296,0.3571937533249872,0.19910379409689027
2012-05-03,,,2012-05-03,False,0.4437024525781296,0.3571937533249872,0.19910379409689027,0.0,0.0,0.0,0.44134209875368274,0.3586761142895151,0.1999817869568093,0.44134209875368274,0.3586761142895151,0.1999817869568093
2012-05-04,,,2012-05-04,False,0.44134209875368274,0.3586761142895151,0.1999817869568093,0.0,0.0,0.0,0.4363775158394653,0.36194289071478614,0.20167959344575578,0.4363775158394653,0.36194289071478614,0.20167959344575578
2012-05-07,,,2012-05-07,False,0.4363775158394653,0.36194289071478614,0.20167959344575578,0.0,0.0,0.0,0.43877732209162346,0.3595164763740485,0.20170620153433538,0.43877732209162346,0.3595164763740485,0.20170620153433538
2012-05-08,,,2012-05-08,False,0.43877732209162346,0.3595164763740485,0.20170620153433538,0.0,0.0,0.0,0.4348307772554425,0.36071168385281005,0.20445753889175491,0.4348307772554425,0.36071168385281005,0.20445753889175491
2012-05-09,,,2012-05-09,False,0.4348307772554425,0.36071168385281005,0.20445753889175491,0.0,0.0,0.0,0.43574604328108063,0.3583302367990447,0.20592371991988215,0.43574604328108063,0.3583302367990447,0.20592371991988215
2012-05-10,,,2012-05-10,False,0.43574604328108063,0.3583302367990447,0.20592371991988215,0.0,0.0,0.0,0.4352204341752273,0.3587273383351902,0.20605222748958987,0.4352204341752273,0.3587273383351902,0.20605222748958987
2012-05-11,,,2012-05-11,False,0.4352204341752273,0.3587273383351902,0.20605222748958987,0.0,0.0,0.0,0.433420085894559,0.3598479804879247,0.20673193361752373,0.433420085894559,0.3598479804879247,0.20673193361752373
2012-05-14,,,2012-05-14,False,0.433420085894559,0.3598479804879247,0.20673193361752373,0.0,0.0,0.0,0.43385592889162483,0.35831455376287447,0.2078295173455082,0.43385592889162483,0.35831455376287447,0.2078295173455082
2012-05-15,,,2012-05-15,False,0.43385592889162483,0.35831455376287447,0.2078295173455082,0.0,0.0,0.0,0.43563252566067273,0.3571645843377485,0.20720289000158615,0.43563252566067273,0.3571645843377485,0.20720289000158615
2012-05-16,,,2012-05-16,False,0.43563252566067273,0.3571645843377485,0.20720289000158615,0.0,0.0,0.0,0.43262300020833516,0.35802443937339073,0.20935256041828157,0.43262300020833516,0.35802443937339073,0.20935256041828157
2012-05-17,2012-05-17,2012-05-17,2012-05-17,True,0.43262300020833516,0.35802443937339073,0.20935256041828157,4.82775789915995e-08,0.7999999962739366,0.19999995544842747,4.82775789915995e-08,0.7999999962739366,0.19999995544842747,0.4320605711854014,0.3593720644846608,0.2085673643299452
2012-05-18,,,2012-05-18,False,4.82775789915995e-08,0.7999999962739366,0.19999995544842747,0.0,0.0,0.0,4.720278356446032e-08,0.8053020813598264,0.19469787143733466,4.720278356446032e-08,0.8053020813598264,0.19469787143733466
2012-05-21,,,2012-05-21,False,4.720278356446032e-08,0.8053020813598264,0.19469787143733466,0.0,0.0,0.0,4.728361226912018e-08,0.8049686861789646,0.19503126653736771,4.728361226912018e-08,0.8049686861789646,0.19503126653736771
2012-05-22,,,2012-05-22,False,4.728361226912018e-08,0.8049686861789646,0.19503126653736771,0.0,0.0,0.0,4.7182329961090494e-08,0.8041472065948064,0.1958527462228078,4.7182329961090494e-08,0.8041472065948064,0.1958527462228078
2012-05-23,,,2012-05-23,False,4.7182329961090494e-08,0.8041472065948064,0.1958527462228078,0.0,0.0,0.0,4.673935119619964e-08,0.8049889761391875,0.19501097712140586,4.673935119619964e-08,0.8049889761391875,0.19501097712140586
2012-05-24,,,2012-05-24,False,4.673935119619964e-08,0.8049889761391875,0.19501097712140586,0.0,0.0,0.0,4.7254807625779825e-08,0.8062736577134576,0.19372629503167965,4.7254807625779825e-08,0.8062736577134576,0.19372629503167965
2013-01-31,,,2013-01-31,False,4.7254807625779825e-08,0.8062736577134576,0.19372629503167965,0.0,0.0,0.0,4.705812452343432e-08,0.8054734796575089,0.19452647328431144,4.705812452343432e-08,0.8054734796575089,0.19452647328431144
2013-02-01,,,2013-02-01,False,4.705812452343432e-08,0.8054734796575089,0.19452647328431144,0.0,0.0,0.0,4.694393274983736e-08,0.8047858288715297,0.19521412418448233,4.694393274983736e-08,0.8047858288715297,0.19521412418448233
2013-02-04,,,2013-02-04,False,4.694393274983736e-08,0.8047858288715297,0.19521412418448233,0.0,0.0,0.0,4.7104310930025986e-08,0.8037377611902182,0.19626219170541528,4.7104310930025986e-08,0.8037377611902182,0.19626219170541528
2013-02-05,,,2013-02-05,False,4.7104310930025986e-08,0.8037377611902182,0.19626219170541528,0.0,0.0,0.0,4.636729476933628e-08,0.8058242721886386,0.19417568144401176,4.636729476933628e-08,0.8058242721886386,0.19417568144401176
2013-02-06,,,2013-02-06,False,4.636729476933628e-08,0.8058242721886386,0.19417568144401176,0.0,0.0,0.0,4.6690438946540516e-08,0.8045464931072883,0.19545346020221746,4.6690438946540516e-08,0.8045464931072883,0.19545346020221746
2013-02-07,,,2013-02-07,False,4.6690438946540516e-08,0.8045464931072883,0.19545346020221746,0.0,0.0,0.0,4.6373173399301813e-08,0.8052077759121063,0.19479217771466523,4.6373173399301813e-08,0.8052077759121063,0.19479217771466523
2013-02-08,,,2013-02-08,False,4.6373173399301813e-08,0.8052077759121063,0.19479217771466523,0.0,0.0,0.0,4.60180628485742e-08,0.8055435960741846,0.19445635790769766,4.60180628485742e-08,0.8055435960741846,0.19445635790769766
2013-02-11,,,2013-02-11,False,4.60180628485742e-08,0.8055435960741846,0.19445635790769766,0.0,0.0,0.0,4.6035901439864296e-08,0.8052818628095159,0.19471809115452782,4.6035901439864296e-08,0.8052818628095159,0.19471809115452782
2013-02-12,,,2013-02-12,False,4.6035901439864296e-08,0.8052818628095159,0.19471809115452782,0.0,0.0,0.0,4.650660984371634e-08,0.804109624849254,0.19589032864408104,4.650660984371634e-08,0.804109624849254,0.19589032864408104
2013-02-13,,,2013-02-13,False,4.650660984371634e-08,0.804109624849254,0.19589032864408104,0.0,0.0,0.0,4.652739874440392e-08,0.8043672520265653,0.1956327014459808,4.652739874440392e-08,0.8043672520265653,0.1956327014459808
2013-02-14,,,2013-02-14,False,4.652739874440392e-08,0.8043672520265653,0.1956327014459808,0.0,0.0,0.0,4.6316589679145473e-08,0.8040647391730725,0.19593521451028256,4.6316589679145473e-08,0.8040647391730725,0.19593521451028256
2013-02-15,,,2013-02-15,False,4.6316589679145473e-08,0.8040647391730725,0.19593521451028256,0.0,0.0,0.0,4.648023703643007e-08,0.803053493139161,0.1969464603805465,4.648023703643007e-08,0.803053493139161,0.1969464603805465
2013-02-18,,,2013-02-18,False,4.648023703643007e-08,0.803053493139161,0.1969464603805465,0.0,0.0,0.0,4.6803432124814094e-08,0.8020471873753433,0.19795276582116872,4.6803432124814094e-08,0.8020471873753433,0.19795276582116872
2013-02-19,,,2013-02-19,False,4.6803432124814094e-08,0.8020471873753433,0.19795276582116872,0.0,0.0,0.0,4.708457933484554e-08,0.802249470315392,0.1977504825999728,4.708457933484554e-08,0.802249470315392,0.1977504825999728
2013-02-20,,,2013-02-20,False,4.708457933484554e-08,0.802249470315392,0.1977504825999728,0.0,0.0,0.0,4.752118035881823e-08,0.8005282788399565,0.19947167363880675,4.752118035881823e-08,0.8005282788399565,0.19947167363880675
2013-02-21,2013-02-21,2013-02-21,2013-02-21,True,4.752118035881823e-08,0.8005282788399565,0.19947167363880675,2.1233957272260632e-08,0.7999999718577492,0.20000000690822592,2.1233957272260632e-08,0.7999999718577492,0.20000000690822592,4.7259280354404603e-08,0.79854979314698,0.20145015959368265
2013-02-22,,,2013-02-22,False,2.1233957272260632e-08,0.7999999718577492,0.20000000690822592,0.0,0.0,0.0,2.110085446867202e-08,0.801187398754151,0.19881258014492723,2.110085446867202e-08,0.801187398754151,0.19881258014492723
2013-02-25,,,2013-02-25,False,2.110085446867202e-08,0.801187398754151,0.19881258014492723,0.0,0.0,0.0,2.110633636521718e-08,0.8012869049300644,0.19871307396353194,2.110633636521718e-08,0.8012869049300644,0.19871307396353194
2013-02-26,,,2013-02-26,False,2.110633636521718e-08,0.8012869049300644,0.19871307396353194,0.0,0.0,0.0,2.071740236327199e-08,0.8017865953188676,0.1982133839636629,2.071740236327199e-08,0.8017865953188676,0.1982133839636629
2013-02-27,,,2013-02-27,False,2.071740236327199e-08,0.8017865953188676,0.1982133839636629,0.0,0.0,0.0,2.0802822764876727e-08,0.8021899033022184,0.19781007589489186,2.0802822764876727e-08,0.8021899033022184,0.19781007589489186
2013-02-28,,,2013-02-28,False,2.0802822764876727e-08,0.8021899033022184,0.19781007589489186,0.0,0.0,0.0,2.0598199937937834e-08,0.7997224239965363,0.20027755540519626,2.0598199937937834e-08,0.7997224239965363,0.20027755540519626
2013-03-01,,,2013-03-01,False,2.0598199937937834e-08,0.7997224239965363,0.20027755540519626,0.0,0.0,0.0,2.0697913270668816e-08,0.7996905963807058,0.20030938292131326,2.0697913270668816e-08,0.7996905963807058,0.20030938292131326
2013-03-04,,,2013-03-04,False,2.0697913270668816e-08,0.7996905963807058,0.20030938292131326,0.0,0.0,0.0,2.0411538739327807e-08,0.8017271572991632,0.19827282228923113,2.0411538739327807e-08,0.8017271572991632,0.19827282228923113
2013-03-05,,,2013-03-05,False,2.0411538739327807e-08,0.8017271572991632,0.19827282228923113,0.0,0.0,0.0,2.077105285097099e-08,0.801226036972758,0.19877394225612216,2.077105285097099e-08,0.801226036972758,0.19877394225612216
2013-03-06,,,2013-03-06,False,2.077105285097099e-08,0.801226036972758,0.19877394225612216,0.0,0.0,0.0,2.0980705939625937e-08,0.8004050135667997,0.19959496545242705,2.0980705939625937e-08,0.8004050135667997,0.19959496545242705
2013-03-07,,,2013-03-07,False,2.0980705939625937e-08,0.8004050135667997,0.19959496545242705,0.0,0.0,0.0,2.1067975056737088e-08,0.8011027695529344,0.1988972093790236,2.1067975056737088e-08,0.8011027695529344,0.1988972093790236
2013-03-08,,,2013-03-08,False,2.1067975056737088e-08,0.8011027695529344,0.1988972093790236,0.0,0.0,0.0,2.1493823060772464e-08,0.799894647727647,0.2001053307784626,2.1493823060772464e-08,0.799894647727647,0.2001053307784626
2013-03-11,,,2013-03-11,False,2.1493823060772464e-08,0.799894647727647,0.2001053307784626,0.0,0.0,0.0,2.1510579576116958e-08,0.7996257456168534,0.20037423287249959,2.1510579576116958e-08,0.7996257456168534,0.20037423287249959
2013-03-12,,,2013-03-12,False,2.1510579576116958e-08,0.7996257456168534,0.20037423287249959,0.0,0.0,0.0,2.1345691332200276e-08,0.8002119094264478,0.1997880692277936,2.1345691332200276e-08,0.8002119094264478,0.1997880692277936
2013-03-13,,,2013-03-13,False,2.1345691332200276e-08,0.8002119094264478,0.1997880692277936,0.0,0.0,0.0,2.109573066821842e-08,0.8004288976802528,0.19957108122394934,2.109573066821842e-08,0.8004288976802528,0.19957108122394934
2013-03-14,,,2013-03-14,False,2.109573066821842e-08,0.8004288976802528,0.19957108122394934,0.0,0.0,0.0,2.1272095900601138e-08,0.80072721304199,0.19927276568584704,2.1272095900601138e-08,0.80072721304199,0.19927276568584704
2013-03-15,,,2013-03-15,False,2.1272095900601138e-08,0.80072721304199,0.19927276568584704,0.0,0.0,0.0,2.114172632233446e-08,0.8007225944850094,0.19927738437319717,2.114172632233446e-08,0.8007225944850094,0.19927738437319717
2013-03-18,,,2013-03-18,False,2.114172632233446e-08,0.8007225944850094,0.19927738437319717,0.0,0.0,0.0,2.0919093223813117e-08,0.801558989720722,0.19844098936011786,2.0919093223813117e-08,0.801558989720722,0.19844098936011786
2013-03-19,,,2013-03-19,False,2.0919093223813117e-08,0.801558989720722,0.19844098936011786,0.0,0.0,0.0,2.0578521057914106e-08,0.8017558671716806,0.19824411224973149,2.0578521057914106e-08,0.8017558671716806,0.19824411224973149
2013-03-20,,,2013-03-20,False,2.0578521057914106e-08,0.8017558671716806,0.19824411224973149,0.0,0.0,0.0,2.027694959651606e-08,0.8028927046730693,0.19710727504991465,2.027694959651606e-08,0.8028927046730693,0.19710727504991465
2013-03-21,,,2013-03-21,False,2.027694959651606e-08,0.8028927046730693,0.19710727504991465,0.0,0.0,0.0,2.0203285566465672e-08,0.802371517928767,0.1976284618678808,2.0203285566465672e-08,0.802371517928767,0.1976284618678808
2013-03-22,2013-03-22,2013-03-22,2013-03-22,True,2.0203285566465672e-08,0.802371517928767,0.1976284618678808,1.1950332553354474e-08,0.7999999722779529,0.20000001577163898,1.1950332553354474e-08,0.7999999722779529,0.20000001577163898,2.013993476780148e-08,0.8027332511301519,0.1972667287298468
2013-03-25,,,2013-03-25,False,1.1950332553354474e-08,0.7999999722779529,0.20000001577163898,0.0,0.0,0.0,1.2004331901615152e-08,0.7984721904976,0.20152779749799205,1.2004331901615152e-08,0.7984721904976,0.20152779749799205
2013-03-26,,,2013-03-26,False,1.2004331901615152e-08,0.7984721904976,0.20152779749799205,0.0,0.0,0.0,1.202020270076998e-08,0.7984829622624565,0.20151702571726474,1.202020270076998e-08,0.7984829622624565,0.20151702571726474
2013-03-28,,,2013-03-28,False,1.202020270076998e-08,0.7984829622624565,0.20151702571726474,0.0,0.0,0.0,1.2047500233222532e-08,0.798510250385318,0.20148973756710617,1.2047500233222532e-08,0.798510250385318,0.20148973756710617
2013-04-01,,,2013-04-01,False,1.2047500233222532e-08,0.798510250385318,0.20148973756710617,0.0,0.0,0.0,1.2089397131407074e-08,0.798584010100651,0.20141597780987625,1.2089397131407074e-08,0.798584010100651,0.20141597780987625
2013-04-02,,,2013-04-02,False,1.2089397131407074e-08,0.798584010100651,0.20141597780987625,0.0,0.0,0.0,1.2218401391487547e-08,0.7979823425861597,0.20201764519536303,1.2218401391487547e-08,0.7979823425861597,0.20201764519536303
2013-04-03,,,2013-04-03,False,1.2218401391487547e-08,0.7979823425861597,0.20201764519536303,0.0,0.0,0.0,1.2216288286250934e-08,0.7953397893199248,0.20466019846371,1.2216288286250934e-08,0.7953397893199248,0.20466019846371
2013-04-04,,,2013-04-04,False,1.2216288286250934e-08,0.7953397893199248,0.20466019846371,0.0,0.0,0.0,1.2096106678684284e-08,0.7937853685994891,0.20621461930432672,1.2096106678684284e-08,0.7937853685994891,0.20621461930432672
2013-04-05,,,2013-04-05,False,1.2096106678684284e-08,0.7937853685994891,0.20621461930432672,0.0,0.0,0.0,1.1969194026287532e-08,0.7951589723833362,0.20484101564739293,1.1969194026287532e-08,0.7951589723833362,0.20484101564739293
2013-04-08,,,2013-04-08,False,1.1969194026287532e-08,0.7951589723833362,0.20484101564739293,0.0,0.0,0.0,1.1835332145894553e-08,0.7970735125530916,0.20292647561150015,1.1835332145894553e-08,0.7970735125530916,0.20292647561150015
2013-04-09,,,2013-04-09,False,1.1835332145894553e-08,0.7970735125530916,0.20292647561150015,0.0,0.0,0.0,1.1801434137956993e-08,0.7958927445911009,0.20410724360738836,1.1801434137956993e-08,0.7958927445911009,0.20410724360738836
2013-04-10,,,2013-04-10,False,1.1801434137956993e-08,0.7958927445911009,0.20410724360738836,0.0,0.0,0.0,1.1876075330354093e-08,0.7969518876470716,0.20304810047677688,1.1876075330354093e-08,0.7969518876470716,0.20304810047677688
2013-04-11,,,2013-04-11,False,1.1876075330354093e-08,0.7969518876470716,0.20304810047677688,0.0,0.0,0.0,1.2098006135553684e-08,0.7944627211233309,0.20553726677858586,1.2098006135553684e-08,0.7944627211233309,0.20553726677858586
2013-04-12,,,2013-04-12,False,1.2098006135553684e-08,0.7944627211233309,0.20553726677858586,0.0,0.0,0.0,1.2015838051488358e-08,0.7934419600633349,0.20655802792074962,1.2015838051488358e-08,0.7934419600633349,0.20655802792074962
2013-04-15,,,2013-04-15,False,1.2015838051488358e-08,0.7934419600633349,0.20655802792074962,0.0,0.0,0.0,1.2885106115054664e-08,0.7800839904892221,0.21991599662558936,1.2885106115054664e-08,0.7800839904892221,0.21991599662558936
2013-04-16,,,2013-04-16,False,1.2885106115054664e-08,0.7800839904892221,0.21991599662558936,0.0,0.0,0.0,1.3506890006745115e-08,0.7743566721855745,0.2256433143074509,1.3506890006745115e-08,0.7743566721855745,0.2256433143074509
2013-04-17,,,2013-04-17,False,1.3506890006745115e-08,0.7743566721855745,0.2256433143074509,0.0,0.0,0.0,1.3568909519776864e-08,0.7733106251228714,0.226689361308134,1.3568909519776864e-08,0.7733106251228714,0.226689361308134
2013-04-18,,,2013-04-18,False,1.3568909519776864e-08,0.7733106251228714,0.226689361308134,0.0,0.0,0.0,1.3720068827806307e-08,0.7745268430246672,0.2254731432551793,1.3720068827806307e-08,0.7745268430246672,0.2254731432551793
2013-04-22,,,2013-04-22,False,1.3720068827806307e-08,0.7745268430246672,0.2254731432551793,0.0,0.0,0.0,1.3624884016648013e-08,0.7780598445017619,0.22194014187327074,1.3624884016648013e-08,0.7780598445017619,0.22194014187327074
2013-04-23,,,2013-04-23,False,1.3624884016648013e-08,0.7780598445017619,0.22194014187327074,0.0,0.0,0.0,1.366071477694173e-08,0.7775714946943337,0.22242849164486794,1.366071477694173e-08,0.7775714946943337,0.22242849164486794
2013-04-25,,,2013-04-25,False,1.366071477694173e-08,0.7775714946943337,0.22242849164486794,0.0,0.0,0.0,1.3666234747036736e-08,0.7804679319565414,0.21953205437714138,1.3666234747036736e-08,0.7804679319565414,0.21953205437714138
2013-04-26,2013-04-26,2013-04-26,2013-04-26,True,1.3666234747036736e-08,0.7804679319565414,0.21953205437714138,1.910425093953388e-09,0.3942089619115134,0.6057910361785324,1.910425093953388e-09,0.3942089619115134,0.6057910361785324,1.3433817721312434e-08,0.7825530425435656,0.21744694402253498
2013-04-29,,,2013-04-29,False,1.910425093953388e-09,0.3942089619115134,0.6057910361785324,0.0,0.0,0.0,1.909420634986785e-09,0.39536478311311907,0.6046352149779283,1.909420634986785e-09,0.39536478311311907,0.6046352149779283
2013-04-30,,,2013-04-30,False,1.909420634986785e-09,0.39536478311311907,0.6046352149779283,0.0,0.0,0.0,1.9185200105408185e-09,0.3951571964299301,0.6048428016520181,1.9185200105408185e-09,0.3951571964299301,0.6048428016520181
2013-05-02,,,2013-05-02,False,1.9185200105408185e-09,0.3951571964299301,0.6048428016520181,0.0,0.0,0.0,1.955019144317271e-09,0.3907544756562381,0.6092455223892143,1.955019144317271e-09,0.3907544756562381,0.6092455223892143
2013-05-03,,,2013-05-03,False,1.955019144317271e-09,0.3907544756562381,0.6092455223892143,0.0,0.0,0.0,1.9241722454161024e-09,0.3947836047577224,0.6052163933185736,1.9241722454161024e-09,0.3947836047577224,0.6052163933185736
2013-05-06,,,2013-05-06,False,1.9241722454161024e-09,0.3947836047577224,0.6052163933185736,0.0,0.0,0.0,1.9330112269583845e-09,0.39475777104052695,0.60524222702693,1.9330112269583845e-09,0.39475777104052695,0.60524222702693
2013-05-07,,,2013-05-07,False,1.9330112269583845e-09,0.39475777104052695,0.60524222702693,0.0,0.0,0.0,1.9587486881916213e-09,0.3940564703040834,0.6059435277376366,1.9587486881916213e-09,0.3940564703040834,0.6059435277376366
2013-05-08,,,2013-05-08,False,1.9587486881916213e-09,0.3940564703040834,0.6059435277376366,0.0,0.0,0.0,1.9731267086701668e-09,0.39219828138417956,0.607801716643164,1.9731267086701668e-09,0.39219828138417956,0.607801716643164
2013-05-09,,,2013-05-09,False,1.9731267086701668e-09,0.39219828138417956,0.607801716643164,0.0,0.0,0.0,1.958209154688412e-09,0.3948842168948027,0.6051157811474562,1.958209154688412e-09,0.3948842168948027,0.6051157811474562
2013-05-10,,,2013-05-10,False,1.958209154688412e-09,0.3948842168948027,0.6051157811474562,0.0,0.0,0.0,1.978723563481998e-09,0.39301945842723884,0.606980539594507,1.978723563481998e-09,0.39301945842723884,0.606980539594507
2013-05-13,,,2013-05-13,False,1.978723563481998e-09,0.39301945842723884,0.606980539594507,0.0,0.0,0.0,1.946443340593597e-09,0.39151002497971205,0.6084899730743153,1.946443340593597e-09,0.39151002497971205,0.6084899730743153
2013-05-14,,,2013-05-14,False,1.946443340593597e-09,0.39151002497971205,0.6084899730743153,0.0,0.0,0.0,1.951720784849078e-09,0.39138161133444105,0.6086183867143089,1.951720784849078e-09,0.39138161133444105,0.6086183867143089
2013-05-15,,,2013-05-15,False,1.951720784849078e-09,0.39138161133444105,0.6086183867143089,0.0,0.0,0.0,2.011332628324014e-09,0.38823604020491814,0.6117639577842224,2.011332628324014e-09,0.38823604020491814,0.6117639577842224
2013-05-16,,,2013-05-16,False,2.011332628324014e-09,0.38823604020491814,0.6117639577842224,0.0,0.0,0.0,2.038571285068265e-09,0.3822776378323605,0.617722360129546,2.038571285068265e-09,0.3822776378323605,0.617722360129546
2013-05-17,,,2013-05-17,False,2.038571285068265e-09,0.3822776378323605,0.617722360129546,0.0,0.0,0.0,2.0423921284539082e-09,0.38286026871176737,0.6171397292463178,2.0423921284539082e-09,0.38286026871176737,0.6171397292463178
2013-05-20,,,2013-05-20,False,2.0423921284539082e-09,0.38286026871176737,0.6171397292463178,0.0,0.0,0.0,2.0426090765201974e-09,0.379747242520191,0.6202527554376797,2.0426090765201974e-09,0.379747242520191,0.6202527554376797
2013-05-21,,,2013-05-21,False,2.0426090765201974e-09,0.379747242520191,0.6202527554376797,0.0,0.0,0.0,2.015264540267809e-09,0.38376684897102836,0.6162331490141838,2.015264540267809e-09,0.38376684897102836,0.6162331490141838
2013-05-22,,,2013-05-22,False,2.015264540267809e-09,0.38376684897102836,0.6162331490141838,0.0,0.0,0.0,2.001765065505359e-09,0.38592620650150156,0.6140737914972085,2.001765065505359e-09,0.38592620650150156,0.6140737914972085
2013-05-23,,,2013-05-23,False,2.001765065505359e-09,0.38592620650150156,0.6140737914972085,0.0,0.0,0.0,1.953579766955889e-09,0.3879075464222421,0.6120924516246516,1.953579766955889e-09,0.3879075464222421,0.6120924516246516
2013-05-24,,,2013-05-24,False,1.953579766955889e-09,0.3879075464222421,0.6120924516246516,0.0,0.0,0.0,1.9642718735885044e-09,0.3862546326879415,0.6137453653482613,1.9642718735885044e-09,0.3862546326879415,0.6137453653482613
2013-05-27,,,2013-05-27,False,1.9642718735885044e-09,0.3862546326879415,0.6137453653482613,0.0,0.0,0.0,1.9968724576588817e-09,0.38628413875766004,0.6137158592459421,1.9968724576588817e-09,0.38628413875766004,0.6137158592459421
2013-05-28,2013-05-28,2013-05-28,2013-05-28,True,1.9968724576588817e-09,0.38628413875766004,0.6137158592459421,0.19999959088764954,4.1700286611489706e-07,0.7999999921094842,0.19999959088764954,4.1700286611489706e-07,0.7999999921094842,2.007794577831196e-09,0.3857647079191346,0.6142352900735458
2013-05-29,,,2013-05-29,False,0.19999959088764954,4.1700286611489706e-07,0.7999999921094842,0.0,0.0,0.0,0.19981758414288606,4.2215894520621737e-07,0.8001819936981687,0.19981758414288606,4.2215894520621737e-07,0.8001819936981687
2013-05-30,,,2013-05-30,False,0.19981758414288606,4.2215894520621737e-07,0.8001819936981687,0.0,0.0,0.0,0.20033456255177545,4.2704459797256476e-07,0.7996650104036265,0.20033456255177545,4.2704459797256476e-07,0.7996650104036265
2013-05-31,,,2013-05-31,False,0.20033456255177545,4.2704459797256476e-07,0.7996650104036265,0.0,0.0,0.0,0.1960041892134896,4.3141644205606246e-07,0.8039953793700683,0.1960041892134896,4.3141644205606246e-07,0.8039953793700683
2013-06-03,,,2013-06-03,False,0.1960041892134896,4.3141644205606246e-07,0.8039953793700683,0.0,0.0,0.0,0.19477418933887905,4.297556822515344e-07,0.8052253809054386,0.19477418933887905,4.297556822515344e-07,0.8052253809054386
2013-06-04,,,2013-06-04,False,0.19477418933887905,4.297556822515344e-07,0.8052253809054386,0.0,0.0,0.0,0.19424968501246975,4.3295357018043427e-07,0.80574988203396,0.19424968501246975,4.3295357018043427e-07,0.80574988203396
2013-06-05,,,2013-06-05,False,0.19424968501246975,4.3295357018043427e-07,0.80574988203396,0.0,0.0,0.0,0.19436600724617614,4.288112936625801e-07,0.8056335639425302,0.19436600724617614,4.288112936625801e-07,0.8056335639425302
2013-06-06,,,2013-06-06,False,0.19436600724617614,4.288112936625801e-07,0.8056335639425302,0.0,0.0,0.0,0.19430123250354472,4.4115841122788794e-07,0.8056983263380441,0.19430123250354472,4.4115841122788794e-07,0.8056983263380441
2013-06-07,,,2013-06-07,False,0.19430123250354472,4.4115841122788794e-07,0.8056983263380441,0.0,0.0,0.0,0.19323173315130687,4.4480428651938927e-07,0.8067678220444066,0.19323173315130687,4.4480428651938927e-07,0.8067678220444066
2013-06-10,,,2013-06-10,False,0.19323173315130687,4.4480428651938927e-07,0.8067678220444066,0.0,0.0,0.0,0.19315220192796057,4.424967589610597e-07,0.8068473555752804,0.19315220192796057,4.424967589610597e-07,0.8068473555752804
2013-06-11,,,2013-06-11,False,0.19315220192796057,4.424967589610597e-07,0.8068473555752804,0.0,0.0,0.0,0.19078026817771523,4.496471227197641e-07,0.809219282175162,0.19078026817771523,4.496471227197641e-07,0.809219282175162
2013-06-12,,,2013-06-12,False,0.19078026817771523,4.496471227197641e-07,0.809219282175162,0.0,0.0,0.0,0.19001681785608154,4.478023228958068e-07,0.8099827343415955,0.19001681785608154,4.478023228958068e-07,0.8099827343415955
2013-06-13,,,2013-06-13,False,0.19001681785608154,4.478023228958068e-07,0.8099827343415955,0.0,0.0,0.0,0.18838094787271562,4.5236779124347893e-07,0.8116185997594931,0.18838094787271562,4.5236779124347893e-07,0.8116185997594931
2013-06-14,,,2013-06-14,False,0.18838094787271562,4.5236779124347893e-07,0.8116185997594931,0.0,0.0,0.0,0.19130265236428792,4.4405777269670894e-07,0.8086969035779394,0.19130265236428792,4.4405777269670894e-07,0.8086969035779394
2013-06-17,,,2013-06-17,False,0.19130265236428792,4.4405777269670894e-07,0.8086969035779394,0.0,0.0,0.0,0.192410472025227,4.4450573384021257e-07,0.8075890834690391,0.192410472025227,4.4450573384021257e-07,0.8075890834690391
2013-06-18,,,2013-06-18,False,0.192410472025227,4.4450573384021257e-07,0.8075890834690391,0.0,0.0,0.0,0.19144113439835903,4.4789006585600095e-07,0.8085584177115751,0.19144113439835903,4.4789006585600095e-07,0.8085584177115751
2013-06-19,,,2013-06-19,False,0.19144113439835903,4.4789006585600095e-07,0.8085584177115751,0.0,0.0,0.0,0.19167137922266822,4.460724180437235e-07,0.8083281747049138,0.19167137922266822,4.460724180437235e-07,0.8083281747049138
2013-06-20,,,2013-06-20,False,0.19167137922266822,4.460724180437235e-07,0.8083281747049138,0.0,0.0,0.0,0.1872203332288881,4.360369242656394e-07,0.8127792307341877,0.1872203332288881,4.360369242656394e-07,0.8127792307341877
2013-06-21,,,2013-06-21,False,0.1872203332288881,4.360369242656394e-07,0.8127792307341877,0.0,0.0,0.0,0.1875363385349486,4.3096699231818173e-07,0.812463230498059,0.1875363385349486,4.3096699231818173e-07,0.812463230498059
2013-06-24,,,2013-06-24,False,0.1875363385349486,4.3096699231818173e-07,0.812463230498059,0.0,0.0,0.0,0.18545021292487218,4.318238355921545e-07,0.8145493552512922,0.18545021292487218,4.318238355921545e-07,0.8145493552512922
2013-06-25,,,2013-06-25,False,0.18545021292487218,4.318238355921545e-07,0.8145493552512922,0.0,0.0,0.0,0.18596065180486313,4.2957667577149494e-07,0.8140389186184611,0.18596065180486313,4.2957667577149494e-07,0.8140389186184611
2013-06-26,2013-06-26,2013-06-26,2013-06-26,True,0.18596065180486313,4.2957667577149494e-07,0.8140389186184611,0.015072079453823946,0.184931280235628,0.7999966403105483,0.015072079453823946,0.184931280235628,0.7999966403105483,0.18540833505497478,4.170460042390202e-07,0.814591247899021
2013-06-27,,,2013-06-27,False,0.015072079453823946,0.184931280235628,0.7999966403105483,0.0,0.0,0.0,0.015313728043977567,0.18525939856103774,0.7994268733949849,0.015313728043977567,0.18525939856103774,0.7994268733949849
2013-06-28,,,2013-06-28,False,0.015313728043977567,0.18525939856103774,0.7994268733949849,0.0,0.0,0.0,0.015773774527774533,0.18006419940939178,0.8041620260628338,0.015773774527774533,0.18006419940939178,0.8041620260628338
2013-07-01,,,2013-07-01,False,0.015773774527774533,0.18006419940939178,0.8041620260628338,0.0,0.0,0.0,0.015852603171393777,0.18373632458461475,0.8004110722439916,0.015852603171393777,0.18373632458461475,0.8004110722439916
2013-07-02,,,2013-07-02,False,0.015852603171393777,0.18373632458461475,0.8004110722439916,0.0,0.0,0.0,0.015703091667324334,0.1858362117335685,0.7984606965991072,0.015703091667324334,0.1858362117335685,0.7984606965991072
2013-07-03,,,2013-07-03,False,0.015703091667324334,0.1858362117335685,0.7984606965991072,0.0,0.0,0.0,0.015468243868756415,0.18620288358679637,0.7983288725444473,0.015468243868756415,0.18620288358679637,0.7983288725444473
2013-07-04,,,2013-07-04,False,0.015468243868756415,0.18620288358679637,0.7983288725444473,0.0,0.0,0.0,0.01563613934473634,0.18650990278493706,0.7978539578703265,0.01563613934473634,0.18650990278493706,0.7978539578703265
2013-07-05,,,2013-07-05,False,0.01563613934473634,0.18650990278493706,0.7978539578703265,0.0,0.0,0.0,0.01572568550766268,0.18607517244877608,0.7981991420435612,0.01572568550766268,0.18607517244877608,0.7981991420435612
2013-07-08,,,2013-07-08,False,0.01572568550766268,0.18607517244877608,0.7981991420435612,0.0,0.0,0.0,0.01559006705851057,0.18542998757222479,0.7989799453692645,0.01559006705851057,0.18542998757222479,0.7989799453692645
2013-07-09,,,2013-07-09,False,0.01559006705851057,0.18542998757222479,0.7989799453692645,0.0,0.0,0.0,0.01569804348360688,0.18630379819176865,0.7979981583246245,0.01569804348360688,0.18630379819176865,0.7979981583246245
2013-07-10,,,2013-07-10,False,0.01569804348360688,0.18630379819176865,0.7979981583246245,0.0,0.0,0.0,0.015590624391527752,0.1861083484971637,0.7983010271113086,0.015590624391527752,0.1861083484971637,0.7983010271113086
2013-07-11,,,2013-07-11,False,0.015590624391527752,0.1861083484971637,0.7983010271113086,0.0,0.0,0.0,0.01585076288208273,0.18871095461834392,0.7954382824995734,0.01585076288208273,0.18871095461834392,0.7954382824995734
2013-07-12,,,2013-07-12,False,0.01585076288208273,0.18871095461834392,0.7954382824995734,0.0,0.0,0.0,0.01605833198253632,0.18799751751646998,0.7959441505009937,0.01605833198253632,0.18799751751646998,0.7959441505009937
2013-07-15,,,2013-07-15,False,0.01605833198253632,0.18799751751646998,0.7959441505009937,0.0,0.0,0.0,0.01609701407099447,0.1889338443632781,0.7949691415657275,0.01609701407099447,0.1889338443632781,0.7949691415657275
2013-07-16,,,2013-07-16,False,0.01609701407099447,0.1889338443632781,0.7949691415657275,0.0,0.0,0.0,0.015920263298506508,0.18786519035628957,0.7962145463452039,0.015920263298506508,0.18786519035628957,0.7962145463452039
2013-07-17,,,2013-07-17,False,0.015920263298506508,0.18786519035628957,0.7962145463452039,0.0,0.0,0.0,0.015957471959635042,0.1883704014820475,0.7956721265583175,0.015957471959635042,0.1883704014820475,0.7956721265583175
2013-07-18,,,2013-07-18,False,0.015957471959635042,0.1883704014820475,0.7956721265583175,0.0,0.0,0.0,0.016130383853069575,0.18820898356235205,0.7956606325845786,0.016130383853069575,0.18820898356235205,0.7956606325845786
2013-07-19,,,2013-07-19,False,0.016130383853069575,0.18820898356235205,0.7956606325845786,0.0,0.0,0.0,0.016091839447805446,0.1889754763746336,0.7949326841775612,0.016091839447805446,0.1889754763746336,0.7949326841775612
2013-07-22,,,2013-07-22,False,0.016091839447805446,0.1889754763746336,0.7949326841775612,0.0,0.0,0.0,0.01604358396859175,0.19175733903179065,0.7921990769996179,0.01604358396859175,0.19175733903179065,0.7921990769996179
2013-07-23,,,2013-07-23,False,0.01604358396859175,0.19175733903179065,0.7921990769996179,0.0,0.0,0.0,0.016115825114424435,0.1941407581405337,0.7897434167450422,0.016115825114424435,0.1941407581405337,0.7897434167450422
2013-07-24,,,2013-07-24,False,0.016115825114424435,0.1941407581405337,0.7897434167450422,0.0,0.0,0.0,0.01592066388151194,0.19252183570150136,0.7915575004169871,0.01592066388151194,0.19252183570150136,0.7915575004169871
2013-07-25,2013-07-25,2013-07-25,2013-07-25,True,0.01592066388151194,0.19252183570150136,0.7915575004169871,0.19999999201229213,8.847914718376122e-09,0.7999999991397904,0.19999999201229213,8.847914718376122e-09,0.7999999991397904,0.015745748347446097,0.1903942089367799,0.7938600427157744
2013-07-26,,,2013-07-26,False,0.19999999201229213,8.847914718376122e-09,0.7999999991397904,0.0,0.0,0.0,0.1994243444413484,8.955613549010878e-09,0.8005756466030353,0.1994243444413484,8.955613549010878e-09,0.8005756466030353
2013-07-29,,,2013-07-29,False,0.1994243444413484,8.955613549010878e-09,0.8005756466030353,0.0,0.0,0.0,0.19794201064845685,9.118953587425394e-09,0.8020579802325868,0.19794201064845685,9.118953587425394e-09,0.8020579802325868
2013-07-30,,,2013-07-30,False,0.19794201064845685,9.118953587425394e-09,0.8020579802325868,0.0,0.0,0.0,0.19584957691086521,9.22292175239695e-09,0.8041504138662101,0.19584957691086521,9.22292175239695e-09,0.8041504138662101
2013-07-31,,,2013-07-31,False,0.19584957691086521,9.22292175239695e-09,0.8041504138662101,0.0,0.0,0.0,0.19479222694120654,9.283371821999612e-09,0.8052077637754188,0.19479222694120654,9.283371821999612e-09,0.8052077637754188
2013-08-01,,,2013-08-01,False,0.19479222694120654,9.283371821999612e-09,0.8052077637754188,0.0,0.0,0.0,0.19440552324225732,9.146813368820392e-09,0.8055944676109265,0.19440552324225732,9.146813368820392e-09,0.8055944676109265
2013-08-02,,,2013-08-02,False,0.19440552324225732,9.146813368820392e-09,0.8055944676109265,0.0,0.0,0.0,0.193037455774461,9.03118042894201e-09,0.8069625351943557,0.193037455774461,9.03118042894201e-09,0.8069625351943557
2013-08-05,,,2013-08-05,False,0.193037455774461,9.03118042894201e-09,0.8069625351943557,0.0,0.0,0.0,0.1932446527929594,9.22008321893446e-09,0.8067553379869545,0.1932446527929594,9.22008321893446e-09,0.8067553379869545
2013-08-06,,,2013-08-06,False,0.1932446527929594,9.22008321893446e-09,0.8067553379869545,0.0,0.0,0.0,0.1892986384653054,9.24481916765006e-09,0.8107013522898725,0.1892986384653054,9.24481916765006e-09,0.8107013522898725
2013-08-07,,,2013-08-07,False,0.1892986384653054,9.24481916765006e-09,0.8107013522898725,0.0,0.0,0.0,0.188658570354974,9.116479375341699e-09,0.8113414205285437,0.188658570354974,9.116479375341699e-09,0.8113414205285437
2013-08-08,,,2013-08-08,False,0.188658570354974,9.116479375341699e-09,0.8113414205285437,0.0,0.0,0.0,0.1899475298686828,9.191405630802435e-09,0.8100524609399086,0.1899475298686828,9.191405630802435e-09,0.8100524609399086
2013-08-12,,,2013-08-12,False,0.1899475298686828,9.191405630802435e-09,0.8100524609399086,0.0,0.0,0.0,0.19123644320194197,9.442401750734182e-09,0.8087635473556534,0.19123644320194197,9.442401750734182e-09,0.8087635473556534
2013-08-13,,,2013-08-13,False,0.19123644320194197,9.442401750734182e-09,0.8087635473556534,0.0,0.0,0.0,0.19362413819974444,9.616694279296597e-09,0.8063758521835585,0.19362413819974444,9.616694279296597e-09,0.8063758521835585
2013-08-14,,,2013-08-14,False,0.19362413819974444,9.616694279296597e-09,0.8063758521835585,0.0,0.0,0.0,0.19480041625319036,9.571595077082451e-09,0.8051995741752118,0.19480041625319036,9.571595077082451e-09,0.8051995741752118
2013-08-16,,,2013-08-16,False,0.19480041625319036,9.571595077082451e-09,0.8051995741752118,0.0,0.0,0.0,0.18834498601968128,9.99215322927127e-09,0.8116550039881627,0.18834498601968128,9.99215322927127e-09,0.8116550039881627
2013-08-19,,,2013-08-19,False,0.18834498601968128,9.99215322927127e-09,0.8116550039881627,0.0,0.0,0.0,0.18575416853047597,1.0193182084371439e-08,0.8142458212763392,0.18575416853047597,1.0193182084371439e-08,0.8142458212763392
2013-08-20,,,2013-08-20,False,0.18575416853047597,1.0193182084371439e-08,0.8142458212763392,0.0,0.0,0.0,0.18538105774266034,1.0212682505015295e-08,0.8146189320446544,0.18538105774266034,1.0212682505015295e-08,0.8146189320446544
2013-08-21,,,2013-08-21,False,0.18538105774266034,1.0212682505015295e-08,0.8146189320446544,0.0,0.0,0.0,0.18260656153753393,1.0290989745906465e-08,0.8173934281714735,0.18260656153753393,1.0290989745906465e-08,0.8173934281714735
2013-08-22,,,2013-08-22,False,0.18260656153753393,1.0290989745906465e-08,0.8173934281714735,0.0,0.0,0.0,0.1855781587954388,1.0267896488192653e-08,0.8144218309366619,0.1855781587954388,1.0267896488192653e-08,0.8144218309366619
2013-08-23,,,2013-08-23,False,0.1855781587954388,1.0267896488192653e-08,0.8144218309366619,0.0,0.0,0.0,0.1873417842908632,1.0172159239808935e-08,0.8126582055369748,0.1873417842908632,1.0172159239808935e-08,0.8126582055369748
2013-08-26,,,2013-08-26,False,0.1873417842908632,1.0172159239808935e-08,0.8126582055369748,0.0,0.0,0.0,0.18747392579182817,1.0310458214452097e-08,0.8125260638977108,0.18747392579182817,1.0310458214452097e-08,0.8125260638977108
2013-08-27,2013-08-27,2013-08-27,2013-08-27,True,0.18747392579182817,1.0310458214452097e-08,0.8125260638977108,0.012547648675727541,0.2500078533900942,0.7374444979341785,0.012547648675727541,0.2500078533900942,0.7374444979341785,0.18218272174734723,1.048771217795501e-08,0.8178172677649377
2013-08-28,,,2013-08-28,False,0.012547648675727541,0.2500078533900942,0.7374444979341785,0.0,0.0,0.0,0.012497122591387,0.2526803586854748,0.7348225187231386,0.012497122591387,0.2526803586854748,0.7348225187231386
2013-08-29,,,2013-08-29,False,0.012497122591387,0.2526803586854748,0.7348225187231386,0.0,0.0,0.0,0.012808512135901215,0.2513386267582119,0.7358528611058873,0.012808512135901215,0.2513386267582119,0.7358528611058873
2013-08-30,,,2013-08-30,False,0.012808512135901215,0.2513386267582119,0.7358528611058873,0.0,0.0,0.0,0.012991764337080075,0.24488371521448707,0.7421245204484332,0.012991764337080075,0.24488371521448707,0.7421245204484332
2013-09-02,,,2013-09-02,False,0.012991764337080075,0.24488371521448707,0.7421245204484332,0.0,0.0,0.0,0.013166727701755053,0.24541201546026284,0.7414212568379824,0.013166727701755053,0.24541201546026284,0.7414212568379824
2013-09-03,,,2013-09-03,False,0.013166727701755053,0.24541201546026284,0.7414212568379824,0.0,0.0,0.0,0.012596025940532263,0.25032637957823256,0.7370775944812356,0.012596025940532263,0.25032637957823256,0.7370775944812356
2013-09-04,,,2013-09-04,False,0.012596025940532263,0.25032637957823256,0.7370775944812356,0.0,0.0,0.0,0.01286475860983782,0.2490688832414498,0.7380663581487128,0.01286475860983782,0.2490688832414498,0.7380663581487128
2013-09-05,,,2013-09-05,False,0.01286475860983782,0.2490688832414498,0.7380663581487128,0.0,0.0,0.0,0.013261171761829173,0.24562649561588884,0.7411123326222825,0.013261171761829173,0.24562649561588884,0.7411123326222825
2013-09-06,,,2013-09-06,False,0.013261171761829173,0.24562649561588884,0.7411123326222825,0.0,0.0,0.0,0.013539736837541973,0.2414291594051046,0.7450311037573539,0.013539736837541973,0.2414291594051046,0.7450311037573539
2013-09-10,,,2013-09-10,False,0.013539736837541973,0.2414291594051046,0.7450311037573539,0.0,0.0,0.0,0.014089794697637424,0.23905735731274572,0.7468528479896174,0.014089794697637424,0.23905735731274572,0.7468528479896174
2013-09-11,,,2013-09-11,False,0.014089794697637424,0.23905735731274572,0.7468528479896174,0.0,0.0,0.0,0.014141276127435662,0.23836326175228492,0.74749546212028,0.014141276127435662,0.23836326175228492,0.74749546212028
2013-09-12,,,2013-09-12,False,0.014141276127435662,0.23836326175228492,0.74749546212028,0.0,0.0,0.0,0.013993322725622542,0.2384293903275609,0.747577286946817,0.013993322725622542,0.2384293903275609,0.747577286946817
2013-09-13,,,2013-09-13,False,0.013993322725622542,0.2384293903275609,0.747577286946817,0.0,0.0,0.0,0.014046319754231462,0.23553958439347786,0.7504140958522912,0.014046319754231462,0.23553958439347786,0.7504140958522912
2013-09-16,,,2013-09-16,False,0.014046319754231462,0.23553958439347786,0.7504140958522912,0.0,0.0,0.0,0.014037510371591816,0.23472854179486918,0.7512339478335395,0.014037510371591816,0.23472854179486918,0.7512339478335395
2013-09-17,,,2013-09-17,False,0.014037510371591816,0.23472854179486918,0.7512339478335395,0.0,0.0,0.0,0.014027973173902678,0.23647952772744682,0.749492499098651,0.014027973173902678,0.23647952772744682,0.749492499098651
2013-09-18,,,2013-09-18,False,0.014027973173902678,0.23647952772744682,0.749492499098651,0.0,0.0,0.0,0.014181731857452994,0.2344362063026921,0.7513820618398555,0.014181731857452994,0.2344362063026921,0.7513820618398555
2013-09-19,,,2013-09-19,False,0.014181731857452994,0.2344362063026921,0.7513820618398555,0.0,0.0,0.0,0.014605210323905085,0.23891956157061844,0.7464752281054771,0.014605210323905085,0.23891956157061844,0.7464752281054771
2013-09-20,,,2013-09-20,False,0.014605210323905085,0.23891956157061844,0.7464752281054771,0.0,0.0,0.0,0.014374834641144474,0.2382825509995966,0.7473426143592595,0.014374834641144474,0.2382825509995966,0.7473426143592595
2013-09-23,,,2013-09-23,False,0.014374834641144474,0.2382825509995966,0.7473426143592595,0.0,0.0,0.0,0.014115714864168053,0.236768224272199,0.7491160608636335,0.014115714864168053,0.236768224272199,0.7491160608636335
2013-09-24,,,2013-09-24,False,0.014115714864168053,0.236768224272199,0.7491160608636335,0.0,0.0,0.0,0.014137740304854773,0.2359284627521909,0.7499337969429549,0.014137740304854773,0.2359284627521909,0.7499337969429549
2013-09-25,,,2013-09-25,False,0.014137740304854773,0.2359284627521909,0.7499337969429549,0.0,0.0,0.0,0.014075260628689325,0.23694092423472685,0.7489838151365845,0.014075260628689325,0.23694092423472685,0.7489838151365845
2013-09-26,2013-09-26,2013-09-26,2013-09-26,True,0.014075260628689325,0.23694092423472685,0.7489838151365845,0.025742785911748636,0.25000238204745256,0.7242548320407989,0.025742785911748636,0.25000238204745256,0.7242548320407989,0.01409249032972597,0.23707039853846848,0.7488371111318064
2013-09-27,,,2013-09-27,False,0.025742785911748636,0.25000238204745256,0.7242548320407989,0.0,0.0,0.0,0.025516593133535378,0.25055579453224025,0.7239276123342245,0.025516593133535378,0.25055579453224025,0.7239276123342245
2013-09-30,,,2013-09-30,False,0.025516593133535378,0.25055579453224025,0.7239276123342245,0.0,0.0,0.0,0.024982341204648362,0.25315789187555404,0.7218597669197979,0.024982341204648362,0.25315789187555404,0.7218597669197979
2013-10-01,,,2013-10-01,False,0.024982341204648362,0.25315789187555404,0.7218597669197979,0.0,0.0,0.0,0.025250338735933516,0.250801924393223,0.7239477368708437,0.025250338735933516,0.250801924393223,0.7239477368708437
2013-10-03,,,2013-10-03,False,0.025250338735933516,0.250801924393223,0.7239477368708437,0.0,0.0,0.0,0.025843636829450425,0.24945385069758375,0.7247025124729661,0.025843636829450425,0.24945385069758375,0.7247025124729661
2013-10-04,,,2013-10-04,False,0.025843636829450425,0.24945385069758375,0.7247025124729661,0.0,0.0,0.0,0.025835143461094615,0.24940613243938814,0.7247587240995176,0.025835143461094615,0.24940613243938814,0.7247587240995176
2013-10-07,,,2013-10-07,False,0.025835143461094615,0.24940613243938814,0.7247587240995176,0.0,0.0,0.0,0.02581194152419946,0.24993217243235177,0.7242558860434491,0.02581194152419946,0.24993217243235177,0.7242558860434491
2013-10-08,,,2013-10-08,False,0.02581194152419946,0.24993217243235177,0.7242558860434491,0.0,0.0,0.0,0.02573340237191767,0.25492438631707315,0.7193422113110096,0.02573340237191767,0.25492438631707315,0.7193422113110096
2013-10-09,,,2013-10-09,False,0.02573340237191767,0.25492438631707315,0.7193422113110096,0.0,0.0,0.0,0.026146817024111573,0.25257221137898,0.7212809715969088,0.026146817024111573,0.25257221137898,0.7212809715969088
2013-10-10,,,2013-10-10,False,0.026146817024111573,0.25257221137898,0.7212809715969088,0.0,0.0,0.0,0.02619692416507411,0.2527601929830069,0.7210428828519195,0.02619692416507411,0.2527601929830069,0.7210428828519195
2013-10-11,,,2013-10-11,False,0.02619692416507411,0.2527601929830069,0.7210428828519195,0.0,0.0,0.0,0.02659749959604807,0.25037067018714676,0.7230318302168057,0.02659749959604807,0.25037067018714676,0.7230318302168057
2013-10-14,,,2013-10-14,False,0.02659749959604807,0.25037067018714676,0.7230318302168057,0.0,0.0,0.0,0.026607518185297933,0.2520407178227745,0.7213517639919282,0.026607518185297933,0.2520407178227745,0.7213517639919282
2013-10-15,,,2013-10-15,False,0.026607518185297933,0.2520407178227745,0.7213517639919282,0.0,0.0,0.0,0.026554457196754176,0.2507361013438651,0.7227094414593814,0.026554457196754176,0.2507361013438651,0.7227094414593814
2013-10-17,,,2013-10-17,False,0.026554457196754176,0.2507361013438651,0.7227094414593814,0.0,0.0,0.0,0.02623950621177274,0.2545200350391801,0.7192404587490479,0.02623950621177274,0.2545200350391801,0.7192404587490479
2013-10-18,,,2013-10-18,False,0.02623950621177274,0.2545200350391801,0.7192404587490479,0.0,0.0,0.0,0.026799428932065862,0.25565072183853726,0.7175498492293975,0.026799428932065862,0.25565072183853726,0.7175498492293975
2013-10-21,,,2013-10-21,False,0.026799428932065862,0.25565072183853726,0.7175498492293975,0.0,0.0,0.0,0.026817203670481612,0.2569622471670359,0.7162205491624832,0.026817203670481612,0.2569622471670359,0.7162205491624832
2013-10-22,,,2013-10-22,False,0.026817203670481612,0.2569622471670359,0.7162205491624832,0.0,0.0,0.0,0.026750525656896996,0.25855506929540234,0.7146944050477013,0.026750525656896996,0.25855506929540234,0.7146944050477013
2013-10-23,,,2013-10-23,False,0.026750525656896996,0.25855506929540234,0.7146944050477013,0.0,0.0,0.0,0.026549549841160293,0.2613184949989018,0.7121319551599385,0.026549549841160293,0.2613184949989018,0.7121319551599385
2013-10-24,,,2013-10-24,False,0.026549549841160293,0.2613184949989018,0.7121319551599385,0.0,0.0,0.0,0.026510901059697514,0.26077882523036644,0.7127102737099368,0.026510901059697514,0.26077882523036644,0.7127102737099368
2013-10-25,,,2013-10-25,False,0.026510901059697514,0.26077882523036644,0.7127102737099368,0.0,0.0,0.0,0.026406587213777283,0.26144044228174157,0.7121529705044818,0.026406587213777283,0.26144044228174157,0.7121529705044818
2013-10-28,,,2013-10-28,False,0.026406587213777283,0.26144044228174157,0.7121529705044818,0.0,0.0,0.0,0.026196134243361372,0.2622547499003663,0.711549115856273,0.026196134243361372,0.2622547499003663,0.711549115856273
2013-10-29,2013-10-29,2013-10-29,2013-10-29,True,0.026196134243361372,0.2622547499003663,0.711549115856273,0.034046560747664247,0.25000113881098207,0.7159523004413537,0.034046560747664247,0.25000113881098207,0.7159523004413537,0.026863443375978055,0.2575135520451937,0.7156230045788289
2013-10-30,,,2013-10-30,False,0.034046560747664247,0.25000113881098207,0.7159523004413537,0.0,0.0,0.0,0.03423327443769996,0.24943472411905723,0.7163320014432428,0.03423327443769996,0.24943472411905723,0.7163320014432428
2013-10-31,,,2013-10-31,False,0.03423327443769996,0.24943472411905723,0.7163320014432428,0.0,0.0,0.0,0.03447413495388989,0.24565872657854357,0.7198671384675666,0.03447413495388989,0.24565872657854357,0.7198671384675666
2013-11-01,,,2013-11-01,False,0.03447413495388989,0.24565872657854357,0.7198671384675666,0.0,0.0,0.0,0.0344719067399809,0.24662623716999033,0.7189018560900287,0.0344719067399809,0.24662623716999033,0.7189018560900287
2013-11-05,,,2013-11-05,False,0.0344719067399809,0.24662623716999033,0.7189018560900287,0.0,0.0,0.0,0.0342847444731431,0.24454339009237475,0.7211718654344822,0.0342847444731431,0.24454339009237475,0.7211718654344822
2013-11-06,,,2013-11-06,False,0.0342847444731431,0.24454339009237475,0.7211718654344822,0.0,0.0,0.0,0.03399851856892052,0.24647781308829772,0.7195236683427817,0.03399851856892052,0.24647781308829772,0.7195236683427817
2013-11-07,,,2013-11-07,False,0.03399851856892052,0.24647781308829772,0.7195236683427817,0.0,0.0,0.0,0.03390457815507269,0.24531730023676895,0.7207781216081582,0.03390457815507269,0.24531730023676895,0.7207781216081582
2013-11-08,,,2013-11-08,False,0.03390457815507269,0.24531730023676895,0.7207781216081582,0.0,0.0,0.0,0.0336214003321869,0.24620815248742592,0.7201704471803871,0.0336214003321869,0.24620815248742592,0.7201704471803871
2013-11-11,,,2013-11-11,False,0.0336214003321869,0.24620815248742592,0.7201704471803871,0.0,0.0,0.0,0.03330622180491783,0.2460038646841372,0.7206899135109449,0.03330622180491783,0.2460038646841372,0.7206899135109449
2013-11-12,,,2013-11-12,False,0.03330622180491783,0.2460038646841372,0.7206899135109449,0.0,0.0,0.0,0.03287962712053793,0.248479323440874,0.7186410494385881,0.03287962712053793,0.248479323440874,0.7186410494385881
2013-11-13,,,2013-11-13,False,0.03287962712053793,0.248479323440874,0.7186410494385881,0.0,0.0,0.0,0.032753387877586894,0.2479644073020259,0.7192822048203873,0.032753387877586894,0.2479644073020259,0.7192822048203873
2013-11-14,,,2013-11-14,False,0.032753387877586894,0.2479644073020259,0.7192822048203873,0.0,0.0,0.0,0.03309392588655834,0.24813169456486234,0.7187743795485795,0.03309392588655834,0.24813169456486234,0.7187743795485795
2013-11-18,,,2013-11-18,False,0.03309392588655834,0.24813169456486234,0.7187743795485795,0.0,0.0,0.0,0.0337824422175358,0.24824596993266806,0.7179715878497963,0.0337824422175358,0.24824596993266806,0.7179715878497963
2013-11-19,,,2013-11-19,False,0.0337824422175358,0.24824596993266806,0.7179715878497963,0.0,0.0,0.0,0.033902608550826795,0.2472387107173957,0.7188586807317777,0.033902608550826795,0.2472387107173957,0.7188586807317777
2013-11-20,,,2013-11-20,False,0.033902608550826795,0.2472387107173957,0.7188586807317777,0.0,0.0,0.0,0.03347363742856875,0.2474376917442284,0.7190886708272031,0.03347363742856875,0.2474376917442284,0.7190886708272031
2013-11-21,,,2013-11-21,False,0.03347363742856875,0.2474376917442284,0.7190886708272031,0.0,0.0,0.0,0.03285133932905531,0.2468517908674784,0.7202968698034664,0.03285133932905531,0.2468517908674784,0.7202968698034664
2013-11-22,,,2013-11-22,False,0.03285133932905531,0.2468517908674784,0.7202968698034664,0.0,0.0,0.0,0.0328265914317851,0.2469940185275124,0.7201793900407026,0.0328265914317851,0.2469940185275124,0.7201793900407026
2013-11-25,,,2013-11-25,False,0.0328265914317851,0.2469940185275124,0.7201793900407026,0.0,0.0,0.0,0.03357534365936722,0.24426064801966646,0.7221640083209664,0.03357534365936722,0.24426064801966646,0.7221640083209664
2013-11-26,,,2013-11-26,False,0.03357534365936722,0.24426064801966646,0.7221640083209664,0.0,0.0,0.0,0.03318800173692198,0.24635232736635385,0.7204596708967241,0.03318800173692198,0.24635232736635385,0.7204596708967241
2013-11-27,,,2013-11-27,False,0.03318800173692198,0.24635232736635385,0.7204596708967241,0.0,0.0,0.0,0.03320418808897483,0.2457467552686231,0.721049056642402,0.03320418808897483,0.2457467552686231,0.721049056642402
2013-11-28,,,2013-11-28,False,0.03320418808897483,0.2457467552686231,0.721049056642402,0.0,0.0,0.0,0.03343128096884366,0.24472243646822203,0.7218462825629343,0.03343128096884366,0.24472243646822203,0.7218462825629343
2013-11-29,2013-11-29,2013-11-29,2013-11-29,True,0.03343128096884366,0.24472243646822203,0.7218462825629343,0.45000000005748025,0.3499999991399924,0.20000000080252292,0.45000000005748025,0.3499999991399924,0.20000000080252292,0.03367800907625732,0.24563816159248672,0.720683829331256
2013-12-02,,,2013-12-02,False,0.45000000005748025,0.3499999991399924,0.20000000080252292,0.0,0.0,0.0,0.4525300059134692,0.3476960042792851,0.19977398980724115,0.4525300059134692,0.3476960042792851,0.19977398980724115
2013-12-03,,,2013-12-03,False,0.4525300059134692,0.3476960042792851,0.19977398980724115,0.0,0.0,0.0,0.4523633339228688,0.3474229877077687,0.2002136783693579,0.4523633339228688,0.3474229877077687,0.2002136783693579
2013-12-04,,,2013-12-04,False,0.4523633339228688,0.3474229877077687,0.2002136783693579,0.0,0.0,0.0,0.4502240877412486,0.3491862061193292,0.20058970613941762,0.4502240877412486,0.3491862061193292,0.20058970613941762
2013-12-05,,,2013-12-05,False,0.4502240877412486,0.3491862061193292,0.20058970613941762,0.0,0.0,0.0,0.4530763155240084,0.3476555635711932,0.19926812090479398,0.4530763155240084,0.3476555635711932,0.19926812090479398
2013-12-06,,,2013-12-06,False,0.4530763155240084,0.3476555635711932,0.19926812090479398,0.0,0.0,0.0,0.4549916057721428,0.3454969532856389,0.19951144094221382,0.4549916057721428,0.3454969532856389,0.19951144094221382
2013-12-09,,,2013-12-09,False,0.4549916057721428,0.3454969532856389,0.19951144094221382,0.0,0.0,0.0,0.4607681858934125,0.3404892196725182,0.1987425944340648,0.4607681858934125,0.3404892196725182,0.1987425944340648
2013-12-10,,,2013-12-10,False,0.4607681858934125,0.3404892196725182,0.1987425944340648,0.0,0.0,0.0,0.45875063424431795,0.34240875752556266,0.19884060823011493,0.45875063424431795,0.34240875752556266,0.19884060823011493
2013-12-11,,,2013-12-11,False,0.45875063424431795,0.34240875752556266,0.19884060823011493,0.0,0.0,0.0,0.4572108818067287,0.3438320472756532,0.19895707091761358,0.4572108818067287,0.3438320472756532,0.19895707091761358
2013-12-12,,,2013-12-12,False,0.4572108818067287,0.3438320472756532,0.19895707091761358,0.0,0.0,0.0,0.4554121376324664,0.3441623499658074,0.2004255124017216,0.4554121376324664,0.3441623499658074,0.2004255124017216
2013-12-13,,,2013-12-13,False,0.4554121376324664,0.3441623499658074,0.2004255124017216,0.0,0.0,0.0,0.4529258321458901,0.3455225080467172,0.20155165980738812,0.4529258321458901,0.3455225080467172,0.20155165980738812
2013-12-16,,,2013-12-16,False,0.4529258321458901,0.3455225080467172,0.20155165980738812,0.0,0.0,0.0,0.4527584837362552,0.34531585961149486,0.20192565665224524,0.4527584837362552,0.34531585961149486,0.20192565665224524
2013-12-17,,,2013-12-17,False,0.4527584837362552,0.34531585961149486,0.20192565665224524,0.0,0.0,0.0,0.45292532250343276,0.34456160680756664,0.2025130706889958,0.45292532250343276,0.34456160680756664,0.2025130706889958
2013-12-18,,,2013-12-18,False,0.45292532250343276,0.34456160680756664,0.2025130706889958,0.0,0.0,0.0,0.45623281979748515,0.3423378084229798,0.20142937177953044,0.45623281979748515,0.3423378084229798,0.20142937177953044
2013-12-19,,,2013-12-19,False,0.45623281979748515,0.3423378084229798,0.20142937177953044,0.0,0.0,0.0,0.45516124697484955,0.342234855729637,0.20260389729550884,0.45516124697484955,0.342234855729637,0.20260389729550884
2013-12-20,,,2013-12-20,False,0.45516124697484955,0.342234855729637,0.20260389729550884,0.0,0.0,0.0,0.46040592849616196,0.3381702192687548,0.20142385223507867,0.46040592849616196,0.3381702192687548,0.20142385223507867
2013-12-23,,,2013-12-23,False,0.46040592849616196,0.3381702192687548,0.20142385223507867,0.0,0.0,0.0,0.4605839166073485,0.33824495528510823,0.20117112810753887,0.4605839166073485,0.33824495528510823,0.20117112810753887
2013-12-24,,,2013-12-24,False,0.4605839166073485,0.33824495528510823,0.20117112810753887,0.0,0.0,0.0,0.460595831866943,0.3377111235656552,0.2016930445673973,0.460595831866943,0.3377111235656552,0.2016930445673973
2013-12-26,,,2013-12-26,False,0.460595831866943,0.3377111235656552,0.2016930445673973,0.0,0.0,0.0,0.46045740127319895,0.3382454107021264,0.2012971880246702,0.46045740127319895,0.3382454107021264,0.2012971880246702
2013-12-27,,,2013-12-27,False,0.46045740127319895,0.3382454107021264,0.2012971880246702,0.0,0.0,0.0,0.46286112329807194,0.33590934925840016,0.20122952744352332,0.46286112329807194,0.33590934925840016,0.20122952744352332
2013-12-30,,,2013-12-30,False,0.46286112329807194,0.33590934925840016,0.20122952744352332,0.0,0.0,0.0,0.46303059645532246,0.3349398500693773,0.20202955347529558,0.46303059645532246,0.3349398500693773,0.20202955347529558
2013-12-31,2013-12-31,2013-12-31,2013-12-31,True,0.46303059645532246,0.3349398500693773,0.20202955347529558,0.4500000002388043,0.09999999977355031,0.44999999998764467,0.4500000002388043,0.09999999977355031,0.44999999998764467,0.4634631040408821,0.3336948256747884,0.20284207028432494
2014-01-01,,,2014-01-01,False,0.4500000002388043,0.09999999977355031,0.44999999998764467,0.0,0.0,0.0,0.4498895082175151,0.10022561746652812,0.44988487431595603,0.4498895082175151,0.10022561746652812,0.44988487431595603
2014-01-02,,,2014-01-02,False,0.4498895082175151,0.10022561746652812,0.44988487431595603,0.0,0.0,0.0,0.4462562609680249,0.10154446530728088,0.45219927372469343,0.4462562609680249,0.10154446530728088,0.45219927372469343
2014-01-03,,,2014-01-03,False,0.4462562609680249,0.10154446530728088,0.45219927372469343,0.0,0.0,0.0,0.44554346117578475,0.10225733360565417,0.45219920521856033,0.44554346117578475,0.10225733360565417,0.45219920521856033
2014-01-06,,,2014-01-06,False,0.44554346117578475,0.10225733360565417,0.45219920521856033,0.0,0.0,0.0,0.4448016653071668,0.10231561289262953,0.45288272180020284,0.4448016653071668,0.10231561289262953,0.45288272180020284
2014-01-07,,,2014-01-07,False,0.4448016653071668,0.10231561289262953,0.45288272180020284,0.0,0.0,0.0,0.44365798242249777,0.10247858788373203,0.45386342969376936,0.44365798242249777,0.10247858788373203,0.45386342969376936
2014-01-08,,,2014-01-08,False,0.44365798242249777,0.10247858788373203,0.45386342969376936,0.0,0.0,0.0,0.4445000055747804,0.10168468829015621,0.4538153061350625,0.4445000055747804,0.10168468829015621,0.4538153061350625
2014-01-09,,,2014-01-09,False,0.4445000055747804,0.10168468829015621,0.4538153061350625,0.0,0.0,0.0,0.4442021292886954,0.10182716912336698,0.45397070158793673,0.4442021292886954,0.10182716912336698,0.45397070158793673
2014-01-10,,,2014-01-10,False,0.4442021292886954,0.10182716912336698,0.45397070158793673,0.0,0.0,0.0,0.4441736934917106,0.10211269405205954,0.4537136124562289,0.4441736934917106,0.10211269405205954,0.4537136124562289
2014-01-13,,,2014-01-13,False,0.4441736934917106,0.10211269405205954,0.4537136124562289,0.0,0.0,0.0,0.4480626931064622,0.10164706356389312,0.4502902433296436,0.4480626931064622,0.10164706356389312,0.4502902433296436
2014-01-14,,,2014-01-14,False,0.4480626931064622,0.10164706356389312,0.4502902433296436,0.0,0.0,0.0,0.44667320786125403,0.10220607364487151,0.4511207184938734,0.44667320786125403,0.10220607364487151,0.4511207184938734
2014-01-15,,,2014-01-15,False,0.44667320786125403,0.10220607364487151,0.4511207184938734,0.0,0.0,0.0,0.450069277148584,0.10106939880093971,0.44886132405047513,0.450069277148584,0.10106939880093971,0.44886132405047513
2014-01-16,,,2014-01-16,False,0.450069277148584,0.10106939880093971,0.44886132405047513,0.0,0.0,0.0,0.44990876623830456,0.10124334811449551,0.4488478856471989,0.44990876623830456,0.10124334811449551,0.4488478856471989
2014-01-17,,,2014-01-17,False,0.44990876623830456,0.10124334811449551,0.4488478856471989,0.0,0.0,0.0,0.4476869895701613,0.10159813101462746,0.4507148794152102,0.4476869895701613,0.10159813101462746,0.4507148794152102
2014-01-20,,,2014-01-20,False,0.4476869895701613,0.10159813101462746,0.4507148794152102,0.0,0.0,0.0,0.4490771800326953,0.10184671754796296,0.44907610241934076,0.4490771800326953,0.10184671754796296,0.44907610241934076
2014-01-21,,,2014-01-21,False,0.4490771800326953,0.10184671754796296,0.44907610241934076,0.0,0.0,0.0,0.44955008097625004,0.10160221905478786,0.4488476999689611,0.44955008097625004,0.10160221905478786,0.4488476999689611
2014-01-22,,,2014-01-22,False,0.44955008097625004,0.10160221905478786,0.4488476999689611,0.0,0.0,0.0,0.4507342519971493,0.10101664752793117,0.44824910047491845,0.4507342519971493,0.10101664752793117,0.44824910047491845
2014-01-23,,,2014-01-23,False,0.4507342519971493,0.10101664752793117,0.44824910047491845,0.0,0.0,0.0,0.4510846367796586,0.10079605246361774,0.4481193107567227,0.4510846367796586,0.10079605246361774,0.4481193107567227
2014-01-24,,,2014-01-24,False,0.4510846367796586,0.10079605246361774,0.4481193107567227,0.0,0.0,0.0,0.4477283010724458,0.10188206979197535,0.45038962913557784,0.4477283010724458,0.10188206979197535,0.45038962913557784
2014-01-27,,,2014-01-27,False,0.4477283010724458,0.10188206979197535,0.45038962913557784,0.0,0.0,0.0,0.4422322485964636,0.10342102912932888,0.4543467222742065,0.4422322485964636,0.10342102912932888,0.4543467222742065
2014-01-28,,,2014-01-28,False,0.4422322485964636,0.10342102912932888,0.4543467222742065,0.0,0.0,0.0,0.44197094227046785,0.10323923979458098,0.45478981793495016,0.44197094227046785,0.10323923979458098,0.45478981793495016
2014-01-29,2014-01-29,2014-01-29,2014-01-29,True,0.44197094227046785,0.10323923979458098,0.45478981793495016,0.4500000016776446,0.09999999877791943,0.44999999954443254,0.4500000016776446,0.09999999877791943,0.44999999954443254,0.44110110550976256,0.10455448575177885,0.45434440873845755
2014-01-30,,,2014-01-30,False,0.4500000016776446,0.09999999877791943,0.44999999954443254,0.0,0.0,0.0,0.4486646236050567,0.09923211787041886,0.45210325852452093,0.4486646236050567,0.09923211787041886,0.45210325852452093
2014-01-31,,,2014-01-31,False,0.4486646236050567,0.09923211787041886,0.45210325852452093,0.0,0.0,0.0,0.44851762159736314,0.09844386437921882,0.45303851402341455,0.44851762159736314,0.09844386437921882,0.45303851402341455
2014-02-03,,,2014-02-03,False,0.44851762159736314,0.09844386437921882,0.45303851402341455,0.0,0.0,0.0,0.44501448680552247,0.09892125793376515,0.4560642552607089,0.44501448680552247,0.09892125793376515,0.4560642552607089
2014-02-04,,,2014-02-04,False,0.44501448680552247,0.09892125793376515,0.4560642552607089,0.0,0.0,0.0,0.4448050846018422,0.09927285263723382,0.45592206276092045,0.4448050846018422,0.09927285263723382,0.45592206276092045
2014-02-05,,,2014-02-05,False,0.4448050846018422,0.09927285263723382,0.45592206276092045,0.0,0.0,0.0,0.44569643314294927,0.09909878401422925,0.4552047828428179,0.44569643314294927,0.09909878401422925,0.4552047828428179
2014-02-06,,,2014-02-06,False,0.44569643314294927,0.09909878401422925,0.4552047828428179,0.0,0.0,0.0,0.4462453207542674,0.09903879860098162,0.45471588064474733,0.4462453207542674,0.09903879860098162,0.45471588064474733
2014-02-07,,,2014-02-07,False,0.4462453207542674,0.09903879860098162,0.45471588064474733,0.0,0.0,0.0,0.4472981109531848,0.09893541606400356,0.45376647298280803,0.4472981109531848,0.09893541606400356,0.45376647298280803
2014-02-10,,,2014-02-10,False,0.4472981109531848,0.09893541606400356,0.45376647298280803,0.0,0.0,0.0,0.4466397207488912,0.09953193344960733,0.45382834580149783,0.4466397207488912,0.09953193344960733,0.45382834580149783
2014-02-11,,,2014-02-11,False,0.4466397207488912,0.09953193344960733,0.45382834580149783,0.0,0.0,0.0,0.44685013887971786,0.09980447955774072,0.45334538156253773,0.44685013887971786,0.09980447955774072,0.45334538156253773
2014-02-12,,,2014-02-12,False,0.44685013887971786,0.09980447955774072,0.45334538156253773,0.0,0.0,0.0,0.44775438185501487,0.0995691823884978,0.4526764357564837,0.44775438185501487,0.0995691823884978,0.4526764357564837
2014-02-13,,,2014-02-13,False,0.44775438185501487,0.0995691823884978,0.4526764357564837,0.0,0.0,0.0,0.44442963113508255,0.10004833986601343,0.4555220289989004,0.44442963113508255,0.10004833986601343,0.4555220289989004
2014-02-14,,,2014-02-14,False,0.44442963113508255,0.10004833986601343,0.4555220289989004,0.0,0.0,0.0,0.4461316310305766,0.10017807776756697,0.4536902912018528,0.4461316310305766,0.10017807776756697,0.4536902912018528
2014-02-17,,,2014-02-17,False,0.4461316310305766,0.10017807776756697,0.4536902912018528,0.0,0.0,0.0,0.4454559396094945,0.10154090862524363,0.4530031517652583,0.4454559396094945,0.10154090862524363,0.4530031517652583
2014-02-18,,,2014-02-18,False,0.4454559396094945,0.10154090862524363,0.4530031517652583,0.0,0.0,0.0,0.44855049918067913,0.10116213673115679,0.4502873640881606,0.44855049918067913,0.10116213673115679,0.4502873640881606
2014-02-19,,,2014-02-19,False,0.44855049918067913,0.10116213673115679,0.4502873640881606,0.0,0.0,0.0,0.4495219339449026,0.10109276098101264,0.4493853050740812,0.4495219339449026,0.10109276098101264,0.4493853050740812
2014-02-20,,,2014-02-20,False,0.4495219339449026,0.10109276098101264,0.4493853050740812,0.0,0.0,0.0,0.4471511537517241,0.10133918351707016,0.45150966273120213,0.4471511537517241,0.10133918351707016,0.45150966273120213
2014-02-21,,,2014-02-21,False,0.4471511537517241,0.10133918351707016,0.45150966273120213,0.0,0.0,0.0,0.44993251143116614,0.10047303478192599,0.44959445378690416,0.44993251143116614,0.10047303478192599,0.44959445378690416
2014-02-24,,,2014-02-24,False,0.44993251143116614,0.10047303478192599,0.44959445378690416,0.0,0.0,0.0,0.45095387519908264,0.10066371024622904,0.4483824145546846,0.45095387519908264,0.10066371024622904,0.4483824145546846
2014-02-25,,,2014-02-25,False,0.45095387519908264,0.10066371024622904,0.4483824145546846,0.0,0.0,0.0,0.4516213127031271,0.10034296541593903,0.4480357218809302,0.4516213127031271,0.10034296541593903,0.4480357218809302
2014-02-26,,,2014-02-26,False,0.4516213127031271,0.10034296541593903,0.4480357218809302,0.0,0.0,0.0,0.45308508007142345,0.10021491239636587,0.4467000075322072,0.45308508007142345,0.10021491239636587,0.4467000075322072
2014-02-28,2014-02-28,2014-02-28,2014-02-28,True,0.45308508007142345,0.10021491239636587,0.4467000075322072,0.5412719590489182,0.008732793102303687,0.44999524784877803,0.5412719590489182,0.008732793102303687,0.44999524784877803,0.4537580925033131,0.09958083587478822,0.4466610716218951
2014-03-03,,,2014-03-03,False,0.5412719590489182,0.008732793102303687,0.44999524784877803,0.0,0.0,0.0,0.5390495863460569,0.00880930774384793,0.45214110591009515,0.5390495863460569,0.00880930774384793,0.45214110591009515
2014-03-04,,,2014-03-04,False,0.5390495863460569,0.00880930774384793,0.45214110591009515,0.0,0.0,0.0,0.542109607818308,0.008701545829933646,0.44918884635175843,0.542109607818308,0.008701545829933646,0.44918884635175843
2014-03-05,,,2014-03-05,False,0.542109607818308,0.008701545829933646,0.44918884635175843,0.0,0.0,0.0,0.5433343343927477,0.008650224578414358,0.44801544102883806,0.5433343343927477,0.008650224578414358,0.44801544102883806
2014-03-06,,,2014-03-06,False,0.5433343343927477,0.008650224578414358,0.44801544102883806,0.0,0.0,0.0,0.5461747418466574,0.008564218649909465,0.44526103950343326,0.5461747418466574,0.008564218649909465,0.44526103950343326
2014-03-07,,,2014-03-07,False,0.5461747418466574,0.008564218649909465,0.44526103950343326,0.0,0.0,0.0,0.5509886180061839,0.00846322193506797,0.4405481600587481,0.5509886180061839,0.00846322193506797,0.4405481600587481
2014-03-10,,,2014-03-10,False,0.5509886180061839,0.00846322193506797,0.4405481600587481,0.0,0.0,0.0,0.5514192559216173,0.008407401039530533,0.4401733430388522,0.5514192559216173,0.008407401039530533,0.4401733430388522
2014-03-11,,,2014-03-11,False,0.5514192559216173,0.008407401039530533,0.4401733430388522,0.0,0.0,0.0,0.5504506480506809,0.008438669672807226,0.441110682276512,0.5504506480506809,0.008438669672807226,0.441110682276512
2014-03-12,,,2014-03-12,False,0.5504506480506809,0.008438669672807226,0.441110682276512,0.0,0.0,0.0,0.5506268493217039,0.008459811570347094,0.44091333910794905,0.5506268493217039,0.008459811570347094,0.44091333910794905
2014-03-13,,,2014-03-13,False,0.5506268493217039,0.008459811570347094,0.44091333910794905,0.0,0.0,0.0,0.549712435261781,0.008488751587978622,0.44179881315024044,0.549712435261781,0.008488751587978622,0.44179881315024044
2014-03-14,,,2014-03-14,False,0.549712435261781,0.008488751587978622,0.44179881315024044,0.0,0.0,0.0,0.5501109738503053,0.008524433706149425,0.44136459244354537,0.5501109738503053,0.008524433706149425,0.44136459244354537
2014-03-18,,,2014-03-18,False,0.5501109738503053,0.008524433706149425,0.44136459244354537,0.0,0.0,0.0,0.550625952854692,0.008444511031554667,0.4409295361137535,0.550625952854692,0.008444511031554667,0.4409295361137535
2014-03-19,,,2014-03-19,False,0.550625952854692,0.008444511031554667,0.4409295361137535,0.0,0.0,0.0,0.5509392114740076,0.008376571415030294,0.4406842171109624,0.5509392114740076,0.008376571415030294,0.4406842171109624
2014-03-20,,,2014-03-20,False,0.5509392114740076,0.008376571415030294,0.4406842171109624,0.0,0.0,0.0,0.5494427151159528,0.008294115417512389,0.44226316946653516,0.5494427151159528,0.008294115417512389,0.44226316946653516
2014-03-21,,,2014-03-21,False,0.5494427151159528,0.008294115417512389,0.44226316946653516,0.0,0.0,0.0,0.5498166618185413,0.008311821471880629,0.4418715167095784,0.5498166618185413,0.008311821471880629,0.4418715167095784
2014-03-24,,,2014-03-24,False,0.5498166618185413,0.008311821471880629,0.4418715167095784,0.0,0.0,0.0,0.5532828520542276,0.00815469040511452,0.43856245754065837,0.5532828520542276,0.00815469040511452,0.43856245754065837
2014-03-25,,,2014-03-25,False,0.5532828520542276,0.00815469040511452,0.43856245754065837,0.0,0.0,0.0,0.5535632973961565,0.008068110819159856,0.438368591784684,0.5535632973961565,0.008068110819159856,0.438368591784684
2014-03-26,,,2014-03-26,False,0.5535632973961565,0.008068110819159856,0.438368591784684,0.0,0.0,0.0,0.5540062322598301,0.008052862398324234,0.4379409053418459,0.5540062322598301,0.008052862398324234,0.4379409053418459
2014-03-27,,,2014-03-27,False,0.5540062322598301,0.008052862398324234,0.4379409053418459,0.0,0.0,0.0,0.5555388631825547,0.007972439046255423,0.4364886977711901,0.5555388631825547,0.007972439046255423,0.4364886977711901
2014-03-28,,,2014-03-28,False,0.5555388631825547,0.007972439046255423,0.4364886977711901,0.0,0.0,0.0,0.5575371042139283,0.007946764859007988,0.4345161309270638,0.5575371042139283,0.007946764859007988,0.4345161309270638
2014-03-31,,,2014-03-31,False,0.5575371042139283,0.007946764859007988,0.4345161309270638,0.0,0.0,0.0,0.5565486420389539,0.007985238308154707,0.4354661196528916,0.5565486420389539,0.007985238308154707,0.4354661196528916
2014-04-01,2014-04-01,2014-04-01,2014-04-01,True,0.5565486420389539,0.007985238308154707,0.4354661196528916,0.7999999996950669,0.0,0.20000000040686333,0.7999999996950669,0.0,0.20000000040686333,0.5572142300677296,0.007887847001469704,0.4348979229308009
2014-04-02,,,2014-04-02,False,0.7999999996950669,0.0,0.20000000040686333,0.0,0.0,0.0,0.8007485619206717,0.0,0.19925143818087795,0.8007485619206717,0.0,0.19925143818087795
2014-04-03,,,2014-04-03,False,0.8007485619206717,0.0,0.19925143818087795,0.0,0.0,0.0,0.8003591260053928,0.0,0.19964087409635528,0.8003591260053928,0.0,0.19964087409635528
2014-04-04,,,2014-04-04,False,0.8003591260053928,0.0,0.19964087409635528,0.0,0.0,0.0,0.7993638534533705,0.0,0.2006361466488849,0.7993638534533705,0.0,0.2006361466488849
2014-04-07,,,2014-04-07,False,0.7993638534533705,0.0,0.2006361466488849,0.0,0.0,0.0,0.7993791273207501,0.0,0.2006208727814966,0.7993791273207501,0.0,0.2006208727814966
2014-04-09,,,2014-04-09,False,0.7993791273207501,0.0,0.2006208727814966,0.0,0.0,0.0,0.8017746289797634,0.0,0.19822537112126332,0.8017746289797634,0.0,0.19822537112126332
2014-04-10,,,2014-04-10,False,0.8017746289797634,0.0,0.19822537112126332,0.0,0.0,0.0,0.8017778243765328,0.0,0.1982221757244913,0.8017778243765328,0.0,0.1982221757244913
2014-04-11,,,2014-04-11,False,0.8017778243765328,0.0,0.1982221757244913,0.0,0.0,0.0,0.8013066772406624,0.0,0.19869332286060176,0.8013066772406624,0.0,0.19869332286060176
2014-04-15,,,2014-04-15,False,0.8013066772406624,0.0,0.19869332286060176,0.0,0.0,0.0,0.8002864557443004,0.0,0.19971354435748379,0.8002864557443004,0.0,0.19971354435748379
2014-04-16,,,2014-04-16,False,0.8002864557443004,0.0,0.19971354435748379,0.0,0.0,0.0,0.7989064115260125,0.0,0.20109358857647602,0.7989064115260125,0.0,0.20109358857647602
2014-04-17,,,2014-04-17,False,0.7989064115260125,0.0,0.20109358857647602,0.0,0.0,0.0,0.8013794896861509,0.0,0.1986205104150763,0.8013794896861509,0.0,0.1986205104150763
2014-04-21,,,2014-04-21,False,0.8013794896861509,0.0,0.1986205104150763,0.0,0.0,0.0,0.8022749735064048,0.0,0.19772502659436708,0.8022749735064048,0.0,0.19772502659436708
2014-04-22,,,2014-04-22,False,0.8022749735064048,0.0,0.19772502659436708,0.0,0.0,0.0,0.8022199760071925,0.0,0.19778002409360634,0.8022199760071925,0.0,0.19778002409360634
2014-04-23,,,2014-04-23,False,0.8022199760071925,0.0,0.19778002409360634,0.0,0.0,0.0,0.802812151066006,0.0,0.19718784903449205,0.802812151066006,0.0,0.19718784903449205
2014-04-25,,,2014-04-25,False,0.802812151066006,0.0,0.19718784903449205,0.0,0.0,0.0,0.8014581139478629,0.0,0.19854188615332416,0.8014581139478629,0.0,0.19854188615332416
2014-04-28,,,2014-04-28,False,0.8014581139478629,0.0,0.19854188615332416,0.0,0.0,0.0,0.8009539196262662,0.0,0.19904608047517888,0.8009539196262662,0.0,0.19904608047517888
2014-04-29,,,2014-04-29,False,0.8009539196262662,0.0,0.19904608047517888,0.0,0.0,0.0,0.7990932034563675,0.0,0.20090679664553518,0.7990932034563675,0.0,0.20090679664553518
2014-04-30,,,2014-04-30,False,0.7990932034563675,0.0,0.20090679664553518,0.0,0.0,0.0,0.7986415360566109,0.0,0.20135846404552085,0.7986415360566109,0.0,0.20135846404552085
2014-05-02,,,2014-05-02,False,0.7986415360566109,0.0,0.20135846404552085,0.0,0.0,0.0,0.7986031025706782,0.0,0.20139689753147308,0.7986031025706782,0.0,0.20139689753147308
2014-05-05,,,2014-05-05,False,0.7986031025706782,0.0,0.20139689753147308,0.0,0.0,0.0,0.7987123597203495,0.0,0.20128764038174635,0.7987123597203495,0.0,0.20128764038174635
2014-05-06,,,2014-05-06,False,0.7987123597203495,0.0,0.20128764038174635,0.0,0.0,0.0,0.7990943941431311,0.0,0.20090560595877083,0.7990943941431311,0.0,0.20090560595877083
2014-05-07,2014-05-07,2014-05-07,2014-05-07,True,0.7990943941431311,0.0,0.20090560595877083,0.7402581327128281,0.25974186579066194,1.4965890483278168e-09,0.7402581327128281,0.25974186579066194,1.4965890483278168e-09,0.7975829451022616,0.0,0.20241705500040694
2014-05-08,,,2014-05-08,False,0.7402581327128281,0.25974186579066194,1.4965890483278168e-09,0.0,0.0,0.0,0.742033782935891,0.25796621556565386,1.49853445916408e-09,0.742033782935891,0.25796621556565386,1.49853445916408e-09
2014-05-09,,,2014-05-09,False,0.742033782935891,0.25796621556565386,1.49853445916408e-09,0.0,0.0,0.0,0.7485396030977026,0.2514603954345648,1.4678102108569023e-09,0.7485396030977026,0.2514603954345648,1.4678102108569023e-09
2014-05-12,,,2014-05-12,False,0.7485396030977026,0.2514603954345648,1.4678102108569023e-09,0.0,0.0,0.0,0.7530882412003749,0.24691175735568516,1.4440164336763122e-09,0.7530882412003749,0.24691175735568516,1.4440164336763122e-09
2014-05-13,,,2014-05-13,False,0.7530882412003749,0.24691175735568516,1.4440164336763122e-09,0.0,0.0,0.0,0.7565067656013025,0.24349323296748526,1.4312881813211297e-09,0.7565067656013025,0.24349323296748526,1.4312881813211297e-09
2014-05-14,,,2014-05-14,False,0.7565067656013025,0.24349323296748526,1.4312881813211297e-09,0.0,0.0,0.0,0.7567417577389579,0.24325824082939937,1.4317187314490614e-09,0.7567417577389579,0.24325824082939937,1.4317187314490614e-09
2014-05-15,,,2014-05-15,False,0.7567417577389579,0.24325824082939937,1.4317187314490614e-09,0.0,0.0,0.0,0.7573053354445495,0.24269466312562382,1.4299025568200746e-09,0.7573053354445495,0.24269466312562382,1.4299025568200746e-09
2014-05-16,,,2014-05-16,False,0.7573053354445495,0.24269466312562382,1.4299025568200746e-09,0.0,0.0,0.0,0.7617955427921818,0.23820445578547225,1.4224213469221724e-09,0.7617955427921818,0.23820445578547225,1.4224213469221724e-09
2014-05-19,,,2014-05-19,False,0.7617955427921818,0.23820445578547225,1.4224213469221724e-09,0.0,0.0,0.0,0.7650372149945883,0.23496278358892053,1.416566254609206e-09,0.7650372149945883,0.23496278358892053,1.416566254609206e-09
2014-05-20,,,2014-05-20,False,0.7650372149945883,0.23496278358892053,1.416566254609206e-09,0.0,0.0,0.0,0.7661153322504475,0.23388466633338112,1.4162464001119403e-09,0.7661153322504475,0.23388466633338112,1.4162464001119403e-09
2014-05-21,,,2014-05-21,False,0.7661153322504475,0.23388466633338112,1.4162464001119403e-09,0.0,0.0,0.0,0.7662350684474054,0.2337649301317883,1.4208814708373714e-09,0.7662350684474054,0.2337649301317883,1.4208814708373714e-09
2014-05-22,,,2014-05-22,False,0.7662350684474054,0.2337649301317883,1.4208814708373714e-09,0.0,0.0,0.0,0.7732168889235239,0.22678310964736814,1.4291835899454643e-09,0.7732168889235239,0.22678310964736814,1.4291835899454643e-09
2014-05-23,,,2014-05-23,False,0.7732168889235239,0.22678310964736814,1.4291835899454643e-09,0.0,0.0,0.0,0.7759877969361841,0.22401220164723018,1.4166606505358364e-09,0.7759877969361841,0.22401220164723018,1.4166606505358364e-09
2014-05-26,,,2014-05-26,False,0.7759877969361841,0.22401220164723018,1.4166606505358364e-09,0.0,0.0,0.0,0.7752389702815855,0.22476102830164774,1.4168418094394303e-09,0.7752389702815855,0.22476102830164774,1.4168418094394303e-09
2014-05-27,,,2014-05-27,False,0.7752389702815855,0.22476102830164774,1.4168418094394303e-09,0.0,0.0,0.0,0.7751824892070244,0.2248175093683654,1.4246856786578703e-09,0.7751824892070244,0.2248175093683654,1.4246856786578703e-09
2014-05-28,,,2014-05-28,False,0.7751824892070244,0.2248175093683654,1.4246856786578703e-09,0.0,0.0,0.0,0.77684372441863,0.2231562741559759,1.4254695366252252e-09,0.77684372441863,0.2231562741559759,1.4254695366252252e-09
2014-05-29,,,2014-05-29,False,0.77684372441863,0.2231562741559759,1.4254695366252252e-09,0.0,0.0,0.0,0.7768758471540873,0.22312415140194128,1.444047850163229e-09,0.7768758471540873,0.22312415140194128,1.444047850163229e-09
2014-05-30,,,2014-05-30,False,0.7768758471540873,0.22312415140194128,1.444047850163229e-09,0.0,0.0,0.0,0.7767740143938446,0.22322598415402758,1.4522041733351651e-09,0.7767740143938446,0.22322598415402758,1.4522041733351651e-09
2014-06-02,,,2014-06-02,False,0.7767740143938446,0.22322598415402758,1.4522041733351651e-09,0.0,0.0,0.0,0.7807322838713121,0.2192677146954494,1.4333140069820342e-09,0.7807322838713121,0.2192677146954494,1.4333140069820342e-09
2014-06-03,,,2014-06-03,False,0.7807322838713121,0.2192677146954494,1.4333140069820342e-09,0.0,0.0,0.0,0.7818832988907388,0.2181166996842232,1.425112966846531e-09,0.7818832988907388,0.2181166996842232,1.425112966846531e-09
2014-06-04,,,2014-06-04,False,0.7818832988907388,0.2181166996842232,1.425112966846531e-09,0.0,0.0,0.0,0.7818625979382596,0.218137400634122,1.4276935157995649e-09,0.7818625979382596,0.218137400634122,1.4276935157995649e-09
2014-06-05,2014-06-05,2014-06-05,2014-06-05,True,0.7818625979382596,0.218137400634122,1.4276935157995649e-09,0.052871767322105856,0.2500003669233263,0.697127865754568,0.052871767322105856,0.2500003669233263,0.697127865754568,0.7838926928787849,0.21610730570364942,1.4176401470359287e-09
2014-06-06,,,2014-06-06,False,0.052871767322105856,0.2500003669233263,0.697127865754568,0.0,0.0,0.0,0.053593487125136015,0.24994746901306683,0.6964590438617974,0.053593487125136015,0.24994746901306683,0.6964590438617974
2014-06-09,,,2014-06-09,False,0.053593487125136015,0.24994746901306683,0.6964590438617974,0.0,0.0,0.0,0.05411495213060616,0.24918274858453138,0.6967022992848627,0.05411495213060616,0.24918274858453138,0.6967022992848627
2014-06-10,,,2014-06-10,False,0.05411495213060616,0.24918274858453138,0.6967022992848627,0.0,0.0,0.0,0.054101765873192854,0.24954343370082055,0.6963548004259867,0.054101765873192854,0.24954343370082055,0.6963548004259867
2014-06-11,,,2014-06-11,False,0.054101765873192854,0.24954343370082055,0.6963548004259867,0.0,0.0,0.0,0.05382311169140049,0.2507185530916276,0.695458335216972,0.05382311169140049,0.2507185530916276,0.695458335216972
2014-06-12,,,2014-06-12,False,0.05382311169140049,0.2507185530916276,0.695458335216972,0.0,0.0,0.0,0.0539734554972689,0.250726918199022,0.6952996263037092,0.0539734554972689,0.250726918199022,0.6952996263037092
2014-06-13,,,2014-06-13,False,0.0539734554972689,0.250726918199022,0.6952996263037092,0.0,0.0,0.0,0.05310806869409748,0.25296180656376105,0.6939301247421417,0.05310806869409748,0.25296180656376105,0.6939301247421417
2014-06-16,,,2014-06-16,False,0.05310806869409748,0.25296180656376105,0.6939301247421417,0.0,0.0,0.0,0.05280068296598571,0.25650860084915506,0.6906907161848593,0.05280068296598571,0.25650860084915506,0.6906907161848593
2014-06-17,,,2014-06-17,False,0.05280068296598571,0.25650860084915506,0.6906907161848593,0.0,0.0,0.0,0.05359056682917406,0.2544019486199421,0.692007484550884,0.05359056682917406,0.2544019486199421,0.692007484550884
2014-06-18,,,2014-06-18,False,0.05359056682917406,0.2544019486199421,0.692007484550884,0.0,0.0,0.0,0.05305142945273907,0.25523511413556,0.6917134564117011,0.05305142945273907,0.25523511413556,0.6917134564117011
2014-06-19,,,2014-06-19,False,0.05305142945273907,0.25523511413556,0.6917134564117011,0.0,0.0,0.0,0.05287756047605365,0.25608197526172766,0.6910404642622189,0.05287756047605365,0.25608197526172766,0.6910404642622189
2014-06-20,,,2014-06-20,False,0.05287756047605365,0.25608197526172766,0.6910404642622189,0.0,0.0,0.0,0.05239105501282512,0.26025429172847836,0.6873546532586967,0.05239105501282512,0.26025429172847836,0.6873546532586967
2014-06-23,,,2014-06-23,False,0.05239105501282512,0.26025429172847836,0.6873546532586967,0.0,0.0,0.0,0.05228210010489851,0.2601358576549545,0.6875820422401472,0.05228210010489851,0.2601358576549545,0.6875820422401472
2014-06-24,,,2014-06-24,False,0.05228210010489851,0.2601358576549545,0.6875820422401472,0.0,0.0,0.0,0.05279318347412693,0.26086427635945586,0.6863425401664174,0.05279318347412693,0.26086427635945586,0.6863425401664174
2014-06-25,,,2014-06-25,False,0.05279318347412693,0.26086427635945586,0.6863425401664174,0.0,0.0,0.0,0.05280055969300481,0.25976196832963094,0.6874374719773644,0.05280055969300481,0.25976196832963094,0.6874374719773644
2014-06-26,,,2014-06-26,False,0.05280055969300481,0.25976196832963094,0.6874374719773644,0.0,0.0,0.0,0.05228449971056282,0.2600881441203913,0.687627356169046,0.05228449971056282,0.2600881441203913,0.687627356169046
2014-06-27,,,2014-06-27,False,0.05228449971056282,0.2600881441203913,0.687627356169046,0.0,0.0,0.0,0.052418238200097104,0.25962773109101667,0.6879540307088863,0.052418238200097104,0.25962773109101667,0.6879540307088863
2014-06-30,,,2014-06-30,False,0.052418238200097104,0.25962773109101667,0.6879540307088863,0.0,0.0,0.0,0.05288539135264054,0.25899852116468064,0.6881160874826789,0.05288539135264054,0.25899852116468064,0.6881160874826789
2014-07-01,,,2014-07-01,False,0.05288539135264054,0.25899852116468064,0.6881160874826789,0.0,0.0,0.0,0.053033496211494176,0.2590337958109038,0.6879327079776021,0.053033496211494176,0.2590337958109038,0.6879327079776021
2014-07-02,,,2014-07-02,False,0.053033496211494176,0.2590337958109038,0.6879327079776021,0.0,0.0,0.0,0.05368627750512238,0.25807376033804375,0.688239962156834,0.05368627750512238,0.25807376033804375,0.688239962156834
2014-07-03,,,2014-07-03,False,0.05368627750512238,0.25807376033804375,0.688239962156834,0.0,0.0,0.0,0.05370832407135177,0.25683873677463004,0.6894529391540184,0.05370832407135177,0.25683873677463004,0.6894529391540184
2014-07-04,2014-07-04,2014-07-04,2014-07-04,True,0.05370832407135177,0.25683873677463004,0.6894529391540184,0.7999998934625366,0.199936421421873,6.368511559045378e-05,0.7999998934625366,0.199936421421873,6.368511559045378e-05,0.05394962151969704,0.2567877527294983,0.6892626257508048
2014-07-07,,,2014-07-07,False,0.7999998934625366,0.199936421421873,6.368511559045378e-05,0.0,0.0,0.0,0.8016686783151064,0.19826779567546557,6.352600942812157e-05,0.8016686783151064,0.19826779567546557,6.352600942812157e-05
2014-07-08,,,2014-07-08,False,0.8016686783151064,0.19826779567546557,6.352600942812157e-05,0.0,0.0,0.0,0.7983892598622188,0.20154611273057305,6.46274072081747e-05,0.7983892598622188,0.20154611273057305,6.46274072081747e-05
2014-07-09,,,2014-07-09,False,0.7983892598622188,0.20154611273057305,6.46274072081747e-05,0.0,0.0,0.0,0.7971357364467926,0.20279941264447154,6.485090873584496e-05,0.7971357364467926,0.20279941264447154,6.485090873584496e-05
2014-07-10,,,2014-07-10,False,0.7971357364467926,0.20279941264447154,6.485090873584496e-05,0.0,0.0,0.0,0.7927846229594209,0.20715073372328272,6.464331729648353e-05,0.7927846229594209,0.20715073372328272,6.464331729648353e-05
2014-07-11,,,2014-07-11,False,0.7927846229594209,0.20715073372328272,6.464331729648353e-05,0.0,0.0,0.0,0.7909449208361905,0.20898965019625923,6.542896755042765e-05,0.7909449208361905,0.20898965019625923,6.542896755042765e-05
2014-07-14,,,2014-07-14,False,0.7909449208361905,0.20898965019625923,6.542896755042765e-05,0.0,0.0,0.0,0.7918269120767154,0.20810753873321183,6.554919007289315e-05,0.7918269120767154,0.20810753873321183,6.554919007289315e-05
2014-07-15,,,2014-07-15,False,0.7918269120767154,0.20810753873321183,6.554919007289315e-05,0.0,0.0,0.0,0.7943169160862176,0.20561796135329946,6.512256048310148e-05,0.7943169160862176,0.20561796135329946,6.512256048310148e-05
2014-07-16,,,2014-07-16,False,0.7943169160862176,0.20561796135329946,6.512256048310148e-05,0.0,0.0,0.0,0.7974615468424414,0.2024739110035307,6.454215402805925e-05,0.7974615468424414,0.2024739110035307,6.454215402805925e-05
2014-07-17,,,2014-07-17,False,0.7974615468424414,0.2024739110035307,6.454215402805925e-05,0.0,0.0,0.0,0.7973758881892264,0.20255971277813917,6.439903263447672e-05,0.7973758881892264,0.20255971277813917,6.439903263447672e-05
2014-07-18,,,2014-07-18,False,0.7973758881892264,0.20255971277813917,6.439903263447672e-05,0.0,0.0,0.0,0.7972068924433349,0.2027289185591887,6.418899747647569e-05,0.7972068924433349,0.2027289185591887,6.418899747647569e-05
2014-07-21,,,2014-07-21,False,0.7972068924433349,0.2027289185591887,6.418899747647569e-05,0.0,0.0,0.0,0.7976342197076447,0.20230172655444964,6.405373790567025e-05,0.7976342197076447,0.20230172655444964,6.405373790567025e-05
2014-07-22,,,2014-07-22,False,0.7976342197076447,0.20230172655444964,6.405373790567025e-05,0.0,0.0,0.0,0.7999974589153362,0.199938989388928,6.355169573573968e-05,0.7999974589153362,0.199938989388928,6.355169573573968e-05
2014-07-23,,,2014-07-23,False,0.7999974589153362,0.199938989388928,6.355169573573968e-05,0.0,0.0,0.0,0.800993554183371,0.1989430420346646,6.340378196440178e-05,0.800993554183371,0.1989430420346646,6.340378196440178e-05
2014-07-24,,,2014-07-24,False,0.800993554183371,0.1989430420346646,6.340378196440178e-05,0.0,0.0,0.0,0.802412945088448,0.1975238221349123,6.323277663977752e-05,0.802412945088448,0.1975238221349123,6.323277663977752e-05
2014-07-25,,,2014-07-25,False,0.802412945088448,0.1975238221349123,6.323277663977752e-05,0.0,0.0,0.0,0.8025701230306237,0.19736630585789877,6.357111147752108e-05,0.8025701230306237,0.19736630585789877,6.357111147752108e-05
2014-07-28,,,2014-07-28,False,0.8025701230306237,0.19736630585789877,6.357111147752108e-05,0.0,0.0,0.0,0.8001539942750271,0.1997822851166192,6.37206083537527e-05,0.8001539942750271,0.1997822851166192,6.37206083537527e-05
2014-07-30,,,2014-07-30,False,0.8001539942750271,0.1997822851166192,6.37206083537527e-05,0.0,0.0,0.0,0.8015603359423626,0.19837618066984827,6.34833877892468e-05,0.8015603359423626,0.19837618066984827,6.34833877892468e-05
2014-07-31,,,2014-07-31,False,0.8015603359423626,0.19837618066984827,6.34833877892468e-05,0.0,0.0,0.0,0.8000594403563267,0.19987628465599488,6.427498767853969e-05,0.8000594403563267,0.19987628465599488,6.427498767853969e-05
2014-08-01,,,2014-08-01,False,0.8000594403563267,0.19987628465599488,6.427498767853969e-05,0.0,0.0,0.0,0.7969670380522923,0.2029679351252695,6.502682243833579e-05,0.7969670380522923,0.2029679351252695,6.502682243833579e-05
2014-08-04,,,2014-08-04,False,0.7969670380522923,0.2029679351252695,6.502682243833579e-05,0.0,0.0,0.0,0.7980266920920548,0.2019088820793334,6.442582861194336e-05,0.7980266920920548,0.2019088820793334,6.442582861194336e-05
2014-08-05,2014-08-05,2014-08-05,2014-08-05,True,0.7980266920920548,0.2019088820793334,6.442582861194336e-05,0.799999999625409,2.9362840053234517e-08,0.1999999710117509,0.799999999625409,2.9362840053234517e-08,0.1999999710117509,0.7996194542565678,0.20031651488060961,6.403086282277148e-05
2014-08-06,,,2014-08-06,False,0.799999999625409,2.9362840053234517e-08,0.1999999710117509,0.0,0.0,0.0,0.79844931941452,2.9741622764899992e-08,0.20155065084385726,0.79844931941452,2.9741622764899992e-08,0.20155065084385726
2014-08-07,,,2014-08-07,False,0.79844931941452,2.9741622764899992e-08,0.20155065084385726,0.0,0.0,0.0,0.797969935744251,3.0042452501837e-08,0.2020300342132965,0.797969935744251,3.0042452501837e-08,0.2020300342132965
2014-08-08,,,2014-08-08,False,0.797969935744251,3.0042452501837e-08,0.2020300342132965,0.0,0.0,0.0,0.7962562281837483,3.0645350180826446e-08,0.2037437411709016,0.7962562281837483,3.0645350180826446e-08,0.2037437411709016
2014-08-11,,,2014-08-11,False,0.7962562281837483,3.0645350180826446e-08,0.2037437411709016,0.0,0.0,0.0,0.7974792232198576,3.013584256550847e-08,0.20252074664429986,0.7974792232198576,3.013584256550847e-08,0.20252074664429986
2014-08-12,,,2014-08-12,False,0.7974792232198576,3.013584256550847e-08,0.20252074664429986,0.0,0.0,0.0,0.7995979599931353,2.996513478830512e-08,0.20040201004172994,0.7995979599931353,2.996513478830512e-08,0.20040201004172994
2014-08-13,,,2014-08-13,False,0.7995979599931353,2.996513478830512e-08,0.20040201004172994,0.0,0.0,0.0,0.799855314162584,2.9853040710055116e-08,0.20014465598437542,0.799855314162584,2.9853040710055116e-08,0.20014465598437542
2014-08-14,,,2014-08-14,False,0.799855314162584,2.9853040710055116e-08,0.20014465598437542,0.0,0.0,0.0,0.8009297492164514,2.971454876765256e-08,0.19907022106900008,0.8009297492164514,2.971454876765256e-08,0.19907022106900008
2014-08-18,,,2014-08-18,False,0.8009297492164514,2.971454876765256e-08,0.19907022106900008,0.0,0.0,0.0,0.8026047499407428,2.918028712690556e-08,0.19739522087897032,0.8026047499407428,2.918028712690556e-08,0.19739522087897032
2014-08-19,,,2014-08-19,False,0.8026047499407428,2.918028712690556e-08,0.19739522087897032,0.0,0.0,0.0,0.803069921983483,2.8997146380097166e-08,0.1969300490193709,0.803069921983483,2.8997146380097166e-08,0.1969300490193709
2014-08-20,,,2014-08-20,False,0.803069921983483,2.8997146380097166e-08,0.1969300490193709,0.0,0.0,0.0,0.802625869872582,2.910148889084283e-08,0.1973741010259295,0.802625869872582,2.910148889084283e-08,0.1973741010259295
2014-08-21,,,2014-08-21,False,0.802625869872582,2.910148889084283e-08,0.1973741010259295,0.0,0.0,0.0,0.8029431939019152,2.8760874111322438e-08,0.1970567773372112,0.8029431939019152,2.8760874111322438e-08,0.1970567773372112
2014-08-22,,,2014-08-22,False,0.8029431939019152,2.8760874111322438e-08,0.1970567773372112,0.0,0.0,0.0,0.8033838197783094,2.8744872114658932e-08,0.196616151476819,0.8033838197783094,2.8744872114658932e-08,0.196616151476819
2014-08-25,,,2014-08-25,False,0.8033838197783094,2.8744872114658932e-08,0.196616151476819,0.0,0.0,0.0,0.8032459822004447,2.853535330499004e-08,0.19675398926420246,0.8032459822004447,2.853535330499004e-08,0.19675398926420246
2014-08-26,,,2014-08-26,False,0.8032459822004447,2.853535330499004e-08,0.19675398926420246,0.0,0.0,0.0,0.8032149975781521,2.871366303988703e-08,0.19678497370818526,0.8032149975781521,2.871366303988703e-08,0.19678497370818526
2014-08-27,,,2014-08-27,False,0.8032149975781521,2.871366303988703e-08,0.19678497370818526,0.0,0.0,0.0,0.8038403825720767,2.8526302370502502e-08,0.19615958890162133,0.8038403825720767,2.8526302370502502e-08,0.19615958890162133
2014-08-28,,,2014-08-28,False,0.8038403825720767,2.8526302370502502e-08,0.19615958890162133,0.0,0.0,0.0,0.8034241028158847,2.856371220990842e-08,0.1965758686204035,0.8034241028158847,2.856371220990842e-08,0.1965758686204035
2014-09-01,,,2014-09-01,False,0.8034241028158847,2.856371220990842e-08,0.1965758686204035,0.0,0.0,0.0,0.8048712411249945,2.8355905911940323e-08,0.1951287305190999,0.8048712411249945,2.8355905911940323e-08,0.1951287305190999
2014-09-02,,,2014-09-02,False,0.8048712411249945,2.8355905911940323e-08,0.1951287305190999,0.0,0.0,0.0,0.8059466475999315,2.8037579333455488e-08,0.19405332436248943,0.8059466475999315,2.8037579333455488e-08,0.19405332436248943
2014-09-03,,,2014-09-03,False,0.8059466475999315,2.8037579333455488e-08,0.19405332436248943,0.0,0.0,0.0,0.8065551910293631,2.78408599854616e-08,0.19344478112977725,0.8065551910293631,2.78408599854616e-08,0.19344478112977725
2014-09-04,,,2014-09-04,False,0.8065551910293631,2.78408599854616e-08,0.19344478112977725,0.0,0.0,0.0,0.8061974062677496,2.77765004547577e-08,0.19380256595575018,0.8061974062677496,2.77765004547577e-08,0.19380256595575018
2014-09-05,2014-09-05,2014-09-05,2014-09-05,True,0.8061974062677496,2.77765004547577e-08,0.19380256595575018,0.39999999982708573,0.0,0.6000000002238044,0.39999999982708573,0.0,0.6000000002238044,0.8060216249255883,2.7720008727965048e-08,0.1939783473544031
2014-09-08,,,2014-09-08,False,0.39999999982708573,0.0,0.6000000002238044,0.0,0.0,0.0,0.40257237140482605,0.0,0.5974276286458459,0.40257237140482605,0.0,0.5974276286458459
2014-09-09,,,2014-09-09,False,0.40257237140482605,0.0,0.5974276286458459,0.0,0.0,0.0,0.40195531304378423,0.0,0.59804468700694,0.40195531304378423,0.0,0.59804468700694
2014-09-10,,,2014-09-10,False,0.40195531304378423,0.0,0.59804468700694,0.0,0.0,0.0,0.4002150868172578,0.0,0.599784913233614,0.4002150868172578,0.0,0.599784913233614
2014-09-11,,,2014-09-11,False,0.4002150868172578,0.0,0.599784913233614,0.0,0.0,0.0,0.3999636085646891,0.0,0.6000363914862036,0.3999636085646891,0.0,0.6000363914862036
2014-09-12,,,2014-09-12,False,0.3999636085646891,0.0,0.6000363914862036,0.0,0.0,0.0,0.4005507141298564,0.0,0.5994492859209865,0.4005507141298564,0.0,0.5994492859209865
2014-09-15,,,2014-09-15,False,0.4005507141298564,0.0,0.5994492859209865,0.0,0.0,0.0,0.3986659877538596,0.0,0.6013340122971434,0.3986659877538596,0.0,0.6013340122971434
2014-09-16,,,2014-09-16,False,0.3986659877538596,0.0,0.6013340122971434,0.0,0.0,0.0,0.39539378282706106,0.0,0.604606217224219,0.39539378282706106,0.0,0.604606217224219
2014-09-17,,,2014-09-17,False,0.39539378282706106,0.0,0.604606217224219,0.0,0.0,0.0,0.396677071061733,0.0,0.6033229289894387,0.396677071061733,0.0,0.6033229289894387
2014-09-18,,,2014-09-18,False,0.396677071061733,0.0,0.6033229289894387,0.0,0.0,0.0,0.4008268667379796,0.0,0.5991731333128401,0.4008268667379796,0.0,0.5991731333128401
2014-09-19,,,2014-09-19,False,0.4008268667379796,0.0,0.5991731333128401,0.0,0.0,0.0,0.4010228358393878,0.0,0.598977164211415,0.4010228358393878,0.0,0.598977164211415
2014-09-22,,,2014-09-22,False,0.4010228358393878,0.0,0.598977164211415,0.0,0.0,0.0,0.4017591640005001,0.0,0.5982408360502408,0.4017591640005001,0.0,0.5982408360502408
2014-09-23,,,2014-09-23,False,0.4017591640005001,0.0,0.5982408360502408,0.0,0.0,0.0,0.39793398589222273,0.0,0.6020660141588422,0.39793398589222273,0.0,0.6020660141588422
2014-09-24,,,2014-09-24,False,0.39793398589222273,0.0,0.6020660141588422,0.0,0.0,0.0,0.3974831898623285,0.0,0.6025168101887751,0.3974831898623285,0.0,0.6025168101887751
2014-09-25,,,2014-09-25,False,0.3974831898623285,0.0,0.6025168101887751,0.0,0.0,0.0,0.39475878179801366,0.0,0.6052412182533206,0.39475878179801366,0.0,0.6052412182533206
2014-09-26,,,2014-09-26,False,0.39475878179801366,0.0,0.6052412182533206,0.0,0.0,0.0,0.3964752024231937,0.0,0.6035247976279949,0.3964752024231937,0.0,0.6035247976279949
2014-09-29,,,2014-09-29,False,0.3964752024231937,0.0,0.6035247976279949,0.0,0.0,0.0,0.3961762774844216,0.0,0.6038237225667924,0.3961762774844216,0.0,0.6038237225667924
2014-09-30,,,2014-09-30,False,0.3961762774844216,0.0,0.6038237225667924,0.0,0.0,0.0,0.3952475257149915,0.0,0.6047524743360646,0.3952475257149915,0.0,0.6047524743360646
2014-10-01,,,2014-10-01,False,0.3952475257149915,0.0,0.6047524743360646,0.0,0.0,0.0,0.3946692729087327,0.0,0.6053307271423722,0.3946692729087327,0.0,0.6053307271423722
2014-10-07,,,2014-10-07,False,0.3946692729087327,0.0,0.6053307271423722,0.0,0.0,0.0,0.391857674588213,0.0,0.6081423254631297,0.391857674588213,0.0,0.6081423254631297
2014-10-08,,,2014-10-08,False,0.391857674588213,0.0,0.6081423254631297,0.0,0.0,0.0,0.3915631645759168,0.0,0.6084368354754508,0.3915631645759168,0.0,0.6084368354754508
2014-10-09,2014-10-09,2014-10-09,2014-10-09,True,0.3915631645759168,0.0,0.6084368354754508,0.06950157420651254,0.2500148411879188,0.6804835846055687,0.06950157420651254,0.2500148411879188,0.6804835846055687,0.3951199545612273,0.0,0.6048800454898394
2014-10-10,,,2014-10-10,False,0.06950157420651254,0.2500148411879188,0.6804835846055687,0.0,0.0,0.0,0.06871224203756313,0.24992184845571042,0.6813659095067265,0.06871224203756313,0.24992184845571042,0.6813659095067265
2014-10-13,,,2014-10-13,False,0.06871224203756313,0.24992184845571042,0.6813659095067265,0.0,0.0,0.0,0.06885684235259107,0.2504541836543299,0.6806889739930791,0.06885684235259107,0.2504541836543299,0.6806889739930791
2014-10-14,,,2014-10-14,False,0.06885684235259107,0.2504541836543299,0.6806889739930791,0.0,0.0,0.0,0.06866213913462987,0.25082580357261686,0.6805120572927534,0.06866213913462987,0.25082580357261686,0.6805120572927534
2014-10-15,,,2014-10-15,False,0.06866213913462987,0.25082580357261686,0.6805120572927534,0.0,0.0,0.0,0.06866170062452681,0.2508242016759914,0.6805140976994819,0.06866170062452681,0.2508242016759914,0.6805140976994819
2014-10-16,,,2014-10-16,False,0.06866170062452681,0.2508242016759914,0.6805140976994819,0.0,0.0,0.0,0.06743996137056185,0.25417153542054954,0.6783885032088888,0.06743996137056185,0.25417153542054954,0.6783885032088888
2014-10-17,,,2014-10-17,False,0.06743996137056185,0.25417153542054954,0.6783885032088888,0.0,0.0,0.0,0.06787861099893025,0.252085105070531,0.6800362839305389,0.06787861099893025,0.252085105070531,0.6800362839305389
2014-10-20,,,2014-10-20,False,0.06787861099893025,0.252085105070531,0.6800362839305389,0.0,0.0,0.0,0.06871965255611157,0.25152303556088274,0.6797573118830059,0.06871965255611157,0.25152303556088274,0.6797573118830059
2014-10-21,,,2014-10-21,False,0.06871965255611157,0.25152303556088274,0.6797573118830059,0.0,0.0,0.0,0.06874592247723352,0.2553842277834218,0.6758698497393448,0.06874592247723352,0.2553842277834218,0.6758698497393448
2014-10-22,,,2014-10-22,False,0.06874592247723352,0.2553842277834218,0.6758698497393448,0.0,0.0,0.0,0.06953916929611001,0.2526192203427839,0.6778416103611062,0.06953916929611001,0.2526192203427839,0.6778416103611062
2014-10-27,,,2014-10-27,False,0.06953916929611001,0.2526192203427839,0.6778416103611062,0.0,0.0,0.0,0.06974931823402654,0.2500033307087266,0.6802473510572471,0.06974931823402654,0.2500033307087266,0.6802473510572471
2014-10-28,,,2014-10-28,False,0.06974931823402654,0.2500033307087266,0.6802473510572471,0.0,0.0,0.0,0.07004456259847348,0.24988362661105387,0.680071810790473,0.07004456259847348,0.24988362661105387,0.680071810790473
2014-10-29,,,2014-10-29,False,0.07004456259847348,0.24988362661105387,0.680071810790473,0.0,0.0,0.0,0.0705810386232462,0.24945522456495775,0.6799637368117963,0.0705810386232462,0.24945522456495775,0.6799637368117963
2014-10-30,,,2014-10-30,False,0.0705810386232462,0.24945522456495775,0.6799637368117963,0.0,0.0,0.0,0.07138096539879686,0.24758478439245435,0.681034250208749,0.07138096539879686,0.24758478439245435,0.681034250208749
2014-10-31,,,2014-10-31,False,0.07138096539879686,0.24758478439245435,0.681034250208749,0.0,0.0,0.0,0.07266433321380439,0.24366773960090662,0.6836679271852891,0.07266433321380439,0.24366773960090662,0.6836679271852891
2014-11-03,,,2014-11-03,False,0.07266433321380439,0.24366773960090662,0.6836679271852891,0.0,0.0,0.0,0.0726618862142227,0.24385337480823735,0.6834847389775401,0.0726618862142227,0.24385337480823735,0.6834847389775401
2014-11-05,,,2014-11-05,False,0.0726618862142227,0.24385337480823735,0.6834847389775401,0.0,0.0,0.0,0.07294588558142417,0.2420623226769873,0.6849917917415888,0.07294588558142417,0.2420623226769873,0.6849917917415888
2014-11-07,,,2014-11-07,False,0.07294588558142417,0.2420623226769873,0.6849917917415888,0.0,0.0,0.0,0.07305455099425855,0.24083346840726497,0.6861119805984767,0.07305455099425855,0.24083346840726497,0.6861119805984767
2014-11-10,,,2014-11-10,False,0.07305455099425855,0.24083346840726497,0.6861119805984767,0.0,0.0,0.0,0.07295246790573558,0.24248959646967713,0.6845579356245876,0.07295246790573558,0.24248959646967713,0.6845579356245876
2014-11-11,,,2014-11-11,False,0.07295246790573558,0.24248959646967713,0.6845579356245876,0.0,0.0,0.0,0.07332193965337921,0.24016700918465714,0.6865110511619639,0.07332193965337921,0.24016700918465714,0.6865110511619639
2014-11-12,,,2014-11-12,False,0.07332193965337921,0.24016700918465714,0.6865110511619639,0.0,0.0,0.0,0.0734079198736642,0.24096896873814352,0.6856231113881925,0.0734079198736642,0.24096896873814352,0.6856231113881925
2014-11-13,2014-11-13,2014-11-13,2014-11-13,True,0.0734079198736642,0.24096896873814352,0.6856231113881925,0.061564789203716275,0.2500316575864928,0.688403553209791,0.061564789203716275,0.2500316575864928,0.688403553209791,0.0731931148221885,0.2411012007574481,0.6857056844203637
2014-11-14,,,2014-11-14,False,0.061564789203716275,0.2500316575864928,0.688403553209791,0.0,0.0,0.0,0.06181113776100119,0.24967103154007772,0.6885178306989211,0.06181113776100119,0.24967103154007772,0.6885178306989211
2014-11-17,,,2014-11-17,False,0.06181113776100119,0.24967103154007772,0.6885178306989211,0.0,0.0,0.0,0.06183590916030513,0.25271492215939073,0.6854491686803043,0.06183590916030513,0.25271492215939073,0.6854491686803043
2014-11-18,,,2014-11-18,False,0.06183590916030513,0.25271492215939073,0.6854491686803043,0.0,0.0,0.0,0.06173609584052799,0.25352728292974236,0.6847366212297297,0.06173609584052799,0.25352728292974236,0.6847366212297297
2014-11-19,,,2014-11-19,False,0.06173609584052799,0.25352728292974236,0.6847366212297297,0.0,0.0,0.0,0.06138224728678447,0.2542573814090705,0.6843603713041451,0.06138224728678447,0.2542573814090705,0.6843603713041451
2014-11-20,,,2014-11-20,False,0.06138224728678447,0.2542573814090705,0.6843603713041451,0.0,0.0,0.0,0.061589951646084835,0.25334304583571776,0.6850670025181974,0.061589951646084835,0.25334304583571776,0.6850670025181974
2014-11-21,,,2014-11-21,False,0.061589951646084835,0.25334304583571776,0.6850670025181974,0.0,0.0,0.0,0.062150839400508515,0.2526889041871353,0.6851602564123561,0.062150839400508515,0.2526889041871353,0.6851602564123561
2014-11-24,,,2014-11-24,False,0.062150839400508515,0.2526889041871353,0.6851602564123561,0.0,0.0,0.0,0.06248809984986939,0.25289772137247696,0.6846141787776535,0.06248809984986939,0.25289772137247696,0.6846141787776535
2014-11-25,,,2014-11-25,False,0.06248809984986939,0.25289772137247696,0.6846141787776535,0.0,0.0,0.0,0.061932143937801894,0.25416893168706806,0.68389892437513,0.061932143937801894,0.25416893168706806,0.68389892437513
2014-11-26,,,2014-11-26,False,0.061932143937801894,0.25416893168706806,0.68389892437513,0.0,0.0,0.0,0.06191793629805502,0.25536768529771203,0.6827143784042329,0.06191793629805502,0.25536768529771203,0.6827143784042329
2014-11-27,,,2014-11-27,False,0.06191793629805502,0.25536768529771203,0.6827143784042329,0.0,0.0,0.0,0.06217977243178249,0.2537008458968865,0.6841193816713309,0.06217977243178249,0.2537008458968865,0.6841193816713309
2014-11-28,,,2014-11-28,False,0.06217977243178249,0.2537008458968865,0.6841193816713309,0.0,0.0,0.0,0.06265144620187969,0.25264499701934984,0.6847035567787703,0.06265144620187969,0.25264499701934984,0.6847035567787703
2014-12-01,,,2014-12-01,False,0.06265144620187969,0.25264499701934984,0.6847035567787703,0.0,0.0,0.0,0.06276218411029015,0.2487239490490941,0.6885138668406156,0.06276218411029015,0.2487239490490941,0.6885138668406156
2014-12-02,,,2014-12-02,False,0.06276218411029015,0.2487239490490941,0.6885138668406156,0.0,0.0,0.0,0.062360903736026055,0.2510301660835402,0.6866089301804336,0.062360903736026055,0.2510301660835402,0.6866089301804336
2014-12-03,,,2014-12-03,False,0.062360903736026055,0.2510301660835402,0.6866089301804336,0.0,0.0,0.0,0.06231241198499766,0.25265322564839787,0.6850343623666043,0.06231241198499766,0.25265322564839787,0.6850343623666043
2014-12-04,,,2014-12-04,False,0.06231241198499766,0.25265322564839787,0.6850343623666043,0.0,0.0,0.0,0.06252617036171719,0.2522364770754493,0.6852373525628334,0.06252617036171719,0.2522364770754493,0.6852373525628334
2014-12-05,,,2014-12-05,False,0.06252617036171719,0.2522364770754493,0.6852373525628334,0.0,0.0,0.0,0.062412107688167566,0.25150970700586206,0.6860781853059702,0.062412107688167566,0.25150970700586206,0.6860781853059702
2014-12-08,,,2014-12-08,False,0.062412107688167566,0.25150970700586206,0.6860781853059702,0.0,0.0,0.0,0.061705442444958986,0.2519420192827367,0.6863525382723041,0.061705442444958986,0.2519420192827367,0.6863525382723041
2014-12-09,,,2014-12-09,False,0.061705442444958986,0.2519420192827367,0.6863525382723041,0.0,0.0,0.0,0.06099039924587867,0.2526762120082948,0.6863333887458263,0.06099039924587867,0.2526762120082948,0.6863333887458263
2014-12-10,,,2014-12-10,False,0.06099039924587867,0.2526762120082948,0.6863333887458263,0.0,0.0,0.0,0.060785880565195814,0.25640609930019365,0.6828080201346104,0.060785880565195814,0.25640609930019365,0.6828080201346104
2014-12-11,,,2014-12-11,False,0.060785880565195814,0.25640609930019365,0.6828080201346104,0.0,0.0,0.0,0.06047268260856041,0.2550974593643045,0.684429858027135,0.06047268260856041,0.2550974593643045,0.684429858027135
2014-12-12,2014-12-12,2014-12-12,2014-12-12,True,0.06047268260856041,0.2550974593643045,0.684429858027135,0.39999999976448875,0.0,0.6000000003270348,0.39999999976448875,0.0,0.6000000003270348,0.05988556559371342,0.2566593867080594,0.6834550476982271
2014-12-15,,,2014-12-15,False,0.39999999976448875,0.0,0.6000000003270348,0.0,0.0,0.0,0.39986864964942403,0.0,0.6001313504421196,0.39986864964942403,0.0,0.6001313504421196
2014-12-16,,,2014-12-16,False,0.39986864964942403,0.0,0.6001313504421196,0.0,0.0,0.0,0.39539791881076664,0.0,0.604602081281459,0.39539791881076664,0.0,0.604602081281459
2014-12-17,,,2014-12-17,False,0.39539791881076664,0.0,0.604602081281459,0.0,0.0,0.0,0.3942734346767635,0.0,0.6057265654156329,0.3942734346767635,0.0,0.6057265654156329
2014-12-18,,,2014-12-18,False,0.3942734346767635,0.0,0.6057265654156329,0.0,0.0,0.0,0.39810068103754476,0.0,0.6018993190542677,0.39810068103754476,0.0,0.6018993190542677
2014-12-19,,,2014-12-19,False,0.39810068103754476,0.0,0.6018993190542677,0.0,0.0,0.0,0.4000297941918001,0.0,0.5999702058997181,0.4000297941918001,0.0,0.5999702058997181
2014-12-22,,,2014-12-22,False,0.4000297941918001,0.0,0.5999702058997181,0.0,0.0,0.0,0.40290124859682325,0.0,0.5970987514942577,0.40290124859682325,0.0,0.5970987514942577
2014-12-23,,,2014-12-23,False,0.40290124859682325,0.0,0.5970987514942577,0.0,0.0,0.0,0.4012470106301568,0.0,0.5987529894611756,0.4012470106301568,0.0,0.5987529894611756
2014-12-24,,,2014-12-24,False,0.4012470106301568,0.0,0.5987529894611756,0.0,0.0,0.0,0.39853733072147296,0.0,0.6014626693702737,0.39853733072147296,0.0,0.6014626693702737
2014-12-26,,,2014-12-26,False,0.39853733072147296,0.0,0.6014626693702737,0.0,0.0,0.0,0.3993140473806331,0.0,0.6006859527109942,0.3993140473806331,0.0,0.6006859527109942
2014-12-29,,,2014-12-29,False,0.3993140473806331,0.0,0.6006859527109942,0.0,0.0,0.0,0.4006448358440661,0.0,0.5993551642473581,0.4006448358440661,0.0,0.5993551642473581
2014-12-30,,,2014-12-30,False,0.4006448358440661,0.0,0.5993551642473581,0.0,0.0,0.0,0.40070161927656556,0.0,0.5992983808148501,0.40070161927656556,0.0,0.5992983808148501
2014-12-31,,,2014-12-31,False,0.40070161927656556,0.0,0.5992983808148501,0.0,0.0,0.0,0.4005804952396745,0.0,0.5994195048513333,0.4005804952396745,0.0,0.5994195048513333
2015-01-01,,,2015-01-01,False,0.4005804952396745,0.0,0.5994195048513333,0.0,0.0,0.0,0.4005829628193235,0.0,0.5994170372716849,0.4005829628193235,0.0,0.5994170372716849
2015-01-02,,,2015-01-02,False,0.4005829628193235,0.0,0.5994170372716849,0.0,0.0,0.0,0.40383139448854366,0.0,0.5961686056019706,0.40383139448854366,0.0,0.5961686056019706
2015-01-05,,,2015-01-05,False,0.40383139448854366,0.0,0.5961686056019706,0.0,0.0,0.0,0.40334453867461395,0.0,0.5966554614159753,0.40334453867461395,0.0,0.5966554614159753
2015-01-06,,,2015-01-06,False,0.40334453867461395,0.0,0.5966554614159753,0.0,0.0,0.0,0.39604279761476835,0.0,0.6039572024769286,0.39604279761476835,0.0,0.6039572024769286
2015-01-07,,,2015-01-07,False,0.39604279761476835,0.0,0.6039572024769286,0.0,0.0,0.0,0.395301215640307,0.0,0.6046987844515034,0.395301215640307,0.0,0.6046987844515034
2015-01-08,,,2015-01-08,False,0.395301215640307,0.0,0.6046987844515034,0.0,0.0,0.0,0.3991828061445924,0.0,0.6008171939466278,0.3991828061445924,0.0,0.6008171939466278
2015-01-09,,,2015-01-09,False,0.3991828061445924,0.0,0.6008171939466278,0.0,0.0,0.0,0.40063266709785644,0.0,0.5993673329931437,0.40063266709785644,0.0,0.5993673329931437
2015-01-12,,,2015-01-12,False,0.40063266709785644,0.0,0.5993673329931437,0.0,0.0,0.0,0.4017489852847457,0.0,0.5982510148060859,0.4017489852847457,0.0,0.5982510148060859
2015-01-13,2015-01-13,2015-01-13,2015-01-13,True,0.4017489852847457,0.0,0.5982510148060859,0.06396904192070957,0.2500252905694247,0.6860056675098659,0.06396904192070957,0.2500252905694247,0.6860056675098659,0.4010642437591434,0.0,0.5989357563317913
2015-01-14,,,2015-01-14,False,0.06396904192070957,0.2500252905694247,0.6860056675098659,0.0,0.0,0.0,0.06390163672835779,0.24901364273774312,0.6870847205338994,0.06390163672835779,0.24901364273774312,0.6870847205338994
2015-01-15,,,2015-01-15,False,0.06390163672835779,0.24901364273774312,0.6870847205338994,0.0,0.0,0.0,0.06551049078099802,0.24806778740182278,0.6864217218171794,0.06551049078099802,0.24806778740182278,0.6864217218171794
2015-01-16,,,2015-01-16,False,0.06551049078099802,0.24806778740182278,0.6864217218171794,0.0,0.0,0.0,0.06530202701687687,0.2520327128989911,0.6826652600841322,0.06530202701687687,0.2520327128989911,0.6826652600841322
2015-01-19,,,2015-01-19,False,0.06530202701687687,0.2520327128989911,0.6826652600841322,0.0,0.0,0.0,0.06542179156440457,0.25361936418251346,0.6809588442530823,0.06542179156440457,0.25361936418251346,0.6809588442530823
2015-01-20,,,2015-01-20,False,0.06542179156440457,0.25361936418251346,0.6809588442530823,0.0,0.0,0.0,0.06628339598780665,0.25527918840090663,0.678437415611287,0.06628339598780665,0.25527918840090663,0.678437415611287
2015-01-21,,,2015-01-21,False,0.06628339598780665,0.25527918840090663,0.678437415611287,0.0,0.0,0.0,0.06644642160971317,0.25608867281456626,0.6774649055757208,0.06644642160971317,0.25608867281456626,0.6774649055757208
2015-01-22,,,2015-01-22,False,0.06644642160971317,0.25608867281456626,0.6774649055757208,0.0,0.0,0.0,0.06681669563232895,0.25443059270239343,0.6787527116652778,0.06681669563232895,0.25443059270239343,0.6787527116652778
2015-01-23,,,2015-01-23,False,0.06681669563232895,0.25443059270239343,0.6787527116652778,0.0,0.0,0.0,0.06730171043719235,0.2547529981189905,0.6779452914438174,0.06730171043719235,0.2547529981189905,0.6779452914438174
2015-01-27,,,2015-01-27,False,0.06730171043719235,0.2547529981189905,0.6779452914438174,0.0,0.0,0.0,0.06796984199267016,0.25310991163010704,0.6789202463772231,0.06796984199267016,0.25310991163010704,0.6789202463772231
2015-01-28,,,2015-01-28,False,0.06796984199267016,0.25310991163010704,0.6789202463772231,0.0,0.0,0.0,0.06791752763067417,0.2539739441181187,0.6781085282512076,0.06791752763067417,0.2539739441181187,0.6781085282512076
2015-01-29,,,2015-01-29,False,0.06791752763067417,0.2539739441181187,0.6781085282512076,0.0,0.0,0.0,0.06830039780369829,0.25266677007755045,0.6790328321187518,0.06830039780369829,0.25266677007755045,0.6790328321187518
2015-01-30,,,2015-01-30,False,0.06830039780369829,0.25266677007755045,0.6790328321187518,0.0,0.0,0.0,0.06690037268510994,0.2541491987915496,0.6789504285233409,0.06690037268510994,0.2541491987915496,0.6789504285233409
2015-02-02,,,2015-02-02,False,0.06690037268510994,0.2541491987915496,0.6789504285233409,0.0,0.0,0.0,0.06687852480837563,0.25350553665660197,0.6796159385350229,0.06687852480837563,0.25350553665660197,0.6796159385350229
2015-02-03,,,2015-02-03,False,0.06687852480837563,0.25350553665660197,0.6796159385350229,0.0,0.0,0.0,0.06660672979196997,0.2533816750691976,0.6800115951388329,0.06660672979196997,0.2533816750691976,0.6800115951388329
2015-02-04,,,2015-02-04,False,0.06660672979196997,0.2533816750691976,0.6800115951388329,0.0,0.0,0.0,0.06654953487070692,0.2514643680038546,0.681986097125439,0.06654953487070692,0.2514643680038546,0.681986097125439
2015-02-05,,,2015-02-05,False,0.06654953487070692,0.2514643680038546,0.681986097125439,0.0,0.0,0.0,0.06640214566285123,0.25217787366395117,0.6814199806731981,0.06640214566285123,0.25217787366395117,0.6814199806731981
2015-02-06,,,2015-02-06,False,0.06640214566285123,0.25217787366395117,0.6814199806731981,0.0,0.0,0.0,0.06603909612839752,0.25231031656576286,0.6816505873058402,0.06603909612839752,0.25231031656576286,0.6816505873058402
2015-02-09,,,2015-02-09,False,0.06603909612839752,0.25231031656576286,0.6816505873058402,0.0,0.0,0.0,0.06535820191908798,0.24936159106950803,0.6852802070114046,0.06535820191908798,0.24936159106950803,0.6852802070114046
2015-02-10,,,2015-02-10,False,0.06535820191908798,0.24936159106950803,0.6852802070114046,0.0,0.0,0.0,0.06563635432168932,0.24931654142914014,0.685047104249171,0.06563635432168932,0.24931654142914014,0.685047104249171
2015-02-11,,,2015-02-11,False,0.06563635432168932,0.24931654142914014,0.685047104249171,0.0,0.0,0.0,0.06607143513063189,0.24928423592458934,0.6846443289447792,0.06607143513063189,0.24928423592458934,0.6846443289447792
2015-02-12,2015-02-12,2015-02-12,2015-02-12,True,0.06607143513063189,0.24928423592458934,0.6846443289447792,0.7999999930291515,1.2240255197557082e-09,0.2000000057467757,0.7999999930291515,1.2240255197557082e-09,0.2000000057467757,0.06680826841534994,0.2475992909191349,0.6855924406655156
2015-02-13,,,2015-02-13,False,0.7999999930291515,1.2240255197557082e-09,0.2000000057467757,0.0,0.0,0.0,0.8017091356599171,1.219015941803543e-09,0.19829086312102007,0.8017091356599171,1.219015941803543e-09,0.19829086312102007
2015-02-16,,,2015-02-16,False,0.8017091356599171,1.219015941803543e-09,0.19829086312102007,0.0,0.0,0.0,0.8017786108868352,1.2217337467610705e-09,0.19822138789138427,0.8017786108868352,1.2217337467610705e-09,0.19822138789138427
2015-02-18,,,2015-02-18,False,0.8017786108868352,1.2217337467610705e-09,0.19822138789138427,0.0,0.0,0.0,0.8028507316426792,1.2028807212067858e-09,0.19714926715439343,0.8028507316426792,1.2028807212067858e-09,0.19714926715439343
2015-02-19,,,2015-02-19,False,0.8028507316426792,1.2028807212067858e-09,0.19714926715439343,0.0,0.0,0.0,0.8033172042861534,1.1963818333408884e-09,0.19668279451741819,0.8033172042861534,1.1963818333408884e-09,0.19668279451741819
2015-02-20,,,2015-02-20,False,0.8033172042861534,1.1963818333408884e-09,0.19668279451741819,0.0,0.0,0.0,0.8022151422142522,1.2025503010224451e-09,0.1977848565831506,0.8022151422142522,1.2025503010224451e-09,0.1977848565831506
2015-02-23,,,2015-02-23,False,0.8022151422142522,1.2025503010224451e-09,0.1977848565831506,0.0,0.0,0.0,0.8007923065529791,1.205002497057752e-09,0.19920769224197118,0.8007923065529791,1.205002497057752e-09,0.19920769224197118
2015-02-24,,,2015-02-24,False,0.8007923065529791,1.205002497057752e-09,0.19920769224197118,0.0,0.0,0.0,0.8009241222231345,1.1930033683950196e-09,0.1990758765838148,0.8009241222231345,1.1930033683950196e-09,0.1990758765838148
2015-02-25,,,2015-02-25,False,0.8009241222231345,1.1930033683950196e-09,0.1990758765838148,0.0,0.0,0.0,0.8010178002147497,1.1960150979923051e-09,0.19898219858918803,0.8010178002147497,1.1960150979923051e-09,0.19898219858918803
2015-02-26,,,2015-02-26,False,0.8010178002147497,1.1960150979923051e-09,0.19898219858918803,0.0,0.0,0.0,0.7994883020101594,1.2039137270384325e-09,0.20051169678587932,0.7994883020101594,1.2039137270384325e-09,0.20051169678587932
2015-02-27,,,2015-02-27,False,0.7994883020101594,1.2039137270384325e-09,0.20051169678587932,0.0,0.0,0.0,0.8017803204940602,1.1833330458151605e-09,0.19821967832255988,0.8017803204940602,1.1833330458151605e-09,0.19821967832255988
2015-03-02,,,2015-03-02,False,0.8017803204940602,1.1833330458151605e-09,0.19821967832255988,0.0,0.0,0.0,0.8037768764771183,1.1837815263243808e-09,0.1962231223390538,0.8037768764771183,1.1837815263243808e-09,0.1962231223390538
2015-03-03,,,2015-03-03,False,0.8037768764771183,1.1837815263243808e-09,0.1962231223390538,0.0,0.0,0.0,0.8044699760149024,1.1708094181408796e-09,0.19553002281424206,0.8044699760149024,1.1708094181408796e-09,0.19553002281424206
2015-03-04,,,2015-03-04,False,0.8044699760149024,1.1708094181408796e-09,0.19553002281424206,0.0,0.0,0.0,0.8031729616531089,1.1779368365022307e-09,0.19682703716890781,0.8031729616531089,1.1779368365022307e-09,0.19682703716890781
2015-03-05,,,2015-03-05,False,0.8031729616531089,1.1779368365022307e-09,0.19682703716890781,0.0,0.0,0.0,0.8034417336204567,1.1834195719880725e-09,0.1965582651960774,0.8034417336204567,1.1834195719880725e-09,0.1965582651960774
2015-03-09,,,2015-03-09,False,0.8034417336204567,1.1834195719880725e-09,0.1965582651960774,0.0,0.0,0.0,0.8001890783498766,1.1920003050092752e-09,0.19981092045807583,0.8001890783498766,1.1920003050092752e-09,0.19981092045807583
2015-03-10,,,2015-03-10,False,0.8001890783498766,1.1920003050092752e-09,0.19981092045807583,0.0,0.0,0.0,0.7993695652519628,1.1866894212916502e-09,0.20063043356130028,0.7993695652519628,1.1866894212916502e-09,0.20063043356130028
2015-03-11,,,2015-03-11,False,0.7993695652519628,1.1866894212916502e-09,0.20063043356130028,0.0,0.0,0.0,0.7991482147929706,1.1822285451055054e-09,0.20085178402475332,0.7991482147929706,1.1822285451055054e-09,0.20085178402475332
2015-03-12,,,2015-03-12,False,0.7991482147929706,1.1822285451055054e-09,0.20085178402475332,0.0,0.0,0.0,0.8005399403746238,1.1713125594969762e-09,0.19946005845401646,0.8005399403746238,1.1713125594969762e-09,0.19946005845401646
2015-03-13,,,2015-03-13,False,0.8005399403746238,1.1713125594969762e-09,0.19946005845401646,0.0,0.0,0.0,0.7981788619417678,1.1826312434488735e-09,0.20182113687555323,0.7981788619417678,1.1826312434488735e-09,0.20182113687555323
2015-03-16,,,2015-03-16,False,0.7981788619417678,1.1826312434488735e-09,0.20182113687555323,0.0,0.0,0.0,0.7979081782106447,1.1847246159229005e-09,0.2020918206045828,0.7979081782106447,1.1847246159229005e-09,0.2020918206045828
2015-03-17,2015-03-17,2015-03-17,2015-03-17,True,0.7979081782106447,1.1847246159229005e-09,0.2020918206045828,0.051923883458982294,0.2500006232223396,0.6980754933186781,0.051923883458982294,0.2500006232223396,0.6980754933186781,0.7995780830800149,1.1691652669430118e-09,0.20042191575077237
2015-03-18,,,2015-03-18,False,0.051923883458982294,0.2500006232223396,0.6980754933186781,0.0,0.0,0.0,0.051748380222467805,0.24954004147300154,0.6987115783045307,0.051748380222467805,0.24954004147300154,0.6987115783045307
2015-03-19,,,2015-03-19,False,0.051748380222467805,0.24954004147300154,0.6987115783045307,0.0,0.0,0.0,0.051436221057591464,0.24993777652090557,0.6986260024215029,0.051436221057591464,0.24993777652090557,0.6986260024215029
2015-03-20,,,2015-03-20,False,0.051436221057591464,0.24993777652090557,0.6986260024215029,0.0,0.0,0.0,0.05106136860450363,0.2502455336871308,0.6986930977083655,0.05106136860450363,0.2502455336871308,0.6986930977083655
2015-03-23,,,2015-03-23,False,0.05106136860450363,0.2502455336871308,0.6986930977083655,0.0,0.0,0.0,0.050901037224928065,0.25097779111432567,0.698121171660746,0.050901037224928065,0.25097779111432567,0.698121171660746
2015-03-24,,,2015-03-24,False,0.050901037224928065,0.25097779111432567,0.698121171660746,0.0,0.0,0.0,0.05077790498258111,0.2521345008202943,0.6970875941971243,0.05077790498258111,0.2521345008202943,0.6970875941971243
2015-03-25,,,2015-03-25,False,0.05077790498258111,0.2521345008202943,0.6970875941971243,0.0,0.0,0.0,0.05072131452962117,0.25197622140275816,0.6973024640676203,0.05072131452962117,0.25197622140275816,0.6973024640676203
2015-03-26,,,2015-03-26,False,0.05072131452962117,0.25197622140275816,0.6973024640676203,0.0,0.0,0.0,0.04938296986291852,0.2563681086677684,0.6942489214693127,0.04938296986291852,0.2563681086677684,0.6942489214693127
2015-03-27,,,2015-03-27,False,0.04938296986291852,0.2563681086677684,0.6942489214693127,0.0,0.0,0.0,0.049562390648853094,0.2535965566404587,0.6968410527106879,0.049562390648853094,0.2535965566404587,0.6968410527106879
2015-03-30,,,2015-03-30,False,0.049562390648853094,0.2535965566404587,0.6968410527106879,0.0,0.0,0.0,0.050458178881447276,0.25271203875067455,0.6968297823678778,0.050458178881447276,0.25271203875067455,0.6968297823678778
2015-03-31,,,2015-03-31,False,0.050458178881447276,0.25271203875067455,0.6968297823678778,0.0,0.0,0.0,0.05036154016687344,0.25099542905592453,0.6986430307772016,0.05036154016687344,0.25099542905592453,0.6986430307772016
2015-04-01,,,2015-04-01,False,0.05036154016687344,0.25099542905592453,0.6986430307772016,0.0,0.0,0.0,0.05082024997224276,0.25200143384834156,0.6971783161794153,0.05082024997224276,0.25200143384834156,0.6971783161794153
2015-04-06,,,2015-04-06,False,0.05082024997224276,0.25200143384834156,0.6971783161794153,0.0,0.0,0.0,0.050966978112724444,0.2557809812080235,0.6932520406792516,0.050966978112724444,0.2557809812080235,0.6932520406792516
2015-04-07,,,2015-04-07,False,0.050966978112724444,0.2557809812080235,0.6932520406792516,0.0,0.0,0.0,0.0510214914954284,0.25502427932834515,0.693954229176226,0.0510214914954284,0.25502427932834515,0.693954229176226
2015-04-08,,,2015-04-08,False,0.0510214914954284,0.25502427932834515,0.693954229176226,0.0,0.0,0.0,0.051313999179154086,0.25508620535379867,0.6935997954670469,0.051313999179154086,0.25508620535379867,0.6935997954670469
2015-04-09,,,2015-04-09,False,0.051313999179154086,0.25508620535379867,0.6935997954670469,0.0,0.0,0.0,0.051859560134987846,0.2522689827157738,0.6958714571492379,0.051859560134987846,0.2522689827157738,0.6958714571492379
2015-04-10,,,2015-04-10,False,0.051859560134987846,0.2522689827157738,0.6958714571492379,0.0,0.0,0.0,0.05180075557272129,0.25327181418782985,0.6949274302394485,0.05180075557272129,0.25327181418782985,0.6949274302394485
2015-04-13,,,2015-04-13,False,0.05180075557272129,0.25327181418782985,0.6949274302394485,0.0,0.0,0.0,0.0520881562290886,0.25337995045220524,0.6945318933187058,0.0520881562290886,0.25337995045220524,0.6945318933187058
2015-04-15,,,2015-04-15,False,0.0520881562290886,0.25337995045220524,0.6945318933187058,0.0,0.0,0.0,0.05218178203853254,0.25203793891740356,0.6957802790440635,0.05218178203853254,0.25203793891740356,0.6957802790440635
2015-04-16,,,2015-04-16,False,0.05218178203853254,0.25203793891740356,0.6957802790440635,0.0,0.0,0.0,0.051352758091432124,0.2539023659131097,0.6947448759954576,0.051352758091432124,0.2539023659131097,0.6947448759954576
2015-04-17,,,2015-04-17,False,0.051352758091432124,0.2539023659131097,0.6947448759954576,0.0,0.0,0.0,0.05077217839200026,0.25430742451153043,0.6949203970964688,0.05077217839200026,0.25430742451153043,0.6949203970964688
2015-04-20,2015-04-20,2015-04-20,2015-04-20,True,0.05077217839200026,0.25430742451153043,0.6949203970964688,0.05365026844529676,0.25000053720871057,0.6963491943459927,0.05365026844529676,0.25000053720871057,0.6963491943459927,0.04979570034289126,0.2559029848967757,0.6943013147603326
2015-04-21,,,2015-04-21,False,0.05365026844529676,0.25000053720871057,0.6963491943459927,0.0,0.0,0.0,0.05309521070242519,0.2519803409672266,0.6949244483303483,0.05309521070242519,0.2519803409672266,0.6949244483303483
2015-04-22,,,2015-04-22,False,0.05309521070242519,0.2519803409672266,0.6949244483303483,0.0,0.0,0.0,0.053545781271736606,0.24995157474669513,0.6965026439815684,0.053545781271736606,0.24995157474669513,0.6965026439815684
2015-04-23,,,2015-04-23,False,0.053545781271736606,0.24995157474669513,0.6965026439815684,0.0,0.0,0.0,0.05344320081041431,0.2487819833618673,0.6977748158277184,0.05344320081041431,0.2487819833618673,0.6977748158277184
2015-04-24,,,2015-04-24,False,0.05344320081041431,0.2487819833618673,0.6977748158277184,0.0,0.0,0.0,0.05279930257695478,0.2501093692885779,0.6970913281344673,0.05279930257695478,0.2501093692885779,0.6970913281344673
2015-04-27,,,2015-04-27,False,0.05279930257695478,0.2501093692885779,0.6970913281344673,0.0,0.0,0.0,0.052324546710842836,0.2491680716118591,0.698507381677298,0.052324546710842836,0.2491680716118591,0.698507381677298
2015-04-28,,,2015-04-28,False,0.052324546710842836,0.2491680716118591,0.698507381677298,0.0,0.0,0.0,0.05266072650471762,0.25043593916351653,0.6969033343317658,0.05266072650471762,0.25043593916351653,0.6969033343317658
2015-04-29,,,2015-04-29,False,0.05266072650471762,0.25043593916351653,0.6969033343317658,0.0,0.0,0.0,0.05217722472471045,0.2505403204503802,0.6972824548249092,0.05217722472471045,0.2505403204503802,0.6972824548249092
2015-04-30,,,2015-04-30,False,0.05217722472471045,0.2505403204503802,0.6972824548249092,0.0,0.0,0.0,0.051771712349083364,0.2514460942026728,0.6967821934482438,0.051771712349083364,0.2514460942026728,0.6967821934482438
2015-05-04,,,2015-05-04,False,0.051771712349083364,0.2514460942026728,0.6967821934482438,0.0,0.0,0.0,0.0528415458870979,0.24881245992869955,0.6983459941842024,0.0528415458870979,0.24881245992869955,0.6983459941842024
2015-05-05,,,2015-05-05,False,0.0528415458870979,0.24881245992869955,0.6983459941842024,0.0,0.0,0.0,0.05282377901070468,0.24846540503923334,0.6987108159500618,0.05282377901070468,0.24846540503923334,0.6987108159500618
2015-05-06,,,2015-05-06,False,0.05282377901070468,0.24846540503923334,0.6987108159500618,0.0,0.0,0.0,0.051388957597072946,0.24975541575738477,0.698855626645542,0.051388957597072946,0.24975541575738477,0.698855626645542
2015-05-07,,,2015-05-07,False,0.051388957597072946,0.24975541575738477,0.698855626645542,0.0,0.0,0.0,0.0511075871851488,0.25043866568345485,0.6984537471313961,0.0511075871851488,0.25043866568345485,0.6984537471313961
2015-05-08,,,2015-05-08,False,0.0511075871851488,0.25043866568345485,0.6984537471313961,0.0,0.0,0.0,0.05193647907991724,0.2499101074421249,0.6981534134779576,0.05193647907991724,0.2499101074421249,0.6981534134779576
2015-05-11,,,2015-05-11,False,0.05193647907991724,0.2499101074421249,0.6981534134779576,0.0,0.0,0.0,0.05275660772243585,0.2494587999164051,0.6977845923611588,0.05275660772243585,0.2494587999164051,0.6977845923611588
2015-05-12,,,2015-05-12,False,0.05275660772243585,0.2494587999164051,0.6977845923611588,0.0,0.0,0.0,0.05151355647367462,0.2505180876383079,0.6979683558880172,0.05151355647367462,0.2505180876383079,0.6979683558880172
2015-05-13,,,2015-05-13,False,0.05151355647367462,0.2505180876383079,0.6979683558880172,0.0,0.0,0.0,0.05209469216518277,0.2513623142683259,0.696542993566491,0.05209469216518277,0.2513623142683259,0.696542993566491
2015-05-14,,,2015-05-14,False,0.05209469216518277,0.2513623142683259,0.696542993566491,0.0,0.0,0.0,0.05185774128322047,0.2538189893456199,0.6943232693711593,0.05185774128322047,0.2538189893456199,0.6943232693711593
2015-05-15,,,2015-05-15,False,0.05185774128322047,0.2538189893456199,0.6943232693711593,0.0,0.0,0.0,0.05213859950203866,0.25300095424831553,0.6948604462496455,0.05213859950203866,0.25300095424831553,0.6948604462496455
2015-05-18,,,2015-05-18,False,0.05213859950203866,0.25300095424831553,0.6948604462496455,0.0,0.0,0.0,0.052671311431865896,0.25469899813404767,0.6926296904340862,0.052671311431865896,0.25469899813404767,0.6926296904340862
2015-05-19,,,2015-05-19,False,0.052671311431865896,0.25469899813404767,0.6926296904340862,0.0,0.0,0.0,0.0527225730252429,0.25331064421068406,0.6939667827640729,0.0527225730252429,0.25331064421068406,0.6939667827640729
2015-05-20,2015-05-20,2015-05-20,2015-05-20,True,0.0527225730252429,0.25331064421068406,0.6939667827640729,0.05395376591668402,0.2500391791347962,0.6960070549485197,0.05395376591668402,0.2500391791347962,0.6960070549485197,0.053148796351806984,0.2520580344431743,0.6947931692050185
2015-05-21,,,2015-05-21,False,0.05395376591668402,0.2500391791347962,0.6960070549485197,0.0,0.0,0.0,0.053928792791119756,0.2502004277174381,0.6958707794914419,0.053928792791119756,0.2502004277174381,0.6958707794914419
2015-05-22,,,2015-05-22,False,0.053928792791119756,0.2502004277174381,0.6958707794914419,0.0,0.0,0.0,0.05424443654732975,0.24895209539779345,0.6968034680548767,0.05424443654732975,0.24895209539779345,0.6968034680548767
2015-05-25,,,2015-05-25,False,0.05424443654732975,0.24895209539779345,0.6968034680548767,0.0,0.0,0.0,0.05372988888521712,0.2487622896395645,0.6975078214752183,0.05372988888521712,0.2487622896395645,0.6975078214752183
2015-05-26,,,2015-05-26,False,0.05372988888521712,0.2487622896395645,0.6975078214752183,0.0,0.0,0.0,0.053576296929124856,0.2483326358236575,0.6980910672472175,0.053576296929124856,0.2483326358236575,0.6980910672472175
2015-05-27,,,2015-05-27,False,0.053576296929124856,0.2483326358236575,0.6980910672472175,0.0,0.0,0.0,0.05358400433791704,0.24782659335303503,0.6985894023090478,0.05358400433791704,0.24782659335303503,0.6985894023090478
2015-05-28,,,2015-05-28,False,0.05358400433791704,0.24782659335303503,0.6985894023090478,0.0,0.0,0.0,0.05351139549861882,0.24753761890469644,0.6989509855966847,0.05351139549861882,0.24753761890469644,0.6989509855966847
2015-05-29,,,2015-05-29,False,0.05351139549861882,0.24753761890469644,0.6989509855966847,0.0,0.0,0.0,0.054063186354034475,0.24646986956120182,0.6994669440847636,0.054063186354034475,0.24646986956120182,0.6994669440847636
2015-06-01,,,2015-06-01,False,0.054063186354034475,0.24646986956120182,0.6994669440847636,0.0,0.0,0.0,0.05410844989696767,0.24581106548452367,0.7000804846185086,0.05410844989696767,0.24581106548452367,0.7000804846185086
2015-06-02,,,2015-06-02,False,0.05410844989696767,0.24581106548452367,0.7000804846185086,0.0,0.0,0.0,0.05281966515638221,0.24743314046956577,0.6997471943740519,0.05281966515638221,0.24743314046956577,0.6997471943740519
2015-06-03,,,2015-06-03,False,0.05281966515638221,0.24743314046956577,0.6997471943740519,0.0,0.0,0.0,0.052213856989848456,0.247446882828818,0.7003392601813333,0.052213856989848456,0.247446882828818,0.7003392601813333
2015-06-04,,,2015-06-04,False,0.052213856989848456,0.247446882828818,0.7003392601813333,0.0,0.0,0.0,0.0522130892039261,0.24708181082671063,0.700705099969363,0.0522130892039261,0.24708181082671063,0.700705099969363
2015-06-05,,,2015-06-05,False,0.0522130892039261,0.24708181082671063,0.700705099969363,0.0,0.0,0.0,0.05220655417862879,0.24579177004250086,0.7020016757788702,0.05220655417862879,0.24579177004250086,0.7020016757788702
2015-06-08,,,2015-06-08,False,0.05220655417862879,0.24579177004250086,0.7020016757788702,0.0,0.0,0.0,0.05175663778096368,0.24618777557344892,0.7020555866455872,0.05175663778096368,0.24618777557344892,0.7020555866455872
2015-06-09,,,2015-06-09,False,0.05175663778096368,0.24618777557344892,0.7020555866455872,0.0,0.0,0.0,0.051627035923957135,0.2461767505335822,0.7021962135424604,0.051627035923957135,0.2461767505335822,0.7021962135424604
2015-06-10,,,2015-06-10,False,0.051627035923957135,0.2461767505335822,0.7021962135424604,0.0,0.0,0.0,0.052226353894911474,0.24634850960015847,0.7014251365049299,0.052226353894911474,0.24634850960015847,0.7014251365049299
2015-06-11,,,2015-06-11,False,0.052226353894911474,0.24634850960015847,0.7014251365049299,0.0,0.0,0.0,0.051376692891704816,0.24482717580965016,0.7037961312986448,0.051376692891704816,0.24482717580965016,0.7037961312986448
2015-06-12,,,2015-06-12,False,0.051376692891704816,0.24482717580965016,0.7037961312986448,0.0,0.0,0.0,0.05140115804350439,0.24601554843681422,0.7025832935196811,0.05140115804350439,0.24601554843681422,0.7025832935196811
2015-06-15,,,2015-06-15,False,0.05140115804350439,0.24601554843681422,0.7025832935196811,0.0,0.0,0.0,0.05160760242657651,0.24571599632953375,0.7026764012438894,0.05160760242657651,0.24571599632953375,0.7026764012438894
2015-06-16,,,2015-06-16,False,0.05160760242657651,0.24571599632953375,0.7026764012438894,0.0,0.0,0.0,0.051775855153097634,0.24618278626133075,0.7020413585855713,0.051775855153097634,0.24618278626133075,0.7020413585855713
2015-06-17,,,2015-06-17,False,0.051775855153097634,0.24618278626133075,0.7020413585855713,0.0,0.0,0.0,0.05206746345417808,0.2457980445895059,0.7021344919563156,0.05206746345417808,0.2457980445895059,0.7021344919563156
2015-06-18,2015-06-18,2015-06-18,2015-06-18,True,0.05206746345417808,0.2457980445895059,0.7021344919563156,0.044657346845795094,0.2500009468369953,0.7053417063172096,0.044657346845795094,0.2500009468369953,0.7053417063172096,0.05248961890828761,0.24687429415048762,0.7006360869412243
2015-06-19,,,2015-06-19,False,0.044657346845795094,0.2500009468369953,0.7053417063172096,0.0,0.0,0.0,0.0449328339831611,0.24971874740663635,0.7053484186102026,0.0449328339831611,0.24971874740663635,0.7053484186102026
2015-06-22,,,2015-06-22,False,0.0449328339831611,0.24971874740663635,0.7053484186102026,0.0,0.0,0.0,0.045658821470763236,0.24859952349531336,0.7057416550339235,0.045658821470763236,0.24859952349531336,0.7057416550339235
2015-06-23,,,2015-06-23,False,0.045658821470763236,0.24859952349531336,0.7057416550339235,0.0,0.0,0.0,0.04589891316767033,0.24705652460201244,0.7070445622303173,0.04589891316767033,0.24705652460201244,0.7070445622303173
2015-06-24,,,2015-06-24,False,0.04589891316767033,0.24705652460201244,0.7070445622303173,0.0,0.0,0.0,0.04583992419539597,0.24626866657110635,0.7078914092334978,0.04583992419539597,0.24626866657110635,0.7078914092334978
2015-06-25,,,2015-06-25,False,0.04583992419539597,0.24626866657110635,0.7078914092334978,0.0,0.0,0.0,0.04599037869378559,0.24693658168626664,0.7070730396199479,0.04599037869378559,0.24693658168626664,0.7070730396199479
2015-06-26,,,2015-06-26,False,0.04599037869378559,0.24693658168626664,0.7070730396199479,0.0,0.0,0.0,0.04591610970354231,0.24672918739869662,0.7073547028977611,0.04591610970354231,0.24672918739869662,0.7073547028977611
2015-06-29,,,2015-06-29,False,0.04591610970354231,0.24672918739869662,0.7073547028977611,0.0,0.0,0.0,0.045541836041373095,0.24758112057584392,0.706877043382783,0.045541836041373095,0.24758112057584392,0.706877043382783
2015-06-30,,,2015-06-30,False,0.045541836041373095,0.24758112057584392,0.706877043382783,0.0,0.0,0.0,0.04572871441690018,0.24600575923442394,0.7082655263486758,0.04572871441690018,0.24600575923442394,0.7082655263486758
2015-07-01,,,2015-07-01,False,0.04572871441690018,0.24600575923442394,0.7082655263486758,0.0,0.0,0.0,0.046179485064196536,0.24572736969077086,0.7080931452450325,0.046179485064196536,0.24572736969077086,0.7080931452450325
2015-07-02,,,2015-07-02,False,0.046179485064196536,0.24572736969077086,0.7080931452450325,0.0,0.0,0.0,0.046208027621771536,0.24458447440212802,0.7092074979761004,0.046208027621771536,0.24458447440212802,0.7092074979761004
2015-07-03,,,2015-07-03,False,0.046208027621771536,0.24458447440212802,0.7092074979761004,0.0,0.0,0.0,0.04645352346726724,0.24392517398185953,0.7096213025508731,0.04645352346726724,0.24392517398185953,0.7096213025508731
2015-07-06,,,2015-07-06,False,0.04645352346726724,0.24392517398185953,0.7096213025508731,0.0,0.0,0.0,0.04666324565075395,0.24363452827009424,0.7097022260791516,0.04666324565075395,0.24363452827009424,0.7097022260791516
2015-07-07,,,2015-07-07,False,0.04666324565075395,0.24363452827009424,0.7097022260791516,0.0,0.0,0.0,0.04656627722996796,0.24426175067713396,0.7091719720928977,0.04656627722996796,0.24426175067713396,0.7091719720928977
2015-07-08,,,2015-07-08,False,0.04656627722996796,0.24426175067713396,0.7091719720928977,0.0,0.0,0.0,0.045805070640391236,0.2442844187581632,0.7099105106014452,0.045805070640391236,0.2442844187581632,0.7099105106014452
2015-07-09,,,2015-07-09,False,0.045805070640391236,0.2442844187581632,0.7099105106014452,0.0,0.0,0.0,0.04555703280106311,0.24545892280793113,0.7089840443910055,0.04555703280106311,0.24545892280793113,0.7089840443910055
2015-07-10,,,2015-07-10,False,0.04555703280106311,0.24545892280793113,0.7089840443910055,0.0,0.0,0.0,0.04578990465915478,0.24432242533930087,0.7098876700015441,0.04578990465915478,0.24432242533930087,0.7098876700015441
2015-07-13,,,2015-07-13,False,0.04578990465915478,0.24432242533930087,0.7098876700015441,0.0,0.0,0.0,0.04637776331261939,0.24305070651386412,0.7105715301735162,0.04637776331261939,0.24305070651386412,0.7105715301735162
2015-07-14,,,2015-07-14,False,0.04637776331261939,0.24305070651386412,0.7105715301735162,0.0,0.0,0.0,0.04637230179258681,0.24266629362695624,0.7109614045804565,0.04637230179258681,0.24266629362695624,0.7109614045804565
2015-07-15,,,2015-07-15,False,0.04637230179258681,0.24266629362695624,0.7109614045804565,0.0,0.0,0.0,0.04673103103905908,0.24266626760147253,0.710602701359468,0.04673103103905908,0.24266626760147253,0.710602701359468
2015-07-16,,,2015-07-16,False,0.04673103103905908,0.24266626760147253,0.710602701359468,0.0,0.0,0.0,0.047250137717198284,0.24128568216454632,0.7114641801182551,0.047250137717198284,0.24128568216454632,0.7114641801182551
2015-07-17,2015-07-17,2015-07-17,2015-07-17,True,0.047250137717198284,0.24128568216454632,0.7114641801182551,0.39999999320115387,1.054558610370072e-10,0.6000000066933884,0.39999999320115387,1.054558610370072e-10,0.6000000066933884,0.047270653126219066,0.24110504724374737,0.7116242996300333
2015-07-20,,,2015-07-20,False,0.39999999320115387,1.054558610370072e-10,0.6000000066933884,0.0,0.0,0.0,0.39982155615651765,1.0425379829384606e-10,0.6001784437392266,0.39982155615651765,1.0425379829384606e-10,0.6001784437392266
2015-07-21,,,2015-07-21,False,0.39982155615651765,1.0425379829384606e-10,0.6001784437392266,0.0,0.0,0.0,0.39775045286890004,1.0486468206255134e-10,0.6022495470262333,0.39775045286890004,1.0486468206255134e-10,0.6022495470262333
2015-07-22,,,2015-07-22,False,0.39775045286890004,1.0486468206255134e-10,0.6022495470262333,0.0,0.0,0.0,0.40066091049304803,1.0197807012489895e-10,0.5993390894049719,0.40066091049304803,1.0197807012489895e-10,0.5993390894049719
2015-07-23,,,2015-07-23,False,0.40066091049304803,1.0197807012489895e-10,0.5993390894049719,0.0,0.0,0.0,0.3994405827894054,1.0253125543074795e-10,0.6005594171080614,0.3994405827894054,1.0253125543074795e-10,0.6005594171080614
2015-07-24,,,2015-07-24,False,0.3994405827894054,1.0253125543074795e-10,0.6005594171080614,0.0,0.0,0.0,0.39752849286650166,1.025728395801875e-10,0.6024715070309236,0.39752849286650166,1.025728395801875e-10,0.6024715070309236
2015-07-27,,,2015-07-27,False,0.39752849286650166,1.025728395801875e-10,0.6024715070309236,0.0,0.0,0.0,0.3929845326297743,1.036412866935842e-10,0.6070154672665825,0.3929845326297743,1.036412866935842e-10,0.6070154672665825
2015-07-28,,,2015-07-28,False,0.3929845326297743,1.036412866935842e-10,0.6070154672665825,0.0,0.0,0.0,0.3922990153354297,1.0361353306584886e-10,0.6077009845609549,0.3922990153354297,1.0361353306584886e-10,0.6077009845609549
2015-07-29,,,2015-07-29,False,0.3922990153354297,1.0361353306584886e-10,0.6077009845609549,0.0,0.0,0.0,0.3933827529407387,1.0298506581823543e-10,0.6066172469562744,0.3933827529407387,1.0298506581823543e-10,0.6066172469562744
2015-07-30,,,2015-07-30,False,0.3933827529407387,1.0298506581823543e-10,0.6066172469562744,0.0,0.0,0.0,0.3947142687499458,1.0243778896447668e-10,0.6052857311476145,0.3947142687499458,1.0243778896447668e-10,0.6052857311476145
2015-07-31,,,2015-07-31,False,0.3947142687499458,1.0243778896447668e-10,0.6052857311476145,0.0,0.0,0.0,0.39689376370154855,1.0152423235508531e-10,0.6031062361969254,0.39689376370154855,1.0152423235508531e-10,0.6031062361969254
2015-08-03,,,2015-08-03,False,0.39689376370154855,1.0152423235508531e-10,0.6031062361969254,0.0,0.0,0.0,0.3971773374304734,1.01669939875624e-10,0.6028226624678549,0.3971773374304734,1.01669939875624e-10,0.6028226624678549
2015-08-04,,,2015-08-04,False,0.3971773374304734,1.01669939875624e-10,0.6028226624678549,0.0,0.0,0.0,0.3964460135711138,1.0155707803357462e-10,0.6035539863273274,0.3964460135711138,1.0155707803357462e-10,0.6035539863273274
2015-08-05,,,2015-08-05,False,0.3964460135711138,1.0155707803357462e-10,0.6035539863273274,0.0,0.0,0.0,0.39787438879615133,1.0052975311972008e-10,0.6021256111033171,0.39787438879615133,1.0052975311972008e-10,0.6021256111033171
2015-08-06,,,2015-08-06,False,0.39787438879615133,1.0052975311972008e-10,0.6021256111033171,0.0,0.0,0.0,0.39845507151421267,1.0031560377435481e-10,0.6015449283854697,0.39845507151421267,1.0031560377435481e-10,0.6015449283854697
2015-08-07,,,2015-08-07,False,0.39845507151421267,1.0031560377435481e-10,0.6015449283854697,0.0,0.0,0.0,0.39778068773872943,1.0098533344791638e-10,0.6022193121602831,0.39778068773872943,1.0098533344791638e-10,0.6022193121602831
2015-08-10,,,2015-08-10,False,0.39778068773872943,1.0098533344791638e-10,0.6022193121602831,0.0,0.0,0.0,0.3966903133293823,1.0157861271907918e-10,0.6033096865690369,0.3966903133293823,1.0157861271907918e-10,0.6033096865690369
2015-08-11,,,2015-08-11,False,0.3966903133293823,1.0157861271907918e-10,0.6033096865690369,0.0,0.0,0.0,0.3949095447045383,1.0385748873699646e-10,0.6050904551916021,0.3949095447045383,1.0385748873699646e-10,0.6050904551916021
2015-08-12,,,2015-08-12,False,0.3949095447045383,1.0385748873699646e-10,0.6050904551916021,0.0,0.0,0.0,0.3917046567805929,1.0583768906486857e-10,0.6082953431135673,0.3917046567805929,1.0583768906486857e-10,0.6082953431135673
2015-08-13,,,2015-08-13,False,0.3917046567805929,1.0583768906486857e-10,0.6082953431135673,0.0,0.0,0.0,0.39188480319425256,1.0618862695354149e-10,0.6081151966995567,0.39188480319425256,1.0618862695354149e-10,0.6081151966995567
2015-08-14,,,2015-08-14,False,0.39188480319425256,1.0618862695354149e-10,0.6081151966995567,0.0,0.0,0.0,0.39648991747223333,1.052009727681644e-10,0.6035100824225635,0.39648991747223333,1.052009727681644e-10,0.6035100824225635
2015-08-17,2015-08-17,2015-08-17,2015-08-17,True,0.39648991747223333,1.052009727681644e-10,0.6035100824225635,0.7999999782963737,1.390917633266447e-09,0.2000000203126925,0.7999999782963737,1.390917633266447e-09,0.2000000203126925,0.39532897796628913,1.0603565794093481e-10,0.6046710219276731
2015-08-18,,,2015-08-18,False,0.7999999782963737,1.390917633266447e-09,0.2000000203126925,0.0,0.0,0.0,0.7997968774397514,1.3989546061640954e-09,0.20020312116127797,0.7997968774397514,1.3989546061640954e-09,0.20020312116127797
2015-08-19,,,2015-08-19,False,0.7997968774397514,1.3989546061640954e-09,0.20020312116127797,0.0,0.0,0.0,0.8003363225157667,1.3950677509473285e-09,0.19966367608914945,0.8003363225157667,1.3950677509473285e-09,0.19966367608914945
2015-08-20,,,2015-08-20,False,0.8003363225157667,1.3950677509473285e-09,0.19966367608914945,0.0,0.0,0.0,0.7980070490663497,1.4310670356873524e-09,0.20199294950256705,0.7980070490663497,1.4310670356873524e-09,0.20199294950256705
2015-08-21,,,2015-08-21,False,0.7980070490663497,1.4310670356873524e-09,0.20199294950256705,0.0,0.0,0.0,0.7965957179574539,1.4623042546147452e-09,0.20340428058022544,0.7965957179574539,1.4623042546147452e-09,0.20340428058022544
2015-08-24,,,2015-08-24,False,0.7965957179574539,1.4623042546147452e-09,0.20340428058022544,0.0,0.0,0.0,0.786539194846559,1.5532334903581935e-09,0.2134608036001903,0.786539194846559,1.5532334903581935e-09,0.2134608036001903
2015-08-25,,,2015-08-25,False,0.786539194846559,1.5532334903581935e-09,0.2134608036001903,0.0,0.0,0.0,0.7880697124065367,1.5238639254006927e-09,0.2119302860695824,0.7880697124065367,1.5238639254006927e-09,0.2119302860695824
2015-08-26,,,2015-08-26,False,0.7880697124065367,1.5238639254006927e-09,0.2119302860695824,0.0,0.0,0.0,0.7861681216407077,1.5202257443530056e-09,0.2138318768390494,0.7861681216407077,1.5202257443530056e-09,0.2138318768390494
2015-08-27,,,2015-08-27,False,0.7861681216407077,1.5202257443530056e-09,0.2138318768390494,0.0,0.0,0.0,0.7895063311603844,1.4834757169890033e-09,0.21049366735612288,0.7895063311603844,1.4834757169890033e-09,0.21049366735612288
2015-08-28,,,2015-08-28,False,0.7895063311603844,1.4834757169890033e-09,0.21049366735612288,0.0,0.0,0.0,0.7906069000175964,1.486297380062874e-09,0.20939309849608934,0.7906069000175964,1.486297380062874e-09,0.20939309849608934
2015-08-31,,,2015-08-31,False,0.7906069000175964,1.486297380062874e-09,0.20939309849608934,0.0,0.0,0.0,0.7893111366457183,1.5006772044842592e-09,0.21068886185358757,0.7893111366457183,1.5006772044842592e-09,0.21068886185358757
2015-09-01,,,2015-09-01,False,0.7893111366457183,1.5006772044842592e-09,0.21068886185358757,0.0,0.0,0.0,0.7853681778728144,1.537360763303833e-09,0.21463182058980765,0.7853681778728144,1.537360763303833e-09,0.21463182058980765
2015-09-02,,,2015-09-02,False,0.7853681778728144,1.537360763303833e-09,0.21463182058980765,0.0,0.0,0.0,0.7838704601159778,1.5371966071457087e-09,0.21612953834680826,0.7838704601159778,1.5371966071457087e-09,0.21612953834680826
2015-09-03,,,2015-09-03,False,0.7838704601159778,1.5371966071457087e-09,0.21612953834680826,0.0,0.0,0.0,0.7861711634742404,1.5086970637351211e-09,0.2138288350170454,0.7861711634742404,1.5086970637351211e-09,0.2138288350170454
2015-09-04,,,2015-09-04,False,0.7861711634742404,1.5086970637351211e-09,0.2138288350170454,0.0,0.0,0.0,0.7825001734198921,1.5336424699722377e-09,0.21749982504644808,0.7825001734198921,1.5336424699722377e-09,0.21749982504644808
2015-09-07,,,2015-09-07,False,0.7825001734198921,1.5336424699722377e-09,0.21749982504644808,0.0,0.0,0.0,0.780340640390043,1.5520700762151389e-09,0.21965935805786937,0.780340640390043,1.5520700762151389e-09,0.21965935805786937
2015-09-08,,,2015-09-08,False,0.780340640390043,1.5520700762151389e-09,0.21965935805786937,0.0,0.0,0.0,0.7832374394128303,1.5306176174890773e-09,0.21676255905653483,0.7832374394128303,1.5306176174890773e-09,0.21676255905653483
2015-09-09,,,2015-09-09,False,0.7832374394128303,1.5306176174890773e-09,0.21676255905653483,0.0,0.0,0.0,0.7860765734928586,1.5028780008979489e-09,0.2139234250042463,0.7860765734928586,1.5028780008979489e-09,0.2139234250042463
2015-09-10,,,2015-09-10,False,0.7860765734928586,1.5028780008979489e-09,0.2139234250042463,0.0,0.0,0.0,0.7854185705749813,1.4939849892513934e-09,0.2145814279310166,0.7854185705749813,1.4939849892513934e-09,0.2145814279310166
2015-09-11,,,2015-09-11,False,0.7854185705749813,1.4939849892513934e-09,0.2145814279310166,0.0,0.0,0.0,0.7854445293624278,1.4964757269907688e-09,0.21455546914107945,0.7854445293624278,1.4964757269907688e-09,0.21455546914107945
2015-09-14,,,2015-09-14,False,0.7854445293624278,1.4964757269907688e-09,0.21455546914107945,0.0,0.0,0.0,0.787224269533368,1.480384700157636e-09,0.21277572898623043,0.787224269533368,1.480384700157636e-09,0.21277572898623043
2015-09-15,2015-09-15,2015-09-15,2015-09-15,True,0.787224269533368,1.480384700157636e-09,0.21277572898623043,0.04761799996703697,0.2500005137829356,0.7023814862500274,0.04761799996703697,0.2500005137829356,0.7023814862500274,0.7863021663243311,1.4858297850317426e-09,0.2136978321898221
2015-09-16,,,2015-09-16,False,0.04761799996703697,0.2500005137829356,0.7023814862500274,0.0,0.0,0.0,0.04801019849957811,0.2501032890072226,0.7018865124931992,0.04801019849957811,0.2501032890072226,0.7018865124931992
2015-09-18,,,2015-09-18,False,0.04801019849957811,0.2501032890072226,0.7018865124931992,0.0,0.0,0.0,0.048312450343200204,0.25271136930761334,0.6989761803491865,0.048312450343200204,0.25271136930761334,0.6989761803491865
2015-09-21,,,2015-09-21,False,0.048312450343200204,0.25271136930761334,0.6989761803491865,0.0,0.0,0.0,0.048351707987454404,0.25168322457714976,0.699965067435396,0.048351707987454404,0.25168322457714976,0.699965067435396
2015-09-22,,,2015-09-22,False,0.048351707987454404,0.25168322457714976,0.699965067435396,0.0,0.0,0.0,0.047412048517515945,0.2517134881974108,0.7008744632850733,0.047412048517515945,0.2517134881974108,0.7008744632850733
2015-09-23,,,2015-09-23,False,0.047412048517515945,0.2517134881974108,0.7008744632850733,0.0,0.0,0.0,0.04766195060814002,0.25082483905459874,0.7015132103372613,0.04766195060814002,0.25082483905459874,0.7015132103372613
2015-09-24,,,2015-09-24,False,0.04766195060814002,0.25082483905459874,0.7015132103372613,0.0,0.0,0.0,0.04766228088944489,0.25283008095943543,0.6995076381511198,0.04766228088944489,0.25283008095943543,0.6995076381511198
2015-09-28,,,2015-09-28,False,0.04766228088944489,0.25283008095943543,0.6995076381511198,0.0,0.0,0.0,0.04725546134133567,0.25272424633056273,0.7000202923281018,0.04725546134133567,0.25272424633056273,0.7000202923281018
2015-09-29,,,2015-09-29,False,0.04725546134133567,0.25272424633056273,0.7000202923281018,0.0,0.0,0.0,0.047620494950422476,0.2512328926741719,0.7011466123754059,0.047620494950422476,0.2512328926741719,0.7011466123754059
2015-09-30,,,2015-09-30,False,0.047620494950422476,0.2512328926741719,0.7011466123754059,0.0,0.0,0.0,0.048111161399510965,0.2502136875934077,0.7016751510070816,0.048111161399510965,0.2502136875934077,0.7016751510070816
2015-10-01,,,2015-10-01,False,0.048111161399510965,0.2502136875934077,0.7016751510070816,0.0,0.0,0.0,0.048227743537900124,0.24856659505337744,0.7032056614087226,0.048227743537900124,0.24856659505337744,0.7032056614087226
2015-10-05,,,2015-10-05,False,0.048227743537900124,0.24856659505337744,0.7032056614087226,0.0,0.0,0.0,0.04908408257583776,0.25006797646214335,0.700847940962019,0.04908408257583776,0.25006797646214335,0.700847940962019
2015-10-06,,,2015-10-06,False,0.04908408257583776,0.25006797646214335,0.700847940962019,0.0,0.0,0.0,0.04923673964633913,0.2506329519041092,0.7001303084495517,0.04923673964633913,0.2506329519041092,0.7001303084495517
2015-10-07,,,2015-10-07,False,0.04923673964633913,0.2506329519041092,0.7001303084495517,0.0,0.0,0.0,0.04933182982578851,0.25129450982421425,0.6993736603499974,0.04933182982578851,0.25129450982421425,0.6993736603499974
2015-10-08,,,2015-10-08,False,0.04933182982578851,0.25129450982421425,0.6993736603499974,0.0,0.0,0.0,0.04910175835194824,0.2506646851905175,0.7002335564575344,0.04910175835194824,0.2506646851905175,0.7002335564575344
2015-10-09,,,2015-10-09,False,0.04910175835194824,0.2506646851905175,0.7002335564575344,0.0,0.0,0.0,0.04936411185027142,0.2518485521119037,0.6987873360378251,0.04936411185027142,0.2518485521119037,0.6987873360378251
2015-10-12,,,2015-10-12,False,0.04936411185027142,0.2518485521119037,0.6987873360378251,0.0,0.0,0.0,0.0489967907620843,0.2534892589702585,0.6975139502676574,0.0489967907620843,0.2534892589702585,0.6975139502676574
2015-10-13,,,2015-10-13,False,0.0489967907620843,0.2534892589702585,0.6975139502676574,0.0,0.0,0.0,0.049014250508817955,0.2522021405517375,0.6987836089394447,0.049014250508817955,0.2522021405517375,0.6987836089394447
2015-10-14,,,2015-10-14,False,0.049014250508817955,0.2522021405517375,0.6987836089394447,0.0,0.0,0.0,0.048742783301476,0.2543110557149803,0.6969461609835438,0.048742783301476,0.2543110557149803,0.6969461609835438
2015-10-15,,,2015-10-15,False,0.048742783301476,0.2543110557149803,0.6969461609835438,0.0,0.0,0.0,0.04906313034464305,0.2555440552781218,0.6953928143772352,0.04906313034464305,0.2555440552781218,0.6953928143772352
2015-10-16,,,2015-10-16,False,0.04906313034464305,0.2555440552781218,0.6953928143772352,0.0,0.0,0.0,0.04945568356323604,0.2545851215144726,0.6959591949222914,0.04945568356323604,0.2545851215144726,0.6959591949222914
2015-10-19,2015-10-19,2015-10-19,2015-10-19,True,0.04945568356323604,0.2545851215144726,0.6959591949222914,0.20000012791442617,1.9987464487328036e-09,0.7999998700869823,0.20000012791442617,1.9987464487328036e-09,0.7999998700869823,0.04971235320033259,0.25382888419931293,0.6964587626003547
2015-10-20,,,2015-10-20,False,0.20000012791442617,1.9987464487328036e-09,0.7999998700869823,0.0,0.0,0.0,0.19974096309098124,2.0063191827413545e-09,0.8002590349028544,0.19974096309098124,2.0063191827413545e-09,0.8002590349028544
2015-10-21,,,2015-10-21,False,0.19974096309098124,2.0063191827413545e-09,0.8002590349028544,0.0,0.0,0.0,0.19954840267693125,2.014015593675811e-09,0.8004515953092081,0.19954840267693125,2.014015593675811e-09,0.8004515953092081
2015-10-23,,,2015-10-23,False,0.19954840267693125,2.014015593675811e-09,0.8004515953092081,0.0,0.0,0.0,0.20039437998035523,2.0003408722328265e-09,0.7996056180194587,0.20039437998035523,2.0003408722328265e-09,0.7996056180194587
2015-10-26,,,2015-10-26,False,0.20039437998035523,2.0003408722328265e-09,0.7996056180194587,0.0,0.0,0.0,0.19971966864341745,1.9937102406824083e-09,0.8002803293630272,0.19971966864341745,1.9937102406824083e-09,0.8002803293630272
2015-10-27,,,2015-10-27,False,0.19971966864341745,1.9937102406824083e-09,0.8002803293630272,0.0,0.0,0.0,0.1991859503483864,2.0053116436728348e-09,0.8008140476464569,0.1991859503483864,2.0053116436728348e-09,0.8008140476464569
2015-10-28,,,2015-10-28,False,0.1991859503483864,2.0053116436728348e-09,0.8008140476464569,0.0,0.0,0.0,0.19798873341822965,2.015496314146283e-09,0.8020112645664292,0.19798873341822965,2.015496314146283e-09,0.8020112645664292
2015-10-29,,,2015-10-29,False,0.19798873341822965,2.015496314146283e-09,0.8020112645664292,0.0,0.0,0.0,0.19683017577053377,2.010820172099342e-09,0.8031698222188015,0.19683017577053377,2.010820172099342e-09,0.8031698222188015
2015-10-30,,,2015-10-30,False,0.19683017577053377,2.010820172099342e-09,0.8031698222188015,0.0,0.0,0.0,0.1953537483325252,2.0037813993360903e-09,0.8046462496638485,0.1953537483325252,2.0037813993360903e-09,0.8046462496638485
2015-11-02,,,2015-11-02,False,0.1953537483325252,2.0037813993360903e-09,0.8046462496638485,0.0,0.0,0.0,0.19506287735062808,1.9805845636850076e-09,0.8049371206689424,0.19506287735062808,1.9805845636850076e-09,0.8049371206689424
2015-11-03,,,2015-11-03,False,0.19506287735062808,1.9805845636850076e-09,0.8049371206689424,0.0,0.0,0.0,0.1952543521220919,1.967941308785748e-09,0.8047456459101218,0.1952543521220919,1.967941308785748e-09,0.8047456459101218
2015-11-04,,,2015-11-04,False,0.1952543521220919,1.967941308785748e-09,0.8047456459101218,0.0,0.0,0.0,0.19485610191005354,1.955585241861831e-09,0.8051438961345163,0.19485610191005354,1.955585241861831e-09,0.8051438961345163
2015-11-05,,,2015-11-05,False,0.19485610191005354,1.955585241861831e-09,0.8051438961345163,0.0,0.0,0.0,0.19319898445938596,1.9588280643245213e-09,0.8068010135819415,0.19319898445938596,1.9588280643245213e-09,0.8068010135819415
2015-11-06,,,2015-11-06,False,0.19319898445938596,1.9588280643245213e-09,0.8068010135819415,0.0,0.0,0.0,0.1931748920765469,1.945695445202496e-09,0.8068251059779131,0.1931748920765469,1.945695445202496e-09,0.8068251059779131
2015-11-09,,,2015-11-09,False,0.1931748920765469,1.945695445202496e-09,0.8068251059779131,0.0,0.0,0.0,0.1924095844656228,1.9587258156195202e-09,0.8075904135758071,0.1924095844656228,1.9587258156195202e-09,0.8075904135758071
2015-11-10,,,2015-11-10,False,0.1924095844656228,1.9587258156195202e-09,0.8075904135758071,0.0,0.0,0.0,0.1898113004370235,1.9421509556891715e-09,0.8101886976209818,0.1898113004370235,1.9421509556891715e-09,0.8101886976209818
2015-11-13,,,2015-11-13,False,0.1898113004370235,1.9421509556891715e-09,0.8101886976209818,0.0,0.0,0.0,0.18939419133089017,1.91986843254507e-09,0.8106058067493976,0.18939419133089017,1.91986843254507e-09,0.8106058067493976
2015-11-16,,,2015-11-16,False,0.18939419133089017,1.91986843254507e-09,0.8106058067493976,0.0,0.0,0.0,0.19027194628288602,1.925533569572017e-09,0.8097280517917365,0.19027194628288602,1.925533569572017e-09,0.8097280517917365
2015-11-17,,,2015-11-17,False,0.19027194628288602,1.925533569572017e-09,0.8097280517917365,0.0,0.0,0.0,0.19088076147703392,1.9085047547754324e-09,0.8091192366146172,0.19088076147703392,1.9085047547754324e-09,0.8091192366146172
2015-11-18,,,2015-11-18,False,0.19088076147703392,1.9085047547754324e-09,0.8091192366146172,0.0,0.0,0.0,0.18879149075375484,1.9064801686482425e-09,0.8112085073399212,0.18879149075375484,1.9064801686482425e-09,0.8112085073399212
2015-11-19,,,2015-11-19,False,0.18879149075375484,1.9064801686482425e-09,0.8112085073399212,0.0,0.0,0.0,0.19098322258152564,1.9029800255734463e-09,0.8090167755156502,0.19098322258152564,1.9029800255734463e-09,0.8090167755156502
2015-11-20,2015-11-20,2015-11-20,2015-11-20,True,0.19098322258152564,1.9029800255734463e-09,0.8090167755156502,0.4499999990800824,0.09999999834836962,0.45000000257145756,0.4499999990800824,0.09999999834836962,0.45000000257145756,0.19125653885655744,1.920510391130462e-09,0.8087434592230881
2015-11-23,,,2015-11-23,False,0.4499999990800824,0.09999999834836962,0.45000000257145756,0.0,0.0,0.0,0.4501017579550221,0.09937788583411634,0.450520356210771,0.4501017579550221,0.09937788583411634,0.450520356210771
2015-11-24,,,2015-11-24,False,0.4501017579550221,0.09937788583411634,0.450520356210771,0.0,0.0,0.0,0.44937242174926284,0.09982355408008152,0.4508040241705651,0.44937242174926284,0.09982355408008152,0.4508040241705651
2015-11-26,,,2015-11-26,False,0.44937242174926284,0.09982355408008152,0.4508040241705651,0.0,0.0,0.0,0.45116573247546204,0.09922348897103248,0.44961077855341514,0.45116573247546204,0.09922348897103248,0.44961077855341514
2015-11-27,,,2015-11-27,False,0.45116573247546204,0.09922348897103248,0.44961077855341514,0.0,0.0,0.0,0.45303184102671085,0.09885011822791846,0.4481180407452806,0.45303184102671085,0.09885011822791846,0.4481180407452806
2015-11-30,,,2015-11-30,False,0.45303184102671085,0.09885011822791846,0.4481180407452806,0.0,0.0,0.0,0.4523652168146529,0.09803825211139534,0.44959653107386177,0.4523652168146529,0.09803825211139534,0.44959653107386177
2015-12-01,,,2015-12-01,False,0.4523652168146529,0.09803825211139534,0.44959653107386177,0.0,0.0,0.0,0.4526299517037519,0.09862162945193302,0.4487484188442252,0.4526299517037519,0.09862162945193302,0.4487484188442252
2015-12-02,,,2015-12-02,False,0.4526299517037519,0.09862162945193302,0.4487484188442252,0.0,0.0,0.0,0.45203847915531525,0.09846881744562233,0.4494927033989724,0.45203847915531525,0.09846881744562233,0.4494927033989724
2015-12-03,,,2015-12-03,False,0.45203847915531525,0.09846881744562233,0.4494927033989724,0.0,0.0,0.0,0.45026222060753124,0.09818984857601674,0.45154793081636163,0.45026222060753124,0.09818984857601674,0.45154793081636163
2015-12-04,,,2015-12-04,False,0.45026222060753124,0.09818984857601674,0.45154793081636163,0.0,0.0,0.0,0.44742648836367865,0.0991224606246676,0.4534510510115629,0.44742648836367865,0.0991224606246676,0.4534510510115629
2015-12-07,,,2015-12-07,False,0.44742648836367865,0.0991224606246676,0.4534510510115629,0.0,0.0,0.0,0.44622082483822384,0.10059353563309816,0.4531856395285872,0.44622082483822384,0.10059353563309816,0.4531856395285872
2015-12-08,,,2015-12-08,False,0.44622082483822384,0.10059353563309816,0.4531856395285872,0.0,0.0,0.0,0.44456906519738665,0.10018403980884748,0.4552468949936746,0.44456906519738665,0.10018403980884748,0.4552468949936746
2015-12-09,,,2015-12-09,False,0.44456906519738665,0.10018403980884748,0.4552468949936746,0.0,0.0,0.0,0.44141002578367294,0.10128150012903504,0.4573084740872004,0.44141002578367294,0.10128150012903504,0.4573084740872004
2015-12-10,,,2015-12-10,False,0.44141002578367294,0.10128150012903504,0.4573084740872004,0.0,0.0,0.0,0.44396218266549553,0.10032805855782176,0.45570975877659137,0.44396218266549553,0.10032805855782176,0.45570975877659137
2015-12-11,,,2015-12-11,False,0.44396218266549553,0.10032805855782176,0.45570975877659137,0.0,0.0,0.0,0.4418097172224197,0.10034443804145754,0.45784584473603096,0.4418097172224197,0.10034443804145754,0.45784584473603096
2015-12-14,,,2015-12-14,False,0.4418097172224197,0.10034443804145754,0.45784584473603096,0.0,0.0,0.0,0.4430033675998495,0.10029020181101647,0.45670643058904253,0.4430033675998495,0.10029020181101647,0.45670643058904253
2015-12-15,,,2015-12-15,False,0.4430033675998495,0.10029020181101647,0.45670643058904253,0.0,0.0,0.0,0.4448506651832484,0.09956673612294535,0.4555825986937151,0.4448506651832484,0.09956673612294535,0.4555825986937151
2015-12-16,,,2015-12-16,False,0.4448506651832484,0.09956673612294535,0.4555825986937151,0.0,0.0,0.0,0.4464639548384004,0.09925079602060619,0.4542852491409024,0.4464639548384004,0.09925079602060619,0.4542852491409024
2015-12-17,,,2015-12-17,False,0.4464639548384004,0.09925079602060619,0.4542852491409024,0.0,0.0,0.0,0.44947881339772006,0.09861673543179994,0.4519044511703896,0.44947881339772006,0.09861673543179994,0.4519044511703896
2015-12-18,,,2015-12-18,False,0.44947881339772006,0.09861673543179994,0.4519044511703896,0.0,0.0,0.0,0.4472535225775566,0.09830571516866275,0.4544407622536897,0.4472535225775566,0.09830571516866275,0.4544407622536897
2015-12-21,,,2015-12-21,False,0.4472535225775566,0.09830571516866275,0.4544407622536897,0.0,0.0,0.0,0.4491508902933029,0.09870372465387267,0.4521453850527339,0.4491508902933029,0.09870372465387267,0.4521453850527339
2015-12-22,2015-12-22,2015-12-22,2015-12-22,True,0.4491508902933029,0.09870372465387267,0.4521453850527339,0.4738443928308525,0.07615560950947516,0.44999999765967236,0.4738443928308525,0.07615560950947516,0.44999999765967236,0.4473332473770068,0.09955476031989738,0.45311199230300503
2015-12-23,,,2015-12-23,False,0.4738443928308525,0.07615560950947516,0.44999999765967236,0.0,0.0,0.0,0.47662865775563257,0.07532650593750599,0.44804483630686137,0.47662865775563257,0.07532650593750599,0.44804483630686137
2015-12-24,,,2015-12-24,False,0.47662865775563257,0.07532650593750599,0.44804483630686137,0.0,0.0,0.0,0.4764857237499813,0.0753245853885608,0.44818969086145777,0.4764857237499813,0.0753245853885608,0.44818969086145777
2015-12-28,,,2015-12-28,False,0.4764857237499813,0.0753245853885608,0.44818969086145777,0.0,0.0,0.0,0.4785176213669829,0.07501760537829313,0.4464647732547237,0.4785176213669829,0.07501760537829313,0.4464647732547237
2015-12-29,,,2015-12-29,False,0.4785176213669829,0.07501760537829313,0.4464647732547237,0.0,0.0,0.0,0.4785472657904644,0.07517430306849891,0.44627843114103655,0.4785472657904644,0.07517430306849891,0.44627843114103655
2015-12-30,,,2015-12-30,False,0.4785472657904644,0.07517430306849891,0.44627843114103655,0.0,0.0,0.0,0.47759276129792505,0.0751744932388985,0.4472327454631763,0.47759276129792505,0.0751744932388985,0.4472327454631763
2015-12-31,,,2015-12-31,False,0.47759276129792505,0.0751744932388985,0.4472327454631763,0.0,0.0,0.0,0.4785949829913482,0.07436786953110361,0.4470371474775481,0.4785949829913482,0.07436786953110361,0.4470371474775481
2016-01-01,,,2016-01-01,False,0.4785949829913482,0.07436786953110361,0.4470371474775481,0.0,0.0,0.0,0.4785822428575869,0.07439688749550083,0.4470208696469121,0.4785822428575869,0.07439688749550083,0.4470208696469121
2016-01-04,,,2016-01-04,False,0.4785822428575869,0.07439688749550083,0.4470208696469121,0.0,0.0,0.0,0.4732832741954023,0.07584354044400667,0.4508731853605909,0.4732832741954023,0.07584354044400667,0.4508731853605909
2016-01-05,,,2016-01-05,False,0.4732832741954023,0.07584354044400667,0.4508731853605909,0.0,0.0,0.0,0.47283978972656704,0.07632913564209717,0.45083107463133565,0.47283978972656704,0.07632913564209717,0.45083107463133565
2016-01-06,,,2016-01-06,False,0.47283978972656704,0.07632913564209717,0.45083107463133565,0.0,0.0,0.0,0.4712272233245882,0.07694131164274635,0.4518314650326653,0.4712272233245882,0.07694131164274635,0.4518314650326653
2016-01-07,,,2016-01-07,False,0.4712272233245882,0.07694131164274635,0.4518314650326653,0.0,0.0,0.0,0.46508680745031067,0.07879346132300868,0.4561197312266806,0.46508680745031067,0.07879346132300868,0.4561197312266806
2016-01-08,,,2016-01-08,False,0.46508680745031067,0.07879346132300868,0.4561197312266806,0.0,0.0,0.0,0.4662675894619362,0.0784473429366197,0.455285067601444,0.4662675894619362,0.0784473429366197,0.455285067601444
2016-01-11,,,2016-01-11,False,0.4662675894619362,0.0784473429366197,0.455285067601444,0.0,0.0,0.0,0.464923222621139,0.07885371040796656,0.4562230669708943,0.464923222621139,0.07885371040796656,0.4562230669708943
2016-01-12,,,2016-01-12,False,0.464923222621139,0.07885371040796656,0.4562230669708943,0.0,0.0,0.0,0.46322838422781903,0.07896606347814544,0.45780555229403547,0.46322838422781903,0.07896606347814544,0.45780555229403547
2016-01-13,,,2016-01-13,False,0.46322838422781903,0.07896606347814544,0.45780555229403547,0.0,0.0,0.0,0.4654474834883946,0.07772741345206781,0.4568251030595374,0.4654474834883946,0.07772741345206781,0.4568251030595374
2016-01-14,,,2016-01-14,False,0.4654474834883946,0.07772741345206781,0.4568251030595374,0.0,0.0,0.0,0.46404393073724226,0.07895703318876048,0.45699903607399706,0.46404393073724226,0.07895703318876048,0.45699903607399706
2016-01-15,,,2016-01-15,False,0.46404393073724226,0.07895703318876048,0.45699903607399706,0.0,0.0,0.0,0.4607051941940457,0.07954474996711197,0.4597500558388421,0.4607051941940457,0.07954474996711197,0.4597500558388421
2016-01-18,,,2016-01-18,False,0.4607051941940457,0.07954474996711197,0.4597500558388421,0.0,0.0,0.0,0.45756670647529935,0.08042804684031138,0.4620052466843891,0.45756670647529935,0.08042804684031138,0.4620052466843891
2016-01-19,,,2016-01-19,False,0.45756670647529935,0.08042804684031138,0.4620052466843891,0.0,0.0,0.0,0.46052433546864585,0.07974372362113533,0.4597319409102187,0.46052433546864585,0.07974372362113533,0.4597319409102187
2016-01-20,,,2016-01-20,False,0.46052433546864585,0.07974372362113533,0.4597319409102187,0.0,0.0,0.0,0.4560096269717873,0.0809259642350948,0.4630644087931178,0.4560096269717873,0.0809259642350948,0.4630644087931178
2016-01-21,2016-01-21,2016-01-21,2016-01-21,True,0.4560096269717873,0.0809259642350948,0.4630644087931178,0.4499999999401363,0.10000000006955621,0.44999999999030543,0.4499999999401363,0.10000000006955621,0.44999999999030543,0.4548427783302914,0.08121484456611182,0.46394237710359665
2016-01-22,,,2016-01-22,False,0.4499999999401363,0.10000000006955621,0.44999999999030543,0.0,0.0,0.0,0.4551401670959475,0.098655229590954,0.44620460331309636,0.4551401670959475,0.098655229590954,0.44620460331309636
2016-01-25,,,2016-01-25,False,0.4551401670959475,0.098655229590954,0.44620460331309636,0.0,0.0,0.0,0.45533687947101803,0.09908370651974976,0.44557941400923,0.45533687947101803,0.09908370651974976,0.44557941400923
2016-01-27,,,2016-01-27,False,0.45533687947101803,0.09908370651974976,0.44557941400923,0.0,0.0,0.0,0.45487479436030154,0.10009373575601693,0.4450314698836793,0.45487479436030154,0.10009373575601693,0.4450314698836793
2016-01-28,,,2016-01-28,False,0.45487479436030154,0.10009373575601693,0.4450314698836793,0.0,0.0,0.0,0.45438989126464874,0.10026866962837715,0.4453414391069719,0.45438989126464874,0.10026866962837715,0.4453414391069719
2016-01-29,,,2016-01-29,False,0.45438989126464874,0.10026866962837715,0.4453414391069719,0.0,0.0,0.0,0.4583317972559337,0.0990094762431055,0.4426587265009587,0.4583317972559337,0.0990094762431055,0.4426587265009587
2016-02-01,,,2016-02-01,False,0.4583317972559337,0.0990094762431055,0.4426587265009587,0.0,0.0,0.0,0.45789953219631435,0.09940987607766195,0.4426905917260216,0.45789953219631435,0.09940987607766195,0.4426905917260216
2016-02-02,,,2016-02-02,False,0.45789953219631435,0.09940987607766195,0.4426905917260216,0.0,0.0,0.0,0.4542926691671232,0.10059383085562644,0.4451134999772483,0.4542926691671232,0.10059383085562644,0.4451134999772483
2016-02-03,,,2016-02-03,False,0.4542926691671232,0.10059383085562644,0.4451134999772483,0.0,0.0,0.0,0.4510744581184117,0.1013370143983635,0.44758852748322275,0.4510744581184117,0.1013370143983635,0.44758852748322275
2016-02-04,,,2016-02-04,False,0.4510744581184117,0.1013370143983635,0.44758852748322275,0.0,0.0,0.0,0.45213690114023897,0.10177285789843253,0.4460902409613265,0.45213690114023897,0.10177285789843253,0.4460902409613265
2016-02-05,,,2016-02-05,False,0.45213690114023897,0.10177285789843253,0.4460902409613265,0.0,0.0,0.0,0.45472458915336805,0.10173467030423666,0.44354074054239323,0.45472458915336805,0.10173467030423666,0.44354074054239323
2016-02-08,,,2016-02-08,False,0.45472458915336805,0.10173467030423666,0.44354074054239323,0.0,0.0,0.0,0.45067692772795287,0.10366507181572246,0.44565800045632264,0.45067692772795287,0.10366507181572246,0.44565800045632264
2016-02-09,,,2016-02-09,False,0.45067692772795287,0.10366507181572246,0.44565800045632264,0.0,0.0,0.0,0.4468255451724515,0.10593826900697265,0.4472361858205739,0.4468255451724515,0.10593826900697265,0.4472361858205739
2016-02-10,,,2016-02-10,False,0.4468255451724515,0.10593826900697265,0.4472361858205739,0.0,0.0,0.0,0.444506915675266,0.10549076201231956,0.45000232231241244,0.444506915675266,0.10549076201231956,0.45000232231241244
2016-02-11,,,2016-02-11,False,0.444506915675266,0.10549076201231956,0.45000232231241244,0.0,0.0,0.0,0.4351717797016298,0.10915696174660554,0.4556712585517627,0.4351717797016298,0.10915696174660554,0.4556712585517627
2016-02-12,,,2016-02-12,False,0.4351717797016298,0.10915696174660554,0.4556712585517627,0.0,0.0,0.0,0.4347078099972725,0.11040670168271502,0.4548854883200104,0.4347078099972725,0.11040670168271502,0.4548854883200104
2016-02-15,,,2016-02-15,False,0.4347078099972725,0.11040670168271502,0.4548854883200104,0.0,0.0,0.0,0.44181754614972035,0.10760422161326065,0.4505782322370169,0.44181754614972035,0.10760422161326065,0.4505782322370169
2016-02-16,,,2016-02-16,False,0.44181754614972035,0.10760422161326065,0.4505782322370169,0.0,0.0,0.0,0.4375654703364856,0.10893073833075279,0.45350379133275953,0.4375654703364856,0.10893073833075279,0.45350379133275953
2016-02-17,,,2016-02-17,False,0.4375654703364856,0.10893073833075279,0.45350379133275953,0.0,0.0,0.0,0.4399754235680133,0.10788949401669898,0.45213508241528566,0.4399754235680133,0.10788949401669898,0.45213508241528566
2016-02-18,,,2016-02-18,False,0.4399754235680133,0.10788949401669898,0.45213508241528566,0.0,0.0,0.0,0.4428735313611361,0.10727999315229637,0.44984647548656537,0.4428735313611361,0.10727999315229637,0.44984647548656537
2016-02-19,,,2016-02-19,False,0.4428735313611361,0.10727999315229637,0.44984647548656537,0.0,0.0,0.0,0.4430003247415921,0.10821468926062235,0.4487849859977835,0.4430003247415921,0.10821468926062235,0.4487849859977835
2016-02-22,2016-02-22,2016-02-22,2016-02-22,True,0.4430003247415921,0.10821468926062235,0.4487849859977835,0.05112979343727116,0.2500320712481701,0.6988381353145589,0.05112979343727116,0.2500320712481701,0.6988381353145589,0.4442580310542472,0.10715881951636375,0.44858314942938704
2016-02-23,,,2016-02-23,False,0.05112979343727116,0.2500320712481701,0.6988381353145589,0.0,0.0,0.0,0.050155005030737214,0.25227748245100967,0.6975675125182532,0.050155005030737214,0.25227748245100967,0.6975675125182532
2016-02-24,,,2016-02-24,False,0.050155005030737214,0.25227748245100967,0.6975675125182532,0.0,0.0,0.0,0.04950751376739997,0.2530249016942885,0.6974675845383117,0.04950751376739997,0.2530249016942885,0.6974675845383117
2016-02-25,,,2016-02-25,False,0.04950751376739997,0.2530249016942885,0.6974675845383117,0.0,0.0,0.0,0.0491110270144147,0.25423286156621006,0.6966561114193753,0.0491110270144147,0.25423286156621006,0.6966561114193753
2016-02-26,,,2016-02-26,False,0.0491110270144147,0.25423286156621006,0.6966561114193753,0.0,0.0,0.0,0.04952704102028319,0.2538198648044322,0.6966530941752846,0.04952704102028319,0.2538198648044322,0.6966530941752846
2016-02-29,,,2016-02-29,False,0.04952704102028319,0.2538198648044322,0.6966530941752846,0.0,0.0,0.0,0.049059898486160776,0.25423885660575024,0.6967012449080889,0.049059898486160776,0.25423885660575024,0.6967012449080889
2016-03-01,,,2016-03-01,False,0.049059898486160776,0.25423885660575024,0.6967012449080889,0.0,0.0,0.0,0.05061547963327953,0.25400543501517064,0.6953790853515498,0.05061547963327953,0.25400543501517064,0.6953790853515498
2016-03-02,,,2016-03-02,False,0.05061547963327953,0.25400543501517064,0.6953790853515498,0.0,0.0,0.0,0.05178940152526531,0.2508466738172676,0.697363924657467,0.05178940152526531,0.2508466738172676,0.697363924657467
2016-03-03,,,2016-03-03,False,0.05178940152526531,0.2508466738172676,0.697363924657467,0.0,0.0,0.0,0.05242075964444851,0.2517934490194853,0.6957857913360661,0.05242075964444851,0.2517934490194853,0.6957857913360661
2016-03-04,,,2016-03-04,False,0.05242075964444851,0.2517934490194853,0.6957857913360661,0.0,0.0,0.0,0.052281976719903304,0.25468542651276366,0.6930325967673329,0.052281976719903304,0.25468542651276366,0.6930325967673329
2016-03-08,,,2016-03-08,False,0.052281976719903304,0.25468542651276366,0.6930325967673329,0.0,0.0,0.0,0.052241365863460426,0.25525249119006127,0.6925061429464782,0.052241365863460426,0.25525249119006127,0.6925061429464782
2016-03-09,,,2016-03-09,False,0.052241365863460426,0.25525249119006127,0.6925061429464782,0.0,0.0,0.0,0.052686647416676995,0.2532236895688373,0.6940896630144856,0.052686647416676995,0.2532236895688373,0.6940896630144856
2016-03-10,,,2016-03-10,False,0.052686647416676995,0.2532236895688373,0.6940896630144856,0.0,0.0,0.0,0.05246923081570842,0.25208305326566277,0.6954477159186286,0.05246923081570842,0.25208305326566277,0.6954477159186286
2016-03-11,,,2016-03-11,False,0.05246923081570842,0.25208305326566277,0.6954477159186286,0.0,0.0,0.0,0.05244406004211969,0.25466784624824207,0.6928880937096381,0.05244406004211969,0.25466784624824207,0.6928880937096381
2016-03-14,,,2016-03-14,False,0.05244406004211969,0.25466784624824207,0.6928880937096381,0.0,0.0,0.0,0.052672893611100245,0.254051144040961,0.6932759623479386,0.052672893611100245,0.254051144040961,0.6932759623479386
2016-03-15,,,2016-03-15,False,0.052672893611100245,0.254051144040961,0.6932759623479386,0.0,0.0,0.0,0.05239088781099688,0.25082168918603026,0.6967874230029728,0.05239088781099688,0.25082168918603026,0.6967874230029728
2016-03-16,,,2016-03-16,False,0.05239088781099688,0.25082168918603026,0.6967874230029728,0.0,0.0,0.0,0.052680073833103296,0.25025086611237096,0.6970690600545256,0.052680073833103296,0.25025086611237096,0.6970690600545256
2016-03-17,,,2016-03-17,False,0.052680073833103296,0.25025086611237096,0.6970690600545256,0.0,0.0,0.0,0.05257251221825217,0.2530595278611044,0.6943679599206433,0.05257251221825217,0.2530595278611044,0.6943679599206433
2016-03-18,,,2016-03-18,False,0.05257251221825217,0.2530595278611044,0.6943679599206433,0.0,0.0,0.0,0.05331697699344295,0.2509907261734641,0.6956922968330929,0.05331697699344295,0.2509907261734641,0.6956922968330929
2016-03-21,,,2016-03-21,False,0.05331697699344295,0.2509907261734641,0.6956922968330929,0.0,0.0,0.0,0.05405401647655317,0.2497750137805856,0.6961709697428612,0.05405401647655317,0.2497750137805856,0.6961709697428612
2016-03-22,,,2016-03-22,False,0.05405401647655317,0.2497750137805856,0.6961709697428612,0.0,0.0,0.0,0.054123136122895606,0.24977793656814934,0.6960989273089551,0.054123136122895606,0.24977793656814934,0.6960989273089551
2016-03-23,2016-03-23,2016-03-23,2016-03-23,True,0.054123136122895606,0.24977793656814934,0.6960989273089551,0.05786185542041353,0.25002412763107684,0.6921140169485096,0.05786185542041353,0.25002412763107684,0.6921140169485096,0.05429228302157649,0.24757811948014719,0.6981295974982764
2016-03-28,,,2016-03-28,False,0.05786185542041353,0.25002412763107684,0.6921140169485096,0.0,0.0,0.0,0.0573710814241981,0.24724751949020793,0.6953813990855939,0.0573710814241981,0.24724751949020793,0.6953813990855939
2016-03-29,,,2016-03-29,False,0.0573710814241981,0.24724751949020793,0.6953813990855939,0.0,0.0,0.0,0.057190336658284324,0.24796748004384603,0.6948421832978695,0.057190336658284324,0.24796748004384603,0.6948421832978695
2016-03-30,,,2016-03-30,False,0.057190336658284324,0.24796748004384603,0.6948421832978695,0.0,0.0,0.0,0.0580212729611581,0.24963566553421815,0.6923430615046237,0.0580212729611581,0.24963566553421815,0.6923430615046237
2016-03-31,,,2016-03-31,False,0.0580212729611581,0.24963566553421815,0.6923430615046237,0.0,0.0,0.0,0.05792650971959814,0.24857225184930357,0.6935012384310982,0.05792650971959814,0.24857225184930357,0.6935012384310982
2016-04-01,,,2016-04-01,False,0.05792650971959814,0.24857225184930357,0.6935012384310982,0.0,0.0,0.0,0.05766369210146961,0.24971990302364525,0.6926164048748852,0.05766369210146961,0.24971990302364525,0.6926164048748852
2016-04-04,,,2016-04-04,False,0.05766369210146961,0.24971990302364525,0.6926164048748852,0.0,0.0,0.0,0.058162114613892715,0.2473541084487245,0.6944837769373828,0.058162114613892715,0.2473541084487245,0.6944837769373828
2016-04-05,,,2016-04-05,False,0.058162114613892715,0.2473541084487245,0.6944837769373828,0.0,0.0,0.0,0.05682514048767214,0.25076197439263864,0.6924128851196891,0.05682514048767214,0.25076197439263864,0.6924128851196891
2016-04-06,,,2016-04-06,False,0.05682514048767214,0.25076197439263864,0.6924128851196891,0.0,0.0,0.0,0.05690304510336703,0.25075742313847255,0.6923395317581603,0.05690304510336703,0.25075742313847255,0.6923395317581603
2016-04-07,,,2016-04-07,False,0.05690304510336703,0.25075742313847255,0.6923395317581603,0.0,0.0,0.0,0.056287833140112785,0.2526885840381298,0.6910235828217574,0.056287833140112785,0.2526885840381298,0.6910235828217574
2016-04-08,,,2016-04-08,False,0.056287833140112785,0.2526885840381298,0.6910235828217574,0.0,0.0,0.0,0.056294089865275516,0.2534131970690858,0.6902927130656387,0.056294089865275516,0.2534131970690858,0.6902927130656387
2016-04-11,,,2016-04-11,False,0.056294089865275516,0.2534131970690858,0.6902927130656387,0.0,0.0,0.0,0.057096547337315166,0.25336851978759384,0.6895349328750912,0.057096547337315166,0.25336851978759384,0.6895349328750912
2016-04-12,,,2016-04-12,False,0.057096547337315166,0.25336851978759384,0.6895349328750912,0.0,0.0,0.0,0.05721249939159639,0.2552178008017804,0.6875696998066233,0.05721249939159639,0.2552178008017804,0.6875696998066233
2016-04-13,,,2016-04-13,False,0.05721249939159639,0.2552178008017804,0.6875696998066233,0.0,0.0,0.0,0.0583157670321093,0.25348770318201513,0.6881965297858756,0.0583157670321093,0.25348770318201513,0.6881965297858756
2016-04-18,,,2016-04-18,False,0.0583157670321093,0.25348770318201513,0.6881965297858756,0.0,0.0,0.0,0.05868231483965707,0.25441720935172174,0.6869004758086212,0.05868231483965707,0.25441720935172174,0.6869004758086212
2016-04-20,,,2016-04-20,False,0.05868231483965707,0.25441720935172174,0.6869004758086212,0.0,0.0,0.0,0.05864408428474333,0.2549072637776037,0.6864486519376529,0.05864408428474333,0.2549072637776037,0.6864486519376529
2016-04-21,,,2016-04-21,False,0.05864408428474333,0.2549072637776037,0.6864486519376529,0.0,0.0,0.0,0.05846701398787972,0.25692343989287547,0.6846095461192448,0.05846701398787972,0.25692343989287547,0.6846095461192448
2016-04-22,,,2016-04-22,False,0.05846701398787972,0.25692343989287547,0.6846095461192448,0.0,0.0,0.0,0.05845943712460642,0.2559148741956882,0.6856256886797055,0.05845943712460642,0.2559148741956882,0.6856256886797055
2016-04-25,,,2016-04-25,False,0.05845943712460642,0.2559148741956882,0.6856256886797055,0.0,0.0,0.0,0.05829493937170054,0.2541571594027606,0.6875479012255389,0.05829493937170054,0.2541571594027606,0.6875479012255389
2016-04-26,,,2016-04-26,False,0.05829493937170054,0.2541571594027606,0.6875479012255389,0.0,0.0,0.0,0.05903753626032813,0.2540654112953387,0.6868970524443333,0.05903753626032813,0.2540654112953387,0.6868970524443333
2016-04-27,,,2016-04-27,False,0.05903753626032813,0.2540654112953387,0.6868970524443333,0.0,0.0,0.0,0.0590665531295358,0.2551843677363672,0.6857490791340972,0.0590665531295358,0.2551843677363672,0.6857490791340972
2016-04-28,2016-04-28,2016-04-28,2016-04-28,True,0.0590665531295358,0.2551843677363672,0.6857490791340972,0.4499999998377308,0.35000000012750204,0.20000000003476393,0.4499999998377308,0.35000000012750204,0.20000000003476393,0.057998596136241344,0.2572759757042423,0.6847254281595168
2016-04-29,,,2016-04-29,False,0.4499999998377308,0.35000000012750204,0.20000000003476393,0.0,0.0,0.0,0.4480603078000678,0.35221516698545946,0.19972452521446946,0.4480603078000678,0.35221516698545946,0.19972452521446946
2016-05-02,,,2016-05-02,False,0.4480603078000678,0.35221516698545946,0.19972452521446946,0.0,0.0,0.0,0.4449103420489601,0.35565389966113126,0.19943575828990548,0.4449103420489601,0.35565389966113126,0.19943575828990548
2016-05-03,,,2016-05-03,False,0.4449103420489601,0.35565389966113126,0.19943575828990548,0.0,0.0,0.0,0.4430175607687312,0.3568852947075773,0.2000971445236882,0.4430175607687312,0.3568852947075773,0.2000971445236882
2016-05-04,,,2016-05-04,False,0.4430175607687312,0.3568852947075773,0.2000971445236882,0.0,0.0,0.0,0.44332759877534134,0.3553842158742764,0.20128818535037898,0.44332759877534134,0.3553842158742764,0.20128818535037898
2016-05-05,,,2016-05-05,False,0.44332759877534134,0.3553842158742764,0.20128818535037898,0.0,0.0,0.0,0.44469393584688155,0.3541531530052455,0.20115291114786976,0.44469393584688155,0.3541531530052455,0.20115291114786976
2016-05-06,,,2016-05-06,False,0.44469393584688155,0.3541531530052455,0.20115291114786976,0.0,0.0,0.0,0.4437254980765999,0.35550833900707984,0.20076616291631713,0.4437254980765999,0.35550833900707984,0.20076616291631713
2016-05-09,,,2016-05-09,False,0.4437254980765999,0.35550833900707984,0.20076616291631713,0.0,0.0,0.0,0.4479973777376648,0.35271868930925865,0.19928393295307334,0.4479973777376648,0.35271868930925865,0.19928393295307334
2016-05-10,,,2016-05-10,False,0.4479973777376648,0.35271868930925865,0.19928393295307334,0.0,0.0,0.0,0.4492490604317894,0.3514612624728588,0.1992896770953486,0.4492490604317894,0.3514612624728588,0.1992896770953486
2016-05-11,,,2016-05-11,False,0.4492490604317894,0.3514612624728588,0.1992896770953486,0.0,0.0,0.0,0.44805652100174026,0.3521964753971952,0.19974700360106135,0.44805652100174026,0.3521964753971952,0.19974700360106135
2016-05-12,,,2016-05-12,False,0.44805652100174026,0.3521964753971952,0.19974700360106135,0.0,0.0,0.0,0.45054957908582555,0.349902586560405,0.19954783435376627,0.45054957908582555,0.349902586560405,0.19954783435376627
2016-05-13,,,2016-05-13,False,0.45054957908582555,0.349902586560405,0.19954783435376627,0.0,0.0,0.0,0.4468309262493233,0.35310306423162213,0.20006600951905146,0.4468309262493233,0.35310306423162213,0.20006600951905146
2016-05-16,,,2016-05-16,False,0.4468309262493233,0.35310306423162213,0.20006600951905146,0.0,0.0,0.0,0.4475275635887866,0.3532651448649949,0.1992072915462154,0.4475275635887866,0.3532651448649949,0.1992072915462154
2016-05-17,,,2016-05-17,False,0.4475275635887866,0.3532651448649949,0.1992072915462154,0.0,0.0,0.0,0.44874674150595617,0.35226084035319183,0.198992418140849,0.44874674150595617,0.35226084035319183,0.198992418140849
2016-05-18,,,2016-05-18,False,0.44874674150595617,0.35226084035319183,0.198992418140849,0.0,0.0,0.0,0.4478772121070834,0.35299610129495135,0.19912668659796218,0.4478772121070834,0.35299610129495135,0.19912668659796218
2016-05-19,,,2016-05-19,False,0.4478772121070834,0.35299610129495135,0.19912668659796218,0.0,0.0,0.0,0.4452970201813384,0.3545168654873494,0.20018611433130915,0.4452970201813384,0.3545168654873494,0.20018611433130915
2016-05-20,,,2016-05-20,False,0.4452970201813384,0.3545168654873494,0.20018611433130915,0.0,0.0,0.0,0.4445735691468025,0.3546983354745948,0.20072809537859956,0.4445735691468025,0.3546983354745948,0.20072809537859956
2016-05-23,,,2016-05-23,False,0.4445735691468025,0.3546983354745948,0.20072809537859956,0.0,0.0,0.0,0.4442008806281692,0.35475357636641497,0.20104554300541272,0.4442008806281692,0.35475357636641497,0.20104554300541272
2016-05-24,,,2016-05-24,False,0.4442008806281692,0.35475357636641497,0.20104554300541272,0.0,0.0,0.0,0.4457340918087845,0.3529917500424043,0.20127415814880817,0.4457340918087845,0.3529917500424043,0.20127415814880817
2016-05-25,,,2016-05-25,False,0.4457340918087845,0.3529917500424043,0.20127415814880817,0.0,0.0,0.0,0.45342868351131294,0.3466233630334589,0.19994795345522515,0.45342868351131294,0.3466233630334589,0.19994795345522515
2016-05-26,,,2016-05-26,False,0.45342868351131294,0.3466233630334589,0.19994795345522515,0.0,0.0,0.0,0.45668683004156546,0.3452894112656733,0.19802375869275826,0.45668683004156546,0.3452894112656733,0.19802375869275826
2016-05-27,2016-05-27,2016-05-27,2016-05-27,True,0.45668683004156546,0.3452894112656733,0.19802375869275826,0.4499999998316633,0.35000000008074095,0.20000000008759242,0.4499999998316633,0.35000000008074095,0.20000000008759242,0.4596691777597242,0.3431398322256669,0.19719099001460602
2016-05-30,,,2016-05-30,False,0.4499999998316633,0.35000000008074095,0.20000000008759242,0.0,0.0,0.0,0.4529774393058525,0.34623711978453287,0.20078544090961123,0.4529774393058525,0.34623711978453287,0.20078544090961123
2016-05-31,,,2016-05-31,False,0.4529774393058525,0.34623711978453287,0.20078544090961123,0.0,0.0,0.0,0.4518758599009101,0.3466587394214101,0.20146540067767646,0.4518758599009101,0.3466587394214101,0.20146540067767646
2016-06-01,,,2016-06-01,False,0.4518758599009101,0.3466587394214101,0.20146540067767646,0.0,0.0,0.0,0.4522084018481444,0.34666718743952796,0.20112441071232445,0.4522084018481444,0.34666718743952796,0.20112441071232445
2016-06-02,,,2016-06-02,False,0.4522084018481444,0.34666718743952796,0.20112441071232445,0.0,0.0,0.0,0.4546450096359785,0.34410637700493796,0.20124861335908045,0.4546450096359785,0.34410637700493796,0.20124861335908045
2016-06-03,,,2016-06-03,False,0.4546450096359785,0.34410637700493796,0.20124861335908045,0.0,0.0,0.0,0.45480496783287416,0.34392090845302214,0.20127412371410058,0.45480496783287416,0.34392090845302214,0.20127412371410058
2016-06-06,,,2016-06-06,False,0.45480496783287416,0.34392090845302214,0.20127412371410058,0.0,0.0,0.0,0.451555494412951,0.3481293220993859,0.20031518348766,0.451555494412951,0.3481293220993859,0.20031518348766
2016-06-07,,,2016-06-07,False,0.451555494412951,0.3481293220993859,0.20031518348766,0.0,0.0,0.0,0.454750308751774,0.34511113338787286,0.20013855786034998,0.454750308751774,0.34511113338787286,0.20013855786034998
2016-06-08,,,2016-06-08,False,0.454750308751774,0.34511113338787286,0.20013855786034998,0.0,0.0,0.0,0.4550172594822397,0.34488857789329336,0.20009416262446386,0.4550172594822397,0.34488857789329336,0.20009416262446386
2016-06-09,,,2016-06-09,False,0.4550172594822397,0.34488857789329336,0.20009416262446386,0.0,0.0,0.0,0.4521616338837579,0.3473144993222848,0.20052386679395426,0.4521616338837579,0.3473144993222848,0.20052386679395426
2016-06-10,,,2016-06-10,False,0.4521616338837579,0.3473144993222848,0.20052386679395426,0.0,0.0,0.0,0.45024660896178853,0.34925884483046143,0.2004945462077469,0.45024660896178853,0.34925884483046143,0.2004945462077469
2016-06-13,,,2016-06-13,False,0.45024660896178853,0.34925884483046143,0.2004945462077469,0.0,0.0,0.0,0.4468319523753157,0.35273559085296147,0.20043245677171964,0.4468319523753157,0.35273559085296147,0.20043245677171964
2016-06-14,,,2016-06-14,False,0.4468319523753157,0.35273559085296147,0.20043245677171964,0.0,0.0,0.0,0.446772793909244,0.35277803532140883,0.200449170769344,0.446772793909244,0.35277803532140883,0.200449170769344
2016-06-15,,,2016-06-15,False,0.446772793909244,0.35277803532140883,0.200449170769344,0.0,0.0,0.0,0.4500690053228441,0.3504081273539079,0.19952286732324478,0.4500690053228441,0.3504081273539079,0.19952286732324478
2016-06-16,,,2016-06-16,False,0.4500690053228441,0.3504081273539079,0.19952286732324478,0.0,0.0,0.0,0.4453929677999571,0.35555997789330684,0.19904705430673286,0.4453929677999571,0.35555997789330684,0.19904705430673286
2016-06-17,,,2016-06-17,False,0.4453929677999571,0.35555997789330684,0.19904705430673286,0.0,0.0,0.0,0.44819102149360485,0.35223345786817684,0.19957552063821513,0.44819102149360485,0.35223345786817684,0.19957552063821513
2016-06-20,,,2016-06-20,False,0.44819102149360485,0.35223345786817684,0.19957552063821513,0.0,0.0,0.0,0.45044590525581407,0.35063736335131357,0.1989167313928692,0.45044590525581407,0.35063736335131357,0.1989167313928692
2016-06-21,,,2016-06-21,False,0.45044590525581407,0.35063736335131357,0.1989167313928692,0.0,0.0,0.0,0.4497233920973302,0.35122956043460585,0.19904704746806076,0.4497233920973302,0.35122956043460585,0.19904704746806076
2016-06-22,,,2016-06-22,False,0.4497233920973302,0.35122956043460585,0.19904704746806076,0.0,0.0,0.0,0.45058683116334675,0.34959014292449875,0.19982302591215134,0.45058683116334675,0.34959014292449875,0.19982302591215134
2016-06-23,,,2016-06-23,False,0.45058683116334675,0.34959014292449875,0.19982302591215134,0.0,0.0,0.0,0.4532422761784646,0.3473793368087937,0.19937838701273855,0.4532422761784646,0.3473793368087937,0.19937838701273855
2016-06-24,,,2016-06-24,False,0.4532422761784646,0.3473793368087937,0.19937838701273855,0.0,0.0,0.0,0.44220712266801027,0.3588954406377679,0.19889743669421858,0.44220712266801027,0.3588954406377679,0.19889743669421858
2016-06-27,2016-06-27,2016-06-27,2016-06-27,True,0.44220712266801027,0.3588954406377679,0.19889743669421858,0.450000002361517,0.35000000369816725,0.1999999939403082,0.450000002361517,0.35000000369816725,0.1999999939403082,0.4407771053460894,0.3611180587753361,0.19810483587857122
2016-06-28,,,2016-06-28,False,0.450000002361517,0.35000000369816725,0.1999999939403082,0.0,0.0,0.0,0.4506550124058212,0.34987077685563045,0.19947421073854077,0.4506550124058212,0.34987077685563045,0.19947421073854077
2016-06-29,,,2016-06-29,False,0.4506550124058212,0.34987077685563045,0.19947421073854077,0.0,0.0,0.0,0.45429726755070204,0.3464828370240385,0.199219895425252,0.45429726755070204,0.3464828370240385,0.199219895425252
2016-06-30,,,2016-06-30,False,0.45429726755070204,0.3464828370240385,0.199219895425252,0.0,0.0,0.0,0.4569330503185184,0.3439682971658851,0.19909865251558911,0.4569330503185184,0.3439682971658851,0.19909865251558911
2016-07-01,,,2016-07-01,False,0.4569330503185184,0.3439682971658851,0.19909865251558911,0.0,0.0,0.0,0.456760259711039,0.3451865902545644,0.19805315003438922,0.456760259711039,0.3451865902545644,0.19805315003438922
2016-07-04,,,2016-07-04,False,0.456760259711039,0.3451865902545644,0.19805315003438922,0.0,0.0,0.0,0.4572266879106245,0.34552096700401064,0.19725234508535755,0.4572266879106245,0.34552096700401064,0.19725234508535755
2016-07-05,,,2016-07-05,False,0.4572266879106245,0.34552096700401064,0.19725234508535755,0.0,0.0,0.0,0.4566604358439733,0.34551024039180267,0.19782932376421664,0.4566604358439733,0.34551024039180267,0.19782932376421664
2016-07-07,,,2016-07-07,False,0.4566604358439733,0.34551024039180267,0.19782932376421664,0.0,0.0,0.0,0.4550805864608267,0.3478206057059538,0.19709880783321218,0.4550805864608267,0.3478206057059538,0.19709880783321218
2016-07-08,,,2016-07-08,False,0.4550805864608267,0.3478206057059538,0.19709880783321218,0.0,0.0,0.0,0.4548076534865724,0.3478638465614873,0.19732849995193297,0.4548076534865724,0.3478638465614873,0.19732849995193297
2016-07-11,,,2016-07-11,False,0.4548076534865724,0.3478638465614873,0.19732849995193297,0.0,0.0,0.0,0.45870475306930786,0.345676762246764,0.19561848468392093,0.45870475306930786,0.345676762246764,0.19561848468392093
2016-07-12,,,2016-07-12,False,0.45870475306930786,0.345676762246764,0.19561848468392093,0.0,0.0,0.0,0.46156642151787125,0.3428224791012502,0.19561109938087134,0.46156642151787125,0.3428224791012502,0.19561109938087134
2016-07-13,,,2016-07-13,False,0.46156642151787125,0.3428224791012502,0.19561109938087134,0.0,0.0,0.0,0.4621848909622149,0.34190627150059105,0.19590883753718677,0.4621848909622149,0.34190627150059105,0.19590883753718677
2016-07-14,,,2016-07-14,False,0.4621848909622149,0.34190627150059105,0.19590883753718677,0.0,0.0,0.0,0.4639010982777566,0.34050720045278443,0.19559170126945163,0.4639010982777566,0.34050720045278443,0.19559170126945163
2016-07-15,,,2016-07-15,False,0.4639010982777566,0.34050720045278443,0.19559170126945163,0.0,0.0,0.0,0.4633448044207413,0.3407582755723937,0.19589692000685766,0.4633448044207413,0.3407582755723937,0.19589692000685766
2016-07-18,,,2016-07-18,False,0.4633448044207413,0.3407582755723937,0.19589692000685766,0.0,0.0,0.0,0.463111952381545,0.34033709227250714,0.19655095534594044,0.463111952381545,0.34033709227250714,0.19655095534594044
2016-07-19,,,2016-07-19,False,0.463111952381545,0.34033709227250714,0.19655095534594044,0.0,0.0,0.0,0.4633273256690804,0.340490015735832,0.19618265859508013,0.4633273256690804,0.340490015735832,0.19618265859508013
2016-07-20,,,2016-07-20,False,0.4633273256690804,0.340490015735832,0.19618265859508013,0.0,0.0,0.0,0.4647116461345518,0.3393743401896329,0.1959140136758079,0.4647116461345518,0.3393743401896329,0.1959140136758079
2016-07-21,,,2016-07-21,False,0.4647116461345518,0.3393743401896329,0.1959140136758079,0.0,0.0,0.0,0.4631783320261868,0.34027486599047474,0.19654680198333105,0.4631783320261868,0.34027486599047474,0.19654680198333105
2016-07-22,,,2016-07-22,False,0.4631783320261868,0.34027486599047474,0.19654680198333105,0.0,0.0,0.0,0.4639524004635901,0.3398891972186538,0.19615840231774864,0.4639524004635901,0.3398891972186538,0.19615840231774864
2016-07-25,,,2016-07-25,False,0.4639524004635901,0.3398891972186538,0.19615840231774864,0.0,0.0,0.0,0.4671308638636182,0.33752701396212553,0.19534212217424898,0.4671308638636182,0.33752701396212553,0.19534212217424898
2016-07-26,,,2016-07-26,False,0.4671308638636182,0.33752701396212553,0.19534212217424898,0.0,0.0,0.0,0.46502905967503383,0.3394890912012805,0.19548184912367841,0.46502905967503383,0.3394890912012805,0.19548184912367841
2016-07-27,2016-07-27,2016-07-27,2016-07-27,True,0.46502905967503383,0.3394890912012805,0.19548184912367841,0.45000000986450533,0.3500000040280873,0.19999998610741473,0.45000000986450533,0.3500000040280873,0.19999998610741473,0.46617529298944377,0.33843303734150065,0.19539166966904845
2016-07-28,,,2016-07-28,False,0.45000000986450533,0.3500000040280873,0.19999998610741473,0.0,0.0,0.0,0.4503571868271082,0.3506504406666158,0.19899237250628324,0.4503571868271082,0.3506504406666158,0.19899237250628324
2016-07-29,,,2016-07-29,False,0.4503571868271082,0.3506504406666158,0.19899237250628324,0.0,0.0,0.0,0.4496705261083696,0.35030920176619357,0.20002027212544407,0.4496705261083696,0.35030920176619357,0.20002027212544407
2016-08-01,,,2016-08-01,False,0.4496705261083696,0.35030920176619357,0.20002027212544407,0.0,0.0,0.0,0.446857332564523,0.3543288630205986,0.19881380441488558,0.446857332564523,0.3543288630205986,0.19881380441488558
2016-08-02,,,2016-08-02,False,0.446857332564523,0.3543288630205986,0.19881380441488558,0.0,0.0,0.0,0.4446049214175514,0.35727028579843023,0.19812479278402542,0.4446049214175514,0.35727028579843023,0.19812479278402542
2016-08-03,,,2016-08-03,False,0.4446049214175514,0.35727028579843023,0.19812479278402542,0.0,0.0,0.0,0.4419450525938604,0.3593165506654143,0.19873839674073243,0.4419450525938604,0.3593165506654143,0.19873839674073243
2016-08-04,,,2016-08-04,False,0.4419450525938604,0.3593165506654143,0.19873839674073243,0.0,0.0,0.0,0.44264956406465245,0.3584427704054486,0.19890766552990607,0.44264956406465245,0.3584427704054486,0.19890766552990607
2016-08-05,,,2016-08-05,False,0.44264956406465245,0.3584427704054486,0.19890766552990607,0.0,0.0,0.0,0.444619895929074,0.35862341826805416,0.1967566858028789,0.444619895929074,0.35862341826805416,0.1967566858028789
2016-08-08,,,2016-08-08,False,0.444619895929074,0.35862341826805416,0.1967566858028789,0.0,0.0,0.0,0.449536282420636,0.35217535101985453,0.19828836655951665,0.449536282420636,0.35217535101985453,0.19828836655951665
2016-08-09,,,2016-08-09,False,0.449536282420636,0.35217535101985453,0.19828836655951665,0.0,0.0,0.0,0.4475810653013143,0.35424000545822104,0.1981789292404718,0.4475810653013143,0.35424000545822104,0.1981789292404718
2016-08-10,,,2016-08-10,False,0.4475810653013143,0.35424000545822104,0.1981789292404718,0.0,0.0,0.0,0.44324395474045986,0.3581413229030294,0.19861472235651786,0.44324395474045986,0.3581413229030294,0.19861472235651786
2016-08-11,,,2016-08-11,False,0.44324395474045986,0.3581413229030294,0.19861472235651786,0.0,0.0,0.0,0.44441890240010135,0.35683043673992154,0.1987506608599842,0.44441890240010135,0.35683043673992154,0.1987506608599842
2016-08-12,,,2016-08-12,False,0.44441890240010135,0.35683043673992154,0.1987506608599842,0.0,0.0,0.0,0.4442143135571759,0.35712652071844186,0.19865916572438932,0.4442143135571759,0.35712652071844186,0.19865916572438932
2016-08-16,,,2016-08-16,False,0.4442143135571759,0.35712652071844186,0.19865916572438932,0.0,0.0,0.0,0.44666758216421937,0.35474100213570475,0.19859141570008285,0.44666758216421937,0.35474100213570475,0.19859141570008285
2016-08-17,,,2016-08-17,False,0.44666758216421937,0.35474100213570475,0.19859141570008285,0.0,0.0,0.0,0.446376985405372,0.3547350662002444,0.19888794839439053,0.446376985405372,0.3547350662002444,0.19888794839439053
2016-08-18,,,2016-08-18,False,0.446376985405372,0.3547350662002444,0.19888794839439053,0.0,0.0,0.0,0.44686435005564906,0.3551600019865746,0.19797564795778314,0.44686435005564906,0.3551600019865746,0.19797564795778314
2016-08-19,,,2016-08-19,False,0.44686435005564906,0.3551600019865746,0.19797564795778314,0.0,0.0,0.0,0.44659193320318036,0.3554081545118972,0.1979999122849293,0.44659193320318036,0.3554081545118972,0.1979999122849293
2016-08-22,,,2016-08-22,False,0.44659193320318036,0.3554081545118972,0.1979999122849293,0.0,0.0,0.0,0.44612124088571764,0.3552243043471295,0.19865445476715976,0.44612124088571764,0.3552243043471295,0.19865445476715976
2016-08-23,,,2016-08-23,False,0.44612124088571764,0.3552243043471295,0.19865445476715976,0.0,0.0,0.0,0.4465838674652496,0.3546351297697747,0.19878100276498256,0.4465838674652496,0.3546351297697747,0.19878100276498256
2016-08-24,,,2016-08-24,False,0.4465838674652496,0.3546351297697747,0.19878100276498256,0.0,0.0,0.0,0.44689281690991084,0.35459568838421685,0.19851149470587925,0.44689281690991084,0.35459568838421685,0.19851149470587925
2016-08-25,,,2016-08-25,False,0.44689281690991084,0.35459568838421685,0.19851149470587925,0.0,0.0,0.0,0.4463539115409211,0.35403122016382604,0.19961486829525985,0.4463539115409211,0.35403122016382604,0.19961486829525985
2016-08-26,2016-08-26,2016-08-26,2016-08-26,True,0.4463539115409211,0.35403122016382604,0.19961486829525985,0.4500000175999967,0.3500000048444989,0.199999977555521,0.4500000175999967,0.3500000048444989,0.199999977555521,0.44524299888920427,0.35518457943793985,0.19957242167286288
2016-08-29,,,2016-08-29,False,0.4500000175999967,0.3500000048444989,0.199999977555521,0.0,0.0,0.0,0.45241490345759716,0.3473250551063263,0.2002600414360932,0.45241490345759716,0.3473250551063263,0.2002600414360932
2016-08-30,,,2016-08-30,False,0.45241490345759716,0.3473250551063263,0.2002600414360932,0.0,0.0,0.0,0.45644430188730967,0.3446752022662949,0.19888049584641188,0.45644430188730967,0.3446752022662949,0.19888049584641188
2016-08-31,,,2016-08-31,False,0.45644430188730967,0.3446752022662949,0.19888049584641188,0.0,0.0,0.0,0.4574324315692732,0.34352561798166625,0.19904195044907685,0.4574324315692732,0.34352561798166625,0.19904195044907685
2016-09-01,,,2016-09-01,False,0.4574324315692732,0.34352561798166625,0.19904195044907685,0.0,0.0,0.0,0.4587686961304855,0.3413451482536828,0.19988615561584813,0.4587686961304855,0.3413451482536828,0.19988615561584813
2016-09-02,,,2016-09-02,False,0.4587686961304855,0.3413451482536828,0.19988615561584813,0.0,0.0,0.0,0.4594394136374237,0.3411774900996821,0.19938309626291062,0.4594394136374237,0.3411774900996821,0.19938309626291062
2016-09-06,,,2016-09-06,False,0.4594394136374237,0.3411774900996821,0.19938309626291062,0.0,0.0,0.0,0.4622626784351364,0.3401202945446118,0.19761702702026815,0.4622626784351364,0.3401202945446118,0.19761702702026815
2016-09-07,,,2016-09-07,False,0.4622626784351364,0.3401202945446118,0.19761702702026815,0.0,0.0,0.0,0.4599901573202228,0.3428119556565823,0.19719788702321128,0.4599901573202228,0.3428119556565823,0.19719788702321128
2016-09-08,,,2016-09-08,False,0.4599901573202228,0.3428119556565823,0.19719788702321128,0.0,0.0,0.0,0.4609739838435671,0.34217101502607744,0.1968550011303717,0.4609739838435671,0.34217101502607744,0.1968550011303717
2016-09-09,,,2016-09-09,False,0.4609739838435671,0.34217101502607744,0.1968550011303717,0.0,0.0,0.0,0.45957945525966903,0.3422599291647021,0.19816061557564527,0.45957945525966903,0.3422599291647021,0.19816061557564527
2016-09-12,,,2016-09-12,False,0.45957945525966903,0.3422599291647021,0.19816061557564527,0.0,0.0,0.0,0.45390030481453614,0.34699478773100256,0.19910490745447773,0.45390030481453614,0.34699478773100256,0.19910490745447773
2016-09-14,,,2016-09-14,False,0.45390030481453614,0.34699478773100256,0.19910490745447773,0.0,0.0,0.0,0.4548907527696637,0.3458213985707297,0.1992878486596231,0.4548907527696637,0.3458213985707297,0.1992878486596231
2016-09-15,,,2016-09-15,False,0.4548907527696637,0.3458213985707297,0.1992878486596231,0.0,0.0,0.0,0.456032816941244,0.3445455134598029,0.1994216695989696,0.456032816941244,0.3445455134598029,0.1994216695989696
2016-09-16,,,2016-09-16,False,0.456032816941244,0.3445455134598029,0.1994216695989696,0.0,0.0,0.0,0.4573647688917356,0.34347877414422695,0.19915645696405387,0.4573647688917356,0.34347877414422695,0.19915645696405387
2016-09-19,,,2016-09-19,False,0.4573647688917356,0.34347877414422695,0.19915645696405387,0.0,0.0,0.0,0.45733335655036356,0.344169348826109,0.19849729462354382,0.45733335655036356,0.344169348826109,0.19849729462354382
2016-09-20,,,2016-09-20,False,0.45733335655036356,0.344169348826109,0.19849729462354382,0.0,0.0,0.0,0.456165606310106,0.3451107172541104,0.19872367643579994,0.456165606310106,0.3451107172541104,0.19872367643579994
2016-09-21,,,2016-09-21,False,0.456165606310106,0.3451107172541104,0.19872367643579994,0.0,0.0,0.0,0.4558932747484227,0.34553198073161795,0.19857474451997573,0.4558932747484227,0.34553198073161795,0.19857474451997573
2016-09-22,,,2016-09-22,False,0.4558932747484227,0.34553198073161795,0.19857474451997573,0.0,0.0,0.0,0.45826566693652887,0.3441569066089691,0.19757742645451837,0.45826566693652887,0.3441569066089691,0.19757742645451837
2016-09-23,,,2016-09-23,False,0.45826566693652887,0.3441569066089691,0.19757742645451837,0.0,0.0,0.0,0.4571393077800502,0.34496770480589156,0.19789298741407466,0.4571393077800502,0.34496770480589156,0.19789298741407466
2016-09-26,,,2016-09-26,False,0.4571393077800502,0.34496770480589156,0.19789298741407466,0.0,0.0,0.0,0.4539743891094146,0.3470602988245053,0.19896531206609652,0.4539743891094146,0.3470602988245053,0.19896531206609652
2016-09-27,,,2016-09-27,False,0.4539743891094146,0.3470602988245053,0.19896531206609652,0.0,0.0,0.0,0.45395582298754883,0.3467065324335344,0.19933764457893324,0.45395582298754883,0.3467065324335344,0.19933764457893324
2016-09-28,2016-09-28,2016-09-28,2016-09-28,True,0.45395582298754883,0.3467065324335344,0.19933764457893324,0.6500000011287942,0.34999999941674276,0.0,0.6500000011287942,0.34999999941674276,0.0,0.45636908838112905,0.34412153828750763,0.1995093733313798
2016-09-29,,,2016-09-29,False,0.6500000011287942,0.34999999941674276,0.0,0.0,0.0,0.0,0.6427434462299373,0.35725655431917275,0.0,0.6427434462299373,0.35725655431917275,0.0
2016-09-30,,,2016-09-30,False,0.6427434462299373,0.35725655431917275,0.0,0.0,0.0,0.0,0.6452695435611545,0.3547304569888396,0.0,0.6452695435611545,0.3547304569888396,0.0
2016-10-03,,,2016-10-03,False,0.6452695435611545,0.3547304569888396,0.0,0.0,0.0,0.0,0.649201677891836,0.35079832265347055,0.0,0.649201677891836,0.35079832265347055,0.0
2016-10-04,,,2016-10-04,False,0.649201677891836,0.35079832265347055,0.0,0.0,0.0,0.0,0.6502109911364339,0.34978900940778657,0.0,0.6502109911364339,0.34978900940778657,0.0
2016-10-05,,,2016-10-05,False,0.6502109911364339,0.34978900940778657,0.0,0.0,0.0,0.0,0.6516244798147588,0.34837552073221667,0.0,0.6516244798147588,0.34837552073221667,0.0
2016-10-06,,,2016-10-06,False,0.6516244798147588,0.34837552073221667,0.0,0.0,0.0,0.0,0.6522110459353003,0.3477889546143298,0.0,0.6522110459353003,0.3477889546143298,0.0
2016-10-07,,,2016-10-07,False,0.6522110459353003,0.3477889546143298,0.0,0.0,0.0,0.0,0.6527233822604497,0.3472766182903679,0.0,0.6527233822604497,0.3472766182903679,0.0
2016-10-10,,,2016-10-10,False,0.6527233822604497,0.3472766182903679,0.0,0.0,0.0,0.0,0.6502007354778694,0.34979926507011383,0.0,0.6502007354778694,0.34979926507011383,0.0
2016-10-13,,,2016-10-13,False,0.6502007354778694,0.34979926507011383,0.0,0.0,0.0,0.0,0.649891934330161,0.35010806622621543,0.0,0.649891934330161,0.35010806622621543,0.0
2016-10-14,,,2016-10-14,False,0.649891934330161,0.35010806622621543,0.0,0.0,0.0,0.0,0.65075313492326,0.3492468656332013,0.0,0.65075313492326,0.3492468656332013,0.0
2016-10-17,,,2016-10-17,False,0.65075313492326,0.3492468656332013,0.0,0.0,0.0,0.0,0.6492261633384074,0.35077383722085304,0.0,0.6492261633384074,0.35077383722085304,0.0
2016-10-18,,,2016-10-18,False,0.6492261633384074,0.35077383722085304,0.0,0.0,0.0,0.0,0.6527270833670846,0.34727291718498665,0.0,0.6527270833670846,0.34727291718498665,0.0
2016-10-19,,,2016-10-19,False,0.6527270833670846,0.34727291718498665,0.0,0.0,0.0,0.0,0.6530471656803122,0.3469528348732291,0.0,0.6530471656803122,0.3469528348732291,0.0
2016-10-20,,,2016-10-20,False,0.6530471656803122,0.3469528348732291,0.0,0.0,0.0,0.0,0.6537072863738767,0.34629271417765717,0.0,0.6537072863738767,0.34629271417765717,0.0
2016-10-21,,,2016-10-21,False,0.6537072863738767,0.34629271417765717,0.0,0.0,0.0,0.0,0.6540033103063415,0.3459966902458451,0.0,0.6540033103063415,0.3459966902458451,0.0
2016-10-24,,,2016-10-24,False,0.6540033103063415,0.3459966902458451,0.0,0.0,0.0,0.0,0.6552045562353325,0.34479544431685843,0.0,0.6552045562353325,0.34479544431685843,0.0
2016-10-25,,,2016-10-25,False,0.6552045562353325,0.34479544431685843,0.0,0.0,0.0,0.0,0.6554286510136094,0.34457134953989216,0.0,0.6554286510136094,0.34457134953989216,0.0
2016-10-26,,,2016-10-26,False,0.6554286510136094,0.34457134953989216,0.0,0.0,0.0,0.0,0.6533497611265572,0.3466502394300591,0.0,0.6533497611265572,0.3466502394300591,0.0
2016-10-27,,,2016-10-27,False,0.6533497611265572,0.3466502394300591,0.0,0.0,0.0,0.0,0.6536487869051028,0.34635121365176835,0.0,0.6536487869051028,0.34635121365176835,0.0
2016-10-28,,,2016-10-28,False,0.6536487869051028,0.34635121365176835,0.0,0.0,0.0,0.0,0.6533086743455051,0.3466913262096103,0.0,0.6533086743455051,0.3466913262096103,0.0
2016-11-01,2016-11-01,2016-11-01,2016-11-01,True,0.6533086743455051,0.3466913262096103,0.0,0.19999631295346315,0.7999999317995122,3.7552470246413483e-06,0.19999631295346315,0.7999999317995122,3.7552470246413483e-06,0.6526029719362111,0.34739702861906,0.0
2016-11-02,,,2016-11-02,False,0.19999631295346315,0.7999999317995122,3.7552470246413483e-06,0.0,0.0,0.0,0.19639142886451638,0.8036048349584551,3.736177028424697e-06,0.19639142886451638,0.8036048349584551,3.736177028424697e-06
2016-11-03,,,2016-11-03,False,0.19639142886451638,0.8036048349584551,3.736177028424697e-06,0.0,0.0,0.0,0.19592375995905123,0.8040724999998803,3.740041068337748e-06,0.19592375995905123,0.8040724999998803,3.740041068337748e-06
2016-11-04,,,2016-11-04,False,0.19592375995905123,0.8040724999998803,3.740041068337748e-06,0.0,0.0,0.0,0.19461230581257952,0.8053839566277322,3.7375596880020273e-06,0.19461230581257952,0.8053839566277322,3.7375596880020273e-06
2016-11-07,,,2016-11-07,False,0.19461230581257952,0.8053839566277322,3.7375596880020273e-06,0.0,0.0,0.0,0.19630240117332043,0.8036938568936551,3.7419330242348874e-06,0.19630240117332043,0.8036938568936551,3.7419330242348874e-06
2016-11-08,,,2016-11-08,False,0.19630240117332043,0.8036938568936551,3.7419330242348874e-06,0.0,0.0,0.0,0.19671329757837655,0.8032829730649154,3.7293567078911807e-06,0.19671329757837655,0.8032829730649154,3.7293567078911807e-06
2016-11-09,,,2016-11-09,False,0.19671329757837655,0.8032829730649154,3.7293567078911807e-06,0.0,0.0,0.0,0.19223941202670314,0.8077568952550125,3.692718284275112e-06,0.19223941202670314,0.8077568952550125,3.692718284275112e-06
2016-11-10,,,2016-11-10,False,0.19223941202670314,0.8077568952550125,3.692718284275112e-06,0.0,0.0,0.0,0.19467321558166614,0.8053230860328939,3.6983854399189713e-06,0.19467321558166614,0.8053230860328939,3.6983854399189713e-06
2016-11-11,,,2016-11-11,False,0.19467321558166614,0.8053230860328939,3.6983854399189713e-06,0.0,0.0,0.0,0.19305410872589834,0.8069421222130432,3.7690610585447544e-06,0.19305410872589834,0.8069421222130432,3.7690610585447544e-06
2016-11-15,,,2016-11-15,False,0.19305410872589834,0.8069421222130432,3.7690610585447544e-06,0.0,0.0,0.0,0.19024466919798116,0.809751530579842,3.8002221770046777e-06,0.19024466919798116,0.809751530579842,3.8002221770046777e-06
2016-11-16,,,2016-11-16,False,0.19024466919798116,0.809751530579842,3.8002221770046777e-06,0.0,0.0,0.0,0.1905070947506135,0.8094891012628828,3.8039865039504203e-06,0.1905070947506135,0.8094891012628828,3.8039865039504203e-06
2016-11-17,,,2016-11-17,False,0.1905070947506135,0.8094891012628828,3.8039865039504203e-06,0.0,0.0,0.0,0.19175198583665753,0.8082441702839874,3.843879355206856e-06,0.19175198583665753,0.8082441702839874,3.843879355206856e-06
2016-11-18,,,2016-11-18,False,0.19175198583665753,0.8082441702839874,3.843879355206856e-06,0.0,0.0,0.0,0.19494301233757805,0.8050530769839982,3.910678424032157e-06,0.19494301233757805,0.8050530769839982,3.910678424032157e-06
2016-11-21,,,2016-11-21,False,0.19494301233757805,0.8050530769839982,3.910678424032157e-06,0.0,0.0,0.0,0.19140521623647314,0.8085908738384943,3.909925032880238e-06,0.19140521623647314,0.8085908738384943,3.909925032880238e-06
2016-11-22,,,2016-11-22,False,0.19140521623647314,0.8085908738384943,3.909925032880238e-06,0.0,0.0,0.0,0.19221332084623202,0.8077827886375888,3.890516179466931e-06,0.19221332084623202,0.8077827886375888,3.890516179466931e-06
2016-11-23,,,2016-11-23,False,0.19221332084623202,0.8077827886375888,3.890516179466931e-06,0.0,0.0,0.0,0.1926367992067356,0.8073593167896674,3.884003597279464e-06,0.1926367992067356,0.8073593167896674,3.884003597279464e-06
2016-11-24,,,2016-11-24,False,0.1926367992067356,0.8073593167896674,3.884003597279464e-06,0.0,0.0,0.0,0.19180928876456654,0.8081868109611023,3.900274331447433e-06,0.19180928876456654,0.8081868109611023,3.900274331447433e-06
2016-11-25,,,2016-11-25,False,0.19180928876456654,0.8081868109611023,3.900274331447433e-06,0.0,0.0,0.0,0.19655338659805596,0.803442689952661,3.9234492834610304e-06,0.19655338659805596,0.803442689952661,3.9234492834610304e-06
2016-11-28,,,2016-11-28,False,0.19655338659805596,0.803442689952661,3.9234492834610304e-06,0.0,0.0,0.0,0.1955079744438083,0.8044881290252669,3.896530925293944e-06,0.1955079744438083,0.8044881290252669,3.896530925293944e-06
2016-11-29,,,2016-11-29,False,0.1955079744438083,0.8044881290252669,3.896530925293944e-06,0.0,0.0,0.0,0.19589790667513077,0.804098196372958,3.8969519117657515e-06,0.19589790667513077,0.804098196372958,3.8969519117657515e-06
2016-11-30,,,2016-11-30,False,0.19589790667513077,0.804098196372958,3.8969519117657515e-06,0.0,0.0,0.0,0.19800877761211738,0.8019873101649305,3.91222295266074e-06,0.19800877761211738,0.8019873101649305,3.91222295266074e-06
2016-12-01,2016-12-01,2016-12-01,2016-12-01,True,0.19800877761211738,0.8019873101649305,3.91222295266074e-06,0.06566426344025518,0.2500179204010889,0.684317816158656,0.06566426344025518,0.2500179204010889,0.684317816158656,0.19917764174386948,0.8008184077227455,3.950533385596602e-06
2016-12-02,,,2016-12-02,False,0.06566426344025518,0.2500179204010889,0.684317816158656,0.0,0.0,0.0,0.06500708704678017,0.24863529474711624,0.6863576182061035,0.06500708704678017,0.24863529474711624,0.6863576182061035
2016-12-05,,,2016-12-05,False,0.06500708704678017,0.24863529474711624,0.6863576182061035,0.0,0.0,0.0,0.06538881369980613,0.24779270982567533,0.6868184764745185,0.06538881369980613,0.24779270982567533,0.6868184764745185
2016-12-06,,,2016-12-06,False,0.06538881369980613,0.24779270982567533,0.6868184764745185,0.0,0.0,0.0,0.06544547642923225,0.24834988623145748,0.6862046373393103,0.06544547642923225,0.24834988623145748,0.6862046373393103
2016-12-07,,,2016-12-07,False,0.06544547642923225,0.24834988623145748,0.6862046373393103,0.0,0.0,0.0,0.06519542253997462,0.24775410842994222,0.687050469030083,0.06519542253997462,0.24775410842994222,0.687050469030083
2016-12-08,,,2016-12-08,False,0.06519542253997462,0.24775410842994222,0.687050469030083,0.0,0.0,0.0,0.06623004733446371,0.24807108035850095,0.6856988723070351,0.06623004733446371,0.24807108035850095,0.6856988723070351
2016-12-09,,,2016-12-09,False,0.06623004733446371,0.24807108035850095,0.6856988723070351,0.0,0.0,0.0,0.06645120818737116,0.24680099159610314,0.6867478002165254,0.06645120818737116,0.24680099159610314,0.6867478002165254
2016-12-12,,,2016-12-12,False,0.06645120818737116,0.24680099159610314,0.6867478002165254,0.0,0.0,0.0,0.0658138958987663,0.2464537205190591,0.6877323835821743,0.0658138958987663,0.2464537205190591,0.6877323835821743
2016-12-13,,,2016-12-13,False,0.0658138958987663,0.2464537205190591,0.6877323835821743,0.0,0.0,0.0,0.06624964802476212,0.24575877370613616,0.6879915782691013,0.06624964802476212,0.24575877370613616,0.6879915782691013
2016-12-14,,,2016-12-14,False,0.06624964802476212,0.24575877370613616,0.6879915782691013,0.0,0.0,0.0,0.06598741883418421,0.24544873655135088,0.6885638446144645,0.06598741883418421,0.24544873655135088,0.6885638446144645
2016-12-15,,,2016-12-15,False,0.06598741883418421,0.24544873655135088,0.6885638446144645,0.0,0.0,0.0,0.06591662901593082,0.2438310737400001,0.6902522972440687,0.06591662901593082,0.2438310737400001,0.6902522972440687
2016-12-16,,,2016-12-16,False,0.06591662901593082,0.2438310737400001,0.6902522972440687,0.0,0.0,0.0,0.06599191757799368,0.24175942415923535,0.6922486582627705,0.06599191757799368,0.24175942415923535,0.6922486582627705
2016-12-19,,,2016-12-19,False,0.06599191757799368,0.24175942415923535,0.6922486582627705,0.0,0.0,0.0,0.06567586987075359,0.242406997197818,0.691917132931428,0.06567586987075359,0.242406997197818,0.691917132931428
2016-12-20,,,2016-12-20,False,0.06567586987075359,0.242406997197818,0.691917132931428,0.0,0.0,0.0,0.06554733467616713,0.24201426133225304,0.6924384039915794,0.06554733467616713,0.24201426133225304,0.6924384039915794
2016-12-21,,,2016-12-21,False,0.06554733467616713,0.24201426133225304,0.6924384039915794,0.0,0.0,0.0,0.0653946773928341,0.24197137569002322,0.6926339469171423,0.0653946773928341,0.24197137569002322,0.6926339469171423
2016-12-22,,,2016-12-22,False,0.0653946773928341,0.24197137569002322,0.6926339469171423,0.0,0.0,0.0,0.06485830965433581,0.24111182855458502,0.6940298617910787,0.06485830965433581,0.24111182855458502,0.6940298617910787
2016-12-23,,,2016-12-23,False,0.06485830965433581,0.24111182855458502,0.6940298617910787,0.0,0.0,0.0,0.06491809538428961,0.24099741740196823,0.6940844872137417,0.06491809538428961,0.24099741740196823,0.6940844872137417
2016-12-26,,,2016-12-26,False,0.06491809538428961,0.24099741740196823,0.6940844872137417,0.0,0.0,0.0,0.06424281514428987,0.24215473537659976,0.6936024494791099,0.06424281514428987,0.24215473537659976,0.6936024494791099
2016-12-27,,,2016-12-27,False,0.06424281514428987,0.24215473537659976,0.6936024494791099,0.0,0.0,0.0,0.06503076337152888,0.24375028969481208,0.6912189469336586,0.06503076337152888,0.24375028969481208,0.6912189469336586
2016-12-28,,,2016-12-28,False,0.06503076337152888,0.24375028969481208,0.6912189469336586,0.0,0.0,0.0,0.06490825295546447,0.2453255697814883,0.6897661772630468,0.06490825295546447,0.2453255697814883,0.6897661772630468
2016-12-29,,,2016-12-29,False,0.06490825295546447,0.2453255697814883,0.6897661772630468,0.0,0.0,0.0,0.06543025880292185,0.24517640410218444,0.6893933370948934,0.06543025880292185,0.24517640410218444,0.6893933370948934
2016-12-30,2016-12-30,2016-12-30,2016-12-30,True,0.06543025880292185,0.24517640410218444,0.6893933370948934,0.2000963306124683,0.7999007519359789,2.917451552965015e-06,0.2000963306124683,0.7999007519359789,2.917451552965015e-06,0.06578930703193792,0.24576645946768946,0.6884442335003722
2017-01-02,,,2017-01-02,False,0.2000963306124683,0.7999007519359789,2.917451552965015e-06,0.0,0.0,0.0,0.20036377619155524,0.7996333002359137,2.9235725311695165e-06,0.20036377619155524,0.7996333002359137,2.9235725311695165e-06
2017-01-03,,,2017-01-03,False,0.20036377619155524,0.7996333002359137,2.9235725311695165e-06,0.0,0.0,0.0,0.20138110933500886,0.7986159567928766,2.933872114663249e-06,0.20138110933500886,0.7986159567928766,2.933872114663249e-06
2017-01-04,,,2017-01-04,False,0.20138110933500886,0.7986159567928766,2.933872114663249e-06,0.0,0.0,0.0,0.19903060206598105,0.8009664977145509,2.9002194681521988e-06,0.19903060206598105,0.8009664977145509,2.9002194681521988e-06
2017-01-05,,,2017-01-05,False,0.19903060206598105,0.8009664977145509,2.9002194681521988e-06,0.0,0.0,0.0,0.19972163790937464,0.8002754810740419,2.8810165835573665e-06,0.19972163790937464,0.8002754810740419,2.8810165835573665e-06
2017-01-06,,,2017-01-06,False,0.19972163790937464,0.8002754810740419,2.8810165835573665e-06,0.0,0.0,0.0,0.19913247753174182,0.8008646395250857,2.8829431725372724e-06,0.19913247753174182,0.8008646395250857,2.8829431725372724e-06
2017-01-09,,,2017-01-09,False,0.19913247753174182,0.8008646395250857,2.8829431725372724e-06,0.0,0.0,0.0,0.19860904187977635,0.8013880800494222,2.878070801400672e-06,0.19860904187977635,0.8013880800494222,2.878070801400672e-06
2017-01-10,,,2017-01-10,False,0.19860904187977635,0.8013880800494222,2.878070801400672e-06,0.0,0.0,0.0,0.19899342867077172,0.8010037059705382,2.8653586900922605e-06,0.19899342867077172,0.8010037059705382,2.8653586900922605e-06
2017-01-11,,,2017-01-11,False,0.19899342867077172,0.8010037059705382,2.8653586900922605e-06,0.0,0.0,0.0,0.19960660658987842,0.8003905507914195,2.8426187019894786e-06,0.19960660658987842,0.8003905507914195,2.8426187019894786e-06
2017-01-12,,,2017-01-12,False,0.19960660658987842,0.8003905507914195,2.8426187019894786e-06,0.0,0.0,0.0,0.19904543041183131,0.8009517438854459,2.8257027227213534e-06,0.19904543041183131,0.8009517438854459,2.8257027227213534e-06
2017-01-13,,,2017-01-13,False,0.19904543041183131,0.8009517438854459,2.8257027227213534e-06,0.0,0.0,0.0,0.19929485501091787,0.8007023134381782,2.8315509038711916e-06,0.19929485501091787,0.8007023134381782,2.8315509038711916e-06
2017-01-16,,,2017-01-16,False,0.19929485501091787,0.8007023134381782,2.8315509038711916e-06,0.0,0.0,0.0,0.1986805161012672,0.8013166652812165,2.818617516275042e-06,0.1986805161012672,0.8013166652812165,2.818617516275042e-06
2017-01-17,,,2017-01-17,False,0.1986805161012672,0.8013166652812165,2.818617516275042e-06,0.0,0.0,0.0,0.19717002270432954,0.8028271751502893,2.8021453811356028e-06,0.19717002270432954,0.8028271751502893,2.8021453811356028e-06
2017-01-18,,,2017-01-18,False,0.19717002270432954,0.8028271751502893,2.8021453811356028e-06,0.0,0.0,0.0,0.19718847414349583,0.802808729774871,2.796081633169781e-06,0.19718847414349583,0.802808729774871,2.796081633169781e-06
2017-01-19,,,2017-01-19,False,0.19718847414349583,0.802808729774871,2.796081633169781e-06,0.0,0.0,0.0,0.19867745051967142,0.8013197383303892,2.811149939453992e-06,0.19867745051967142,0.8013197383303892,2.811149939453992e-06
2017-01-20,,,2017-01-20,False,0.19867745051967142,0.8013197383303892,2.811149939453992e-06,0.0,0.0,0.0,0.19690748122695545,0.8030897040529225,2.814720122204644e-06,0.19690748122695545,0.8030897040529225,2.814720122204644e-06
2017-01-23,,,2017-01-23,False,0.19690748122695545,0.8030897040529225,2.814720122204644e-06,0.0,0.0,0.0,0.19784477900193778,0.8021524070852134,2.813912849044757e-06,0.19784477900193778,0.8021524070852134,2.813912849044757e-06
2017-01-24,,,2017-01-24,False,0.19784477900193778,0.8021524070852134,2.813912849044757e-06,0.0,0.0,0.0,0.19944788599815053,0.8005493055020665,2.808499783113461e-06,0.19944788599815053,0.8005493055020665,2.808499783113461e-06
2017-01-25,,,2017-01-25,False,0.19944788599815053,0.8005493055020665,2.808499783113461e-06,0.0,0.0,0.0,0.20269085650060684,0.7973063314528598,2.812046533498676e-06,0.20269085650060684,0.7973063314528598,2.812046533498676e-06
2017-01-27,,,2017-01-27,False,0.20269085650060684,0.7973063314528598,2.812046533498676e-06,0.0,0.0,0.0,0.20530035918980857,0.79469680527814,2.8355320515277804e-06,0.20530035918980857,0.79469680527814,2.8355320515277804e-06
2017-01-30,,,2017-01-30,False,0.20530035918980857,0.79469680527814,2.8355320515277804e-06,0.0,0.0,0.0,0.206045724922881,0.7939514264205688,2.848656550324065e-06,0.206045724922881,0.7939514264205688,2.848656550324065e-06
2017-01-31,2017-01-31,2017-01-31,2017-01-31,True,0.206045724922881,0.7939514264205688,2.848656550324065e-06,0.39999999825016,0.6000000013329482,4.168948558430243e-10,0.39999999825016,0.6000000013329482,4.168948558430243e-10,0.2032201336800161,0.796777023534784,2.842785200121972e-06
2017-02-01,,,2017-02-01,False,0.39999999825016,0.6000000013329482,4.168948558430243e-10,0.0,0.0,0.0,0.4031618421048943,0.5968381574823993,4.127093680473313e-10,0.4031618421048943,0.5968381574823993,4.127093680473313e-10
2017-02-02,,,2017-02-02,False,0.4031618421048943,0.5968381574823993,4.127093680473313e-10,0.0,0.0,0.0,0.40264135815451907,0.5973586414341459,4.1133817448553273e-10,0.40264135815451907,0.5973586414341459,4.1133817448553273e-10
2017-02-03,,,2017-02-03,False,0.40264135815451907,0.5973586414341459,4.1133817448553273e-10,0.0,0.0,0.0,0.40374317844307733,0.5962568211447781,4.121476278194717e-10,0.40374317844307733,0.5962568211447781,4.121476278194717e-10
2017-02-06,,,2017-02-06,False,0.40374317844307733,0.5962568211447781,4.121476278194717e-10,0.0,0.0,0.0,0.4045478264443434,0.5954521731455106,4.1014898965380333e-10,0.4045478264443434,0.5954521731455106,4.1014898965380333e-10
2017-02-07,,,2017-02-07,False,0.4045478264443434,0.5954521731455106,4.1014898965380333e-10,0.0,0.0,0.0,0.40054914865928454,0.5994508509331067,4.076117313800541e-10,0.40054914865928454,0.5994508509331067,4.076117313800541e-10
2017-02-08,,,2017-02-08,False,0.40054914865928454,0.5994508509331067,4.076117313800541e-10,0.0,0.0,0.0,0.4000255653444087,0.5999744342485502,4.070440994348636e-10,0.4000255653444087,0.5999744342485502,4.070440994348636e-10
2017-02-09,,,2017-02-09,False,0.4000255653444087,0.5999744342485502,4.070440994348636e-10,0.0,0.0,0.0,0.40122358305401945,0.5987764165381554,4.0782826245591214e-10,0.40122358305401945,0.5987764165381554,4.0782826245591214e-10
2017-02-10,,,2017-02-10,False,0.40122358305401945,0.5987764165381554,4.0782826245591214e-10,0.0,0.0,0.0,0.4043969451196242,0.5956030544700334,4.103457040394113e-10,0.4043969451196242,0.5956030544700334,4.103457040394113e-10
2017-02-13,,,2017-02-13,False,0.4043969451196242,0.5956030544700334,4.103457040394113e-10,0.0,0.0,0.0,0.40538942443276144,0.5946105751564263,4.108155279225532e-10,0.40538942443276144,0.5946105751564263,4.108155279225532e-10
2017-02-14,,,2017-02-14,False,0.40538942443276144,0.5946105751564263,4.108155279225532e-10,0.0,0.0,0.0,0.40388213719960514,0.5961178623905207,4.098776474401026e-10,0.40388213719960514,0.5961178623905207,4.098776474401026e-10
2017-02-15,,,2017-02-15,False,0.40388213719960514,0.5961178623905207,4.098776474401026e-10,0.0,0.0,0.0,0.40293162628048296,0.5970683733074352,4.120852756918085e-10,0.40293162628048296,0.5970683733074352,4.120852756918085e-10
2017-02-16,,,2017-02-16,False,0.40293162628048296,0.5970683733074352,4.120852756918085e-10,0.0,0.0,0.0,0.40259145437105975,0.5974085452197103,4.0923338236743703e-10,0.40259145437105975,0.5974085452197103,4.0923338236743703e-10
2017-02-17,,,2017-02-17,False,0.40259145437105975,0.5974085452197103,4.0923338236743703e-10,0.0,0.0,0.0,0.4021644571162848,0.5978355424769406,4.0677817524463055e-10,0.4021644571162848,0.5978355424769406,4.0677817524463055e-10
2017-02-20,,,2017-02-20,False,0.4021644571162848,0.5978355424769406,4.0677817524463055e-10,0.0,0.0,0.0,0.40453109604740894,0.5954689035460763,4.0651833750737643e-10,0.40453109604740894,0.5954689035460763,4.0651833750737643e-10
2017-02-21,,,2017-02-21,False,0.40453109604740894,0.5954689035460763,4.0651833750737643e-10,0.0,0.0,0.0,0.4069705479230119,0.5930294516693372,4.0765444504439683e-10,0.4069705479230119,0.5930294516693372,4.0765444504439683e-10
2017-02-22,,,2017-02-22,False,0.4069705479230119,0.5930294516693372,4.0765444504439683e-10,0.0,0.0,0.0,0.404901332514327,0.5950986670809603,4.047162056972545e-10,0.404901332514327,0.5950986670809603,4.047162056972545e-10
2017-02-23,,,2017-02-23,False,0.404901332514327,0.5950986670809603,4.047162056972545e-10,0.0,0.0,0.0,0.40533540954624664,0.5946645900491738,4.045829424704449e-10,0.40533540954624664,0.5946645900491738,4.045829424704449e-10
2017-02-27,,,2017-02-27,False,0.40533540954624664,0.5946645900491738,4.045829424704449e-10,0.0,0.0,0.0,0.40229222272326853,0.5977077768732578,4.0347713978554744e-10,0.40229222272326853,0.5977077768732578,4.0347713978554744e-10
2017-02-28,,,2017-02-28,False,0.40229222272326853,0.5977077768732578,4.0347713978554744e-10,0.0,0.0,0.0,0.40233183779562787,0.5976681617989122,4.0546342165081277e-10,0.40233183779562787,0.5976681617989122,4.0546342165081277e-10
2017-03-01,,,2017-03-01,False,0.40233183779562787,0.5976681617989122,4.0546342165081277e-10,0.0,0.0,0.0,0.40491836433107903,0.5950816352638741,4.0505030379704615e-10,0.40491836433107903,0.5950816352638741,4.0505030379704615e-10
2017-03-02,2017-03-02,2017-03-02,2017-03-02,True,0.40491836433107903,0.5950816352638741,4.0505030379704615e-10,0.3999999467010335,0.0723014524787264,0.52769860082024,0.3999999467010335,0.0723014524787264,0.52769860082024,0.40425720273300775,0.5957427968605143,4.0648134858497515e-10
2017-03-03,,,2017-03-03,False,0.3999999467010335,0.0723014524787264,0.52769860082024,0.0,0.0,0.0,0.40020826880092797,0.07168774432535809,0.5281039868737138,0.40020826880092797,0.07168774432535809,0.5281039868737138
2017-03-06,,,2017-03-06,False,0.40020826880092797,0.07168774432535809,0.5281039868737138,0.0,0.0,0.0,0.4018535725857848,0.0717699900347197,0.5263764373794955,0.4018535725857848,0.0717699900347197,0.5263764373794955
2017-03-07,,,2017-03-07,False,0.4018535725857848,0.0717699900347197,0.5263764373794955,0.0,0.0,0.0,0.4016002957614251,0.0713870998798739,0.527012604358701,0.4016002957614251,0.0713870998798739,0.527012604358701
2017-03-08,,,2017-03-08,False,0.4016002957614251,0.0713870998798739,0.527012604358701,0.0,0.0,0.0,0.40128096246986433,0.07078675288443718,0.5279322846456985,0.40128096246986433,0.07078675288443718,0.5279322846456985
2017-03-09,,,2017-03-09,False,0.40128096246986433,0.07078675288443718,0.5279322846456985,0.0,0.0,0.0,0.40140595884963315,0.07066219449910363,0.5279318466512632,0.40140595884963315,0.07066219449910363,0.5279318466512632
2017-03-10,,,2017-03-10,False,0.40140595884963315,0.07066219449910363,0.5279318466512632,0.0,0.0,0.0,0.40175084048830983,0.07030506501039087,0.5279440945012993,0.40175084048830983,0.07030506501039087,0.5279440945012993
2017-03-14,,,2017-03-14,False,0.40175084048830983,0.07030506501039087,0.5279440945012993,0.0,0.0,0.0,0.40599169098387333,0.06944195199125089,0.5245663570248759,0.40599169098387333,0.06944195199125089,0.5245663570248759
2017-03-15,,,2017-03-15,False,0.40599169098387333,0.06944195199125089,0.5245663570248759,0.0,0.0,0.0,0.40629199839642355,0.068626493166788,0.5250815084367885,0.40629199839642355,0.068626493166788,0.5250815084367885
2017-03-16,,,2017-03-16,False,0.40629199839642355,0.068626493166788,0.5250815084367885,0.0,0.0,0.0,0.40775225675153526,0.06924555546779161,0.5230021877806731,0.40775225675153526,0.06924555546779161,0.5230021877806731
2017-03-17,,,2017-03-17,False,0.40775225675153526,0.06924555546779161,0.5230021877806731,0.0,0.0,0.0,0.40789035755058617,0.06929298017318802,0.5228166622762257,0.40789035755058617,0.06929298017318802,0.5228166622762257
2017-03-20,,,2017-03-20,False,0.40789035755058617,0.06929298017318802,0.5228166622762257,0.0,0.0,0.0,0.4069500371781413,0.0695462350611717,0.5235037277606869,0.4069500371781413,0.0695462350611717,0.5235037277606869
2017-03-21,,,2017-03-21,False,0.4069500371781413,0.0695462350611717,0.5235037277606869,0.0,0.0,0.0,0.4067939721165499,0.06959104772862446,0.5236149801548257,0.4067939721165499,0.06959104772862446,0.5236149801548257
2017-03-22,,,2017-03-22,False,0.4067939721165499,0.06959104772862446,0.5236149801548257,0.0,0.0,0.0,0.40406708449220424,0.07058906526913655,0.5253438502386593,0.40406708449220424,0.07058906526913655,0.5253438502386593
2017-03-23,,,2017-03-23,False,0.40406708449220424,0.07058906526913655,0.5253438502386593,0.0,0.0,0.0,0.4055125994227969,0.07049968378616045,0.5239877167910427,0.4055125994227969,0.07049968378616045,0.5239877167910427
2017-03-24,,,2017-03-24,False,0.4055125994227969,0.07049968378616045,0.5239877167910427,0.0,0.0,0.0,0.4061408097906129,0.07031518768931184,0.5235440025200753,0.4061408097906129,0.07031518768931184,0.5235440025200753
2017-03-27,,,2017-03-27,False,0.4061408097906129,0.07031518768931184,0.5235440025200753,0.0,0.0,0.0,0.4043746040325082,0.07073905695770827,0.5248863390097835,0.4043746040325082,0.07073905695770827,0.5248863390097835
2017-03-28,,,2017-03-28,False,0.4043746040325082,0.07073905695770827,0.5248863390097835,0.0,0.0,0.0,0.4059544155436152,0.07032783984702605,0.5237177446093587,0.4059544155436152,0.07032783984702605,0.5237177446093587
2017-03-29,,,2017-03-29,False,0.4059544155436152,0.07032783984702605,0.5237177446093587,0.0,0.0,0.0,0.4071394141046734,0.0700841317274008,0.5227764541679257,0.4071394141046734,0.0700841317274008,0.5227764541679257
2017-03-30,,,2017-03-30,False,0.4071394141046734,0.0700841317274008,0.5227764541679257,0.0,0.0,0.0,0.407947543239157,0.06994338681951678,0.5221090699413262,0.407947543239157,0.06994338681951678,0.5221090699413262
2017-03-31,,,2017-03-31,False,0.407947543239157,0.06994338681951678,0.5221090699413262,0.0,0.0,0.0,0.40743268507582303,0.06948149499481682,0.52308581992936,0.40743268507582303,0.06948149499481682,0.52308581992936
2017-04-03,2017-04-03,2017-04-03,2017-04-03,True,0.40743268507582303,0.06948149499481682,0.52308581992936,0.7999999999004818,1.5787304526272312e-08,0.1999999843122139,0.7999999999004818,1.5787304526272312e-08,0.1999999843122139,0.40916475373111155,0.06917071464381847,0.5216645316250698
2017-04-05,,,2017-04-05,False,0.7999999999004818,1.5787304526272312e-08,0.1999999843122139,0.0,0.0,0.0,0.8004717353041276,1.592427963698968e-08,0.19952824877159286,0.8004717353041276,1.592427963698968e-08,0.19952824877159286
2017-04-06,,,2017-04-06,False,0.8004717353041276,1.592427963698968e-08,0.19952824877159286,0.0,0.0,0.0,0.8004181337180657,1.5941701400116777e-08,0.19958185034023293,0.8004181337180657,1.5941701400116777e-08,0.19958185034023293
2017-04-07,,,2017-04-07,False,0.8004181337180657,1.5941701400116777e-08,0.19958185034023293,0.0,0.0,0.0,0.7993126409501655,1.6103639323354977e-08,0.20068734294619517,0.7993126409501655,1.6103639323354977e-08,0.20068734294619517
2017-04-10,,,2017-04-10,False,0.7993126409501655,1.6103639323354977e-08,0.20068734294619517,0.0,0.0,0.0,0.7990183647661372,1.5942648084051076e-08,0.20098161929121472,0.7990183647661372,1.5942648084051076e-08,0.20098161929121472
2017-04-11,,,2017-04-11,False,0.7990183647661372,1.5942648084051076e-08,0.20098161929121472,0.0,0.0,0.0,0.7999852834562227,1.5896214250604515e-08,0.2000147006475631,0.7999852834562227,1.5896214250604515e-08,0.2000147006475631
2017-04-12,,,2017-04-12,False,0.7999852834562227,1.5896214250604515e-08,0.2000147006475631,0.0,0.0,0.0,0.7994040060243061,1.614898082872009e-08,0.2005959778267131,0.7994040060243061,1.614898082872009e-08,0.2005959778267131
2017-04-13,,,2017-04-13,False,0.7994040060243061,1.614898082872009e-08,0.2005959778267131,0.0,0.0,0.0,0.7984824320417634,1.6332035637129168e-08,0.201517551626201,0.7984824320417634,1.6332035637129168e-08,0.201517551626201
2017-04-17,,,2017-04-17,False,0.7984824320417634,1.6332035637129168e-08,0.201517551626201,0.0,0.0,0.0,0.7982784194696192,1.636397653058217e-08,0.20172156416640433,0.7982784194696192,1.636397653058217e-08,0.20172156416640433
2017-04-18,,,2017-04-18,False,0.7982784194696192,1.636397653058217e-08,0.20172156416640433,0.0,0.0,0.0,0.7976749234208131,1.6406809753015524e-08,0.20232506017237717,0.7976749234208131,1.6406809753015524e-08,0.20232506017237717
2017-04-19,,,2017-04-19,False,0.7976749234208131,1.6406809753015524e-08,0.20232506017237717,0.0,0.0,0.0,0.7976472623638181,1.6340012288307665e-08,0.20235272129616977,0.7976472623638181,1.6340012288307665e-08,0.20235272129616977
2017-04-20,,,2017-04-20,False,0.7976472623638181,1.6340012288307665e-08,0.20235272129616977,0.0,0.0,0.0,0.7982289133497666,1.6294875995332287e-08,0.2017710703553575,0.7982289133497666,1.6294875995332287e-08,0.2017710703553575
2017-04-21,,,2017-04-21,False,0.7982289133497666,1.6294875995332287e-08,0.2017710703553575,0.0,0.0,0.0,0.7979271910818108,1.6370451965569635e-08,0.2020727925477374,0.7979271910818108,1.6370451965569635e-08,0.2020727925477374
2017-04-24,,,2017-04-24,False,0.7979271910818108,1.6370451965569635e-08,0.2020727925477374,0.0,0.0,0.0,0.799654745890739,1.6097409390678803e-08,0.20034523801185153,0.799654745890739,1.6097409390678803e-08,0.20034523801185153
2017-04-25,,,2017-04-25,False,0.799654745890739,1.6097409390678803e-08,0.20034523801185153,0.0,0.0,0.0,0.8011837055053034,1.594056422540084e-08,0.19881627855413242,0.8011837055053034,1.594056422540084e-08,0.19881627855413242
2017-04-26,,,2017-04-26,False,0.8011837055053034,1.594056422540084e-08,0.19881627855413242,0.0,0.0,0.0,0.8019567537511731,1.57870371889049e-08,0.19804323046178982,0.8019567537511731,1.57870371889049e-08,0.19804323046178982
2017-04-27,,,2017-04-27,False,0.8019567537511731,1.57870371889049e-08,0.19804323046178982,0.0,0.0,0.0,0.8017903232852915,1.5796248663215205e-08,0.19820966091845998,0.8017903232852915,1.5796248663215205e-08,0.19820966091845998
2017-04-28,,,2017-04-28,False,0.8017903232852915,1.5796248663215205e-08,0.19820966091845998,0.0,0.0,0.0,0.8006805071351748,1.5885295248920098e-08,0.19931947697953015,0.8006805071351748,1.5885295248920098e-08,0.19931947697953015
2017-05-02,,,2017-05-02,False,0.8006805071351748,1.5885295248920098e-08,0.19931947697953015,0.0,0.0,0.0,0.8008476076017412,1.5732849657644984e-08,0.19915237666540922,0.8008476076017412,1.5732849657644984e-08,0.19915237666540922
2017-05-03,,,2017-05-03,False,0.8008476076017412,1.5732849657644984e-08,0.19915237666540922,0.0,0.0,0.0,0.8008143698434385,1.5694448901944355e-08,0.1991856144621127,0.8008143698434385,1.5694448901944355e-08,0.1991856144621127
2017-05-04,,,2017-05-04,False,0.8008143698434385,1.5694448901944355e-08,0.1991856144621127,0.0,0.0,0.0,0.8016323682923583,1.5446821907668428e-08,0.19836761626081986,0.8016323682923583,1.5446821907668428e-08,0.19836761626081986
2017-05-05,2017-05-05,2017-05-05,2017-05-05,True,0.8016323682923583,1.5446821907668428e-08,0.19836761626081986,0.7999999896840398,0.0,0.20000001103142845,0.7999999896840398,0.0,0.20000001103142845,0.800356808622126,1.5618142664476066e-08,0.19964317575973137
2017-05-08,,,2017-05-08,False,0.7999999896840398,0.0,0.20000001103142845,0.0,0.0,0.0,0.8004957340096003,0.0,0.19950426670410154,0.8004957340096003,0.0,0.19950426670410154
2017-05-09,,,2017-05-09,False,0.8004957340096003,0.0,0.19950426670410154,0.0,0.0,0.0,0.8005421675959619,0.0,0.1994578331175669,0.8005421675959619,0.0,0.1994578331175669
2017-05-10,,,2017-05-10,False,0.8005421675959619,0.0,0.1994578331175669,0.0,0.0,0.0,0.8020803700743319,0.0,0.19791963063369417,0.8020803700743319,0.0,0.19791963063369417
2017-05-11,,,2017-05-11,False,0.8020803700743319,0.0,0.19791963063369417,0.0,0.0,0.0,0.8023348636234686,0.0,0.19766513708364697,0.8023348636234686,0.0,0.19766513708364697
2017-05-12,,,2017-05-12,False,0.8023348636234686,0.0,0.19766513708364697,0.0,0.0,0.0,0.801972321507623,0.0,0.1980276792007896,0.801972321507623,0.0,0.1980276792007896
2017-05-15,,,2017-05-15,False,0.801972321507623,0.0,0.1980276792007896,0.0,0.0,0.0,0.8027212326383621,0.0,0.19727876806737119,0.8027212326383621,0.0,0.19727876806737119
2017-05-16,,,2017-05-16,False,0.8027212326383621,0.0,0.19727876806737119,0.0,0.0,0.0,0.803835689463432,0.0,0.19616431123831451,0.803835689463432,0.0,0.19616431123831451
2017-05-17,,,2017-05-17,False,0.803835689463432,0.0,0.19616431123831451,0.0,0.0,0.0,0.8040592229659803,0.0,0.19594077773496651,0.8040592229659803,0.0,0.19594077773496651
2017-05-18,,,2017-05-18,False,0.8040592229659803,0.0,0.19594077773496651,0.0,0.0,0.0,0.8024534515948885,0.0,0.19754654911180275,0.8024534515948885,0.0,0.19754654911180275
2017-05-19,,,2017-05-19,False,0.8024534515948885,0.0,0.19754654911180275,0.0,0.0,0.0,0.8024289441160268,0.0,0.19757105659075888,0.8024289441160268,0.0,0.19757105659075888
2017-05-22,,,2017-05-22,False,0.8024289441160268,0.0,0.19757105659075888,0.0,0.0,0.0,0.8026012776028646,0.0,0.1973987231032976,0.8026012776028646,0.0,0.1973987231032976
2017-05-23,,,2017-05-23,False,0.8026012776028646,0.0,0.1973987231032976,0.0,0.0,0.0,0.8017228306366068,0.0,0.198277170072698,0.8017228306366068,0.0,0.198277170072698
2017-05-24,,,2017-05-24,False,0.8017228306366068,0.0,0.198277170072698,0.0,0.0,0.0,0.8012898673546275,0.0,0.19871013335623297,0.8012898673546275,0.0,0.19871013335623297
2017-05-25,,,2017-05-25,False,0.8012898673546275,0.0,0.19871013335623297,0.0,0.0,0.0,0.8037957805731089,0.0,0.19620422012878694,0.8037957805731089,0.0,0.19620422012878694
2017-05-26,,,2017-05-26,False,0.8037957805731089,0.0,0.19620422012878694,0.0,0.0,0.0,0.8052010666209144,0.0,0.19479893407595406,0.8052010666209144,0.0,0.19479893407595406
2017-05-29,,,2017-05-29,False,0.8052010666209144,0.0,0.19479893407595406,0.0,0.0,0.0,0.8053596167119064,0.0,0.194640383984388,0.8053596167119064,0.0,0.194640383984388
2017-05-30,,,2017-05-30,False,0.8053596167119064,0.0,0.194640383984388,0.0,0.0,0.0,0.8056813058316212,0.0,0.19431869486352926,0.8056813058316212,0.0,0.19431869486352926
2017-05-31,,,2017-05-31,False,0.8056813058316212,0.0,0.19431869486352926,0.0,0.0,0.0,0.8050862880502175,0.0,0.19491371264465784,0.8050862880502175,0.0,0.19491371264465784
2017-06-01,,,2017-06-01,False,0.8050862880502175,0.0,0.19491371264465784,0.0,0.0,0.0,0.8050006932249428,0.0,0.19499930747023078,0.8050006932249428,0.0,0.19499930747023078
2017-06-02,,,2017-06-02,False,0.8050006932249428,0.0,0.19499930747023078,0.0,0.0,0.0,0.805609316960005,0.0,0.1943906837329989,0.805609316960005,0.0,0.1943906837329989
2017-06-05,2017-06-05,2017-06-05,2017-06-05,True,0.805609316960005,0.0,0.1943906837329989,0.7999999959293047,5.7662398071402745e-08,0.19999994640826485,0.7999999959293047,5.7662398071402745e-08,0.19999994640826485,0.8059590840087019,0.0,0.19404091668305518
2017-06-06,,,2017-06-06,False,0.7999999959293047,5.7662398071402745e-08,0.19999994640826485,0.0,0.0,0.0,0.7993704426972732,5.814146066933777e-08,0.20062949916123374,0.7993704426972732,5.814146066933777e-08,0.20062949916123374
2017-06-07,,,2017-06-07,False,0.7993704426972732,5.814146066933777e-08,0.20062949916123374,0.0,0.0,0.0,0.7998146192883133,5.792029803367927e-08,0.20018532279135634,0.7998146192883133,5.792029803367927e-08,0.20018532279135634
2017-06-08,,,2017-06-08,False,0.7998146192883133,5.792029803367927e-08,0.20018532279135634,0.0,0.0,0.0,0.7995383755937482,5.784776215573763e-08,0.20046156655845734,0.7995383755937482,5.784776215573763e-08,0.20046156655845734
2017-06-09,,,2017-06-09,False,0.7995383755937482,5.784776215573763e-08,0.20046156655845734,0.0,0.0,0.0,0.7998866580199196,5.7305884613334525e-08,0.20011328467416356,0.7998866580199196,5.7305884613334525e-08,0.20011328467416356
2017-06-12,,,2017-06-12,False,0.7998866580199196,5.7305884613334525e-08,0.20011328467416356,0.0,0.0,0.0,0.7990245353365453,5.7454504860409174e-08,0.20097540720891752,0.7990245353365453,5.7454504860409174e-08,0.20097540720891752
2017-06-13,,,2017-06-13,False,0.7990245353365453,5.7454504860409174e-08,0.20097540720891752,0.0,0.0,0.0,0.7988657696096786,5.7309767177651684e-08,0.20113417308052192,0.7988657696096786,5.7309767177651684e-08,0.20113417308052192
2017-06-14,,,2017-06-14,False,0.7988657696096786,5.7309767177651684e-08,0.20113417308052192,0.0,0.0,0.0,0.799055345984643,5.723011609558484e-08,0.2009445967852086,0.799055345984643,5.723011609558484e-08,0.2009445967852086
2017-06-15,,,2017-06-15,False,0.799055345984643,5.723011609558484e-08,0.2009445967852086,0.0,0.0,0.0,0.798382071688914,5.732162691159136e-08,0.20161787098942668,0.798382071688914,5.732162691159136e-08,0.20161787098942668
2017-06-16,,,2017-06-16,False,0.798382071688914,5.732162691159136e-08,0.20161787098942668,0.0,0.0,0.0,0.7985499912341097,5.71414664431105e-08,0.2014499516243915,0.7985499912341097,5.71414664431105e-08,0.2014499516243915
2017-06-19,,,2017-06-19,False,0.7985499912341097,5.71414664431105e-08,0.2014499516243915,0.0,0.0,0.0,0.7997109362921807,5.6616869040657606e-08,0.2002890070909182,0.7997109362921807,5.6616869040657606e-08,0.2002890070909182
2017-06-20,,,2017-06-20,False,0.7997109362921807,5.6616869040657606e-08,0.2002890070909182,0.0,0.0,0.0,0.7996421586257614,5.655955774596401e-08,0.20035778481464878,0.7996421586257614,5.655955774596401e-08,0.20035778481464878
2017-06-21,,,2017-06-21,False,0.7996421586257614,5.655955774596401e-08,0.20035778481464878,0.0,0.0,0.0,0.7993113357571434,5.6841561139442934e-08,0.2006886074012633,0.7993113357571434,5.6841561139442934e-08,0.2006886074012633
2017-06-22,,,2017-06-22,False,0.7993113357571434,5.6841561139442934e-08,0.2006886074012633,0.0,0.0,0.0,0.7992513793244925,5.6938153026844535e-08,0.20074856373732236,0.7992513793244925,5.6938153026844535e-08,0.20074856373732236
2017-06-23,,,2017-06-23,False,0.7992513793244925,5.6938153026844535e-08,0.20074856373732236,0.0,0.0,0.0,0.7983299664513985,5.7240027872348824e-08,0.2016699763085413,0.7983299664513985,5.7240027872348824e-08,0.2016699763085413
2017-06-27,,,2017-06-27,False,0.7983299664513985,5.7240027872348824e-08,0.2016699763085413,0.0,0.0,0.0,0.797255708120825,5.7440302451920003e-08,0.20274423443884002,0.797255708120825,5.7440302451920003e-08,0.20274423443884002
2017-06-28,,,2017-06-28,False,0.797255708120825,5.7440302451920003e-08,0.20274423443884002,0.0,0.0,0.0,0.7969126882744233,5.735323622941617e-08,0.2030872543723079,0.7969126882744233,5.735323622941617e-08,0.2030872543723079
2017-06-29,,,2017-06-29,False,0.7969126882744233,5.735323622941617e-08,0.2030872543723079,0.0,0.0,0.0,0.7971331641443022,5.694768495090557e-08,0.20286677890798016,0.7971331641443022,5.694768495090557e-08,0.20286677890798016
2017-06-30,,,2017-06-30,False,0.7971331641443022,5.694768495090557e-08,0.20286677890798016,0.0,0.0,0.0,0.7968993201085752,5.668313695012594e-08,0.20310062320825514,0.7968993201085752,5.668313695012594e-08,0.20310062320825514
2017-07-03,,,2017-07-03,False,0.7968993201085752,5.668313695012594e-08,0.20310062320825514,0.0,0.0,0.0,0.7984864684252654,5.6043762723789355e-08,0.20151347553093954,0.7984864684252654,5.6043762723789355e-08,0.20151347553093954
2017-07-04,,,2017-07-04,False,0.7984864684252654,5.6043762723789355e-08,0.20151347553093954,0.0,0.0,0.0,0.7984595888006446,5.552901003025272e-08,0.20154035567031298,0.7984595888006446,5.552901003025272e-08,0.20154035567031298
2017-07-05,2017-07-05,2017-07-05,2017-07-05,True,0.7984595888006446,5.552901003025272e-08,0.20154035567031298,0.7999999998670732,2.7307311200033513e-11,0.20000000010561342,0.7999999998670732,2.7307311200033513e-11,0.20000000010561342,0.7988639620541976,5.536259004073156e-08,0.20113598258318
2017-07-06,,,2017-07-06,False,0.7999999998670732,2.7307311200033513e-11,0.20000000010561342,0.0,0.0,0.0,0.8006115581112492,2.7290225348736988e-11,0.19938844186145432,0.8006115581112492,2.7290225348736988e-11,0.19938844186145432
2017-07-07,,,2017-07-07,False,0.8006115581112492,2.7290225348736988e-11,0.19938844186145432,0.0,0.0,0.0,0.8004670761227388,2.721620372781263e-11,0.19953292385003862,0.8004670761227388,2.721620372781263e-11,0.19953292385003862
2017-07-10,,,2017-07-10,False,0.8004670761227388,2.721620372781263e-11,0.19953292385003862,0.0,0.0,0.0,0.8021912193803985,2.6672847782313065e-11,0.1978087805929222,0.8021912193803985,2.6672847782313065e-11,0.1978087805929222
2017-07-11,,,2017-07-11,False,0.8021912193803985,2.6672847782313065e-11,0.1978087805929222,0.0,0.0,0.0,0.8024345176415947,2.6699479116167434e-11,0.19756548233169938,0.8024345176415947,2.6699479116167434e-11,0.19756548233169938
2017-07-12,,,2017-07-12,False,0.8024345176415947,2.6699479116167434e-11,0.19756548233169938,0.0,0.0,0.0,0.802921676195732,2.6691606991695353e-11,0.19707832377756995,0.802921676195732,2.6691606991695353e-11,0.19707832377756995
2017-07-13,,,2017-07-13,False,0.802921676195732,2.6691606991695353e-11,0.19707832377756995,0.0,0.0,0.0,0.8041313472109334,2.654014192408556e-11,0.19586865276252,0.8041313472109334,2.654014192408556e-11,0.19586865276252
2017-07-14,,,2017-07-14,False,0.8041313472109334,2.654014192408556e-11,0.19586865276252,0.0,0.0,0.0,0.8040461135244786,2.650800224151315e-11,0.19595388644900688,0.8040461135244786,2.650800224151315e-11,0.19595388644900688
2017-07-17,,,2017-07-17,False,0.8040461135244786,2.650800224151315e-11,0.19595388644900688,0.0,0.0,0.0,0.8045167167777334,2.664650551385562e-11,0.19548328319561367,0.8045167167777334,2.664650551385562e-11,0.19548328319561367
2017-07-18,,,2017-07-18,False,0.8045167167777334,2.664650551385562e-11,0.19548328319561367,0.0,0.0,0.0,0.8030981080234518,2.69255632346768e-11,0.1969018919496161,0.8030981080234518,2.69255632346768e-11,0.1969018919496161
2017-07-19,,,2017-07-19,False,0.8030981080234518,2.69255632346768e-11,0.1969018919496161,0.0,0.0,0.0,0.8042570477266893,2.6819136804529098e-11,0.19574295224648505,0.8042570477266893,2.6819136804529098e-11,0.19574295224648505
2017-07-20,,,2017-07-20,False,0.8042570477266893,2.6819136804529098e-11,0.19574295224648505,0.0,0.0,0.0,0.8038379215137738,2.684441900392459e-11,0.19616207845937522,0.8038379215137738,2.684441900392459e-11,0.19616207845937522
2017-07-21,,,2017-07-21,False,0.8038379215137738,2.684441900392459e-11,0.19616207845937522,0.0,0.0,0.0,0.8045056108654243,2.6899559502685022e-11,0.19549438910766975,0.8045056108654243,2.6899559502685022e-11,0.19549438910766975
2017-07-24,,,2017-07-24,False,0.8045056108654243,2.6899559502685022e-11,0.19549438910766975,0.0,0.0,0.0,0.8053136082578454,2.6965666647553438e-11,0.19468639171518257,0.8053136082578454,2.6965666647553438e-11,0.19468639171518257
2017-07-25,,,2017-07-25,False,0.8053136082578454,2.6965666647553438e-11,0.19468639171518257,0.0,0.0,0.0,0.8052844919363669,2.6859860810291124e-11,0.1947155080367668,0.8052844919363669,2.6859860810291124e-11,0.1947155080367668
2017-07-26,,,2017-07-26,False,0.8052844919363669,2.6859860810291124e-11,0.1947155080367668,0.0,0.0,0.0,0.806163302064679,2.6622522029033826e-11,0.19383669790869212,0.806163302064679,2.6622522029033826e-11,0.19383669790869212
2017-07-27,,,2017-07-27,False,0.806163302064679,2.6622522029033826e-11,0.19383669790869212,0.0,0.0,0.0,0.806161733494523,2.6839343533350397e-11,0.1938382664786313,0.806161733494523,2.6839343533350397e-11,0.1938382664786313
2017-07-28,,,2017-07-28,False,0.806161733494523,2.6839343533350397e-11,0.1938382664786313,0.0,0.0,0.0,0.8060673441593615,2.672894823091693e-11,0.19393265581390326,0.8060673441593615,2.672894823091693e-11,0.19393265581390326
2017-07-31,,,2017-07-31,False,0.8060673441593615,2.672894823091693e-11,0.19393265581390326,0.0,0.0,0.0,0.80652082345076,2.6635347634838748e-11,0.1934791765225984,0.80652082345076,2.6635347634838748e-11,0.1934791765225984
2017-08-01,,,2017-08-01,False,0.80652082345076,2.6635347634838748e-11,0.1934791765225984,0.0,0.0,0.0,0.8071005590632468,2.650079570092241e-11,0.19289944091024622,0.8071005590632468,2.650079570092241e-11,0.19289944091024622
2017-08-02,,,2017-08-02,False,0.8071005590632468,2.650079570092241e-11,0.19289944091024622,0.0,0.0,0.0,0.8065889399892044,2.6521891705375248e-11,0.19341105998426752,0.8065889399892044,2.6521891705375248e-11,0.19341105998426752
2017-08-03,2017-08-03,2017-08-03,2017-08-03,True,0.8065889399892044,2.6521891705375248e-11,0.19341105998426752,0.7999999998732539,2.485362950287869e-11,0.20000000010188843,0.7999999998732539,2.485362950287869e-11,0.20000000010188843,0.8055332905399448,2.6600527153724632e-11,0.1944667094334484
2017-08-04,,,2017-08-04,False,0.7999999998732539,2.485362950287869e-11,0.20000000010188843,0.0,0.0,0.0,0.8008393122808675,2.5005096621472813e-11,0.1991606876941234,0.8008393122808675,2.5005096621472813e-11,0.1991606876941234
2017-08-07,,,2017-08-07,False,0.8008393122808675,2.5005096621472813e-11,0.1991606876941234,0.0,0.0,0.0,0.8006966108340455,2.4774333966961117e-11,0.1993033891411761,0.8006966108340455,2.4774333966961117e-11,0.1993033891411761
2017-08-08,,,2017-08-08,False,0.8006966108340455,2.4774333966961117e-11,0.1993033891411761,0.0,0.0,0.0,0.7994375789201256,2.4964009372198584e-11,0.20056242105490632,0.7994375789201256,2.4964009372198584e-11,0.20056242105490632
2017-08-09,,,2017-08-09,False,0.7994375789201256,2.4964009372198584e-11,0.20056242105490632,0.0,0.0,0.0,0.798298337610174,2.5286346950371543e-11,0.2017016623645355,0.798298337610174,2.5286346950371543e-11,0.2017016623645355
2017-08-10,,,2017-08-10,False,0.798298337610174,2.5286346950371543e-11,0.2017016623645355,0.0,0.0,0.0,0.7968613162359156,2.565622642529169e-11,0.20313868373842392,0.7968613162359156,2.565622642529169e-11,0.20313868373842392
2017-08-11,,,2017-08-11,False,0.7968613162359156,2.565622642529169e-11,0.20313868373842392,0.0,0.0,0.0,0.7950410131430947,2.6140868421860526e-11,0.20495898683076014,0.7950410131430947,2.6140868421860526e-11,0.20495898683076014
2017-08-14,,,2017-08-14,False,0.7950410131430947,2.6140868421860526e-11,0.20495898683076014,0.0,0.0,0.0,0.7964301868893887,2.5779502757305636e-11,0.20356981308482755,0.7964301868893887,2.5779502757305636e-11,0.20356981308482755
2017-08-16,,,2017-08-16,False,0.7964301868893887,2.5779502757305636e-11,0.20356981308482755,0.0,0.0,0.0,0.7981234853274914,2.5318087801232797e-11,0.2018765146471864,0.7981234853274914,2.5318087801232797e-11,0.2018765146471864
2017-08-17,,,2017-08-17,False,0.7981234853274914,2.5318087801232797e-11,0.2018765146471864,0.0,0.0,0.0,0.7982349473777005,2.5660878655583624e-11,0.20176505259663452,0.7982349473777005,2.5660878655583624e-11,0.20176505259663452
2017-08-18,,,2017-08-18,False,0.7982349473777005,2.5660878655583624e-11,0.20176505259663452,0.0,0.0,0.0,0.7971436240366856,2.5885526109680178e-11,0.20285637593742473,0.7971436240366856,2.5885526109680178e-11,0.20285637593742473
2017-08-21,,,2017-08-21,False,0.7971436240366856,2.5885526109680178e-11,0.20285637593742473,0.0,0.0,0.0,0.7957691985733846,2.5842841962913464e-11,0.2042308014007684,0.7957691985733846,2.5842841962913464e-11,0.2042308014007684
2017-08-22,,,2017-08-22,False,0.7957691985733846,2.5842841962913464e-11,0.2042308014007684,0.0,0.0,0.0,0.7959556385338216,2.577210260655472e-11,0.20404436144040214,0.7959556385338216,2.577210260655472e-11,0.20404436144040214
2017-08-23,,,2017-08-23,False,0.7959556385338216,2.577210260655472e-11,0.20404436144040214,0.0,0.0,0.0,0.7973931299985179,2.5617403685029787e-11,0.20260686997586075,0.7973931299985179,2.5617403685029787e-11,0.20260686997586075
2017-08-24,,,2017-08-24,False,0.7973931299985179,2.5617403685029787e-11,0.20260686997586075,0.0,0.0,0.0,0.7974661046040235,2.562270031522388e-11,0.20253389537034983,0.7974661046040235,2.562270031522388e-11,0.20253389537034983
2017-08-28,,,2017-08-28,False,0.7974661046040235,2.562270031522388e-11,0.20253389537034983,0.0,0.0,0.0,0.7983770998879219,2.5787721361452956e-11,0.20162290008628625,0.7983770998879219,2.5787721361452956e-11,0.20162290008628625
2017-08-29,,,2017-08-29,False,0.7983770998879219,2.5787721361452956e-11,0.20162290008628625,0.0,0.0,0.0,0.7964632340298189,2.6562215754890794e-11,0.20353676594361478,0.7964632340298189,2.6562215754890794e-11,0.20353676594361478
2017-08-30,,,2017-08-30,False,0.7964632340298189,2.6562215754890794e-11,0.20353676594361478,0.0,0.0,0.0,0.7979132715663945,2.6173652604622612e-11,0.20208672840742783,0.7979132715663945,2.6173652604622612e-11,0.20208672840742783
2017-08-31,,,2017-08-31,False,0.7979132715663945,2.6173652604622612e-11,0.20208672840742783,0.0,0.0,0.0,0.7979462096944592,2.5989323913785168e-11,0.2020537902795474,0.7979462096944592,2.5989323913785168e-11,0.2020537902795474
2017-09-01,,,2017-09-01,False,0.7979462096944592,2.5989323913785168e-11,0.2020537902795474,0.0,0.0,0.0,0.798862123112632,2.61570572152292e-11,0.2011378768612067,0.798862123112632,2.61570572152292e-11,0.2011378768612067
2017-09-04,,,2017-09-04,False,0.798862123112632,2.61570572152292e-11,0.2011378768612067,0.0,0.0,0.0,0.7978640694569807,2.6589950519113206e-11,0.20213593051642506,0.7978640694569807,2.6589950519113206e-11,0.20213593051642506
2017-09-05,2017-09-05,2017-09-05,2017-09-05,True,0.7978640694569807,2.6589950519113206e-11,0.20213593051642506,0.035839917255813446,0.2500034393080506,0.7141566434361358,0.035839917255813446,0.2500034393080506,0.7141566434361358,0.7985038546579091,2.6427398322355532e-11,0.2014961453156594
2017-09-06,,,2017-09-06,False,0.035839917255813446,0.2500034393080506,0.7141566434361358,0.0,0.0,0.0,0.03563756218647446,0.2516528738618612,0.7127095639516643,0.03563756218647446,0.2516528738618612,0.7127095639516643
2017-09-07,,,2017-09-07,False,0.03563756218647446,0.2516528738618612,0.7127095639516643,0.0,0.0,0.0,0.03572194508490321,0.2508665790459576,0.7134114758691392,0.03572194508490321,0.2508665790459576,0.7134114758691392
2017-09-08,,,2017-09-08,False,0.03572194508490321,0.2508665790459576,0.7134114758691392,0.0,0.0,0.0,0.03569066290363959,0.25187412074460797,0.7124352163517526,0.03569066290363959,0.25187412074460797,0.7124352163517526
2017-09-11,,,2017-09-11,False,0.03569066290363959,0.25187412074460797,0.7124352163517526,0.0,0.0,0.0,0.03601362018386837,0.2502234240949571,0.7137629557211747,0.03601362018386837,0.2502234240949571,0.7137629557211747
2017-09-12,,,2017-09-12,False,0.03601362018386837,0.2502234240949571,0.7137629557211747,0.0,0.0,0.0,0.03636231190468142,0.2491830544281972,0.7144546336671215,0.03636231190468142,0.2491830544281972,0.7144546336671215
2017-09-13,,,2017-09-13,False,0.03636231190468142,0.2491830544281972,0.7144546336671215,0.0,0.0,0.0,0.036273059078580416,0.2500466481813352,0.7136802927400844,0.036273059078580416,0.2500466481813352,0.7136802927400844
2017-09-14,,,2017-09-14,False,0.036273059078580416,0.2500466481813352,0.7136802927400844,0.0,0.0,0.0,0.03635546214395337,0.24886062012063576,0.7147839177354108,0.03635546214395337,0.24886062012063576,0.7147839177354108
2017-09-15,,,2017-09-15,False,0.03635546214395337,0.24886062012063576,0.7147839177354108,0.0,0.0,0.0,0.036323405933272254,0.24943801531564197,0.7142385787510857,0.036323405933272254,0.24943801531564197,0.7142385787510857
2017-09-18,,,2017-09-18,False,0.036323405933272254,0.24943801531564197,0.7142385787510857,0.0,0.0,0.0,0.036634584174890475,0.24781834990803311,0.7155470659170763,0.036634584174890475,0.24781834990803311,0.7155470659170763
2017-09-19,,,2017-09-19,False,0.036634584174890475,0.24781834990803311,0.7155470659170763,0.0,0.0,0.0,0.03662283437460103,0.2476612976884309,0.715715867936968,0.03662283437460103,0.2476612976884309,0.715715867936968
2017-09-20,,,2017-09-20,False,0.03662283437460103,0.2476612976884309,0.715715867936968,0.0,0.0,0.0,0.03656223207112261,0.24846242702790328,0.714975340900974,0.03656223207112261,0.24846242702790328,0.714975340900974
2017-09-21,,,2017-09-21,False,0.03656223207112261,0.24846242702790328,0.714975340900974,0.0,0.0,0.0,0.03654414173676111,0.24746810795620441,0.7159877503070344,0.03654414173676111,0.24746810795620441,0.7159877503070344
2017-09-22,,,2017-09-22,False,0.03654414173676111,0.24746810795620441,0.7159877503070344,0.0,0.0,0.0,0.035990465655227434,0.24772400048493504,0.7162855338598375,0.035990465655227434,0.24772400048493504,0.7162855338598375
2017-09-25,,,2017-09-25,False,0.035990465655227434,0.24772400048493504,0.7162855338598375,0.0,0.0,0.0,0.035658151576747135,0.24807114682649425,0.7162707015967588,0.035658151576747135,0.24807114682649425,0.7162707015967588
2017-09-26,,,2017-09-26,False,0.035658151576747135,0.24807114682649425,0.7162707015967588,0.0,0.0,0.0,0.03555593033629168,0.2501471432993508,0.7142969263643576,0.03555593033629168,0.2501471432993508,0.7142969263643576
2017-09-27,,,2017-09-27,False,0.03555593033629168,0.2501471432993508,0.7142969263643576,0.0,0.0,0.0,0.035145569489908275,0.24895658374471075,0.715897846765381,0.035145569489908275,0.24895658374471075,0.715897846765381
2017-09-28,,,2017-09-28,False,0.035145569489908275,0.24895658374471075,0.715897846765381,0.0,0.0,0.0,0.03531035071857843,0.24788680236110572,0.7168028469203158,0.03531035071857843,0.24788680236110572,0.7168028469203158
2017-09-29,,,2017-09-29,False,0.03531035071857843,0.24788680236110572,0.7168028469203158,0.0,0.0,0.0,0.035322108848382466,0.24694366185977262,0.7177342292918449,0.035322108848382466,0.24694366185977262,0.7177342292918449
2017-10-03,,,2017-10-03,False,0.035322108848382466,0.24694366185977262,0.7177342292918449,0.0,0.0,0.0,0.03559489019772567,0.2463291872294332,0.7180759225728411,0.03559489019772567,0.2463291872294332,0.7180759225728411
2017-10-04,,,2017-10-04,False,0.03559489019772567,0.2463291872294332,0.7180759225728411,0.0,0.0,0.0,0.03580482274023057,0.24592014357963898,0.7182750336801305,0.03580482274023057,0.24592014357963898,0.7182750336801305
2017-10-05,2017-10-05,2017-10-05,2017-10-05,True,0.03580482274023057,0.24592014357963898,0.7182750336801305,0.03870153012923416,0.2500027711986965,0.7112956986720693,0.03870153012923416,0.2500027711986965,0.7112956986720693,0.0357318046154524,0.24555877225856967,0.718709423125978
2017-10-06,,,2017-10-06,False,0.03870153012923416,0.2500027711986965,0.7112956986720693,0.0,0.0,0.0,0.0390691204071954,0.2494337612204851,0.7114971183723194,0.0390691204071954,0.2494337612204851,0.7114971183723194
2017-10-09,,,2017-10-09,False,0.0390691204071954,0.2494337612204851,0.7114971183723194,0.0,0.0,0.0,0.0389982872156568,0.251431057781438,0.7095706550029052,0.0389982872156568,0.251431057781438,0.7095706550029052
2017-10-10,,,2017-10-10,False,0.0389982872156568,0.251431057781438,0.7095706550029052,0.0,0.0,0.0,0.03907831810730466,0.2518965878883088,0.7090250940043864,0.03907831810730466,0.2518965878883088,0.7090250940043864
2017-10-11,,,2017-10-11,False,0.03907831810730466,0.2518965878883088,0.7090250940043864,0.0,0.0,0.0,0.03892901275335743,0.25248055312368356,0.7085904341229589,0.03892901275335743,0.25248055312368356,0.7085904341229589
2017-10-12,,,2017-10-12,False,0.03892901275335743,0.25248055312368356,0.7085904341229589,0.0,0.0,0.0,0.039306992274974806,0.2531379253832975,0.7075550823417276,0.039306992274974806,0.2531379253832975,0.7075550823417276
2017-10-13,,,2017-10-13,False,0.039306992274974806,0.2531379253832975,0.7075550823417276,0.0,0.0,0.0,0.03956708216183533,0.25317311196471115,0.7072598058734534,0.03956708216183533,0.25317311196471115,0.7072598058734534
2017-10-16,,,2017-10-16,False,0.03956708216183533,0.25317311196471115,0.7072598058734534,0.0,0.0,0.0,0.03983062638529374,0.2526038032358119,0.7075655703788942,0.03983062638529374,0.2526038032358119,0.7075655703788942
2017-10-17,,,2017-10-17,False,0.03983062638529374,0.2526038032358119,0.7075655703788942,0.0,0.0,0.0,0.0398826692057446,0.2518765072101908,0.7082408235840645,0.0398826692057446,0.2518765072101908,0.7082408235840645
2017-10-18,,,2017-10-18,False,0.0398826692057446,0.2518765072101908,0.7082408235840645,0.0,0.0,0.0,0.03986445287481331,0.2505819845299953,0.7095535625951912,0.03986445287481331,0.2505819845299953,0.7095535625951912
2017-10-19,,,2017-10-19,False,0.03986445287481331,0.2505819845299953,0.7095535625951912,0.0,0.0,0.0,0.03949822515887747,0.2523890848463986,0.7081126899947238,0.03949822515887747,0.2523890848463986,0.7081126899947238
2017-10-23,,,2017-10-23,False,0.03949822515887747,0.2523890848463986,0.7081126899947238,0.0,0.0,0.0,0.03978534643343564,0.2502613567760259,0.7099532967905383,0.03978534643343564,0.2502613567760259,0.7099532967905383
2017-10-24,,,2017-10-24,False,0.03978534643343564,0.2502613567760259,0.7099532967905383,0.0,0.0,0.0,0.03988560937106806,0.24997217330423943,0.7101422173246924,0.03988560937106806,0.24997217330423943,0.7101422173246924
2017-10-25,,,2017-10-25,False,0.03988560937106806,0.24997217330423943,0.7101422173246924,0.0,0.0,0.0,0.04023261687134565,0.24953832115070146,0.7102290619779528,0.04023261687134565,0.24953832115070146,0.7102290619779528
2017-10-26,,,2017-10-26,False,0.04023261687134565,0.24953832115070146,0.7102290619779528,0.0,0.0,0.0,0.04042830144333882,0.24923803794115137,0.7103336606155096,0.04042830144333882,0.24923803794115137,0.7103336606155096
2017-10-27,,,2017-10-27,False,0.04042830144333882,0.24923803794115137,0.7103336606155096,0.0,0.0,0.0,0.04040953971613627,0.24815929297481637,0.7114311673090472,0.04040953971613627,0.24815929297481637,0.7114311673090472
2017-10-30,,,2017-10-30,False,0.04040953971613627,0.24815929297481637,0.7114311673090472,0.0,0.0,0.0,0.04056078465864786,0.24813587090333034,0.7113033444380216,0.04056078465864786,0.24813587090333034,0.7113033444380216
2017-10-31,,,2017-10-31,False,0.04056078465864786,0.24813587090333034,0.7113033444380216,0.0,0.0,0.0,0.040326132565746034,0.2482478300164254,0.7114260374178284,0.040326132565746034,0.2482478300164254,0.7114260374178284
2017-11-01,,,2017-11-01,False,0.040326132565746034,0.2482478300164254,0.7114260374178284,0.0,0.0,0.0,0.040733685148667965,0.24789120455842387,0.711375110292908,0.040733685148667965,0.24789120455842387,0.711375110292908
2017-11-02,,,2017-11-02,False,0.040733685148667965,0.24789120455842387,0.711375110292908,0.0,0.0,0.0,0.040692631025329606,0.247510669152332,0.7117966998223383,0.040692631025329606,0.247510669152332,0.7117966998223383
2017-11-03,,,2017-11-03,False,0.040692631025329606,0.247510669152332,0.7117966998223383,0.0,0.0,0.0,0.04080336601769713,0.24742270528705665,0.7117739286952461,0.04080336601769713,0.24742270528705665,0.7117739286952461
2017-11-06,2017-11-06,2017-11-06,2017-11-06,True,0.04080336601769713,0.24742270528705665,0.7117739286952461,0.799999994308606,6.035235220235556e-09,0.19999999965612153,0.799999994308606,6.035235220235556e-09,0.19999999965612153,0.04084710109942408,0.2465683205901638,0.712584578310412
2017-11-07,,,2017-11-07,False,0.799999994308606,6.035235220235556e-09,0.19999999965612153,0.0,0.0,0.0,0.7984317056055175,6.13838369811471e-09,0.20156828825606127,0.7984317056055175,6.13838369811471e-09,0.20156828825606127
2017-11-08,,,2017-11-08,False,0.7984317056055175,6.13838369811471e-09,0.20156828825606127,0.0,0.0,0.0,0.7976998388668909,6.166802738756911e-09,0.2023001549662687,0.7976998388668909,6.166802738756911e-09,0.2023001549662687
2017-11-09,,,2017-11-09,False,0.7976998388668909,6.166802738756911e-09,0.2023001549662687,0.0,0.0,0.0,0.7977890251130686,6.168805898719042e-09,0.2022109687180879,0.7977890251130686,6.168805898719042e-09,0.2022109687180879
2017-11-10,,,2017-11-10,False,0.7977890251130686,6.168805898719042e-09,0.2022109687180879,0.0,0.0,0.0,0.7979891272223297,6.1842637203630665e-09,0.20201086659336898,0.7979891272223297,6.1842637203630665e-09,0.20201086659336898
2017-11-13,,,2017-11-13,False,0.7979891272223297,6.1842637203630665e-09,0.20201086659336898,0.0,0.0,0.0,0.7964659331944623,6.225727134697126e-09,0.2035340605797727,0.7964659331944623,6.225727134697126e-09,0.2035340605797727
2017-11-14,,,2017-11-14,False,0.7964659331944623,6.225727134697126e-09,0.2035340605797727,0.0,0.0,0.0,0.7958560952901206,6.226477541457275e-09,0.20414389848336387,0.7958560952901206,6.226477541457275e-09,0.20414389848336387
2017-11-15,,,2017-11-15,False,0.7958560952901206,6.226477541457275e-09,0.20414389848336387,0.0,0.0,0.0,0.7947568866413466,6.2942272564729055e-09,0.20524310706438806,0.7947568866413466,6.2942272564729055e-09,0.20524310706438806
2017-11-16,,,2017-11-16,False,0.7947568866413466,6.2942272564729055e-09,0.20524310706438806,0.0,0.0,0.0,0.7963040891383374,6.208347732340212e-09,0.20369590465327714,0.7963040891383374,6.208347732340212e-09,0.20369590465327714
2017-11-17,,,2017-11-17,False,0.7963040891383374,6.208347732340212e-09,0.20369590465327714,0.0,0.0,0.0,0.7973915415302593,6.187361338372558e-09,0.20260845228234203,0.7973915415302593,6.187361338372558e-09,0.20260845228234203
2017-11-20,,,2017-11-20,False,0.7973915415302593,6.187361338372558e-09,0.20260845228234203,0.0,0.0,0.0,0.7976292791457842,6.229491589893037e-09,0.20237071462468692,0.7976292791457842,6.229491589893037e-09,0.20237071462468692
2017-11-21,,,2017-11-21,False,0.7976292791457842,6.229491589893037e-09,0.20237071462468692,0.0,0.0,0.0,0.7980695327195798,6.1621125088187895e-09,0.2019304611182704,0.7980695327195798,6.1621125088187895e-09,0.2019304611182704
2017-11-22,,,2017-11-22,False,0.7980695327195798,6.1621125088187895e-09,0.2019304611182704,0.0,0.0,0.0,0.7983095598034772,6.158162479550245e-09,0.2016904340383231,0.7983095598034772,6.158162479550245e-09,0.2016904340383231
2017-11-23,,,2017-11-23,False,0.7983095598034772,6.158162479550245e-09,0.2016904340383231,0.0,0.0,0.0,0.7984099280138444,6.164286862504793e-09,0.2015900658218315,0.7984099280138444,6.164286862504793e-09,0.2015900658218315
2017-11-24,,,2017-11-24,False,0.7984099280138444,6.164286862504793e-09,0.2015900658218315,0.0,0.0,0.0,0.799044810332748,6.152989364994878e-09,0.20095518351422548,0.799044810332748,6.152989364994878e-09,0.20095518351422548
2017-11-27,,,2017-11-27,False,0.799044810332748,6.152989364994878e-09,0.20095518351422548,0.0,0.0,0.0,0.7991969202455641,6.138947340212718e-09,0.2008030736154514,0.7991969202455641,6.138947340212718e-09,0.2008030736154514
2017-11-28,,,2017-11-28,False,0.7991969202455641,6.138947340212718e-09,0.2008030736154514,0.0,0.0,0.0,0.7987453660793248,6.150259228285169e-09,0.20125462777037872,0.7987453660793248,6.150259228285169e-09,0.20125462777037872
2017-11-29,,,2017-11-29,False,0.7987453660793248,6.150259228285169e-09,0.20125462777037872,0.0,0.0,0.0,0.7986049231817528,6.158556507458034e-09,0.20139507065965345,0.7986049231817528,6.158556507458034e-09,0.20139507065965345
2017-11-30,,,2017-11-30,False,0.7986049231817528,6.158556507458034e-09,0.20139507065965345,0.0,0.0,0.0,0.7959822077652369,6.172392793532403e-09,0.20401778606233278,0.7959822077652369,6.172392793532403e-09,0.20401778606233278
2017-12-01,,,2017-12-01,False,0.7959822077652369,6.172392793532403e-09,0.20401778606233278,0.0,0.0,0.0,0.7943051357971084,6.21035375509548e-09,0.20569485799249995,0.7943051357971084,6.21035375509548e-09,0.20569485799249995
2017-12-04,,,2017-12-04,False,0.7943051357971084,6.21035375509548e-09,0.20569485799249995,0.0,0.0,0.0,0.7944027797800589,6.177195181319935e-09,0.20559721404270792,0.7944027797800589,6.177195181319935e-09,0.20559721404270792
2017-12-05,2017-12-05,2017-12-05,2017-12-05,True,0.7944027797800589,6.177195181319935e-09,0.20559721404270792,0.8000000001653588,8.197001342506588e-09,0.19999999163764084,0.8000000001653588,8.197001342506588e-09,0.19999999163764084,0.7942478194598945,6.194924727307576e-09,0.2057521743451427
2017-12-06,,,2017-12-06,False,0.8000000001653588,8.197001342506588e-09,0.19999999163764084,0.0,0.0,0.0,0.798820544441558,8.208326363075397e-09,0.20117944735011664,0.798820544441558,8.208326363075397e-09,0.20117944735011664
2017-12-07,,,2017-12-07,False,0.798820544441558,8.208326363075397e-09,0.20117944735011664,0.0,0.0,0.0,0.8007632200349695,8.076962901324683e-09,0.19923677188806868,0.8007632200349695,8.076962901324683e-09,0.19923677188806868
2017-12-08,,,2017-12-08,False,0.8007632200349695,8.076962901324683e-09,0.19923677188806868,0.0,0.0,0.0,0.8023039930790421,7.934787639453216e-09,0.1976959989861714,0.8023039930790421,7.934787639453216e-09,0.1976959989861714
2017-12-11,,,2017-12-11,False,0.8023039930790421,7.934787639453216e-09,0.1976959989861714,0.0,0.0,0.0,0.803174649784306,7.904003492015148e-09,0.19682534231169158,0.803174649784306,7.904003492015148e-09,0.19682534231169158
2017-12-12,,,2017-12-12,False,0.803174649784306,7.904003492015148e-09,0.19682534231169158,0.0,0.0,0.0,0.8019092114390316,7.952493980595106e-09,0.1980907806084755,0.8019092114390316,7.952493980595106e-09,0.1980907806084755
2017-12-13,,,2017-12-13,False,0.8019092114390316,7.952493980595106e-09,0.1980907806084755,0.0,0.0,0.0,0.8011742997269964,7.949929862314087e-09,0.19882569232307487,0.8011742997269964,7.949929862314087e-09,0.19882569232307487
2017-12-14,,,2017-12-14,False,0.8011742997269964,7.949929862314087e-09,0.19882569232307487,0.0,0.0,0.0,0.8020944009553842,7.978373031534289e-09,0.1979055910662438,0.8020944009553842,7.978373031534289e-09,0.1979055910662438
2017-12-15,,,2017-12-15,False,0.8020944009553842,7.978373031534289e-09,0.1979055910662438,0.0,0.0,0.0,0.8033429705817942,7.896781916805998e-09,0.1966570215214249,0.8033429705817942,7.896781916805998e-09,0.1966570215214249
2017-12-18,,,2017-12-18,False,0.8033429705817942,7.896781916805998e-09,0.1966570215214249,0.0,0.0,0.0,0.8041878537794503,7.859329651596724e-09,0.1958121383612209,0.8041878537794503,7.859329651596724e-09,0.1958121383612209
2017-12-19,,,2017-12-19,False,0.8041878537794503,7.859329651596724e-09,0.1958121383612209,0.0,0.0,0.0,0.805309882449872,7.841427337956838e-09,0.19469010970870157,0.805309882449872,7.841427337956838e-09,0.19469010970870157
2017-12-20,,,2017-12-20,False,0.805309882449872,7.841427337956838e-09,0.19469010970870157,0.0,0.0,0.0,0.8050247599005722,7.858559020167869e-09,0.19497523224086963,0.8050247599005722,7.858559020167869e-09,0.19497523224086963
2017-12-21,,,2017-12-21,False,0.8050247599005722,7.858559020167869e-09,0.19497523224086963,0.0,0.0,0.0,0.8049661255352096,7.865350458739361e-09,0.19503386659944083,0.8049661255352096,7.865350458739361e-09,0.19503386659944083
2017-12-22,,,2017-12-22,False,0.8049661255352096,7.865350458739361e-09,0.19503386659944083,0.0,0.0,0.0,0.8057553959382165,7.84568739116343e-09,0.194244596216097,0.8057553959382165,7.84568739116343e-09,0.194244596216097
2017-12-26,,,2017-12-26,False,0.8057553959382165,7.84568739116343e-09,0.194244596216097,0.0,0.0,0.0,0.806329538970528,7.885806722014244e-09,0.19367045314366635,0.806329538970528,7.885806722014244e-09,0.19367045314366635
2017-12-27,,,2017-12-27,False,0.806329538970528,7.885806722014244e-09,0.19367045314366635,0.0,0.0,0.0,0.8057218290370153,7.959906590285503e-09,0.19427816300307926,0.8057218290370153,7.959906590285503e-09,0.19427816300307926
2017-12-28,,,2017-12-28,False,0.8057218290370153,7.959906590285503e-09,0.19427816300307926,0.0,0.0,0.0,0.8055299084996339,8.030804006579604e-09,0.19447008346956324,0.8055299084996339,8.030804006579604e-09,0.19447008346956324
2017-12-29,,,2017-12-29,False,0.8055299084996339,8.030804006579604e-09,0.19447008346956324,0.0,0.0,0.0,0.805802980544157,7.961574306308219e-09,0.19419701149426988,0.805802980544157,7.961574306308219e-09,0.19419701149426988
2018-01-01,,,2018-01-01,False,0.805802980544157,7.961574306308219e-09,0.19419701149426988,0.0,0.0,0.0,0.8058029805031259,8.012493822254604e-09,0.19419701148438145,0.8058029805031259,8.012493822254604e-09,0.19419701148438145
2018-01-02,,,2018-01-02,False,0.8058029805031259,8.012493822254604e-09,0.19419701148438145,0.0,0.0,0.0,0.8044789180042381,8.074905424834019e-09,0.19552107392085769,0.8044789180042381,8.074905424834019e-09,0.19552107392085769
2018-01-03,,,2018-01-03,False,0.8044789180042381,8.074905424834019e-09,0.19552107392085769,0.0,0.0,0.0,0.8044939800088579,8.074740821346666e-09,0.1955060119164025,0.8044939800088579,8.074740821346666e-09,0.1955060119164025
2018-01-04,2018-01-04,2018-01-04,2018-01-04,True,0.8044939800088579,8.074740821346666e-09,0.1955060119164025,0.7999999791582273,1.632356119252419e-05,0.19998369728058024,0.7999999791582273,1.632356119252419e-05,0.19998369728058024,0.8054173405167058,8.016560741637683e-09,0.19458265146673462
2018-01-05,,,2018-01-05,False,0.7999999791582273,1.632356119252419e-05,0.19998369728058024,0.0,0.0,0.0,0.8008198232824525,1.6282819787802655e-05,0.19916389389775976,0.8008198232824525,1.6282819787802655e-05,0.19916389389775976
2018-01-08,,,2018-01-08,False,0.8008198232824525,1.6282819787802655e-05,0.19916389389775976,0.0,0.0,0.0,0.8017948316391538,1.6222279238274757e-05,0.1981889460816079,0.8017948316391538,1.6222279238274757e-05,0.1981889460816079
2018-01-09,,,2018-01-09,False,0.8017948316391538,1.6222279238274757e-05,0.1981889460816079,0.0,0.0,0.0,0.801993398280076,1.6247791435803262e-05,0.19799035392848818,0.801993398280076,1.6247791435803262e-05,0.19799035392848818
2018-01-10,,,2018-01-10,False,0.801993398280076,1.6247791435803262e-05,0.19799035392848818,0.0,0.0,0.0,0.8019217255346335,1.6241731698028134e-05,0.19806203273366846,0.8019217255346335,1.6241731698028134e-05,0.19806203273366846
2018-01-11,,,2018-01-11,False,0.8019217255346335,1.6241731698028134e-05,0.19806203273366846,0.0,0.0,0.0,0.8022051277953322,1.627872781451254e-05,0.19777859347685328,0.8022051277953322,1.627872781451254e-05,0.19777859347685328
2018-01-12,,,2018-01-12,False,0.8022051277953322,1.627872781451254e-05,0.19777859347685328,0.0,0.0,0.0,0.8026516915029593,1.63423422680171e-05,0.19733196615477266,0.8026516915029593,1.63423422680171e-05,0.19733196615477266
2018-01-15,,,2018-01-15,False,0.8026516915029593,1.63423422680171e-05,0.19733196615477266,0.0,0.0,0.0,0.8035418170069428,1.636976087561907e-05,0.19644181323218163,0.8035418170069428,1.636976087561907e-05,0.19644181323218163
2018-01-16,,,2018-01-16,False,0.8035418170069428,1.636976087561907e-05,0.19644181323218163,0.0,0.0,0.0,0.802935886794899,1.648269908620641e-05,0.19704763050601484,0.802935886794899,1.648269908620641e-05,0.19704763050601484
2018-01-17,,,2018-01-17,False,0.802935886794899,1.648269908620641e-05,0.19704763050601484,0.0,0.0,0.0,0.8042317383076507,1.635208816574363e-05,0.1957519096041835,0.8042317383076507,1.635208816574363e-05,0.1957519096041835
2018-01-18,,,2018-01-18,False,0.8042317383076507,1.635208816574363e-05,0.1957519096041835,0.0,0.0,0.0,0.8046444999287271,1.6205404087452005e-05,0.1953392946671853,0.8046444999287271,1.6205404087452005e-05,0.1953392946671853
2018-01-19,,,2018-01-19,False,0.8046444999287271,1.6205404087452005e-05,0.1953392946671853,0.0,0.0,0.0,0.8057670867363202,1.618314125408981e-05,0.19421673012242552,0.8057670867363202,1.618314125408981e-05,0.19421673012242552
2018-01-22,,,2018-01-22,False,0.8057670867363202,1.618314125408981e-05,0.19421673012242552,0.0,0.0,0.0,0.8067888304753692,1.6070532626228665e-05,0.1931950989920044,0.8067888304753692,1.6070532626228665e-05,0.1931950989920044
2018-01-23,,,2018-01-23,False,0.8067888304753692,1.6070532626228665e-05,0.1931950989920044,0.0,0.0,0.0,0.8084446911649966,1.5988771010098854e-05,0.1915393200639931,0.8084446911649966,1.5988771010098854e-05,0.1915393200639931
2018-01-24,,,2018-01-24,False,0.8084446911649966,1.5988771010098854e-05,0.1915393200639931,0.0,0.0,0.0,0.8084783666306784,1.6068136656542286e-05,0.19150556523266493,0.8084783666306784,1.6068136656542286e-05,0.19150556523266493
2018-01-25,,,2018-01-25,False,0.8084783666306784,1.6068136656542286e-05,0.19150556523266493,0.0,0.0,0.0,0.8082480236636912,1.6205267526283653e-05,0.19173577106878245,0.8082480236636912,1.6205267526283653e-05,0.19173577106878245
2018-01-29,,,2018-01-29,False,0.8082480236636912,1.6205267526283653e-05,0.19173577106878245,0.0,0.0,0.0,0.8090965115637472,1.6023063139174098e-05,0.19088746537311352,0.8090965115637472,1.6023063139174098e-05,0.19088746537311352
2018-01-30,,,2018-01-30,False,0.8090965115637472,1.6023063139174098e-05,0.19088746537311352,0.0,0.0,0.0,0.8079676886072387,1.6118827126212344e-05,0.19201619256563504,0.8079676886072387,1.6118827126212344e-05,0.19201619256563504
2018-01-31,,,2018-01-31,False,0.8079676886072387,1.6118827126212344e-05,0.19201619256563504,0.0,0.0,0.0,0.807157599482768,1.60999500328939e-05,0.19282630056719902,0.807157599482768,1.60999500328939e-05,0.19282630056719902
2018-02-01,,,2018-02-01,False,0.807157599482768,1.60999500328939e-05,0.19282630056719902,0.0,0.0,0.0,0.8070050157081169,1.6144507860616632e-05,0.19297883978402228,0.8070050157081169,1.6144507860616632e-05,0.19297883978402228
2018-02-02,,,2018-02-02,False,0.8070050157081169,1.6144507860616632e-05,0.19297883978402228,0.0,0.0,0.0,0.8033122132528642,1.6582223483772986e-05,0.19667120452365186,0.8033122132528642,1.6582223483772986e-05,0.19667120452365186
2018-02-05,2018-02-05,2018-02-05,2018-02-05,True,0.8033122132528642,1.6582223483772986e-05,0.19667120452365186,0.08290607410647842,0.25000658847985824,0.6670873374136633,0.08290607410647842,0.25000658847985824,0.6670873374136633,0.8019215655990428,1.6595388624523115e-05,0.19806183901233254
2018-02-06,,,2018-02-06,False,0.08290607410647842,0.25000658847985824,0.6670873374136633,0.0,0.0,0.0,0.0815688813878038,0.2515814983607003,0.6668496202514959,0.0815688813878038,0.2515814983607003,0.6668496202514959
2018-02-07,,,2018-02-07,False,0.0815688813878038,0.2515814983607003,0.6668496202514959,0.0,0.0,0.0,0.08161394096244051,0.24979564496667445,0.668590414070885,0.08161394096244051,0.24979564496667445,0.668590414070885
2018-02-08,,,2018-02-08,False,0.08161394096244051,0.24979564496667445,0.668590414070885,0.0,0.0,0.0,0.08257095439159083,0.24740361362119834,0.6700254319872108,0.08257095439159083,0.24740361362119834,0.6700254319872108
2018-02-09,,,2018-02-09,False,0.08257095439159083,0.24740361362119834,0.6700254319872108,0.0,0.0,0.0,0.08157788744051206,0.24873676245739176,0.6696853501020962,0.08157788744051206,0.24873676245739176,0.6696853501020962
2018-02-12,,,2018-02-12,False,0.08157788744051206,0.24873676245739176,0.6696853501020962,0.0,0.0,0.0,0.08214084826913919,0.24897764902674727,0.6688815027041136,0.08214084826913919,0.24897764902674727,0.6688815027041136
2018-02-14,,,2018-02-14,False,0.08214084826913919,0.24897764902674727,0.6688815027041136,0.0,0.0,0.0,0.08176406065759623,0.24995938435087645,0.6682765549915274,0.08176406065759623,0.24995938435087645,0.6682765549915274
2018-02-15,,,2018-02-15,False,0.08176406065759623,0.24995938435087645,0.6682765549915274,0.0,0.0,0.0,0.0818254713617211,0.2522244845508726,0.6659500440874063,0.0818254713617211,0.2522244845508726,0.6659500440874063
2018-02-16,,,2018-02-16,False,0.0818254713617211,0.2522244845508726,0.6659500440874063,0.0,0.0,0.0,0.08104074891864829,0.2535146591553568,0.6654445919259949,0.08104074891864829,0.2535146591553568,0.6654445919259949
2018-02-19,,,2018-02-19,False,0.08104074891864829,0.2535146591553568,0.6654445919259949,0.0,0.0,0.0,0.08056234780797562,0.2532109960492799,0.6662266561427445,0.08056234780797562,0.2532109960492799,0.6662266561427445
2018-02-20,,,2018-02-20,False,0.08056234780797562,0.2532109960492799,0.6662266561427445,0.0,0.0,0.0,0.08048283575464416,0.252798520056861,0.6667186441884947,0.08048283575464416,0.252798520056861,0.6667186441884947
2018-02-21,,,2018-02-21,False,0.08048283575464416,0.252798520056861,0.6667186441884947,0.0,0.0,0.0,0.08088696488485747,0.25142744532484884,0.6676855897902936,0.08088696488485747,0.25142744532484884,0.6676855897902936
2018-02-22,,,2018-02-22,False,0.08088696488485747,0.25142744532484884,0.6676855897902936,0.0,0.0,0.0,0.08079785176997445,0.2513046564439684,0.6678974917860571,0.08079785176997445,0.2513046564439684,0.6678974917860571
2018-02-23,,,2018-02-23,False,0.08079785176997445,0.2513046564439684,0.6678974917860571,0.0,0.0,0.0,0.0815559193443923,0.2512496561330125,0.6671944245225951,0.0815559193443923,0.2512496561330125,0.6671944245225951
2018-02-26,,,2018-02-26,False,0.0815559193443923,0.2512496561330125,0.6671944245225951,0.0,0.0,0.0,0.08209855441739271,0.2520781060506698,0.6658233395319374,0.08209855441739271,0.2520781060506698,0.6658233395319374
2018-02-27,,,2018-02-27,False,0.08209855441739271,0.2520781060506698,0.6658233395319374,0.0,0.0,0.0,0.08191748905877261,0.25193943588346324,0.6661430750577642,0.08191748905877261,0.25193943588346324,0.6661430750577642
2018-02-28,,,2018-02-28,False,0.08191748905877261,0.25193943588346324,0.6661430750577642,0.0,0.0,0.0,0.08141811272729699,0.25066732058689567,0.6679145666858073,0.08141811272729699,0.25066732058689567,0.6679145666858073
2018-03-01,,,2018-03-01,False,0.08141811272729699,0.25066732058689567,0.6679145666858073,0.0,0.0,0.0,0.08125982870595173,0.24992505678012228,0.668815114513926,0.08125982870595173,0.24992505678012228,0.668815114513926
2018-03-05,,,2018-03-05,False,0.08125982870595173,0.24992505678012228,0.668815114513926,0.0,0.0,0.0,0.08038997894981759,0.2515988591473879,0.6680111619027944,0.08038997894981759,0.2515988591473879,0.6680111619027944
2018-03-06,,,2018-03-06,False,0.08038997894981759,0.2515988591473879,0.6680111619027944,0.0,0.0,0.0,0.07968110077017838,0.2511179153562956,0.669200983873526,0.07968110077017838,0.2511179153562956,0.669200983873526
2018-03-07,,,2018-03-07,False,0.07968110077017838,0.2511179153562956,0.669200983873526,0.0,0.0,0.0,0.0788982996979781,0.2522793311515245,0.6688223691504974,0.0788982996979781,0.2522793311515245,0.6688223691504974
2018-03-08,2018-03-08,2018-03-08,2018-03-08,True,0.0788982996979781,0.2522793311515245,0.6688223691504974,0.0849230439954067,0.25000818327369995,0.6650687727308932,0.0849230439954067,0.25000818327369995,0.6650687727308932,0.0795967615974329,0.25145970505624893,0.6689435333463182
2018-03-09,,,2018-03-09,False,0.0849230439954067,0.25000818327369995,0.6650687727308932,0.0,0.0,0.0,0.08487896034612187,0.24939053526874086,0.665730504385137,0.08487896034612187,0.24939053526874086,0.665730504385137
2018-03-12,,,2018-03-12,False,0.08487896034612187,0.24939053526874086,0.665730504385137,0.0,0.0,0.0,0.086393885636288,0.24865037977417445,0.6649557345895373,0.086393885636288,0.24865037977417445,0.6649557345895373
2018-03-13,,,2018-03-13,False,0.086393885636288,0.24865037977417445,0.6649557345895373,0.0,0.0,0.0,0.08647247542178607,0.24832130188414267,0.665206222694071,0.08647247542178607,0.24832130188414267,0.665206222694071
2018-03-14,,,2018-03-14,False,0.08647247542178607,0.24832130188414267,0.665206222694071,0.0,0.0,0.0,0.08626940047565793,0.24906332098645706,0.6646672785378847,0.08626940047565793,0.24906332098645706,0.6646672785378847
2018-03-15,,,2018-03-15,False,0.08626940047565793,0.24906332098645706,0.6646672785378847,0.0,0.0,0.0,0.08592837783628225,0.248781877821934,0.6652897443417833,0.08592837783628225,0.248781877821934,0.6652897443417833
2018-03-16,,,2018-03-16,False,0.08592837783628225,0.248781877821934,0.6652897443417833,0.0,0.0,0.0,0.08470617376884382,0.2488596835859503,0.6664341426452054,0.08470617376884382,0.2488596835859503,0.6664341426452054
2018-03-19,,,2018-03-19,False,0.08470617376884382,0.2488596835859503,0.6664341426452054,0.0,0.0,0.0,0.08403741959732872,0.24817409313428668,0.6677884872683841,0.08403741959732872,0.24817409313428668,0.6677884872683841
2018-03-20,,,2018-03-20,False,0.08403741959732872,0.24817409313428668,0.6677884872683841,0.0,0.0,0.0,0.08417226215704739,0.24895626336108997,0.6668714744818621,0.08417226215704739,0.24895626336108997,0.6668714744818621
2018-03-21,,,2018-03-21,False,0.08417226215704739,0.24895626336108997,0.6668714744818621,0.0,0.0,0.0,0.0843951045467782,0.24900243621084253,0.6666024592423786,0.0843951045467782,0.24900243621084253,0.6666024592423786
2018-03-22,,,2018-03-22,False,0.0843951045467782,0.24900243621084253,0.6666024592423786,0.0,0.0,0.0,0.08395062605575448,0.2503026140992868,0.6657467598449581,0.08395062605575448,0.2503026140992868,0.6657467598449581
2018-03-23,,,2018-03-23,False,0.08395062605575448,0.2503026140992868,0.6657467598449581,0.0,0.0,0.0,0.08293030593635874,0.25173794673384475,0.6653317473297958,0.08293030593635874,0.25173794673384475,0.6653317473297958
2018-03-26,,,2018-03-26,False,0.08293030593635874,0.25173794673384475,0.6653317473297958,0.0,0.0,0.0,0.08392386519164496,0.25159300437850407,0.6644831304298504,0.08392386519164496,0.25159300437850407,0.6644831304298504
2018-03-27,,,2018-03-27,False,0.08392386519164496,0.25159300437850407,0.6644831304298504,0.0,0.0,0.0,0.08429333029376172,0.2517974744356669,0.6639091952705709,0.08429333029376172,0.2517974744356669,0.6639091952705709
2018-03-28,,,2018-03-28,False,0.08429333029376172,0.2517974744356669,0.6639091952705709,0.0,0.0,0.0,0.08367558101840201,0.2504845577644366,0.6658398612171609,0.08367558101840201,0.2504845577644366,0.6658398612171609
2018-04-02,,,2018-04-02,False,0.08367558101840201,0.2504845577644366,0.6658398612171609,0.0,0.0,0.0,0.08442292356648955,0.25024383002310363,0.6653332464104064,0.08442292356648955,0.25024383002310363,0.6653332464104064
2018-04-03,,,2018-04-03,False,0.08442292356648955,0.25024383002310363,0.6653332464104064,0.0,0.0,0.0,0.08462691703350707,0.250600289949102,0.6647727930173907,0.08462691703350707,0.250600289949102,0.6647727930173907
2018-04-04,,,2018-04-04,False,0.08462691703350707,0.250600289949102,0.6647727930173907,0.0,0.0,0.0,0.08358573507824017,0.25225469504085857,0.6641595698809011,0.08358573507824017,0.25225469504085857,0.6641595698809011
2018-04-05,,,2018-04-05,False,0.08358573507824017,0.25225469504085857,0.6641595698809011,0.0,0.0,0.0,0.08537475959149733,0.24918388514565662,0.6654413552628459,0.08537475959149733,0.24918388514565662,0.6654413552628459
2018-04-06,,,2018-04-06,False,0.08537475959149733,0.24918388514565662,0.6654413552628459,0.0,0.0,0.0,0.08550089409603229,0.24848378608693827,0.6660153198170293,0.08550089409603229,0.24848378608693827,0.6660153198170293
2018-04-09,,,2018-04-09,False,0.08550089409603229,0.24848378608693827,0.6660153198170293,0.0,0.0,0.0,0.08574949974549831,0.24937154873665407,0.6648789515178475,0.08574949974549831,0.24937154873665407,0.6648789515178475
2018-04-10,2018-04-10,2018-04-10,2018-04-10,True,0.08574949974549831,0.24937154873665407,0.6648789515178475,0.08244196432853501,0.25000786287470184,0.6675501727967632,0.08244196432853501,0.25000786287470184,0.6675501727967632,0.08580326383661963,0.2503655504442317,0.6638311857191486
2018-04-11,,,2018-04-11,False,0.08244196432853501,0.25000786287470184,0.6675501727967632,0.0,0.0,0.0,0.08237265416567431,0.25159243392045666,0.6660349119138692,0.08237265416567431,0.25159243392045666,0.6660349119138692
2018-04-12,,,2018-04-12,False,0.08237265416567431,0.25159243392045666,0.6660349119138692,0.0,0.0,0.0,0.08260371972258707,0.25214330225475423,0.6652529780226588,0.08260371972258707,0.25214330225475423,0.6652529780226588
2018-04-13,,,2018-04-13,False,0.08260371972258707,0.25214330225475423,0.6652529780226588,0.0,0.0,0.0,0.08288160486513158,0.2510253630284585,0.6660930321064099,0.08288160486513158,0.2510253630284585,0.6660930321064099
2018-04-16,,,2018-04-16,False,0.08288160486513158,0.2510253630284585,0.6660930321064099,0.0,0.0,0.0,0.08302003592460888,0.25280723789308734,0.6641727261823037,0.08302003592460888,0.25280723789308734,0.6641727261823037
2018-04-17,,,2018-04-17,False,0.08302003592460888,0.25280723789308734,0.6641727261823037,0.0,0.0,0.0,0.08313824386083762,0.25302649730116167,0.6638352588380005,0.08313824386083762,0.25302649730116167,0.6638352588380005
2018-04-18,,,2018-04-18,False,0.08313824386083762,0.25302649730116167,0.6638352588380005,0.0,0.0,0.0,0.08285942429982553,0.2541106132728002,0.6630299624273741,0.08285942429982553,0.2541106132728002,0.6630299624273741
2018-04-19,,,2018-04-19,False,0.08285942429982553,0.2541106132728002,0.6630299624273741,0.0,0.0,0.0,0.083190567630434,0.2536000204130251,0.6632094119565407,0.083190567630434,0.2536000204130251,0.6632094119565407
2018-04-20,,,2018-04-20,False,0.083190567630434,0.2536000204130251,0.6632094119565407,0.0,0.0,0.0,0.08322528425858876,0.2532032299072931,0.663571485834118,0.08322528425858876,0.2532032299072931,0.663571485834118
2018-04-23,,,2018-04-23,False,0.08322528425858876,0.2532032299072931,0.663571485834118,0.0,0.0,0.0,0.08340000283558828,0.2529327691655534,0.6636672279988581,0.08340000283558828,0.2529327691655534,0.6636672279988581
2018-04-24,,,2018-04-24,False,0.08340000283558828,0.2529327691655534,0.6636672279988581,0.0,0.0,0.0,0.08369473988731702,0.2521598211908707,0.6641454389218121,0.08369473988731702,0.2521598211908707,0.6641454389218121
2018-04-25,,,2018-04-25,False,0.08369473988731702,0.2521598211908707,0.6641454389218121,0.0,0.0,0.0,0.08328538679289595,0.2530722534840877,0.6636423597230162,0.08328538679289595,0.2530722534840877,0.6636423597230162
2018-04-26,,,2018-04-26,False,0.08328538679289595,0.2530722534840877,0.6636423597230162,0.0,0.0,0.0,0.08368242640361175,0.2524788227029991,0.6638387508933891,0.08368242640361175,0.2524788227029991,0.6638387508933891
2018-04-27,,,2018-04-27,False,0.08368242640361175,0.2524788227029991,0.6638387508933891,0.0,0.0,0.0,0.08408986455220968,0.2514491929010135,0.6644609425467768,0.08408986455220968,0.2514491929010135,0.6644609425467768
2018-04-30,,,2018-04-30,False,0.08408986455220968,0.2514491929010135,0.6644609425467768,0.0,0.0,0.0,0.08454499673242231,0.25033135062229206,0.6651236526452856,0.08454499673242231,0.25033135062229206,0.6651236526452856
2018-05-02,,,2018-05-02,False,0.08454499673242231,0.25033135062229206,0.6651236526452856,0.0,0.0,0.0,0.08442478574385087,0.2500705112716126,0.6655047029845365,0.08442478574385087,0.2500705112716126,0.6655047029845365
2018-05-03,,,2018-05-03,False,0.08442478574385087,0.2500705112716126,0.6655047029845365,0.0,0.0,0.0,0.08417589180354305,0.24989557604935095,0.6659285321471059,0.08417589180354305,0.24989557604935095,0.6659285321471059
2018-05-04,,,2018-05-04,False,0.08417589180354305,0.24989557604935095,0.6659285321471059,0.0,0.0,0.0,0.08367046318466213,0.25057189612950664,0.6657576406858311,0.08367046318466213,0.25057189612950664,0.6657576406858311
2018-05-07,,,2018-05-07,False,0.08367046318466213,0.25057189612950664,0.6657576406858311,0.0,0.0,0.0,0.08424917428469608,0.2514792434211777,0.6642715822941261,0.08424917428469608,0.2514792434211777,0.6642715822941261
2018-05-08,,,2018-05-08,False,0.08424917428469608,0.2514792434211777,0.6642715822941261,0.0,0.0,0.0,0.08435902078538805,0.25063917776576017,0.6650018014488518,0.08435902078538805,0.25063917776576017,0.6650018014488518
2018-05-09,,,2018-05-09,False,0.08435902078538805,0.25063917776576017,0.6650018014488518,0.0,0.0,0.0,0.08448819017611645,0.2509736678915183,0.6645381419323653,0.08448819017611645,0.2509736678915183,0.6645381419323653
2018-05-10,2018-05-10,2018-05-10,2018-05-10,True,0.08448819017611645,0.2509736678915183,0.6645381419323653,0.7999999972296898,0.20000000180797037,9.623357750971878e-10,0.7999999972296898,0.20000000180797037,9.623357750971878e-10,0.08408645850547165,0.25298303080253554,0.6629305106919928
2018-05-11,,,2018-05-11,False,0.7999999972296898,0.20000000180797037,9.623357750971878e-10,0.0,0.0,0.0,0.8011445048551592,0.1988554941891459,9.556908602354009e-10,0.8011445048551592,0.1988554941891459,9.556908602354009e-10
2018-05-14,,,2018-05-14,False,0.8011445048551592,0.1988554941891459,9.556908602354009e-10,0.0,0.0,0.0,0.801126179821963,0.19887381922237268,9.55660191337054e-10,0.801126179821963,0.19887381922237268,9.55660191337054e-10
2018-05-15,,,2018-05-15,False,0.801126179821963,0.19887381922237268,9.55660191337054e-10,0.0,0.0,0.0,0.8016363585820651,0.1983636404612514,9.566794408679685e-10,0.8016363585820651,0.1983636404612514,9.566794408679685e-10
2018-05-16,,,2018-05-16,False,0.8016363585820651,0.1983636404612514,9.566794408679685e-10,0.0,0.0,0.0,0.8030266977683658,0.19697330126786125,9.63768821361722e-10,0.8030266977683658,0.19697330126786125,9.63768821361722e-10
2018-05-17,,,2018-05-17,False,0.8030266977683658,0.19697330126786125,9.63768821361722e-10,0.0,0.0,0.0,0.8027828486059854,0.19721715042526716,9.687432227370217e-10,0.8027828486059854,0.19721715042526716,9.687432227370217e-10
2018-05-18,,,2018-05-18,False,0.8027828486059854,0.19721715042526716,9.687432227370217e-10,0.0,0.0,0.0,0.8006708569269572,0.19932914209897507,9.740635531469223e-10,0.8006708569269572,0.19932914209897507,9.740635531469223e-10
2018-05-21,,,2018-05-21,False,0.8006708569269572,0.19932914209897507,9.740635531469223e-10,0.0,0.0,0.0,0.799995944675751,0.20000405434362653,9.80618143434483e-10,0.799995944675751,0.20000405434362653,9.80618143434483e-10
2018-05-22,,,2018-05-22,False,0.799995944675751,0.20000405434362653,9.80618143434483e-10,0.0,0.0,0.0,0.7993631920214807,0.2006368070005423,9.779725935270051e-10,0.7993631920214807,0.2006368070005423,9.779725935270051e-10
2018-05-23,,,2018-05-23,False,0.7993631920214807,0.2006368070005423,9.779725935270051e-10,0.0,0.0,0.0,0.797098495957034,0.20290150305780608,9.851554321668607e-10,0.797098495957034,0.20290150305780608,9.851554321668607e-10
2018-05-24,,,2018-05-24,False,0.797098495957034,0.20290150305780608,9.851554321668607e-10,0.0,0.0,0.0,0.7982407274534069,0.20175927156785664,9.787319236954232e-10,0.7982407274534069,0.20175927156785664,9.787319236954232e-10
2018-05-25,,,2018-05-25,False,0.7982407274534069,0.20175927156785664,9.787319236954232e-10,0.0,0.0,0.0,0.8001984330476917,0.19980156597961815,9.726856242889013e-10,0.8001984330476917,0.19980156597961815,9.726856242889013e-10
2018-05-28,,,2018-05-28,False,0.8001984330476917,0.19980156597961815,9.726856242889013e-10,0.0,0.0,0.0,0.8025265944501693,0.19747340458193127,9.678948815912675e-10,0.8025265944501693,0.19747340458193127,9.678948815912675e-10
2018-05-29,,,2018-05-29,False,0.8025265944501693,0.19747340458193127,9.678948815912675e-10,0.0,0.0,0.0,0.8000454425412084,0.19995455648886196,9.699251685166221e-10,0.8000454425412084,0.19995455648886196,9.699251685166221e-10
2018-05-30,,,2018-05-30,False,0.8000454425412084,0.19995455648886196,9.699251685166221e-10,0.0,0.0,0.0,0.8007135806752733,0.19928641835225394,9.724682673117693e-10,0.8007135806752733,0.19928641835225394,9.724682673117693e-10
2018-05-31,,,2018-05-31,False,0.8007135806752733,0.19928641835225394,9.724682673117693e-10,0.0,0.0,0.0,0.8023081481839675,0.1976918508494261,9.66602165567838e-10,0.8023081481839675,0.1976918508494261,9.66602165567838e-10
2018-06-01,,,2018-06-01,False,0.8023081481839675,0.1976918508494261,9.66602165567838e-10,0.0,0.0,0.0,0.8024979844784198,0.19750201455113386,9.704419790729284e-10,0.8024979844784198,0.19750201455113386,9.704419790729284e-10
2018-06-04,,,2018-06-04,False,0.8024979844784198,0.19750201455113386,9.704419790729284e-10,0.0,0.0,0.0,0.8021693735650404,0.19783062545873187,9.762234759740807e-10,0.8021693735650404,0.19783062545873187,9.762234759740807e-10
2018-06-05,,,2018-06-05,False,0.8021693735650404,0.19783062545873187,9.762234759740807e-10,0.0,0.0,0.0,0.802212447500236,0.19778755152022587,9.795337532871229e-10,0.802212447500236,0.19778755152022587,9.795337532871229e-10
2018-06-06,,,2018-06-06,False,0.802212447500236,0.19778755152022587,9.795337532871229e-10,0.0,0.0,0.0,0.8035246147145966,0.19647538431267508,9.727240738662565e-10,0.8035246147145966,0.19647538431267508,9.727240738662565e-10
2018-06-07,,,2018-06-07,False,0.8035246147145966,0.19647538431267508,9.727240738662565e-10,0.0,0.0,0.0,0.8041584468977806,0.19584155213628066,9.659343898258968e-10,0.8041584468977806,0.19584155213628066,9.659343898258968e-10
2018-06-08,2018-06-08,2018-06-08,2018-06-08,True,0.8041584468977806,0.19584155213628066,9.659343898258968e-10,0.39999999863689023,0.39288652765997484,0.20711347370313277,0.39999999863689023,0.39288652765997484,0.20711347370313277,0.8031287623080101,0.19687123672722537,9.6476020379959e-10
2018-06-11,,,2018-06-11,False,0.39999999863689023,0.39288652765997484,0.20711347370313277,0.0,0.0,0.0,0.401279549385589,0.391316195255364,0.20740425535904491,0.401279549385589,0.391316195255364,0.20740425535904491
2018-06-12,,,2018-06-12,False,0.401279549385589,0.391316195255364,0.20740425535904491,0.0,0.0,0.0,0.4027073710471715,0.3902234536507425,0.20706917530208388,0.4027073710471715,0.3902234536507425,0.20706917530208388
2018-06-13,,,2018-06-13,False,0.4027073710471715,0.3902234536507425,0.20706917530208388,0.0,0.0,0.0,0.4027549229206488,0.3904156535203007,0.20682942355904843,0.4027549229206488,0.3904156535203007,0.20682942355904843
2018-06-14,,,2018-06-14,False,0.4027549229206488,0.3904156535203007,0.20682942355904843,0.0,0.0,0.0,0.40086306487103984,0.3923544918572567,0.2067824432717015,0.40086306487103984,0.3923544918572567,0.2067824432717015
2018-06-15,,,2018-06-15,False,0.40086306487103984,0.3923544918572567,0.2067824432717015,0.0,0.0,0.0,0.40094331528739524,0.39241528017031274,0.2066414045422901,0.40094331528739524,0.39241528017031274,0.2066414045422901
2018-06-18,,,2018-06-18,False,0.40094331528739524,0.39241528017031274,0.2066414045422901,0.0,0.0,0.0,0.4022400805152086,0.39010752465124504,0.20765239483354442,0.4022400805152086,0.39010752465124504,0.20765239483354442
2018-06-19,,,2018-06-19,False,0.4022400805152086,0.39010752465124504,0.20765239483354442,0.0,0.0,0.0,0.3996817573855143,0.3922643195229122,0.20805392309157156,0.3996817573855143,0.3922643195229122,0.20805392309157156
2018-06-20,,,2018-06-20,False,0.3996817573855143,0.3922643195229122,0.20805392309157156,0.0,0.0,0.0,0.4019035143967465,0.390082392263328,0.20801409333992366,0.4019035143967465,0.390082392263328,0.20801409333992366
2018-06-21,,,2018-06-21,False,0.4019035143967465,0.390082392263328,0.20801409333992366,0.0,0.0,0.0,0.4022304198314018,0.3889885071281349,0.2087810730404615,0.4022304198314018,0.3889885071281349,0.2087810730404615
2018-06-22,,,2018-06-22,False,0.4022304198314018,0.3889885071281349,0.2087810730404615,0.0,0.0,0.0,0.404003801008428,0.3878593794370901,0.20813681955448018,0.404003801008428,0.3878593794370901,0.20813681955448018
2018-06-25,,,2018-06-25,False,0.404003801008428,0.3878593794370901,0.20813681955448018,0.0,0.0,0.0,0.4020527823370528,0.38967025949362605,0.20827695816931938,0.4020527823370528,0.38967025949362605,0.20827695816931938
2018-06-26,,,2018-06-26,False,0.4020527823370528,0.38967025949362605,0.20827695816931938,0.0,0.0,0.0,0.40325973594235226,0.38796803481405157,0.20877222924359445,0.40325973594235226,0.38796803481405157,0.20877222924359445
2018-06-27,,,2018-06-27,False,0.40325973594235226,0.38796803481405157,0.20877222924359445,0.0,0.0,0.0,0.4001522265648265,0.39078672120094854,0.20906105223422325,0.4001522265648265,0.39078672120094854,0.20906105223422325
2018-06-28,,,2018-06-28,False,0.4001522265648265,0.39078672120094854,0.20906105223422325,0.0,0.0,0.0,0.3986185406075358,0.39150304705171146,0.209878412340751,0.3986185406075358,0.39150304705171146,0.209878412340751
2018-06-29,,,2018-06-29,False,0.3986185406075358,0.39150304705171146,0.209878412340751,0.0,0.0,0.0,0.4019085826712213,0.38829697190161927,0.20979444542715758,0.4019085826712213,0.38829697190161927,0.20979444542715758
2018-07-02,,,2018-07-02,False,0.4019085826712213,0.38829697190161927,0.20979444542715758,0.0,0.0,0.0,0.4005466034271067,0.38925162614564834,0.2102017704272431,0.4005466034271067,0.38925162614564834,0.2102017704272431
2018-07-03,,,2018-07-03,False,0.4005466034271067,0.38925162614564834,0.2102017704272431,0.0,0.0,0.0,0.40118119705992905,0.3891243573500078,0.20969444559006142,0.40118119705992905,0.3891243573500078,0.20969444559006142
2018-07-04,,,2018-07-04,False,0.40118119705992905,0.3891243573500078,0.20969444559006142,0.0,0.0,0.0,0.40245586832468416,0.3885506844188067,0.2089934472565074,0.40245586832468416,0.3885506844188067,0.2089934472565074
2018-07-05,,,2018-07-05,False,0.40245586832468416,0.3885506844188067,0.2089934472565074,0.0,0.0,0.0,0.40198178940323287,0.38887753128640234,0.20914067931036312,0.40198178940323287,0.38887753128640234,0.20914067931036312
2018-07-06,,,2018-07-06,False,0.40198178940323287,0.38887753128640234,0.20914067931036312,0.0,0.0,0.0,0.4020902171654657,0.38915951906886104,0.20875026376567157,0.4020902171654657,0.38915951906886104,0.20875026376567157
2018-07-09,2018-07-09,2018-07-09,2018-07-09,True,0.4020902171654657,0.38915951906886104,0.20875026376567157,0.3999999977217937,0.6000000001623282,2.115878155077012e-09,0.3999999977217937,0.6000000001623282,2.115878155077012e-09,0.4037038466955294,0.3882579174386688,0.2080382358658001
2018-07-10,,,2018-07-10,False,0.3999999977217937,0.6000000001623282,2.115878155077012e-09,0.0,0.0,0.0,0.40313214297215094,0.59686785491376,2.1140890742727964e-09,0.40313214297215094,0.59686785491376,2.1140890742727964e-09
2018-07-11,,,2018-07-11,False,0.40313214297215094,0.59686785491376,2.1140890742727964e-09,0.0,0.0,0.0,0.4033761927528152,0.5966238051320187,2.115166072780576e-09,0.4033761927528152,0.5966238051320187,2.115166072780576e-09
2018-07-12,,,2018-07-12,False,0.4033761927528152,0.5966238051320187,2.115166072780576e-09,0.0,0.0,0.0,0.4072844656285798,0.592715532250272,2.121148341152078e-09,0.4072844656285798,0.592715532250272,2.121148341152078e-09
2018-07-13,,,2018-07-13,False,0.4072844656285798,0.592715532250272,2.121148341152078e-09,0.0,0.0,0.0,0.4080337358974862,0.591966261976634,2.125879799700446e-09,0.4080337358974862,0.591966261976634,2.125879799700446e-09
2018-07-16,,,2018-07-16,False,0.4080337358974862,0.591966261976634,2.125879799700446e-09,0.0,0.0,0.0,0.40499432240380817,0.5950056754703176,2.125874317689396e-09,0.40499432240380817,0.5950056754703176,2.125874317689396e-09
2018-07-17,,,2018-07-17,False,0.40499432240380817,0.5950056754703176,2.125874317689396e-09,0.0,0.0,0.0,0.40777332665753513,0.5922266712158477,2.126617185183607e-09,0.40777332665753513,0.5922266712158477,2.126617185183607e-09
2018-07-18,,,2018-07-18,False,0.40777332665753513,0.5922266712158477,2.126617185183607e-09,0.0,0.0,0.0,0.4098623669880331,0.5901376308690822,2.1428846211888536e-09,0.4098623669880331,0.5901376308690822,2.1428846211888536e-09
2018-07-19,,,2018-07-19,False,0.4098623669880331,0.5901376308690822,2.1428846211888536e-09,0.0,0.0,0.0,0.409033828357587,0.5909661694993245,2.1430884720787176e-09,0.409033828357587,0.5909661694993245,2.1430884720787176e-09
2018-07-20,,,2018-07-20,False,0.409033828357587,0.5909661694993245,2.1430884720787176e-09,0.0,0.0,0.0,0.40984405366536925,0.5901559441976533,2.1369772840483738e-09,0.40984405366536925,0.5901559441976533,2.1369772840483738e-09
2018-07-23,,,2018-07-23,False,0.40984405366536925,0.5901559441976533,2.1369772840483738e-09,0.0,0.0,0.0,0.4097935025075246,0.5902064953701319,2.12234336743442e-09,0.4097935025075246,0.5902064953701319,2.12234336743442e-09
2018-07-24,,,2018-07-24,False,0.4097935025075246,0.5902064953701319,2.12234336743442e-09,0.0,0.0,0.0,0.41174518255998654,0.588254815317052,2.1229614034311695e-09,0.41174518255998654,0.588254815317052,2.1229614034311695e-09
2018-07-25,,,2018-07-25,False,0.41174518255998654,0.588254815317052,2.1229614034311695e-09,0.0,0.0,0.0,0.41151855486661976,0.5884814430111274,2.122252797890857e-09,0.41151855486661976,0.5884814430111274,2.122252797890857e-09
2018-07-26,,,2018-07-26,False,0.41151855486661976,0.5884814430111274,2.122252797890857e-09,0.0,0.0,0.0,0.41305683166968354,0.5869431662068639,2.123452372428061e-09,0.41305683166968354,0.5869431662068639,2.123452372428061e-09
2018-07-27,,,2018-07-27,False,0.41305683166968354,0.5869431662068639,2.123452372428061e-09,0.0,0.0,0.0,0.4166039530667967,0.5833960448126032,2.1205998404544783e-09,0.4166039530667967,0.5833960448126032,2.1205998404544783e-09
2018-07-30,,,2018-07-30,False,0.4166039530667967,0.5833960448126032,2.1205998404544783e-09,0.0,0.0,0.0,0.4169139828483549,0.5830860150371912,2.1144537841326367e-09,0.4169139828483549,0.5830860150371912,2.1144537841326367e-09
2018-07-31,,,2018-07-31,False,0.4169139828483549,0.5830860150371912,2.1144537841326367e-09,0.0,0.0,0.0,0.41861813041670953,0.5813818674596027,2.1236874765791446e-09,0.41861813041670953,0.5813818674596027,2.1236874765791446e-09
2018-08-01,,,2018-08-01,False,0.41861813041670953,0.5813818674596027,2.1236874765791446e-09,0.0,0.0,0.0,0.4182412896338087,0.5817587082424892,2.123701825771311e-09,0.4182412896338087,0.5817587082424892,2.123701825771311e-09
2018-08-02,,,2018-08-02,False,0.4182412896338087,0.5817587082424892,2.123701825771311e-09,0.0,0.0,0.0,0.41672170303525974,0.583278294829676,2.1350641276360976e-09,0.41672170303525974,0.583278294829676,2.1350641276360976e-09
2018-08-03,,,2018-08-03,False,0.41672170303525974,0.583278294829676,2.1350641276360976e-09,0.0,0.0,0.0,0.42021249909434577,0.5797874987746852,2.1309690237294996e-09,0.42021249909434577,0.5797874987746852,2.1309690237294996e-09
2018-08-06,,,2018-08-06,False,0.42021249909434577,0.5797874987746852,2.1309690237294996e-09,0.0,0.0,0.0,0.42060483808396293,0.5793951597880047,2.128032330306225e-09,0.42060483808396293,0.5793951597880047,2.128032330306225e-09
2018-08-07,2018-08-07,2018-08-07,2018-08-07,True,0.42060483808396293,0.5793951597880047,2.128032330306225e-09,0.7999999849335033,0.06035692176696908,0.13964309329952754,0.7999999849335033,0.06035692176696908,0.13964309329952754,0.42042413403608864,0.5795758638372321,2.1266790653894513e-09
2018-08-08,,,2018-08-08,False,0.7999999849335033,0.06035692176696908,0.13964309329952754,0.0,0.0,0.0,0.8009199699765959,0.060015658554577384,0.13906437146882675,0.8009199699765959,0.060015658554577384,0.13906437146882675
2018-08-09,,,2018-08-09,False,0.8009199699765959,0.060015658554577384,0.13906437146882675,0.0,0.0,0.0,0.8012315095068456,0.05990108140723546,0.13886740908591882,0.8012315095068456,0.05990108140723546,0.13886740908591882
2018-08-10,,,2018-08-10,False,0.8012315095068456,0.05990108140723546,0.13886740908591882,0.0,0.0,0.0,0.8005820343222192,0.06016294903659656,0.13925501664118417,0.8005820343222192,0.06016294903659656,0.13925501664118417
2018-08-13,,,2018-08-13,False,0.8005820343222192,0.06016294903659656,0.13925501664118417,0.0,0.0,0.0,0.799196494065039,0.06088666573786556,0.13991684019709544,0.799196494065039,0.06088666573786556,0.13991684019709544
2018-08-14,,,2018-08-14,False,0.799196494065039,0.06088666573786556,0.13991684019709544,0.0,0.0,0.0,0.80053790979076,0.06028293617517392,0.13917915403406594,0.80053790979076,0.06028293617517392,0.13917915403406594
2018-08-16,,,2018-08-16,False,0.80053790979076,0.06028293617517392,0.13917915403406594,0.0,0.0,0.0,0.8001130010872662,0.060170197681090866,0.1397168012316427,0.8001130010872662,0.060170197681090866,0.1397168012316427
2018-08-17,,,2018-08-17,False,0.8001130010872662,0.060170197681090866,0.1397168012316427,0.0,0.0,0.0,0.801452109019967,0.05964425603883079,0.13890363494120198,0.801452109019967,0.05964425603883079,0.13890363494120198
2018-08-20,,,2018-08-20,False,0.801452109019967,0.05964425603883079,0.13890363494120198,0.0,0.0,0.0,0.8025592492062604,0.05931916233735562,0.13812158845638378,0.8025592492062604,0.05931916233735562,0.13812158845638378
2018-08-21,,,2018-08-21,False,0.8025592492062604,0.05931916233735562,0.13812158845638378,0.0,0.0,0.0,0.8025205614673772,0.05959309507141833,0.13788634346120426,0.8025205614673772,0.05959309507141833,0.13788634346120426
2018-08-23,,,2018-08-23,False,0.8025205614673772,0.05959309507141833,0.13788634346120426,0.0,0.0,0.0,0.8027397966932337,0.059477293292798286,0.13778291001396756,0.8027397966932337,0.059477293292798286,0.13778291001396756
2018-08-24,,,2018-08-24,False,0.8027397966932337,0.059477293292798286,0.13778291001396756,0.0,0.0,0.0,0.802263335537564,0.0597299140232318,0.1380067504392037,0.802263335537564,0.0597299140232318,0.1380067504392037
2018-08-27,,,2018-08-27,False,0.802263335537564,0.0597299140232318,0.1380067504392037,0.0,0.0,0.0,0.8036138913400488,0.0597414310912139,0.13664467756873672,0.8036138913400488,0.0597414310912139,0.13664467756873672
2018-08-28,,,2018-08-28,False,0.8036138913400488,0.0597414310912139,0.13664467756873672,0.0,0.0,0.0,0.8037882512429254,0.06007941458021957,0.1361323341768544,0.8037882512429254,0.06007941458021957,0.1361323341768544
2018-08-29,,,2018-08-29,False,0.8037882512429254,0.06007941458021957,0.1361323341768544,0.0,0.0,0.0,0.8032266475750681,0.060193939111852376,0.13657941331307896,0.8032266475750681,0.060193939111852376,0.13657941331307896
2018-08-30,,,2018-08-30,False,0.8032266475750681,0.060193939111852376,0.13657941331307896,0.0,0.0,0.0,0.8028775461548466,0.060425851728630936,0.136696602116522,0.8028775461548466,0.060425851728630936,0.136696602116522
2018-08-31,,,2018-08-31,False,0.8028775461548466,0.060425851728630936,0.136696602116522,0.0,0.0,0.0,0.8024247779727768,0.06051471927068537,0.13706050275653742,0.8024247779727768,0.06051471927068537,0.13706050275653742
2018-09-03,,,2018-09-03,False,0.8024247779727768,0.06051471927068537,0.13706050275653742,0.0,0.0,0.0,0.8013803197504149,0.06057628551210556,0.1380433947374791,0.8013803197504149,0.06057628551210556,0.1380433947374791
2018-09-04,,,2018-09-04,False,0.8013803197504149,0.06057628551210556,0.1380433947374791,0.0,0.0,0.0,0.8004306364923357,0.06094692016557081,0.1386224433420931,0.8004306364923357,0.06094692016557081,0.1386224433420931
2018-09-05,,,2018-09-05,False,0.8004306364923357,0.06094692016557081,0.1386224433420931,0.0,0.0,0.0,0.7997288065883424,0.061247164372692744,0.13902402903896446,0.7997288065883424,0.061247164372692744,0.13902402903896446
2018-09-06,,,2018-09-06,False,0.7997288065883424,0.061247164372692744,0.13902402903896446,0.0,0.0,0.0,0.8000990502668338,0.06153531497996262,0.1383656347532033,0.8000990502668338,0.06153531497996262,0.1383656347532033
2018-09-07,2018-09-07,2018-09-07,2018-09-07,True,0.8000990502668338,0.06153531497996262,0.1383656347532033,0.800000000494799,1.3616987933082668e-07,0.1999998633353027,0.800000000494799,1.3616987933082668e-07,0.1999998633353027,0.8010959347727602,0.060990031798113395,0.13791403342912603
2018-09-10,,,2018-09-10,False,0.800000000494799,1.3616987933082668e-07,0.1999998633353027,0.0,0.0,0.0,0.7978933233908694,1.3806896552938926e-07,0.2021065385401459,0.7978933233908694,1.3806896552938926e-07,0.2021065385401459
2018-09-11,,,2018-09-11,False,0.7978933233908694,1.3806896552938926e-07,0.2021065385401459,0.0,0.0,0.0,0.7957475584141184,1.4012258992710192e-07,0.20425230146327233,0.7957475584141184,1.4012258992710192e-07,0.20425230146327233
2018-09-12,,,2018-09-12,False,0.7957475584141184,1.4012258992710192e-07,0.20425230146327233,0.0,0.0,0.0,0.7969272230343056,1.392290983059548e-07,0.2030726377365767,0.7969272230343056,1.392290983059548e-07,0.2030726377365767
2018-09-14,,,2018-09-14,False,0.7969272230343056,1.392290983059548e-07,0.2030726377365767,0.0,0.0,0.0,0.7989745077773113,1.373429787647265e-07,0.2010253548796908,0.7989745077773113,1.373429787647265e-07,0.2010253548796908
2018-09-17,,,2018-09-17,False,0.7989745077773113,1.373429787647265e-07,0.2010253548796908,0.0,0.0,0.0,0.7970388893833339,1.3933361152635433e-07,0.20296097128303522,0.7970388893833339,1.3933361152635433e-07,0.20296097128303522
2018-09-18,,,2018-09-18,False,0.7970388893833339,1.3933361152635433e-07,0.20296097128303522,0.0,0.0,0.0,0.7956252274243597,1.4106306163725762e-07,0.20437463151255914,0.7956252274243597,1.4106306163725762e-07,0.20437463151255914
2018-09-19,,,2018-09-19,False,0.7956252274243597,1.4106306163725762e-07,0.20437463151255914,0.0,0.0,0.0,0.7949793446339128,1.4168525218436932e-07,0.2050205136808154,0.7949793446339128,1.4168525218436932e-07,0.2050205136808154
2018-09-21,,,2018-09-21,False,0.7949793446339128,1.4168525218436932e-07,0.2050205136808154,0.0,0.0,0.0,0.7936468923584179,1.4208489154676103e-07,0.2063529655566709,0.7936468923584179,1.4208489154676103e-07,0.2063529655566709
2018-09-24,,,2018-09-24,False,0.7936468923584179,1.4208489154676103e-07,0.2063529655566709,0.0,0.0,0.0,0.791031895909679,1.4360185831527342e-07,0.20896796048844274,0.791031895909679,1.4360185831527342e-07,0.20896796048844274
2018-09-25,,,2018-09-25,False,0.791031895909679,1.4360185831527342e-07,0.20896796048844274,0.0,0.0,0.0,0.7925290408666351,1.4259388230940958e-07,0.20747081653946278,0.7925290408666351,1.4259388230940958e-07,0.20747081653946278
2018-09-26,,,2018-09-26,False,0.7925290408666351,1.4259388230940958e-07,0.20747081653946278,0.0,0.0,0.0,0.7923260416911677,1.424646148704069e-07,0.2076738158441976,0.7923260416911677,1.424646148704069e-07,0.2076738158441976
2018-09-27,,,2018-09-27,False,0.7923260416911677,1.424646148704069e-07,0.2076738158441976,0.0,0.0,0.0,0.7911847561698376,1.4299565058933778e-07,0.2088151008344918,0.7911847561698376,1.4299565058933778e-07,0.2088151008344918
2018-09-28,,,2018-09-28,False,0.7911847561698376,1.4299565058933778e-07,0.2088151008344918,0.0,0.0,0.0,0.789908663704214,1.422199284676366e-07,0.21009119407583765,0.789908663704214,1.422199284676366e-07,0.21009119407583765
2018-10-01,,,2018-10-01,False,0.789908663704214,1.422199284676366e-07,0.21009119407583765,0.0,0.0,0.0,0.7910856983650574,1.4215190506711922e-07,0.20891415948301792,0.7910856983650574,1.4215190506711922e-07,0.20891415948301792
2018-10-03,,,2018-10-03,False,0.7910856983650574,1.4215190506711922e-07,0.20891415948301792,0.0,0.0,0.0,0.7888084208029942,1.4807325359261357e-07,0.21119143112373234,0.7888084208029942,1.4807325359261357e-07,0.21119143112373234
2018-10-04,,,2018-10-04,False,0.7888084208029942,1.4807325359261357e-07,0.21119143112373234,0.0,0.0,0.0,0.7847568637916278,1.4980185417414807e-07,0.21524298640649783,0.7847568637916278,1.4980185417414807e-07,0.21524298640649783
2018-10-05,,,2018-10-05,False,0.7847568637916278,1.4980185417414807e-07,0.21524298640649783,0.0,0.0,0.0,0.7801536798417354,1.535231009916715e-07,0.219846166635143,0.7801536798417354,1.535231009916715e-07,0.219846166635143
2018-10-08,,,2018-10-08,False,0.7801536798417354,1.535231009916715e-07,0.219846166635143,0.0,0.0,0.0,0.7806777805418919,1.523578579643989e-07,0.21932206710022956,0.7806777805418919,1.523578579643989e-07,0.21932206710022956
2018-10-09,,,2018-10-09,False,0.7806777805418919,1.523578579643989e-07,0.21932206710022956,0.0,0.0,0.0,0.7798973463874302,1.5248931633106097e-07,0.22010250112323276,0.7798973463874302,1.5248931633106097e-07,0.22010250112323276
2018-10-10,,,2018-10-10,False,0.7798973463874302,1.5248931633106097e-07,0.22010250112323276,0.0,0.0,0.0,0.7825162282445557,1.5101809431943675e-07,0.21748362073732955,0.7825162282445557,1.5101809431943675e-07,0.21748362073732955
2018-10-11,2018-10-11,2018-10-11,2018-10-11,True,0.7825162282445557,1.5101809431943675e-07,0.21748362073732955,0.05067027023229482,0.2500691788409346,0.6992605509267706,0.05067027023229482,0.2500691788409346,0.6992605509267706,0.7787852696424274,1.5495794700104624e-07,0.2212145753996047
2018-10-12,,,2018-10-12,False,0.05067027023229482,0.2500691788409346,0.6992605509267706,0.0,0.0,0.0,0.051706497913433666,0.25093905542331835,0.697354446663248,0.051706497913433666,0.25093905542331835,0.697354446663248
2018-10-15,,,2018-10-15,False,0.051706497913433666,0.25093905542331835,0.697354446663248,0.0,0.0,0.0,0.05172795655582006,0.25328271939349783,0.6949893240506821,0.05172795655582006,0.25328271939349783,0.6949893240506821
2018-10-16,,,2018-10-16,False,0.05172795655582006,0.25328271939349783,0.6949893240506821,0.0,0.0,0.0,0.05216087823703895,0.25181689320604284,0.6960222285569182,0.05216087823703895,0.25181689320604284,0.6960222285569182
2018-10-17,,,2018-10-17,False,0.05216087823703895,0.25181689320604284,0.6960222285569182,0.0,0.0,0.0,0.051518941615168345,0.25236326890468824,0.6961177894801434,0.051518941615168345,0.25236326890468824,0.6961177894801434
2018-10-19,,,2018-10-19,False,0.051518941615168345,0.25236326890468824,0.6961177894801434,0.0,0.0,0.0,0.050723455659878236,0.2539699508431367,0.695306593496985,0.050723455659878236,0.2539699508431367,0.695306593496985
2018-10-22,,,2018-10-22,False,0.050723455659878236,0.2539699508431367,0.695306593496985,0.0,0.0,0.0,0.05054384422610082,0.25266195202982583,0.6967942037440733,0.05054384422610082,0.25266195202982583,0.6967942037440733
2018-10-23,,,2018-10-23,False,0.05054384422610082,0.25266195202982583,0.6967942037440733,0.0,0.0,0.0,0.050023301700467704,0.2536746856167663,0.6963020126827659,0.050023301700467704,0.2536746856167663,0.6963020126827659
2018-10-24,,,2018-10-24,False,0.050023301700467704,0.2536746856167663,0.6963020126827659,0.0,0.0,0.0,0.050451541866989164,0.25263935961439604,0.6969090985186147,0.050451541866989164,0.25263935961439604,0.6969090985186147
2018-10-25,,,2018-10-25,False,0.050451541866989164,0.25263935961439604,0.6969090985186147,0.0,0.0,0.0,0.049974886251177054,0.25288531842325207,0.6971397953255707,0.049974886251177054,0.25288531842325207,0.6971397953255707
2018-10-26,,,2018-10-26,False,0.049974886251177054,0.25288531842325207,0.6971397953255707,0.0,0.0,0.0,0.04947099353296973,0.25388882735669094,0.696640179110339,0.04947099353296973,0.25388882735669094,0.696640179110339
2018-10-29,,,2018-10-29,False,0.04947099353296973,0.25388882735669094,0.696640179110339,0.0,0.0,0.0,0.05057381103579471,0.2526068283578361,0.696819360606369,0.05057381103579471,0.2526068283578361,0.696819360606369
2018-10-30,,,2018-10-30,False,0.05057381103579471,0.2526068283578361,0.696819360606369,0.0,0.0,0.0,0.05037687519059716,0.2519403729571851,0.6976827518522175,0.05037687519059716,0.2519403729571851,0.6976827518522175
2018-10-31,,,2018-10-31,False,0.05037687519059716,0.2519403729571851,0.6976827518522175,0.0,0.0,0.0,0.05107501933358751,0.25195367071298147,0.6969713099534307,0.05107501933358751,0.25195367071298147,0.6969713099534307
2018-11-01,,,2018-11-01,False,0.05107501933358751,0.25195367071298147,0.6969713099534307,0.0,0.0,0.0,0.051019026776579386,0.25236800121921044,0.69661297200421,0.051019026776579386,0.25236800121921044,0.69661297200421
2018-11-02,,,2018-11-02,False,0.051019026776579386,0.25236800121921044,0.69661297200421,0.0,0.0,0.0,0.05192710779492201,0.2506471906030666,0.6974257016020112,0.05192710779492201,0.2506471906030666,0.6974257016020112
2018-11-05,,,2018-11-05,False,0.05192710779492201,0.2506471906030666,0.6974257016020112,0.0,0.0,0.0,0.051683738646514175,0.2522530851879467,0.696063176165539,0.051683738646514175,0.2522530851879467,0.696063176165539
2018-11-06,,,2018-11-06,False,0.051683738646514175,0.2522530851879467,0.696063176165539,0.0,0.0,0.0,0.051768038258675216,0.25142402527107327,0.6968079364702514,0.051768038258675216,0.25142402527107327,0.6968079364702514
2018-11-07,,,2018-11-07,False,0.051768038258675216,0.25142402527107327,0.6968079364702514,0.0,0.0,0.0,0.05209275931918555,0.2512395724995061,0.6966676681813082,0.05209275931918555,0.2512395724995061,0.6966676681813082
2018-11-09,,,2018-11-09,False,0.05209275931918555,0.2512395724995061,0.6966676681813082,0.0,0.0,0.0,0.05216919869079017,0.24929178775449692,0.6985390135547128,0.05216919869079017,0.24929178775449692,0.6985390135547128
2018-11-12,,,2018-11-12,False,0.05216919869079017,0.24929178775449692,0.6985390135547128,0.0,0.0,0.0,0.05182753189883937,0.24738257508424435,0.7007898930169163,0.05182753189883937,0.24738257508424435,0.7007898930169163
2018-11-13,2018-11-13,2018-11-13,2018-11-13,True,0.05182753189883937,0.24738257508424435,0.7007898930169163,0.04014076162612305,0.2500015227236206,0.7098577156502562,0.04014076162612305,0.2500015227236206,0.7098577156502562,0.0523044004472696,0.24716755267395332,0.7005280468787771
2018-11-14,,,2018-11-14,False,0.04014076162612305,0.2500015227236206,0.7098577156502562,0.0,0.0,0.0,0.040114291312283126,0.2500734066298034,0.7098123020579135,0.040114291312283126,0.2500734066298034,0.7098123020579135
2018-11-15,,,2018-11-15,False,0.040114291312283126,0.2500734066298034,0.7098123020579135,0.0,0.0,0.0,0.0402922693137189,0.24945922973489548,0.7102485009513856,0.0402922693137189,0.24945922973489548,0.7102485009513856
2018-11-16,,,2018-11-16,False,0.0402922693137189,0.24945922973489548,0.7102485009513856,0.0,0.0,0.0,0.0405686991572758,0.24869496246475128,0.7107363383779729,0.0405686991572758,0.24869496246475128,0.7107363383779729
2018-11-19,,,2018-11-19,False,0.0405686991572758,0.24869496246475128,0.7107363383779729,0.0,0.0,0.0,0.040856539502447754,0.24876426368654433,0.7103791968110079,0.040856539502447754,0.24876426368654433,0.7103791968110079
2018-11-20,,,2018-11-20,False,0.040856539502447754,0.24876426368654433,0.7103791968110079,0.0,0.0,0.0,0.04046681903884113,0.24885194726991508,0.7106812336912438,0.04046681903884113,0.24885194726991508,0.7106812336912438
2018-11-21,,,2018-11-21,False,0.04046681903884113,0.24885194726991508,0.7106812336912438,0.0,0.0,0.0,0.04026881991902467,0.24878786856065707,0.7109433115203183,0.04026881991902467,0.24878786856065707,0.7109433115203183
2018-11-22,,,2018-11-22,False,0.04026881991902467,0.24878786856065707,0.7109433115203183,0.0,0.0,0.0,0.040005385611329713,0.24877732910668865,0.7112172852819817,0.040005385611329713,0.24877732910668865,0.7112172852819817
2018-11-26,,,2018-11-26,False,0.040005385611329713,0.24877732910668865,0.7112172852819817,0.0,0.0,0.0,0.04045354957505252,0.24726019620344725,0.7122862542215003,0.04045354957505252,0.24726019620344725,0.7122862542215003
2018-11-27,,,2018-11-27,False,0.04045354957505252,0.24726019620344725,0.7122862542215003,0.0,0.0,0.0,0.040678255998101244,0.24689961015497439,0.7124221338469244,0.040678255998101244,0.24689961015497439,0.7124221338469244
2018-11-28,,,2018-11-28,False,0.040678255998101244,0.24689961015497439,0.7124221338469244,0.0,0.0,0.0,0.04092395264464472,0.245233274500525,0.7138427728548303,0.04092395264464472,0.245233274500525,0.7138427728548303
2018-11-29,,,2018-11-29,False,0.04092395264464472,0.245233274500525,0.7138427728548303,0.0,0.0,0.0,0.04136102629461545,0.24579970665323198,0.7128392670521527,0.04136102629461545,0.24579970665323198,0.7128392670521527
2018-11-30,,,2018-11-30,False,0.04136102629461545,0.24579970665323198,0.7128392670521527,0.0,0.0,0.0,0.04137284668006938,0.2443256655333566,0.7143014877865742,0.04137284668006938,0.2443256655333566,0.7143014877865742
2018-12-03,,,2018-12-03,False,0.04137284668006938,0.2443256655333566,0.7143014877865742,0.0,0.0,0.0,0.04129471977802519,0.24621807761147618,0.7124872026104988,0.04129471977802519,0.24621807761147618,0.7124872026104988
2018-12-04,,,2018-12-04,False,0.04129471977802519,0.24621807761147618,0.7124872026104988,0.0,0.0,0.0,0.041138108569719334,0.24814627968516872,0.7107156117451121,0.041138108569719334,0.24814627968516872,0.7107156117451121
2018-12-05,,,2018-12-05,False,0.041138108569719334,0.24814627968516872,0.7107156117451121,0.0,0.0,0.0,0.040881941136465115,0.2471557259352629,0.7119623329282722,0.040881941136465115,0.2471557259352629,0.7119623329282722
2018-12-06,,,2018-12-06,False,0.040881941136465115,0.2471557259352629,0.7119623329282722,0.0,0.0,0.0,0.040131689129796845,0.24898267126846302,0.7108856396017403,0.040131689129796845,0.24898267126846302,0.7108856396017403
2018-12-07,,,2018-12-07,False,0.040131689129796845,0.24898267126846302,0.7108856396017403,0.0,0.0,0.0,0.040506638203031915,0.24818273175336397,0.7113106300436043,0.040506638203031915,0.24818273175336397,0.7113106300436043
2018-12-10,,,2018-12-10,False,0.040506638203031915,0.24818273175336397,0.7113106300436043,0.0,0.0,0.0,0.03955476863363179,0.25225028121386767,0.7081949501525007,0.03955476863363179,0.25225028121386767,0.7081949501525007
2018-12-11,,,2018-12-11,False,0.03955476863363179,0.25225028121386767,0.7081949501525007,0.0,0.0,0.0,0.039745959675306655,0.25273748565346926,0.7075165546712243,0.039745959675306655,0.25273748565346926,0.7075165546712243
2018-12-12,,,2018-12-12,False,0.039745959675306655,0.25273748565346926,0.7075165546712243,0.0,0.0,0.0,0.04047678816379255,0.251642725722669,0.7078804861135387,0.04047678816379255,0.251642725722669,0.7078804861135387
2018-12-13,2018-12-13,2018-12-13,2018-12-13,True,0.04047678816379255,0.251642725722669,0.7078804861135387,0.39010806415241467,0.6098885425716561,3.393275929111561e-06,0.39010806415241467,0.6098885425716561,3.393275929111561e-06,0.04071269836844151,0.2508337764832305,0.7084535251483283
2018-12-14,,,2018-12-14,False,0.39010806415241467,0.6098885425716561,3.393275929111561e-06,0.0,0.0,0.0,0.3909860638705844,0.6090105395914,3.396538015510305e-06,0.3909860638705844,0.6090105395914,3.396538015510305e-06
2018-12-17,,,2018-12-17,False,0.3909860638705844,0.6090105395914,3.396538015510305e-06,0.0,0.0,0.0,0.39318437777618354,0.606812232594051,3.389629765383496e-06,0.39318437777618354,0.606812232594051,3.389629765383496e-06
2018-12-18,,,2018-12-18,False,0.39318437777618354,0.606812232594051,3.389629765383496e-06,0.0,0.0,0.0,0.39453285190513415,0.6054637531851162,3.3949097495534437e-06,0.39453285190513415,0.6054637531851162,3.3949097495534437e-06
2018-12-19,,,2018-12-19,False,0.39453285190513415,0.6054637531851162,3.3949097495534437e-06,0.0,0.0,0.0,0.3970553469697115,0.6029412546701495,3.3983601390321134e-06,0.3970553469697115,0.6029412546701495,3.3983601390321134e-06
2018-12-20,,,2018-12-20,False,0.3970553469697115,0.6029412546701495,3.3983601390321134e-06,0.0,0.0,0.0,0.3966191832648408,0.603377417272796,3.3994623631970967e-06,0.3966191832648408,0.603377417272796,3.3994623631970967e-06
2018-12-21,,,2018-12-21,False,0.3966191832648408,0.603377417272796,3.3994623631970967e-06,0.0,0.0,0.0,0.39099305578030424,0.609003531370646,3.412849049695379e-06,0.39099305578030424,0.609003531370646,3.412849049695379e-06
2018-12-24,,,2018-12-24,False,0.39099305578030424,0.609003531370646,3.412849049695379e-06,0.0,0.0,0.0,0.38774809537727983,0.6122484913737507,3.4132489693275225e-06,0.38774809537727983,0.6122484913737507,3.4132489693275225e-06
2018-12-26,,,2018-12-26,False,0.38774809537727983,0.6122484913737507,3.4132489693275225e-06,0.0,0.0,0.0,0.3882986115090017,0.6116979915322691,3.3969587291045124e-06,0.3882986115090017,0.6116979915322691,3.3969587291045124e-06
2018-12-27,,,2018-12-27,False,0.3882986115090017,0.6116979915322691,3.3969587291045124e-06,0.0,0.0,0.0,0.3888932524085743,0.6111033611951314,3.386396294048013e-06,0.3888932524085743,0.6111033611951314,3.386396294048013e-06
2018-12-28,,,2018-12-28,False,0.3888932524085743,0.6111033611951314,3.386396294048013e-06,0.0,0.0,0.0,0.38977335720951817,0.6102232737969232,3.3689935584221955e-06,0.38977335720951817,0.6102232737969232,3.3689935584221955e-06
2018-12-31,,,2018-12-31,False,0.38977335720951817,0.6102232737969232,3.3689935584221955e-06,0.0,0.0,0.0,0.3909244698168797,0.6090721400436376,3.3901394824178196e-06,0.3909244698168797,0.6090721400436376,3.3901394824178196e-06
2019-01-01,,,2019-01-01,False,0.3909244698168797,0.6090721400436376,3.3901394824178196e-06,0.0,0.0,0.0,0.38959070239886656,0.6104059189949131,3.378606220121085e-06,0.38959070239886656,0.6104059189949131,3.378606220121085e-06
2019-01-02,,,2019-01-02,False,0.38959070239886656,0.6104059189949131,3.378606220121085e-06,0.0,0.0,0.0,0.38712426672189376,0.6128723542709422,3.3790071637454614e-06,0.38712426672189376,0.6128723542709422,3.3790071637454614e-06
2019-01-03,,,2019-01-03,False,0.38712426672189376,0.6128723542709422,3.3790071637454614e-06,0.0,0.0,0.0,0.38295272541407127,0.6170438943271552,3.380258773140399e-06,0.38295272541407127,0.6170438943271552,3.380258773140399e-06
2019-01-04,,,2019-01-04,False,0.38295272541407127,0.6170438943271552,3.380258773140399e-06,0.0,0.0,0.0,0.3856091097782025,0.6143875039982556,3.3862235416201328e-06,0.3856091097782025,0.6143875039982556,3.3862235416201328e-06
2019-01-07,,,2019-01-07,False,0.3856091097782025,0.6143875039982556,3.3862235416201328e-06,0.0,0.0,0.0,0.38720614005879916,0.6127904737579755,3.386183224998658e-06,0.38720614005879916,0.6127904737579755,3.386183224998658e-06
2019-01-08,,,2019-01-08,False,0.38720614005879916,0.6127904737579755,3.386183224998658e-06,0.0,0.0,0.0,0.38838357191945266,0.6116130411101071,3.3869704399266553e-06,0.38838357191945266,0.6116130411101071,3.3869704399266553e-06
2019-01-09,,,2019-01-09,False,0.38838357191945266,0.6116130411101071,3.3869704399266553e-06,0.0,0.0,0.0,0.3880999661294991,0.6118966658980199,3.367972480566349e-06,0.3880999661294991,0.6118966658980199,3.367972480566349e-06
2019-01-10,,,2019-01-10,False,0.3880999661294991,0.6118966658980199,3.367972480566349e-06,0.0,0.0,0.0,0.38534062072323677,0.6146560248825093,3.3543942534295675e-06,0.38534062072323677,0.6146560248825093,3.3543942534295675e-06
2019-01-11,,,2019-01-11,False,0.38534062072323677,0.6146560248825093,3.3543942534295675e-06,0.0,0.0,0.0,0.3851298824953028,0.6148667566684822,3.3608362145167104e-06,0.3851298824953028,0.6148667566684822,3.3608362145167104e-06
2019-01-14,2019-01-14,2019-01-14,2019-01-14,True,0.3851298824953028,0.6148667566684822,3.3608362145167104e-06,0.00010931814954093753,0.7999973717313382,0.19989331011912095,0.00010931814954093753,0.7999973717313382,0.19989331011912095,0.3832403066002144,0.6167563312236195,3.3621761655739843e-06
2019-01-15,,,2019-01-15,False,0.00010931814954093753,0.7999973717313382,0.19989331011912095,0.0,0.0,0.0,0.0001108026711339333,0.8000560772498533,0.19983312007901294,0.0001108026711339333,0.8000560772498533,0.19983312007901294
2019-01-16,,,2019-01-16,False,0.0001108026711339333,0.8000560772498533,0.19983312007901294,0.0,0.0,0.0,0.00011055243802264976,0.8005717027461973,0.19931774481578016,0.00011055243802264976,0.8005717027461973,0.19931774481578016
2019-01-17,,,2019-01-17,False,0.00011055243802264976,0.8005717027461973,0.19931774481578016,0.0,0.0,0.0,0.00011039741590839329,0.8011233081991681,0.19876629438492358,0.00011039741590839329,0.8011233081991681,0.19876629438492358
2019-01-18,,,2019-01-18,False,0.00011039741590839329,0.8011233081991681,0.19876629438492358,0.0,0.0,0.0,0.0001109240126771352,0.8002067082151467,0.19968236777217618,0.0001109240126771352,0.8002067082151467,0.19968236777217618
2019-01-21,,,2019-01-21,False,0.0001109240126771352,0.8002067082151467,0.19968236777217618,0.0,0.0,0.0,0.00011168661837806268,0.7998400534409853,0.20004825994063666,0.00011168661837806268,0.7998400534409853,0.20004825994063666
2019-01-22,,,2019-01-22,False,0.00011168661837806268,0.7998400534409853,0.20004825994063666,0.0,0.0,0.0,0.00011084031540222154,0.8006480494835257,0.1992411102010721,0.00011084031540222154,0.8006480494835257,0.1992411102010721
2019-01-23,,,2019-01-23,False,0.00011084031540222154,0.8006480494835257,0.1992411102010721,0.0,0.0,0.0,0.00010990065574736239,0.8006737976716015,0.19921630167265117,0.00010990065574736239,0.8006737976716015,0.19921630167265117
2019-01-24,,,2019-01-24,False,0.00010990065574736239,0.8006737976716015,0.19921630167265117,0.0,0.0,0.0,0.00011053273509280332,0.7998633671118207,0.20002610015308653,0.00011053273509280332,0.7998633671118207,0.20002610015308653
2019-01-25,,,2019-01-25,False,0.00011053273509280332,0.7998633671118207,0.20002610015308653,0.0,0.0,0.0,0.00010957285531820121,0.8003276474369875,0.19956277970769443,0.00010957285531820121,0.8003276474369875,0.19956277970769443
2019-01-28,,,2019-01-28,False,0.00010957285531820121,0.8003276474369875,0.19956277970769443,0.0,0.0,0.0,0.00010742505180289645,0.8020597167689273,0.19783285817926985,0.00010742505180289645,0.8020597167689273,0.19783285817926985
2019-01-29,,,2019-01-29,False,0.00010742505180289645,0.8020597167689273,0.19783285817926985,0.0,0.0,0.0,0.0001067856262430903,0.8030653081010122,0.19682790627274488,0.0001067856262430903,0.8030653081010122,0.19682790627274488
2019-01-30,,,2019-01-30,False,0.0001067856262430903,0.8030653081010122,0.19682790627274488,0.0,0.0,0.0,0.00010657892650230025,0.8034371836612436,0.19645623741225426,0.00010657892650230025,0.8034371836612436,0.19645623741225426
2019-01-31,,,2019-01-31,False,0.00010657892650230025,0.8034371836612436,0.19645623741225426,0.0,0.0,0.0,0.00010796260602589065,0.8034860230560122,0.19640601433796218,0.00010796260602589065,0.8034860230560122,0.19640601433796218
2019-02-01,,,2019-02-01,False,0.00010796260602589065,0.8034860230560122,0.19640601433796218,0.0,0.0,0.0,0.00010823490820508658,0.8041236758150699,0.19576808927672534,0.00010823490820508658,0.8041236758150699,0.19576808927672534
2019-02-04,,,2019-02-04,False,0.00010823490820508658,0.8041236758150699,0.19576808927672534,0.0,0.0,0.0,0.00010842582149826864,0.8041144278813122,0.19577714629718995,0.00010842582149826864,0.8041144278813122,0.19577714629718995
2019-02-05,,,2019-02-05,False,0.00010842582149826864,0.8041144278813122,0.19577714629718995,0.0,0.0,0.0,0.00010852818093703,0.8043235817159964,0.19556789010306697,0.00010852818093703,0.8043235817159964,0.19556789010306697
2019-02-06,,,2019-02-06,False,0.00010852818093703,0.8043235817159964,0.19556789010306697,0.0,0.0,0.0,0.00010939689507934542,0.8050400469206669,0.19485055618425412,0.00010939689507934542,0.8050400469206669,0.19485055618425412
2019-02-07,,,2019-02-07,False,0.00010939689507934542,0.8050400469206669,0.19485055618425412,0.0,0.0,0.0,0.00011050408390357296,0.8031904677165126,0.1966990281995842,0.00011050408390357296,0.8031904677165126,0.1966990281995842
2019-02-08,,,2019-02-08,False,0.00011050408390357296,0.8031904677165126,0.1966990281995842,0.0,0.0,0.0,0.00010948853053576665,0.8027588355421216,0.19713167592734307,0.00010948853053576665,0.8027588355421216,0.19713167592734307
2019-02-11,,,2019-02-11,False,0.00010948853053576665,0.8027588355421216,0.19713167592734307,0.0,0.0,0.0,0.0001086807305356263,0.8032312827513363,0.19666003651812866,0.0001086807305356263,0.8032312827513363,0.19666003651812866
2019-02-12,2019-02-12,2019-02-12,2019-02-12,True,0.0001086807305356263,0.8032312827513363,0.19666003651812866,1.0673319446015854e-05,0.7999945045143741,0.1999948221661797,1.0673319446015854e-05,0.7999945045143741,0.1999948221661797,0.00010839144129900854,0.8027136511652141,0.19717795739348748
2019-02-14,,,2019-02-14,False,1.0673319446015854e-05,0.7999945045143741,0.1999948221661797,0.0,0.0,0.0,1.0589236885087839e-05,0.7999961937354404,0.19999321702767436,1.0589236885087839e-05,0.7999961937354404,0.19999321702767436
2019-02-15,,,2019-02-15,False,1.0589236885087839e-05,0.7999961937354404,0.19999321702767436,0.0,0.0,0.0,1.0492723134409771e-05,0.8014170326416534,0.19857247463521188,1.0492723134409771e-05,0.8014170326416534,0.19857247463521188
2019-02-18,,,2019-02-18,False,1.0492723134409771e-05,0.8014170326416534,0.19857247463521188,0.0,0.0,0.0,1.0346936462549508e-05,0.8026425191770592,0.19734713388647793,1.0346936462549508e-05,0.8026425191770592,0.19734713388647793
2019-02-19,,,2019-02-19,False,1.0346936462549508e-05,0.8026425191770592,0.19734713388647793,0.0,0.0,0.0,1.0290049602376546e-05,0.8030481900531732,0.19694151989722425,1.0290049602376546e-05,0.8030481900531732,0.19694151989722425
2019-02-20,,,2019-02-20,False,1.0290049602376546e-05,0.8030481900531732,0.19694151989722425,0.0,0.0,0.0,1.0375562893067488e-05,0.8038364864680606,0.196153137969046,1.0375562893067488e-05,0.8038364864680606,0.196153137969046
2019-02-21,,,2019-02-21,False,1.0375562893067488e-05,0.8038364864680606,0.196153137969046,0.0,0.0,0.0,1.0494251785567225e-05,0.8025927808653457,0.19739672488286836,1.0494251785567225e-05,0.8025927808653457,0.19739672488286836
2019-02-22,,,2019-02-22,False,1.0494251785567225e-05,0.8025927808653457,0.19739672488286836,0.0,0.0,0.0,1.0547618762402316e-05,0.8016220021395998,0.19836745024163746,1.0547618762402316e-05,0.8016220021395998,0.19836745024163746
2019-02-25,,,2019-02-25,False,1.0547618762402316e-05,0.8016220021395998,0.19836745024163746,0.0,0.0,0.0,1.06156293539869e-05,0.8019678930318745,0.19802149133877114,1.06156293539869e-05,0.8019678930318745,0.19802149133877114
2019-02-26,,,2019-02-26,False,1.06156293539869e-05,0.8019678930318745,0.19802149133877114,0.0,0.0,0.0,1.0581224503573119e-05,0.8017916090078429,0.19819780976765322,1.0581224503573119e-05,0.8017916090078429,0.19819780976765322
2019-02-27,,,2019-02-27,False,1.0581224503573119e-05,0.8017916090078429,0.19819780976765322,0.0,0.0,0.0,1.0536229406033214e-05,0.8021112548944929,0.19787820887610072,1.0536229406033214e-05,0.8021112548944929,0.19787820887610072
2019-02-28,,,2019-02-28,False,1.0536229406033214e-05,0.8021112548944929,0.19787820887610072,0.0,0.0,0.0,1.054257069135755e-05,0.8011074246526677,0.19888203277664054,1.054257069135755e-05,0.8011074246526677,0.19888203277664054
2019-03-01,,,2019-03-01,False,1.054257069135755e-05,0.8011074246526677,0.19888203277664054,0.0,0.0,0.0,1.0736854086034635e-05,0.798765916272132,0.20122334687378152,1.0736854086034635e-05,0.798765916272132,0.20122334687378152
2019-03-05,,,2019-03-05,False,1.0736854086034635e-05,0.798765916272132,0.20122334687378152,0.0,0.0,0.0,1.1040925723967383e-05,0.7954033108613364,0.2045856482129392,1.1040925723967383e-05,0.7954033108613364,0.2045856482129392
2019-03-06,,,2019-03-06,False,1.1040925723967383e-05,0.7954033108613364,0.2045856482129392,0.0,0.0,0.0,1.109267222679784e-05,0.7956612780298821,0.20432762929789075,1.109267222679784e-05,0.7956612780298821,0.20432762929789075
2019-03-07,,,2019-03-07,False,1.109267222679784e-05,0.7956612780298821,0.20432762929789075,0.0,0.0,0.0,1.1159063425518963e-05,0.7945349437014166,0.20545389723515747,1.1159063425518963e-05,0.7945349437014166,0.20545389723515747
2019-03-08,,,2019-03-08,False,1.1159063425518963e-05,0.7945349437014166,0.20545389723515747,0.0,0.0,0.0,1.109127742814104e-05,0.7953632600284806,0.20462564869409094,1.109127742814104e-05,0.7953632600284806,0.20462564869409094
2019-03-11,,,2019-03-11,False,1.109127742814104e-05,0.7953632600284806,0.20462564869409094,0.0,0.0,0.0,1.1214101127393775e-05,0.7955545055184368,0.2044342803804356,1.1214101127393775e-05,0.7955545055184368,0.2044342803804356
2019-03-12,,,2019-03-12,False,1.1214101127393775e-05,0.7955545055184368,0.2044342803804356,0.0,0.0,0.0,1.1393434773014656e-05,0.794732211183854,0.20525639538137275,1.1393434773014656e-05,0.794732211183854,0.20525639538137275
2019-03-13,,,2019-03-13,False,1.1393434773014656e-05,0.794732211183854,0.20525639538137275,0.0,0.0,0.0,1.1358797411504788e-05,0.7960848613431948,0.20390377985939337,1.1358797411504788e-05,0.7960848613431948,0.20390377985939337
2019-03-14,,,2019-03-14,False,1.1358797411504788e-05,0.7960848613431948,0.20390377985939337,0.0,0.0,0.0,1.1435482105668131e-05,0.7947362511897803,0.20525231332811372,1.1435482105668131e-05,0.7947362511897803,0.20525231332811372
2019-03-15,2019-03-15,2019-03-15,2019-03-15,True,1.1435482105668131e-05,0.7947362511897803,0.20525231332811372,0.3999990986791888,0.1424625116857593,0.45753838963505156,0.3999990986791888,0.1424625116857593,0.45753838963505156,1.1523151144445314e-05,0.7946757682032916,0.2053127086455637
2019-03-18,,,2019-03-18,False,0.3999990986791888,0.1424625116857593,0.45753838963505156,0.0,0.0,0.0,0.401214773216942,0.14127640302041108,0.4575088237626465,0.401214773216942,0.14127640302041108,0.4575088237626465
2019-03-19,,,2019-03-19,False,0.401214773216942,0.14127640302041108,0.4575088237626465,0.0,0.0,0.0,0.40221678050005116,0.14192370739893018,0.4558595121010183,0.40221678050005116,0.14192370739893018,0.4558595121010183
2019-03-20,,,2019-03-20,False,0.40221678050005116,0.14192370739893018,0.4558595121010183,0.0,0.0,0.0,0.40240646305529726,0.14106499834399022,0.4565285386007122,0.40240646305529726,0.14106499834399022,0.4565285386007122
2019-03-22,,,2019-03-22,False,0.40240646305529726,0.14106499834399022,0.4565285386007122,0.0,0.0,0.0,0.40054514540102826,0.14249360498773686,0.4569612496112346,0.40054514540102826,0.14249360498773686,0.4569612496112346
2019-03-25,,,2019-03-25,False,0.40054514540102826,0.14249360498773686,0.4569612496112346,0.0,0.0,0.0,0.3983810809627346,0.14301760849931408,0.458601310537951,0.3983810809627346,0.14301760849931408,0.458601310537951
2019-03-26,,,2019-03-26,False,0.3983810809627346,0.14301760849931408,0.458601310537951,0.0,0.0,0.0,0.40118928127794506,0.14216956417354232,0.4566411545485124,0.40118928127794506,0.14216956417354232,0.4566411545485124
2019-03-27,,,2019-03-27,False,0.40118928127794506,0.14216956417354232,0.4566411545485124,0.0,0.0,0.0,0.40031666674199634,0.14251458673538342,0.45716874652262,0.40031666674199634,0.14251458673538342,0.45716874652262
2019-03-28,,,2019-03-28,False,0.40031666674199634,0.14251458673538342,0.45716874652262,0.0,0.0,0.0,0.40255901342311506,0.1411133273956044,0.4563276591812803,0.40255901342311506,0.1411133273956044,0.4563276591812803
2019-04-01,,,2019-04-01,False,0.40255901342311506,0.1411133273956044,0.4563276591812803,0.0,0.0,0.0,0.40493344892964767,0.13994750274660528,0.4551190483237468,0.40493344892964767,0.13994750274660528,0.4551190483237468
2019-04-02,,,2019-04-02,False,0.40493344892964767,0.13994750274660528,0.4551190483237468,0.0,0.0,0.0,0.40603846721832876,0.139321435485213,0.454640097296458,0.40603846721832876,0.139321435485213,0.454640097296458
2019-04-03,,,2019-04-03,False,0.40603846721832876,0.139321435485213,0.454640097296458,0.0,0.0,0.0,0.40483740632712245,0.13917144033612272,0.4559911533367546,0.40483740632712245,0.13917144033612272,0.4559911533367546
2019-04-04,,,2019-04-04,False,0.40483740632712245,0.13917144033612272,0.4559911533367546,0.0,0.0,0.0,0.40356930850243605,0.14006693255342806,0.4563637589441356,0.40356930850243605,0.14006693255342806,0.4563637589441356
2019-04-05,,,2019-04-05,False,0.40356930850243605,0.14006693255342806,0.4563637589441356,0.0,0.0,0.0,0.4049852793490328,0.13971724554886328,0.45529747510210367,0.4049852793490328,0.13971724554886328,0.45529747510210367
2019-04-08,,,2019-04-08,False,0.4049852793490328,0.13971724554886328,0.45529747510210367,0.0,0.0,0.0,0.4031846678601808,0.14114191033879198,0.4556734218010269,0.4031846678601808,0.14114191033879198,0.4556734218010269
2019-04-09,,,2019-04-09,False,0.4031846678601808,0.14114191033879198,0.4556734218010269,0.0,0.0,0.0,0.40466370906503857,0.14062951158944095,0.4547067793455202,0.40466370906503857,0.14062951158944095,0.4547067793455202
2019-04-10,,,2019-04-10,False,0.40466370906503857,0.14062951158944095,0.4547067793455202,0.0,0.0,0.0,0.40280081385069866,0.14116106487853064,0.4560381212707703,0.40280081385069866,0.14116106487853064,0.4560381212707703
2019-04-11,,,2019-04-11,False,0.40280081385069866,0.14116106487853064,0.4560381212707703,0.0,0.0,0.0,0.4031839339335724,0.14083229548268567,0.4559837705837416,0.4031839339335724,0.14083229548268567,0.4559837705837416
2019-04-12,,,2019-04-12,False,0.4031839339335724,0.14083229548268567,0.4559837705837416,0.0,0.0,0.0,0.404238010818539,0.14042172470631134,0.4553402644751494,0.404238010818539,0.14042172470631134,0.4553402644751494
2019-04-15,,,2019-04-15,False,0.404238010818539,0.14042172470631134,0.4553402644751494,0.0,0.0,0.0,0.4055201446935333,0.13953259267272197,0.4549472626337445,0.4055201446935333,0.13953259267272197,0.4549472626337445
2019-04-16,,,2019-04-16,False,0.4055201446935333,0.13953259267272197,0.4549472626337445,0.0,0.0,0.0,0.4074673025643936,0.1391504230772305,0.45338227435837564,0.4074673025643936,0.1391504230772305,0.45338227435837564
2019-04-18,2019-04-18,2019-04-18,2019-04-18,True,0.4074673025643936,0.1391504230772305,0.45338227435837564,0.7999999980765686,9.969995068816101e-09,0.1999999919534369,0.7999999980765686,9.969995068816101e-09,0.1999999919534369,0.4069832681761388,0.13884948230174213,0.45416724952211884
2019-04-22,,,2019-04-22,False,0.7999999980765686,9.969995068816101e-09,0.1999999919534369,0.0,0.0,0.0,0.7978207725343417,1.0103888566545441e-08,0.20217921736177039,0.7978207725343417,1.0103888566545441e-08,0.20217921736177039
2019-04-23,,,2019-04-23,False,0.7978207725343417,1.0103888566545441e-08,0.20217921736177039,0.0,0.0,0.0,0.7975630712208674,1.0104482596999552e-08,0.20243691867465063,0.7975630712208674,1.0104482596999552e-08,0.20243691867465063
2019-04-24,,,2019-04-24,False,0.7975630712208674,1.0104482596999552e-08,0.20243691867465063,0.0,0.0,0.0,0.7996365395640661,9.997590275181119e-09,0.20036345043834433,0.7996365395640661,9.997590275181119e-09,0.20036345043834433
2019-04-25,,,2019-04-25,False,0.7996365395640661,9.997590275181119e-09,0.20036345043834433,0.0,0.0,0.0,0.7984790221649452,1.0140873517531515e-08,0.20152096769418204,0.7984790221649452,1.0140873517531515e-08,0.20152096769418204
2019-04-26,,,2019-04-26,False,0.7984790221649452,1.0140873517531515e-08,0.20152096769418204,0.0,0.0,0.0,0.8000251883040199,1.0049401455125545e-08,0.1999748016465794,0.8000251883040199,1.0049401455125545e-08,0.1999748016465794
2019-04-30,,,2019-04-30,False,0.8000251883040199,1.0049401455125545e-08,0.1999748016465794,0.0,0.0,0.0,0.7994252164816099,1.0045993679682152e-08,0.2005747734723972,0.7994252164816099,1.0045993679682152e-08,0.2005747734723972
2019-05-02,,,2019-05-02,False,0.7994252164816099,1.0045993679682152e-08,0.2005747734723972,0.0,0.0,0.0,0.7991053271609465,9.940138631651344e-09,0.20089466289891567,0.7991053271609465,9.940138631651344e-09,0.20089466289891567
2019-05-03,,,2019-05-03,False,0.7991053271609465,9.940138631651344e-09,0.20089466289891567,0.0,0.0,0.0,0.7989340304603764,9.937703801779467e-09,0.20106595960192056,0.7989340304603764,9.937703801779467e-09,0.20106595960192056
2019-05-06,,,2019-05-06,False,0.7989340304603764,9.937703801779467e-09,0.20106595960192056,0.0,0.0,0.0,0.7973598403648027,1.0097266474460406e-08,0.20264014953793158,0.7973598403648027,1.0097266474460406e-08,0.20264014953793158
2019-05-07,,,2019-05-07,False,0.7973598403648027,1.0097266474460406e-08,0.20264014953793158,0.0,0.0,0.0,0.7959505114926306,1.017283436104876e-08,0.20404947833453577,0.7959505114926306,1.017283436104876e-08,0.20404947833453577
2019-05-08,,,2019-05-08,False,0.7959505114926306,1.017283436104876e-08,0.20404947833453577,0.0,0.0,0.0,0.793975911638213,1.0286122500099385e-08,0.20602407807566528,0.793975911638213,1.0286122500099385e-08,0.20602407807566528
2019-05-09,,,2019-05-09,False,0.793975911638213,1.0286122500099385e-08,0.20602407807566528,0.0,0.0,0.0,0.7931423767014122,1.0346875271366587e-08,0.2068576129517133,0.7931423767014122,1.0346875271366587e-08,0.2068576129517133
2019-05-10,,,2019-05-10,False,0.7931423767014122,1.0346875271366587e-08,0.2068576129517133,0.0,0.0,0.0,0.7928094121996704,1.0361502969477576e-08,0.20719057743882732,0.7928094121996704,1.0361502969477576e-08,0.20719057743882732
2019-05-13,,,2019-05-13,False,0.7928094121996704,1.0361502969477576e-08,0.20719057743882732,0.0,0.0,0.0,0.7908882826525838,1.0514125753646009e-08,0.20911170683329108,0.7908882826525838,1.0514125753646009e-08,0.20911170683329108
2019-05-14,,,2019-05-14,False,0.7908882826525838,1.0514125753646009e-08,0.20911170683329108,0.0,0.0,0.0,0.7919781346808907,1.0567580216812798e-08,0.20802185475152957,0.7919781346808907,1.0567580216812798e-08,0.20802185475152957
2019-05-15,,,2019-05-15,False,0.7919781346808907,1.0567580216812798e-08,0.20802185475152957,0.0,0.0,0.0,0.7910187465780989,1.062263738129629e-08,0.20898124279926425,0.7910187465780989,1.062263738129629e-08,0.20898124279926425
2019-05-16,,,2019-05-16,False,0.7910187465780989,1.062263738129629e-08,0.20898124279926425,0.0,0.0,0.0,0.7924914245554325,1.0472653049653709e-08,0.20750856497191494,0.7924914245554325,1.0472653049653709e-08,0.20750856497191494
2019-05-17,,,2019-05-17,False,0.7924914245554325,1.0472653049653709e-08,0.20750856497191494,0.0,0.0,0.0,0.7946605206182582,1.0325553885474425e-08,0.20533946905618852,0.7946605206182582,1.0325553885474425e-08,0.20533946905618852
2019-05-20,,,2019-05-20,False,0.7946605206182582,1.0325553885474425e-08,0.20533946905618852,0.0,0.0,0.0,0.800514132168673,9.900165764491768e-09,0.1994858579311619,0.800514132168673,9.900165764491768e-09,0.1994858579311619
2019-05-21,,,2019-05-21,False,0.800514132168673,9.900165764491768e-09,0.1994858579311619,0.0,0.0,0.0,0.7988908121964898,9.991182898695325e-09,0.20110917781232793,0.7988908121964898,9.991182898695325e-09,0.20110917781232793
2019-05-22,2019-05-22,2019-05-22,2019-05-22,True,0.7988908121964898,9.991182898695325e-09,0.20110917781232793,0.3999999912633811,4.971173249835651e-10,0.6000000082394988,0.3999999912633811,4.971173249835651e-10,0.6000000082394988,0.7992852218657904,9.961054625245456e-09,0.2007147681731556
2019-05-23,,,2019-05-23,False,0.3999999912633811,4.971173249835651e-10,0.6000000082394988,0.0,0.0,0.0,0.3983423054940935,5.006351769743256e-10,0.6016576940052686,0.3983423054940935,5.006351769743256e-10,0.6016576940052686
2019-05-24,,,2019-05-24,False,0.3983423054940935,5.006351769743256e-10,0.6016576940052686,0.0,0.0,0.0,0.40216357275559206,4.970560163338462e-10,0.5978364267473493,0.40216357275559206,4.970560163338462e-10,0.5978364267473493
2019-05-27,,,2019-05-27,False,0.40216357275559206,4.970560163338462e-10,0.5978364267473493,0.0,0.0,0.0,0.4037962556905527,4.975313750194479e-10,0.5962037438119133,0.4037962556905527,4.975313750194479e-10,0.5962037438119133
2019-05-28,,,2019-05-28,False,0.4037962556905527,4.975313750194479e-10,0.5962037438119133,0.0,0.0,0.0,0.4038794164270937,4.975554865133712e-10,0.5961205830753482,0.4038794164270937,4.975554865133712e-10,0.5961205830753482
2019-05-29,,,2019-05-29,False,0.4038794164270937,4.975554865133712e-10,0.5961205830753482,0.0,0.0,0.0,0.40250846335472185,5.004871488065526e-10,0.5974915361447883,0.40250846335472185,5.004871488065526e-10,0.5974915361447883
2019-05-30,,,2019-05-30,False,0.40250846335472185,5.004871488065526e-10,0.5974915361447883,0.0,0.0,0.0,0.4042229483471025,4.96184351759568e-10,0.5957770511567104,0.4042229483471025,4.96184351759568e-10,0.5957770511567104
2019-05-31,,,2019-05-31,False,0.4042229483471025,4.96184351759568e-10,0.5957770511567104,0.0,0.0,0.0,0.40295085363192495,5.016257101223204e-10,0.5970491458664465,0.40295085363192495,5.016257101223204e-10,0.5970491458664465
2019-06-03,,,2019-06-03,False,0.40295085363192495,5.016257101223204e-10,0.5970491458664465,0.0,0.0,0.0,0.40627918409745406,5.015146226658415e-10,0.5937208154010285,0.40627918409745406,5.015146226658415e-10,0.5937208154010285
2019-06-04,,,2019-06-04,False,0.40627918409745406,5.015146226658415e-10,0.5937208154010285,0.0,0.0,0.0,0.40493884583222006,5.045794601964446e-10,0.5950611536631976,0.40493884583222006,5.045794601964446e-10,0.5950611536631976
2019-06-06,,,2019-06-06,False,0.40493884583222006,5.045794601964446e-10,0.5950611536631976,0.0,0.0,0.0,0.40135389650094844,5.130648766823471e-10,0.5986461029859838,0.40135389650094844,5.130648766823471e-10,0.5986461029859838
2019-06-07,,,2019-06-07,False,0.40135389650094844,5.130648766823471e-10,0.5986461029859838,0.0,0.0,0.0,0.40189671081487743,5.117977941063924e-10,0.5981032886733219,0.40189671081487743,5.117977941063924e-10,0.5981032886733219
2019-06-10,,,2019-06-10,False,0.40189671081487743,5.117977941063924e-10,0.5981032886733219,0.0,0.0,0.0,0.40294884367743744,5.089356521394352e-10,0.597051155813624,0.40294884367743744,5.089356521394352e-10,0.597051155813624
2019-06-11,,,2019-06-11,False,0.40294884367743744,5.089356521394352e-10,0.597051155813624,0.0,0.0,0.0,0.40381323218540083,5.047573720192368e-10,0.5961867673098388,0.40381323218540083,5.047573720192368e-10,0.5961867673098388
2019-06-12,,,2019-06-12,False,0.40381323218540083,5.047573720192368e-10,0.5961867673098388,0.0,0.0,0.0,0.40261571422669196,5.089985870810395e-10,0.5973842852643063,0.40261571422669196,5.089985870810395e-10,0.5973842852643063
2019-06-13,,,2019-06-13,False,0.40261571422669196,5.089985870810395e-10,0.5973842852643063,0.0,0.0,0.0,0.402774241546047,5.096237118517278e-10,0.5972257579443262,0.402774241546047,5.096237118517278e-10,0.5972257579443262
2019-06-14,,,2019-06-14,False,0.402774241546047,5.096237118517278e-10,0.5972257579443262,0.0,0.0,0.0,0.4009363415108929,5.185692569719236e-10,0.5990636579705347,0.4009363415108929,5.185692569719236e-10,0.5990636579705347
2019-06-17,,,2019-06-17,False,0.4009363415108929,5.185692569719236e-10,0.5990636579705347,0.0,0.0,0.0,0.3978523691029974,5.158162813629864e-10,0.6021476303811831,0.3978523691029974,5.158162813629864e-10,0.6021476303811831
2019-06-18,,,2019-06-18,False,0.3978523691029974,5.158162813629864e-10,0.6021476303811831,0.0,0.0,0.0,0.3982468519780975,5.174326759146491e-10,0.6017531475044666,0.3982468519780975,5.174326759146491e-10,0.6017531475044666
2019-06-19,,,2019-06-19,False,0.3982468519780975,5.174326759146491e-10,0.6017531475044666,0.0,0.0,0.0,0.3982482288697949,5.16893351051992e-10,0.6017517706133085,0.3982482288697949,5.16893351051992e-10,0.6017517706133085
2019-06-20,,,2019-06-20,False,0.3982482288697949,5.16893351051992e-10,0.6017517706133085,0.0,0.0,0.0,0.4011103587395881,5.275895707445214e-10,0.5988896407328193,0.4011103587395881,5.275895707445214e-10,0.5988896407328193
2019-06-21,2019-06-21,2019-06-21,2019-06-21,True,0.4011103587395881,5.275895707445214e-10,0.5988896407328193,0.399999761153808,0.6000002118778832,2.6968265908532554e-08,0.399999761153808,0.6000002118778832,2.6968265908532554e-08,0.39891432065758964,5.29625600834507e-10,0.6010856788127817
2019-06-24,,,2019-06-24,False,0.399999761153808,0.6000002118778832,2.6968265908532554e-08,0.0,0.0,0.0,0.3975578556691442,0.6024421174714383,2.6859374778132547e-08,0.3975578556691442,0.6024421174714383,2.6859374778132547e-08
2019-06-25,,,2019-06-25,False,0.3975578556691442,0.6024421174714383,2.6859374778132547e-08,0.0,0.0,0.0,0.3962816856132304,0.6037182878330024,2.6553724953863048e-08,0.3962816856132304,0.6037182878330024,2.6553724953863048e-08
2019-06-26,,,2019-06-26,False,0.3962816856132304,0.6037182878330024,2.6553724953863048e-08,0.0,0.0,0.0,0.40185077816656684,0.5981491950226345,2.6810755978977978e-08,0.40185077816656684,0.5981491950226345,2.6810755978977978e-08
2019-06-27,,,2019-06-27,False,0.40185077816656684,0.5981491950226345,2.6810755978977978e-08,0.0,0.0,0.0,0.40224502987087274,0.5977549432786954,2.6850389168991428e-08,0.40224502987087274,0.5977549432786954,2.6850389168991428e-08
2019-06-28,,,2019-06-28,False,0.40224502987087274,0.5977549432786954,2.6850389168991428e-08,0.0,0.0,0.0,0.3995983072924373,0.600401665833391,2.6874129023692307e-08,0.3995983072924373,0.600401665833391,2.6874129023692307e-08
2019-07-01,,,2019-07-01,False,0.3995983072924373,0.600401665833391,2.6874129023692307e-08,0.0,0.0,0.0,0.4043343696446677,0.5956656033382668,2.7017022681110505e-08,0.4043343696446677,0.5956656033382668,2.7017022681110505e-08
2019-07-02,,,2019-07-02,False,0.4043343696446677,0.5956656033382668,2.7017022681110505e-08,0.0,0.0,0.0,0.4048984544424097,0.5951015186043719,2.695317574035082e-08,0.4048984544424097,0.5951015186043719,2.695317574035082e-08
2019-07-03,,,2019-07-03,False,0.4048984544424097,0.5951015186043719,2.695317574035082e-08,0.0,0.0,0.0,0.4008232800949143,0.599176693237585,2.6667458438655993e-08,0.4008232800949143,0.599176693237585,2.6667458438655993e-08
2019-07-04,,,2019-07-04,False,0.4008232800949143,0.599176693237585,2.6667458438655993e-08,0.0,0.0,0.0,0.4030717065411176,0.5969282667091315,2.6749708643149798e-08,0.4030717065411176,0.5969282667091315,2.6749708643149798e-08
2019-07-05,,,2019-07-05,False,0.4030717065411176,0.5969282667091315,2.6749708643149798e-08,0.0,0.0,0.0,0.39792958104508597,0.6020703922432324,2.6711639380023597e-08,0.39792958104508597,0.6020703922432324,2.6711639380023597e-08
2019-07-08,,,2019-07-08,False,0.39792958104508597,0.6020703922432324,2.6711639380023597e-08,0.0,0.0,0.0,0.39238858548763533,0.607611387597119,2.6915203202324445e-08,0.39238858548763533,0.607611387597119,2.6915203202324445e-08
2019-07-09,,,2019-07-09,False,0.39238858548763533,0.607611387597119,2.6915203202324445e-08,0.0,0.0,0.0,0.3944813025565662,0.6055186703783212,2.7065069802881315e-08,0.3944813025565662,0.6055186703783212,2.7065069802881315e-08
2019-07-10,,,2019-07-10,False,0.3944813025565662,0.6055186703783212,2.7065069802881315e-08,0.0,0.0,0.0,0.39219119618477677,0.6078087767738507,2.7041329881561037e-08,0.39219119618477677,0.6078087767738507,2.7041329881561037e-08
2019-07-11,,,2019-07-11,False,0.39219119618477677,0.6078087767738507,2.7041329881561037e-08,0.0,0.0,0.0,0.39058807538861534,0.6094118978761174,2.6735225040976112e-08,0.39058807538861534,0.6094118978761174,2.6735225040976112e-08
2019-07-12,,,2019-07-12,False,0.39058807538861534,0.6094118978761174,2.6735225040976112e-08,0.0,0.0,0.0,0.3919914488709121,0.6080085242271549,2.690189054967373e-08,0.3919914488709121,0.6080085242271549,2.690189054967373e-08
2019-07-15,,,2019-07-15,False,0.3919914488709121,0.6080085242271549,2.690189054967373e-08,0.0,0.0,0.0,0.3912651004700468,0.6087348727606711,2.6769239955409016e-08,0.3912651004700468,0.6087348727606711,2.6769239955409016e-08
2019-07-16,,,2019-07-16,False,0.3912651004700468,0.6087348727606711,2.6769239955409016e-08,0.0,0.0,0.0,0.3925413043873138,0.6074586689273386,2.668530559793426e-08,0.3925413043873138,0.6074586689273386,2.668530559793426e-08
2019-07-17,,,2019-07-17,False,0.3925413043873138,0.6074586689273386,2.668530559793426e-08,0.0,0.0,0.0,0.39351913196996785,0.6064808413349397,2.669505041154116e-08,0.39351913196996785,0.6064808413349397,2.669505041154116e-08
2019-07-18,,,2019-07-18,False,0.39351913196996785,0.6064808413349397,2.669505041154116e-08,0.0,0.0,0.0,0.3879782921123839,0.6120216813627806,2.652479387526257e-08,0.3879782921123839,0.6120216813627806,2.652479387526257e-08
2019-07-19,,,2019-07-19,False,0.3879782921123839,0.6120216813627806,2.652479387526257e-08,0.0,0.0,0.0,0.382637566450496,0.6173624069828276,2.6566634596233898e-08,0.382637566450496,0.6173624069828276,2.6566634596233898e-08
2019-07-22,2019-07-22,2019-07-22,2019-07-22,True,0.382637566450496,0.6173624069828276,2.6566634596233898e-08,0.1999998884758776,0.7999999972948959,1.1422917680352192e-07,0.1999998884758776,0.7999999972948959,1.1422917680352192e-07,0.38355095447646836,0.6164490187222542,2.6801235272806163e-08
2019-07-23,,,2019-07-23,False,0.1999998884758776,0.7999999972948959,1.1422917680352192e-07,0.0,0.0,0.0,0.2002066289164237,0.7997932565822383,1.1450128811180083e-07,0.2002066289164237,0.7997932565822383,1.1450128811180083e-07
2019-07-24,,,2019-07-24,False,0.2002066289164237,0.7997932565822383,1.1450128811180083e-07,0.0,0.0,0.0,0.19914126138587354,0.8008586241183389,1.1449573774697927e-07,0.19914126138587354,0.8008586241183389,1.1449573774697927e-07
2019-07-25,,,2019-07-25,False,0.19914126138587354,0.8008586241183389,1.1449573774697927e-07,0.0,0.0,0.0,0.19882112355313147,0.8011787619406026,1.1450621608751155e-07,0.19882112355313147,0.8011787619406026,1.1450621608751155e-07
2019-07-26,,,2019-07-26,False,0.19882112355313147,0.8011787619406026,1.1450621608751155e-07,0.0,0.0,0.0,0.20006045254355664,0.7999394325646819,1.1489171138782705e-07,0.20006045254355664,0.7999394325646819,1.1489171138782705e-07
2019-07-29,,,2019-07-29,False,0.20006045254355664,0.7999394325646819,1.1489171138782705e-07,0.0,0.0,0.0,0.19878991097690213,0.8012099738906994,1.151323482906529e-07,0.19878991097690213,0.8012099738906994,1.151323482906529e-07
2019-07-30,,,2019-07-30,False,0.19878991097690213,0.8012099738906994,1.151323482906529e-07,0.0,0.0,0.0,0.19668933090126084,0.8033105541162578,1.1498243112261248e-07,0.19668933090126084,0.8033105541162578,1.1498243112261248e-07
2019-07-31,,,2019-07-31,False,0.19668933090126084,0.8033105541162578,1.1498243112261248e-07,0.0,0.0,0.0,0.1978398206828291,0.8021600636503593,1.15666761315375e-07,0.1978398206828291,0.8021600636503593,1.15666761315375e-07
2019-08-01,,,2019-08-01,False,0.1978398206828291,0.8021600636503593,1.15666761315375e-07,0.0,0.0,0.0,0.19690328804621968,0.8030965953876572,1.1656607245209732e-07,0.19690328804621968,0.8030965953876572,1.1656607245209732e-07
2019-08-02,,,2019-08-02,False,0.19690328804621968,0.8030965953876572,1.1656607245209732e-07,0.0,0.0,0.0,0.19300892313086823,0.80699096278872,1.1408036221652479e-07,0.19300892313086823,0.80699096278872,1.1408036221652479e-07
2019-08-05,,,2019-08-05,False,0.19300892313086823,0.80699096278872,1.1408036221652479e-07,0.0,0.0,0.0,0.18769235912046645,0.8123075285664995,1.1231298530634926e-07,0.18769235912046645,0.8123075285664995,1.1231298530634926e-07
2019-08-06,,,2019-08-06,False,0.18769235912046645,0.8123075285664995,1.1231298530634926e-07,0.0,0.0,0.0,0.18793913367152754,0.8120607547464475,1.1158197655087285e-07,0.18793913367152754,0.8120607547464475,1.1158197655087285e-07
2019-08-07,,,2019-08-07,False,0.18793913367152754,0.8120607547464475,1.1158197655087285e-07,0.0,0.0,0.0,0.1844062839684852,0.8155936056104591,1.1042100761165398e-07,0.1844062839684852,0.8155936056104591,1.1042100761165398e-07
2019-08-08,,,2019-08-08,False,0.1844062839684852,0.8155936056104591,1.1042100761165398e-07,0.0,0.0,0.0,0.18706718172468764,0.8129327080586255,1.1021663899270022e-07,0.18706718172468764,0.8129327080586255,1.1021663899270022e-07
2019-08-09,,,2019-08-09,False,0.18706718172468764,0.8129327080586255,1.1021663899270022e-07,0.0,0.0,0.0,0.18756481142838846,0.8124350788263898,1.0974517401670615e-07,0.18756481142838846,0.8124350788263898,1.0974517401670615e-07
2019-08-13,,,2019-08-13,False,0.18756481142838846,0.8124350788263898,1.0974517401670615e-07,0.0,0.0,0.0,0.18240131294625644,0.8175985785375715,1.0851612502048742e-07,0.18240131294625644,0.8175985785375715,1.0851612502048742e-07
2019-08-14,,,2019-08-14,False,0.18240131294625644,0.8175985785375715,1.0851612502048742e-07,0.0,0.0,0.0,0.18622415228593786,0.8137757379637341,1.0975028042886666e-07,0.18622415228593786,0.8137757379637341,1.0975028042886666e-07
2019-08-16,,,2019-08-16,False,0.18622415228593786,0.8137757379637341,1.0975028042886666e-07,0.0,0.0,0.0,0.1858955322328176,0.8141043583929848,1.0937415020396225e-07,0.1858955322328176,0.8141043583929848,1.0937415020396225e-07
2019-08-19,,,2019-08-19,False,0.1858955322328176,0.8141043583929848,1.0937415020396225e-07,0.0,0.0,0.0,0.18579522529116385,0.814204665453986,1.0925480284642227e-07,0.18579522529116385,0.814204665453986,1.0925480284642227e-07
2019-08-20,,,2019-08-20,False,0.18579522529116385,0.814204665453986,1.0925480284642227e-07,0.0,0.0,0.0,0.18418531550996695,0.8158145758191049,1.0867088111214486e-07,0.18418531550996695,0.8158145758191049,1.0867088111214486e-07
2019-08-21,,,2019-08-21,False,0.18418531550996695,0.8158145758191049,1.0867088111214486e-07,0.0,0.0,0.0,0.1839111490624534,0.816088741452589,1.0948491018907617e-07,0.1839111490624534,0.816088741452589,1.0948491018907617e-07
2019-08-22,2019-08-22,2019-08-22,2019-08-22,True,0.1839111490624534,0.816088741452589,1.0948491018907617e-07,0.06000260530928725,0.2500296009597762,0.6899677937309365,0.06000260530928725,0.2500296009597762,0.6899677937309365,0.1803459518238852,0.8196539390398039,1.091362636821365e-07
2019-08-23,,,2019-08-23,False,0.06000260530928725,0.2500296009597762,0.6899677937309365,0.0,0.0,0.0,0.060514079721139175,0.24929818631499345,0.6901877339638673,0.060514079721139175,0.24929818631499345,0.6901877339638673
2019-08-26,,,2019-08-26,False,0.060514079721139175,0.24929818631499345,0.6901877339638673,0.0,0.0,0.0,0.06131125930300077,0.2538588061689715,0.6848299345280278,0.06131125930300077,0.2538588061689715,0.6848299345280278
2019-08-27,,,2019-08-27,False,0.06131125930300077,0.2538588061689715,0.6848299345280278,0.0,0.0,0.0,0.06156370458833641,0.2537278438585304,0.6847084515531332,0.06156370458833641,0.2537278438585304,0.6847084515531332
2019-08-28,,,2019-08-28,False,0.06156370458833641,0.2537278438585304,0.6847084515531332,0.0,0.0,0.0,0.06113496591518242,0.2552709701113031,0.6835940639735144,0.06113496591518242,0.2552709701113031,0.6835940639735144
2019-08-29,,,2019-08-29,False,0.06113496591518242,0.2552709701113031,0.6835940639735144,0.0,0.0,0.0,0.06062194526795962,0.2554721320195397,0.6839059227125007,0.06062194526795962,0.2554721320195397,0.6839059227125007
2019-08-30,,,2019-08-30,False,0.06062194526795962,0.2554721320195397,0.6839059227125007,0.0,0.0,0.0,0.06108722581112114,0.2525222385978906,0.6863905355909885,0.06108722581112114,0.2525222385978906,0.6863905355909885
2019-09-03,,,2019-09-03,False,0.06108722581112114,0.2525222385978906,0.6863905355909885,0.0,0.0,0.0,0.059622214229160704,0.25646720193375505,0.6839105838370844,0.059622214229160704,0.25646720193375505,0.6839105838370844
2019-09-04,,,2019-09-04,False,0.059622214229160704,0.25646720193375505,0.6839105838370844,0.0,0.0,0.0,0.05980989515401339,0.25709115171093794,0.6830989531350488,0.05980989515401339,0.25709115171093794,0.6830989531350488
2019-09-05,,,2019-09-05,False,0.05980989515401339,0.25709115171093794,0.6830989531350488,0.0,0.0,0.0,0.05985456182622647,0.2567411467374372,0.6834042914363364,0.05985456182622647,0.2567411467374372,0.6834042914363364
2019-09-06,,,2019-09-06,False,0.05985456182622647,0.2567411467374372,0.6834042914363364,0.0,0.0,0.0,0.0608115711547604,0.2510925259349653,0.6880959029102744,0.0608115711547604,0.2510925259349653,0.6880959029102744
2019-09-09,,,2019-09-09,False,0.0608115711547604,0.2510925259349653,0.6880959029102744,0.0,0.0,0.0,0.06103341395500042,0.25192167782859365,0.6870449082164061,0.06103341395500042,0.25192167782859365,0.6870449082164061
2019-09-11,,,2019-09-11,False,0.06103341395500042,0.25192167782859365,0.6870449082164061,0.0,0.0,0.0,0.06136698386234499,0.2498839555818202,0.688749060555835,0.06136698386234499,0.2498839555818202,0.688749060555835
2019-09-12,,,2019-09-12,False,0.06136698386234499,0.2498839555818202,0.688749060555835,0.0,0.0,0.0,0.0611745430365701,0.2489221805288335,0.6899032764345966,0.0611745430365701,0.2489221805288335,0.6899032764345966
2019-09-13,,,2019-09-13,False,0.0611745430365701,0.2489221805288335,0.6899032764345966,0.0,0.0,0.0,0.061672480170840205,0.24865501305524776,0.6896725067739121,0.061672480170840205,0.24865501305524776,0.6896725067739121
2019-09-16,,,2019-09-16,False,0.061672480170840205,0.24865501305524776,0.6896725067739121,0.0,0.0,0.0,0.06123587841827381,0.2494683010971884,0.6892958204845379,0.06123587841827381,0.2494683010971884,0.6892958204845379
2019-09-17,,,2019-09-17,False,0.06123587841827381,0.2494683010971884,0.6892958204845379,0.0,0.0,0.0,0.06021211217932609,0.2503684879720003,0.6894193998486737,0.06021211217932609,0.2503684879720003,0.6894193998486737
2019-09-18,,,2019-09-18,False,0.06021211217932609,0.2503684879720003,0.6894193998486737,0.0,0.0,0.0,0.060443983474218824,0.24896031009089603,0.6905957064348852,0.060443983474218824,0.24896031009089603,0.6905957064348852
2019-09-19,,,2019-09-19,False,0.060443983474218824,0.24896031009089603,0.6905957064348852,0.0,0.0,0.0,0.05987616220498945,0.2473269192882753,0.6927969185067353,0.05987616220498945,0.2473269192882753,0.6927969185067353
2019-09-20,,,2019-09-20,False,0.05987616220498945,0.2473269192882753,0.6927969185067353,0.0,0.0,0.0,0.0628518296838909,0.24665670145536706,0.6904914688607421,0.0628518296838909,0.24665670145536706,0.6904914688607421
2019-09-23,,,2019-09-23,False,0.0628518296838909,0.24665670145536706,0.6904914688607421,0.0,0.0,0.0,0.064424070508706,0.24770206079231316,0.687873868698981,0.064424070508706,0.24770206079231316,0.687873868698981
2019-09-24,2019-09-24,2019-09-24,2019-09-24,True,0.064424070508706,0.24770206079231316,0.687873868698981,0.04848744479161675,0.25000058015930254,0.7015119750490808,0.04848744479161675,0.25000058015930254,0.7015119750490808,0.0643602312462673,0.24774279196988064,0.6878969767838523
2019-09-25,,,2019-09-25,False,0.04848744479161675,0.25000058015930254,0.7015119750490808,0.0,0.0,0.0,0.04780373743776785,0.2516146175173153,0.7005816450449168,0.04780373743776785,0.2516146175173153,0.7005816450449168
2019-09-26,,,2019-09-26,False,0.04780373743776785,0.2516146175173153,0.7005816450449168,0.0,0.0,0.0,0.04845568778955574,0.24944769307279663,0.7020966191376476,0.04845568778955574,0.24944769307279663,0.7020966191376476
2019-09-27,,,2019-09-27,False,0.04845568778955574,0.24944769307279663,0.7020966191376476,0.0,0.0,0.0,0.048208567998596685,0.24970776078677878,0.7020836712146247,0.048208567998596685,0.24970776078677878,0.7020836712146247
2019-09-30,,,2019-09-30,False,0.048208567998596685,0.24970776078677878,0.7020836712146247,0.0,0.0,0.0,0.04797951035103541,0.2489732585214248,0.7030472311275399,0.04797951035103541,0.2489732585214248,0.7030472311275399
2019-10-01,,,2019-10-01,False,0.04797951035103541,0.2489732585214248,0.7030472311275399,0.0,0.0,0.0,0.04764278583394923,0.24720446921999592,0.705152744946055,0.04764278583394923,0.24720446921999592,0.705152744946055
2019-10-03,,,2019-10-03,False,0.04764278583394923,0.24720446921999592,0.705152744946055,0.0,0.0,0.0,0.04720461460893924,0.2513003593554571,0.7014950260356038,0.04720461460893924,0.2513003593554571,0.7014950260356038
2019-10-04,,,2019-10-04,False,0.04720461460893924,0.2513003593554571,0.7014950260356038,0.0,0.0,0.0,0.046549874104452466,0.25305797452976864,0.7003921513657789,0.046549874104452466,0.25305797452976864,0.7003921513657789
2019-10-07,,,2019-10-07,False,0.046549874104452466,0.25305797452976864,0.7003921513657789,0.0,0.0,0.0,0.04637071279017877,0.2529009777473658,0.7007283094624555,0.04637071279017877,0.2529009777473658,0.7007283094624555
2019-10-09,,,2019-10-09,False,0.04637071279017877,0.2529009777473658,0.7007283094624555,0.0,0.0,0.0,0.04707114231960699,0.25337403357320104,0.699554824107192,0.04707114231960699,0.25337403357320104,0.699554824107192
2019-10-10,,,2019-10-10,False,0.04707114231960699,0.25337403357320104,0.699554824107192,0.0,0.0,0.0,0.04672144104023134,0.2540468229873968,0.699231735972372,0.04672144104023134,0.2540468229873968,0.699231735972372
2019-10-11,,,2019-10-11,False,0.04672144104023134,0.2540468229873968,0.699231735972372,0.0,0.0,0.0,0.04706000098635053,0.25304036554038406,0.6998996334732654,0.04706000098635053,0.25304036554038406,0.6998996334732654
2019-10-14,,,2019-10-14,False,0.04706000098635053,0.25304036554038406,0.6998996334732654,0.0,0.0,0.0,0.047172724138988244,0.25347752728488737,0.6993497485761244,0.047172724138988244,0.25347752728488737,0.6993497485761244
2019-10-15,,,2019-10-15,False,0.047172724138988244,0.25347752728488737,0.6993497485761244,0.0,0.0,0.0,0.04745471428761751,0.254386749906473,0.6981585358059096,0.04745471428761751,0.254386749906473,0.6981585358059096
2019-10-16,,,2019-10-16,False,0.04745471428761751,0.254386749906473,0.6981585358059096,0.0,0.0,0.0,0.04766397526435688,0.25328255249666387,0.6990534722389793,0.04766397526435688,0.25328255249666387,0.6990534722389793
2019-10-17,,,2019-10-17,False,0.04766397526435688,0.25328255249666387,0.6990534722389793,0.0,0.0,0.0,0.04812903525081856,0.25345068461167,0.6984202801375116,0.04812903525081856,0.25345068461167,0.6984202801375116
2019-10-18,,,2019-10-18,False,0.04812903525081856,0.25345068461167,0.6984202801375116,0.0,0.0,0.0,0.04843636821104649,0.25323403364132546,0.6983295981476282,0.04843636821104649,0.25323403364132546,0.6983295981476282
2019-10-22,,,2019-10-22,False,0.04843636821104649,0.25323403364132546,0.6983295981476282,0.0,0.0,0.0,0.04818121622679517,0.25276195301058274,0.6990568307626223,0.04818121622679517,0.25276195301058274,0.6990568307626223
2019-10-23,,,2019-10-23,False,0.04818121622679517,0.25276195301058274,0.6990568307626223,0.0,0.0,0.0,0.04819689497695386,0.25346106372825705,0.6983420412947892,0.04819689497695386,0.25346106372825705,0.6983420412947892
2019-10-24,,,2019-10-24,False,0.04819689497695386,0.25346106372825705,0.6983420412947892,0.0,0.0,0.0,0.04814493636310294,0.2529709814079935,0.6988840822289036,0.04814493636310294,0.2529709814079935,0.6988840822289036
2019-10-25,,,2019-10-25,False,0.04814493636310294,0.2529709814079935,0.6988840822289036,0.0,0.0,0.0,0.0479413654136186,0.25620778715938036,0.6958508474270012,0.0479413654136186,0.25620778715938036,0.6958508474270012
2019-10-27,2019-10-27,2019-10-27,2019-10-27,True,0.0479413654136186,0.25620778715938036,0.6958508474270012,0.20000002027200867,0.7999999789891188,7.388768470037986e-10,0.20000002027200867,0.7999999789891188,7.388768470037986e-10,0.0479929485247374,0.2553798866447152,0.6966271648305475
2019-10-29,,,2019-10-29,False,0.20000002027200867,0.7999999789891188,7.388768470037986e-10,0.0,0.0,0.0,0.20481927590957158,0.7951807233468099,7.436228135460277e-10,0.20481927590957158,0.7951807233468099,7.436228135460277e-10
2019-10-30,,,2019-10-30,False,0.20481927590957158,0.7951807233468099,7.436228135460277e-10,0.0,0.0,0.0,0.2058545281370114,0.794145471119224,7.437688647527763e-10,0.2058545281370114,0.794145471119224,7.437688647527763e-10
2019-10-31,,,2019-10-31,False,0.2058545281370114,0.794145471119224,7.437688647527763e-10,0.0,0.0,0.0,0.2043606009341272,0.795639398327674,7.382030528734743e-10,0.2043606009341272,0.795639398327674,7.382030528734743e-10
2019-11-01,,,2019-11-01,False,0.2043606009341272,0.795639398327674,7.382030528734743e-10,0.0,0.0,0.0,0.2039951439982837,0.7960048552656525,7.36068034385369e-10,0.2039951439982837,0.7960048552656525,7.36068034385369e-10
2019-11-04,,,2019-11-04,False,0.2039951439982837,0.7960048552656525,7.36068034385369e-10,0.0,0.0,0.0,0.20465358380762216,0.7953464154570807,7.353012196287592e-10,0.20465358380762216,0.7953464154570807,7.353012196287592e-10
2019-11-05,,,2019-11-05,False,0.20465358380762216,0.7953464154570807,7.353012196287592e-10,0.0,0.0,0.0,0.20478011545563657,0.7952198838071238,7.372437214321325e-10,0.20478011545563657,0.7952198838071238,7.372437214321325e-10
2019-11-06,,,2019-11-06,False,0.20478011545563657,0.7952198838071238,7.372437214321325e-10,0.0,0.0,0.0,0.20655188352448742,0.7934481157349227,7.405940820045321e-10,0.20655188352448742,0.7934481157349227,7.405940820045321e-10
2019-11-07,,,2019-11-07,False,0.20655188352448742,0.7934481157349227,7.405940820045321e-10,0.0,0.0,0.0,0.20754585675869774,0.7924541424999982,7.413082400871436e-10,0.20754585675869774,0.7924541424999982,7.413082400871436e-10
2019-11-08,,,2019-11-08,False,0.20754585675869774,0.7924541424999982,7.413082400871436e-10,0.0,0.0,0.0,0.20749800876305138,0.7925019904893491,7.476038107291403e-10,0.20749800876305138,0.7925019904893491,7.476038107291403e-10
2019-11-11,,,2019-11-11,False,0.20749800876305138,0.7925019904893491,7.476038107291403e-10,0.0,0.0,0.0,0.20733335725905402,0.7926666419942721,7.466782661710207e-10,0.20733335725905402,0.7926666419942721,7.466782661710207e-10
2019-11-13,,,2019-11-13,False,0.20733335725905402,0.7926666419942721,7.466782661710207e-10,0.0,0.0,0.0,0.20500362913614115,0.7949963701210233,7.428398913783647e-10,0.20500362913614115,0.7949963701210233,7.428398913783647e-10
2019-11-14,,,2019-11-14,False,0.20500362913614115,0.7949963701210233,7.428398913783647e-10,0.0,0.0,0.0,0.20536184934380547,0.7946381499140521,7.421467143411929e-10,0.20536184934380547,0.7946381499140521,7.421467143411929e-10
2019-11-15,,,2019-11-15,False,0.20536184934380547,0.7946381499140521,7.421467143411929e-10,0.0,0.0,0.0,0.20715595155412056,0.7928440476987231,7.471607789924139e-10,0.20715595155412056,0.7928440476987231,7.471607789924139e-10
2019-11-18,,,2019-11-18,False,0.20715595155412056,0.7928440476987231,7.471607789924139e-10,0.0,0.0,0.0,0.20753715644135956,0.7924628428094194,7.49225380913957e-10,0.20753715644135956,0.7924628428094194,7.49225380913957e-10
2019-11-19,,,2019-11-19,False,0.20753715644135956,0.7924628428094194,7.49225380913957e-10,0.0,0.0,0.0,0.20694096130293405,0.793059037953476,7.435942905360206e-10,0.20694096130293405,0.793059037953476,7.435942905360206e-10
2019-11-20,,,2019-11-20,False,0.20694096130293405,0.793059037953476,7.435942905360206e-10,0.0,0.0,0.0,0.20704791204077883,0.7929520872189051,7.403204239457977e-10,0.20704791204077883,0.7929520872189051,7.403204239457977e-10
2019-11-21,,,2019-11-21,False,0.20704791204077883,0.7929520872189051,7.403204239457977e-10,0.0,0.0,0.0,0.20735658651345712,0.7926434127432215,7.433258899584453e-10,0.20735658651345712,0.7926434127432215,7.433258899584453e-10
2019-11-22,,,2019-11-22,False,0.20735658651345712,0.7926434127432215,7.433258899584453e-10,0.0,0.0,0.0,0.2065948587870223,0.7934051404690229,7.439593439689766e-10,0.2065948587870223,0.7934051404690229,7.439593439689766e-10
2019-11-25,,,2019-11-25,False,0.2065948587870223,0.7934051404690229,7.439593439689766e-10,0.0,0.0,0.0,0.21035375209240786,0.7896462471600988,7.474978841892296e-10,0.21035375209240786,0.7896462471600988,7.474978841892296e-10
2019-11-26,,,2019-11-26,False,0.21035375209240786,0.7896462471600988,7.474978841892296e-10,0.0,0.0,0.0,0.21019076114528099,0.7898092381055755,7.491480169716459e-10,0.21019076114528099,0.7898092381055755,7.491480169716459e-10
2019-11-27,2019-11-27,2019-11-27,2019-11-27,True,0.21019076114528099,0.7898092381055755,7.491480169716459e-10,0.6500000007488305,0.3499999983389879,9.121820545510647e-10,0.6500000007488305,0.3499999983389879,9.121820545510647e-10,0.2112311761451044,0.7887688231059635,7.489365923808972e-10
2019-11-28,,,2019-11-28,False,0.6500000007488305,0.3499999983389879,9.121820545510647e-10,0.0,0.0,0.0,0.6506082236683577,0.3493917754223888,9.092538948596976e-10,0.6506082236683577,0.3493917754223888,9.092538948596976e-10
2019-11-29,,,2019-11-29,False,0.6506082236683577,0.3493917754223888,9.092538948596976e-10,0.0,0.0,0.0,0.6482941410858729,0.35170585799870663,9.154207932861872e-10,0.6482941410858729,0.35170585799870663,9.154207932861872e-10
2019-12-02,,,2019-12-02,False,0.6482941410858729,0.35170585799870663,9.154207932861872e-10,0.0,0.0,0.0,0.6481797583811463,0.35182024070300766,9.158462981975879e-10,0.6481797583811463,0.35182024070300766,9.158462981975879e-10
2019-12-03,,,2019-12-03,False,0.6481797583811463,0.35182024070300766,9.158462981975879e-10,0.0,0.0,0.0,0.6466356522251979,0.3533643468570242,9.177780303136122e-10,0.6466356522251979,0.3533643468570242,9.177780303136122e-10
2019-12-04,,,2019-12-04,False,0.6466356522251979,0.3533643468570242,9.177780303136122e-10,0.0,0.0,0.0,0.6457180730518883,0.35428192603536496,9.127468469285488e-10,0.6457180730518883,0.35428192603536496,9.127468469285488e-10
2019-12-05,,,2019-12-05,False,0.6457180730518883,0.35428192603536496,9.127468469285488e-10,0.0,0.0,0.0,0.6458640226811038,0.3541359764040501,9.148462969818588e-10,0.6458640226811038,0.3541359764040501,9.148462969818588e-10
2019-12-06,,,2019-12-06,False,0.6458640226811038,0.3541359764040501,9.148462969818588e-10,0.0,0.0,0.0,0.6443066089990181,0.35569339008092365,9.200583957411333e-10,0.6443066089990181,0.35569339008092365,9.200583957411333e-10
2019-12-09,,,2019-12-09,False,0.6443066089990181,0.35569339008092365,9.200583957411333e-10,0.0,0.0,0.0,0.6472581902075755,0.3527418088693997,9.230250233938282e-10,0.6472581902075755,0.3527418088693997,9.230250233938282e-10
2019-12-10,,,2019-12-10,False,0.6472581902075755,0.3527418088693997,9.230250233938282e-10,0.0,0.0,0.0,0.6459076179894779,0.35409238108315405,9.27368253484537e-10,0.6459076179894779,0.35409238108315405,9.27368253484537e-10
2019-12-11,,,2019-12-11,False,0.6459076179894779,0.35409238108315405,9.27368253484537e-10,0.0,0.0,0.0,0.6464835224038995,0.35351647667205394,9.240467083512675e-10,0.6464835224038995,0.35351647667205394,9.240467083512675e-10
2019-12-12,,,2019-12-12,False,0.6464835224038995,0.35351647667205394,9.240467083512675e-10,0.0,0.0,0.0,0.6475562777112508,0.3524437213679449,9.208043815035874e-10,0.6475562777112508,0.3524437213679449,9.208043815035874e-10
2019-12-13,,,2019-12-13,False,0.6475562777112508,0.3524437213679449,9.208043815035874e-10,0.0,0.0,0.0,0.6501915500639968,0.3498084490202407,9.157625440488915e-10,0.6501915500639968,0.3498084490202407,9.157625440488915e-10
2019-12-16,,,2019-12-16,False,0.6501915500639968,0.3498084490202407,9.157625440488915e-10,0.0,0.0,0.0,0.648053182816706,0.3519468162680542,9.152399419608814e-10,0.648053182816706,0.3519468162680542,9.152399419608814e-10
2019-12-17,,,2019-12-17,False,0.648053182816706,0.3519468162680542,9.152399419608814e-10,0.0,0.0,0.0,0.6497341461093227,0.3502658529814401,9.092373921613857e-10,0.6497341461093227,0.3502658529814401,9.092373921613857e-10
2019-12-18,,,2019-12-18,False,0.6497341461093227,0.3502658529814401,9.092373921613857e-10,0.0,0.0,0.0,0.6501604948768773,0.3498395042175061,9.056167171586526e-10,0.6501604948768773,0.3498395042175061,9.056167171586526e-10
2019-12-19,,,2019-12-19,False,0.6501604948768773,0.3498395042175061,9.056167171586526e-10,0.0,0.0,0.0,0.9946717679855197,0.0053282306332898995,1.3811907184379486e-09,0.9946717679855197,0.0053282306332898995,1.3811907184379486e-09
2019-12-20,,,2019-12-20,False,0.9946717679855197,0.0053282306332898995,1.3811907184379486e-09,0.0,0.0,0.0,0.9946612125115294,0.00533878610867072,1.3798002708350377e-09,0.9946612125115294,0.00533878610867072,1.3798002708350377e-09
2019-12-23,,,2019-12-23,False,0.9946612125115294,0.00533878610867072,1.3798002708350377e-09,0.0,0.0,0.0,0.6505586904498033,0.3494413086470628,9.031342613302723e-10,0.6505586904498033,0.3494413086470628,9.031342613302723e-10
2019-12-24,,,2019-12-24,False,0.6505586904498033,0.3494413086470628,9.031342613302723e-10,0.0,0.0,0.0,0.6489871802157999,0.35101281887969266,9.045078972434327e-10,0.6489871802157999,0.35101281887969266,9.045078972434327e-10
2019-12-26,,,2019-12-26,False,0.6489871802157999,0.35101281887969266,9.045078972434327e-10,0.0,0.0,0.0,0.6456516182406021,0.3543483808530091,9.06389151294139e-10,0.6456516182406021,0.3543483808530091,9.06389151294139e-10
2019-12-27,2019-12-27,2019-12-27,2019-12-27,True,0.6456516182406021,0.3543483808530091,9.06389151294139e-10,0.7999999545178585,0.005019081852370844,0.19498096362964368,0.7999999545178585,0.005019081852370844,0.19498096362964368,0.646882352161038,0.3531176469396889,8.992736280463354e-10
2019-12-30,,,2019-12-30,False,0.7999999545178585,0.005019081852370844,0.19498096362964368,0.0,0.0,0.0,0.8001151300667289,0.005037718708026753,0.19484715122511756,0.8001151300667289,0.005037718708026753,0.19484715122511756
2019-12-31,,,2019-12-31,False,0.8001151300667289,0.005037718708026753,0.19484715122511756,0.0,0.0,0.0,0.7985398465015706,0.005086057933805558,0.19637409556449625,0.7985398465015706,0.005086057933805558,0.19637409556449625
2020-01-01,,,2020-01-01,False,0.7985398465015706,0.005086057933805558,0.19637409556449625,0.0,0.0,0.0,0.7987372035952036,0.005066697304842358,0.1961960990998265,0.7987372035952036,0.005066697304842358,0.1961960990998265
2020-01-02,,,2020-01-02,False,0.7987372035952036,0.005066697304842358,0.1961960990998265,0.0,0.0,0.0,0.8000427151719262,0.005033782760953454,0.19492350206699374,0.8000427151719262,0.005033782760953454,0.19492350206699374
2020-01-03,,,2020-01-03,False,0.8000427151719262,0.005033782760953454,0.19492350206699374,0.0,0.0,0.0,0.7991931375797264,0.005205689692432402,0.1956011727277141,0.7991931375797264,0.005205689692432402,0.1956011727277141
2020-01-06,,,2020-01-06,False,0.7991931375797264,0.005205689692432402,0.1956011727277141,0.0,0.0,0.0,0.7959902688005901,0.0053978049222172236,0.19861192627706376,0.7959902688005901,0.0053978049222172236,0.19861192627706376
2020-01-07,,,2020-01-07,False,0.7959902688005901,0.0053978049222172236,0.19861192627706376,0.0,0.0,0.0,0.7968751630416898,0.0052802687318657246,0.197844568226316,0.7968751630416898,0.0052802687318657246,0.197844568226316
2020-01-08,,,2020-01-08,False,0.7968751630416898,0.0052802687318657246,0.197844568226316,0.0,0.0,0.0,0.7964341895247832,0.005378858397877372,0.19818695207721077,0.7964341895247832,0.005378858397877372,0.19818695207721077
2020-01-09,,,2020-01-09,False,0.7964341895247832,0.005378858397877372,0.19818695207721077,0.0,0.0,0.0,0.7990946531078408,0.005158120679182122,0.1957472262128499,0.7990946531078408,0.005158120679182122,0.1957472262128499
2020-01-10,,,2020-01-10,False,0.7990946531078408,0.005158120679182122,0.1957472262128499,0.0,0.0,0.0,0.7996409031680382,0.005129745767270301,0.19522935106456463,0.7996409031680382,0.005129745767270301,0.19522935106456463
2020-01-13,,,2020-01-13,False,0.7996409031680382,0.005129745767270301,0.19522935106456463,0.0,0.0,0.0,0.8006123070155027,0.005076455637933807,0.19431123734643715,0.8006123070155027,0.005076455637933807,0.19431123734643715
2020-01-14,,,2020-01-14,False,0.8006123070155027,0.005076455637933807,0.19431123734643715,0.0,0.0,0.0,0.8010338779000373,0.005065673155711227,0.19390044894412542,0.8010338779000373,0.005065673155711227,0.19390044894412542
2020-01-15,,,2020-01-15,False,0.8010338779000373,0.005065673155711227,0.19390044894412542,0.0,0.0,0.0,0.80075510908728,0.005115489497598813,0.19412940141499493,0.80075510908728,0.005115489497598813,0.19412940141499493
2020-01-16,,,2020-01-16,False,0.80075510908728,0.005115489497598813,0.19412940141499493,0.0,0.0,0.0,0.8009169728283516,0.00510417975234861,0.1939788474191735,0.8009169728283516,0.00510417975234861,0.1939788474191735
2020-01-17,,,2020-01-17,False,0.8009169728283516,0.00510417975234861,0.1939788474191735,0.0,0.0,0.0,0.8008821492991156,0.005097966441111845,0.1940198842596462,0.8008821492991156,0.005097966441111845,0.1940198842596462
2020-01-20,,,2020-01-20,False,0.8008821492991156,0.005097966441111845,0.1940198842596462,0.0,0.0,0.0,0.79918710191514,0.005181541410318955,0.1956313566744137,0.79918710191514,0.005181541410318955,0.1956313566744137
2020-01-21,,,2020-01-21,False,0.79918710191514,0.005181541410318955,0.1956313566744137,0.0,0.0,0.0,0.7984766298680264,0.005185443481064988,0.1963379266507807,0.7984766298680264,0.005185443481064988,0.1963379266507807
2020-01-22,,,2020-01-22,False,0.7984766298680264,0.005185443481064988,0.1963379266507807,0.0,0.0,0.0,0.797621937643135,0.00523054008163906,0.19714752227509744,0.797621937643135,0.00523054008163906,0.19714752227509744
2020-01-23,,,2020-01-23,False,0.797621937643135,0.00523054008163906,0.19714752227509744,0.0,0.0,0.0,0.7986075046093974,0.005193622632850843,0.19619887275762382,0.7986075046093974,0.005193622632850843,0.19619887275762382
2020-01-24,,,2020-01-24,False,0.7986075046093974,0.005193622632850843,0.19619887275762382,0.0,0.0,0.0,0.7994762480759341,0.005198350374571612,0.19532540154936687,0.7994762480759341,0.005198350374571612,0.19532540154936687
2020-01-27,2020-01-27,2020-01-27,2020-01-27,True,0.7994762480759341,0.005198350374571612,0.19532540154936687,0.3999996124590008,0.0025108783512550596,0.5974895091902189,0.3999996124590008,0.0025108783512550596,0.5974895091902189,0.7977169749042118,0.005308868078472255,0.19697415701718746
2020-01-28,,,2020-01-28,False,0.3999996124590008,0.0025108783512550596,0.5974895091902189,0.0,0.0,0.0,0.3987514214754924,0.0025070409474374673,0.598741537577546,0.3987514214754924,0.0025070409474374673,0.598741537577546
2020-01-29,,,2020-01-29,False,0.3987514214754924,0.0025070409474374673,0.598741537577546,0.0,0.0,0.0,0.4002142032033092,0.0024932471149078515,0.5972925496822578,0.4002142032033092,0.0024932471149078515,0.5972925496822578
2020-01-30,,,2020-01-30,False,0.4002142032033092,0.0024932471149078515,0.5972925496822578,0.0,0.0,0.0,0.3983451731517881,0.002523396929244592,0.5991314299194436,0.3983451731517881,0.002523396929244592,0.5991314299194436
2020-01-31,,,2020-01-31,False,0.3983451731517881,0.002523396929244592,0.5991314299194436,0.0,0.0,0.0,0.3962857557046144,0.002521599774570746,0.6011926445212916,0.3962857557046144,0.002521599774570746,0.6011926445212916
2020-02-03,,,2020-02-03,False,0.3962857557046144,0.002521599774570746,0.6011926445212916,0.0,0.0,0.0,0.3911574558591152,0.002545843734145047,0.6062967004072205,0.3911574558591152,0.002545843734145047,0.6062967004072205
2020-02-04,,,2020-02-04,False,0.3911574558591152,0.002545843734145047,0.6062967004072205,0.0,0.0,0.0,0.3966446507750789,0.002499810969355395,0.6008555382560422,0.3966446507750789,0.002499810969355395,0.6008555382560422
2020-02-05,,,2020-02-05,False,0.3966446507750789,0.002499810969355395,0.6008555382560422,0.0,0.0,0.0,0.39883177040715784,0.0024719258896907926,0.598696303703626,0.39883177040715784,0.0024719258896907926,0.598696303703626
2020-02-06,,,2020-02-06,False,0.39883177040715784,0.0024719258896907926,0.598696303703626,0.0,0.0,0.0,0.3997905201620383,0.0024867770602141513,0.5977227027782214,0.3997905201620383,0.0024867770602141513,0.5977227027782214
2020-02-07,,,2020-02-07,False,0.3997905201620383,0.0024867770602141513,0.5977227027782214,0.0,0.0,0.0,0.39900327335748514,0.0024984018874550963,0.5984983247555342,0.39900327335748514,0.0024984018874550963,0.5984983247555342
2020-02-10,,,2020-02-10,False,0.39900327335748514,0.0024984018874550963,0.5984983247555342,0.0,0.0,0.0,0.39767072710277424,0.0025214275717297266,0.5998078453259715,0.39767072710277424,0.0025214275717297266,0.5998078453259715
2020-02-11,,,2020-02-11,False,0.39767072710277424,0.0025214275717297266,0.5998078453259715,0.0,0.0,0.0,0.3991915411473055,0.00250600431250981,0.5983024545406589,0.3991915411473055,0.00250600431250981,0.5983024545406589
2020-02-12,,,2020-02-12,False,0.3991915411473055,0.00250600431250981,0.5983024545406589,0.0,0.0,0.0,0.40103566812994634,0.002494144912511376,0.5964701869580149,0.40103566812994634,0.002494144912511376,0.5964701869580149
2020-02-13,,,2020-02-13,False,0.40103566812994634,0.002494144912511376,0.5964701869580149,0.0,0.0,0.0,0.4005048345723035,0.0025095387940647336,0.5969856266341048,0.4005048345723035,0.0025095387940647336,0.5969856266341048
2020-02-14,,,2020-02-14,False,0.4005048345723035,0.0025095387940647336,0.5969856266341048,0.0,0.0,0.0,0.3992982414534102,0.0025076240513340828,0.5981941344957297,0.3992982414534102,0.0025076240513340828,0.5981941344957297
2020-02-17,,,2020-02-17,False,0.3992982414534102,0.0025076240513340828,0.5981941344957297,0.0,0.0,0.0,0.39795583777763205,0.0025188378186184555,0.5995253244042245,0.39795583777763205,0.0025188378186184555,0.5995253244042245
2020-02-18,,,2020-02-18,False,0.39795583777763205,0.0025188378186184555,0.5995253244042245,0.0,0.0,0.0,0.3968879990116464,0.002537991284602599,0.6005740097042268,0.3968879990116464,0.002537991284602599,0.6005740097042268
2020-02-19,,,2020-02-19,False,0.3968879990116464,0.002537991284602599,0.6005740097042268,0.0,0.0,0.0,0.3995230185062835,0.002566586639355551,0.5979103948548347,0.3995230185062835,0.002566586639355551,0.5979103948548347
2020-02-20,,,2020-02-20,False,0.3995230185062835,0.002566586639355551,0.5979103948548347,0.0,0.0,0.0,0.3986249453174953,0.0025780689060476833,0.5987969857769314,0.3986249453174953,0.0025780689060476833,0.5987969857769314
2020-02-24,,,2020-02-24,False,0.3986249453174953,0.0025780689060476833,0.5987969857769314,0.0,0.0,0.0,0.39354473269331713,0.002723562600949915,0.6037317047062113,0.39354473269331713,0.002723562600949915,0.6037317047062113
2020-02-25,,,2020-02-25,False,0.39354473269331713,0.002723562600949915,0.6037317047062113,0.0,0.0,0.0,0.39294254641980125,0.002646085663989557,0.604411367916688,0.39294254641980125,0.002646085663989557,0.604411367916688
2020-02-26,2020-02-26,2020-02-26,2020-02-26,True,0.39294254641980125,0.002646085663989557,0.604411367916688,0.14999854291962164,0.24999999999962116,0.6000014570807571,0.14999854291962164,0.24999999999962116,0.6000014570807571,0.3905142096453316,0.0026622961047127274,0.6068234942504365
2020-02-27,,,2020-02-27,False,0.14999854291962164,0.24999999999962116,0.6000014570807571,0.0,0.0,0.0,0.14964446136816553,0.24944467349079694,0.6009108651410374,0.14964446136816553,0.24944467349079694,0.6009108651410374
2020-02-28,,,2020-02-28,False,0.14964446136816553,0.24944467349079694,0.6009108651410374,0.0,0.0,0.0,0.14473716514831303,0.25049235174009005,0.6047704831115969,0.14473716514831303,0.25049235174009005,0.6047704831115969
2020-03-02,,,2020-03-02,False,0.14473716514831303,0.25049235174009005,0.6047704831115969,0.0,0.0,0.0,0.14428913748952668,0.24897863230321735,0.606732230207256,0.14428913748952668,0.24897863230321735,0.606732230207256
2020-03-03,,,2020-03-03,False,0.14428913748952668,0.24897863230321735,0.606732230207256,0.0,0.0,0.0,0.1460882711151327,0.24888301317873346,0.6050287157061339,0.1460882711151327,0.24888301317873346,0.6050287157061339
2020-03-04,,,2020-03-04,False,0.1460882711151327,0.24888301317873346,0.6050287157061339,0.0,0.0,0.0,0.1445601775136963,0.25395671740324893,0.6014831050830549,0.1445601775136963,0.25395671740324893,0.6014831050830549
2020-03-05,,,2020-03-05,False,0.1445601775136963,0.25395671740324893,0.6014831050830549,0.0,0.0,0.0,0.14481587496803203,0.25359956881658346,0.6015845562153846,0.14481587496803203,0.25359956881658346,0.6015845562153846
2020-03-06,,,2020-03-06,False,0.14481587496803203,0.25359956881658346,0.6015845562153846,0.0,0.0,0.0,0.1407812559754532,0.25951776863235787,0.5997009753921891,0.1407812559754532,0.25951776863235787,0.5997009753921891
2020-03-09,,,2020-03-09,False,0.1407812559754532,0.25951776863235787,0.5997009753921891,0.0,0.0,0.0,0.13535357250273503,0.2583923403872719,0.6062540871099933,0.13535357250273503,0.2583923403872719,0.6062540871099933
2020-03-11,,,2020-03-11,False,0.13535357250273503,0.2583923403872719,0.6062540871099933,0.0,0.0,0.0,0.13568578813946097,0.25696988084511874,0.6073443310154204,0.13568578813946097,0.25696988084511874,0.6073443310154204
2020-03-12,,,2020-03-12,False,0.13568578813946097,0.25696988084511874,0.6073443310154204,0.0,0.0,0.0,0.12602749091456913,0.25878748138370244,0.6151850277017284,0.12602749091456913,0.25878748138370244,0.6151850277017284
2020-03-13,,,2020-03-13,False,0.12602749091456913,0.25878748138370244,0.6151850277017284,0.0,0.0,0.0,0.13139473191274242,0.2507399187970761,0.6178653492901816,0.13139473191274242,0.2507399187970761,0.6178653492901816
2020-03-16,,,2020-03-16,False,0.13139473191274242,0.2507399187970761,0.6178653492901816,0.0,0.0,0.0,0.12343025036820804,0.24833435360077763,0.6282353960310144,0.12343025036820804,0.24833435360077763,0.6282353960310144
2020-03-17,,,2020-03-17,False,0.12343025036820804,0.24833435360077763,0.6282353960310144,0.0,0.0,0.0,0.12142437612110296,0.24467353379974824,0.6339020900791489,0.12142437612110296,0.24467353379974824,0.6339020900791489
2020-03-18,,,2020-03-18,False,0.12142437612110296,0.24467353379974824,0.6339020900791489,0.0,0.0,0.0,0.11496123054031046,0.24957462771686387,0.6354641417428257,0.11496123054031046,0.24957462771686387,0.6354641417428257
2020-03-19,,,2020-03-19,False,0.11496123054031046,0.24957462771686387,0.6354641417428257,0.0,0.0,0.0,0.1126695176769144,0.24905096763376222,0.6382795146893235,0.1126695176769144,0.24905096763376222,0.6382795146893235
2020-03-20,,,2020-03-20,False,0.1126695176769144,0.24905096763376222,0.6382795146893235,0.0,0.0,0.0,0.11771840559444552,0.25215459957940634,0.6301269948261484,0.11771840559444552,0.25215459957940634,0.6301269948261484
2020-03-23,,,2020-03-23,False,0.11771840559444552,0.25215459957940634,0.6301269948261484,0.0,0.0,0.0,0.10483793939077117,0.2502723653885274,0.6448896952207017,0.10483793939077117,0.2502723653885274,0.6448896952207017
2020-03-24,,,2020-03-24,False,0.10483793939077117,0.2502723653885274,0.6448896952207017,0.0,0.0,0.0,0.10614878117028977,0.2568746266050486,0.6369765922246617,0.10614878117028977,0.2568746266050486,0.6369765922246617
2020-03-25,,,2020-03-25,False,0.10614878117028977,0.2568746266050486,0.6369765922246617,0.0,0.0,0.0,0.11191981663622508,0.2582007357780979,0.6298794475856773,0.11191981663622508,0.2582007357780979,0.6298794475856773
2020-03-26,,,2020-03-26,False,0.11191981663622508,0.2582007357780979,0.6298794475856773,0.0,0.0,0.0,0.11598755514940826,0.25568464549237757,0.6283277993582144,0.11598755514940826,0.25568464549237757,0.6283277993582144
2020-03-27,2020-03-27,2020-03-27,2020-03-27,True,0.11598755514940826,0.25568464549237757,0.6283277993582144,7.746225860633004e-07,0.25000000000158296,0.7499992253758342,7.746225860633004e-07,0.25000000000158296,0.7499992253758342,0.11504854892735535,0.2630571155439126,0.6218943355287322
2020-03-30,,,2020-03-30,False,7.746225860633004e-07,0.25000000000158296,0.7499992253758342,0.0,0.0,0.0,7.33170054225178e-07,0.2576337374101226,0.7423655294198265,7.33170054225178e-07,0.2576337374101226,0.7423655294198265
2020-03-31,,,2020-03-31,False,7.33170054225178e-07,0.2576337374101226,0.7423655294198265,0.0,0.0,0.0,7.678942325317741e-07,0.24989166065866172,0.750107571447109,7.678942325317741e-07,0.24989166065866172,0.750107571447109
2020-04-01,,,2020-04-01,False,7.678942325317741e-07,0.24989166065866172,0.750107571447109,0.0,0.0,0.0,7.370302790506823e-07,0.25003882242489434,0.7499604405448299,7.370302790506823e-07,0.25003882242489434,0.7499604405448299
2020-04-03,,,2020-04-03,False,7.370302790506823e-07,0.25003882242489434,0.7499604405448299,0.0,0.0,0.0,7.192633299494957e-07,0.2527262204471181,0.7472730602895553,7.192633299494957e-07,0.2527262204471181,0.7472730602895553
2020-04-07,,,2020-04-07,False,7.192633299494957e-07,0.2527262204471181,0.7472730602895553,0.0,0.0,0.0,7.778401934069058e-07,0.25698817241249344,0.7430110497473164,7.778401934069058e-07,0.25698817241249344,0.7430110497473164
2020-04-08,,,2020-04-08,False,7.778401934069058e-07,0.25698817241249344,0.7430110497473164,0.0,0.0,0.0,7.733890074620999e-07,0.2575633591588151,0.7424358674521806,7.733890074620999e-07,0.2575633591588151,0.7424358674521806
2020-04-09,,,2020-04-09,False,7.733890074620999e-07,0.2575633591588151,0.7424358674521806,0.0,0.0,0.0,8.003109888569943e-07,0.2623382847639348,0.7376609149250796,8.003109888569943e-07,0.2623382847639348,0.7376609149250796
2020-04-13,,,2020-04-13,False,8.003109888569943e-07,0.2623382847639348,0.7376609149250796,0.0,0.0,0.0,7.813990467896507e-07,0.27031624570422047,0.7296829728967359,7.813990467896507e-07,0.27031624570422047,0.7296829728967359
2020-04-15,,,2020-04-15,False,7.813990467896507e-07,0.27031624570422047,0.7296829728967359,0.0,0.0,0.0,7.745563854791959e-07,0.27115086403682226,0.7288483614067953,7.745563854791959e-07,0.27115086403682226,0.7288483614067953
2020-04-16,,,2020-04-16,False,7.745563854791959e-07,0.27115086403682226,0.7288483614067953,0.0,0.0,0.0,7.775050060988388e-07,0.27387532747143406,0.7261238950235629,7.775050060988388e-07,0.27387532747143406,0.7261238950235629
2020-04-17,,,2020-04-17,False,7.775050060988388e-07,0.27387532747143406,0.7261238950235629,0.0,0.0,0.0,8.051939742640673e-07,0.27021750886433626,0.7297816859416925,8.051939742640673e-07,0.27021750886433626,0.7297816859416925
2020-04-20,,,2020-04-20,False,8.051939742640673e-07,0.27021750886433626,0.7297816859416925,0.0,0.0,0.0,8.095243698495878e-07,0.26592634567059803,0.7340728448050351,8.095243698495878e-07,0.26592634567059803,0.7340728448050351
2020-04-21,,,2020-04-21,False,8.095243698495878e-07,0.26592634567059803,0.7340728448050351,0.0,0.0,0.0,7.825122093153529e-07,0.26826795072243576,0.7317312667653578,7.825122093153529e-07,0.26826795072243576,0.7317312667653578
2020-04-22,,,2020-04-22,False,7.825122093153529e-07,0.26826795072243576,0.7317312667653578,0.0,0.0,0.0,7.97603394534667e-07,0.27087491516372236,0.7291242872328859,7.97603394534667e-07,0.27087491516372236,0.7291242872328859
2020-04-23,,,2020-04-23,False,7.97603394534667e-07,0.27087491516372236,0.7291242872328859,0.0,0.0,0.0,8.085882214196487e-07,0.27087286744118666,0.7291263239705948,8.085882214196487e-07,0.27087286744118666,0.7291263239705948
2020-04-24,,,2020-04-24,False,8.085882214196487e-07,0.27087286744118666,0.7291263239705948,0.0,0.0,0.0,7.943372466065824e-07,0.27124347991953524,0.728755725743221,7.943372466065824e-07,0.27124347991953524,0.728755725743221
2020-04-27,,,2020-04-27,False,7.943372466065824e-07,0.27124347991953524,0.728755725743221,0.0,0.0,0.0,8.061071154245033e-07,0.2706430876859657,0.7293561062069217,8.061071154245033e-07,0.2706430876859657,0.7293561062069217
2020-04-28,,,2020-04-28,False,8.061071154245033e-07,0.2706430876859657,0.7293561062069217,0.0,0.0,0.0,8.140487373314554e-07,0.271199222010812,0.7287999639404534,8.140487373314554e-07,0.271199222010812,0.7287999639404534
2020-04-29,,,2020-04-29,False,8.140487373314554e-07,0.271199222010812,0.7287999639404534,0.0,0.0,0.0,8.306433483649513e-07,0.26975873505077,0.7302404343058844,8.306433483649513e-07,0.26975873505077,0.7302404343058844
2020-04-30,,,2020-04-30,False,8.306433483649513e-07,0.26975873505077,0.7302404343058844,0.0,0.0,0.0,8.552796489666036e-07,0.27039421814505193,0.7296049265753018,8.552796489666036e-07,0.27039421814505193,0.7296049265753018
2020-05-04,2020-05-04,2020-05-04,2020-05-04,True,8.552796489666036e-07,0.27039421814505193,0.7296049265753018,0.0002211778906082525,0.25000000003133827,0.7497788220780534,0.0002211778906082525,0.25000000003133827,0.7497788220780534,8.05329846278116e-07,0.2711349623301155,0.7288642323400409
2020-05-05,,,2020-05-05,False,0.0002211778906082525,0.25000000003133827,0.7497788220780534,0.0,0.0,0.0,0.00022062243550653287,0.24474217016581695,0.7550372073986763,0.00022062243550653287,0.24474217016581695,0.7550372073986763
2020-05-06,,,2020-05-06,False,0.00022062243550653287,0.24474217016581695,0.7550372073986763,0.0,0.0,0.0,0.00022242297549294392,0.24393997774720125,0.7558375992773055,0.00022242297549294392,0.24393997774720125,0.7558375992773055
2020-05-07,,,2020-05-07,False,0.00022242297549294392,0.24393997774720125,0.7558375992773055,0.0,0.0,0.0,0.00022109074684815408,0.2426002634308957,0.7571786458222558,0.00022109074684815408,0.2426002634308957,0.7571786458222558
2020-05-08,,,2020-05-08,False,0.00022109074684815408,0.2426002634308957,0.7571786458222558,0.0,0.0,0.0,0.00022176144557879262,0.24460837279669304,0.7551698657577277,0.00022176144557879262,0.24460837279669304,0.7551698657577277
2020-05-11,,,2020-05-11,False,0.00022176144557879262,0.24460837279669304,0.7551698657577277,0.0,0.0,0.0,0.0002219129363764268,0.24309375508239187,0.7566843319812312,0.0002219129363764268,0.24309375508239187,0.7566843319812312
2020-05-12,,,2020-05-12,False,0.0002219129363764268,0.24309375508239187,0.7566843319812312,0.0,0.0,0.0,0.000220795854155152,0.2434049318363153,0.7563742723095289,0.000220795854155152,0.2434049318363153,0.7563742723095289
2020-05-13,,,2020-05-13,False,0.000220795854155152,0.2434049318363153,0.7563742723095289,0.0,0.0,0.0,0.00022564570095929436,0.24219802040940452,0.7575763338896355,0.00022564570095929436,0.24219802040940452,0.7575763338896355
2020-05-14,,,2020-05-14,False,0.00022564570095929436,0.24219802040940452,0.7575763338896355,0.0,0.0,0.0,0.0002191810715645161,0.24451998793230187,0.7552608309961331,0.0002191810715645161,0.24451998793230187,0.7552608309961331
2020-05-15,,,2020-05-15,False,0.0002191810715645161,0.24451998793230187,0.7552608309961331,0.0,0.0,0.0,0.00021864020414073639,0.24589773785300045,0.7538836219428584,0.00021864020414073639,0.24589773785300045,0.7538836219428584
2020-05-18,,,2020-05-18,False,0.00021864020414073639,0.24589773785300045,0.7538836219428584,0.0,0.0,0.0,0.00021022235627973437,0.24916814654543243,0.7506216310982874,0.00021022235627973437,0.24916814654543243,0.7506216310982874
2020-05-19,,,2020-05-19,False,0.00021022235627973437,0.24916814654543243,0.7506216310982874,0.0,0.0,0.0,0.00021301252091003337,0.24398685313066448,0.755800134348425,0.00021301252091003337,0.24398685313066448,0.755800134348425
2020-05-20,,,2020-05-20,False,0.00021301252091003337,0.24398685313066448,0.755800134348425,0.0,0.0,0.0,0.0002168578749121508,0.24625470791042303,0.7535284342146644,0.0002168578749121508,0.24625470791042303,0.7535284342146644
2020-05-21,,,2020-05-21,False,0.0002168578749121508,0.24625470791042303,0.7535284342146644,0.0,0.0,0.0,0.00021838346438868072,0.2442529572918651,0.7555286592437458,0.00021838346438868072,0.2442529572918651,0.7555286592437458
2020-05-22,,,2020-05-22,False,0.00021838346438868072,0.2442529572918651,0.7555286592437458,0.0,0.0,0.0,0.00021649783854705052,0.24523412345059,0.7545493787108625,0.00021649783854705052,0.24523412345059,0.7545493787108625
2020-05-26,,,2020-05-26,False,0.00021649783854705052,0.24523412345059,0.7545493787108625,0.0,0.0,0.0,0.00021682648438991212,0.24322724222785172,0.7565559312877579,0.00021682648438991212,0.24322724222785172,0.7565559312877579
2020-05-27,,,2020-05-27,False,0.00021682648438991212,0.24322724222785172,0.7565559312877579,0.0,0.0,0.0,0.00022442099924411009,0.24076216102834666,0.7590134179724087,0.00022442099924411009,0.24076216102834666,0.7590134179724087
2020-05-28,,,2020-05-28,False,0.00022442099924411009,0.24076216102834666,0.7590134179724087,0.0,0.0,0.0,0.00022790921588071068,0.24317986081026513,0.7565922299738538,0.00022790921588071068,0.24317986081026513,0.7565922299738538
2020-05-29,,,2020-05-29,False,0.00022790921588071068,0.24317986081026513,0.7565922299738538,0.0,0.0,0.0,0.00023002742454750446,0.2419486287179106,0.7578213438575415,0.00023002742454750446,0.2419486287179106,0.7578213438575415
2020-06-01,,,2020-06-01,False,0.00023002742454750446,0.2419486287179106,0.7578213438575415,0.0,0.0,0.0,0.0002356230486157238,0.24293029687587372,0.7568340800755101,0.0002356230486157238,0.24293029687587372,0.7568340800755101
2020-06-02,,,2020-06-02,False,0.0002356230486157238,0.24293029687587372,0.7568340800755101,0.0,0.0,0.0,0.00023933379855430197,0.24279723325444122,0.7569634329470041,0.00023933379855430197,0.24279723325444122,0.7569634329470041
2020-06-03,2020-06-03,2020-06-03,2020-06-03,True,0.00023933379855430197,0.24279723325444122,0.7569634329470041,0.19748387749073837,0.002516129014963046,0.7999999934943618,0.19748387749073837,0.002516129014963046,0.7999999934943618,0.00024173662387110218,0.24145332011715143,0.758304943258977
2020-06-04,,,2020-06-04,False,0.19748387749073837,0.002516129014963046,0.7999999934943618,0.0,0.0,0.0,0.19697474888056946,0.0025134512314672016,0.8005117998880266,0.19697474888056946,0.0025134512314672016,0.8005117998880266
2020-06-05,,,2020-06-05,False,0.19697474888056946,0.0025134512314672016,0.8005117998880266,0.0,0.0,0.0,0.19874915775505717,0.002531175575975195,0.7987196666690307,0.19874915775505717,0.002531175575975195,0.7987196666690307
2020-06-08,,,2020-06-08,False,0.19874915775505717,0.002531175575975195,0.7987196666690307,0.0,0.0,0.0,0.19915131552321869,0.002496818278341028,0.7983518661985033,0.19915131552321869,0.002496818278341028,0.7983518661985033
2020-06-09,,,2020-06-09,False,0.19915131552321869,0.002496818278341028,0.7983518661985033,0.0,0.0,0.0,0.19724766420354983,0.0025242343884719592,0.8002281014080415,0.19724766420354983,0.0025242343884719592,0.8002281014080415
2020-06-10,,,2020-06-10,False,0.19724766420354983,0.0025242343884719592,0.8002281014080415,0.0,0.0,0.0,0.19833897100749465,0.0025336733677875875,0.799127355624781,0.19833897100749465,0.0025336733677875875,0.799127355624781
2020-06-11,,,2020-06-11,False,0.19833897100749465,0.0025336733677875875,0.799127355624781,0.0,0.0,0.0,0.19495261063914707,0.002576379032992533,0.8024710103279239,0.19495261063914707,0.002576379032992533,0.8024710103279239
2020-06-12,,,2020-06-12,False,0.19495261063914707,0.002576379032992533,0.8024710103279239,0.0,0.0,0.0,0.19607396478615874,0.002577092257580852,0.8013489429563238,0.19607396478615874,0.002577092257580852,0.8013489429563238
2020-06-15,,,2020-06-15,False,0.19607396478615874,0.002577092257580852,0.8013489429563238,0.0,0.0,0.0,0.1935544574992344,0.0025611255158986125,0.8038844169849305,0.1935544574992344,0.0025611255158986125,0.8038844169849305
2020-06-16,,,2020-06-16,False,0.1935544574992344,0.0025611255158986125,0.8038844169849305,0.0,0.0,0.0,0.1951413195834463,0.0025831582467991158,0.802275522169818,0.1951413195834463,0.0025831582467991158,0.802275522169818
2020-06-17,,,2020-06-17,False,0.1951413195834463,0.0025831582467991158,0.802275522169818,0.0,0.0,0.0,0.19462444360698958,0.0025725281710677447,0.8028030282220061,0.19462444360698958,0.0025725281710677447,0.8028030282220061
2020-06-18,,,2020-06-18,False,0.19462444360698958,0.0025725281710677447,0.8028030282220061,0.0,0.0,0.0,0.19794752724588693,0.002573563003140192,0.7994789097510361,0.19794752724588693,0.002573563003140192,0.7994789097510361
2020-06-19,,,2020-06-19,False,0.19794752724588693,0.002573563003140192,0.7994789097510361,0.0,0.0,0.0,0.20034317290524223,0.002559739137189274,0.7970970879576316,0.20034317290524223,0.002559739137189274,0.7970970879576316
2020-06-22,,,2020-06-22,False,0.20034317290524223,0.002559739137189274,0.7970970879576316,0.0,0.0,0.0,0.2013796669733083,0.002589997452294695,0.79603033557446,0.2013796669733083,0.002589997452294695,0.79603033557446
2020-06-23,,,2020-06-23,False,0.2013796669733083,0.002589997452294695,0.79603033557446,0.0,0.0,0.0,0.20386673817347525,0.002577696009452626,0.7935555658171349,0.20386673817347525,0.002577696009452626,0.7935555658171349
2020-06-24,,,2020-06-24,False,0.20386673817347525,0.002577696009452626,0.7935555658171349,0.0,0.0,0.0,0.20128257199670385,0.0026153430826951576,0.796102084920664,0.20128257199670385,0.0026153430826951576,0.796102084920664
2020-06-25,,,2020-06-25,False,0.20128257199670385,0.0026153430826951576,0.796102084920664,0.0,0.0,0.0,0.20103145446502985,0.002592348197392071,0.7963761973376411,0.20103145446502985,0.002592348197392071,0.7963761973376411
2020-06-26,,,2020-06-26,False,0.20103145446502985,0.002592348197392071,0.7963761973376411,0.0,0.0,0.0,0.20249747965300305,0.002588810720480993,0.7949137096265789,0.20249747965300305,0.002588810720480993,0.7949137096265789
2020-06-29,,,2020-06-29,False,0.20249747965300305,0.002588810720480993,0.7949137096265789,0.0,0.0,0.0,0.20139742980769118,0.0026021728924680325,0.7960003972999038,0.20139742980769118,0.0026021728924680325,0.7960003972999038
2020-06-30,,,2020-06-30,False,0.20139742980769118,0.0026021728924680325,0.7960003972999038,0.0,0.0,0.0,0.20093594762651015,0.0026061456170397047,0.796457906756513,0.20093594762651015,0.0026061456170397047,0.796457906756513
2020-07-01,,,2020-07-01,False,0.20093594762651015,0.0026061456170397047,0.796457906756513,0.0,0.0,0.0,0.2029202896523181,0.002623389583729441,0.7944563207640152,0.2029202896523181,0.002623389583729441,0.7944563207640152
2020-07-02,2020-07-02,2020-07-02,2020-07-02,True,0.2029202896523181,0.002623389583729441,0.7944563207640152,0.5449701923283218,0.005029811444023606,0.44999999622756326,0.5449701923283218,0.005029811444023606,0.44999999622756326,0.2048117987165277,0.0025710569600565308,0.7926171443234783
2020-07-03,,,2020-07-03,False,0.5449701923283218,0.005029811444023606,0.44999999622756326,0.0,0.0,0.0,0.54627686710909,0.005010670655076569,0.44871246223574257,0.54627686710909,0.005010670655076569,0.44871246223574257
2020-07-06,,,2020-07-06,False,0.54627686710909,0.005010670655076569,0.44871246223574257,0.0,0.0,0.0,0.5498979011809468,0.004978886243044129,0.44512321257591886,0.5498979011809468,0.004978886243044129,0.44512321257591886
2020-07-07,,,2020-07-07,False,0.5498979011809468,0.004978886243044129,0.44512321257591886,0.0,0.0,0.0,0.5507119876939813,0.004987270810780415,0.4443007414951483,0.5507119876939813,0.004987270810780415,0.4443007414951483
2020-07-08,,,2020-07-08,False,0.5507119876939813,0.004987270810780415,0.4443007414951483,0.0,0.0,0.0,0.5485120757912093,0.005080611577730037,0.44640731263097017,0.5485120757912093,0.005080611577730037,0.44640731263097017
2020-07-09,,,2020-07-09,False,0.5485120757912093,0.005080611577730037,0.44640731263097017,0.0,0.0,0.0,0.5509690238285608,0.005090132392051266,0.4439408437792979,0.5509690238285608,0.005090132392051266,0.4439408437792979
2020-07-10,,,2020-07-10,False,0.5509690238285608,0.005090132392051266,0.4439408437792979,0.0,0.0,0.0,0.5499363126625457,0.0050867051964845105,0.4449769821408795,0.5499363126625457,0.0050867051964845105,0.4449769821408795
2020-07-13,,,2020-07-13,False,0.5499363126625457,0.0050867051964845105,0.4449769821408795,0.0,0.0,0.0,0.5507274699901563,0.0050847357339816384,0.44418779427577193,0.5507274699901563,0.0050847357339816384,0.44418779427577193
2020-07-14,,,2020-07-14,False,0.5507274699901563,0.0050847357339816384,0.44418779427577193,0.0,0.0,0.0,0.5462171998987041,0.005119348582369821,0.44866345151883513,0.5462171998987041,0.005119348582369821,0.44866345151883513
2020-07-15,,,2020-07-15,False,0.5462171998987041,0.005119348582369821,0.44866345151883513,0.0,0.0,0.0,0.5464641217024211,0.005128294901798578,0.44840758339568937,0.5464641217024211,0.005128294901798578,0.44840758339568937
2020-07-16,,,2020-07-16,False,0.5464641217024211,0.005128294901798578,0.44840758339568937,0.0,0.0,0.0,0.5492946895896234,0.005084629896507446,0.4456206805137788,0.5492946895896234,0.005084629896507446,0.4456206805137788
2020-07-17,,,2020-07-17,False,0.5492946895896234,0.005084629896507446,0.4456206805137788,0.0,0.0,0.0,0.5530081703369004,0.00501498424612792,0.441976845416882,0.5530081703369004,0.00501498424612792,0.441976845416882
2020-07-20,,,2020-07-20,False,0.5530081703369004,0.00501498424612792,0.441976845416882,0.0,0.0,0.0,0.5557140652372629,0.005006514002097221,0.43927942076055065,0.5557140652372629,0.005006514002097221,0.43927942076055065
2020-07-21,,,2020-07-21,False,0.5557140652372629,0.005006514002097221,0.43927942076055065,0.0,0.0,0.0,0.5588144204374557,0.00499320998252423,0.43619236957993146,0.5588144204374557,0.00499320998252423,0.43619236957993146
2020-07-22,,,2020-07-22,False,0.5588144204374557,0.00499320998252423,0.43619236957993146,0.0,0.0,0.0,0.5581210509457848,0.005071961115914012,0.43680698793821243,0.5581210509457848,0.005071961115914012,0.43680698793821243
2020-07-23,,,2020-07-23,False,0.5581210509457848,0.005071961115914012,0.43680698793821243,0.0,0.0,0.0,0.5599088995829987,0.005121983117179838,0.4349691172997329,0.5599088995829987,0.005121983117179838,0.4349691172997329
2020-07-24,,,2020-07-24,False,0.5599088995829987,0.005121983117179838,0.4349691172997329,0.0,0.0,0.0,0.5594108679602827,0.005175555430516324,0.4354135766091123,0.5594108679602827,0.005175555430516324,0.4354135766091123
2020-07-27,,,2020-07-27,False,0.5594108679602827,0.005175555430516324,0.4354135766091123,0.0,0.0,0.0,0.5579375851660082,0.005367640595244733,0.43669477423865805,0.5579375851660082,0.005367640595244733,0.43669477423865805
2020-07-28,,,2020-07-28,False,0.5579375851660082,0.005367640595244733,0.43669477423865805,0.0,0.0,0.0,0.561673478160259,0.005272468979491007,0.43305405286016174,0.561673478160259,0.005272468979491007,0.43305405286016174
2020-07-29,,,2020-07-29,False,0.561673478160259,0.005272468979491007,0.43305405286016174,0.0,0.0,0.0,0.559499224617458,0.005356587033230954,0.43514418834922236,0.559499224617458,0.005356587033230954,0.43514418834922236
2020-07-30,,,2020-07-30,False,0.559499224617458,0.005356587033230954,0.43514418834922236,0.0,0.0,0.0,0.557270734997291,0.005387115428329886,0.43734214957429013,0.557270734997291,0.005387115428329886,0.43734214957429013
2020-07-31,2020-07-31,2020-07-31,2020-07-31,True,0.557270734997291,0.005387115428329886,0.43734214957429013,0.5449687840803997,0.005031227694304704,0.4499999882251717,0.5449687840803997,0.005031227694304704,0.4499999882251717,0.5560928575328675,0.005457973279371789,0.43844916918767163
2020-08-03,,,2020-08-03,False,0.5449687840803997,0.005031227694304704,0.4499999882251717,0.0,0.0,0.0,0.5408533963899955,0.005092756900739155,0.4540538467091403,0.5408533963899955,0.005092756900739155,0.4540538467091403
2020-08-04,,,2020-08-04,False,0.5408533963899955,0.005092756900739155,0.4540538467091403,0.0,0.0,0.0,0.5454494653645258,0.005038564934446795,0.4495119697009037,0.5454494653645258,0.005038564934446795,0.4495119697009037
2020-08-05,,,2020-08-05,False,0.5454494653645258,0.005038564934446795,0.4495119697009037,0.0,0.0,0.0,0.5455197664349779,0.005169516602220791,0.44931071696267755,0.5455197664349779,0.005169516602220791,0.44931071696267755
2020-08-06,,,2020-08-06,False,0.5455197664349779,0.005169516602220791,0.44931071696267755,0.0,0.0,0.0,0.5476887344110325,0.005185785585613452,0.447125480003231,0.5476887344110325,0.005185785585613452,0.447125480003231
2020-08-07,,,2020-08-07,False,0.5476887344110325,0.005185785585613452,0.447125480003231,0.0,0.0,0.0,0.5479802743437808,0.0052107275596120686,0.44680899809648406,0.5479802743437808,0.0052107275596120686,0.44680899809648406
2020-08-10,,,2020-08-10,False,0.5479802743437808,0.0052107275596120686,0.44680899809648406,0.0,0.0,0.0,0.5492582818854894,0.005115499044951675,0.4456262190694362,0.5492582818854894,0.005115499044951675,0.4456262190694362
2020-08-11,,,2020-08-11,False,0.5492582818854894,0.005115499044951675,0.4456262190694362,0.0,0.0,0.0,0.5504691652005878,0.004987093734528295,0.44454374106476174,0.5504691652005878,0.004987093734528295,0.44454374106476174
2020-08-12,,,2020-08-12,False,0.5504691652005878,0.004987093734528295,0.44454374106476174,0.0,0.0,0.0,0.5502548581986066,0.004820416193504949,0.44492472560776614,0.5502548581986066,0.004820416193504949,0.44492472560776614
2020-08-13,,,2020-08-13,False,0.5502548581986066,0.004820416193504949,0.44492472560776614,0.0,0.0,0.0,0.5500652682642186,0.0048548703190682205,0.4450798614165908,0.5500652682642186,0.0048548703190682205,0.4450798614165908
2020-08-14,,,2020-08-14,False,0.5500652682642186,0.0048548703190682205,0.4450798614165908,0.0,0.0,0.0,0.5473546095675255,0.00491873467264475,0.4477266557597067,0.5473546095675255,0.00491873467264475,0.4477266557597067
2020-08-17,,,2020-08-17,False,0.5473546095675255,0.00491873467264475,0.4477266557597067,0.0,0.0,0.0,0.5488844890497653,0.004884362253680562,0.44623114869643143,0.5488844890497653,0.004884362253680562,0.44623114869643143
2020-08-18,,,2020-08-18,False,0.5488844890497653,0.004884362253680562,0.44623114869643143,0.0,0.0,0.0,0.5518404360132106,0.00497297000442313,0.44318659398224425,0.5518404360132106,0.00497297000442313,0.44318659398224425
2020-08-19,,,2020-08-19,False,0.5518404360132106,0.00497297000442313,0.44318659398224425,0.0,0.0,0.0,0.5523655249659537,0.00492249351781141,0.442711981516113,0.5523655249659537,0.00492249351781141,0.442711981516113
2020-08-20,,,2020-08-20,False,0.5523655249659537,0.00492249351781141,0.442711981516113,0.0,0.0,0.0,0.5503379982277433,0.00481952508984305,0.4448424766822912,0.5503379982277433,0.00481952508984305,0.4448424766822912
2020-08-21,,,2020-08-21,False,0.5503379982277433,0.00481952508984305,0.4448424766822912,0.0,0.0,0.0,0.5516313562872486,0.004809825804988579,0.4435588179076407,0.5516313562872486,0.004809825804988579,0.4435588179076407
2020-08-24,,,2020-08-24,False,0.5516313562872486,0.004809825804988579,0.4435588179076407,0.0,0.0,0.0,0.5537001382906046,0.004764888796771873,0.44153497291250204,0.5537001382906046,0.004764888796771873,0.44153497291250204
2020-08-25,,,2020-08-25,False,0.5537001382906046,0.004764888796771873,0.44153497291250204,0.0,0.0,0.0,0.5538556895540075,0.004704139264511597,0.4414401711813593,0.5538556895540075,0.004704139264511597,0.4414401711813593
2020-08-26,,,2020-08-26,False,0.5538556895540075,0.004704139264511597,0.4414401711813593,0.0,0.0,0.0,0.5555230493678632,0.004673141063132583,0.43980380956888315,0.5555230493678632,0.004673141063132583,0.43980380956888315
2020-08-27,,,2020-08-27,False,0.5555230493678632,0.004673141063132583,0.43980380956888315,0.0,0.0,0.0,0.5557147828347841,0.004696916191918029,0.43958830097317686,0.5557147828347841,0.004696916191918029,0.43958830097317686
2020-08-28,,,2020-08-28,False,0.5557147828347841,0.004696916191918029,0.43958830097317686,0.0,0.0,0.0,0.5575909805113668,0.004682217285892284,0.4377268022026205,0.5575909805113668,0.004682217285892284,0.4377268022026205
2020-08-31,2020-08-31,2020-08-31,2020-08-31,True,0.5575909805113668,0.004682217285892284,0.4377268022026205,0.5449770834314079,0.005023019939557611,0.44999989662872913,0.5449770834314079,0.005023019939557611,0.44999989662872913,0.5515904642401248,0.00476283577151819,0.4436466999882352
2020-09-01,,,2020-09-01,False,0.5449770834314079,0.005023019939557611,0.44999989662872913,0.0,0.0,0.0,0.5467647200427141,0.005016381499274632,0.4482188984577071,0.5467647200427141,0.005016381499274632,0.4482188984577071
2020-09-02,,,2020-09-02,False,0.5467647200427141,0.005016381499274632,0.4482188984577071,0.0,0.0,0.0,0.5481870699077602,0.0049505931555588615,0.4468623369363778,0.5481870699077602,0.0049505931555588615,0.4468623369363778
2020-09-03,,,2020-09-03,False,0.5481870699077602,0.0049505931555588615,0.4468623369363778,0.0,0.0,0.0,0.5480586799695042,0.0048910418314739475,0.4470502781987185,0.5480586799695042,0.0048910418314739475,0.4470502781987185
2020-09-04,,,2020-09-04,False,0.5480586799695042,0.0048910418314739475,0.4470502781987185,0.0,0.0,0.0,0.5438432227120331,0.00496742840552713,0.4511893488821336,0.5438432227120331,0.00496742840552713,0.4511893488821336
2020-09-07,,,2020-09-07,False,0.5438432227120331,0.00496742840552713,0.4511893488821336,0.0,0.0,0.0,0.5443025657640475,0.004965670659700505,0.45073176357594624,0.5443025657640475,0.004965670659700505,0.45073176357594624
2020-09-08,,,2020-09-08,False,0.5443025657640475,0.004965670659700505,0.45073176357594624,0.0,0.0,0.0,0.5434733307685323,0.004982403420166698,0.45154426581099466,0.5434733307685323,0.004982403420166698,0.45154426581099466
2020-09-09,,,2020-09-09,False,0.5434733307685323,0.004982403420166698,0.45154426581099466,0.0,0.0,0.0,0.5426017849227797,0.005005134092567803,0.45239308098434566,0.5426017849227797,0.005005134092567803,0.45239308098434566
2020-09-10,,,2020-09-10,False,0.5426017849227797,0.005005134092567803,0.45239308098434566,0.0,0.0,0.0,0.546325046381537,0.004995030875434731,0.44867992274272384,0.546325046381537,0.004995030875434731,0.44867992274272384
2020-09-11,,,2020-09-11,False,0.546325046381537,0.004995030875434731,0.44867992274272384,0.0,0.0,0.0,0.5466544740920092,0.004985896770205529,0.448359629137481,0.5466544740920092,0.004985896770205529,0.448359629137481
2020-09-14,,,2020-09-14,False,0.5466544740920092,0.004985896770205529,0.448359629137481,0.0,0.0,0.0,0.5461372598269641,0.004976332166888275,0.44888640800584284,0.5461372598269641,0.004976332166888275,0.44888640800584284
2020-09-15,,,2020-09-15,False,0.5461372598269641,0.004976332166888275,0.44888640800584284,0.0,0.0,0.0,0.5478672807298226,0.005015015766615746,0.4471177035032583,0.5478672807298226,0.005015015766615746,0.4471177035032583
2020-09-16,,,2020-09-16,False,0.5478672807298226,0.005015015766615746,0.4471177035032583,0.0,0.0,0.0,0.5496526118765718,0.004975744086544635,0.44537164403658136,0.5496526118765718,0.004975744086544635,0.44537164403658136
2020-09-17,,,2020-09-17,False,0.5496526118765718,0.004975744086544635,0.44537164403658136,0.0,0.0,0.0,0.5477820847279298,0.004952852482857499,0.4472650627889092,0.5477820847279298,0.004952852482857499,0.4472650627889092
2020-09-18,,,2020-09-18,False,0.5477820847279298,0.004952852482857499,0.4472650627889092,0.0,0.0,0.0,0.5475192142983747,0.004992729699261291,0.4474880560020604,0.5475192142983747,0.004992729699261291,0.4474880560020604
2020-09-21,,,2020-09-21,False,0.5475192142983747,0.004992729699261291,0.4474880560020604,0.0,0.0,0.0,0.5419932869323076,0.0050184108003012515,0.4529883022670837,0.5419932869323076,0.0050184108003012515,0.4529883022670837
2020-09-22,,,2020-09-22,False,0.5419932869323076,0.0050184108003012515,0.4529883022670837,0.0,0.0,0.0,0.5398924080655911,0.004959468322698294,0.4551481236114018,0.5398924080655911,0.004959468322698294,0.4551481236114018
2020-09-23,,,2020-09-23,False,0.5398924080655911,0.004959468322698294,0.4551481236114018,0.0,0.0,0.0,0.5394233010492685,0.00493345449840764,0.4556432444520148,0.5394233010492685,0.00493345449840764,0.4556432444520148
2020-09-24,,,2020-09-24,False,0.5394233010492685,0.00493345449840764,0.4556432444520148,0.0,0.0,0.0,0.5320613895516411,0.004942397702667829,0.46299621274537706,0.5320613895516411,0.004942397702667829,0.46299621274537706
2020-09-25,,,2020-09-25,False,0.5320613895516411,0.004942397702667829,0.46299621274537706,0.0,0.0,0.0,0.5376142760437571,0.004912673190633328,0.4574730507652992,0.5376142760437571,0.004912673190633328,0.4574730507652992
2020-09-28,,,2020-09-28,False,0.5376142760437571,0.004912673190633328,0.4574730507652992,0.0,0.0,0.0,0.5415898397272391,0.004836233378740438,0.45357392689371284,0.5415898397272391,0.004836233378740438,0.45357392689371284
2020-09-29,2020-09-29,2020-09-29,2020-09-29,True,0.5415898397272391,0.004836233378740438,0.45357392689371284,0.5449757381595155,0.005024273388809268,0.4499999884515461,0.5449757381595155,0.005024273388809268,0.4499999884515461,0.5414251467380153,0.004930794706211093,0.4536440585554659
2020-09-30,,,2020-09-30,False,0.5449757381595155,0.005024273388809268,0.4499999884515461,0.0,0.0,0.0,0.5450211342592766,0.005016863257756333,0.4499620024828383,0.5450211342592766,0.005016863257756333,0.4499620024828383
2020-10-01,,,2020-10-01,False,0.5450211342592766,0.005016863257756333,0.4499620024828383,0.0,0.0,0.0,0.5487304170097668,0.0049670511626163155,0.44630253182748925,0.5487304170097668,0.0049670511626163155,0.44630253182748925
2020-10-05,,,2020-10-05,False,0.5487304170097668,0.0049670511626163155,0.44630253182748925,0.0,0.0,0.0,0.5505916672106458,0.004955439301185631,0.4444528934880413,0.5505916672106458,0.004955439301185631,0.4444528934880413
2020-10-06,,,2020-10-06,False,0.5505916672106458,0.004955439301185631,0.4444528934880413,0.0,0.0,0.0,0.5539605326734784,0.004965628636631197,0.4410738386897641,0.5539605326734784,0.004965628636631197,0.4410738386897641
2020-10-07,,,2020-10-07,False,0.5539605326734784,0.004965628636631197,0.4410738386897641,0.0,0.0,0.0,0.5556176443963688,0.004874841594541713,0.4395075140089637,0.5556176443963688,0.004874841594541713,0.4395075140089637
2020-10-08,,,2020-10-08,False,0.5556176443963688,0.004874841594541713,0.4395075140089637,0.0,0.0,0.0,0.5576194178423208,0.004858342484968265,0.43752223967258586,0.5576194178423208,0.004858342484968265,0.43752223967258586
2020-10-09,,,2020-10-09,False,0.5576194178423208,0.004858342484968265,0.43752223967258586,0.0,0.0,0.0,0.5592452156022067,0.004883953271609781,0.4358708311260588,0.5592452156022067,0.004883953271609781,0.4358708311260588
2020-10-12,,,2020-10-12,False,0.5592452156022067,0.004883953271609781,0.4358708311260588,0.0,0.0,0.0,0.5595700796330689,0.004922793903954256,0.43550712646285233,0.5595700796330689,0.004922793903954256,0.43550712646285233
2020-10-13,,,2020-10-13,False,0.5595700796330689,0.004922793903954256,0.43550712646285233,0.0,0.0,0.0,0.5596476988484766,0.004914319986281334,0.4354379811651176,0.5596476988484766,0.004914319986281334,0.4354379811651176
2020-10-14,,,2020-10-14,False,0.5596476988484766,0.004914319986281334,0.4354379811651176,0.0,0.0,0.0,0.5604336039909027,0.004843661493968687,0.4347227345150043,0.5604336039909027,0.004843661493968687,0.4347227345150043
2020-10-15,,,2020-10-15,False,0.5604336039909027,0.004843661493968687,0.4347227345150043,0.0,0.0,0.0,0.5543596071026142,0.0049270910288381434,0.4407133018684216,0.5543596071026142,0.0049270910288381434,0.4407133018684216
2020-10-16,,,2020-10-16,False,0.5543596071026142,0.0049270910288381434,0.4407133018684216,0.0,0.0,0.0,0.5560776285674028,0.004928913300715123,0.43899345813175666,0.5560776285674028,0.004928913300715123,0.43899345813175666
2020-10-19,,,2020-10-19,False,0.5560776285674028,0.004928913300715123,0.43899345813175666,0.0,0.0,0.0,0.5583848326929169,0.004906565656451337,0.436708601650507,0.5583848326929169,0.004906565656451337,0.436708601650507
2020-10-20,,,2020-10-20,False,0.5583848326929169,0.004906565656451337,0.436708601650507,0.0,0.0,0.0,0.558885054947248,0.0048923499066589275,0.4362225951459684,0.558885054947248,0.0048923499066589275,0.4362225951459684
2020-10-21,,,2020-10-21,False,0.558885054947248,0.0048923499066589275,0.4362225951459684,0.0,0.0,0.0,0.5597084385890813,0.004921247431760341,0.435370313979034,0.5597084385890813,0.004921247431760341,0.435370313979034
2020-10-22,,,2020-10-22,False,0.5597084385890813,0.004921247431760341,0.435370313979034,0.0,0.0,0.0,0.558856276168144,0.004930772261425577,0.4362129515703057,0.558856276168144,0.004930772261425577,0.4362129515703057
2020-10-23,,,2020-10-23,False,0.558856276168144,0.004930772261425577,0.4362129515703057,0.0,0.0,0.0,0.5595662836375198,0.004907620557215716,0.43552609580513985,0.5595662836375198,0.004907620557215716,0.43552609580513985
2020-10-26,,,2020-10-26,False,0.5595662836375198,0.004907620557215716,0.43552609580513985,0.0,0.0,0.0,0.5561851302384928,0.004934291156135844,0.43888057860524576,0.5561851302384928,0.004934291156135844,0.43888057860524576
2020-10-27,,,2020-10-27,False,0.5561851302384928,0.004934291156135844,0.43888057860524576,0.0,0.0,0.0,0.558724156864548,0.004902795594981114,0.43637304754034595,0.558724156864548,0.004902795594981114,0.43637304754034595
2020-10-28,,,2020-10-28,False,0.558724156864548,0.004902795594981114,0.43637304754034595,0.0,0.0,0.0,0.5553797351288191,0.004949829065360839,0.4396704358056941,0.5553797351288191,0.004949829065360839,0.4396704358056941
2020-10-29,2020-10-29,2020-10-29,2020-10-29,True,0.5553797351288191,0.004949829065360839,0.4396704358056941,0.19749010289660404,0.002509970141111302,0.7999999269624254,0.19749010289660404,0.002509970141111302,0.7999999269624254,0.5537179626255812,0.004930974232180704,0.441351063142112
2020-10-30,,,2020-10-30,False,0.19749010289660404,0.002509970141111302,0.7999999269624254,0.0,0.0,0.0,0.19710459236271363,0.002509482607857622,0.8003859250295695,0.19710459236271363,0.002509482607857622,0.8003859250295695
2020-11-02,,,2020-11-02,False,0.19710459236271363,0.002509482607857622,0.8003859250295695,0.0,0.0,0.0,0.1974646860121661,0.0025252826025527735,0.8000100313854218,0.1974646860121661,0.0025252826025527735,0.8000100313854218
2020-11-03,,,2020-11-03,False,0.1974646860121661,0.0025252826025527735,0.8000100313854218,0.0,0.0,0.0,0.1994198547452247,0.002529286615250072,0.7980508586396656,0.1994198547452247,0.002529286615250072,0.7980508586396656
2020-11-04,,,2020-11-04,False,0.1994198547452247,0.002529286615250072,0.7980508586396656,0.0,0.0,0.0,0.20070120829446708,0.002527486012009504,0.7967713056936636,0.20070120829446708,0.002527486012009504,0.7967713056936636
2020-11-05,,,2020-11-05,False,0.20070120829446708,0.002527486012009504,0.7967713056936636,0.0,0.0,0.0,0.20354331523810273,0.0025229778656079304,0.7939337068964291,0.20354331523810273,0.0025229778656079304,0.7939337068964291
2020-11-06,,,2020-11-06,False,0.20354331523810273,0.0025229778656079304,0.7939337068964291,0.0,0.0,0.0,0.20544679508323474,0.0025554858400558093,0.7919977190768488,0.20544679508323474,0.0025554858400558093,0.7919977190768488
2020-11-09,,,2020-11-09,False,0.20544679508323474,0.0025554858400558093,0.7919977190768488,0.0,0.0,0.0,0.20806277352824237,0.002559292096106311,0.7893779343757903,0.20806277352824237,0.002559292096106311,0.7893779343757903
2020-11-10,,,2020-11-10,False,0.20806277352824237,0.002559292096106311,0.7893779343757903,0.0,0.0,0.0,0.21032835044623174,0.0024493006936592717,0.7872223488602477,0.21032835044623174,0.0024493006936592717,0.7872223488602477
2020-11-11,,,2020-11-11,False,0.21032835044623174,0.0024493006936592717,0.7872223488602477,0.0,0.0,0.0,0.2118750013834309,0.0024566935200438424,0.7856683050966636,0.2118750013834309,0.0024566935200438424,0.7856683050966636
2020-11-12,,,2020-11-12,False,0.2118750013834309,0.0024566935200438424,0.7856683050966636,0.0,0.0,0.0,0.21110929897820063,0.0024624078824377785,0.7864282931395001,0.21110929897820063,0.0024624078824377785,0.7864282931395001
2020-11-13,,,2020-11-13,False,0.21110929897820063,0.0024624078824377785,0.7864282931395001,0.0,0.0,0.0,0.2114890035114533,0.002465632236754495,0.7860453642519306,0.2114890035114533,0.002465632236754495,0.7860453642519306
2020-11-14,,,2020-11-14,False,0.2114890035114533,0.002465632236754495,0.7860453642519306,0.0,0.0,0.0,0.21148465228250463,0.0024861557644380826,0.7860291919531958,0.21148465228250463,0.0024861557644380826,0.7860291919531958
2020-11-17,,,2020-11-17,False,0.21148465228250463,0.0024861557644380826,0.7860291919531958,0.0,0.0,0.0,0.2135040694477604,0.0024687306340966443,0.784027199918281,0.2135040694477604,0.0024687306340966443,0.784027199918281
2020-11-18,,,2020-11-18,False,0.2135040694477604,0.0024687306340966443,0.784027199918281,0.0,0.0,0.0,0.21434424144514186,0.0024478918448873114,0.7832078667101087,0.21434424144514186,0.0024478918448873114,0.7832078667101087
2020-11-19,,,2020-11-19,False,0.21434424144514186,0.0024478918448873114,0.7832078667101087,0.0,0.0,0.0,0.21217288636440432,0.0024352462722156756,0.7853918673635182,0.21217288636440432,0.0024352462722156756,0.7853918673635182
2020-11-20,,,2020-11-20,False,0.21217288636440432,0.0024352462722156756,0.7853918673635182,0.0,0.0,0.0,0.2133146950580701,0.0024306106263383797,0.7842546943157296,0.2133146950580701,0.0024306106263383797,0.7842546943157296
2020-11-23,,,2020-11-23,False,0.2133146950580701,0.0024306106263383797,0.7842546943157296,0.0,0.0,0.0,0.21419246179988183,0.0024317658982762843,0.7833757723019799,0.21419246179988183,0.0024317658982762843,0.7833757723019799
2020-11-24,,,2020-11-24,False,0.21419246179988183,0.0024317658982762843,0.7833757723019799,0.0,0.0,0.0,0.21587955798381686,0.0023659231738771117,0.7817545188424436,0.21587955798381686,0.0023659231738771117,0.7817545188424436
2020-11-25,,,2020-11-25,False,0.21587955798381686,0.0023659231738771117,0.7817545188424436,0.0,0.0,0.0,0.21332131651839742,0.0023681104456859878,0.7843105730360547,0.21332131651839742,0.0023681104456859878,0.7843105730360547
2020-11-26,,,2020-11-26,False,0.21332131651839742,0.0023681104456859878,0.7843105730360547,0.0,0.0,0.0,0.21499127312203026,0.0023774108827827574,0.7826313159953248,0.21499127312203026,0.0023774108827827574,0.7826313159953248
2020-11-27,2020-11-27,2020-11-27,2020-11-27,True,0.21499127312203026,0.0023774108827827574,0.7826313159953248,0.5449820940300437,0.005019539461769477,0.4499983665079161,0.5449820940300437,0.005019539461769477,0.4499983665079161,0.21444026664227622,0.0023690880880164406,0.7831906452698449
2020-12-01,,,2020-12-01,False,0.5449820940300437,0.005019539461769477,0.4499983665079161,0.0,0.0,0.0,0.5476828185919796,0.004926433175714364,0.4473907482320368,0.5476828185919796,0.004926433175714364,0.4473907482320368
2020-12-02,,,2020-12-02,False,0.5476828185919796,0.004926433175714364,0.4473907482320368,0.0,0.0,0.0,0.5477371734283316,0.004988045513014117,0.44727478105838525,0.5477371734283316,0.004988045513014117,0.44727478105838525
2020-12-03,,,2020-12-03,False,0.5477371734283316,0.004988045513014117,0.44727478105838525,0.0,0.0,0.0,0.5481021910837895,0.005011637923800535,0.44688617099214123,0.5481021910837895,0.005011637923800535,0.44688617099214123
2020-12-04,,,2020-12-04,False,0.5481021910837895,0.005011637923800535,0.44688617099214123,0.0,0.0,0.0,0.5504388726261361,0.004984528803479925,0.4445765985701166,0.5504388726261361,0.004984528803479925,0.4445765985701166
2020-12-07,,,2020-12-07,False,0.5504388726261361,0.004984528803479925,0.4445765985701166,0.0,0.0,0.0,0.5522648155227929,0.004930077792187389,0.4428051066847533,0.5522648155227929,0.004930077792187389,0.4428051066847533
2020-12-08,,,2020-12-08,False,0.5522648155227929,0.004930077792187389,0.4428051066847533,0.0,0.0,0.0,0.5529155643567968,0.004988942152918512,0.4420954934900188,0.5529155643567968,0.004988942152918512,0.4420954934900188
2020-12-09,,,2020-12-09,False,0.5529155643567968,0.004988942152918512,0.4420954934900188,0.0,0.0,0.0,0.5554271555998671,0.00494285481447313,0.43962998958539545,0.5554271555998671,0.00494285481447313,0.43962998958539545
2020-12-10,,,2020-12-10,False,0.5554271555998671,0.00494285481447313,0.43962998958539545,0.0,0.0,0.0,0.5545292605690628,0.004892664138428771,0.44057807529224347,0.5545292605690628,0.004892664138428771,0.44057807529224347
2020-12-11,,,2020-12-11,False,0.5545292605690628,0.004892664138428771,0.44057807529224347,0.0,0.0,0.0,0.5551760404778666,0.004892357604225588,0.43993160191764336,0.5551760404778666,0.004892357604225588,0.43993160191764336
2020-12-14,,,2020-12-14,False,0.5551760404778666,0.004892357604225588,0.43993160191764336,0.0,0.0,0.0,0.5559936695002783,0.004866402554521367,0.43913992794493645,0.5559936695002783,0.004866402554521367,0.43913992794493645
2020-12-15,,,2020-12-15,False,0.5559936695002783,0.004866402554521367,0.43913992794493645,0.0,0.0,0.0,0.5561536739718502,0.004894039244821629,0.43895228678306436,0.5561536739718502,0.004894039244821629,0.43895228678306436
2020-12-16,,,2020-12-16,False,0.5561536739718502,0.004894039244821629,0.43895228678306436,0.0,0.0,0.0,0.5582010329174706,0.00492883784355568,0.4368701292387113,0.5582010329174706,0.00492883784355568,0.4368701292387113
2020-12-17,,,2020-12-17,False,0.5582010329174706,0.00492883784355568,0.4368701292387113,0.0,0.0,0.0,0.559222361929437,0.00495559535817172,0.4358220427121296,0.559222361929437,0.00495559535817172,0.4358220427121296
2020-12-18,,,2020-12-18,False,0.559222361929437,0.00495559535817172,0.4358220427121296,0.0,0.0,0.0,0.5595743471954526,0.004958364862305521,0.4354672879419802,0.5595743471954526,0.004958364862305521,0.4354672879419802
2020-12-21,,,2020-12-21,False,0.5595743471954526,0.004958364862305521,0.4354672879419802,0.0,0.0,0.0,0.5516687429222983,0.005096434051402677,0.4432348230260327,0.5516687429222983,0.005096434051402677,0.4432348230260327
2020-12-22,,,2020-12-22,False,0.5516687429222983,0.005096434051402677,0.4432348230260327,0.0,0.0,0.0,0.5542449187102824,0.005015010930853451,0.44074007035859936,0.5542449187102824,0.005015010930853451,0.44074007035859936
2020-12-23,,,2020-12-23,False,0.5542449187102824,0.005015010930853451,0.44074007035859936,0.0,0.0,0.0,0.5567119825559349,0.0049737137886674675,0.43831430365513413,0.5567119825559349,0.0049737137886674675,0.43831430365513413
2020-12-24,,,2020-12-24,False,0.5567119825559349,0.0049737137886674675,0.43831430365513413,0.0,0.0,0.0,0.5593718751075021,0.004960644317373816,0.4356674805748623,0.5593718751075021,0.004960644317373816,0.4356674805748623
2020-12-28,,,2020-12-28,False,0.5593718751075021,0.004960644317373816,0.4356674805748623,0.0,0.0,0.0,0.5615775885328983,0.0049492534573432655,0.4334731580094979,0.5615775885328983,0.0049492534573432655,0.4334731580094979
2020-12-29,,,2020-12-29,False,0.5615775885328983,0.0049492534573432655,0.4334731580094979,0.0,0.0,0.0,0.562637510836429,0.004918312928895724,0.4324441762344154,0.562637510836429,0.004918312928895724,0.4324441762344154
2020-12-30,2020-12-30,2020-12-30,2020-12-30,True,0.562637510836429,0.004918312928895724,0.4324441762344154,0.6499999947810834,0.3499999996668607,5.552070633947415e-09,0.6499999947810834,0.3499999996668607,5.552070633947415e-09,0.5635137359838479,0.004897348369089343,0.43158891564680324
2020-12-31,,,2020-12-31,False,0.6499999947810834,0.3499999996668607,5.552070633947415e-09,0.0,0.0,0.0,0.6491105047677926,0.3508894896772425,5.554979710554611e-09,0.6491105047677926,0.3508894896772425,5.554979710554611e-09
2021-01-01,,,2021-01-01,False,0.6491105047677926,0.3508894896772425,5.554979710554611e-09,0.0,0.0,0.0,0.6493961741847556,0.3506038202724038,5.542855434668094e-09,0.6493961741847556,0.3506038202724038,5.542855434668094e-09
2021-01-04,,,2021-01-04,False,0.6493961741847556,0.3506038202724038,5.542855434668094e-09,0.0,0.0,0.0,0.6475842318804281,0.35241576263699503,5.482591454548727e-09,0.6475842318804281,0.35241576263699503,5.482591454548727e-09
2021-01-05,,,2021-01-05,False,0.6475842318804281,0.35241576263699503,5.482591454548727e-09,0.0,0.0,0.0,0.6463609780100782,0.35363901654336755,5.4465688098639516e-09,0.6463609780100782,0.35363901654336755,5.4465688098639516e-09
2021-01-06,,,2021-01-06,False,0.6463609780100782,0.35363901654336755,5.4465688098639516e-09,0.0,0.0,0.0,0.6445363361294371,0.3554636584189396,5.4516378040292515e-09,0.6445363361294371,0.3554636584189396,5.4516378040292515e-09
2021-01-07,,,2021-01-07,False,0.6445363361294371,0.3554636584189396,5.4516378040292515e-09,0.0,0.0,0.0,0.6482203886432253,0.35177960587053914,5.486250156434372e-09,0.6482203886432253,0.35177960587053914,5.486250156434372e-09
2021-01-08,,,2021-01-08,False,0.6482203886432253,0.35177960587053914,5.486250156434372e-09,0.0,0.0,0.0,0.6545522609913763,0.3454477335497897,5.45884839911826e-09,0.6545522609913763,0.3454477335497897,5.45884839911826e-09
2021-01-11,,,2021-01-11,False,0.6545522609913763,0.3454477335497897,5.45884839911826e-09,0.0,0.0,0.0,0.6608465901830173,0.3391534043579729,5.459024225611311e-09,0.6608465901830173,0.3391534043579729,5.459024225611311e-09
2021-01-12,,,2021-01-12,False,0.6608465901830173,0.3391534043579729,5.459024225611311e-09,0.0,0.0,0.0,0.6610217104320683,0.3389782841370392,5.430907001316625e-09,0.6610217104320683,0.3389782841370392,5.430907001316625e-09
2021-01-13,,,2021-01-13,False,0.6610217104320683,0.3389782841370392,5.430907001316625e-09,0.0,0.0,0.0,0.6618735759583302,0.3381264186042451,5.4374391571871866e-09,0.6618735759583302,0.3381264186042451,5.4374391571871866e-09
2021-01-14,,,2021-01-14,False,0.6618735759583302,0.3381264186042451,5.4374391571871866e-09,0.0,0.0,0.0,0.6642722416008661,0.3357277529535007,5.4456476217668365e-09,0.6642722416008661,0.3357277529535007,5.4456476217668365e-09
2021-01-15,,,2021-01-15,False,0.6642722416008661,0.3357277529535007,5.4456476217668365e-09,0.0,0.0,0.0,0.6600548319153864,0.3399451626128597,5.471768392229472e-09,0.6600548319153864,0.3399451626128597,5.471768392229472e-09
2021-01-18,,,2021-01-18,False,0.6600548319153864,0.3399451626128597,5.471768392229472e-09,0.0,0.0,0.0,0.6602428164806895,0.3397571779875906,5.531734408032114e-09,0.6602428164806895,0.3397571779875906,5.531734408032114e-09
2021-01-19,,,2021-01-19,False,0.6602428164806895,0.3397571779875906,5.531734408032114e-09,0.0,0.0,0.0,0.6626603126859687,0.33733968185376045,5.460284980675986e-09,0.6626603126859687,0.33733968185376045,5.460284980675986e-09
2021-01-20,,,2021-01-20,False,0.6626603126859687,0.33733968185376045,5.460284980675986e-09,0.0,0.0,0.0,0.6635112894594715,0.3364887051194261,5.421116604307244e-09,0.6635112894594715,0.3364887051194261,5.421116604307244e-09
2021-01-21,,,2021-01-21,False,0.6635112894594715,0.3364887051194261,5.421116604307244e-09,0.0,0.0,0.0,0.6614868748904146,0.3385131196848905,5.424709052780973e-09,0.6614868748904146,0.3385131196848905,5.424709052780973e-09
2021-01-22,,,2021-01-22,False,0.6614868748904146,0.3385131196848905,5.424709052780973e-09,0.0,0.0,0.0,0.6590391617807264,0.3409608327324466,5.486841259095583e-09,0.6590391617807264,0.3409608327324466,5.486841259095583e-09
2021-01-25,,,2021-01-25,False,0.6590391617807264,0.3409608327324466,5.486841259095583e-09,0.0,0.0,0.0,0.6582586021426656,0.34174139232587314,5.531475697436244e-09,0.6582586021426656,0.34174139232587314,5.531475697436244e-09
2021-01-27,,,2021-01-27,False,0.6582586021426656,0.34174139232587314,5.531475697436244e-09,0.0,0.0,0.0,0.6551350836964427,0.3448649106913149,5.6122569869490314e-09,0.6551350836964427,0.3448649106913149,5.6122569869490314e-09
2021-01-28,,,2021-01-28,False,0.6551350836964427,0.3448649106913149,5.6122569869490314e-09,0.0,0.0,0.0,0.6527989092537785,0.34720108509330433,5.652931897694499e-09,0.6527989092537785,0.34720108509330433,5.652931897694499e-09
2021-01-29,2021-01-29,2021-01-29,2021-01-29,True,0.6527989092537785,0.34720108509330433,5.652931897694499e-09,0.6499998072136539,0.3499999984069091,1.9437933632727283e-07,0.6499998072136539,0.3499999984069091,1.9437933632727283e-07,0.6491838523477338,0.3508161419444757,5.707805314866776e-09
2021-02-01,,,2021-02-01,False,0.6499998072136539,0.3499999984069091,1.9437933632727283e-07,0.0,0.0,0.0,0.6621000310619136,0.33789977990475767,1.8903323092305056e-07,0.6621000310619136,0.33789977990475767,1.8903323092305056e-07
2021-02-02,,,2021-02-02,False,0.6621000310619136,0.33789977990475767,1.8903323092305056e-07,0.0,0.0,0.0,0.6699558882083326,0.3300439253032698,1.864883009817051e-07,0.6699558882083326,0.3300439253032698,1.864883009817051e-07
2021-02-03,,,2021-02-03,False,0.6699558882083326,0.3300439253032698,1.864883009817051e-07,0.0,0.0,0.0,0.6732984559021941,0.326701358479678,1.8561803173539432e-07,0.6732984559021941,0.326701358479678,1.8561803173539432e-07
2021-02-04,,,2021-02-04,False,0.6732984559021941,0.326701358479678,1.8561803173539432e-07,0.0,0.0,0.0,0.6767630529288734,0.32323676181989763,1.8525113294247312e-07,0.6767630529288734,0.32323676181989763,1.8525113294247312e-07
2021-02-05,,,2021-02-05,False,0.6767630529288734,0.32323676181989763,1.8525113294247312e-07,0.0,0.0,0.0,0.6782420330746661,0.32175778162503776,1.853001999935906e-07,0.6782420330746661,0.32175778162503776,1.853001999935906e-07
2021-02-08,,,2021-02-08,False,0.6782420330746661,0.32175778162503776,1.853001999935906e-07,0.0,0.0,0.0,0.6802274903434024,0.31977232617076834,1.8348573421949278e-07,0.6802274903434024,0.31977232617076834,1.8348573421949278e-07
2021-02-09,,,2021-02-09,False,0.6802274903434024,0.31977232617076834,1.8348573421949278e-07,0.0,0.0,0.0,0.6771431548147111,0.32285666245285666,1.827323376409693e-07,0.6771431548147111,0.32285666245285666,1.827323376409693e-07
2021-02-10,,,2021-02-10,False,0.6771431548147111,0.32285666245285666,1.827323376409693e-07,0.0,0.0,0.0,0.6775731479695088,0.3224266691462608,1.8288413565128906e-07,0.6775731479695088,0.3224266691462608,1.8288413565128906e-07
2021-02-11,,,2021-02-11,False,0.6775731479695088,0.3224266691462608,1.8288413565128906e-07,0.0,0.0,0.0,0.6785363102128924,0.3214635074491941,1.8233781919760713e-07,0.6785363102128924,0.3214635074491941,1.8233781919760713e-07
2021-02-12,,,2021-02-12,False,0.6785363102128924,0.3214635074491941,1.8233781919760713e-07,0.0,0.0,0.0,0.6813308818042781,0.31866893498609955,1.8320952750908254e-07,0.6813308818042781,0.31866893498609955,1.8320952750908254e-07
2021-02-15,,,2021-02-15,False,0.6813308818042781,0.31866893498609955,1.8320952750908254e-07,0.0,0.0,0.0,0.6835366176529192,0.316463200361402,1.819855845983978e-07,0.6835366176529192,0.316463200361402,1.819855845983978e-07
2021-02-16,,,2021-02-16,False,0.6835366176529192,0.316463200361402,1.819855845983978e-07,0.0,0.0,0.0,0.6826797091905688,0.3173201090389214,1.8177041578328518e-07,0.6826797091905688,0.3173201090389214,1.8177041578328518e-07
2021-02-17,,,2021-02-17,False,0.6826797091905688,0.3173201090389214,1.8177041578328518e-07,0.0,0.0,0.0,0.6855809883015577,0.31441882789870884,1.837996383989775e-07,0.6855809883015577,0.31441882789870884,1.837996383989775e-07
2021-02-18,,,2021-02-18,False,0.6855809883015577,0.31441882789870884,1.837996383989775e-07,0.0,0.0,0.0,0.6845675860686835,0.3154322293132593,1.846179615780343e-07,0.6845675860686835,0.3154322293132593,1.846179615780343e-07
2021-02-19,,,2021-02-19,False,0.6845675860686835,0.3154322293132593,1.846179615780343e-07,0.0,0.0,0.0,0.6845823869741356,0.3154174267111724,1.863145955306942e-07,0.6845823869741356,0.3154174267111724,1.863145955306942e-07
2021-02-22,,,2021-02-22,False,0.6845823869741356,0.3154174267111724,1.863145955306942e-07,0.0,0.0,0.0,0.6783230735207797,0.3216767380181357,1.8846098704338295e-07,0.6783230735207797,0.3216767380181357,1.8846098704338295e-07
2021-02-23,,,2021-02-23,False,0.6783230735207797,0.3216767380181357,1.8846098704338295e-07,0.0,0.0,0.0,0.6775078336786319,0.3224919784995274,1.8782174341531309e-07,0.6775078336786319,0.3224919784995274,1.8782174341531309e-07
2021-02-24,,,2021-02-24,False,0.6775078336786319,0.3224919784995274,1.8782174341531309e-07,0.0,0.0,0.0,0.6817973312794215,0.318202483168858,1.855516242849598e-07,0.6817973312794215,0.318202483168858,1.855516242849598e-07
2021-02-25,,,2021-02-25,False,0.6817973312794215,0.318202483168858,1.855516242849598e-07,0.0,0.0,0.0,0.6850069781094624,0.31499283688967006,1.8500077158396338e-07,0.6850069781094624,0.31499283688967006,1.8500077158396338e-07
2021-02-26,,,2021-02-26,False,0.6850069781094624,0.31499283688967006,1.8500077158396338e-07,0.0,0.0,0.0,0.6771056167423278,0.3228941928964856,1.903610880680997e-07,0.6771056167423278,0.3228941928964856,1.903610880680997e-07
2021-03-01,2021-03-01,2021-03-01,2021-03-01,True,0.6771056167423278,0.3228941928964856,1.903610880680997e-07,0.7999999821328783,0.20000001526703398,2.6000979583542036e-09,0.7999999821328783,0.20000001526703398,2.6000979583542036e-09,0.6821352262129404,0.3178645850329356,1.8875402619415532e-07
2021-03-02,,,2021-03-02,False,0.7999999821328783,0.20000001526703398,2.6000979583542036e-09,0.0,0.0,0.0,0.803447571709243,0.1965524257070402,2.583726966833696e-09,0.803447571709243,0.1965524257070402,2.583726966833696e-09
2021-03-03,,,2021-03-03,False,0.803447571709243,0.1965524257070402,2.583726966833696e-09,0.0,0.0,0.0,0.8075938306494144,0.19240616680915373,2.541441819198525e-09,0.8075938306494144,0.19240616680915373,2.541441819198525e-09
2021-03-04,,,2021-03-04,False,0.8075938306494144,0.19240616680915373,2.541441819198525e-09,0.0,0.0,0.0,0.807492910306751,0.1925070871243321,2.568926892698369e-09,0.807492910306751,0.1925070871243321,2.568926892698369e-09
2021-03-05,,,2021-03-05,False,0.807492910306751,0.1925070871243321,2.568926892698369e-09,0.0,0.0,0.0,0.8070568113484488,0.19294318605950322,2.5920580523044793e-09,0.8070568113484488,0.19294318605950322,2.5920580523044793e-09
2021-03-08,,,2021-03-08,False,0.8070568113484488,0.19294318605950322,2.5920580523044793e-09,0.0,0.0,0.0,0.8071246028045338,0.1928753946063377,2.589138506115867e-09,0.8071246028045338,0.1928753946063377,2.589138506115867e-09
2021-03-09,,,2021-03-09,False,0.8071246028045338,0.1928753946063377,2.589138506115867e-09,0.0,0.0,0.0,0.8079940187773703,0.19200597865514876,2.5674908047915914e-09,0.8079940187773703,0.19200597865514876,2.5674908047915914e-09
2021-03-10,,,2021-03-10,False,0.8079940187773703,0.19200597865514876,2.5674908047915914e-09,0.0,0.0,0.0,0.8083779425464316,0.19162205489777479,2.555803451086703e-09,0.8083779425464316,0.19162205489777479,2.555803451086703e-09
2021-03-12,,,2021-03-12,False,0.8083779425464316,0.19162205489777479,2.555803451086703e-09,0.0,0.0,0.0,0.8081803425367732,0.19181965488360436,2.579632351116323e-09,0.8081803425367732,0.19181965488360436,2.579632351116323e-09
2021-03-15,,,2021-03-15,False,0.8081803425367732,0.19181965488360436,2.579632351116323e-09,0.0,0.0,0.0,0.8053991611973992,0.19460083621438662,2.5882241046236684e-09,0.8053991611973992,0.19460083621438662,2.5882241046236684e-09
2021-03-16,,,2021-03-16,False,0.8053991611973992,0.19460083621438662,2.5882241046236684e-09,0.0,0.0,0.0,0.8053194684581629,0.19468052895057247,2.591274429676409e-09,0.8053194684581629,0.19468052895057247,2.591274429676409e-09
2021-03-17,,,2021-03-17,False,0.8053194684581629,0.19468052895057247,2.591274429676409e-09,0.0,0.0,0.0,0.8028650038008531,0.19713499358258696,2.616569882106117e-09,0.8028650038008531,0.19713499358258696,2.616569882106117e-09
2021-03-18,,,2021-03-18,False,0.8028650038008531,0.19713499358258696,2.616569882106117e-09,0.0,0.0,0.0,0.8009697894567047,0.19903020790360348,2.6397018394913793e-09,0.8009697894567047,0.19903020790360348,2.6397018394913793e-09
2021-03-19,,,2021-03-19,False,0.8009697894567047,0.19903020790360348,2.6397018394913793e-09,0.0,0.0,0.0,0.8027453232621907,0.19725467412566725,2.612151908784851e-09,0.8027453232621907,0.19725467412566725,2.612151908784851e-09
2021-03-22,,,2021-03-22,False,0.8027453232621907,0.19725467412566725,2.612151908784851e-09,0.0,0.0,0.0,0.8042008997582549,0.19579909762351708,2.618237926289572e-09,0.8042008997582549,0.19579909762351708,2.618237926289572e-09
2021-03-23,,,2021-03-23,False,0.8042008997582549,0.19579909762351708,2.618237926289572e-09,0.0,0.0,0.0,0.8047518195855988,0.19524817780826145,2.606149525332745e-09,0.8047518195855988,0.19524817780826145,2.606149525332745e-09
2021-03-24,,,2021-03-24,False,0.8047518195855988,0.19524817780826145,2.606149525332745e-09,0.0,0.0,0.0,0.8020596313359474,0.19794036601923382,2.644828587454486e-09,0.8020596313359474,0.19794036601923382,2.644828587454486e-09
2021-03-25,,,2021-03-25,False,0.8020596313359474,0.19794036601923382,2.644828587454486e-09,0.0,0.0,0.0,0.7995380295394411,0.20046196778273592,2.677832958405027e-09,0.7995380295394411,0.20046196778273592,2.677832958405027e-09
2021-03-26,,,2021-03-26,False,0.7995380295394411,0.20046196778273592,2.677832958405027e-09,0.0,0.0,0.0,0.8019674831229308,0.1980325142248799,2.6521992084897994e-09,0.8019674831229308,0.1980325142248799,2.6521992084897994e-09
2021-03-30,,,2021-03-30,False,0.8019674831229308,0.1980325142248799,2.6521992084897994e-09,0.0,0.0,0.0,0.8072564211691281,0.19274357622196572,2.608915910478089e-09,0.8072564211691281,0.19274357622196572,2.608915910478089e-09
2021-03-31,,,2021-03-31,False,0.8072564211691281,0.19274357622196572,2.608915910478089e-09,0.0,0.0,0.0,0.8064821800205805,0.19351781733997017,2.6394591270874023e-09,0.8064821800205805,0.19351781733997017,2.6394591270874023e-09
2021-04-01,2021-04-01,2021-04-01,2021-04-01,True,0.8064821800205805,0.19351781733997017,2.6394591270874023e-09,0.7999999833418784,0.19999454438474729,5.472273374169096e-06,0.7999999833418784,0.19999454438474729,5.472273374169096e-06,0.8045836369788442,0.1954163604192331,2.6019323568050005e-09
2021-04-05,,,2021-04-05,False,0.7999999833418784,0.19999454438474729,5.472273374169096e-06,0.0,0.0,0.0,0.7965498845600835,0.20344458126555187,5.534174364403615e-06,0.7965498845600835,0.20344458126555187,5.534174364403615e-06
2021-04-06,,,2021-04-06,False,0.7965498845600835,0.20344458126555187,5.534174364403615e-06,0.0,0.0,0.0,0.796397090554883,0.20359739355330148,5.5158918152578254e-06,0.796397090554883,0.20359739355330148,5.5158918152578254e-06
2021-04-07,,,2021-04-07,False,0.796397090554883,0.20359739355330148,5.5158918152578254e-06,0.0,0.0,0.0,0.7953592137083055,0.2046353279763672,5.458315326955709e-06,0.7953592137083055,0.2046353279763672,5.458315326955709e-06
2021-04-08,,,2021-04-08,False,0.7953592137083055,0.2046353279763672,5.458315326955709e-06,0.0,0.0,0.0,0.7952710684862967,0.20472349389295483,5.437620748027008e-06,0.7952710684862967,0.20472349389295483,5.437620748027008e-06
2021-04-09,,,2021-04-09,False,0.7952710684862967,0.20472349389295483,5.437620748027008e-06,0.0,0.0,0.0,0.7941562010084624,0.20583835479061832,5.444200918849933e-06,0.7941562010084624,0.20583835479061832,5.444200918849933e-06
2021-04-12,,,2021-04-12,False,0.7941562010084624,0.20583835479061832,5.444200918849933e-06,0.0,0.0,0.0,0.7880497305616548,0.21194466921457022,5.6002237745754626e-06,0.7880497305616548,0.21194466921457022,5.6002237745754626e-06
2021-04-13,,,2021-04-13,False,0.7880497305616548,0.21194466921457022,5.6002237745754626e-06,0.0,0.0,0.0,0.7902082141077574,0.20978624543684246,5.540455399871661e-06,0.7902082141077574,0.20978624543684246,5.540455399871661e-06
2021-04-15,,,2021-04-15,False,0.7902082141077574,0.20978624543684246,5.540455399871661e-06,0.0,0.0,0.0,0.7902248115094218,0.2097696770439618,5.51144661612329e-06,0.7902248115094218,0.2097696770439618,5.51144661612329e-06
2021-04-16,,,2021-04-16,False,0.7902248115094218,0.2097696770439618,5.51144661612329e-06,0.0,0.0,0.0,0.7901909087461791,0.20980359382138658,5.497432433992203e-06,0.7901909087461791,0.20980359382138658,5.497432433992203e-06
2021-04-19,,,2021-04-19,False,0.7901909087461791,0.20980359382138658,5.497432433992203e-06,0.0,0.0,0.0,0.7843575099004416,0.2156369349991923,5.555100365779449e-06,0.7843575099004416,0.2156369349991923,5.555100365779449e-06
2021-04-20,,,2021-04-20,False,0.7843575099004416,0.2156369349991923,5.555100365779449e-06,0.0,0.0,0.0,0.7853718340308602,0.21462257915425195,5.586814887486416e-06,0.7853718340308602,0.21462257915425195,5.586814887486416e-06
2021-04-22,,,2021-04-22,False,0.7853718340308602,0.21462257915425195,5.586814887486416e-06,0.0,0.0,0.0,0.7851094997595218,0.2148849578393987,5.542401079012464e-06,0.7851094997595218,0.2148849578393987,5.542401079012464e-06
2021-04-23,,,2021-04-23,False,0.7851094997595218,0.2148849578393987,5.542401079012464e-06,0.0,0.0,0.0,0.7841848418494675,0.21580959726337168,5.560887160394569e-06,0.7841848418494675,0.21580959726337168,5.560887160394569e-06
2021-04-26,,,2021-04-26,False,0.7841848418494675,0.21580959726337168,5.560887160394569e-06,0.0,0.0,0.0,0.7870439167310869,0.21295055751133313,5.52575757945306e-06,0.7870439167310869,0.21295055751133313,5.52575757945306e-06
2021-04-27,,,2021-04-27,False,0.7870439167310869,0.21295055751133313,5.52575757945306e-06,0.0,0.0,0.0,0.7895769983414757,0.2104175216930342,5.47996548970083e-06,0.7895769983414757,0.2104175216930342,5.47996548970083e-06
2021-04-28,,,2021-04-28,False,0.7895769983414757,0.2104175216930342,5.47996548970083e-06,0.0,0.0,0.0,0.7937167764539103,0.20627779322936632,5.4303167229932925e-06,0.7937167764539103,0.20627779322936632,5.4303167229932925e-06
2021-04-29,,,2021-04-29,False,0.7937167764539103,0.20627779322936632,5.4303167229932925e-06,0.0,0.0,0.0,0.7937287556655915,0.20626582494730242,5.419387105646557e-06,0.7937287556655915,0.20626582494730242,5.419387105646557e-06
2021-04-30,,,2021-04-30,False,0.7937287556655915,0.20626582494730242,5.419387105646557e-06,0.0,0.0,0.0,0.7913162531687578,0.2086782357549028,5.511076338985905e-06,0.7913162531687578,0.2086782357549028,5.511076338985905e-06
2021-05-03,,,2021-05-03,False,0.7913162531687578,0.2086782357549028,5.511076338985905e-06,0.0,0.0,0.0,0.7909441194106147,0.20905037325310363,5.50733628116066e-06,0.7909441194106147,0.20905037325310363,5.50733628116066e-06
2021-05-04,,,2021-05-04,False,0.7909441194106147,0.20905037325310363,5.50733628116066e-06,0.0,0.0,0.0,0.7891320621526388,0.21086239095373946,5.54689362120353e-06,0.7891320621526388,0.21086239095373946,5.54689362120353e-06
2021-05-05,2021-05-05,2021-05-05,2021-05-05,True,0.7891320621526388,0.21086239095373946,5.54689362120353e-06,0.3999999994154296,6.816793792953368e-10,0.5999999999028931,0.3999999994154296,6.816793792953368e-10,0.5999999999028931,0.7914109041228528,0.20858357914563586,5.516731510874182e-06
2021-05-06,,,2021-05-06,False,0.3999999994154296,6.816793792953368e-10,0.5999999999028931,0.0,0.0,0.0,0.40175318997647624,6.845576009687976e-10,0.5982468093389681,0.40175318997647624,6.845576009687976e-10,0.5982468093389681
2021-05-07,,,2021-05-07,False,0.40175318997647624,6.845576009687976e-10,0.5982468093389681,0.0,0.0,0.0,0.40335185575716714,6.89746148104367e-10,0.5966481435530886,0.40335185575716714,6.89746148104367e-10,0.5966481435530886
2021-05-10,,,2021-05-10,False,0.40335185575716714,6.89746148104367e-10,0.5966481435530886,0.0,0.0,0.0,0.40528084090090166,6.911837723828502e-10,0.5947191584079164,0.40528084090090166,6.911837723828502e-10,0.5947191584079164
2021-05-11,,,2021-05-11,False,0.40528084090090166,6.911837723828502e-10,0.5947191584079164,0.0,0.0,0.0,0.4038019887353781,6.919066241700491e-10,0.596198010572717,0.4038019887353781,6.919066241700491e-10,0.596198010572717
2021-05-12,,,2021-05-12,False,0.4038019887353781,6.919066241700491e-10,0.596198010572717,0.0,0.0,0.0,0.4012885306812716,6.946488374604492e-10,0.5987114686240813,0.4012885306812716,6.946488374604492e-10,0.5987114686240813
2021-05-14,,,2021-05-14,False,0.4012885306812716,6.946488374604492e-10,0.5987114686240813,0.0,0.0,0.0,0.40098266668314575,6.966829100046258e-10,0.5990173326201732,0.40098266668314575,6.966829100046258e-10,0.5990173326201732
2021-05-17,,,2021-05-17,False,0.40098266668314575,6.966829100046258e-10,0.5990173326201732,0.0,0.0,0.0,0.4049709856334554,6.977154531795367e-10,0.5950290136688311,0.4049709856334554,6.977154531795367e-10,0.5950290136688311
2021-05-18,,,2021-05-18,False,0.4049709856334554,6.977154531795367e-10,0.5950290136688311,0.0,0.0,0.0,0.40794490070422945,6.985502648067097e-10,0.5920550985972222,0.40794490070422945,6.985502648067097e-10,0.5920550985972222
2021-05-19,,,2021-05-19,False,0.40794490070422945,6.985502648067097e-10,0.5920550985972222,0.0,0.0,0.0,0.4066961360073393,6.975288855212618e-10,0.5933038632951337,0.4066961360073393,6.975288855212618e-10,0.5933038632951337
2021-05-20,,,2021-05-20,False,0.4066961360073393,6.975288855212618e-10,0.5933038632951337,0.0,0.0,0.0,0.404694728108518,7.030456316086506e-10,0.5953052711884385,0.404694728108518,7.030456316086506e-10,0.5953052711884385
2021-05-21,,,2021-05-21,False,0.404694728108518,7.030456316086506e-10,0.5953052711884385,0.0,0.0,0.0,0.40901486242949203,6.986062338660003e-10,0.5909851368719037,0.40901486242949203,6.986062338660003e-10,0.5909851368719037
2021-05-24,,,2021-05-24,False,0.40901486242949203,6.986062338660003e-10,0.5909851368719037,0.0,0.0,0.0,0.409373844654804,6.986855196115636e-10,0.5906261546465125,0.409373844654804,6.986855196115636e-10,0.5906261546465125
2021-05-25,,,2021-05-25,False,0.409373844654804,6.986855196115636e-10,0.5906261546465125,0.0,0.0,0.0,0.40954243129043183,6.97155022974546e-10,0.5904575680124152,0.40954243129043183,6.97155022974546e-10,0.5904575680124152
2021-05-26,,,2021-05-26,False,0.40954243129043183,6.97155022974546e-10,0.5904575680124152,0.0,0.0,0.0,0.4110198490189105,7.040029145748566e-10,0.5889801502770886,0.4110198490189105,7.040029145748566e-10,0.5889801502770886
2021-05-27,,,2021-05-27,False,0.4110198490189105,7.040029145748566e-10,0.5889801502770886,0.0,0.0,0.0,0.4115951575770247,6.991916881038031e-10,0.5884048417237857,0.4115951575770247,6.991916881038031e-10,0.5884048417237857
2021-05-28,,,2021-05-28,False,0.4115951575770247,6.991916881038031e-10,0.5884048417237857,0.0,0.0,0.0,0.41313050717644895,6.945565946750885e-10,0.5868694921289966,0.41313050717644895,6.945565946750885e-10,0.5868694921289966
2021-05-31,,,2021-05-31,False,0.41313050717644895,6.945565946750885e-10,0.5868694921289966,0.0,0.0,0.0,0.415002375495853,6.971717776263267e-10,0.5849976238069774,0.415002375495853,6.971717776263267e-10,0.5849976238069774
2021-06-01,,,2021-06-01,False,0.415002375495853,6.971717776263267e-10,0.5849976238069774,0.0,0.0,0.0,0.41487605679542644,7.012448226021824e-10,0.5851239425033309,0.41487605679542644,7.012448226021824e-10,0.5851239425033309
2021-06-02,,,2021-06-02,False,0.41487605679542644,7.012448226021824e-10,0.5851239425033309,0.0,0.0,0.0,0.41489710664591456,6.969627990183426e-10,0.5851028926571248,0.41489710664591456,6.969627990183426e-10,0.5851028926571248
2021-06-03,,,2021-06-03,False,0.41489710664591456,6.969627990183426e-10,0.5851028926571248,0.0,0.0,0.0,0.41667075012408,6.938706964015242e-10,0.5833292491820514,0.41667075012408,6.938706964015242e-10,0.5833292491820514
2021-06-04,2021-06-04,2021-06-04,2021-06-04,True,0.41667075012408,6.938706964015242e-10,0.5833292491820514,0.39999999075195386,0.21747602590705925,0.38252398334098686,0.39999999075195386,0.21747602590705925,0.38252398334098686,0.41635922460149505,6.878720801924817e-10,0.583640774710635
2021-06-07,,,2021-06-07,False,0.39999999075195386,0.21747602590705925,0.38252398334098686,0.0,0.0,0.0,0.4009135896652431,0.21767004164439643,0.38141636869036055,0.4009135896652431,0.21767004164439643,0.38141636869036055
2021-06-08,,,2021-06-08,False,0.4009135896652431,0.21767004164439643,0.38141636869036055,0.0,0.0,0.0,0.400469304405568,0.21825741567233503,0.38127327992209703,0.400469304405568,0.21825741567233503,0.38127327992209703
2021-06-09,,,2021-06-09,False,0.400469304405568,0.21825741567233503,0.38127327992209703,0.0,0.0,0.0,0.3986835899322465,0.21920410066730558,0.38211230940044794,0.3986835899322465,0.21920410066730558,0.38211230940044794
2021-06-10,,,2021-06-10,False,0.3986835899322465,0.21920410066730558,0.38211230940044794,0.0,0.0,0.0,0.40055868707956294,0.2180298180848073,0.38141149483562986,0.40055868707956294,0.2180298180848073,0.38141149483562986
2021-06-11,,,2021-06-11,False,0.40055868707956294,0.2180298180848073,0.38141149483562986,0.0,0.0,0.0,0.4009200087017789,0.21881286167413172,0.3802671296240895,0.4009200087017789,0.21881286167413172,0.3802671296240895
2021-06-14,,,2021-06-14,False,0.4009200087017789,0.21881286167413172,0.3802671296240895,0.0,0.0,0.0,0.4023487006565497,0.21633076505146018,0.38132053429199025,0.4023487006565497,0.21633076505146018,0.38132053429199025
2021-06-15,,,2021-06-15,False,0.4023487006565497,0.21633076505146018,0.38132053429199025,0.0,0.0,0.0,0.40317738281562776,0.2160950069447958,0.38072761023957663,0.40317738281562776,0.2160950069447958,0.38072761023957663
2021-06-16,,,2021-06-16,False,0.40317738281562776,0.2160950069447958,0.38072761023957663,0.0,0.0,0.0,0.40154855028337544,0.21681621509183174,0.38163523462479304,0.40154855028337544,0.21681621509183174,0.38163523462479304
2021-06-17,,,2021-06-17,False,0.40154855028337544,0.21681621509183174,0.38163523462479304,0.0,0.0,0.0,0.4019208036853363,0.21423639924471677,0.3838427970699472,0.4019208036853363,0.21423639924471677,0.3838427970699472
2021-06-18,,,2021-06-18,False,0.4019208036853363,0.21423639924471677,0.3838427970699472,0.0,0.0,0.0,0.40261113268405974,0.21268941396132549,0.384699453354615,0.40261113268405974,0.21268941396132549,0.384699453354615
2021-06-21,,,2021-06-21,False,0.40261113268405974,0.21268941396132549,0.384699453354615,0.0,0.0,0.0,0.40360049389623204,0.21230515836017755,0.3840943477435907,0.40360049389623204,0.21230515836017755,0.3840943477435907
2021-06-22,,,2021-06-22,False,0.40360049389623204,0.21230515836017755,0.3840943477435907,0.0,0.0,0.0,0.4040418067523498,0.21207995043147912,0.3838782428161713,0.4040418067523498,0.21207995043147912,0.3838782428161713
2021-06-23,,,2021-06-23,False,0.4040418067523498,0.21207995043147912,0.3838782428161713,0.0,0.0,0.0,0.4025827327121756,0.21283324328727918,0.3845840240005454,0.4025827327121756,0.21283324328727918,0.3845840240005454
2021-06-24,,,2021-06-24,False,0.4025827327121756,0.21283324328727918,0.3845840240005454,0.0,0.0,0.0,0.40437472865779206,0.21186138117981598,0.3837638901623922,0.40437472865779206,0.21186138117981598,0.3837638901623922
2021-06-25,,,2021-06-25,False,0.40437472865779206,0.21186138117981598,0.3837638901623922,0.0,0.0,0.0,0.4053357796649287,0.2116874346428491,0.38297678569222254,0.4053357796649287,0.2116874346428491,0.38297678569222254
2021-06-28,,,2021-06-28,False,0.4053357796649287,0.2116874346428491,0.38297678569222254,0.0,0.0,0.0,0.40491364102240907,0.21140410803605963,0.38368225094153163,0.40491364102240907,0.21140410803605963,0.38368225094153163
2021-06-29,,,2021-06-29,False,0.40491364102240907,0.21140410803605963,0.38368225094153163,0.0,0.0,0.0,0.4040911854750062,0.21139511229916072,0.3845137022258335,0.4040911854750062,0.21139511229916072,0.3845137022258335
2021-06-30,,,2021-06-30,False,0.4040911854750062,0.21139511229916072,0.3845137022258335,0.0,0.0,0.0,0.40378697962892174,0.21050710221108831,0.38570591815999034,0.40378697962892174,0.21050710221108831,0.38570591815999034
2021-07-01,,,2021-07-01,False,0.40378697962892174,0.21050710221108831,0.38570591815999034,0.0,0.0,0.0,0.4023332114152603,0.21232849620662383,0.38533829237811623,0.4023332114152603,0.21232849620662383,0.38533829237811623
2021-07-02,,,2021-07-02,False,0.4023332114152603,0.21232849620662383,0.38533829237811623,0.0,0.0,0.0,0.4024788718855925,0.21307799488872137,0.3844431332256866,0.4024788718855925,0.21307799488872137,0.3844431332256866
2021-07-05,2021-07-05,2021-07-05,2021-07-05,True,0.4024788718855925,0.21307799488872137,0.3844431332256866,0.3999999991809686,3.996255254291259e-09,0.5999999968227783,0.3999999991809686,3.996255254291259e-09,0.5999999968227783,0.40408665930742477,0.21267208449570338,0.3832412561968724
2021-07-06,,,2021-07-06,False,0.3999999991809686,3.996255254291259e-09,0.5999999968227783,0.0,0.0,0.0,0.3997534642756805,4.037641527253542e-09,0.6002465316866801,0.3997534642756805,4.037641527253542e-09,0.6002465316866801
2021-07-07,,,2021-07-07,False,0.3997534642756805,4.037641527253542e-09,0.6002465316866801,0.0,0.0,0.0,0.40068341776273536,4.042043478335898e-09,0.5993165781952232,0.40068341776273536,4.042043478335898e-09,0.5993165781952232
2021-07-08,,,2021-07-08,False,0.40068341776273536,4.042043478335898e-09,0.5993165781952232,0.0,0.0,0.0,0.39837979401584495,4.059525280333624e-09,0.6016202019246318,0.39837979401584495,4.059525280333624e-09,0.6016202019246318
2021-07-09,,,2021-07-09,False,0.39837979401584495,4.059525280333624e-09,0.6016202019246318,0.0,0.0,0.0,0.3977986283580289,4.047870579469953e-09,0.6022013675941026,0.3977986283580289,4.047870579469953e-09,0.6022013675941026
2021-07-12,,,2021-07-12,False,0.3977986283580289,4.047870579469953e-09,0.6022013675941026,0.0,0.0,0.0,0.3978413732830347,4.039795521279471e-09,0.6021586226771718,0.3978413732830347,4.039795521279471e-09,0.6021586226771718
2021-07-13,,,2021-07-13,False,0.3978413732830347,4.039795521279471e-09,0.6021586226771718,0.0,0.0,0.0,0.399663946563524,4.029509180681272e-09,0.6003360494069687,0.399663946563524,4.029509180681272e-09,0.6003360494069687
2021-07-14,,,2021-07-14,False,0.399663946563524,4.029509180681272e-09,0.6003360494069687,0.0,0.0,0.0,0.40029693668756816,4.0369347227426236e-09,0.599703059275499,0.40029693668756816,4.0369347227426236e-09,0.599703059275499
2021-07-15,,,2021-07-15,False,0.40029693668756816,4.0369347227426236e-09,0.599703059275499,0.0,0.0,0.0,0.401358773364797,4.062691044588606e-09,0.5986412225725138,0.401358773364797,4.062691044588606e-09,0.5986412225725138
2021-07-16,,,2021-07-16,False,0.401358773364797,4.062691044588606e-09,0.5986412225725138,0.0,0.0,0.0,0.40134428712444187,4.050167196077653e-09,0.5986557088253928,0.40134428712444187,4.050167196077653e-09,0.5986557088253928
2021-07-19,,,2021-07-19,False,0.40134428712444187,4.050167196077653e-09,0.5986557088253928,0.0,0.0,0.0,0.3987529115244319,4.0453436919989735e-09,0.6012470844302262,0.3987529115244319,4.0453436919989735e-09,0.6012470844302262
2021-07-20,,,2021-07-20,False,0.3987529115244319,4.0453436919989735e-09,0.6012470844302262,0.0,0.0,0.0,0.39691635998369446,4.064525029682832e-09,0.6030836359517824,0.39691635998369446,4.064525029682832e-09,0.6030836359517824
2021-07-22,,,2021-07-22,False,0.39691635998369446,4.064525029682832e-09,0.6030836359517824,0.0,0.0,0.0,0.3998438452126738,4.006997330935631e-09,0.6001561507803307,0.3998438452126738,4.006997330935631e-09,0.6001561507803307
2021-07-23,,,2021-07-23,False,0.3998438452126738,4.006997330935631e-09,0.6001561507803307,0.0,0.0,0.0,0.40032631090048737,4.0095525058345735e-09,0.5996736850899619,0.40032631090048737,4.0095525058345735e-09,0.5996736850899619
2021-07-26,,,2021-07-26,False,0.40032631090048737,4.0095525058345735e-09,0.5996736850899619,0.0,0.0,0.0,0.3998499169960287,4.016659088854372e-09,0.600150078987314,0.3998499169960287,4.016659088854372e-09,0.600150078987314
2021-07-27,,,2021-07-27,False,0.3998499169960287,4.016659088854372e-09,0.600150078987314,0.0,0.0,0.0,0.3986623368666304,4.019705883458759e-09,0.6013376591136654,0.3986623368666304,4.019705883458759e-09,0.6013376591136654
2021-07-28,,,2021-07-28,False,0.3986623368666304,4.019705883458759e-09,0.6013376591136654,0.0,0.0,0.0,0.39810015694895645,4.025450448046562e-09,0.6018998390255947,0.39810015694895645,4.025450448046562e-09,0.6018998390255947
2021-07-29,,,2021-07-29,False,0.39810015694895645,4.025450448046562e-09,0.6018998390255947,0.0,0.0,0.0,0.3991515379947018,4.048530472943399e-09,0.6008484579567694,0.3991515379947018,4.048530472943399e-09,0.6008484579567694
2021-07-30,,,2021-07-30,False,0.3991515379947018,4.048530472943399e-09,0.6008484579567694,0.0,0.0,0.0,0.39854480663093195,4.069625040869395e-09,0.6014551892994447,0.39854480663093195,4.069625040869395e-09,0.6014551892994447
2021-08-02,,,2021-08-02,False,0.39854480663093195,4.069625040869395e-09,0.6014551892994447,0.0,0.0,0.0,0.4003982391294871,4.019379209444449e-09,0.5996017568511355,0.4003982391294871,4.019379209444449e-09,0.5996017568511355
2021-08-03,,,2021-08-03,False,0.4003982391294871,4.019379209444449e-09,0.5996017568511355,0.0,0.0,0.0,0.4040848756645278,3.989817341032628e-09,0.5959151203456567,0.4040848756645278,3.989817341032628e-09,0.5959151203456567
2021-08-04,2021-08-04,2021-08-04,2021-08-04,True,0.4040848756645278,3.989817341032628e-09,0.5959151203456567,0.39999999989118323,1.682299042084425e-11,0.6000000000919941,0.39999999989118323,1.682299042084425e-11,0.6000000000919941,0.4059902946845802,3.981853907044847e-09,0.5940097013335677
2021-08-05,,,2021-08-05,False,0.39999999989118323,1.682299042084425e-11,0.6000000000919941,0.0,0.0,0.0,0.40053036221998894,1.6820429259136876e-11,0.599469637763191,0.40053036221998894,1.6820429259136876e-11,0.599469637763191
2021-08-06,,,2021-08-06,False,0.40053036221998894,1.6820429259136876e-11,0.599469637763191,0.0,0.0,0.0,0.3996981462865767,1.6738404470898172e-11,0.6003018536966852,0.3996981462865767,1.6738404470898172e-11,0.6003018536966852
2021-08-09,,,2021-08-09,False,0.3996981462865767,1.6738404470898172e-11,0.6003018536966852,0.0,0.0,0.0,0.39999188398420626,1.634926818653517e-11,0.6000081159994446,0.39999188398420626,1.634926818653517e-11,0.6000081159994446
2021-08-10,,,2021-08-10,False,0.39999188398420626,1.634926818653517e-11,0.6000081159994446,0.0,0.0,0.0,0.4003142466886838,1.6283803001755425e-11,0.5996857532950325,0.4003142466886838,1.6283803001755425e-11,0.5996857532950325
2021-08-11,,,2021-08-11,False,0.4003142466886838,1.6283803001755425e-11,0.5996857532950325,0.0,0.0,0.0,0.4003483317809872,1.6299231518633937e-11,0.5996516682027138,0.4003483317809872,1.6299231518633937e-11,0.5996516682027138
2021-08-12,,,2021-08-12,False,0.4003483317809872,1.6299231518633937e-11,0.5996516682027138,0.0,0.0,0.0,0.4015547559413831,1.6387488871621713e-11,0.5984452440422295,0.4015547559413831,1.6387488871621713e-11,0.5984452440422295
2021-08-13,,,2021-08-13,False,0.4015547559413831,1.6387488871621713e-11,0.5984452440422295,0.0,0.0,0.0,0.40396360172987794,1.629738156815907e-11,0.5960363982538248,0.40396360172987794,1.629738156815907e-11,0.5960363982538248
2021-08-16,,,2021-08-16,False,0.40396360172987794,1.629738156815907e-11,0.5960363982538248,0.0,0.0,0.0,0.4044577535311738,1.639644936123529e-11,0.5955422464524298,0.4044577535311738,1.639644936123529e-11,0.5955422464524298
2021-08-17,,,2021-08-17,False,0.4044577535311738,1.639644936123529e-11,0.5955422464524298,0.0,0.0,0.0,0.4052064708237801,1.6536462466278682e-11,0.5947935291596835,0.4052064708237801,1.6536462466278682e-11,0.5947935291596835
2021-08-18,,,2021-08-18,False,0.4052064708237801,1.6536462466278682e-11,0.5947935291596835,0.0,0.0,0.0,0.4045444579715549,1.6494728657983893e-11,0.5954555420119504,0.4045444579715549,1.6494728657983893e-11,0.5954555420119504
2021-08-20,,,2021-08-20,False,0.4045444579715549,1.6494728657983893e-11,0.5954555420119504,0.0,0.0,0.0,0.40281644894578217,1.651824269228895e-11,0.5971835510376996,0.40281644894578217,1.651824269228895e-11,0.5971835510376996
2021-08-23,,,2021-08-23,False,0.40281644894578217,1.651824269228895e-11,0.5971835510376996,0.0,0.0,0.0,0.4034899920619252,1.6515883695369482e-11,0.5965100079215591,0.4034899920619252,1.6515883695369482e-11,0.5965100079215591
2021-08-24,,,2021-08-24,False,0.4034899920619252,1.6515883695369482e-11,0.5965100079215591,0.0,0.0,0.0,0.40535388435831216,1.6532527805073572e-11,0.5946461156251555,0.40535388435831216,1.6532527805073572e-11,0.5946461156251555
2021-08-25,,,2021-08-25,False,0.40535388435831216,1.6532527805073572e-11,0.5946461156251555,0.0,0.0,0.0,0.405499576166755,1.6472285477415762e-11,0.5945004238167728,0.405499576166755,1.6472285477415762e-11,0.5945004238167728
2021-08-26,,,2021-08-26,False,0.405499576166755,1.6472285477415762e-11,0.5945004238167728,0.0,0.0,0.0,0.40553218142126835,1.6375057515091706e-11,0.5944678185623566,0.40553218142126835,1.6375057515091706e-11,0.5944678185623566
2021-08-27,,,2021-08-27,False,0.40553218142126835,1.6375057515091706e-11,0.5944678185623566,0.0,0.0,0.0,0.40651782648669604,1.637178663779189e-11,0.5934821734969322,0.40651782648669604,1.637178663779189e-11,0.5934821734969322
2021-08-30,,,2021-08-30,False,0.40651782648669604,1.637178663779189e-11,0.5934821734969322,0.0,0.0,0.0,0.4097642030844896,1.6342166342517224e-11,0.5902357968991683,0.4097642030844896,1.6342166342517224e-11,0.5902357968991683
2021-08-31,,,2021-08-31,False,0.4097642030844896,1.6342166342517224e-11,0.5902357968991683,0.0,0.0,0.0,0.4121309425643467,1.617228095466031e-11,0.587869057419481,0.4121309425643467,1.617228095466031e-11,0.587869057419481
2021-09-01,,,2021-09-01,False,0.4121309425643467,1.617228095466031e-11,0.587869057419481,0.0,0.0,0.0,0.41134103281056367,1.619417025723842e-11,0.5886589671732423,0.41134103281056367,1.619417025723842e-11,0.5886589671732423
2021-09-02,,,2021-09-02,False,0.41134103281056367,1.619417025723842e-11,0.5886589671732423,0.0,0.0,0.0,0.4135715612116297,1.6168367286544487e-11,0.5864284387722021,0.4135715612116297,1.6168367286544487e-11,0.5864284387722021
2021-09-03,2021-09-03,2021-09-03,2021-09-03,True,0.4135715612116297,1.6168367286544487e-11,0.5864284387722021,0.3999999999172305,9.27176121494409e-11,0.5999999999900523,0.3999999999172305,9.27176121494409e-11,0.5999999999900523,0.41482765230478047,1.6133735708680735e-11,0.585172347679086
2021-09-06,,,2021-09-06,False,0.3999999999172305,9.27176121494409e-11,0.5999999999900523,0.0,0.0,0.0,0.40074760466701054,9.325744330206846e-11,0.5992523952397323,0.40074760466701054,9.325744330206846e-11,0.5992523952397323
2021-09-07,,,2021-09-07,False,0.40074760466701054,9.325744330206846e-11,0.5992523952397323,0.0,0.0,0.0,0.40053054694229917,9.295165755679806e-11,0.5994694529647494,0.40053054694229917,9.295165755679806e-11,0.5994694529647494
2021-09-08,,,2021-09-08,False,0.40053054694229917,9.295165755679806e-11,0.5994694529647494,0.0,0.0,0.0,0.4004115966951931,9.256253590795079e-11,0.5995884032122446,0.4004115966951931,9.256253590795079e-11,0.5995884032122446
2021-09-09,,,2021-09-09,False,0.4004115966951931,9.256253590795079e-11,0.5995884032122446,0.0,0.0,0.0,0.40062941559003795,9.232520092435258e-11,0.5993705843176371,0.40062941559003795,9.232520092435258e-11,0.5993705843176371
2021-09-13,,,2021-09-13,False,0.40062941559003795,9.232520092435258e-11,0.5993705843176371,0.0,0.0,0.0,0.4004365091032596,9.219642543369926e-11,0.5995634908045442,0.4004365091032596,9.219642543369926e-11,0.5995634908045442
2021-09-14,,,2021-09-14,False,0.4004365091032596,9.219642543369926e-11,0.5995634908045442,0.0,0.0,0.0,0.4007803509537108,9.216708101082686e-11,0.5992196489541224,0.4007803509537108,9.216708101082686e-11,0.5992196489541224
2021-09-15,,,2021-09-15,False,0.4007803509537108,9.216708101082686e-11,0.5992196489541224,0.0,0.0,0.0,0.402701072770218,9.239044421781893e-11,0.5972989271373917,0.402701072770218,9.239044421781893e-11,0.5972989271373917
2021-09-16,,,2021-09-16,False,0.402701072770218,9.239044421781893e-11,0.5972989271373917,0.0,0.0,0.0,0.4042058375209684,9.116682005875222e-11,0.5957941623878651,0.4042058375209684,9.116682005875222e-11,0.5957941623878651
2021-09-17,,,2021-09-17,False,0.4042058375209684,9.116682005875222e-11,0.5957941623878651,0.0,0.0,0.0,0.4035993938597269,9.05389094010475e-11,0.5964006060497345,0.4035993938597269,9.05389094010475e-11,0.5964006060497345
2021-09-20,,,2021-09-20,False,0.4035993938597269,9.05389094010475e-11,0.5964006060497345,0.0,0.0,0.0,0.40101143160787267,9.08639196504839e-11,0.5989885683012637,0.40101143160787267,9.08639196504839e-11,0.5989885683012637
2021-09-21,,,2021-09-21,False,0.40101143160787267,9.08639196504839e-11,0.5989885683012637,0.0,0.0,0.0,0.4032847020192442,9.065517108509246e-11,0.5967152978901009,0.4032847020192442,9.065517108509246e-11,0.5967152978901009
2021-09-22,,,2021-09-22,False,0.4032847020192442,9.065517108509246e-11,0.5967152978901009,0.0,0.0,0.0,0.40307429734530975,9.152119430146709e-11,0.5969257025631693,0.40307429734530975,9.152119430146709e-11,0.5969257025631693
2021-09-23,,,2021-09-23,False,0.40307429734530975,9.152119430146709e-11,0.5969257025631693,0.0,0.0,0.0,0.4068391019372457,9.036157494407167e-11,0.5931608979723931,0.4068391019372457,9.036157494407167e-11,0.5931608979723931
2021-09-24,,,2021-09-24,False,0.4068391019372457,9.036157494407167e-11,0.5931608979723931,0.0,0.0,0.0,0.40724357705212444,8.964900699255005e-11,0.5927564228582268,0.40724357705212444,8.964900699255005e-11,0.5927564228582268
2021-09-27,,,2021-09-27,False,0.40724357705212444,8.964900699255005e-11,0.5927564228582268,0.0,0.0,0.0,0.4072740959498665,8.95566465649548e-11,0.592725903960577,0.4072740959498665,8.95566465649548e-11,0.592725903960577
2021-09-28,,,2021-09-28,False,0.4072740959498665,8.95566465649548e-11,0.592725903960577,0.0,0.0,0.0,0.4058283380917717,8.961714453605134e-11,0.5941716618186113,0.4058283380917717,8.961714453605134e-11,0.5941716618186113
2021-09-29,,,2021-09-29,False,0.4058283380917717,8.961714453605134e-11,0.5941716618186113,0.0,0.0,0.0,0.40532838245753183,8.987490106851554e-11,0.5946716174525933,0.40532838245753183,8.987490106851554e-11,0.5946716174525933
2021-09-30,,,2021-09-30,False,0.40532838245753183,8.987490106851554e-11,0.5946716174525933,0.0,0.0,0.0,0.4036684250620466,8.930556029581109e-11,0.596331574848648,0.4036684250620466,8.930556029581109e-11,0.596331574848648
2021-10-01,,,2021-10-01,False,0.4036684250620466,8.930556029581109e-11,0.596331574848648,0.0,0.0,0.0,0.4024897040052702,9.058596132805594e-11,0.597510295904144,0.4024897040052702,9.058596132805594e-11,0.597510295904144
2021-10-04,,,2021-10-04,False,0.4024897040052702,9.058596132805594e-11,0.597510295904144,0.0,0.0,0.0,0.4046655292788967,9.032343820093839e-11,0.5953344706307799,0.4046655292788967,9.032343820093839e-11,0.5953344706307799
2021-10-05,2021-10-05,2021-10-05,2021-10-05,True,0.4046655292788967,9.032343820093839e-11,0.5953344706307799,0.3999999998635965,6.357208150387835e-10,0.5999999995006828,0.3999999998635965,6.357208150387835e-10,0.5999999995006828,0.4064471483813721,9.030017951769976e-11,0.5935528515283278
2021-10-06,,,2021-10-06,False,0.3999999998635965,6.357208150387835e-10,0.5999999995006828,0.0,0.0,0.0,0.3976141075538261,6.398243008482941e-10,0.6023858918063498,0.3976141075538261,6.398243008482941e-10,0.6023858918063498
2021-10-07,,,2021-10-07,False,0.3976141075538261,6.398243008482941e-10,0.6023858918063498,0.0,0.0,0.0,0.3995694278359949,6.393303269685431e-10,0.600430571524675,0.3995694278359949,6.393303269685431e-10,0.600430571524675
2021-10-08,,,2021-10-08,False,0.3995694278359949,6.393303269685431e-10,0.600430571524675,0.0,0.0,0.0,0.4009777139271182,6.376672882616611e-10,0.5990222854352147,0.4009777139271182,6.376672882616611e-10,0.5990222854352147
2021-10-11,,,2021-10-11,False,0.4009777139271182,6.376672882616611e-10,0.5990222854352147,0.0,0.0,0.0,0.4016581215091303,6.394568179395082e-10,0.598341877851413,0.4016581215091303,6.394568179395082e-10,0.598341877851413
2021-10-12,,,2021-10-12,False,0.4016581215091303,6.394568179395082e-10,0.598341877851413,0.0,0.0,0.0,0.4022735115329214,6.40996475377589e-10,0.5977264878260822,0.4022735115329214,6.40996475377589e-10,0.5977264878260822
2021-10-13,,,2021-10-13,False,0.4022735115329214,6.40996475377589e-10,0.5977264878260822,0.0,0.0,0.0,0.4045365544562752,6.398267159161305e-10,0.595463444903898,0.4045365544562752,6.398267159161305e-10,0.595463444903898
2021-10-14,,,2021-10-14,False,0.4045365544562752,6.398267159161305e-10,0.595463444903898,0.0,0.0,0.0,0.4068699732373054,6.466580142709904e-10,0.5931300261160365,0.4068699732373054,6.466580142709904e-10,0.5931300261160365
2021-10-18,,,2021-10-18,False,0.4068699732373054,6.466580142709904e-10,0.5931300261160365,0.0,0.0,0.0,0.40868935262026024,6.362961665182235e-10,0.5913106467434435,0.40868935262026024,6.362961665182235e-10,0.5913106467434435
2021-10-19,,,2021-10-19,False,0.40868935262026024,6.362961665182235e-10,0.5913106467434435,0.0,0.0,0.0,0.4079258489181148,6.405381238974886e-10,0.5920741504413469,0.4079258489181148,6.405381238974886e-10,0.5920741504413469
2021-10-20,,,2021-10-20,False,0.4079258489181148,6.405381238974886e-10,0.5920741504413469,0.0,0.0,0.0,0.4059239775484028,6.40519921996752e-10,0.5940760218110771,0.4059239775484028,6.40519921996752e-10,0.5940760218110771
2021-10-21,,,2021-10-21,False,0.4059239775484028,6.40519921996752e-10,0.5940760218110771,0.0,0.0,0.0,0.4047533270790853,6.435013801643894e-10,0.5952466722774132,0.4047533270790853,6.435013801643894e-10,0.5952466722774132
2021-10-22,,,2021-10-22,False,0.4047533270790853,6.435013801643894e-10,0.5952466722774132,0.0,0.0,0.0,0.4039121613471065,6.46282741016422e-10,0.5960878380066106,0.4039121613471065,6.46282741016422e-10,0.5960878380066106
2021-10-25,,,2021-10-25,False,0.4039121613471065,6.46282741016422e-10,0.5960878380066106,0.0,0.0,0.0,0.40405168533103575,6.50669581763156e-10,0.5959483140182945,0.40405168533103575,6.50669581763156e-10,0.5959483140182945
2021-10-26,,,2021-10-26,False,0.40405168533103575,6.50669581763156e-10,0.5959483140182945,0.0,0.0,0.0,0.40594774992117877,6.498536575313514e-10,0.5940522494289674,0.40594774992117877,6.498536575313514e-10,0.5940522494289674
2021-10-27,,,2021-10-27,False,0.40594774992117877,6.498536575313514e-10,0.5940522494289674,0.0,0.0,0.0,0.40518602870872716,6.455263724155776e-10,0.5948139706457463,0.40518602870872716,6.455263724155776e-10,0.5948139706457463
2021-10-28,,,2021-10-28,False,0.40518602870872716,6.455263724155776e-10,0.5948139706457463,0.0,0.0,0.0,0.40046791493417855,6.544249608795978e-10,0.5995320844113964,0.40046791493417855,6.544249608795978e-10,0.5995320844113964
2021-10-29,,,2021-10-29,False,0.40046791493417855,6.544249608795978e-10,0.5995320844113964,0.0,0.0,0.0,0.3974374988604253,6.55188873107069e-10,0.6025625004843858,0.3974374988604253,6.55188873107069e-10,0.6025625004843858
2021-11-01,,,2021-11-01,False,0.3974374988604253,6.55188873107069e-10,0.6025625004843858,0.0,0.0,0.0,0.4009160846947482,6.479597383836361e-10,0.5990839146572919,0.4009160846947482,6.479597383836361e-10,0.5990839146572919
2021-11-02,,,2021-11-02,False,0.4009160846947482,6.479597383836361e-10,0.5990839146572919,0.0,0.0,0.0,0.40037036244110846,6.512208838297839e-10,0.5996296369076706,0.40037036244110846,6.512208838297839e-10,0.5996296369076706
2021-11-03,,,2021-11-03,False,0.40037036244110846,6.512208838297839e-10,0.5996296369076706,0.0,0.0,0.0,0.39956261815961613,6.465788654025202e-10,0.600437381193805,0.39956261815961613,6.465788654025202e-10,0.600437381193805
2021-11-04,2021-11-04,2021-11-04,2021-11-04,True,0.39956261815961613,6.465788654025202e-10,0.600437381193805,0.39999999978208584,2.1795391393045461e-10,0.5999999999999612,0.39999999978208584,2.1795391393045461e-10,0.5999999999999612,0.40074390416238126,6.494020917579698e-10,0.5992560951882165
2021-11-08,,,2021-11-08,False,0.39999999978208584,2.1795391393045461e-10,0.5999999999999612,0.0,0.0,0.0,0.40202586535880297,2.1795326586848978e-10,0.5979741344232448,0.40202586535880297,2.1795326586848978e-10,0.5979741344232448
2021-11-09,,,2021-11-09,False,0.40202586535880297,2.1795326586848978e-10,0.5979741344232448,0.0,0.0,0.0,0.40170236989596464,2.189644694594985e-10,0.5982976298850718,0.40170236989596464,2.189644694594985e-10,0.5982976298850718
2021-11-10,,,2021-11-10,False,0.40170236989596464,2.189644694594985e-10,0.5982976298850718,0.0,0.0,0.0,0.40133943616856094,2.1972604858995844e-10,0.598660563611714,0.40133943616856094,2.1972604858995844e-10,0.598660563611714
2021-11-11,,,2021-11-11,False,0.40133943616856094,2.1972604858995844e-10,0.598660563611714,0.0,0.0,0.0,0.3994183365622275,2.2523115604452463e-10,0.6005816632125424,0.3994183365622275,2.2523115604452463e-10,0.6005816632125424
2021-11-12,,,2021-11-12,False,0.3994183365622275,2.2523115604452463e-10,0.6005816632125424,0.0,0.0,0.0,0.4024805380951828,2.2277304596824747e-10,0.5975194616820451,0.4024805380951828,2.2277304596824747e-10,0.5975194616820451
2021-11-15,,,2021-11-15,False,0.4024805380951828,2.2277304596824747e-10,0.5975194616820451,0.0,0.0,0.0,0.40256952208253677,2.2378929631066608e-10,0.5974304776936749,0.40256952208253677,2.2378929631066608e-10,0.5974304776936749
2021-11-16,,,2021-11-16,False,0.40256952208253677,2.2378929631066608e-10,0.5974304776936749,0.0,0.0,0.0,0.4010993031484525,2.2512674615229155e-10,0.5989006966264216,0.4010993031484525,2.2512674615229155e-10,0.5989006966264216
2021-11-17,,,2021-11-17,False,0.4010993031484525,2.2512674615229155e-10,0.5989006966264216,0.0,0.0,0.0,0.3997519600594985,2.2426031150891136e-10,0.6002480397162421,0.3997519600594985,2.2426031150891136e-10,0.6002480397162421
2021-11-18,,,2021-11-18,False,0.3997519600594985,2.2426031150891136e-10,0.6002480397162421,0.0,0.0,0.0,0.3979545779964168,2.2530421336223067e-10,0.6020454217782798,0.3979545779964168,2.2530421336223067e-10,0.6020454217782798
2021-11-22,,,2021-11-22,False,0.3979545779964168,2.2530421336223067e-10,0.6020454217782798,0.0,0.0,0.0,0.393220941855673,2.2505059988131137e-10,0.6067790579192772,0.393220941855673,2.2505059988131137e-10,0.6067790579192772
2021-11-23,,,2021-11-23,False,0.393220941855673,2.2505059988131137e-10,0.6067790579192772,0.0,0.0,0.0,0.39441012136763254,2.1987809582377194e-10,0.6055898784124903,0.39441012136763254,2.1987809582377194e-10,0.6055898784124903
2021-11-24,,,2021-11-24,False,0.39441012136763254,2.1987809582377194e-10,0.6055898784124903,0.0,0.0,0.0,0.39320039189506206,2.1956900326228113e-10,0.6067996078853699,0.39320039189506206,2.1956900326228113e-10,0.6067996078853699
2021-11-25,,,2021-11-25,False,0.39320039189506206,2.1956900326228113e-10,0.6067996078853699,0.0,0.0,0.0,0.3948563429746746,2.1950127326045366e-10,0.6051436568058252,0.3948563429746746,2.1950127326045366e-10,0.6051436568058252
2021-11-26,,,2021-11-26,False,0.3948563429746746,2.1950127326045366e-10,0.6051436568058252,0.0,0.0,0.0,0.38782925388641215,2.2457715034491923e-10,0.6121707458890117,0.38782925388641215,2.2457715034491923e-10,0.6121707458890117
2021-11-29,,,2021-11-29,False,0.38782925388641215,2.2457715034491923e-10,0.6121707458890117,0.0,0.0,0.0,0.3882148654733023,2.2363195996182688e-10,0.6117851343030668,0.3882148654733023,2.2363195996182688e-10,0.6117851343030668
2021-11-30,,,2021-11-30,False,0.3882148654733023,2.2363195996182688e-10,0.6117851343030668,0.0,0.0,0.0,0.3867281931114527,2.2311237294580104e-10,0.613271806665436,0.3867281931114527,2.2311237294580104e-10,0.613271806665436
2021-12-01,,,2021-12-01,False,0.3867281931114527,2.2311237294580104e-10,0.613271806665436,0.0,0.0,0.0,0.38928288393852245,2.2057720846008418e-10,0.6107171158409014,0.38928288393852245,2.2057720846008418e-10,0.6107171158409014
2021-12-02,,,2021-12-02,False,0.38928288393852245,2.2057720846008418e-10,0.6107171158409014,0.0,0.0,0.0,0.3925166855758642,2.181846747224461e-10,0.6074833142059521,0.3925166855758642,2.181846747224461e-10,0.6074833142059521
2021-12-03,,,2021-12-03,False,0.3925166855758642,2.181846747224461e-10,0.6074833142059521,0.0,0.0,0.0,0.3896952845809735,2.1887707211412165e-10,0.6103047152001505,0.3896952845809735,2.1887707211412165e-10,0.6103047152001505
2021-12-06,,,2021-12-06,False,0.3896952845809735,2.1887707211412165e-10,0.6103047152001505,0.0,0.0,0.0,0.3857334081168255,2.2234149308078676e-10,0.6142665916608341,0.3857334081168255,2.2234149308078676e-10,0.6142665916608341
2021-12-07,2021-12-07,2021-12-07,2021-12-07,True,0.3857334081168255,2.2234149308078676e-10,0.6142665916608341,0.028244168792266506,0.25000246190514264,0.7217533693025909,0.028244168792266506,0.25000246190514264,0.7217533693025909,0.389418556230957,2.2058173140478076e-10,0.6105814435484622
2021-12-08,,,2021-12-08,False,0.028244168792266506,0.25000246190514264,0.7217533693025909,0.0,0.0,0.0,0.028668756871047134,0.25101716324070245,0.7203140798882506,0.028668756871047134,0.25101716324070245,0.7203140798882506
2021-12-09,,,2021-12-09,False,0.028668756871047134,0.25101716324070245,0.7203140798882506,0.0,0.0,0.0,0.028764720398464963,0.2504533534525773,0.720781926148958,0.028764720398464963,0.2504533534525773,0.720781926148958
2021-12-10,,,2021-12-10,False,0.028764720398464963,0.2504533534525773,0.720781926148958,0.0,0.0,0.0,0.02876960252123259,0.2500904600090878,0.7211399374696799,0.02876960252123259,0.2500904600090878,0.7211399374696799
2021-12-13,,,2021-12-13,False,0.02876960252123259,0.2500904600090878,0.7211399374696799,0.0,0.0,0.0,0.028493139033150466,0.2514215232616108,0.7200853377052389,0.028493139033150466,0.2514215232616108,0.7200853377052389
2021-12-14,,,2021-12-14,False,0.028493139033150466,0.2514215232616108,0.7200853377052389,0.0,0.0,0.0,0.028423838542078396,0.25143758631913987,0.7201385751387819,0.028423838542078396,0.25143758631913987,0.7201385751387819
2021-12-15,,,2021-12-15,False,0.028423838542078396,0.25143758631913987,0.7201385751387819,0.0,0.0,0.0,0.028272520483545723,0.25111769084823565,0.7206097886682188,0.028272520483545723,0.25111769084823565,0.7206097886682188
2021-12-16,,,2021-12-16,False,0.028272520483545723,0.25111769084823565,0.7206097886682188,0.0,0.0,0.0,0.028272996866331473,0.2522403324689744,0.7194866706646942,0.028272996866331473,0.2522403324689744,0.7194866706646942
2021-12-17,,,2021-12-17,False,0.028272996866331473,0.2522403324689744,0.7194866706646942,0.0,0.0,0.0,0.02778280252102037,0.2542419024071287,0.717975295071851,0.02778280252102037,0.2542419024071287,0.717975295071851
2021-12-20,,,2021-12-20,False,0.02778280252102037,0.2542419024071287,0.717975295071851,0.0,0.0,0.0,0.02723849918116013,0.25313382923219574,0.7196276715866441,0.02723849918116013,0.25313382923219574,0.7196276715866441
2021-12-21,,,2021-12-21,False,0.02723849918116013,0.25313382923219574,0.7196276715866441,0.0,0.0,0.0,0.027516742853144406,0.2523022010849925,0.720181056061863,0.027516742853144406,0.2523022010849925,0.720181056061863
2021-12-22,,,2021-12-22,False,0.027516742853144406,0.2523022010849925,0.720181056061863,0.0,0.0,0.0,0.027839833958971886,0.25145593326218674,0.7207042327788413,0.027839833958971886,0.25145593326218674,0.7207042327788413
2021-12-23,,,2021-12-23,False,0.027839833958971886,0.25145593326218674,0.7207042327788413,0.0,0.0,0.0,0.027997976969550694,0.25217734913930173,0.7198246738911475,0.027997976969550694,0.25217734913930173,0.7198246738911475
2021-12-24,,,2021-12-24,False,0.027997976969550694,0.25217734913930173,0.7198246738911475,0.0,0.0,0.0,0.027884641355428837,0.2522944691791711,0.7198208894653999,0.027884641355428837,0.2522944691791711,0.7198208894653999
2021-12-27,,,2021-12-27,False,0.027884641355428837,0.2522944691791711,0.7198208894653999,0.0,0.0,0.0,0.028036693889188873,0.251719095787191,0.7202442103236198,0.028036693889188873,0.251719095787191,0.7202442103236198
2021-12-28,,,2021-12-28,False,0.028036693889188873,0.251719095787191,0.7202442103236198,0.0,0.0,0.0,0.028267664743107723,0.25174894742114123,0.7199833878357508,0.028267664743107723,0.25174894742114123,0.7199833878357508
2021-12-29,,,2021-12-29,False,0.028267664743107723,0.25174894742114123,0.7199833878357508,0.0,0.0,0.0,0.028254943078560194,0.2512569213609849,0.7204881355604547,0.028254943078560194,0.2512569213609849,0.7204881355604547
2021-12-30,,,2021-12-30,False,0.028254943078560194,0.2512569213609849,0.7204881355604547,0.0,0.0,0.0,0.0282875042550169,0.24998944839715764,0.7217230473478251,0.0282875042550169,0.24998944839715764,0.7217230473478251
2021-12-31,,,2021-12-31,False,0.0282875042550169,0.24998944839715764,0.7217230473478251,0.0,0.0,0.0,0.028440831320322248,0.250742160275093,0.7208170084045844,0.028440831320322248,0.250742160275093,0.7208170084045844
2022-01-03,,,2022-01-03,False,0.028440831320322248,0.250742160275093,0.7208170084045844,0.0,0.0,0.0,0.028829829747931694,0.25176264967298273,0.7194075205790852,0.028829829747931694,0.25176264967298273,0.7194075205790852
2022-01-04,,,2022-01-04,False,0.028829829747931694,0.25176264967298273,0.7194075205790852,0.0,0.0,0.0,0.029162455142273537,0.2504681417390968,0.7203694031186292,0.029162455142273537,0.2504681417390968,0.7203694031186292
2022-01-05,2022-01-05,2022-01-05,2022-01-05,True,0.029162455142273537,0.2504681417390968,0.7203694031186292,0.022958845188936802,0.25000431273739115,0.7270368420736721,0.022958845188936802,0.25000431273739115,0.7270368420736721,0.029335509736171515,0.2508714086713349,0.7197930815924932
2022-01-06,,,2022-01-06,False,0.022958845188936802,0.25000431273739115,0.7270368420736721,0.0,0.0,0.0,0.022778211932753888,0.24861503746311678,0.7286067506041294,0.022778211932753888,0.24861503746311678,0.7286067506041294
2022-01-07,,,2022-01-07,False,0.022778211932753888,0.24861503746311678,0.7286067506041294,0.0,0.0,0.0,0.0228825165056138,0.24791187028866346,0.7292056132057227,0.0228825165056138,0.24791187028866346,0.7292056132057227
2022-01-10,,,2022-01-10,False,0.0228825165056138,0.24791187028866346,0.7292056132057227,0.0,0.0,0.0,0.023124664114678433,0.24776224343119532,0.7291130924541264,0.023124664114678433,0.24776224343119532,0.7291130924541264
2022-01-11,,,2022-01-11,False,0.023124664114678433,0.24776224343119532,0.7291130924541264,0.0,0.0,0.0,0.02317073379774934,0.2483784936688252,0.7284507725334256,0.02317073379774934,0.2483784936688252,0.7284507725334256
2022-01-12,,,2022-01-12,False,0.02317073379774934,0.2483784936688252,0.7284507725334256,0.0,0.0,0.0,0.02335011523683735,0.24887175096932282,0.72777813379384,0.02335011523683735,0.24887175096932282,0.72777813379384
2022-01-13,,,2022-01-13,False,0.02335011523683735,0.24887175096932282,0.72777813379384,0.0,0.0,0.0,0.023394517751684715,0.24926588126719687,0.7273396009811186,0.023394517751684715,0.24926588126719687,0.7273396009811186
2022-01-14,,,2022-01-14,False,0.023394517751684715,0.24926588126719687,0.7273396009811186,0.0,0.0,0.0,0.02337647655730157,0.24976318276982032,0.7268603406728783,0.02337647655730157,0.24976318276982032,0.7268603406728783
2022-01-17,,,2022-01-17,False,0.02337647655730157,0.24976318276982032,0.7268603406728783,0.0,0.0,0.0,0.023441938801110392,0.24974644135619214,0.7268116198426976,0.023441938801110392,0.24974644135619214,0.7268116198426976
2022-01-18,,,2022-01-18,False,0.023441938801110392,0.24974644135619214,0.7268116198426976,0.0,0.0,0.0,0.023199215378206493,0.24976188930788495,0.7270388953139086,0.023199215378206493,0.24976188930788495,0.7270388953139086
2022-01-19,,,2022-01-19,False,0.023199215378206493,0.24976188930788495,0.7270388953139086,0.0,0.0,0.0,0.022969774872070064,0.25018050748736287,0.726849717640567,0.022969774872070064,0.25018050748736287,0.726849717640567
2022-01-20,,,2022-01-20,False,0.022969774872070064,0.25018050748736287,0.726849717640567,0.0,0.0,0.0,0.022681381339126876,0.25226269266046264,0.7250559260004105,0.022681381339126876,0.25226269266046264,0.7250559260004105
2022-01-21,,,2022-01-21,False,0.022681381339126876,0.25226269266046264,0.7250559260004105,0.0,0.0,0.0,0.022535000070344726,0.25136262818779415,0.7261023717418611,0.022535000070344726,0.25136262818779415,0.7261023717418611
2022-01-24,,,2022-01-24,False,0.022535000070344726,0.25136262818779415,0.7261023717418611,0.0,0.0,0.0,0.021923076238984207,0.2524120111538039,0.7256649126072118,0.021923076238984207,0.2524120111538039,0.7256649126072118
2022-01-25,,,2022-01-25,False,0.021923076238984207,0.2524120111538039,0.7256649126072118,0.0,0.0,0.0,0.02208166673881401,0.2524620297608827,0.7254563035003032,0.02208166673881401,0.2524620297608827,0.7254563035003032
2022-01-27,,,2022-01-27,False,0.02208166673881401,0.2524620297608827,0.7254563035003032,0.0,0.0,0.0,0.021903307162908652,0.251435746521601,0.7266609463154902,0.021903307162908652,0.251435746521601,0.7266609463154902
2022-01-28,,,2022-01-28,False,0.021903307162908652,0.251435746521601,0.7266609463154902,0.0,0.0,0.0,0.021944494523330124,0.2496790106197375,0.7283764948569321,0.021944494523330124,0.2496790106197375,0.7283764948569321
2022-01-31,,,2022-01-31,False,0.021944494523330124,0.2496790106197375,0.7283764948569321,0.0,0.0,0.0,0.02222838257173512,0.2483554063210937,0.7294162111071709,0.02222838257173512,0.2483554063210937,0.7294162111071709
2022-02-01,,,2022-02-01,False,0.02222838257173512,0.2483554063210937,0.7294162111071709,0.0,0.0,0.0,0.022484916450723185,0.2496366756813164,0.7278784078679602,0.022484916450723185,0.2496366756813164,0.7278784078679602
2022-02-02,,,2022-02-02,False,0.022484916450723185,0.2496366756813164,0.7278784078679602,0.0,0.0,0.0,0.02274434889246813,0.24939147110186552,0.727864180005666,0.02274434889246813,0.24939147110186552,0.727864180005666
2022-02-03,,,2022-02-03,False,0.02274434889246813,0.24939147110186552,0.727864180005666,0.0,0.0,0.0,0.022462584156432812,0.24968529227631334,0.7278521235672535,0.022462584156432812,0.24968529227631334,0.7278521235672535
2022-02-04,2022-02-04,2022-02-04,2022-02-04,True,0.022462584156432812,0.24968529227631334,0.7278521235672535,0.3999999994536106,3.275030533417769e-10,0.6000000002188892,0.3999999994536106,3.275030533417769e-10,0.6000000002188892,0.022402305130339677,0.2498795746501229,0.7277181202195371
2022-02-07,,,2022-02-07,False,0.3999999994536106,3.275030533417769e-10,0.6000000002188892,0.0,0.0,0.0,0.3958236636606305,3.3002050248419406e-10,0.6041763360093519,0.3958236636606305,3.3002050248419406e-10,0.6041763360093519
2022-02-08,,,2022-02-08,False,0.3958236636606305,3.3002050248419406e-10,0.6041763360093519,0.0,0.0,0.0,0.39656353496891283,3.311239875873756e-10,0.603436464699966,0.39656353496891283,3.311239875873756e-10,0.603436464699966
2022-02-09,,,2022-02-09,False,0.39656353496891283,3.311239875873756e-10,0.603436464699966,0.0,0.0,0.0,0.3992821696942464,3.3097217371614147e-10,0.6007178299747843,0.3992821696942464,3.3097217371614147e-10,0.6007178299747843
2022-02-10,,,2022-02-10,False,0.3992821696942464,3.3097217371614147e-10,0.6007178299747843,0.0,0.0,0.0,0.4012268183331952,3.3131491733878943e-10,0.5987731813354927,0.4012268183331952,3.3131491733878943e-10,0.5987731813354927
2022-02-11,,,2022-02-11,False,0.4012268183331952,3.3131491733878943e-10,0.5987731813354927,0.0,0.0,0.0,0.3980542486377482,3.3322505825406597e-10,0.6019457510290297,0.3980542486377482,3.3322505825406597e-10,0.6019457510290297
2022-02-14,,,2022-02-14,False,0.3980542486377482,3.3322505825406597e-10,0.6019457510290297,0.0,0.0,0.0,0.3906278808308874,3.4349279445251155e-10,0.6093721188256228,0.3906278808308874,3.4349279445251155e-10,0.6093721188256228
2022-02-15,,,2022-02-15,False,0.3906278808308874,3.4349279445251155e-10,0.6093721188256228,0.0,0.0,0.0,0.3977489123364543,3.3758560297604764e-10,0.602251087325963,0.3977489123364543,3.3758560297604764e-10,0.602251087325963
2022-02-16,,,2022-02-16,False,0.3977489123364543,3.3758560297604764e-10,0.602251087325963,0.0,0.0,0.0,0.3973286718046918,3.371852033116404e-10,0.6026713278581258,0.3973286718046918,3.371852033116404e-10,0.6026713278581258
2022-02-17,,,2022-02-17,False,0.3973286718046918,3.371852033116404e-10,0.6026713278581258,0.0,0.0,0.0,0.3970852800865239,3.432545628355483e-10,0.6029147195702244,0.3970852800865239,3.432545628355483e-10,0.6029147195702244
2022-02-18,,,2022-02-18,False,0.3970852800865239,3.432545628355483e-10,0.6029147195702244,0.0,0.0,0.0,0.3966935123393485,3.41815241872545e-10,0.6033064873188391,0.3966935123393485,3.41815241872545e-10,0.6033064873188391
2022-02-21,,,2022-02-21,False,0.3966935123393485,3.41815241872545e-10,0.6033064873188391,0.0,0.0,0.0,0.39572710323394644,3.4172846677714854e-10,0.6042728964243279,0.39572710323394644,3.4172846677714854e-10,0.6042728964243279
2022-02-22,,,2022-02-22,False,0.39572710323394644,3.4172846677714854e-10,0.6042728964243279,0.0,0.0,0.0,0.39413233535388087,3.448562655226112e-10,0.6058676643012657,0.39413233535388087,3.448562655226112e-10,0.6058676643012657
2022-02-23,,,2022-02-23,False,0.39413233535388087,3.448562655226112e-10,0.6058676643012657,0.0,0.0,0.0,0.3937276208669723,3.427796778855947e-10,0.6062723787902509,0.3937276208669723,3.427796778855947e-10,0.6062723787902509
2022-02-24,,,2022-02-24,False,0.3937276208669723,3.427796778855947e-10,0.6062723787902509,0.0,0.0,0.0,0.382105633348688,3.6175859546605904e-10,0.6178943662895563,0.382105633348688,3.6175859546605904e-10,0.6178943662895563
2022-02-25,,,2022-02-25,False,0.382105633348688,3.6175859546605904e-10,0.6178943662895563,0.0,0.0,0.0,0.3880105737419864,3.502679148870222e-10,0.6119894259077486,0.3880105737419864,3.502679148870222e-10,0.6119894259077486
2022-02-28,,,2022-02-28,False,0.3880105737419864,3.502679148870222e-10,0.6119894259077486,0.0,0.0,0.0,0.38991901806177265,3.489105952434909e-10,0.6100809815893198,0.38991901806177265,3.489105952434909e-10,0.6100809815893198
2022-03-02,,,2022-03-02,False,0.38991901806177265,3.489105952434909e-10,0.6100809815893198,0.0,0.0,0.0,0.38724741451604566,3.568735839523161e-10,0.6127525851270839,0.38724741451604566,3.568735839523161e-10,0.6127525851270839
2022-03-03,,,2022-03-03,False,0.38724741451604566,3.568735839523161e-10,0.6127525851270839,0.0,0.0,0.0,0.3857017356630971,3.5785441871435076e-10,0.6142982639790516,0.3857017356630971,3.5785441871435076e-10,0.6142982639790516
2022-03-04,,,2022-03-04,False,0.3857017356630971,3.5785441871435076e-10,0.6142982639790516,0.0,0.0,0.0,0.38204866971740215,3.6200581750975474e-10,0.6179513299205951,0.38204866971740215,3.6200581750975474e-10,0.6179513299205951
2022-03-07,,,2022-03-07,False,0.38204866971740215,3.6200581750975474e-10,0.6179513299205951,0.0,0.0,0.0,0.37644626655696733,3.7633605357693633e-10,0.6235537330666997,0.37644626655696733,3.7633605357693633e-10,0.6235537330666997
2022-03-08,2022-03-08,2022-03-08,2022-03-08,True,0.37644626655696733,3.7633605357693633e-10,0.6235537330666997,0.0518232895541127,0.25003338818624554,0.6981433222596418,0.0518232895541127,0.25003338818624554,0.6981433222596418,0.3786624187981791,3.744278822812228e-10,0.621337580827396
2022-03-09,,,2022-03-09,False,0.0518232895541127,0.25003338818624554,0.6981433222596418,0.0,0.0,0.0,0.05291833503170856,0.24866196272541272,0.6984197022428787,0.05291833503170856,0.24866196272541272,0.6984197022428787
2022-03-10,,,2022-03-10,False,0.05291833503170856,0.24866196272541272,0.6984197022428787,0.0,0.0,0.0,0.05393529100410004,0.2449276846751907,0.7011370243207093,0.05393529100410004,0.2449276846751907,0.7011370243207093
2022-03-11,,,2022-03-11,False,0.05393529100410004,0.2449276846751907,0.7011370243207093,0.0,0.0,0.0,0.05390277288332291,0.24687381424772217,0.6992234128689551,0.05390277288332291,0.24687381424772217,0.6992234128689551
2022-03-14,,,2022-03-14,False,0.05390277288332291,0.24687381424772217,0.6992234128689551,0.0,0.0,0.0,0.05483194817947583,0.2440454880106263,0.701122563809898,0.05483194817947583,0.2440454880106263,0.701122563809898
2022-03-15,,,2022-03-15,False,0.05483194817947583,0.2440454880106263,0.701122563809898,0.0,0.0,0.0,0.054283714081435196,0.24292689734884823,0.7027893885697167,0.054283714081435196,0.24292689734884823,0.7027893885697167
2022-03-16,,,2022-03-16,False,0.054283714081435196,0.24292689734884823,0.7027893885697167,0.0,0.0,0.0,0.0552756989339596,0.24226682310594574,0.7024574779600947,0.0552756989339596,0.24226682310594574,0.7024574779600947
2022-03-17,,,2022-03-17,False,0.0552756989339596,0.24226682310594574,0.7024574779600947,0.0,0.0,0.0,0.056233203483708694,0.24201949271349804,0.7017473038027933,0.056233203483708694,0.24201949271349804,0.7017473038027933
2022-03-21,,,2022-03-21,False,0.056233203483708694,0.24201949271349804,0.7017473038027933,0.0,0.0,0.0,0.05574055754972994,0.2417810513266697,0.7024783911236004,0.05574055754972994,0.2417810513266697,0.7024783911236004
2022-03-22,,,2022-03-22,False,0.05574055754972994,0.2417810513266697,0.7024783911236004,0.0,0.0,0.0,0.056293206257421353,0.24237185758962843,0.7013349361529504,0.056293206257421353,0.24237185758962843,0.7013349361529504
2022-03-23,,,2022-03-23,False,0.056293206257421353,0.24237185758962843,0.7013349361529504,0.0,0.0,0.0,0.05604781016841641,0.242839372398722,0.7011128174328617,0.05604781016841641,0.242839372398722,0.7011128174328617
2022-03-24,,,2022-03-24,False,0.05604781016841641,0.242839372398722,0.7011128174328617,0.0,0.0,0.0,0.05592862510359386,0.24351920750608244,0.7005521673903238,0.05592862510359386,0.24351920750608244,0.7005521673903238
2022-03-25,,,2022-03-25,False,0.05592862510359386,0.24351920750608244,0.7005521673903238,0.0,0.0,0.0,0.055650887766621776,0.2444412943086348,0.6999078179247437,0.055650887766621776,0.2444412943086348,0.6999078179247437
2022-03-28,,,2022-03-28,False,0.055650887766621776,0.2444412943086348,0.6999078179247437,0.0,0.0,0.0,0.05595383431134058,0.2431477101132252,0.7008984555754345,0.05595383431134058,0.2431477101132252,0.7008984555754345
2022-03-29,,,2022-03-29,False,0.05595383431134058,0.2431477101132252,0.7008984555754345,0.0,0.0,0.0,0.056366035040999886,0.2417819700569958,0.7018519949020046,0.056366035040999886,0.2417819700569958,0.7018519949020046
2022-03-30,,,2022-03-30,False,0.056366035040999886,0.2417819700569958,0.7018519949020046,0.0,0.0,0.0,0.056918485185205814,0.24135554127570064,0.7017259735390938,0.056918485185205814,0.24135554127570064,0.7017259735390938
2022-03-31,,,2022-03-31,False,0.056918485185205814,0.24135554127570064,0.7017259735390938,0.0,0.0,0.0,0.05672025321280301,0.24103092923675068,0.7022488175504464,0.05672025321280301,0.24103092923675068,0.7022488175504464
2022-04-01,,,2022-04-01,False,0.05672025321280301,0.24103092923675068,0.7022488175504464,0.0,0.0,0.0,0.057209440628979744,0.2427304362264291,0.7000601231445913,0.057209440628979744,0.2427304362264291,0.7000601231445913
2022-04-04,,,2022-04-04,False,0.057209440628979744,0.2427304362264291,0.7000601231445913,0.0,0.0,0.0,0.05848866425344099,0.2409866216740597,0.7005247140724994,0.05848866425344099,0.2409866216740597,0.7005247140724994
2022-04-05,,,2022-04-05,False,0.05848866425344099,0.2409866216740597,0.7005247140724994,0.0,0.0,0.0,0.05816720878497105,0.24143376989086188,0.7003990213241671,0.05816720878497105,0.24143376989086188,0.7003990213241671
2022-04-06,,,2022-04-06,False,0.05816720878497105,0.24143376989086188,0.7003990213241671,0.0,0.0,0.0,0.05765314843108492,0.2422926972159831,0.7000541543529321,0.05765314843108492,0.2422926972159831,0.7000541543529321
2022-04-07,2022-04-07,2022-04-07,2022-04-07,True,0.05765314843108492,0.2422926972159831,0.7000541543529321,0.06021550627169639,0.250022648578798,0.6897618451495057,0.06021550627169639,0.250022648578798,0.6897618451495057,0.05709376074325625,0.2430450631745384,0.6998611760822053
2022-04-08,,,2022-04-08,False,0.06021550627169639,0.250022648578798,0.6897618451495057,0.0,0.0,0.0,0.06067258476779854,0.2499813317939491,0.6893460834382523,0.06067258476779854,0.2499813317939491,0.6893460834382523
2022-04-11,,,2022-04-11,False,0.06067258476779854,0.2499813317939491,0.6893460834382523,0.0,0.0,0.0,0.060133308819924056,0.2524188866287559,0.6874478045513199,0.060133308819924056,0.2524188866287559,0.6874478045513199
2022-04-12,,,2022-04-12,False,0.060133308819924056,0.2524188866287559,0.6874478045513199,0.0,0.0,0.0,0.05967722007724173,0.25245966939313774,0.6878631105296203,0.05967722007724173,0.25245966939313774,0.6878631105296203
2022-04-13,,,2022-04-13,False,0.05967722007724173,0.25245966939313774,0.6878631105296203,0.0,0.0,0.0,0.059326593149671744,0.2547132921391607,0.6859601147111674,0.059326593149671744,0.2547132921391607,0.6859601147111674
2022-04-18,,,2022-04-18,False,0.059326593149671744,0.2547132921391607,0.6859601147111674,0.0,0.0,0.0,0.058212300503488176,0.25688245595162923,0.6849052435448824,0.058212300503488176,0.25688245595162923,0.6849052435448824
2022-04-19,,,2022-04-19,False,0.058212300503488176,0.25688245595162923,0.6849052435448824,0.0,0.0,0.0,0.05759235897523111,0.25619868328076945,0.6862089577439993,0.05759235897523111,0.25619868328076945,0.6862089577439993
2022-04-20,,,2022-04-20,False,0.05759235897523111,0.25619868328076945,0.6862089577439993,0.0,0.0,0.0,0.05840857049258066,0.2528820975632421,0.6887093319441772,0.05840857049258066,0.2528820975632421,0.6887093319441772
2022-04-21,,,2022-04-21,False,0.05840857049258066,0.2528820975632421,0.6887093319441772,0.0,0.0,0.0,0.05923333012490833,0.2526216101276474,0.6881450597474442,0.05923333012490833,0.2526216101276474,0.6881450597474442
2022-04-22,,,2022-04-22,False,0.05923333012490833,0.2526216101276474,0.6881450597474442,0.0,0.0,0.0,0.05848618882145774,0.2533108624049571,0.6882029487735851,0.05848618882145774,0.2533108624049571,0.6882029487735851
2022-04-25,,,2022-04-25,False,0.05848618882145774,0.2533108624049571,0.6882029487735851,0.0,0.0,0.0,0.0579258993585517,0.25169965106972253,0.6903744495717257,0.0579258993585517,0.25169965106972253,0.6903744495717257
2022-04-26,,,2022-04-26,False,0.0579258993585517,0.25169965106972253,0.6903744495717257,0.0,0.0,0.0,0.058805837185976734,0.25039768051514444,0.6907964822988787,0.058805837185976734,0.25039768051514444,0.6907964822988787
2022-04-27,,,2022-04-27,False,0.058805837185976734,0.25039768051514444,0.6907964822988787,0.0,0.0,0.0,0.05835175771149417,0.24965242539535545,0.6919958168931503,0.05835175771149417,0.24965242539535545,0.6919958168931503
2022-04-28,,,2022-04-28,False,0.05835175771149417,0.24965242539535545,0.6919958168931503,0.0,0.0,0.0,0.05905044701425524,0.2490524461258071,0.6918971068599374,0.05905044701425524,0.2490524461258071,0.6918971068599374
2022-04-29,,,2022-04-29,False,0.05905044701425524,0.2490524461258071,0.6918971068599374,0.0,0.0,0.0,0.05835229931501822,0.25073358294881626,0.6909141177361654,0.05835229931501822,0.25073358294881626,0.6909141177361654
2022-05-02,,,2022-05-02,False,0.05835229931501822,0.25073358294881626,0.6909141177361654,0.0,0.0,0.0,0.058451394275862927,0.2481119464912596,0.6934366592328772,0.058451394275862927,0.2481119464912596,0.6934366592328772
2022-05-04,,,2022-05-04,False,0.058451394275862927,0.2481119464912596,0.6934366592328772,0.0,0.0,0.0,0.05724497492757557,0.2476814018840545,0.6950736231883696,0.05724497492757557,0.2476814018840545,0.6950736231883696
2022-05-05,,,2022-05-05,False,0.05724497492757557,0.2476814018840545,0.6950736231883696,0.0,0.0,0.0,0.05708170667860494,0.2500440202306904,0.6928742730907045,0.05708170667860494,0.2500440202306904,0.6928742730907045
2022-05-06,,,2022-05-06,False,0.05708170667860494,0.2500440202306904,0.6928742730907045,0.0,0.0,0.0,0.05620171465184371,0.25031677540344394,0.6934815099447121,0.05620171465184371,0.25031677540344394,0.6934815099447121
2022-05-09,,,2022-05-09,False,0.05620171465184371,0.25031677540344394,0.6934815099447121,0.0,0.0,0.0,0.05588882642295253,0.24986245028458234,0.6942487232924649,0.05588882642295253,0.24986245028458234,0.6942487232924649
2022-05-10,,,2022-05-10,False,0.05588882642295253,0.24986245028458234,0.6942487232924649,0.0,0.0,0.0,0.05573892816328289,0.24923957373881658,0.6950214980979003,0.05573892816328289,0.24923957373881658,0.6950214980979003
2022-05-11,2022-05-11,2022-05-11,2022-05-11,True,0.05573892816328289,0.24923957373881658,0.6950214980979003,0.05946693866272678,0.25002364880156447,0.6905094125357087,0.05946693866272678,0.25002364880156447,0.6905094125357087,0.05556543684157263,0.24845713648998405,0.6959774266684431
2022-05-12,,,2022-05-12,False,0.05946693866272678,0.25002364880156447,0.6905094125357087,0.0,0.0,0.0,0.05823580258394515,0.2501821356748754,0.6915820617411795,0.05823580258394515,0.2501821356748754,0.6915820617411795
2022-05-13,,,2022-05-13,False,0.05823580258394515,0.2501821356748754,0.6915820617411795,0.0,0.0,0.0,0.058345089106372115,0.24764014272781532,0.6940147681658126,0.058345089106372115,0.24764014272781532,0.6940147681658126
2022-05-16,,,2022-05-16,False,0.058345089106372115,0.24764014272781532,0.6940147681658126,0.0,0.0,0.0,0.058648071511191835,0.24638187607478307,0.6949700524140252,0.058648071511191835,0.24638187607478307,0.6949700524140252
2022-05-17,,,2022-05-17,False,0.058648071511191835,0.24638187607478307,0.6949700524140252,0.0,0.0,0.0,0.05996267828723031,0.2477198067010394,0.6923175150117304,0.05996267828723031,0.2477198067010394,0.6923175150117304
2022-05-18,,,2022-05-18,False,0.05996267828723031,0.2477198067010394,0.6923175150117304,0.0,0.0,0.0,0.05994754479695978,0.24709281525179982,0.6929596399512405,0.05994754479695978,0.24709281525179982,0.6929596399512405
2022-05-19,,,2022-05-19,False,0.05994754479695978,0.24709281525179982,0.6929596399512405,0.0,0.0,0.0,0.058383340630156155,0.24834391777098588,0.6932727415988581,0.058383340630156155,0.24834391777098588,0.6932727415988581
2022-05-20,,,2022-05-20,False,0.058383340630156155,0.24834391777098588,0.6932727415988581,0.0,0.0,0.0,0.05985702031759118,0.24933643107003875,0.6908065486123702,0.05985702031759118,0.24933643107003875,0.6908065486123702
2022-05-23,,,2022-05-23,False,0.05985702031759118,0.24933643107003875,0.6908065486123702,0.0,0.0,0.0,0.05956737317179878,0.25078751703170593,0.6896451097964955,0.05956737317179878,0.25078751703170593,0.6896451097964955
2022-05-24,,,2022-05-24,False,0.05956737317179878,0.25078751703170593,0.6896451097964955,0.0,0.0,0.0,0.05931800605790973,0.2501030181700506,0.69057897577204,0.05931800605790973,0.2501030181700506,0.69057897577204
2022-05-25,,,2022-05-25,False,0.05931800605790973,0.2501030181700506,0.69057897577204,0.0,0.0,0.0,0.05895735275811968,0.2504072334203756,0.6906354138215051,0.05895735275811968,0.2504072334203756,0.6906354138215051
2022-05-26,,,2022-05-26,False,0.05895735275811968,0.2504072334203756,0.6906354138215051,0.0,0.0,0.0,0.059541689426457406,0.24921135858203328,0.6912469519915098,0.059541689426457406,0.24921135858203328,0.6912469519915098
2022-05-27,,,2022-05-27,False,0.059541689426457406,0.24921135858203328,0.6912469519915098,0.0,0.0,0.0,0.060100487252588534,0.24993661098169592,0.6899629017657161,0.060100487252588534,0.24993661098169592,0.6899629017657161
2022-05-30,,,2022-05-30,False,0.060100487252588534,0.24993661098169592,0.6899629017657161,0.0,0.0,0.0,0.06120161910083733,0.24922967205180843,0.6895687088473548,0.06120161910083733,0.24922967205180843,0.6895687088473548
2022-05-31,,,2022-05-31,False,0.06120161910083733,0.24922967205180843,0.6895687088473548,0.0,0.0,0.0,0.060830313671215226,0.24869573952529478,0.6904739468034905,0.060830313671215226,0.24869573952529478,0.6904739468034905
2022-06-01,,,2022-06-01,False,0.060830313671215226,0.24869573952529478,0.6904739468034905,0.0,0.0,0.0,0.06076483398689971,0.24691756765634343,0.6923175983567573,0.06076483398689971,0.24691756765634343,0.6923175983567573
2022-06-02,,,2022-06-02,False,0.06076483398689971,0.24691756765634343,0.6923175983567573,0.0,0.0,0.0,0.060969614428720224,0.24878361157360301,0.6902467739976772,0.060969614428720224,0.24878361157360301,0.6902467739976772
2022-06-03,,,2022-06-03,False,0.060969614428720224,0.24878361157360301,0.6902467739976772,0.0,0.0,0.0,0.06076068799305464,0.2495452771159946,0.6896940348909513,0.06076068799305464,0.2495452771159946,0.6896940348909513
2022-06-06,,,2022-06-06,False,0.06076068799305464,0.2495452771159946,0.6896940348909513,0.0,0.0,0.0,0.060761447318638105,0.2489219343018891,0.6903166183794733,0.060761447318638105,0.2489219343018891,0.6903166183794733
2022-06-07,,,2022-06-07,False,0.060761447318638105,0.2489219343018891,0.6903166183794733,0.0,0.0,0.0,0.06028083463090042,0.2484645378135493,0.6912546275555509,0.06028083463090042,0.2484645378135493,0.6912546275555509
2022-06-08,,,2022-06-08,False,0.06028083463090042,0.2484645378135493,0.6912546275555509,0.0,0.0,0.0,0.06006659907594059,0.24860453553887774,0.6913288653851823,0.06006659907594059,0.24860453553887774,0.6913288653851823
2022-06-09,2022-06-09,2022-06-09,2022-06-09,True,0.06006659907594059,0.24860453553887774,0.6913288653851823,0.05543208196251432,0.25002630940543025,0.6945416086320554,0.05543208196251432,0.25002630940543025,0.6945416086320554,0.06046304403174775,0.24879112626894728,0.6907458296993056
2022-06-10,,,2022-06-10,False,0.05543208196251432,0.25002630940543025,0.6945416086320554,0.0,0.0,0.0,0.05459723053199773,0.2496625347659721,0.6957402347020302,0.05459723053199773,0.2496625347659721,0.6957402347020302
2022-06-13,,,2022-06-13,False,0.05459723053199773,0.2496625347659721,0.6957402347020302,0.0,0.0,0.0,0.05311806802111488,0.2516437541369615,0.6952381778419235,0.05311806802111488,0.2516437541369615,0.6952381778419235
2022-06-14,,,2022-06-14,False,0.05311806802111488,0.2516437541369615,0.6952381778419235,0.0,0.0,0.0,0.053171305985367456,0.2490295900591071,0.6977991039555252,0.053171305985367456,0.2490295900591071,0.6977991039555252
2022-06-15,,,2022-06-15,False,0.053171305985367456,0.2490295900591071,0.6977991039555252,0.0,0.0,0.0,0.053031321476772586,0.24923488928940718,0.69773378923382,0.053031321476772586,0.24923488928940718,0.69773378923382
2022-06-16,,,2022-06-16,False,0.053031321476772586,0.24923488928940718,0.69773378923382,0.0,0.0,0.0,0.05193602443041828,0.2499847153305555,0.6980792602390261,0.05193602443041828,0.2499847153305555,0.6980792602390261
2022-06-17,,,2022-06-17,False,0.05193602443041828,0.2499847153305555,0.6980792602390261,0.0,0.0,0.0,0.05161498458054147,0.25158414909362625,0.6968008663258322,0.05161498458054147,0.25158414909362625,0.6968008663258322
2022-06-20,,,2022-06-20,False,0.05161498458054147,0.25158414909362625,0.6968008663258322,0.0,0.0,0.0,0.05187323688137441,0.25042393815395897,0.6977028249646664,0.05187323688137441,0.25042393815395897,0.6977028249646664
2022-06-21,,,2022-06-21,False,0.05187323688137441,0.25042393815395897,0.6977028249646664,0.0,0.0,0.0,0.052809238524247584,0.2500086223612261,0.697182139114526,0.052809238524247584,0.2500086223612261,0.697182139114526
2022-06-22,,,2022-06-22,False,0.052809238524247584,0.2500086223612261,0.697182139114526,0.0,0.0,0.0,0.052116843758650375,0.24976861758571292,0.6981145386556363,0.052116843758650375,0.24976861758571292,0.6981145386556363
2022-06-23,,,2022-06-23,False,0.052116843758650375,0.24976861758571292,0.6981145386556363,0.0,0.0,0.0,0.05255204180670559,0.24999052926695528,0.6974574289263389,0.05255204180670559,0.24999052926695528,0.6974574289263389
2022-06-24,,,2022-06-24,False,0.05255204180670559,0.24999052926695528,0.6974574289263389,0.0,0.0,0.0,0.053038886051312656,0.24944337589352666,0.6975177380551605,0.053038886051312656,0.24944337589352666,0.6975177380551605
2022-06-27,,,2022-06-27,False,0.053038886051312656,0.24944337589352666,0.6975177380551605,0.0,0.0,0.0,0.053399515231035546,0.2502306751289341,0.69636980964003,0.053399515231035546,0.2502306751289341,0.69636980964003
2022-06-28,,,2022-06-28,False,0.053399515231035546,0.2502306751289341,0.69636980964003,0.0,0.0,0.0,0.053478432514994435,0.24991411017916815,0.6966074573058372,0.053478432514994435,0.24991411017916815,0.6966074573058372
2022-06-29,,,2022-06-29,False,0.053478432514994435,0.24991411017916815,0.6966074573058372,0.0,0.0,0.0,0.05332738522687126,0.24978594967997672,0.6968866650931518,0.05332738522687126,0.24978594967997672,0.6968866650931518
2022-06-30,,,2022-06-30,False,0.05332738522687126,0.24978594967997672,0.6968866650931518,0.0,0.0,0.0,0.05316661960562932,0.249330393486616,0.6975029869077544,0.05316661960562932,0.249330393486616,0.6975029869077544
2022-07-01,,,2022-07-01,False,0.05316661960562932,0.249330393486616,0.6975029869077544,0.0,0.0,0.0,0.05289580293369394,0.2519117575115652,0.6951924395547405,0.05289580293369394,0.2519117575115652,0.6951924395547405
2022-07-04,,,2022-07-04,False,0.05289580293369394,0.2519117575115652,0.6951924395547405,0.0,0.0,0.0,0.05306461780146955,0.25319977107185215,0.693735611126678,0.05306461780146955,0.25319977107185215,0.693735611126678
2022-07-05,,,2022-07-05,False,0.05306461780146955,0.25319977107185215,0.693735611126678,0.0,0.0,0.0,0.052950493499854465,0.2537263475485957,0.6933231589515496,0.052950493499854465,0.2537263475485957,0.6933231589515496
2022-07-06,,,2022-07-06,False,0.052950493499854465,0.2537263475485957,0.6933231589515496,0.0,0.0,0.0,0.053709615122728455,0.25090490526418296,0.6953854796130884,0.053709615122728455,0.25090490526418296,0.6953854796130884
2022-07-07,,,2022-07-07,False,0.053709615122728455,0.25090490526418296,0.6953854796130884,0.0,0.0,0.0,0.05434320897870891,0.24830899661486697,0.6973477944064239,0.05434320897870891,0.24830899661486697,0.6973477944064239
2022-07-08,2022-07-08,2022-07-08,2022-07-08,True,0.05434320897870891,0.24830899661486697,0.6973477944064239,0.24824454080114244,0.7517007915989512,5.466759990641661e-05,0.24824454080114244,0.7517007915989512,5.466759990641661e-05,0.054628330218562365,0.24814831775828192,0.6972233520231556
2022-07-11,,,2022-07-11,False,0.24824454080114244,0.7517007915989512,5.466759990641661e-05,0.0,0.0,0.0,0.2482344413737015,0.751710878286066,5.468034023267444e-05,0.2482344413737015,0.751710878286066,5.468034023267444e-05
2022-07-12,,,2022-07-12,False,0.2482344413737015,0.751710878286066,5.468034023267444e-05,0.0,0.0,0.0,0.246159748435354,0.7537854957324667,5.475583217944399e-05,0.246159748435354,0.7537854957324667,5.475583217944399e-05
2022-07-13,,,2022-07-13,False,0.246159748435354,0.7537854957324667,5.475583217944399e-05,0.0,0.0,0.0,0.2458650322028376,0.7540799635966701,5.500420049258005e-05,0.2458650322028376,0.7540799635966701,5.500420049258005e-05
2022-07-14,,,2022-07-14,False,0.2458650322028376,0.7540799635966701,5.500420049258005e-05,0.0,0.0,0.0,0.24613817626458004,0.7538066611467245,5.516258869579656e-05,0.24613817626458004,0.7538066611467245,5.516258869579656e-05
2022-07-15,,,2022-07-15,False,0.24613817626458004,0.7538066611467245,5.516258869579656e-05,0.0,0.0,0.0,0.24824268505807132,0.7517020644725623,5.525046936677399e-05,0.24824268505807132,0.7517020644725623,5.525046936677399e-05
2022-07-18,,,2022-07-18,False,0.24824268505807132,0.7517020644725623,5.525046936677399e-05,0.0,0.0,0.0,0.24899594243160547,0.7509494200718129,5.463749658205083e-05,0.24899594243160547,0.7509494200718129,5.463749658205083e-05
2022-07-19,,,2022-07-19,False,0.24899594243160547,0.7509494200718129,5.463749658205083e-05,0.0,0.0,0.0,0.25039823329937627,0.7495470301404364,5.4736560187623135e-05,0.25039823329937627,0.7495470301404364,5.4736560187623135e-05
2022-07-20,,,2022-07-20,False,0.25039823329937627,0.7495470301404364,5.4736560187623135e-05,0.0,0.0,0.0,0.2524635762724304,0.7474818374402173,5.4586287352629215e-05,0.2524635762724304,0.7474818374402173,5.4586287352629215e-05
2022-07-21,,,2022-07-21,False,0.2524635762724304,0.7474818374402173,5.4586287352629215e-05,0.0,0.0,0.0,0.2550059269856933,0.7449392172764429,5.4855737864205326e-05,0.2550059269856933,0.7449392172764429,5.4855737864205326e-05
2022-07-22,,,2022-07-22,False,0.2550059269856933,0.7449392172764429,5.4855737864205326e-05,0.0,0.0,0.0,0.2534196758007311,0.7465261820403374,5.4142158931950883e-05,0.2534196758007311,0.7465261820403374,5.4142158931950883e-05
2022-07-25,,,2022-07-25,False,0.2534196758007311,0.7465261820403374,5.4142158931950883e-05,0.0,0.0,0.0,0.2528067302274207,0.7471389718549709,5.4297917608805135e-05,0.2528067302274207,0.7471389718549709,5.4297917608805135e-05
2022-07-26,,,2022-07-26,False,0.2528067302274207,0.7471389718549709,5.4297917608805135e-05,0.0,0.0,0.0,0.25173692984936014,0.7482085193418608,5.455080877947659e-05,0.25173692984936014,0.7482085193418608,5.455080877947659e-05
2022-07-27,,,2022-07-27,False,0.25173692984936014,0.7482085193418608,5.455080877947659e-05,0.0,0.0,0.0,0.25305945353774517,0.7468862295400469,5.431692220840309e-05,0.25305945353774517,0.7468862295400469,5.431692220840309e-05
2022-07-28,,,2022-07-28,False,0.25305945353774517,0.7468862295400469,5.431692220840309e-05,0.0,0.0,0.0,0.2543604880473848,0.7455858438960606,5.366805655511069e-05,0.2543604880473848,0.7455858438960606,5.366805655511069e-05
2022-07-29,,,2022-07-29,False,0.2543604880473848,0.7455858438960606,5.366805655511069e-05,0.0,0.0,0.0,0.25673987881297655,0.7432064931014611,5.362808556292113e-05,0.25673987881297655,0.7432064931014611,5.362808556292113e-05
2022-08-01,,,2022-08-01,False,0.25673987881297655,0.7432064931014611,5.362808556292113e-05,0.0,0.0,0.0,0.25806169129135953,0.7418849702031486,5.3338505492645534e-05,0.25806169129135953,0.7418849702031486,5.3338505492645534e-05
2022-08-02,,,2022-08-02,False,0.25806169129135953,0.7418849702031486,5.3338505492645534e-05,0.0,0.0,0.0,0.2582946229215721,0.741652007044105,5.337003432356311e-05,0.2582946229215721,0.741652007044105,5.337003432356311e-05
2022-08-03,,,2022-08-03,False,0.2582946229215721,0.741652007044105,5.337003432356311e-05,0.0,0.0,0.0,0.25872255565130636,0.7412241166481207,5.3327700573750385e-05,0.25872255565130636,0.7412241166481207,5.3327700573750385e-05
2022-08-04,,,2022-08-04,False,0.25872255565130636,0.7412241166481207,5.3327700573750385e-05,0.0,0.0,0.0,0.25663134892118883,0.743315735699429,5.291537938316508e-05,0.25663134892118883,0.743315735699429,5.291537938316508e-05
2022-08-05,,,2022-08-05,False,0.25663134892118883,0.743315735699429,5.291537938316508e-05,0.0,0.0,0.0,0.25654528462052073,0.743401865395489,5.284998399132095e-05,0.25654528462052073,0.743401865395489,5.284998399132095e-05
2022-08-08,2022-08-08,2022-08-08,2022-08-08,True,0.25654528462052073,0.743401865395489,5.284998399132095e-05,0.6500000045116191,0.3499999957642957,0.0,0.6500000045116191,0.3499999957642957,0.0,0.2583702435513954,0.7415769175261376,5.2838922468130214e-05
2022-08-10,,,2022-08-10,False,0.6500000045116191,0.3499999957642957,0.0,0.0,0.0,0.0,0.6488532864282949,0.35114671384698143,0.0,0.6488532864282949,0.35114671384698143,0.0
2022-08-11,,,2022-08-11,False,0.6488532864282949,0.35114671384698143,0.0,0.0,0.0,0.0,0.6502577484406604,0.34974225183327057,0.0,0.6502577484406604,0.34974225183327057,0.0
2022-08-12,,,2022-08-12,False,0.6502577484406604,0.34974225183327057,0.0,0.0,0.0,0.0,0.6503060882815779,0.3496939119917674,0.0,0.6503060882815779,0.3496939119917674,0.0
2022-08-16,,,2022-08-16,False,0.6503060882815779,0.3496939119917674,0.0,0.0,0.0,0.0,0.6537013236878169,0.3462986765849962,0.0,0.6537013236878169,0.3462986765849962,0.0
2022-08-17,,,2022-08-17,False,0.6537013236878169,0.3462986765849962,0.0,0.0,0.0,0.0,0.6554591183264611,0.3445408819452715,0.0,0.6554591183264611,0.3445408819452715,0.0
2022-08-18,,,2022-08-18,False,0.6554591183264611,0.3445408819452715,0.0,0.0,0.0,0.0,0.6558664339789377,0.3441335662927782,0.0,0.6558664339789377,0.3441335662927782,0.0
2022-08-19,,,2022-08-19,False,0.6558664339789377,0.3441335662927782,0.0,0.0,0.0,0.0,0.6540204417373016,0.3459795585366714,0.0,0.6540204417373016,0.3459795585366714,0.0
2022-08-22,,,2022-08-22,False,0.6540204417373016,0.3459795585366714,0.0,0.0,0.0,0.0,0.6527828532529808,0.3472171470246598,0.0,0.6527828532529808,0.3472171470246598,0.0
2022-08-23,,,2022-08-23,False,0.6527828532529808,0.3472171470246598,0.0,0.0,0.0,0.0,0.6530819399962277,0.3469180602801684,0.0,0.6530819399962277,0.3469180602801684,0.0
2022-08-24,,,2022-08-24,False,0.6530819399962277,0.3469180602801684,0.0,0.0,0.0,0.0,0.6525134186715109,0.34748658160421386,0.0,0.6525134186715109,0.34748658160421386,0.0
2022-08-25,,,2022-08-25,False,0.6525134186715109,0.34748658160421386,0.0,0.0,0.0,0.0,0.649863632223872,0.35013636805202597,0.0,0.649863632223872,0.35013636805202597,0.0
2022-08-26,,,2022-08-26,False,0.649863632223872,0.35013636805202597,0.0,0.0,0.0,0.0,0.6520729436579839,0.34792705661827733,0.0,0.6520729436579839,0.34792705661827733,0.0
2022-08-29,,,2022-08-29,False,0.6520729436579839,0.34792705661827733,0.0,0.0,0.0,0.0,0.651187820920461,0.34881217935934533,0.0,0.651187820920461,0.34881217935934533,0.0
2022-08-30,,,2022-08-30,False,0.651187820920461,0.34881217935934533,0.0,0.0,0.0,0.0,0.6566909134584327,0.3433090868166456,0.0,0.6566909134584327,0.3433090868166456,0.0
2022-09-01,,,2022-09-01,False,0.6566909134584327,0.3433090868166456,0.0,0.0,0.0,0.0,0.6567680067376556,0.34323199354085027,0.0,0.6567680067376556,0.34323199354085027,0.0
2022-09-02,,,2022-09-02,False,0.6567680067376556,0.34323199354085027,0.0,0.0,0.0,0.0,0.6566209400905206,0.3433790601879761,0.0,0.6566209400905206,0.3433790601879761,0.0
2022-09-05,,,2022-09-05,False,0.6566209400905206,0.3433790601879761,0.0,0.0,0.0,0.0,0.6573569211556937,0.3426430791211211,0.0,0.6573569211556937,0.3426430791211211,0.0
2022-09-06,,,2022-09-06,False,0.6573569211556937,0.3426430791211211,0.0,0.0,0.0,0.0,0.6574338403111709,0.342566159965836,0.0,0.6574338403111709,0.342566159965836,0.0
2022-09-07,,,2022-09-07,False,0.6574338403111709,0.342566159965836,0.0,0.0,0.0,0.0,0.6575019529136269,0.3424980473638991,0.0,0.6575019529136269,0.3424980473638991,0.0
2022-09-08,,,2022-09-08,False,0.6575019529136269,0.3424980473638991,0.0,0.0,0.0,0.0,0.6587341825494164,0.34126581772590603,0.0,0.6587341825494164,0.34126581772590603,0.0
2022-09-09,2022-09-09,2022-09-09,2022-09-09,True,0.6587341825494164,0.34126581772590603,0.0,0.45000002558399554,0.3500000002207308,0.19999997419527737,0.45000002558399554,0.3500000002207308,0.19999997419527737,0.6588615931733725,0.3411384071014689,0.0
2022-09-12,,,2022-09-12,False,0.45000002558399554,0.3500000002207308,0.19999997419527737,0.0,0.0,0.0,0.45164337393213305,0.34878095031959044,0.19957567574828014,0.45164337393213305,0.34878095031959044,0.19957567574828014
2022-09-13,,,2022-09-13,False,0.45164337393213305,0.34878095031959044,0.19957567574828014,0.0,0.0,0.0,0.4538442376928704,0.34708944712078565,0.19906631518634757,0.4538442376928704,0.34708944712078565,0.19906631518634757
2022-09-14,,,2022-09-14,False,0.4538442376928704,0.34708944712078565,0.19906631518634757,0.0,0.0,0.0,0.4540946362083625,0.3459957301996504,0.19990963359199074,0.4540946362083625,0.3459957301996504,0.19990963359199074
2022-09-15,,,2022-09-15,False,0.4540946362083625,0.3459957301996504,0.19990963359199074,0.0,0.0,0.0,0.4528225781649486,0.34641888076044863,0.20075854107460647,0.4528225781649486,0.34641888076044863,0.20075854107460647
2022-09-16,,,2022-09-16,False,0.4528225781649486,0.34641888076044863,0.20075854107460647,0.0,0.0,0.0,0.4508685541025101,0.345287739572797,0.20384370632469667,0.4508685541025101,0.345287739572797,0.20384370632469667
2022-09-19,,,2022-09-19,False,0.4508685541025101,0.345287739572797,0.20384370632469667,0.0,0.0,0.0,0.45186169266410137,0.34490518399522574,0.20323312334067653,0.45186169266410137,0.34490518399522574,0.20323312334067653
2022-09-20,,,2022-09-20,False,0.45186169266410137,0.34490518399522574,0.20323312334067653,0.0,0.0,0.0,0.4540237597570129,0.3439962678904812,0.2019799723525095,0.4540237597570129,0.3439962678904812,0.2019799723525095
2022-09-21,,,2022-09-21,False,0.4540237597570129,0.3439962678904812,0.2019799723525095,0.0,0.0,0.0,0.4518871188674578,0.3459706662478139,0.2021422148847319,0.4518871188674578,0.3459706662478139,0.2021422148847319
2022-09-22,,,2022-09-22,False,0.4518871188674578,0.3459706662478139,0.2021422148847319,0.0,0.0,0.0,0.44958860755082225,0.34828923796746175,0.20212215448171972,0.44958860755082225,0.34828923796746175,0.20212215448171972
2022-09-23,,,2022-09-23,False,0.44958860755082225,0.34828923796746175,0.20212215448171972,0.0,0.0,0.0,0.445928336562288,0.35009369725508344,0.20397796618263228,0.445928336562288,0.35009369725508344,0.20397796618263228
2022-09-26,,,2022-09-26,False,0.445928336562288,0.35009369725508344,0.20397796618263228,0.0,0.0,0.0,0.44211309542185867,0.3519574116139369,0.20592949296420818,0.44211309542185867,0.3519574116139369,0.20592949296420818
2022-09-27,,,2022-09-27,False,0.44211309542185867,0.3519574116139369,0.20592949296420818,0.0,0.0,0.0,0.44278921656251957,0.350860473492248,0.2063503099452361,0.44278921656251957,0.350860473492248,0.2063503099452361
2022-09-28,,,2022-09-28,False,0.44278921656251957,0.350860473492248,0.2063503099452361,0.0,0.0,0.0,0.4410607249942771,0.35157820962118624,0.20736106538454033,0.4410607249942771,0.35157820962118624,0.20736106538454033
2022-09-29,,,2022-09-29,False,0.4410607249942771,0.35157820962118624,0.20736106538454033,0.0,0.0,0.0,0.43827986292617227,0.3551702691462039,0.20654986792762745,0.43827986292617227,0.3551702691462039,0.20654986792762745
2022-09-30,,,2022-09-30,False,0.43827986292617227,0.3551702691462039,0.20654986792762745,0.0,0.0,0.0,0.4410269554843663,0.35375182326683846,0.20522122124879882,0.4410269554843663,0.35375182326683846,0.20522122124879882
2022-10-03,,,2022-10-03,False,0.4410269554843663,0.35375182326683846,0.20522122124879882,0.0,0.0,0.0,0.43809792789341345,0.35554497024993925,0.2063571018566509,0.43809792789341345,0.35554497024993925,0.2063571018566509
2022-10-04,,,2022-10-04,False,0.43809792789341345,0.35554497024993925,0.2063571018566509,0.0,0.0,0.0,0.44041226138815875,0.356787416956887,0.20280032165495787,0.44041226138815875,0.356787416956887,0.20280032165495787
2022-10-06,,,2022-10-06,False,0.44041226138815875,0.356787416956887,0.20280032165495787,0.0,0.0,0.0,0.4404112609237462,0.35745965077443703,0.20212908830182036,0.4404112609237462,0.35745965077443703,0.20212908830182036
2022-10-07,,,2022-10-07,False,0.4404112609237462,0.35745965077443703,0.20212908830182036,0.0,0.0,0.0,0.4394229049123061,0.35870388960457916,0.20187320548311835,0.4394229049123061,0.35870388960457916,0.20187320548311835
2022-10-10,,,2022-10-10,False,0.4394229049123061,0.35870388960457916,0.20187320548311835,0.0,0.0,0.0,0.4410818680028187,0.35541923361981725,0.2034988983773677,0.4410818680028187,0.35541923361981725,0.2034988983773677
2022-10-11,2022-10-11,2022-10-11,2022-10-11,True,0.4410818680028187,0.35541923361981725,0.2034988983773677,0.44999999995696965,0.3499999999757697,0.20000000006725968,0.44999999995696965,0.3499999999757697,0.20000000006725968,0.43848741052663753,0.3561419525941307,0.20537063687923549
2022-10-12,,,2022-10-12,False,0.44999999995696965,0.3499999999757697,0.20000000006725968,0.0,0.0,0.0,0.4514179734432236,0.349594729641924,0.19898729691485129,0.4514179734432236,0.349594729641924,0.19898729691485129
2022-10-13,,,2022-10-13,False,0.4514179734432236,0.349594729641924,0.19898729691485129,0.0,0.0,0.0,0.4494719320864516,0.3511263963777625,0.19940167153578478,0.4494719320864516,0.3511263963777625,0.19940167153578478
2022-10-14,,,2022-10-14,False,0.4494719320864516,0.3511263963777625,0.19940167153578478,0.0,0.0,0.0,0.4535129061669724,0.3472987069800154,0.19918838685301107,0.4535129061669724,0.3472987069800154,0.19918838685301107
2022-10-17,,,2022-10-17,False,0.4535129061669724,0.3472987069800154,0.19918838685301107,0.0,0.0,0.0,0.4553982801162606,0.3460422015829032,0.19855951830083515,0.4553982801162606,0.3460422015829032,0.19855951830083515
2022-10-18,,,2022-10-18,False,0.4553982801162606,0.3460422015829032,0.19855951830083515,0.0,0.0,0.0,0.45833411482789377,0.3438278886737657,0.19783799649833958,0.45833411482789377,0.3438278886737657,0.19783799649833958
2022-10-19,,,2022-10-19,False,0.45833411482789377,0.3438278886737657,0.19783799649833958,0.0,0.0,0.0,0.4584373627855786,0.3439659645276799,0.19759667268674044,0.4584373627855786,0.3439659645276799,0.19759667268674044
2022-10-20,,,2022-10-20,False,0.4584373627855786,0.3439659645276799,0.19759667268674044,0.0,0.0,0.0,0.4597168241363904,0.34271626868857175,0.19756690717503683,0.4597168241363904,0.34271626868857175,0.19756690717503683
2022-10-21,,,2022-10-21,False,0.4597168241363904,0.34271626868857175,0.19756690717503683,0.0,0.0,0.0,0.46103002504427193,0.34097995274188675,0.19799002221384032,0.46103002504427193,0.34097995274188675,0.19799002221384032
2022-10-24,,,2022-10-24,False,0.46103002504427193,0.34097995274188675,0.19799002221384032,0.0,0.0,0.0,0.4604600191497289,0.34351726992489234,0.19602271092537768,0.4604600191497289,0.34351726992489234,0.19602271092537768
2022-10-25,,,2022-10-25,False,0.4604600191497289,0.34351726992489234,0.19602271092537768,0.0,0.0,0.0,0.460545678760747,0.3425689892311166,0.1968853320081353,0.460545678760747,0.3425689892311166,0.1968853320081353
2022-10-27,,,2022-10-27,False,0.460545678760747,0.3425689892311166,0.1968853320081353,0.0,0.0,0.0,0.4606196394939767,0.3433582329084552,0.1960221275975669,0.4606196394939767,0.3433582329084552,0.1960221275975669
2022-10-28,,,2022-10-28,False,0.4606196394939767,0.3433582329084552,0.1960221275975669,0.0,0.0,0.0,0.46197223427789313,0.3419790464681756,0.19604871925393005,0.46197223427789313,0.3419790464681756,0.19604871925393005
2022-10-31,,,2022-10-31,False,0.46197223427789313,0.3419790464681756,0.19604871925393005,0.0,0.0,0.0,0.4648748894864344,0.33942888793205295,0.19569622258151145,0.4648748894864344,0.33942888793205295,0.19569622258151145
2022-11-01,,,2022-11-01,False,0.4648748894864344,0.33942888793205295,0.19569622258151145,0.0,0.0,0.0,0.46641625066215725,0.33867999077065786,0.19490375856718367,0.46641625066215725,0.33867999077065786,0.19490375856718367
2022-11-02,,,2022-11-02,False,0.46641625066215725,0.33867999077065786,0.19490375856718367,0.0,0.0,0.0,0.4648642344387408,0.34020660758118276,0.1949291579800752,0.4648642344387408,0.34020660758118276,0.1949291579800752
2022-11-03,,,2022-11-03,False,0.4648642344387408,0.34020660758118276,0.1949291579800752,0.0,0.0,0.0,0.4662738756385571,0.33787932406248944,0.19584680029895224,0.4662738756385571,0.33787932406248944,0.19584680029895224
2022-11-04,,,2022-11-04,False,0.4662738756385571,0.33787932406248944,0.19584680029895224,0.0,0.0,0.0,0.4661005289235702,0.33882194036249186,0.19507753071393683,0.4661005289235702,0.33882194036249186,0.19507753071393683
2022-11-07,,,2022-11-07,False,0.4661005289235702,0.33882194036249186,0.19507753071393683,0.0,0.0,0.0,0.46563800522775245,0.34039504007655463,0.19396695469569186,0.46563800522775245,0.34039504007655463,0.19396695469569186
2022-11-09,,,2022-11-09,False,0.46563800522775245,0.34039504007655463,0.19396695469569186,0.0,0.0,0.0,0.4641793926873646,0.341973508431521,0.19384709888111337,0.4641793926873646,0.341973508431521,0.19384709888111337
2022-11-10,,,2022-11-10,False,0.4641793926873646,0.341973508431521,0.19384709888111337,0.0,0.0,0.0,0.46165274804370127,0.34417792739732733,0.19416932455897037,0.46165274804370127,0.34417792739732733,0.19416932455897037
2022-11-11,2022-11-11,2022-11-11,2022-11-11,True,0.46165274804370127,0.34417792739732733,0.19416932455897037,0.45000000085280145,0.35000000011104443,0.1999999990361547,0.45000000085280145,0.35000000011104443,0.1999999990361547,0.4639693505623436,0.3443060293640762,0.19172462007357916
2022-11-14,,,2022-11-14,False,0.45000000085280145,0.35000000011104443,0.1999999990361547,0.0,0.0,0.0,0.44951169127587604,0.35048135928253427,0.20000694944159023,0.44951169127587604,0.35048135928253427,0.20000694944159023
2022-11-15,,,2022-11-15,False,0.44951169127587604,0.35048135928253427,0.20000694944159023,0.0,0.0,0.0,0.44935480700223446,0.35151471057217154,0.19913048242559445,0.44935480700223446,0.35151471057217154,0.19913048242559445
2022-11-16,,,2022-11-16,False,0.44935480700223446,0.35151471057217154,0.19913048242559445,0.0,0.0,0.0,0.44874021102456313,0.35246917476185835,0.19879061421357885,0.44874021102456313,0.35246917476185835,0.19879061421357885
2022-11-17,,,2022-11-17,False,0.44874021102456313,0.35246917476185835,0.19879061421357885,0.0,0.0,0.0,0.44848465373833074,0.35212786586522027,0.1993874803964493,0.44848465373833074,0.35212786586522027,0.1993874803964493
2022-11-18,,,2022-11-18,False,0.44848465373833074,0.35212786586522027,0.1993874803964493,0.0,0.0,0.0,0.44768014235148235,0.35289391693403854,0.19942594071447944,0.44768014235148235,0.35289391693403854,0.19942594071447944
2022-11-21,,,2022-11-21,False,0.44768014235148235,0.35289391693403854,0.19942594071447944,0.0,0.0,0.0,0.4472881356257533,0.3518399689037928,0.20087189547045414,0.4472881356257533,0.3518399689037928,0.20087189547045414
2022-11-22,,,2022-11-22,False,0.4472881356257533,0.3518399689037928,0.20087189547045414,0.0,0.0,0.0,0.44808151918179767,0.35161953894813763,0.20029894187006492,0.44808151918179767,0.35161953894813763,0.20029894187006492
2022-11-23,,,2022-11-23,False,0.44808151918179767,0.35161953894813763,0.20029894187006492,0.0,0.0,0.0,0.4488504996146392,0.3507599968430312,0.20038950354232982,0.4488504996146392,0.3507599968430312,0.20038950354232982
2022-11-24,,,2022-11-24,False,0.4488504996146392,0.3507599968430312,0.20038950354232982,0.0,0.0,0.0,0.4508230094473625,0.350268096637714,0.19890889391492386,0.4508230094473625,0.350268096637714,0.19890889391492386
2022-11-25,,,2022-11-25,False,0.4508230094473625,0.350268096637714,0.19890889391492386,0.0,0.0,0.0,0.45141698660215385,0.3497202867600987,0.1988627266377479,0.45141698660215385,0.3497202867600987,0.1988627266377479
2022-11-28,,,2022-11-28,False,0.45141698660215385,0.3497202867600987,0.1988627266377479,0.0,0.0,0.0,0.4515940471482377,0.3500010857925176,0.1984048670592452,0.4515940471482377,0.3500010857925176,0.1984048670592452
2022-11-29,,,2022-11-29,False,0.4515940471482377,0.3500010857925176,0.1984048670592452,0.0,0.0,0.0,0.45240095085569065,0.34943004480244455,0.1981690043418653,0.45240095085569065,0.34943004480244455,0.1981690043418653
2022-11-30,,,2022-11-30,False,0.45240095085569065,0.34943004480244455,0.1981690043418653,0.0,0.0,0.0,0.4539074561357995,0.3479714688143496,0.19812107504985144,0.4539074561357995,0.3479714688143496,0.19812107504985144
2022-12-01,,,2022-12-01,False,0.4539074561357995,0.3479714688143496,0.19812107504985144,0.0,0.0,0.0,0.45367820359444194,0.3488707741197385,0.1974510222858201,0.45367820359444194,0.3488707741197385,0.1974510222858201
2022-12-02,,,2022-12-02,False,0.45367820359444194,0.3488707741197385,0.1974510222858201,0.0,0.0,0.0,0.45036915604757066,0.35239964649494804,0.1972311974574818,0.45036915604757066,0.35239964649494804,0.1972311974574818
2022-12-05,,,2022-12-05,False,0.45036915604757066,0.35239964649494804,0.1972311974574818,0.0,0.0,0.0,0.4497103121789463,0.3534011550309892,0.19688853279006502,0.4497103121789463,0.3534011550309892,0.19688853279006502
2022-12-06,,,2022-12-06,False,0.4497103121789463,0.3534011550309892,0.19688853279006502,0.0,0.0,0.0,0.4498694927534656,0.3525543418378931,0.1975761654086418,0.4498694927534656,0.3525543418378931,0.1975761654086418
2022-12-07,,,2022-12-07,False,0.4498694927534656,0.3525543418378931,0.1975761654086418,0.0,0.0,0.0,0.4487071438463518,0.3533558950671272,0.19793696108652153,0.4487071438463518,0.3533558950671272,0.19793696108652153
2022-12-08,,,2022-12-08,False,0.4487071438463518,0.3533558950671272,0.19793696108652153,0.0,0.0,0.0,0.4485975632865723,0.3540332729427829,0.19736916377064534,0.4485975632865723,0.3540332729427829,0.19736916377064534
2022-12-09,,,2022-12-09,False,0.4485975632865723,0.3540332729427829,0.19736916377064534,0.0,0.0,0.0,0.4469216705719856,0.35524589157161657,0.1978324378563983,0.4469216705719856,0.35524589157161657,0.1978324378563983
2022-12-12,2022-12-12,2022-12-12,2022-12-12,True,0.4469216705719856,0.35524589157161657,0.1978324378563983,0.6499999988496569,0.35000000020531247,9.45043022970482e-10,0.6499999988496569,0.35000000020531247,9.45043022970482e-10,0.44665464308697994,0.3556390101998596,0.19770634671316084
2022-12-13,,,2022-12-13,False,0.6499999988496569,0.35000000020531247,9.45043022970482e-10,0.0,0.0,0.0,0.6515055901890355,0.3484944088693781,9.41598808154474e-10,0.6515055901890355,0.3484944088693781,9.41598808154474e-10
2022-12-14,,,2022-12-14,False,0.6515055901890355,0.3484944088693781,9.41598808154474e-10,0.0,0.0,0.0,0.6502803962786063,0.34971960278421205,9.37193942651611e-10,0.6502803962786063,0.34971960278421205,9.37193942651611e-10
2022-12-15,,,2022-12-15,False,0.6502803962786063,0.34971960278421205,9.37193942651611e-10,0.0,0.0,0.0,0.6497755179806793,0.35022448107039683,9.489362165412433e-10,0.6497755179806793,0.35022448107039683,9.489362165412433e-10
2022-12-16,,,2022-12-16,False,0.6497755179806793,0.35022448107039683,9.489362165412433e-10,0.0,0.0,0.0,0.6476164770031074,0.352383522043559,9.533460357234783e-10,0.6476164770031074,0.352383522043559,9.533460357234783e-10
2022-12-19,,,2022-12-19,False,0.6476164770031074,0.352383522043559,9.533460357234783e-10,0.0,0.0,0.0,0.6479218381949808,0.35207816085907795,9.459536384415602e-10,0.6479218381949808,0.35207816085907795,9.459536384415602e-10
2022-12-20,,,2022-12-20,False,0.6479218381949808,0.35207816085907795,9.459536384415602e-10,0.0,0.0,0.0,0.6458674525043865,0.35413254655087867,9.447474146254448e-10,0.6458674525043865,0.35413254655087867,9.447474146254448e-10
2022-12-21,,,2022-12-21,False,0.6458674525043865,0.35413254655087867,9.447474146254448e-10,0.0,0.0,0.0,0.6429964518459234,0.35700354720390876,9.501805262647905e-10,0.6429964518459234,0.35700354720390876,9.501805262647905e-10
2022-12-22,,,2022-12-22,False,0.6429964518459234,0.35700354720390876,9.501805262647905e-10,0.0,0.0,0.0,0.6420401123619278,0.35795988668556217,9.525226297920324e-10,0.6420401123619278,0.35795988668556217,9.525226297920324e-10
2022-12-23,,,2022-12-23,False,0.6420401123619278,0.35795988668556217,9.525226297920324e-10,0.0,0.0,0.0,0.6388176941834887,0.36118230485173125,9.647928778354352e-10,0.6388176941834887,0.36118230485173125,9.647928778354352e-10
2022-12-26,,,2022-12-26,False,0.6388176941834887,0.36118230485173125,9.647928778354352e-10,0.0,0.0,0.0,0.6414903008084586,0.35850969823389056,9.576634914962666e-10,0.6414903008084586,0.35850969823389056,9.576634914962666e-10
2022-12-27,,,2022-12-27,False,0.6414903008084586,0.35850969823389056,9.576634914962666e-10,0.0,0.0,0.0,0.6421028739703541,0.3578971250773029,9.523556226653328e-10,0.6421028739703541,0.3578971250773029,9.523556226653328e-10
2022-12-28,,,2022-12-28,False,0.6421028739703541,0.3578971250773029,9.523556226653328e-10,0.0,0.0,0.0,0.6435516830871166,0.35644831595787546,9.55020673751141e-10,0.6435516830871166,0.35644831595787546,9.55020673751141e-10
2022-12-29,,,2022-12-29,False,0.6435516830871166,0.35644831595787546,9.55020673751141e-10,0.0,0.0,0.0,0.6441214223287527,0.35587857671899326,9.522667498626132e-10,0.6441214223287527,0.35587857671899326,9.522667498626132e-10
2022-12-30,,,2022-12-30,False,0.6441214223287527,0.35587857671899326,9.522667498626132e-10,0.0,0.0,0.0,0.6421529931732587,0.3578470058686412,9.581128362313636e-10,0.6421529931732587,0.3578470058686412,9.581128362313636e-10
2023-01-02,,,2023-01-02,False,0.6421529931732587,0.3578470058686412,9.581128362313636e-10,0.0,0.0,0.0,0.6414605946052743,0.3585394044425052,9.522332847116854e-10,0.6414605946052743,0.3585394044425052,9.522332847116854e-10
2023-01-03,,,2023-01-03,False,0.6414605946052743,0.3585394044425052,9.522332847116854e-10,0.0,0.0,0.0,0.6396698466189943,0.36033015243327166,9.477468260775597e-10,0.6396698466189943,0.36033015243327166,9.477468260775597e-10
2023-01-04,,,2023-01-04,False,0.6396698466189943,0.36033015243327166,9.477468260775597e-10,0.0,0.0,0.0,0.6351285961627302,0.36487140288637565,9.509069720194632e-10,0.6351285961627302,0.36487140288637565,9.509069720194632e-10
2023-01-05,,,2023-01-05,False,0.6351285961627302,0.36487140288637565,9.509069720194632e-10,0.0,0.0,0.0,0.6358771949813209,0.36412280406397624,9.54715709375741e-10,0.6358771949813209,0.36412280406397624,9.54715709375741e-10
2023-01-06,,,2023-01-06,False,0.6358771949813209,0.36412280406397624,9.54715709375741e-10,0.0,0.0,0.0,0.6355239273050202,0.36447607173371765,9.612751966788787e-10,0.6355239273050202,0.36447607173371765,9.612751966788787e-10
2023-01-09,,,2023-01-09,False,0.6355239273050202,0.36447607173371765,9.612751966788787e-10,0.0,0.0,0.0,0.6356826040008393,0.36431739505050953,9.486640875741573e-10,0.6356826040008393,0.36431739505050953,9.486640875741573e-10
2023-01-10,2023-01-10,2023-01-10,2023-01-10,True,0.6356826040008393,0.36431739505050953,9.486640875741573e-10,0.4500000083754631,0.3500000034614311,0.1999999881631116,0.4500000083754631,0.3500000034614311,0.1999999881631116,0.6339985622367813,0.3660014368072016,9.560300404585102e-10
2023-01-11,,,2023-01-11,False,0.4500000083754631,0.3500000034614311,0.1999999881631116,0.0,0.0,0.0,0.44954803364688795,0.3504468550665549,0.20000511128656304,0.44954803364688795,0.3504468550665549,0.20000511128656304
2023-01-12,,,2023-01-12,False,0.44954803364688795,0.3504468550665549,0.20000511128656304,0.0,0.0,0.0,0.4492578176440462,0.35044444039790706,0.20029774195805258,0.4492578176440462,0.35044444039790706,0.20029774195805258
2023-01-13,,,2023-01-13,False,0.4492578176440462,0.35044444039790706,0.20029774195805258,0.0,0.0,0.0,0.44969980273133886,0.35090409172038484,0.19939610554828216,0.44969980273133886,0.35090409172038484,0.19939610554828216
2023-01-16,,,2023-01-16,False,0.44969980273133886,0.35090409172038484,0.19939610554828216,0.0,0.0,0.0,0.4473154825024748,0.3536612046292936,0.19902331286823738,0.4473154825024748,0.3536612046292936,0.19902331286823738
2023-01-17,,,2023-01-17,False,0.4473154825024748,0.3536612046292936,0.19902331286823738,0.0,0.0,0.0,0.45014713133270995,0.3513275313270179,0.19852533734027805,0.45014713133270995,0.3513275313270179,0.19852533734027805
2023-01-18,,,2023-01-18,False,0.45014713133270995,0.3513275313270179,0.19852533734027805,0.0,0.0,0.0,0.4518105258663216,0.350161635349908,0.1980278387837763,0.4518105258663216,0.350161635349908,0.1980278387837763
2023-01-19,,,2023-01-19,False,0.4518105258663216,0.350161635349908,0.1980278387837763,0.0,0.0,0.0,0.45089399183036855,0.35085032611478717,0.19825568205485025,0.45089399183036855,0.35085032611478717,0.19825568205485025
2023-01-20,,,2023-01-20,False,0.45089399183036855,0.35085032611478717,0.19825568205485025,0.0,0.0,0.0,0.44895004879204603,0.3527728505200081,0.19827710068795182,0.44895004879204603,0.3527728505200081,0.19827710068795182
2023-01-23,,,2023-01-23,False,0.44895004879204603,0.3527728505200081,0.19827710068795182,0.0,0.0,0.0,0.45016215760568307,0.35202285618351925,0.19781498621080368,0.45016215760568307,0.35202285618351925,0.19781498621080368
2023-01-24,,,2023-01-24,False,0.45016215760568307,0.35202285618351925,0.19781498621080368,0.0,0.0,0.0,0.4497043050353177,0.35267917642679114,0.19761651853789702,0.4497043050353177,0.35267917642679114,0.19761651853789702
2023-01-25,,,2023-01-25,False,0.4497043050353177,0.35267917642679114,0.19761651853789702,0.0,0.0,0.0,0.44708150357283133,0.35396906153837937,0.19894943488879524,0.44708150357283133,0.35396906153837937,0.19894943488879524
2023-01-27,,,2023-01-27,False,0.44708150357283133,0.35396906153837937,0.19894943488879524,0.0,0.0,0.0,0.44301350418305274,0.356624636233948,0.20036185958300526,0.44301350418305274,0.356624636233948,0.20036185958300526
2023-01-30,,,2023-01-30,False,0.44301350418305274,0.356624636233948,0.20036185958300526,0.0,0.0,0.0,0.4436703311441089,0.35617781915657987,0.2001518496993173,0.4436703311441089,0.35617781915657987,0.2001518496993173
2023-01-31,,,2023-01-31,False,0.4436703311441089,0.35617781915657987,0.2001518496993173,0.0,0.0,0.0,0.4438048351264044,0.35528948740432464,0.200905677469277,0.4438048351264044,0.35528948740432464,0.200905677469277
2023-02-01,,,2023-02-01,False,0.4438048351264044,0.35528948740432464,0.200905677469277,0.0,0.0,0.0,0.44077859458814667,0.3591643377229131,0.2000570676889462,0.44077859458814667,0.3591643377229131,0.2000570676889462
2023-02-02,,,2023-02-02,False,0.44077859458814667,0.3591643377229131,0.2000570676889462,0.0,0.0,0.0,0.43732583496667016,0.36411770394889365,0.1985564610844421,0.43732583496667016,0.36411770394889365,0.1985564610844421
2023-02-03,,,2023-02-03,False,0.43732583496667016,0.36411770394889365,0.1985564610844421,0.0,0.0,0.0,0.44405351261738796,0.3570868404210482,0.19885964696156974,0.44405351261738796,0.3570868404210482,0.19885964696156974
2023-02-06,,,2023-02-06,False,0.44405351261738796,0.3570868404210482,0.19885964696156974,0.0,0.0,0.0,0.44403580658731945,0.356111185527057,0.1998530078856295,0.44403580658731945,0.356111185527057,0.1998530078856295
2023-02-07,,,2023-02-07,False,0.44403580658731945,0.356111185527057,0.1998530078856295,0.0,0.0,0.0,0.44333953998865594,0.35663553919312424,0.20002492081822587,0.44333953998865594,0.35663553919312424,0.20002492081822587
2023-02-08,,,2023-02-08,False,0.44333953998865594,0.35663553919312424,0.20002492081822587,0.0,0.0,0.0,0.4450045026462765,0.3559067662793032,0.19908873107442626,0.4450045026462765,0.3559067662793032,0.19908873107442626
2023-02-09,2023-02-09,2023-02-09,2023-02-09,True,0.4450045026462765,0.3559067662793032,0.19908873107442626,0.022998424462850556,0.2500036466733566,0.7269979288637929,0.022998424462850556,0.2500036466733566,0.7269979288637929,0.4455948586234583,0.35529461246996724,0.19911052890658032
2023-02-10,,,2023-02-10,False,0.022998424462850556,0.2500036466733566,0.7269979288637929,0.0,0.0,0.0,0.023004725724199315,0.24829341905318222,0.7287018552226185,0.023004725724199315,0.24829341905318222,0.7287018552226185
2023-02-13,,,2023-02-13,False,0.023004725724199315,0.24829341905318222,0.7287018552226185,0.0,0.0,0.0,0.02289580363921751,0.24835915476044945,0.728745041600333,0.02289580363921751,0.24835915476044945,0.728745041600333
2023-02-14,,,2023-02-14,False,0.02289580363921751,0.24835915476044945,0.728745041600333,0.0,0.0,0.0,0.023081899281117816,0.24877005665620971,0.7281480440626725,0.023081899281117816,0.24877005665620971,0.7281480440626725
2023-02-15,,,2023-02-15,False,0.023081899281117816,0.24877005665620971,0.7281480440626725,0.0,0.0,0.0,0.023264767371920795,0.24632178743527913,0.7304134451928002,0.023264767371920795,0.24632178743527913,0.7304134451928002
2023-02-16,,,2023-02-16,False,0.023264767371920795,0.24632178743527913,0.7304134451928002,0.0,0.0,0.0,0.02328761070632902,0.24639251446718477,0.7303198748264863,0.02328761070632902,0.24639251446718477,0.7303198748264863
2023-02-17,,,2023-02-17,False,0.02328761070632902,0.24639251446718477,0.7303198748264863,0.0,0.0,0.0,0.023199135559057293,0.24553235132957696,0.7312685131113659,0.023199135559057293,0.24553235132957696,0.7312685131113659
2023-02-20,,,2023-02-20,False,0.023199135559057293,0.24553235132957696,0.7312685131113659,0.0,0.0,0.0,0.02302280906979487,0.2472235063173457,0.7297536846128596,0.02302280906979487,0.2472235063173457,0.7297536846128596
2023-02-21,,,2023-02-21,False,0.02302280906979487,0.2472235063173457,0.7297536846128596,0.0,0.0,0.0,0.023014189857872284,0.24676549983554574,0.7302203103065822,0.023014189857872284,0.24676549983554574,0.7302203103065822
2023-02-22,,,2023-02-22,False,0.023014189857872284,0.24676549983554574,0.7302203103065822,0.0,0.0,0.0,0.02268209893427653,0.24646687911166942,0.7308510219540543,0.02268209893427653,0.24646687911166942,0.7308510219540543
2023-02-23,,,2023-02-23,False,0.02268209893427653,0.24646687911166942,0.7308510219540543,0.0,0.0,0.0,0.022662693480879223,0.245323674164668,0.732013632354453,0.022662693480879223,0.245323674164668,0.732013632354453
2023-02-24,,,2023-02-24,False,0.022662693480879223,0.245323674164668,0.732013632354453,0.0,0.0,0.0,0.022614311615545602,0.2450266872409192,0.7323590011435356,0.022614311615545602,0.2450266872409192,0.7323590011435356
2023-02-27,,,2023-02-27,False,0.022614311615545602,0.2450266872409192,0.7323590011435356,0.0,0.0,0.0,0.022561134381857077,0.243731127535384,0.7337077380827594,0.022561134381857077,0.243731127535384,0.7337077380827594
2023-02-28,,,2023-02-28,False,0.022561134381857077,0.243731127535384,0.7337077380827594,0.0,0.0,0.0,0.022380621562537017,0.2428674146616932,0.7347519637757702,0.022380621562537017,0.2428674146616932,0.7347519637757702
2023-03-01,,,2023-03-01,False,0.022380621562537017,0.2428674146616932,0.7347519637757702,0.0,0.0,0.0,0.022524697193602578,0.2442129845537194,0.7332623182526785,0.022524697193602578,0.2442129845537194,0.7332623182526785
2023-03-02,,,2023-03-02,False,0.022524697193602578,0.2442129845537194,0.7332623182526785,0.0,0.0,0.0,0.02235734149880618,0.2444081950837763,0.7332344634174179,0.02235734149880618,0.2444081950837763,0.7332344634174179
2023-03-03,,,2023-03-03,False,0.02235734149880618,0.2444081950837763,0.7332344634174179,0.0,0.0,0.0,0.02269984851791732,0.24436088799864192,0.7329392634834413,0.02269984851791732,0.24436088799864192,0.7329392634834413
2023-03-06,,,2023-03-06,False,0.02269984851791732,0.24436088799864192,0.7329392634834413,0.0,0.0,0.0,0.02284630859071391,0.24436259127957136,0.7327911001297153,0.02284630859071391,0.24436259127957136,0.7327911001297153
2023-03-08,,,2023-03-08,False,0.02284630859071391,0.24436259127957136,0.7327911001297153,0.0,0.0,0.0,0.022983981286683917,0.24159998647254358,0.735416032240773,0.022983981286683917,0.24159998647254358,0.735416032240773
2023-03-09,,,2023-03-09,False,0.022983981286683917,0.24159998647254358,0.735416032240773,0.0,0.0,0.0,0.02278116885780352,0.2414552367112379,0.7357635944309592,0.02278116885780352,0.2414552367112379,0.7357635944309592
2023-03-10,,,2023-03-10,False,0.02278116885780352,0.2414552367112379,0.7357635944309592,0.0,0.0,0.0,0.02251588965299339,0.2429089447714448,0.7345751655755625,0.02251588965299339,0.2429089447714448,0.7345751655755625
2023-03-13,2023-03-13,2023-03-13,2023-03-13,True,0.02251588965299339,0.2429089447714448,0.7345751655755625,0.38575716921342057,0.4463652236258622,0.16787760716071715,0.38575716921342057,0.4463652236258622,0.16787760716071715,0.022032031556507813,0.24834286135465836,0.7296251070888347
2023-03-14,,,2023-03-14,False,0.38575716921342057,0.4463652236258622,0.16787760716071715,0.0,0.0,0.0,0.3831321128960349,0.4490484619959425,0.1678194251080223,0.3831321128960349,0.4490484619959425,0.1678194251080223
2023-03-15,,,2023-03-15,False,0.3831321128960349,0.4490484619959425,0.1678194251080223,0.0,0.0,0.0,0.3828448441864793,0.4487585575279295,0.1683965982855909,0.3828448441864793,0.4487585575279295,0.1683965982855909
2023-03-16,,,2023-03-16,False,0.3828448441864793,0.4487585575279295,0.1683965982855909,0.0,0.0,0.0,0.3803461742331518,0.4524870544002574,0.16716677136659056,0.3803461742331518,0.4524870544002574,0.16716677136659056
2023-03-17,,,2023-03-17,False,0.3803461742331518,0.4524870544002574,0.16716677136659056,0.0,0.0,0.0,0.3817574861371584,0.4515801470909341,0.1666623667719072,0.3817574861371584,0.4515801470909341,0.1666623667719072
2023-03-20,,,2023-03-20,False,0.3817574861371584,0.4515801470909341,0.1666623667719072,0.0,0.0,0.0,0.37624052441440564,0.4584244496119591,0.16533502597363495,0.37624052441440564,0.4584244496119591,0.16533502597363495
2023-03-21,,,2023-03-21,False,0.37624052441440564,0.4584244496119591,0.16533502597363495,0.0,0.0,0.0,0.3793470743270719,0.4551149754785146,0.16553795019441328,0.3793470743270719,0.4551149754785146,0.16553795019441328
2023-03-22,,,2023-03-22,False,0.3793470743270719,0.4551149754785146,0.16553795019441328,0.0,0.0,0.0,0.38146866265108087,0.45249681163640654,0.16603452571251234,0.38146866265108087,0.45249681163640654,0.16603452571251234
2023-03-23,,,2023-03-23,False,0.38146866265108087,0.45249681163640654,0.16603452571251234,0.0,0.0,0.0,0.37933569713887416,0.45483302268242753,0.165831280178698,0.37933569713887416,0.45483302268242753,0.165831280178698
2023-03-24,,,2023-03-24,False,0.37933569713887416,0.45483302268242753,0.165831280178698,0.0,0.0,0.0,0.37567495742673995,0.4588162173201857,0.16550882525307398,0.37567495742673995,0.4588162173201857,0.16550882525307398
2023-03-27,,,2023-03-27,False,0.37567495742673995,0.4588162173201857,0.16550882525307398,0.0,0.0,0.0,0.3779395690751497,0.4559540496210946,0.1661063813037554,0.3779395690751497,0.4559540496210946,0.1661063813037554
2023-03-28,,,2023-03-28,False,0.3779395690751497,0.4559540496210946,0.1661063813037554,0.0,0.0,0.0,0.37743381299720147,0.4563476897626804,0.16621849724011778,0.37743381299720147,0.4563476897626804,0.16621849724011778
2023-03-29,,,2023-03-29,False,0.37743381299720147,0.4563476897626804,0.16621849724011778,0.0,0.0,0.0,0.3782614200337154,0.45641538624982425,0.16532319371646007,0.3782614200337154,0.45641538624982425,0.16532319371646007
2023-03-31,,,2023-03-31,False,0.3782614200337154,0.45641538624982425,0.16532319371646007,0.0,0.0,0.0,0.3804866700819162,0.4551069089946834,0.16440642092339997,0.3804866700819162,0.4551069089946834,0.16440642092339997
2023-04-03,,,2023-04-03,False,0.3804866700819162,0.4551069089946834,0.16440642092339997,0.0,0.0,0.0,0.3819251208446818,0.45341191637915507,0.16466296277616282,0.3819251208446818,0.45341191637915507,0.16466296277616282
2023-04-05,,,2023-04-05,False,0.3819251208446818,0.45341191637915507,0.16466296277616282,0.0,0.0,0.0,0.38048768198931143,0.45695469848267534,0.16255761952801281,0.38048768198931143,0.45695469848267534,0.16255761952801281
2023-04-06,,,2023-04-06,False,0.38048768198931143,0.45695469848267534,0.16255761952801281,0.0,0.0,0.0,0.3812201830238865,0.4562988564349215,0.16248096054119152,0.3812201830238865,0.4562988564349215,0.16248096054119152
2023-04-10,,,2023-04-10,False,0.3812201830238865,0.4562988564349215,0.16248096054119152,0.0,0.0,0.0,0.3830040356115767,0.4539868955606054,0.1630090688278174,0.3830040356115767,0.4539868955606054,0.1630090688278174
2023-04-11,,,2023-04-11,False,0.3830040356115767,0.4539868955606054,0.1630090688278174,0.0,0.0,0.0,0.3837434273915109,0.45383825818802287,0.16241831442046564,0.3837434273915109,0.45383825818802287,0.16241831442046564
2023-04-12,,,2023-04-12,False,0.3837434273915109,0.45383825818802287,0.16241831442046564,0.0,0.0,0.0,0.38436861785218174,0.45376980486164625,0.1618615772861714,0.38436861785218174,0.45376980486164625,0.1618615772861714
2023-04-13,,,2023-04-13,False,0.38436861785218174,0.45376980486164625,0.1618615772861714,0.0,0.0,0.0,0.3838351653881495,0.4546693329533024,0.16149550165854745,0.3838351653881495,0.4546693329533024,0.16149550165854745
2023-04-17,2023-04-17,2023-04-17,2023-04-17,True,0.3838351653881495,0.4546693329533024,0.16149550165854745,0.000558509779388735,0.2500098110520042,0.7494316791686072,0.000558509779388735,0.2500098110520042,0.7494316791686072,0.38303118309869216,0.45471049307984596,0.16225832382146124
2023-04-18,,,2023-04-18,False,0.000558509779388735,0.2500098110520042,0.7494316791686072,0.0,0.0,0.0,0.0005575189150926398,0.2493550029370856,0.7500874781478218,0.0005575189150926398,0.2493550029370856,0.7500874781478218
2023-04-19,,,2023-04-19,False,0.0005575189150926398,0.2493550029370856,0.7500874781478218,0.0,0.0,0.0,0.0005572915741570441,0.24789926486587016,0.7515434435599728,0.0005572915741570441,0.24789926486587016,0.7515434435599728
2023-04-20,,,2023-04-20,False,0.0005572915741570441,0.24789926486587016,0.7515434435599728,0.0,0.0,0.0,0.0005560734966395287,0.24979278509350913,0.7496511414098513,0.0005560734966395287,0.24979278509350913,0.7496511414098513
2023-04-21,,,2023-04-21,False,0.0005560734966395287,0.24979278509350913,0.7496511414098513,0.0,0.0,0.0,0.00055699995644395,0.24851874492707868,0.7509242551164775,0.00055699995644395,0.24851874492707868,0.7509242551164775
2023-04-24,,,2023-04-24,False,0.00055699995644395,0.24851874492707868,0.7509242551164775,0.0,0.0,0.0,0.0005608513629323962,0.2484085464517609,0.7510306021853068,0.0005608513629323962,0.2484085464517609,0.7510306021853068
2023-04-25,,,2023-04-25,False,0.0005608513629323962,0.2484085464517609,0.7510306021853068,0.0,0.0,0.0,0.0005615087377469611,0.24862860053591834,0.7508098907263347,0.0005615087377469611,0.24862860053591834,0.7508098907263347
2023-04-26,,,2023-04-26,False,0.0005615087377469611,0.24862860053591834,0.7508098907263347,0.0,0.0,0.0,0.000562469373390068,0.24920844017580052,0.7502290904508094,0.000562469373390068,0.24920844017580052,0.7502290904508094
2023-04-27,,,2023-04-27,False,0.000562469373390068,0.24920844017580052,0.7502290904508094,0.0,0.0,0.0,0.000565702339079117,0.24917308466589086,0.75026121299503,0.000565702339079117,0.24917308466589086,0.75026121299503
2023-04-28,,,2023-04-28,False,0.000565702339079117,0.24917308466589086,0.75026121299503,0.0,0.0,0.0,0.0005691171138136178,0.24753383386978914,0.7518970490163972,0.0005691171138136178,0.24753383386978914,0.7518970490163972
2023-05-02,,,2023-05-02,False,0.0005691171138136178,0.24753383386978914,0.7518970490163972,0.0,0.0,0.0,0.000571558049771964,0.24775303708633778,0.7516754048638903,0.000571558049771964,0.24775303708633778,0.7516754048638903
2023-05-03,,,2023-05-03,False,0.000571558049771964,0.24775303708633778,0.7516754048638903,0.0,0.0,0.0,0.0005676786278869689,0.25046600119541373,0.7489663201766993,0.0005676786278869689,0.25046600119541373,0.7489663201766993
2023-05-04,,,2023-05-04,False,0.0005676786278869689,0.25046600119541373,0.7489663201766993,0.0,0.0,0.0,0.0005716457718576871,0.25208391285137915,0.7473444413767631,0.0005716457718576871,0.25208391285137915,0.7473444413767631
2023-05-05,,,2023-05-05,False,0.0005716457718576871,0.25208391285137915,0.7473444413767631,0.0,0.0,0.0,0.00056582692843933,0.2520494864531112,0.7473846866184495,0.00056582692843933,0.2520494864531112,0.7473846866184495
2023-05-08,,,2023-05-08,False,0.00056582692843933,0.2520494864531112,0.7473846866184495,0.0,0.0,0.0,0.0005728499227859801,0.2508610757868285,0.7485660742903856,0.0005728499227859801,0.2508610757868285,0.7485660742903856
2023-05-09,,,2023-05-09,False,0.0005728499227859801,0.2508610757868285,0.7485660742903856,0.0,0.0,0.0,0.0005723480400672447,0.25158082573535967,0.7478468262245731,0.0005723480400672447,0.25158082573535967,0.7478468262245731
2023-05-10,,,2023-05-10,False,0.0005723480400672447,0.25158082573535967,0.7478468262245731,0.0,0.0,0.0,0.0005737261211486551,0.25179796606230426,0.7476283078165471,0.0005737261211486551,0.25179796606230426,0.7476283078165471
2023-05-11,,,2023-05-11,False,0.0005737261211486551,0.25179796606230426,0.7476283078165471,0.0,0.0,0.0,0.0005733204321729814,0.25158058096005415,0.7478460986077728,0.0005733204321729814,0.25158058096005415,0.7478460986077728
2023-05-12,,,2023-05-12,False,0.0005733204321729814,0.25158058096005415,0.7478460986077728,0.0,0.0,0.0,0.0005751488428902392,0.24992292678263853,0.7495019243744713,0.0005751488428902392,0.24992292678263853,0.7495019243744713
2023-05-15,,,2023-05-15,False,0.0005751488428902392,0.24992292678263853,0.7495019243744713,0.0,0.0,0.0,0.0005767635975594901,0.25125792013602627,0.7481653162664144,0.0005767635975594901,0.25125792013602627,0.7481653162664144
2023-05-16,,,2023-05-16,False,0.0005767635975594901,0.25125792013602627,0.7481653162664144,0.0,0.0,0.0,0.0005738737994122577,0.25042838541517665,0.7489977407854111,0.0005738737994122577,0.25042838541517665,0.7489977407854111
2023-05-17,2023-05-17,2023-05-17,2023-05-17,True,0.0005738737994122577,0.25042838541517665,0.7489977407854111,0.2000000412847596,0.799999956783242,1.9320075438391243e-09,0.2000000412847596,0.799999956783242,1.9320075438391243e-09,0.0005717712913027713,0.24887522980934493,0.7505529988993525
2023-05-18,,,2023-05-18,False,0.2000000412847596,0.799999956783242,1.9320075438391243e-09,0.0,0.0,0.0,0.19963680022075683,0.8003631978452628,1.933989557977697e-09,0.19963680022075683,0.8003631978452628,1.933989557977697e-09
2023-05-19,,,2023-05-19,False,0.19963680022075683,0.8003631978452628,1.933989557977697e-09,0.0,0.0,0.0,0.20075040431989924,0.7992495937431604,1.936949604560338e-09,0.20075040431989924,0.7992495937431604,1.936949604560338e-09
2023-05-22,,,2023-05-22,False,0.20075040431989924,0.7992495937431604,1.936949604560338e-09,0.0,0.0,0.0,0.20005116082451127,0.7999488372570125,1.9184853334689934e-09,0.20005116082451127,0.7999488372570125,1.9184853334689934e-09
2023-05-23,,,2023-05-23,False,0.20005116082451127,0.7999488372570125,1.9184853334689934e-09,0.0,0.0,0.0,0.2020542539909242,0.7979457440749385,1.9341465575034762e-09,0.2020542539909242,0.7979457440749385,1.9341465575034762e-09
2023-05-24,,,2023-05-24,False,0.2020542539909242,0.7979457440749385,1.9341465575034762e-09,0.0,0.0,0.0,0.20050761895247485,0.7994923791216029,1.9259314261151646e-09,0.20050761895247485,0.7994923791216029,1.9259314261151646e-09
2023-05-25,,,2023-05-25,False,0.20050761895247485,0.7994923791216029,1.9259314261151646e-09,0.0,0.0,0.0,0.20175562472215441,0.7982443733437173,1.9341374138478746e-09,0.20175562472215441,0.7982443733437173,1.9341374138478746e-09
2023-05-26,,,2023-05-26,False,0.20175562472215441,0.7982443733437173,1.9341374138478746e-09,0.0,0.0,0.0,0.2036974964794611,0.7963025015866052,1.9339428935144202e-09,0.2036974964794611,0.7963025015866052,1.9339428935144202e-09
2023-05-29,,,2023-05-29,False,0.2036974964794611,0.7963025015866052,1.9339428935144202e-09,0.0,0.0,0.0,0.20504385092750946,0.7949561471361873,1.9363124198048085e-09,0.20504385092750946,0.7949561471361873,1.9363124198048085e-09
2023-05-30,,,2023-05-30,False,0.20504385092750946,0.7949561471361873,1.9363124198048085e-09,0.0,0.0,0.0,0.2054798400352966,0.7945201580279293,1.9367833696707928e-09,0.2054798400352966,0.7945201580279293,1.9367833696707928e-09
2023-05-31,,,2023-05-31,False,0.2054798400352966,0.7945201580279293,1.9367833696707928e-09,0.0,0.0,0.0,0.20463939570075,0.7953606023497395,1.9495197691248666e-09,0.20463939570075,0.7953606023497395,1.9495197691248666e-09
2023-06-01,,,2023-06-01,False,0.20463939570075,0.7953606023497395,1.9495197691248666e-09,0.0,0.0,0.0,0.20467548675776234,0.7953245112874632,1.9547837118451855e-09,0.20467548675776234,0.7953245112874632,1.9547837118451855e-09
2023-06-02,,,2023-06-02,False,0.20467548675776234,0.7953245112874632,1.9547837118451855e-09,0.0,0.0,0.0,0.20403371989230942,0.7959662781639185,1.9437812759536814e-09,0.20403371989230942,0.7959662781639185,1.9437812759536814e-09
2023-06-05,,,2023-06-05,False,0.20403371989230942,0.7959662781639185,1.9437812759536814e-09,0.0,0.0,0.0,0.20647712311077626,0.7935228749285144,1.960718680222381e-09,0.20647712311077626,0.7935228749285144,1.960718680222381e-09
2023-06-06,,,2023-06-06,False,0.20647712311077626,0.7935228749285144,1.960718680222381e-09,0.0,0.0,0.0,0.20539785439974867,0.7946021436503117,1.949948977354574e-09,0.20539785439974867,0.7946021436503117,1.949948977354574e-09
2023-06-07,,,2023-06-07,False,0.20539785439974867,0.7946021436503117,1.949948977354574e-09,0.0,0.0,0.0,0.20677125071822125,0.7932287473321746,1.94961343917481e-09,0.20677125071822125,0.7932287473321746,1.94961343917481e-09
2023-06-08,,,2023-06-08,False,0.20677125071822125,0.7932287473321746,1.94961343917481e-09,0.0,0.0,0.0,0.20690032159788224,0.7930996764416618,1.9604653799055687e-09,0.20690032159788224,0.7930996764416618,1.9604653799055687e-09
2023-06-09,,,2023-06-09,False,0.20690032159788224,0.7930996764416618,1.9604653799055687e-09,0.0,0.0,0.0,0.205437084080827,0.79456291396514,1.954042342005455e-09,0.205437084080827,0.79456291396514,1.954042342005455e-09
2023-06-12,,,2023-06-12,False,0.205437084080827,0.79456291396514,1.954042342005455e-09,0.0,0.0,0.0,0.20586821417309178,0.7941317838727658,1.9541516791279506e-09,0.20586821417309178,0.7941317838727658,1.9541516791279506e-09
2023-06-13,,,2023-06-13,False,0.20586821417309178,0.7941317838727658,1.9541516791279506e-09,0.0,0.0,0.0,0.20700353499049912,0.7929964630566184,1.9528917701323643e-09,0.20700353499049912,0.7929964630566184,1.9528917701323643e-09
2023-06-14,,,2023-06-14,False,0.20700353499049912,0.7929964630566184,1.9528917701323643e-09,0.0,0.0,0.0,0.20842330189728955,0.7915766961406011,1.9621187762610665e-09,0.20842330189728955,0.7915766961406011,1.9621187762610665e-09
2023-06-15,2023-06-15,2023-06-15,2023-06-15,True,0.20842330189728955,0.7915766961406011,1.9621187762610665e-09,0.3976011618766489,0.6023975952760526,1.2428472984371446e-06,0.3976011618766489,0.6023975952760526,1.2428472984371446e-06,0.2091371628898326,0.7908628351341948,1.9759821242382852e-09
2023-06-16,,,2023-06-16,False,0.3976011618766489,0.6023975952760526,1.2428472984371446e-06,0.0,0.0,0.0,0.39698654480937684,0.603012223354314,1.231836309168963e-06,0.39698654480937684,0.603012223354314,1.231836309168963e-06
2023-06-19,,,2023-06-19,False,0.39698654480937684,0.603012223354314,1.231836309168963e-06,0.0,0.0,0.0,0.39670287646962177,0.6032958879438997,1.2355864786102287e-06,0.39670287646962177,0.6032958879438997,1.2355864786102287e-06
2023-06-20,,,2023-06-20,False,0.39670287646962177,0.6032958879438997,1.2355864786102287e-06,0.0,0.0,0.0,0.3976731074845583,0.602325657950987,1.23456445459459e-06,0.3976731074845583,0.602325657950987,1.23456445459459e-06
2023-06-21,,,2023-06-21,False,0.3976731074845583,0.602325657950987,1.23456445459459e-06,0.0,0.0,0.0,0.4000913337928046,0.5999074267678597,1.2394393356072763e-06,0.4000913337928046,0.5999074267678597,1.2394393356072763e-06
2023-06-22,,,2023-06-22,False,0.4000913337928046,0.5999074267678597,1.2394393356072763e-06,0.0,0.0,0.0,0.40010393773822994,0.5998948171311883,1.245130581576567e-06,0.40010393773822994,0.5998948171311883,1.245130581576567e-06
2023-06-23,,,2023-06-23,False,0.40010393773822994,0.5998948171311883,1.245130581576567e-06,0.0,0.0,0.0,0.3992783296303368,0.6007204207686171,1.2496010459290102e-06,0.3992783296303368,0.6007204207686171,1.2496010459290102e-06
2023-06-26,,,2023-06-26,False,0.3992783296303368,0.6007204207686171,1.2496010459290102e-06,0.0,0.0,0.0,0.3984543145035625,0.6015444402011175,1.2452953199083768e-06,0.3984543145035625,0.6015444402011175,1.2452953199083768e-06
2023-06-27,,,2023-06-27,False,0.3984543145035625,0.6015444402011175,1.2452953199083768e-06,0.0,0.0,0.0,0.40098265474034234,0.5990161004549298,1.2448047277321099e-06,0.40098265474034234,0.5990161004549298,1.2448047277321099e-06
2023-06-28,,,2023-06-28,False,0.40098265474034234,0.5990161004549298,1.2448047277321099e-06,0.0,0.0,0.0,0.40416219836019135,0.5958365571952213,1.2444445871896392e-06,0.40416219836019135,0.5958365571952213,1.2444445871896392e-06
2023-06-30,,,2023-06-30,False,0.40416219836019135,0.5958365571952213,1.2444445871896392e-06,0.0,0.0,0.0,0.40807558775586283,0.5919231640026623,1.248241474801329e-06,0.40807558775586283,0.5919231640026623,1.248241474801329e-06
2023-07-03,,,2023-07-03,False,0.40807558775586283,0.5919231640026623,1.248241474801329e-06,0.0,0.0,0.0,0.4085287790338402,0.5914699799721516,1.2409940083202724e-06,0.4085287790338402,0.5914699799721516,1.2409940083202724e-06
2023-07-04,,,2023-07-04,False,0.4085287790338402,0.5914699799721516,1.2409940083202724e-06,0.0,0.0,0.0,0.40780335551370306,0.5921954099290948,1.2345572022352466e-06,0.40780335551370306,0.5921954099290948,1.2345572022352466e-06
2023-07-05,,,2023-07-05,False,0.40780335551370306,0.5921954099290948,1.2345572022352466e-06,0.0,0.0,0.0,0.4074380363843128,0.592560730780825,1.2328348622395158e-06,0.4074380363843128,0.592560730780825,1.2328348622395158e-06
2023-07-06,,,2023-07-06,False,0.4074380363843128,0.592560730780825,1.2328348622395158e-06,0.0,0.0,0.0,0.40905232052335094,0.5909464479922173,1.2314844317448102e-06,0.40905232052335094,0.5909464479922173,1.2314844317448102e-06
2023-07-07,,,2023-07-07,False,0.40905232052335094,0.5909464479922173,1.2314844317448102e-06,0.0,0.0,0.0,0.4064137265482114,0.5935850394734313,1.2339783573406221e-06,0.4064137265482114,0.5935850394734313,1.2339783573406221e-06
2023-07-10,,,2023-07-10,False,0.4064137265482114,0.5935850394734313,1.2339783573406221e-06,0.0,0.0,0.0,0.40666608702787266,0.5933326797771519,1.233194975458249e-06,0.40666608702787266,0.5933326797771519,1.233194975458249e-06
2023-07-11,,,2023-07-11,False,0.40666608702787266,0.5933326797771519,1.233194975458249e-06,0.0,0.0,0.0,0.4070786515903133,0.592920119266069,1.2291436177046765e-06,0.4070786515903133,0.592920119266069,1.2291436177046765e-06
2023-07-12,,,2023-07-12,False,0.4070786515903133,0.592920119266069,1.2291436177046765e-06,0.0,0.0,0.0,0.4066825005619672,0.5933162680001398,1.2314378930865406e-06,0.4066825005619672,0.5933162680001398,1.2314378930865406e-06
2023-07-13,,,2023-07-13,False,0.4066825005619672,0.5933162680001398,1.2314378930865406e-06,0.0,0.0,0.0,0.4050354769500211,0.5949632984475463,1.2246024327598534e-06,0.4050354769500211,0.5949632984475463,1.2246024327598534e-06
2023-07-14,,,2023-07-14,False,0.4050354769500211,0.5949632984475463,1.2246024327598534e-06,0.0,0.0,0.0,0.40656674973196194,0.5934320305195948,1.2197484435192003e-06,0.40656674973196194,0.5934320305195948,1.2197484435192003e-06
2023-07-17,2023-07-17,2023-07-17,2023-07-17,True,0.40656674973196194,0.5934320305195948,1.2197484435192003e-06,0.7999999443381132,0.20000005301654827,2.645318075891392e-09,0.7999999443381132,0.20000005301654827,2.645318075891392e-09,0.40885154117278005,0.5911472413684802,1.2174587399518998e-06
2023-07-18,,,2023-07-18,False,0.7999999443381132,0.20000005301654827,2.645318075891392e-09,0.0,0.0,0.0,0.7997685734398979,0.20023142392056423,2.6395174858634366e-09,0.7997685734398979,0.20023142392056423,2.6395174858634366e-09
2023-07-19,,,2023-07-19,False,0.7997685734398979,0.20023142392056423,2.6395174858634366e-09,0.0,0.0,0.0,0.7993131039108347,0.20068689346229038,2.6268546559500372e-09,0.7993131039108347,0.20068689346229038,2.6268546559500372e-09
2023-07-20,,,2023-07-20,False,0.7993131039108347,0.20068689346229038,2.6268546559500372e-09,0.0,0.0,0.0,0.8002992749473044,0.19970072244179946,2.610875864594409e-09,0.8002992749473044,0.19970072244179946,2.610875864594409e-09
2023-07-21,,,2023-07-21,False,0.8002992749473044,0.19970072244179946,2.610875864594409e-09,0.0,0.0,0.0,0.7997657164738201,0.20023428088608317,2.6400761961082503e-09,0.7997657164738201,0.20023428088608317,2.6400761961082503e-09
2023-07-24,,,2023-07-24,False,0.7997657164738201,0.20023428088608317,2.6400761961082503e-09,0.0,0.0,0.0,0.7991747512669357,0.20082524608517566,2.6478680344885128e-09,0.7991747512669357,0.20082524608517566,2.6478680344885128e-09
2023-07-25,,,2023-07-25,False,0.7991747512669357,0.20082524608517566,2.6478680344885128e-09,0.0,0.0,0.0,0.7994638489990994,0.20053614835319084,2.6476891910132995e-09,0.7994638489990994,0.20053614835319084,2.6476891910132995e-09
2023-07-26,,,2023-07-26,False,0.7994638489990994,0.20053614835319084,2.6476891910132995e-09,0.0,0.0,0.0,0.7994357729523621,0.20056422441307373,2.6345437621275425e-09,0.7994357729523621,0.20056422441307373,2.6345437621275425e-09
2023-07-27,,,2023-07-27,False,0.7994357729523621,0.20056422441307373,2.6345437621275425e-09,0.0,0.0,0.0,0.7981865520819443,0.201813445271793,2.6462422045884805e-09,0.7981865520819443,0.201813445271793,2.6462422045884805e-09
2023-07-28,,,2023-07-28,False,0.7981865520819443,0.201813445271793,2.6462422045884805e-09,0.0,0.0,0.0,0.7988965570368206,0.20110344031266933,2.6504895931311674e-09,0.7988965570368206,0.20110344031266933,2.6504895931311674e-09
2023-07-31,,,2023-07-31,False,0.7988965570368206,0.20110344031266933,2.6504895931311674e-09,0.0,0.0,0.0,0.7998054671038253,0.20019453024510933,2.6510451335913943e-09,0.7998054671038253,0.20019453024510933,2.6510451335913943e-09
2023-08-01,,,2023-08-01,False,0.7998054671038253,0.20019453024510933,2.6510451335913943e-09,0.0,0.0,0.0,0.7995463321315674,0.20045366521548064,2.6529316449986732e-09,0.7995463321315674,0.20045366521548064,2.6529316449986732e-09
2023-08-02,,,2023-08-02,False,0.7995463321315674,0.20045366521548064,2.6529316449986732e-09,0.0,0.0,0.0,0.7978827132363354,0.20211728408816734,2.675476761110178e-09,0.7978827132363354,0.20211728408816734,2.675476761110178e-09
2023-08-03,,,2023-08-03,False,0.7978827132363354,0.20211728408816734,2.675476761110178e-09,0.0,0.0,0.0,0.7971265947154939,0.20287340259156092,2.692924675770237e-09,0.7971265947154939,0.20287340259156092,2.692924675770237e-09
2023-08-04,,,2023-08-04,False,0.7971265947154939,0.20287340259156092,2.692924675770237e-09,0.0,0.0,0.0,0.7983771516572886,0.20162284566421865,2.6784722071558034e-09,0.7983771516572886,0.20162284566421865,2.6784722071558034e-09
2023-08-07,,,2023-08-07,False,0.7983771516572886,0.20162284566421865,2.6784722071558034e-09,0.0,0.0,0.0,0.7990690762164407,0.20093092111378322,2.6697554904590944e-09,0.7990690762164407,0.20093092111378322,2.6697554904590944e-09
2023-08-08,,,2023-08-08,False,0.7990690762164407,0.20093092111378322,2.6697554904590944e-09,0.0,0.0,0.0,0.7986294157917474,0.20137058153631296,2.6719189816387466e-09,0.7986294157917474,0.20137058153631296,2.6719189816387466e-09
2023-08-09,,,2023-08-09,False,0.7986294157917474,0.20137058153631296,2.6719189816387466e-09,0.0,0.0,0.0,0.7997388387791783,0.20026115855360543,2.6671956917593913e-09,0.7997388387791783,0.20026115855360543,2.6671956917593913e-09
2023-08-10,,,2023-08-10,False,0.7997388387791783,0.20026115855360543,2.6671956917593913e-09,0.0,0.0,0.0,0.7994530643609415,0.2005469329605653,2.678472478974244e-09,0.7994530643609415,0.2005469329605653,2.678472478974244e-09
2023-08-11,,,2023-08-11,False,0.7994530643609415,0.2005469329605653,2.678472478974244e-09,0.0,0.0,0.0,0.7988272706215431,0.201172726686246,2.6921901227786346e-09,0.7988272706215431,0.201172726686246,2.6921901227786346e-09
2023-08-14,,,2023-08-14,False,0.7988272706215431,0.201172726686246,2.6921901227786346e-09,0.0,0.0,0.0,0.7990071818346942,0.20099281547335465,2.691930473253422e-09,0.7990071818346942,0.20099281547335465,2.691930473253422e-09
2023-08-16,2023-08-16,2023-08-16,2023-08-16,True,0.7990071818346942,0.20099281547335465,2.691930473253422e-09,0.3519174981848685,0.6480817669968774,7.348182541133405e-07,0.3519174981848685,0.6480817669968774,7.348182541133405e-07,0.7991944213646244,0.20080557594703172,2.6883230661229035e-09
2023-08-17,,,2023-08-17,False,0.3519174981848685,0.6480817669968774,7.348182541133405e-07,0.0,0.0,0.0,0.3520694846868945,0.6479297763836153,7.389294901172255e-07,0.3520694846868945,0.6479297763836153,7.389294901172255e-07
2023-08-18,,,2023-08-18,False,0.3520694846868945,0.6479297763836153,7.389294901172255e-07,0.0,0.0,0.0,0.35174031446958,0.6482589451777304,7.403526895137919e-07,0.35174031446958,0.6482589451777304,7.403526895137919e-07
2023-08-21,,,2023-08-21,False,0.35174031446958,0.6482589451777304,7.403526895137919e-07,0.0,0.0,0.0,0.35304573910465026,0.6469535210072672,7.398880824993708e-07,0.35304573910465026,0.6469535210072672,7.398880824993708e-07
2023-08-22,,,2023-08-22,False,0.35304573910465026,0.6469535210072672,7.398880824993708e-07,0.0,0.0,0.0,0.3520706865847783,0.6479285756717823,7.37743439388972e-07,0.3520706865847783,0.6479285756717823,7.37743439388972e-07
2023-08-23,,,2023-08-23,False,0.3520706865847783,0.6479285756717823,7.37743439388972e-07,0.0,0.0,0.0,0.3530416499168613,0.6469576121142481,7.379688905858279e-07,0.3530416499168613,0.6469576121142481,7.379688905858279e-07
2023-08-24,,,2023-08-24,False,0.3530416499168613,0.6469576121142481,7.379688905858279e-07,0.0,0.0,0.0,0.35136280947387616,0.6486364538957179,7.366304059988357e-07,0.35136280947387616,0.6486364538957179,7.366304059988357e-07
2023-08-25,,,2023-08-25,False,0.35136280947387616,0.6486364538957179,7.366304059988357e-07,0.0,0.0,0.0,0.350348125979949,0.6496511349077058,7.391123452741069e-07,0.350348125979949,0.6496511349077058,7.391123452741069e-07
2023-08-28,,,2023-08-28,False,0.350348125979949,0.6496511349077058,7.391123452741069e-07,0.0,0.0,0.0,0.3514629041508534,0.6485363559308414,7.399183053221615e-07,0.3514629041508534,0.6485363559308414,7.399183053221615e-07
2023-08-29,,,2023-08-29,False,0.3514629041508534,0.6485363559308414,7.399183053221615e-07,0.0,0.0,0.0,0.3510723247683288,0.6489269375341306,7.376975405724577e-07,0.3510723247683288,0.6489269375341306,7.376975405724577e-07
2023-08-30,,,2023-08-30,False,0.3510723247683288,0.6489269375341306,7.376975405724577e-07,0.0,0.0,0.0,0.34949538899335714,0.6505038768119891,7.341946538092456e-07,0.34949538899335714,0.6505038768119891,7.341946538092456e-07
2023-08-31,,,2023-08-31,False,0.34949538899335714,0.6505038768119891,7.341946538092456e-07,0.0,0.0,0.0,0.34834799438351677,0.6516512670759015,7.385405817330445e-07,0.34834799438351677,0.6516512670759015,7.385405817330445e-07
2023-09-01,,,2023-09-01,False,0.34834799438351677,0.6516512670759015,7.385405817330445e-07,0.0,0.0,0.0,0.35039046616117686,0.6496087978980306,7.359407925204754e-07,0.35039046616117686,0.6496087978980306,7.359407925204754e-07
2023-09-04,,,2023-09-04,False,0.35039046616117686,0.6496087978980306,7.359407925204754e-07,0.0,0.0,0.0,0.3511671619472434,0.6488321040193149,7.340334416145669e-07,0.3511671619472434,0.6488321040193149,7.340334416145669e-07
2023-09-05,,,2023-09-05,False,0.3511671619472434,0.6488321040193149,7.340334416145669e-07,0.0,0.0,0.0,0.3521118818742548,0.6478873838509119,7.342748330926212e-07,0.3521118818742548,0.6478873838509119,7.342748330926212e-07
2023-09-06,,,2023-09-06,False,0.3521118818742548,0.6478873838509119,7.342748330926212e-07,0.0,0.0,0.0,0.35271432407840936,0.647284941746312,7.341752782464997e-07,0.35271432407840936,0.647284941746312,7.341752782464997e-07
2023-09-07,,,2023-09-07,False,0.35271432407840936,0.647284941746312,7.341752782464997e-07,0.0,0.0,0.0,0.354699535300408,0.6452997307335269,7.339660647033606e-07,0.354699535300408,0.6452997307335269,7.339660647033606e-07
2023-09-08,,,2023-09-08,False,0.354699535300408,0.6452997307335269,7.339660647033606e-07,0.0,0.0,0.0,0.3555929656632367,0.6444063019708078,7.323659549861377e-07,0.3555929656632367,0.6444063019708078,7.323659549861377e-07
2023-09-11,,,2023-09-11,False,0.3555929656632367,0.6444063019708078,7.323659549861377e-07,0.0,0.0,0.0,0.35785488072429655,0.6421443887529498,7.305227532606736e-07,0.35785488072429655,0.6421443887529498,7.305227532606736e-07
2023-09-12,,,2023-09-12,False,0.35785488072429655,0.6421443887529498,7.305227532606736e-07,0.0,0.0,0.0,0.35846116718340854,0.6415381009408625,7.318757284778257e-07,0.35846116718340854,0.6415381009408625,7.318757284778257e-07
2023-09-13,,,2023-09-13,False,0.35846116718340854,0.6415381009408625,7.318757284778257e-07,0.0,0.0,0.0,0.359988834318721,0.6400104335063174,7.321749612543397e-07,0.359988834318721,0.6400104335063174,7.321749612543397e-07
2023-09-14,2023-09-14,2023-09-14,2023-09-14,True,0.359988834318721,0.6400104335063174,7.321749612543397e-07,0.3333484724056317,0.666651430880129,9.671423935764775e-08,0.3333484724056317,0.666651430880129,9.671423935764775e-08,0.360368581286456,0.6396306869730143,7.317405294251828e-07
2023-09-15,,,2023-09-15,False,0.3333484724056317,0.666651430880129,9.671423935764775e-08,0.0,0.0,0.0,0.3332662138502465,0.6667336898867504,9.62630031560443e-08,0.3332662138502465,0.6667336898867504,9.62630031560443e-08
2023-09-18,,,2023-09-18,False,0.3332662138502465,0.6667336898867504,9.62630031560443e-08,0.0,0.0,0.0,0.3312045255195518,0.6687953785314235,9.594902481800238e-08,0.3312045255195518,0.6687953785314235,9.594902481800238e-08
2023-09-20,,,2023-09-20,False,0.3312045255195518,0.6687953785314235,9.594902481800238e-08,0.0,0.0,0.0,0.3289060231763131,0.6710938804312045,9.639248249100768e-08,0.3289060231763131,0.6710938804312045,9.639248249100768e-08
2023-09-21,,,2023-09-21,False,0.3289060231763131,0.6710938804312045,9.639248249100768e-08,0.0,0.0,0.0,0.3276186562404258,0.6723812469698907,9.67896837544262e-08,0.3276186562404258,0.6723812469698907,9.67896837544262e-08
2023-09-22,,,2023-09-22,False,0.3276186562404258,0.6723812469698907,9.67896837544262e-08,0.0,0.0,0.0,0.3270769260559085,0.6729229769799837,9.696410795584912e-08,0.3270769260559085,0.6729229769799837,9.696410795584912e-08
2023-09-25,,,2023-09-25,False,0.3270769260559085,0.6729229769799837,9.696410795584912e-08,0.0,0.0,0.0,0.3270802909063892,0.67291961213095,9.696266109696046e-08,0.3270802909063892,0.67291961213095,9.696266109696046e-08
2023-09-26,,,2023-09-26,False,0.3270802909063892,0.67291961213095,9.696266109696046e-08,0.0,0.0,0.0,0.3278488086281421,0.6721510941317157,9.724014244075848e-08,0.3278488086281421,0.6721510941317157,9.724014244075848e-08
2023-09-27,,,2023-09-27,False,0.3278488086281421,0.6721510941317157,9.724014244075848e-08,0.0,0.0,0.0,0.32984534924722475,0.6701545531782077,9.757456779079556e-08,0.32984534924722475,0.6701545531782077,9.757456779079556e-08
2023-09-28,,,2023-09-28,False,0.32984534924722475,0.6701545531782077,9.757456779079556e-08,0.0,0.0,0.0,0.32914505438260794,0.6708548472879665,9.832942585357915e-08,0.32914505438260794,0.6708548472879665,9.832942585357915e-08
2023-09-29,,,2023-09-29,False,0.32914505438260794,0.6708548472879665,9.832942585357915e-08,0.0,0.0,0.0,0.33079925161351126,0.6692006497004647,9.868602445718494e-08,0.33079925161351126,0.6692006497004647,9.868602445718494e-08
2023-10-03,,,2023-10-03,False,0.33079925161351126,0.6692006497004647,9.868602445718494e-08,0.0,0.0,0.0,0.33163707433668815,0.6683628261743392,9.948897308807809e-08,0.33163707433668815,0.6683628261743392,9.948897308807809e-08
2023-10-04,,,2023-10-04,False,0.33163707433668815,0.6683628261743392,9.948897308807809e-08,0.0,0.0,0.0,0.332727687296763,0.6672722124112715,1.0029196581090818e-07,0.332727687296763,0.6672722124112715,1.0029196581090818e-07
2023-10-05,,,2023-10-05,False,0.332727687296763,0.6672722124112715,1.0029196581090818e-07,0.0,0.0,0.0,0.33448461128123474,0.6655152884628238,1.0025594177485966e-07,0.33448461128123474,0.6655152884628238,1.0025594177485966e-07
2023-10-06,,,2023-10-06,False,0.33448461128123474,0.6655152884628238,1.0025594177485966e-07,0.0,0.0,0.0,0.33510972338024225,0.6648901767271287,9.989262941480415e-08,0.33510972338024225,0.6648901767271287,9.989262941480415e-08
2023-10-09,,,2023-10-09,False,0.33510972338024225,0.6648901767271287,9.989262941480415e-08,0.0,0.0,0.0,0.3312241339048325,0.6687757666475455,9.944762239608114e-08,0.3312241339048325,0.6687757666475455,9.944762239608114e-08
2023-10-10,,,2023-10-10,False,0.3312241339048325,0.6687757666475455,9.944762239608114e-08,0.0,0.0,0.0,0.3330060347267205,0.6669938661919779,9.908130199550115e-08,0.3330060347267205,0.6669938661919779,9.908130199550115e-08
2023-10-11,,,2023-10-11,False,0.3330060347267205,0.6669938661919779,9.908130199550115e-08,0.0,0.0,0.0,0.33328568921738416,0.6667142122252878,9.855732847091163e-08,0.33328568921738416,0.6667142122252878,9.855732847091163e-08
2023-10-12,,,2023-10-12,False,0.33328568921738416,0.6667142122252878,9.855732847091163e-08,0.0,0.0,0.0,0.3321000675756633,0.6678998341315348,9.829280228164264e-08,0.3321000675756633,0.6678998341315348,9.829280228164264e-08
2023-10-13,,,2023-10-13,False,0.3321000675756633,0.6678998341315348,9.829280228164264e-08,0.0,0.0,0.0,0.33117026181260417,0.6688296399566496,9.823074651758501e-08,0.33117026181260417,0.6688296399566496,9.823074651758501e-08
2023-10-16,,,2023-10-16,False,0.33117026181260417,0.6688296399566496,9.823074651758501e-08,0.0,0.0,0.0,0.32758801492291206,0.6724118878138513,9.726323691147834e-08,0.32758801492291206,0.6724118878138513,9.726323691147834e-08
2023-10-17,2023-10-17,2023-10-17,2023-10-17,True,0.32758801492291206,0.6724118878138513,9.726323691147834e-08,0.011055941023438386,0.2500236113785275,0.7389204475980341,0.011055941023438386,0.2500236113785275,0.7389204475980341,0.3282139477129317,0.6717859552302631,9.705680545152908e-08
2023-10-18,,,2023-10-18,False,0.011055941023438386,0.2500236113785275,0.7389204475980341,0.0,0.0,0.0,0.010952864905160632,0.2517909519238227,0.7372561831710165,0.010952864905160632,0.2517909519238227,0.7372561831710165
2023-10-19,,,2023-10-19,False,0.010952864905160632,0.2517909519238227,0.7372561831710165,0.0,0.0,0.0,0.010920352047198498,0.25228130332914267,0.7367983446236586,0.010920352047198498,0.25228130332914267,0.7367983446236586
2023-10-20,,,2023-10-20,False,0.010920352047198498,0.25228130332914267,0.7367983446236586,0.0,0.0,0.0,0.01083858785691841,0.2548021621201401,0.7343592500229411,0.01083858785691841,0.2548021621201401,0.7343592500229411
2023-10-23,,,2023-10-23,False,0.01083858785691841,0.2548021621201401,0.7343592500229411,0.0,0.0,0.0,0.010698157368735398,0.2546568111382499,0.7346450314930144,0.010698157368735398,0.2546568111382499,0.7346450314930144
2023-10-25,,,2023-10-25,False,0.010698157368735398,0.2546568111382499,0.7346450314930144,0.0,0.0,0.0,0.010617366214292148,0.2542002717866013,0.7351823619991062,0.010617366214292148,0.2542002717866013,0.7351823619991062
2023-10-26,,,2023-10-26,False,0.010617366214292148,0.2542002717866013,0.7351823619991062,0.0,0.0,0.0,0.010450118126845345,0.25578342905441237,0.7337664528187421,0.010450118126845345,0.25578342905441237,0.7337664528187421
2023-10-27,,,2023-10-27,False,0.010450118126845345,0.25578342905441237,0.7337664528187421,0.0,0.0,0.0,0.010564126653610072,0.2550562005347771,0.7343796728116126,0.010564126653610072,0.2550562005347771,0.7343796728116126
2023-10-30,,,2023-10-30,False,0.010564126653610072,0.2550562005347771,0.7343796728116126,0.0,0.0,0.0,0.01059570797186306,0.2564403192342543,0.7329639727938826,0.01059570797186306,0.2564403192342543,0.7329639727938826
2023-10-31,,,2023-10-31,False,0.01059570797186306,0.2564403192342543,0.7329639727938826,0.0,0.0,0.0,0.010525182205057649,0.2557483741621645,0.7337264436327778,0.010525182205057649,0.2557483741621645,0.7337264436327778
2023-11-01,,,2023-11-01,False,0.010525182205057649,0.2557483741621645,0.7337264436327778,0.0,0.0,0.0,0.010491271627036634,0.2546626131069089,0.7348461152660544,0.010491271627036634,0.2546626131069089,0.7348461152660544
2023-11-02,,,2023-11-02,False,0.010491271627036634,0.2546626131069089,0.7348461152660544,0.0,0.0,0.0,0.010565442662621704,0.254974083533756,0.7344604738036223,0.010565442662621704,0.254974083533756,0.7344604738036223
2023-11-03,,,2023-11-03,False,0.010565442662621704,0.254974083533756,0.7344604738036223,0.0,0.0,0.0,0.010621162186073127,0.2547752922139162,0.7346035456000108,0.010621162186073127,0.2547752922139162,0.7346035456000108
2023-11-06,,,2023-11-06,False,0.010621162186073127,0.2547752922139162,0.7346035456000108,0.0,0.0,0.0,0.01072285513139863,0.2545683709424189,0.7347087739261826,0.01072285513139863,0.2545683709424189,0.7347087739261826
2023-11-07,,,2023-11-07,False,0.01072285513139863,0.2545683709424189,0.7347087739261826,0.0,0.0,0.0,0.010740622157041618,0.25313437450277243,0.7361250033401862,0.010740622157041618,0.25313437450277243,0.7361250033401862
2023-11-08,,,2023-11-08,False,0.010740622157041618,0.25313437450277243,0.7361250033401862,0.0,0.0,0.0,0.010758728241023485,0.2532782899105705,0.7359629818484063,0.010758728241023485,0.2532782899105705,0.7359629818484063
2023-11-09,,,2023-11-09,False,0.010758728241023485,0.2532782899105705,0.7359629818484063,0.0,0.0,0.0,0.010756648184544072,0.2515867208103876,0.7376566310050686,0.010756648184544072,0.2515867208103876,0.7376566310050686
2023-11-10,,,2023-11-10,False,0.010756648184544072,0.2515867208103876,0.7376566310050686,0.0,0.0,0.0,0.010753483158754287,0.25294766919599543,0.7362988476452504,0.010753483158754287,0.25294766919599543,0.7362988476452504
2023-11-13,,,2023-11-13,False,0.010753483158754287,0.25294766919599543,0.7362988476452504,0.0,0.0,0.0,0.010783651607924752,0.251543030434688,0.7376733179573874,0.010783651607924752,0.251543030434688,0.7376733179573874
2023-11-15,,,2023-11-15,False,0.010783651607924752,0.251543030434688,0.7376733179573874,0.0,0.0,0.0,0.01088245933524986,0.2534664665487337,0.7356510741160166,0.01088245933524986,0.2534664665487337,0.7356510741160166
2023-11-16,,,2023-11-16,False,0.01088245933524986,0.2534664665487337,0.7356510741160166,0.0,0.0,0.0,0.010935327403984235,0.2531964119343675,0.7358682606616485,0.010935327403984235,0.2531964119343675,0.7358682606616485
2023-11-17,2023-11-17,2023-11-17,2023-11-17,True,0.010935327403984235,0.2531964119343675,0.7358682606616485,0.021412331157025104,0.25001381407902096,0.728573854763954,0.021412331157025104,0.25001381407902096,0.728573854763954,0.01089182863477617,0.2549264718719708,0.7341816994932532
2023-11-20,,,2023-11-20,False,0.021412331157025104,0.25001381407902096,0.728573854763954,0.0,0.0,0.0,0.021392659748647902,0.24929841038038908,0.7293089298709631,0.021392659748647902,0.24929841038038908,0.7293089298709631
2023-11-21,,,2023-11-21,False,0.021392659748647902,0.24929841038038908,0.7293089298709631,0.0,0.0,0.0,0.021465053833129397,0.2500721202329228,0.7284628259339477,0.021465053833129397,0.2500721202329228,0.7284628259339477
2023-11-22,,,2023-11-22,False,0.021465053833129397,0.2500721202329228,0.7284628259339477,0.0,0.0,0.0,0.021465253656221133,0.2511111993771186,0.7274235469666603,0.021465253656221133,0.2511111993771186,0.7274235469666603
2023-11-23,,,2023-11-23,False,0.021465253656221133,0.2511111993771186,0.7274235469666603,0.0,0.0,0.0,0.021470156710347677,0.25057097820589563,0.7279588650837568,0.021470156710347677,0.25057097820589563,0.7279588650837568
2023-11-24,,,2023-11-24,False,0.021470156710347677,0.25057097820589563,0.7279588650837568,0.0,0.0,0.0,0.02144897951014106,0.25104195675016155,0.7275090637396976,0.02144897951014106,0.25104195675016155,0.7275090637396976
2023-11-28,,,2023-11-28,False,0.02144897951014106,0.25104195675016155,0.7275090637396976,0.0,0.0,0.0,0.0215343090590251,0.25155830932696854,0.7269073816140065,0.0215343090590251,0.25155830932696854,0.7269073816140065
2023-11-29,,,2023-11-29,False,0.0215343090590251,0.25155830932696854,0.7269073816140065,0.0,0.0,0.0,0.021675113379777348,0.25418998672173504,0.7241348998984877,0.021675113379777348,0.25418998672173504,0.7241348998984877
2023-11-30,,,2023-11-30,False,0.021675113379777348,0.25418998672173504,0.7241348998984877,0.0,0.0,0.0,0.021643077989608836,0.25383109697972317,0.724525825030668,0.021643077989608836,0.25383109697972317,0.724525825030668
2023-12-01,,,2023-12-01,False,0.021643077989608836,0.25383109697972317,0.724525825030668,0.0,0.0,0.0,0.021770224685994797,0.2542928424876283,0.7239369328263767,0.021770224685994797,0.2542928424876283,0.7239369328263767
2023-12-04,,,2023-12-04,False,0.021770224685994797,0.2542928424876283,0.7239369328263767,0.0,0.0,0.0,0.022164879224376183,0.2557068189339086,0.722128301841715,0.022164879224376183,0.2557068189339086,0.722128301841715
2023-12-05,,,2023-12-05,False,0.022164879224376183,0.2557068189339086,0.722128301841715,0.0,0.0,0.0,0.022424416926153223,0.25288733238050143,0.7246882506933451,0.022424416926153223,0.25288733238050143,0.7246882506933451
2023-12-06,,,2023-12-06,False,0.022424416926153223,0.25288733238050143,0.7246882506933451,0.0,0.0,0.0,0.022522906221854502,0.25247033496304644,0.7250067588150988,0.022522906221854502,0.25247033496304644,0.7250067588150988
2023-12-07,,,2023-12-07,False,0.022522906221854502,0.25247033496304644,0.7250067588150988,0.0,0.0,0.0,0.022463003961828668,0.2531940637560506,0.7243429322821204,0.022463003961828668,0.2531940637560506,0.7243429322821204
2023-12-08,,,2023-12-08,False,0.022463003961828668,0.2531940637560506,0.7243429322821204,0.0,0.0,0.0,0.022544387902822947,0.25285446119521326,0.7246011509019635,0.022544387902822947,0.25285446119521326,0.7246011509019635
2023-12-11,,,2023-12-11,False,0.022544387902822947,0.25285446119521326,0.7246011509019635,0.0,0.0,0.0,0.022673282829797407,0.24955122567401042,0.727775491496192,0.022673282829797407,0.24955122567401042,0.727775491496192
2023-12-12,,,2023-12-12,False,0.022673282829797407,0.24955122567401042,0.727775491496192,0.0,0.0,0.0,0.022595984048768742,0.24896311112617592,0.7284409048250552,0.022595984048768742,0.24896311112617592,0.7284409048250552
2023-12-13,,,2023-12-13,False,0.022595984048768742,0.24896311112617592,0.7284409048250552,0.0,0.0,0.0,0.02261922959837977,0.24888562583759952,0.7284951445640206,0.02261922959837977,0.24888562583759952,0.7284951445640206
2023-12-14,,,2023-12-14,False,0.02261922959837977,0.24888562583759952,0.7284951445640206,0.0,0.0,0.0,0.022783717433894124,0.2522966367104051,0.7249196458557008,0.022783717433894124,0.2522966367104051,0.7249196458557008
2023-12-15,,,2023-12-15,False,0.022783717433894124,0.2522966367104051,0.7249196458557008,0.0,0.0,0.0,0.02307047372675102,0.2522580444920125,0.7246714817812365,0.02307047372675102,0.2522580444920125,0.7246714817812365
2023-12-18,,,2023-12-18,False,0.02307047372675102,0.2522580444920125,0.7246714817812365,0.0,0.0,0.0,0.023065815201792877,0.25112361319147963,0.7258105716067276,0.023065815201792877,0.25112361319147963,0.7258105716067276
2023-12-19,2023-12-19,2023-12-19,2023-12-19,True,0.023065815201792877,0.25112361319147963,0.7258105716067276,0.7999999615118634,0.200000037782665,7.054786865267966e-10,0.7999999615118634,0.200000037782665,7.054786865267966e-10,0.023091009963616675,0.25147239041404545,0.7254365996223381
2023-12-20,,,2023-12-20,False,0.7999999615118634,0.200000037782665,7.054786865267966e-10,0.0,0.0,0.0,0.7969789732783724,0.2030210260087532,7.128815657447773e-10,0.7969789732783724,0.2030210260087532,7.128815657447773e-10
2023-12-21,,,2023-12-21,False,0.7969789732783724,0.2030210260087532,7.128815657447773e-10,0.0,0.0,0.0,0.7976867281717084,0.2023132711183056,7.099932180192454e-10,0.7976867281717084,0.2023132711183056,7.099932180192454e-10
2023-12-22,,,2023-12-22,False,0.7976867281717084,0.2023132711183056,7.099932180192454e-10,0.0,0.0,0.0,0.797396995207391,0.20260300408601725,7.065987966196848e-10,0.797396995207391,0.20260300408601725,7.065987966196848e-10
2023-12-26,,,2023-12-26,False,0.797396995207391,0.20260300408601725,7.065987966196848e-10,0.0,0.0,0.0,0.7972732671425161,0.20272673215403836,7.034525540532408e-10,0.7972732671425161,0.20272673215403836,7.034525540532408e-10
2023-12-27,,,2023-12-27,False,0.7972732671425161,0.20272673215403836,7.034525540532408e-10,0.0,0.0,0.0,0.7983586276237127,0.2016413716788189,6.974752954228195e-10,0.7983586276237127,0.2016413716788189,6.974752954228195e-10
2023-12-28,,,2023-12-28,False,0.7983586276237127,0.2016413716788189,6.974752954228195e-10,0.0,0.0,0.0,0.7986481605477197,0.2013518387585299,6.937572577743827e-10,0.7986481605477197,0.2013518387585299,6.937572577743827e-10
2023-12-29,,,2023-12-29,False,0.7986481605477197,0.2013518387585299,6.937572577743827e-10,0.0,0.0,0.0,0.7988369955135552,0.20116300378846957,6.979820333116593e-10,0.7988369955135552,0.20116300378846957,6.979820333116593e-10
2024-01-01,,,2024-01-01,False,0.7988369955135552,0.20116300378846957,6.979820333116593e-10,0.0,0.0,0.0,0.7986751677560391,0.20132483154646413,6.975036225855918e-10,0.7986751677560391,0.20132483154646413,6.975036225855918e-10
2024-01-02,,,2024-01-02,False,0.7986751677560391,0.20132483154646413,6.975036225855918e-10,0.0,0.0,0.0,0.797302074968744,0.20269792433251269,6.987501859576217e-10,0.797302074968744,0.20269792433251269,6.987501859576217e-10
2024-01-03,,,2024-01-03,False,0.797302074968744,0.20269792433251269,6.987501859576217e-10,0.0,0.0,0.0,0.7976334209161583,0.20236657837998523,7.038633529627353e-10,0.7976334209161583,0.20236657837998523,7.038633529627353e-10
2024-01-04,,,2024-01-04,False,0.7976334209161583,0.20236657837998523,7.038633529627353e-10,0.0,0.0,0.0,0.7994090239544339,0.20059097534474338,7.008296401990722e-10,0.7994090239544339,0.20059097534474338,7.008296401990722e-10
2024-01-05,,,2024-01-05,False,0.7994090239544339,0.20059097534474338,7.008296401990722e-10,0.0,0.0,0.0,0.8002457348101362,0.19975426448999434,6.998763422611673e-10,0.8002457348101362,0.19975426448999434,6.998763422611673e-10
2024-01-08,,,2024-01-08,False,0.8002457348101362,0.19975426448999434,6.998763422611673e-10,0.0,0.0,0.0,0.7996567924084358,0.2003432068857866,7.057845465997266e-10,0.7996567924084358,0.2003432068857866,7.057845465997266e-10
2024-01-09,,,2024-01-09,False,0.7996567924084358,0.2003432068857866,7.057845465997266e-10,0.0,0.0,0.0,0.7993791496635607,0.20062084963194984,7.044965021283741e-10,0.7993791496635607,0.20062084963194984,7.044965021283741e-10
2024-01-10,,,2024-01-10,False,0.7993791496635607,0.20062084963194984,7.044965021283741e-10,0.0,0.0,0.0,0.80022933349721,0.1997706657999603,7.028366491366481e-10,0.80022933349721,0.1997706657999603,7.028366491366481e-10
2024-01-11,,,2024-01-11,False,0.80022933349721,0.1997706657999603,7.028366491366481e-10,0.0,0.0,0.0,0.800681400603074,0.19931859869461818,7.023147892368607e-10,0.800681400603074,0.19931859869461818,7.023147892368607e-10
2024-01-12,,,2024-01-12,False,0.800681400603074,0.19931859869461818,7.023147892368607e-10,0.0,0.0,0.0,0.8020387322473107,0.1979612670571388,6.955575841557988e-10,0.8020387322473107,0.1979612670571388,6.955575841557988e-10
2024-01-15,,,2024-01-15,False,0.8020387322473107,0.1979612670571388,6.955575841557988e-10,0.0,0.0,0.0,0.8027252936597159,0.19727470565053024,6.897609294918391e-10,0.8027252936597159,0.19727470565053024,6.897609294918391e-10
2024-01-16,,,2024-01-16,False,0.8027252936597159,0.19727470565053024,6.897609294918391e-10,0.0,0.0,0.0,0.8028535896154962,0.1971464096925997,6.919110862273875e-10,0.8028535896154962,0.1971464096925997,6.919110862273875e-10
2024-01-17,,,2024-01-17,False,0.8028535896154962,0.1971464096925997,6.919110862273875e-10,0.0,0.0,0.0,0.8006399400903806,0.1993600592048982,7.047281986603669e-10,0.8006399400903806,0.1993600592048982,7.047281986603669e-10
2024-01-18,2024-01-18,2024-01-18,2024-01-18,True,0.8006399400903806,0.1993600592048982,7.047281986603669e-10,0.7999999991183913,0.20000000072058527,1.6102549449149183e-10,0.7999999991183913,0.20000000072058527,1.6102549449149183e-10,0.8003724566231544,0.19962754266876603,7.080866022258321e-10
2024-01-19,,,2024-01-19,False,0.7999999991183913,0.20000000072058527,1.6102549449149183e-10,0.0,0.0,0.0,0.8001261259519865,0.19987387388815586,1.5985960902283965e-10,0.8001261259519865,0.19987387388815586,1.5985960902283965e-10
2024-01-23,,,2024-01-23,False,0.8001261259519865,0.19987387388815586,1.5985960902283965e-10,0.0,0.0,0.0,0.7971869013241837,0.20281309851367085,1.6214742911659908e-10,0.7971869013241837,0.20281309851367085,1.6214742911659908e-10
2024-01-24,,,2024-01-24,False,0.7971869013241837,0.20281309851367085,1.6214742911659908e-10,0.0,0.0,0.0,0.7986596092659518,0.20134039057323067,1.6081948729829972e-10,0.7986596092659518,0.20134039057323067,1.6081948729829972e-10
2024-01-25,,,2024-01-25,False,0.7986596092659518,0.20134039057323067,1.6081948729829972e-10,0.0,0.0,0.0,0.7984765850025113,0.20152341483594488,1.6154578418288524e-10,0.7984765850025113,0.20152341483594488,1.6154578418288524e-10
2024-01-29,,,2024-01-29,False,0.7984765850025113,0.20152341483594488,1.6154578418288524e-10,0.0,0.0,0.0,0.8005825379364591,0.1994174619044413,1.5910155797915717e-10,0.8005825379364591,0.1994174619044413,1.5910155797915717e-10
2024-01-30,,,2024-01-30,False,0.8005825379364591,0.1994174619044413,1.5910155797915717e-10,0.0,0.0,0.0,0.798502322407314,0.20149767743240923,1.6027867617720067e-10,0.798502322407314,0.20149767743240923,1.6027867617720067e-10
2024-01-31,,,2024-01-31,False,0.798502322407314,0.20149767743240923,1.6027867617720067e-10,0.0,0.0,0.0,0.7993510570775335,0.20064894276283537,1.5963298687833985e-10,0.7993510570775335,0.20064894276283537,1.5963298687833985e-10
2024-02-01,,,2024-02-01,False,0.7993510570775335,0.20064894276283537,1.5963298687833985e-10,0.0,0.0,0.0,0.7988114644763328,0.20118853536393452,1.5973453441240823e-10,0.7988114644763328,0.20118853536393452,1.5973453441240823e-10
2024-02-02,,,2024-02-02,False,0.7988114644763328,0.20118853536393452,1.5973453441240823e-10,0.0,0.0,0.0,0.7996038791281681,0.20039612071308455,1.5874904605787956e-10,0.7996038791281681,0.20039612071308455,1.5874904605787956e-10
2024-02-05,,,2024-02-05,False,0.7996038791281681,0.20039612071308455,1.5874904605787956e-10,0.0,0.0,0.0,0.8008025606396292,0.199197439200786,1.5958656944114477e-10,0.8008025606396292,0.199197439200786,1.5958656944114477e-10
2024-02-06,,,2024-02-06,False,0.8008025606396292,0.199197439200786,1.5958656944114477e-10,0.0,0.0,0.0,0.8020712829063502,0.1979287169349632,1.5868835531835032e-10,0.8020712829063502,0.1979287169349632,1.5868835531835032e-10
2024-02-07,,,2024-02-07,False,0.8020712829063502,0.1979287169349632,1.5868835531835032e-10,0.0,0.0,0.0,0.8012704245445362,0.19872957529694354,1.5852195814578515e-10,0.8012704245445362,0.19872957529694354,1.5852195814578515e-10
2024-02-08,,,2024-02-08,False,0.8012704245445362,0.19872957529694354,1.5852195814578515e-10,0.0,0.0,0.0,0.8001969423770866,0.19980305746305466,1.5986054376406083e-10,0.8001969423770866,0.19980305746305466,1.5986054376406083e-10
2024-02-09,,,2024-02-09,False,0.8001969423770866,0.19980305746305466,1.5986054376406083e-10,0.0,0.0,0.0,0.8006710206152597,0.19932897922526074,1.5948123823269049e-10,0.8006710206152597,0.19932897922526074,1.5948123823269049e-10
2024-02-12,,,2024-02-12,False,0.8006710206152597,0.19932897922526074,1.5948123823269049e-10,0.0,0.0,0.0,0.8002305335616052,0.19976946627777573,1.606208714978703e-10,0.8002305335616052,0.19976946627777573,1.606208714978703e-10
2024-02-13,,,2024-02-13,False,0.8002305335616052,0.19976946627777573,1.606208714978703e-10,0.0,0.0,0.0,0.801106478536467,0.19889352130367874,1.5985602008454376e-10,0.801106478536467,0.19889352130367874,1.5985602008454376e-10
2024-02-14,,,2024-02-14,False,0.801106478536467,0.19889352130367874,1.5985602008454376e-10,0.0,0.0,0.0,0.8039554679023104,0.196044531937978,1.5971347575956507e-10,0.8039554679023104,0.196044531937978,1.5971347575956507e-10
2024-02-15,,,2024-02-15,False,0.8039554679023104,0.196044531937978,1.5971347575956507e-10,0.0,0.0,0.0,0.8042530629291518,0.19574693691159323,1.5925705908079465e-10,0.8042530629291518,0.19574693691159323,1.5925705908079465e-10
2024-02-16,,,2024-02-16,False,0.8042530629291518,0.19574693691159323,1.5925705908079465e-10,0.0,0.0,0.0,0.8046414655911159,0.19535853425049157,1.5839455677719458e-10,0.8046414655911159,0.19535853425049157,1.5839455677719458e-10
2024-02-19,,,2024-02-19,False,0.8046414655911159,0.19535853425049157,1.5839455677719458e-10,0.0,0.0,0.0,0.804353454224717,0.19564654561753073,1.5775416960611822e-10,0.804353454224717,0.19564654561753073,1.5775416960611822e-10
2024-02-20,2024-02-20,2024-02-20,2024-02-20,True,0.804353454224717,0.19564654561753073,1.5775416960611822e-10,0.7999999986116818,0.19999992502776306,7.636056330432752e-08,0.7999999986116818,0.19999992502776306,7.636056330432752e-08,0.8051221324994335,0.1948778673431948,1.5737353075601956e-10
2024-02-21,,,2024-02-21,False,0.7999999986116818,0.19999992502776306,7.636056330432752e-08,0.0,0.0,0.0,0.7987275212361052,0.20127240203428912,7.672961384585296e-08,0.7987275212361052,0.20127240203428912,7.672961384585296e-08
2024-02-22,,,2024-02-22,False,0.7987275212361052,0.20127240203428912,7.672961384585296e-08,0.0,0.0,0.0,0.7996611615629217,0.20033876218005936,7.62570270928417e-08,0.7996611615629217,0.20033876218005936,7.62570270928417e-08
2024-02-23,,,2024-02-23,False,0.7996611615629217,0.20033876218005936,7.62570270928417e-08,0.0,0.0,0.0,0.8004787795932299,0.19952114405469112,7.635208713072849e-08,0.8004787795932299,0.19952114405469112,7.635208713072849e-08
2024-02-26,,,2024-02-26,False,0.8004787795932299,0.19952114405469112,7.635208713072849e-08,0.0,0.0,0.0,0.7990013762912013,0.2009985471853522,7.652345468302833e-08,0.7990013762912013,0.2009985471853522,7.652345468302833e-08
2024-02-27,,,2024-02-27,False,0.7990013762912013,0.2009985471853522,7.652345468302833e-08,0.0,0.0,0.0,0.7993105805392636,0.20068934317079976,7.628994478235928e-08,0.7993105805392636,0.20068934317079976,7.628994478235928e-08
2024-02-28,,,2024-02-28,False,0.7993105805392636,0.20068934317079976,7.628994478235928e-08,0.0,0.0,0.0,0.7980898442893152,0.20191007867944666,7.703124639724539e-08,0.7980898442893152,0.20191007867944666,7.703124639724539e-08
2024-02-29,,,2024-02-29,False,0.7980898442893152,0.20191007867944666,7.703124639724539e-08,0.0,0.0,0.0,0.7977713360356904,0.20222858679124733,7.717307054391347e-08,0.7977713360356904,0.20222858679124733,7.717307054391347e-08
2024-03-01,,,2024-03-01,False,0.7977713360356904,0.20222858679124733,7.717307054391347e-08,0.0,0.0,0.0,0.799987200772969,0.20001272307347084,7.615356819651153e-08,0.799987200772969,0.20001272307347084,7.615356819651153e-08
2024-03-04,,,2024-03-04,False,0.799987200772969,0.20001272307347084,7.615356819651153e-08,0.0,0.0,0.0,0.7974869098722619,0.2025130144386919,7.568905425227022e-08,0.7974869098722619,0.2025130144386919,7.568905425227022e-08
2024-03-05,,,2024-03-05,False,0.7974869098722619,0.2025130144386919,7.568905425227022e-08,0.0,0.0,0.0,0.7949463552229435,0.20505356916201253,7.561505193873881e-08,0.7949463552229435,0.20505356916201253,7.561505193873881e-08
2024-03-06,,,2024-03-06,False,0.7949463552229435,0.20505356916201253,7.561505193873881e-08,0.0,0.0,0.0,0.7955039183956132,0.2044960063327612,7.527163362340745e-08,0.7955039183956132,0.2044960063327612,7.527163362340745e-08
2024-03-07,,,2024-03-07,False,0.7955039183956132,0.2044960063327612,7.527163362340745e-08,0.0,0.0,0.0,0.7935113211765266,0.2064886038054807,7.501800076765233e-08,0.7935113211765266,0.2064886038054807,7.501800076765233e-08
2024-03-11,,,2024-03-11,False,0.7935113211765266,0.2064886038054807,7.501800076765233e-08,0.0,0.0,0.0,0.7906444637225463,0.20935546099196106,7.528550073341518e-08,0.7906444637225463,0.20935546099196106,7.528550073341518e-08
2024-03-12,,,2024-03-12,False,0.7906444637225463,0.20935546099196106,7.528550073341518e-08,0.0,0.0,0.0,0.7908739657270599,0.20912595897661732,7.529633075510542e-08,0.7908739657270599,0.20912595897661732,7.529633075510542e-08
2024-03-13,,,2024-03-13,False,0.7908739657270599,0.20912595897661732,7.529633075510542e-08,0.0,0.0,0.0,0.7897452319154508,0.21025469174039407,7.634416322389735e-08,0.7897452319154508,0.21025469174039407,7.634416322389735e-08
2024-03-14,,,2024-03-14,False,0.7897452319154508,0.21025469174039407,7.634416322389735e-08,0.0,0.0,0.0,0.7897618846081478,0.210238039558815,7.583304525480168e-08,0.7897618846081478,0.210238039558815,7.583304525480168e-08
2024-03-15,,,2024-03-15,False,0.7897618846081478,0.210238039558815,7.583304525480168e-08,0.0,0.0,0.0,0.7891616676343868,0.21083825616596988,7.619965150724866e-08,0.7891616676343868,0.21083825616596988,7.619965150724866e-08
2024-03-18,,,2024-03-18,False,0.7891616676343868,0.21083825616596988,7.619965150724866e-08,0.0,0.0,0.0,0.7900924769101499,0.20990744691297789,7.617688021190938e-08,0.7900924769101499,0.20990744691297789,7.617688021190938e-08
2024-03-19,,,2024-03-19,False,0.7900924769101499,0.20990744691297789,7.617688021190938e-08,0.0,0.0,0.0,0.787954911530485,0.21204501166836495,7.680115819776686e-08,0.787954911530485,0.21204501166836495,7.680115819776686e-08
2024-03-20,,,2024-03-20,False,0.787954911530485,0.21204501166836495,7.680115819776686e-08,0.0,0.0,0.0,0.787790411638483,0.21220951165328011,7.670824519593081e-08,0.787790411638483,0.21220951165328011,7.670824519593081e-08
2024-03-21,2024-03-21,2024-03-21,2024-03-21,True,0.787790411638483,0.21220951165328011,7.670824519593081e-08,0.7999999986310345,0.20000000125880454,1.10155775238633e-10,0.7999999986310345,0.20000000125880454,1.10155775238633e-10,0.7861892313285539,0.21381069271949785,7.595195637705313e-08
2024-03-22,,,2024-03-22,False,0.7999999986310345,0.20000000125880454,1.10155775238633e-10,0.0,0.0,0.0,0.8026184091756263,0.19738159071427627,1.10092187656543e-10,0.8026184091756263,0.19738159071427627,1.10092187656543e-10
2024-03-26,,,2024-03-26,False,0.8026184091756263,0.19738159071427627,1.10092187656543e-10,0.0,0.0,0.0,0.801077856874149,0.19892214301550637,1.1033944316404089e-10,0.801077856874149,0.19892214301550637,1.1033944316404089e-10
2024-03-27,,,2024-03-27,False,0.801077856874149,0.19892214301550637,1.1033944316404089e-10,0.0,0.0,0.0,0.8021613110245981,0.1978386888655021,1.0989461757941279e-10,0.8021613110245981,0.1978386888655021,1.0989461757941279e-10
2024-03-28,,,2024-03-28,False,0.8021613110245981,0.1978386888655021,1.0989461757941279e-10,0.0,0.0,0.0,0.802515285018187,0.1974847148724408,1.0936695752893019e-10,0.802515285018187,0.1974847148724408,1.0936695752893019e-10
2024-04-01,,,2024-04-01,False,0.802515285018187,0.1974847148724408,1.0936695752893019e-10,0.0,0.0,0.0,0.7987279677581277,0.20127203213367106,1.081961285880366e-10,0.7987279677581277,0.20127203213367106,1.081961285880366e-10
2024-04-02,,,2024-04-02,False,0.7987279677581277,0.20127203213367106,1.081961285880366e-10,0.0,0.0,0.0,0.7977843642379272,0.20221563565395737,1.0811017709867763e-10,0.7977843642379272,0.20221563565395737,1.0811017709867763e-10
2024-04-03,,,2024-04-03,False,0.7977843642379272,0.20221563565395737,1.0811017709867763e-10,0.0,0.0,0.0,0.7972926119662015,0.20270738792565987,1.0813335709434327e-10,0.7972926119662015,0.20270738792565987,1.0813335709434327e-10
2024-04-04,,,2024-04-04,False,0.7972926119662015,0.20270738792565987,1.0813335709434327e-10,0.0,0.0,0.0,0.796743764183803,0.20325623570851686,1.0767495975391376e-10,0.796743764183803,0.20325623570851686,1.0767495975391376e-10
2024-04-05,,,2024-04-05,False,0.796743764183803,0.20325623570851686,1.0767495975391376e-10,0.0,0.0,0.0,0.7971476160001473,0.2028523838921134,1.0773408923303832e-10,0.7971476160001473,0.2028523838921134,1.0773408923303832e-10
2024-04-08,,,2024-04-08,False,0.7971476160001473,0.2028523838921134,1.0773408923303832e-10,0.0,0.0,0.0,0.7950312612616323,0.20496873863163895,1.0672361050303453e-10,0.7950312612616323,0.20496873863163895,1.0672361050303453e-10
2024-04-09,,,2024-04-09,False,0.7950312612616323,0.20496873863163895,1.0672361050303453e-10,0.0,0.0,0.0,0.7939421065679902,0.20605789332531618,1.0668825570208893e-10,0.7939421065679902,0.20605789332531618,1.0668825570208893e-10
2024-04-10,,,2024-04-10,False,0.7939421065679902,0.20605789332531618,1.0668825570208893e-10,0.0,0.0,0.0,0.7945528155516959,0.2054471843420486,1.062502773057742e-10,0.7945528155516959,0.2054471843420486,1.062502773057742e-10
2024-04-12,,,2024-04-12,False,0.7945528155516959,0.2054471843420486,1.062502773057742e-10,0.0,0.0,0.0,0.7893777258206347,0.210622274072703,1.0665698370223132e-10,0.7893777258206347,0.210622274072703,1.0665698370223132e-10
2024-04-15,,,2024-04-15,False,0.7893777258206347,0.210622274072703,1.0665698370223132e-10,0.0,0.0,0.0,0.7893810532367459,0.21061894665541003,1.0783870937717973e-10,0.7893810532367459,0.21061894665541003,1.0783870937717973e-10
2024-04-16,,,2024-04-16,False,0.7893810532367459,0.21061894665541003,1.0783870937717973e-10,0.0,0.0,0.0,0.7866529885901128,0.21334701130181016,1.0807167631359842e-10,0.7866529885901128,0.21334701130181016,1.0807167631359842e-10
2024-04-18,,,2024-04-18,False,0.7866529885901128,0.21334701130181016,1.0807167631359842e-10,0.0,0.0,0.0,0.785304012704744,0.21469598718661836,1.0863213813201704e-10,0.785304012704744,0.21469598718661836,1.0863213813201704e-10
2024-04-19,,,2024-04-19,False,0.785304012704744,0.21469598718661836,1.0863213813201704e-10,0.0,0.0,0.0,0.785698169278284,0.21430183061376573,1.0794489001454624e-10,0.785698169278284,0.21430183061376573,1.0794489001454624e-10
2024-04-22,,,2024-04-22,False,0.785698169278284,0.21430183061376573,1.0794489001454624e-10,0.0,0.0,0.0,0.7884768721604617,0.21152312773212573,1.0740703402154614e-10,0.7884768721604617,0.21152312773212573,1.0740703402154614e-10
2024-04-23,,,2024-04-23,False,0.7884768721604617,0.21152312773212573,1.0740703402154614e-10,0.0,0.0,0.0,0.7927548958314503,0.20724510406070687,1.0783723148482424e-10,0.7927548958314503,0.20724510406070687,1.0783723148482424e-10
2024-04-24,,,2024-04-24,False,0.7927548958314503,0.20724510406070687,1.0783723148482424e-10,0.0,0.0,0.0,0.7917016906152442,0.20829830927722154,1.0752859427784284e-10,0.7917016906152442,0.20829830927722154,1.0752859427784284e-10
2024-04-25,2024-04-25,2024-04-25,2024-04-25,True,0.7917016906152442,0.20829830927722154,1.0752859427784284e-10,0.399999995378502,0.6000000043344826,2.8701551924326504e-10,0.399999995378502,0.6000000043344826,2.8701551924326504e-10,0.7925793961565906,0.2074206037365569,1.0684678108286753e-10
2024-04-26,,,2024-04-26,False,0.399999995378502,0.6000000043344826,2.8701551924326504e-10,0.0,0.0,0.0,0.3965540681008132,0.6034459316127352,2.864517402424973e-10,0.3965540681008132,0.6034459316127352,2.864517402424973e-10
2024-04-29,,,2024-04-29,False,0.3965540681008132,0.6034459316127352,2.864517402424973e-10,0.0,0.0,0.0,0.39904701821589944,0.6009529814986898,2.8541080187785963e-10,0.39904701821589944,0.6009529814986898,2.8541080187785963e-10
2024-04-30,,,2024-04-30,False,0.39904701821589944,0.6009529814986898,2.8541080187785963e-10,0.0,0.0,0.0,0.40028774434153636,0.5997122553705703,2.878934013168491e-10,0.40028774434153636,0.5997122553705703,2.878934013168491e-10
2024-05-02,,,2024-05-02,False,0.40028774434153636,0.5997122553705703,2.878934013168491e-10,0.0,0.0,0.0,0.4008661365475902,0.5991338631646551,2.87754677363196e-10,0.4008661365475902,0.5991338631646551,2.87754677363196e-10
2024-05-03,,,2024-05-03,False,0.4008661365475902,0.5991338631646551,2.87754677363196e-10,0.0,0.0,0.0,0.40049635340287293,0.5995036463074305,2.8969665984158416e-10,0.40049635340287293,0.5995036463074305,2.8969665984158416e-10
2024-05-06,,,2024-05-06,False,0.40049635340287293,0.5995036463074305,2.8969665984158416e-10,0.0,0.0,0.0,0.3991917756250169,0.6008082240858037,2.8917952190575657e-10,0.3991917756250169,0.6008082240858037,2.8917952190575657e-10
2024-05-07,,,2024-05-07,False,0.3991917756250169,0.6008082240858037,2.8917952190575657e-10,0.0,0.0,0.0,0.39784762844800786,0.6021523712619747,2.9001754025255763e-10,0.39784762844800786,0.6021523712619747,2.9001754025255763e-10
2024-05-08,,,2024-05-08,False,0.39784762844800786,0.6021523712619747,2.9001754025255763e-10,0.0,0.0,0.0,0.3985595420310851,0.6014404576783785,2.905365013106941e-10,0.3985595420310851,0.6014404576783785,2.905365013106941e-10
2024-05-09,,,2024-05-09,False,0.3985595420310851,0.6014404576783785,2.905365013106941e-10,0.0,0.0,0.0,0.3951446513645005,0.6048553483429266,2.9257300718516096e-10,0.3951446513645005,0.6048553483429266,2.9257300718516096e-10
2024-05-10,,,2024-05-10,False,0.3951446513645005,0.6048553483429266,2.9257300718516096e-10,0.0,0.0,0.0,0.39035484581221847,0.6096451539000355,2.8774622137097714e-10,0.39035484581221847,0.6096451539000355,2.8774622137097714e-10
2024-05-13,,,2024-05-13,False,0.39035484581221847,0.6096451539000355,2.8774622137097714e-10,0.0,0.0,0.0,0.39386487272498066,0.6061351269853305,2.89689048698653e-10,0.39386487272498066,0.6061351269853305,2.89689048698653e-10
2024-05-14,,,2024-05-14,False,0.39386487272498066,0.6061351269853305,2.89689048698653e-10,0.0,0.0,0.0,0.39493521256578534,0.6050647871452264,2.8898848104815943e-10,0.39493521256578534,0.6050647871452264,2.8898848104815943e-10
2024-05-15,,,2024-05-15,False,0.39493521256578534,0.6050647871452264,2.8898848104815943e-10,0.0,0.0,0.0,0.39272909785448495,0.6072709018579172,2.875981105771526e-10,0.39272909785448495,0.6072709018579172,2.875981105771526e-10
2024-05-16,,,2024-05-16,False,0.39272909785448495,0.6072709018579172,2.875981105771526e-10,0.0,0.0,0.0,0.39378547662207286,0.6062145230921695,2.857577944542529e-10,0.39378547662207286,0.6062145230921695,2.857577944542529e-10
2024-05-17,,,2024-05-17,False,0.39378547662207286,0.6062145230921695,2.857577944542529e-10,0.0,0.0,0.0,0.39460220679126484,0.6053977929231783,2.855570382222518e-10,0.39460220679126484,0.6053977929231783,2.855570382222518e-10
2024-05-21,,,2024-05-21,False,0.39460220679126484,0.6053977929231783,2.855570382222518e-10,0.0,0.0,0.0,0.39270288483240323,0.6072971148842086,2.833885094732616e-10,0.39270288483240323,0.6072971148842086,2.833885094732616e-10
2024-05-22,,,2024-05-22,False,0.39270288483240323,0.6072971148842086,2.833885094732616e-10,0.0,0.0,0.0,0.39323936252157426,0.6067606371955137,2.829123114589268e-10,0.39323936252157426,0.6067606371955137,2.829123114589268e-10
2024-05-23,,,2024-05-23,False,0.39323936252157426,0.6067606371955137,2.829123114589268e-10,0.0,0.0,0.0,0.4012100391700303,0.5987899605459713,2.8399864107844064e-10,0.4012100391700303,0.5987899605459713,2.8399864107844064e-10
2024-05-24,,,2024-05-24,False,0.4012100391700303,0.5987899605459713,2.8399864107844064e-10,0.0,0.0,0.0,0.4039658158232646,0.5960341838906578,2.860778908133632e-10,0.4039658158232646,0.5960341838906578,2.860778908133632e-10
2024-05-27,,,2024-05-27,False,0.4039658158232646,0.5960341838906578,2.860778908133632e-10,0.0,0.0,0.0,0.40327274893214754,0.5967272507819559,2.8589691851023784e-10,0.40327274893214754,0.5967272507819559,2.8589691851023784e-10
2024-05-28,2024-05-28,2024-05-28,2024-05-28,True,0.40327274893214754,0.5967272507819559,2.8589691851023784e-10,0.003055150128203419,0.2500225934631786,0.7469222564086179,0.003055150128203419,0.2500225934631786,0.7469222564086179,0.4023348718030856,0.5976651279111306,2.8578406996630563e-10
2024-05-29,,,2024-05-29,False,0.003055150128203419,0.2500225934631786,0.7469222564086179,0.0,0.0,0.0,0.0030297454160504943,0.25027407897395426,0.7466961756099951,0.0030297454160504943,0.25027407897395426,0.7466961756099951
2024-05-30,,,2024-05-30,False,0.0030297454160504943,0.25027407897395426,0.7466961756099951,0.0,0.0,0.0,0.00300665820192361,0.24886826890842878,0.7481250728896475,0.00300665820192361,0.24886826890842878,0.7481250728896475
2024-05-31,,,2024-05-31,False,0.00300665820192361,0.24886826890842878,0.7481250728896475,0.0,0.0,0.0,0.0029975912428010397,0.24989722267418463,0.7471051860830141,0.0029975912428010397,0.24989722267418463,0.7471051860830141
2024-06-03,,,2024-06-03,False,0.0029975912428010397,0.24989722267418463,0.7471051860830141,0.0,0.0,0.0,0.0031036953281876945,0.24772598651377817,0.7491703181580339,0.0031036953281876945,0.24772598651377817,0.7491703181580339
2024-06-04,,,2024-06-04,False,0.0031036953281876945,0.24772598651377817,0.7491703181580339,0.0,0.0,0.0,0.002920561741902698,0.24767929320651622,0.7494001450515808,0.002920561741902698,0.24767929320651622,0.7494001450515808
2024-06-05,,,2024-06-05,False,0.002920561741902698,0.24767929320651622,0.7494001450515808,0.0,0.0,0.0,0.0030169864709580466,0.24802398682376692,0.7489590267052748,0.0030169864709580466,0.24802398682376692,0.7489590267052748
2024-06-06,,,2024-06-06,False,0.0030169864709580466,0.24802398682376692,0.7489590267052748,0.0,0.0,0.0,0.0030341707670370026,0.25037656794185387,0.7465892612911088,0.0030341707670370026,0.25037656794185387,0.7465892612911088
2024-06-07,,,2024-06-07,False,0.0030341707670370026,0.25037656794185387,0.7465892612911088,0.0,0.0,0.0,0.003100847543064447,0.24925983752503053,0.7476393149319047,0.003100847543064447,0.24925983752503053,0.7476393149319047
2024-06-10,,,2024-06-10,False,0.003100847543064447,0.24925983752503053,0.7476393149319047,0.0,0.0,0.0,0.003108917131854564,0.24630864737762462,0.7505824354905205,0.003108917131854564,0.24630864737762462,0.7505824354905205
2024-06-11,,,2024-06-11,False,0.003108917131854564,0.24630864737762462,0.7505824354905205,0.0,0.0,0.0,0.003106003773108518,0.2472045712697632,0.749689424957128,0.003106003773108518,0.2472045712697632,0.749689424957128
2024-06-12,,,2024-06-12,False,0.003106003773108518,0.2472045712697632,0.749689424957128,0.0,0.0,0.0,0.0031115720399990435,0.24772589571178089,0.7491625322482197,0.0031115720399990435,0.24772589571178089,0.7491625322482197
2024-06-13,,,2024-06-13,False,0.0031115720399990435,0.24772589571178089,0.7491625322482197,0.0,0.0,0.0,0.0031216497938859602,0.24772152487849414,0.7491568253276196,0.0031216497938859602,0.24772152487849414,0.7491568253276196
2024-06-14,,,2024-06-14,False,0.0031216497938859602,0.24772152487849414,0.7491568253276196,0.0,0.0,0.0,0.003130392324187637,0.24775007080204375,0.7491195368737684,0.003130392324187637,0.24775007080204375,0.7491195368737684
2024-06-18,,,2024-06-18,False,0.003130392324187637,0.24775007080204375,0.7491195368737684,0.0,0.0,0.0,0.0031461632672399346,0.2469176151465464,0.7499362215862134,0.0031461632672399346,0.2469176151465464,0.7499362215862134
2024-06-19,,,2024-06-19,False,0.0031461632672399346,0.2469176151465464,0.7499362215862134,0.0,0.0,0.0,0.0031356846671027907,0.24808654866836688,0.7487777666645301,0.0031356846671027907,0.24808654866836688,0.7487777666645301
2024-06-20,,,2024-06-20,False,0.0031356846671027907,0.24808654866836688,0.7487777666645301,0.0,0.0,0.0,0.0031383599114196636,0.249066815020324,0.7477948250682561,0.0031383599114196636,0.249066815020324,0.7477948250682561
2024-06-21,,,2024-06-21,False,0.0031383599114196636,0.249066815020324,0.7477948250682561,0.0,0.0,0.0,0.0031232384711828956,0.2505981894262789,0.7462785721025379,0.0031232384711828956,0.2505981894262789,0.7462785721025379
2024-06-24,,,2024-06-24,False,0.0031232384711828956,0.2505981894262789,0.7462785721025379,0.0,0.0,0.0,0.0031397437332863595,0.24780918713541555,0.7490510691312977,0.0031397437332863595,0.24780918713541555,0.7490510691312977
2024-06-25,,,2024-06-25,False,0.0031397437332863595,0.24780918713541555,0.7490510691312977,0.0,0.0,0.0,0.003162456497640431,0.2482026432364085,0.7486349002659507,0.003162456497640431,0.2482026432364085,0.7486349002659507
2024-06-26,,,2024-06-26,False,0.003162456497640431,0.2482026432364085,0.7486349002659507,0.0,0.0,0.0,0.003185856772937356,0.24730781702677482,0.7495063262002873,0.003185856772937356,0.24730781702677482,0.7495063262002873
2024-06-27,2024-06-27,2024-06-27,2024-06-27,True,0.003185856772937356,0.24730781702677482,0.7495063262002873,0.003870355630660765,0.250019358736987,0.7461102856323523,0.003870355630660765,0.250019358736987,0.7461102856323523,0.0032110473958943562,0.24686888541864144,0.7499200671854638
2024-06-28,,,2024-06-28,False,0.003870355630660765,0.250019358736987,0.7461102856323523,0.0,0.0,0.0,0.00384984817023647,0.25032565244314436,0.7458244993866191,0.00384984817023647,0.25032565244314436,0.7458244993866191
2024-07-01,,,2024-07-01,False,0.00384984817023647,0.25032565244314436,0.7458244993866191,0.0,0.0,0.0,0.0038721061393321658,0.2500726795751777,0.74605521428549,0.0038721061393321658,0.2500726795751777,0.74605521428549
2024-07-02,,,2024-07-02,False,0.0038721061393321658,0.2500726795751777,0.74605521428549,0.0,0.0,0.0,0.0038664704978550414,0.25059767904490265,0.7455358504572422,0.0038664704978550414,0.25059767904490265,0.7455358504572422
2024-07-03,,,2024-07-03,False,0.0038664704978550414,0.25059767904490265,0.7455358504572422,0.0,0.0,0.0,0.003886823664475354,0.2516720626903962,0.7444411136451283,0.003886823664475354,0.2516720626903962,0.7444411136451283
2024-07-04,,,2024-07-04,False,0.003886823664475354,0.2516720626903962,0.7444411136451283,0.0,0.0,0.0,0.0038857956322227096,0.25234927647856636,0.7437649278892109,0.0038857956322227096,0.25234927647856636,0.7437649278892109
2024-07-05,,,2024-07-05,False,0.0038857956322227096,0.25234927647856636,0.7437649278892109,0.0,0.0,0.0,0.00388621163781292,0.25293281552285396,0.743180972839333,0.00388621163781292,0.25293281552285396,0.743180972839333
2024-07-08,,,2024-07-08,False,0.00388621163781292,0.25293281552285396,0.743180972839333,0.0,0.0,0.0,0.0038842776271697252,0.253211364243755,0.7429043581290753,0.0038842776271697252,0.253211364243755,0.7429043581290753
2024-07-09,,,2024-07-09,False,0.0038842776271697252,0.253211364243755,0.7429043581290753,0.0,0.0,0.0,0.003905250145260686,0.25262283068813385,0.7434719191666055,0.003905250145260686,0.25262283068813385,0.7434719191666055
2024-07-10,,,2024-07-10,False,0.003905250145260686,0.25262283068813385,0.7434719191666055,0.0,0.0,0.0,0.0038853479681664744,0.25311715904121673,0.7429974929906167,0.0038853479681664744,0.25311715904121673,0.7429974929906167
2024-07-11,,,2024-07-11,False,0.0038853479681664744,0.25311715904121673,0.7429974929906167,0.0,0.0,0.0,0.0038817894892674903,0.25354923444373045,0.7425689760670019,0.0038817894892674903,0.25354923444373045,0.7425689760670019
2024-07-12,,,2024-07-12,False,0.0038817894892674903,0.25354923444373045,0.7425689760670019,0.0,0.0,0.0,0.003907995477828424,0.25418359286145525,0.741908411660716,0.003907995477828424,0.25418359286145525,0.741908411660716
2024-07-15,,,2024-07-15,False,0.003907995477828424,0.25418359286145525,0.741908411660716,0.0,0.0,0.0,0.0039209741565930795,0.2542739506611671,0.7418050751822395,0.0039209741565930795,0.2542739506611671,0.7418050751822395
2024-07-16,,,2024-07-16,False,0.0039209741565930795,0.2542739506611671,0.7418050751822395,0.0,0.0,0.0,0.003916758894724679,0.2558599766280045,0.7402232644772706,0.003916758894724679,0.2558599766280045,0.7402232644772706
2024-07-18,,,2024-07-18,False,0.003916758894724679,0.2558599766280045,0.7402232644772706,0.0,0.0,0.0,0.0039389482560083615,0.2572827004273228,0.7387783513166688,0.0039389482560083615,0.2572827004273228,0.7387783513166688
2024-07-19,,,2024-07-19,False,0.0039389482560083615,0.2572827004273228,0.7387783513166688,0.0,0.0,0.0,0.0039042250143106676,0.2557718333955734,0.7403239415901158,0.0039042250143106676,0.2557718333955734,0.7403239415901158
2024-07-22,,,2024-07-22,False,0.0039042250143106676,0.2557718333955734,0.7403239415901158,0.0,0.0,0.0,0.0039061046347891905,0.25476675560137163,0.7413271397638391,0.0039061046347891905,0.25476675560137163,0.7413271397638391
2024-07-23,,,2024-07-23,False,0.0039061046347891905,0.25476675560137163,0.7413271397638391,0.0,0.0,0.0,0.003932294722476171,0.24884934273963433,0.7472183625378894,0.003932294722476171,0.24884934273963433,0.7472183625378894
2024-07-24,,,2024-07-24,False,0.003932294722476171,0.24884934273963433,0.7472183625378894,0.0,0.0,0.0,0.0039308819496025335,0.24710605578959788,0.7489630622607996,0.0039308819496025335,0.24710605578959788,0.7489630622607996
2024-07-25,,,2024-07-25,False,0.0039308819496025335,0.24710605578959788,0.7489630622607996,0.0,0.0,0.0,0.003933475837447518,0.2463895774718752,0.7496769466906773,0.003933475837447518,0.2463895774718752,0.7496769466906773
2024-07-26,,,2024-07-26,False,0.003933475837447518,0.2463895774718752,0.7496769466906773,0.0,0.0,0.0,0.003992028946572602,0.24830656713600754,0.7477014039174198,0.003992028946572602,0.24830656713600754,0.7477014039174198
2024-07-29,2024-07-29,2024-07-29,2024-07-29,True,0.003992028946572602,0.24830656713600754,0.7477014039174198,0.7999999879044023,0.2000000118237975,2.7179221317927393e-10,0.7999999879044023,0.2000000118237975,2.7179221317927393e-10,0.004012324242863523,0.24452281450801916,0.7514648612491173
2024-07-30,,,2024-07-30,False,0.7999999879044023,0.2000000118237975,2.7179221317927393e-10,0.0,0.0,0.0,0.8013080584181904,0.1986919413097972,2.7200442263774935e-10,0.8013080584181904,0.1986919413097972,2.7200442263774935e-10
2024-07-31,,,2024-07-31,False,0.8013080584181904,0.1986919413097972,2.7200442263774935e-10,0.0,0.0,0.0,0.8010099701743169,0.1989900295538559,2.718192211403042e-10,0.8010099701743169,0.1989900295538559,2.718192211403042e-10
2024-08-01,,,2024-08-01,False,0.8010099701743169,0.1989900295538559,2.718192211403042e-10,0.0,0.0,0.0,0.8002803929137098,0.19971960681535664,2.709255837794242e-10,0.8002803929137098,0.19971960681535664,2.709255837794242e-10
2024-08-02,,,2024-08-02,False,0.8002803929137098,0.19971960681535664,2.709255837794242e-10,0.0,0.0,0.0,0.7968121291596257,0.20318787056741497,2.7295123327748074e-10,0.7968121291596257,0.20318787056741497,2.7295123327748074e-10
2024-08-05,,,2024-08-05,False,0.7968121291596257,0.20318787056741497,2.7295123327748074e-10,0.0,0.0,0.0,0.7949531265553005,0.2050468731648845,2.798067267339815e-10,0.7949531265553005,0.2050468731648845,2.798067267339815e-10
2024-08-06,,,2024-08-06,False,0.7949531265553005,0.2050468731648845,2.798067267339815e-10,0.0,0.0,0.0,0.7948586722045228,0.2051413275149575,2.8051149446818877e-10,0.7948586722045228,0.2051413275149575,2.8051149446818877e-10
2024-08-07,,,2024-08-07,False,0.7948586722045228,0.2051413275149575,2.8051149446818877e-10,0.0,0.0,0.0,0.7980717062778382,0.20192829344404306,2.7811056741753503e-10,0.7980717062778382,0.20192829344404306,2.7811056741753503e-10
2024-08-08,,,2024-08-08,False,0.7980717062778382,0.20192829344404306,2.7811056741753503e-10,0.0,0.0,0.0,0.7971734580061473,0.20282654171396777,2.7987668078440893e-10,0.7971734580061473,0.20282654171396777,2.7987668078440893e-10
2024-08-09,,,2024-08-09,False,0.7971734580061473,0.20282654171396777,2.7987668078440893e-10,0.0,0.0,0.0,0.7972654048872192,0.2027345948357439,2.770286978041529e-10,0.7972654048872192,0.2027345948357439,2.770286978041529e-10
2024-08-12,,,2024-08-12,False,0.7972654048872192,0.2027345948357439,2.770286978041529e-10,0.0,0.0,0.0,0.7961381167997442,0.20386188292337765,2.768699213022376e-10,0.7961381167997442,0.20386188292337765,2.768699213022376e-10
2024-08-13,,,2024-08-13,False,0.7961381167997442,0.20386188292337765,2.768699213022376e-10,0.0,0.0,0.0,0.7936931397352824,0.2063068599863085,2.7840082602661814e-10,0.7936931397352824,0.2063068599863085,2.7840082602661814e-10
2024-08-14,,,2024-08-14,False,0.7936931397352824,0.2063068599863085,2.7840082602661814e-10,0.0,0.0,0.0,0.7931469529374762,0.20685304678436106,2.781545076811106e-10,0.7931469529374762,0.20685304678436106,2.781545076811106e-10
2024-08-16,,,2024-08-16,False,0.7931469529374762,0.20685304678436106,2.781545076811106e-10,0.0,0.0,0.0,0.7961944381166053,0.20380556160868496,2.7470172736621484e-10,0.7961944381166053,0.20380556160868496,2.7470172736621484e-10
2024-08-19,,,2024-08-19,False,0.7961944381166053,0.20380556160868496,2.7470172736621484e-10,0.0,0.0,0.0,0.7940374903659501,0.20596250936043836,2.7360360928536643e-10,0.7940374903659501,0.20596250936043836,2.7360360928536643e-10
2024-08-20,,,2024-08-20,False,0.7940374903659501,0.20596250936043836,2.7360360928536643e-10,0.0,0.0,0.0,0.7939832775977347,0.20601672213007047,2.7218704190501237e-10,0.7939832775977347,0.20601672213007047,2.7218704190501237e-10
2024-08-21,,,2024-08-21,False,0.7939832775977347,0.20601672213007047,2.7218704190501237e-10,0.0,0.0,0.0,0.7952360352307689,0.20476396449739218,2.7183124094294384e-10,0.7952360352307689,0.20476396449739218,2.7183124094294384e-10
2024-08-22,,,2024-08-22,False,0.7952360352307689,0.20476396449739218,2.7183124094294384e-10,0.0,0.0,0.0,0.7953186328917062,0.20468136683687635,2.7140966209680393e-10,0.7953186328917062,0.20468136683687635,2.7140966209680393e-10
2024-08-23,,,2024-08-23,False,0.7953186328917062,0.20468136683687635,2.7140966209680393e-10,0.0,0.0,0.0,0.7959338430279312,0.20406615670056885,2.7149212733026655e-10,0.7959338430279312,0.20406615670056885,2.7149212733026655e-10
2024-08-26,,,2024-08-26,False,0.7959338430279312,0.20406615670056885,2.7149212733026655e-10,0.0,0.0,0.0,0.7955994493514168,0.20440055037923138,2.6934414412065896e-10,0.7955994493514168,0.20440055037923138,2.6934414412065896e-10
2024-08-27,,,2024-08-27,False,0.7955994493514168,0.20440055037923138,2.6934414412065896e-10,0.0,0.0,0.0,0.7963950592744469,0.20360494045600896,2.6953643285105655e-10,0.7963950592744469,0.20360494045600896,2.6953643285105655e-10
2024-08-28,2024-08-28,2024-08-28,2024-08-28,True,0.7963950592744469,0.20360494045600896,2.6953643285105655e-10,0.7999999386843402,0.2000000595685053,1.7471247322104386e-09,0.7999999386843402,0.2000000595685053,1.7471247322104386e-09,0.7966190663524749,0.2033809333782775,2.692398876467511e-10
2024-08-29,,,2024-08-29,False,0.7999999386843402,0.2000000595685053,1.7471247322104386e-09,0.0,0.0,0.0,0.8005813067646742,0.19941869149382513,1.7414708903711955e-09,0.8005813067646742,0.19941869149382513,1.7414708903711955e-09
2024-08-30,,,2024-08-30,False,0.8005813067646742,0.19941869149382513,1.7414708903711955e-09,0.0,0.0,0.0,0.8008760849460126,0.19912391331196985,1.7419879649135326e-09,0.8008760849460126,0.19912391331196985,1.7419879649135326e-09
2024-09-02,,,2024-09-02,False,0.8008760849460126,0.19912391331196985,1.7419879649135326e-09,0.0,0.0,0.0,0.8022244065629277,0.19777559169507622,1.7419664151514549e-09,0.8022244065629277,0.19777559169507622,1.7419664151514549e-09
2024-09-03,,,2024-09-03,False,0.8022244065629277,0.19777559169507622,1.7419664151514549e-09,0.0,0.0,0.0,0.801942067125499,0.19805793113319728,1.7412740951229524e-09,0.801942067125499,0.19805793113319728,1.7412740951229524e-09
2024-09-04,,,2024-09-04,False,0.801942067125499,0.19805793113319728,1.7412740951229524e-09,0.0,0.0,0.0,0.8028306755139967,0.19716932273715612,1.7488173969467034e-09,0.8028306755139967,0.19716932273715612,1.7488173969467034e-09
2024-09-05,,,2024-09-05,False,0.8028306755139967,0.19716932273715612,1.7488173969467034e-09,0.0,0.0,0.0,0.8005905491554226,0.19940944909690983,1.747637753894634e-09,0.8005905491554226,0.19940944909690983,1.747637753894634e-09
2024-09-06,,,2024-09-06,False,0.8005905491554226,0.19940944909690983,1.747637753894634e-09,0.0,0.0,0.0,0.7984211506614041,0.20157884757510156,1.7634643705842536e-09,0.7984211506614041,0.20157884757510156,1.7634643705842536e-09
2024-09-09,,,2024-09-09,False,0.7984211506614041,0.20157884757510156,1.7634643705842536e-09,0.0,0.0,0.0,0.8002914207779988,0.19970857746036563,1.761605745691498e-09,0.8002914207779988,0.19970857746036563,1.761605745691498e-09
2024-09-10,,,2024-09-10,False,0.8002914207779988,0.19970857746036563,1.761605745691498e-09,0.0,0.0,0.0,0.8004305749753753,0.19956942327003224,1.7545627429836777e-09,0.8004305749753753,0.19956942327003224,1.7545627429836777e-09
2024-09-11,,,2024-09-11,False,0.8004305749753753,0.19956942327003224,1.7545627429836777e-09,0.0,0.0,0.0,0.798717168909036,0.20128282933150976,1.7594245133390594e-09,0.798717168909036,0.20128282933150976,1.7594245133390594e-09
2024-09-12,,,2024-09-12,False,0.798717168909036,0.20128282933150976,1.7594245133390594e-09,0.0,0.0,0.0,0.8019692581838097,0.19803074008232444,1.7338365291044832e-09,0.8019692581838097,0.19803074008232444,1.7338365291044832e-09
2024-09-13,,,2024-09-13,False,0.8019692581838097,0.19803074008232444,1.7338365291044832e-09,0.0,0.0,0.0,0.7990744890822631,0.200925509187905,1.729802770018807e-09,0.7990744890822631,0.200925509187905,1.729802770018807e-09
2024-09-16,,,2024-09-16,False,0.7990744890822631,0.200925509187905,1.729802770018807e-09,0.0,0.0,0.0,0.7981810626729201,0.20181893560105418,1.7259966852108108e-09,0.7981810626729201,0.20181893560105418,1.7259966852108108e-09
2024-09-17,,,2024-09-17,False,0.7981810626729201,0.20181893560105418,1.7259966852108108e-09,0.0,0.0,0.0,0.7991286433214893,0.2008713549527846,1.725696987157933e-09,0.7991286433214893,0.2008713549527846,1.725696987157933e-09
2024-09-18,,,2024-09-18,False,0.7991286433214893,0.2008713549527846,1.725696987157933e-09,0.0,0.0,0.0,0.799103566267859,0.20089643200368118,1.7284307844611833e-09,0.799103566267859,0.20089643200368118,1.7284307844611833e-09
2024-09-19,,,2024-09-19,False,0.799103566267859,0.20089643200368118,1.7284307844611833e-09,0.0,0.0,0.0,0.7980212417550244,0.20197875652145453,1.7234920453831727e-09,0.7980212417550244,0.20197875652145453,1.7234920453831727e-09
2024-09-20,,,2024-09-20,False,0.7980212417550244,0.20197875652145453,1.7234920453831727e-09,0.0,0.0,0.0,0.7997565522430606,0.20024344605479488,1.7021158266774967e-09,0.7997565522430606,0.20024344605479488,1.7021158266774967e-09
2024-09-23,,,2024-09-23,False,0.7997565522430606,0.20024344605479488,1.7021158266774967e-09,0.0,0.0,0.0,0.7997017087990757,0.2002982895086144,1.6922813724524809e-09,0.7997017087990757,0.2002982895086144,1.6922813724524809e-09
2024-09-24,,,2024-09-24,False,0.7997017087990757,0.2002982895086144,1.6922813724524809e-09,0.0,0.0,0.0,0.7992512810779298,0.20074871723081816,1.6912234249701865e-09,0.7992512810779298,0.20074871723081816,1.6912234249701865e-09
2024-09-25,,,2024-09-25,False,0.7992512810779298,0.20074871723081816,1.6912234249701865e-09,0.0,0.0,0.0,0.797944325549345,0.20205567276629113,1.6843353015796465e-09,0.797944325549345,0.20205567276629113,1.6843353015796465e-09
2024-09-26,2024-09-26,2024-09-26,2024-09-26,True,0.797944325549345,0.20205567276629113,1.6843353015796465e-09,0.7993922724906987,0.20060756062082477,1.6688847672221233e-07,0.7993922724906987,0.20060756062082477,1.6688847672221233e-07,0.7989724974603262,0.2010275008667881,1.672857238816707e-09
2024-09-27,,,2024-09-27,False,0.7993922724906987,0.20060756062082477,1.6688847672221233e-07,0.0,0.0,0.0,0.7998956230077728,0.20010420976199847,1.6723022889634705e-07,0.7998956230077728,0.20010420976199847,1.6723022889634705e-07
2024-09-30,,,2024-09-30,False,0.7998956230077728,0.20010420976199847,1.6723022889634705e-07,0.0,0.0,0.0,0.797441434962973,0.20255839532753162,1.69709495578698e-07,0.797441434962973,0.20255839532753162,1.69709495578698e-07
2024-10-01,,,2024-10-01,False,0.797441434962973,0.20255839532753162,1.69709495578698e-07,0.0,0.0,0.0,0.797252408582552,0.20274742165474569,1.6976270256095372e-07,0.797252408582552,0.20274742165474569,1.6976270256095372e-07
2024-10-03,,,2024-10-03,False,0.797252408582552,0.20274742165474569,1.6976270256095372e-07,0.0,0.0,0.0,0.793509966973886,0.20648986040128678,1.7262482750230648e-07,0.793509966973886,0.20648986040128678,1.7262482750230648e-07
2024-10-04,,,2024-10-04,False,0.793509966973886,0.20648986040128678,1.7262482750230648e-07,0.0,0.0,0.0,0.7911950882958335,0.20880473796249582,1.7374167089932317e-07,0.7911950882958335,0.20880473796249582,1.7374167089932317e-07
2024-10-07,,,2024-10-07,False,0.7911950882958335,0.20880473796249582,1.7374167089932317e-07,0.0,0.0,0.0,0.7902070201192846,0.20979280482621554,1.7505450017466872e-07,0.7902070201192846,0.20979280482621554,1.7505450017466872e-07
2024-10-08,,,2024-10-08,False,0.7902070201192846,0.20979280482621554,1.7505450017466872e-07,0.0,0.0,0.0,0.7925821645756191,0.2074176613697649,1.7405461625588205e-07,0.7925821645756191,0.2074176613697649,1.7405461625588205e-07
2024-10-09,,,2024-10-09,False,0.7925821645756191,0.2074176613697649,1.7405461625588205e-07,0.0,0.0,0.0,0.7934933883621793,0.2065064371654607,1.7447236031169816e-07,0.7934933883621793,0.2065064371654607,1.7447236031169816e-07
2024-10-10,,,2024-10-10,False,0.7934933883621793,0.2065064371654607,1.7447236031169816e-07,0.0,0.0,0.0,0.7936275563245043,0.2063722692888133,1.7438668262701283e-07,0.7936275563245043,0.2063722692888133,1.7438668262701283e-07
2024-10-11,,,2024-10-11,False,0.7936275563245043,0.2063722692888133,1.7438668262701283e-07,0.0,0.0,0.0,0.7920268905421001,0.20797293518452237,1.7427337781029692e-07,0.7920268905421001,0.20797293518452237,1.7427337781029692e-07
2024-10-14,,,2024-10-14,False,0.7920268905421001,0.20797293518452237,1.7427337781029692e-07,0.0,0.0,0.0,0.7919667713627296,0.20803305551063797,1.7312663253416963e-07,0.7919667713627296,0.20803305551063797,1.7312663253416963e-07
2024-10-15,,,2024-10-15,False,0.7919667713627296,0.20803305551063797,1.7312663253416963e-07,0.0,0.0,0.0,0.7918124801993205,0.20818734622181034,1.7357886942022704e-07,0.7918124801993205,0.20818734622181034,1.7357886942022704e-07
2024-10-16,,,2024-10-16,False,0.7918124801993205,0.20818734622181034,1.7357886942022704e-07,0.0,0.0,0.0,0.78974748727002,0.21025233900721577,1.7372276464484927e-07,0.78974748727002,0.21025233900721577,1.7372276464484927e-07
2024-10-17,,,2024-10-17,False,0.78974748727002,0.21025233900721577,1.7372276464484927e-07,0.0,0.0,0.0,0.7882645642160153,0.2117352608359438,1.7494804128650408e-07,0.7882645642160153,0.2117352608359438,1.7494804128650408e-07
2024-10-18,,,2024-10-18,False,0.7882645642160153,0.2117352608359438,1.7494804128650408e-07,0.0,0.0,0.0,0.7870575595996793,0.21294226645078268,1.7394953834037573e-07,0.7870575595996793,0.21294226645078268,1.7394953834037573e-07
2024-10-21,,,2024-10-21,False,0.7870575595996793,0.21294226645078268,1.7394953834037573e-07,0.0,0.0,0.0,0.7849964759453467,0.21500335004990473,1.740047488154501e-07,0.7849964759453467,0.21500335004990473,1.740047488154501e-07
2024-10-22,,,2024-10-22,False,0.7849964759453467,0.21500335004990473,1.740047488154501e-07,0.0,0.0,0.0,0.7830262102036022,0.21697361403855558,1.7575784253511758e-07,0.7830262102036022,0.21697361403855558,1.7575784253511758e-07
2024-10-23,,,2024-10-23,False,0.7830262102036022,0.21697361403855558,1.7575784253511758e-07,0.0,0.0,0.0,0.7816610126377754,0.21833881164802207,1.7571420264051824e-07,0.7816610126377754,0.21833881164802207,1.7571420264051824e-07
2024-10-24,,,2024-10-24,False,0.7816610126377754,0.21833881164802207,1.7571420264051824e-07,0.0,0.0,0.0,0.7824685531769259,0.217531270665344,1.7615773029891508e-07,0.7824685531769259,0.217531270665344,1.7615773029891508e-07
2024-10-25,,,2024-10-25,False,0.7824685531769259,0.217531270665344,1.7615773029891508e-07,0.0,0.0,0.0,0.7817141913763125,0.2182856310448192,1.775788685107488e-07,0.7817141913763125,0.2182856310448192,1.775788685107488e-07
2024-10-28,2024-10-28,2024-10-28,2024-10-28,True,0.7817141913763125,0.2182856310448192,1.775788685107488e-07,0.20000008972111036,0.7999999083846934,1.8941975682888905e-09,0.20000008972111036,0.7999999083846934,1.8941975682888905e-09,0.7819696717347953,0.2180301517857554,1.7647944954056207e-07
2024-10-29,,,2024-10-29,False,0.20000008972111036,0.7999999083846934,1.8941975682888905e-09,0.0,0.0,0.0,0.1995778359325741,0.8004221621870754,1.880351656961293e-09,0.1995778359325741,0.8004221621870754,1.880351656961293e-09
2024-10-30,,,2024-10-30,False,0.1995778359325741,0.8004221621870754,1.880351656961293e-09,0.0,0.0,0.0,0.1970398334212399,0.8029601647127305,1.866030753964854e-09,0.1970398334212399,0.8029601647127305,1.866030753964854e-09
2024-10-31,,,2024-10-31,False,0.1970398334212399,0.8029601647127305,1.866030753964854e-09,0.0,0.0,0.0,0.19639367058891796,0.8036063275334995,1.8775836427405008e-09,0.19639367058891796,0.8036063275334995,1.8775836427405008e-09
2024-11-01,,,2024-11-01,False,0.19639367058891796,0.8036063275334995,1.8775836427405008e-09,0.0,0.0,0.0,0.1970386501661024,0.8029613479578219,1.8760766821060433e-09,0.1970386501661024,0.8029613479578219,1.8760766821060433e-09
2024-11-04,,,2024-11-04,False,0.1970386501661024,0.8029613479578219,1.8760766821060433e-09,0.0,0.0,0.0,0.1971565287612749,0.8028434693373535,1.9013726688657233e-09,0.1971565287612749,0.8028434693373535,1.9013726688657233e-09
2024-11-05,,,2024-11-05,False,0.1971565287612749,0.8028434693373535,1.9013726688657233e-09,0.0,0.0,0.0,0.19878470602375609,0.801215292076445,1.899799892891253e-09,0.19878470602375609,0.801215292076445,1.899799892891253e-09
2024-11-06,,,2024-11-06,False,0.19878470602375609,0.801215292076445,1.899799892891253e-09,0.0,0.0,0.0,0.2014163710246841,0.7985836270716525,1.903664377662871e-09,0.2014163710246841,0.7985836270716525,1.903664377662871e-09
2024-11-07,,,2024-11-07,False,0.2014163710246841,0.7985836270716525,1.903664377662871e-09,0.0,0.0,0.0,0.2026578950763054,0.7973421029857438,1.937951925218119e-09,0.2026578950763054,0.7973421029857438,1.937951925218119e-09
2024-11-08,,,2024-11-08,False,0.2026578950763054,0.7973421029857438,1.937951925218119e-09,0.0,0.0,0.0,0.20064922730066018,0.799350770776533,1.9228079417950264e-09,0.20064922730066018,0.799350770776533,1.9228079417950264e-09
2024-11-11,,,2024-11-11,False,0.20064922730066018,0.799350770776533,1.9228079417950264e-09,0.0,0.0,0.0,0.2018695755362813,0.7981304225286837,1.935036185142179e-09,0.2018695755362813,0.7981304225286837,1.935036185142179e-09
2024-11-12,,,2024-11-12,False,0.2018695755362813,0.7981304225286837,1.935036185142179e-09,0.0,0.0,0.0,0.20432641282353267,0.7956735851967172,1.9797512641880028e-09,0.20432641282353267,0.7956735851967172,1.9797512641880028e-09
2024-11-13,,,2024-11-13,False,0.20432641282353267,0.7956735851967172,1.9797512641880028e-09,0.0,0.0,0.0,0.20106534272446616,0.7989346553005748,1.974960064019296e-09,0.20106534272446616,0.7989346553005748,1.974960064019296e-09
2024-11-14,,,2024-11-14,False,0.20106534272446616,0.7989346553005748,1.974960064019296e-09,0.0,0.0,0.0,0.20466078576848426,0.7953392122189697,2.012547127417342e-09,0.20466078576848426,0.7953392122189697,2.012547127417342e-09
2024-11-18,,,2024-11-18,False,0.20466078576848426,0.7953392122189697,2.012547127417342e-09,0.0,0.0,0.0,0.20123751079108337,0.7987624872233766,1.9855410507561284e-09,0.20123751079108337,0.7987624872233766,1.9855410507561284e-09
2024-11-19,,,2024-11-19,False,0.20123751079108337,0.7987624872233766,1.9855410507561284e-09,0.0,0.0,0.0,0.19960334232696125,0.8003966557090403,1.9639994223548163e-09,0.19960334232696125,0.8003966557090403,1.9639994223548163e-09
2024-11-21,,,2024-11-21,False,0.19960334232696125,0.8003966557090403,1.9639994223548163e-09,0.0,0.0,0.0,0.19635690006469877,0.8036430979892957,1.946006563015998e-09,0.19635690006469877,0.8036430979892957,1.946006563015998e-09
2024-11-22,,,2024-11-22,False,0.19635690006469877,0.8036430979892957,1.946006563015998e-09,0.0,0.0,0.0,0.198239541840974,0.8017604562401835,1.918843477471208e-09,0.198239541840974,0.8017604562401835,1.918843477471208e-09
2024-11-25,,,2024-11-25,False,0.198239541840974,0.8017604562401835,1.918843477471208e-09,0.0,0.0,0.0,0.2026828731964825,0.7973171248671513,1.936367238805276e-09,0.2026828731964825,0.7973171248671513,1.936367238805276e-09
2024-11-26,,,2024-11-26,False,0.2026828731964825,0.7973171248671513,1.936367238805276e-09,0.0,0.0,0.0,0.20501421180764628,0.7949857862314772,1.9608775849584224e-09,0.20501421180764628,0.7949857862314772,1.9608775849584224e-09
2024-11-27,,,2024-11-27,False,0.20501421180764628,0.7949857862314772,1.9608775849584224e-09,0.0,0.0,0.0,0.2040974590501231,0.7959025390042341,1.945643677378065e-09,0.2040974590501231,0.7959025390042341,1.945643677378065e-09
2024-11-28,2024-11-28,2024-11-28,2024-11-28,True,0.2040974590501231,0.7959025390042341,1.945643677378065e-09,0.33450872891239547,0.6654912267004585,4.438714625234844e-08,0.33450872891239547,0.6654912267004585,4.438714625234844e-08,0.2014748809836036,0.7985251170667812,1.9496161667495216e-09
2024-11-29,,,2024-11-29,False,0.33450872891239547,0.6654912267004585,4.438714625234844e-08,0.0,0.0,0.0,0.3356527896982764,0.664347166010102,4.429162179939031e-08,0.3356527896982764,0.664347166010102,4.429162179939031e-08
2024-12-02,,,2024-12-02,False,0.3356527896982764,0.664347166010102,4.429162179939031e-08,0.0,0.0,0.0,0.3388416006655413,0.6611583548890279,4.44454309473945e-08,0.3388416006655413,0.6611583548890279,4.44454309473945e-08
2024-12-03,,,2024-12-03,False,0.3388416006655413,0.6611583548890279,4.44454309473945e-08,0.0,0.0,0.0,0.3394553101566997,0.6605446456466377,4.419666273843693e-08,0.3394553101566997,0.6605446456466377,4.419666273843693e-08
2024-12-04,,,2024-12-04,False,0.3394553101566997,0.6605446456466377,4.419666273843693e-08,0.0,0.0,0.0,0.33972482716928254,0.6602751286175821,4.421313551055551e-08,0.33972482716928254,0.6602751286175821,4.421313551055551e-08
2024-12-05,,,2024-12-05,False,0.33972482716928254,0.6602751286175821,4.421313551055551e-08,0.0,0.0,0.0,0.34175078834678896,0.6582491676101375,4.404307362183244e-08,0.34175078834678896,0.6582491676101375,4.404307362183244e-08
2024-12-06,,,2024-12-06,False,0.34175078834678896,0.6582491676101375,4.404307362183244e-08,0.0,0.0,0.0,0.34171795924282145,0.6582819966641649,4.409301379984902e-08,0.34171795924282145,0.6582819966641649,4.409301379984902e-08
2024-12-09,,,2024-12-09,False,0.34171795924282145,0.6582819966641649,4.409301379984902e-08,0.0,0.0,0.0,0.3401309749683523,0.6598689810381492,4.399349854233247e-08,0.3401309749683523,0.6598689810381492,4.399349854233247e-08
2024-12-10,,,2024-12-10,False,0.3401309749683523,0.6598689810381492,4.399349854233247e-08,0.0,0.0,0.0,0.3387280837641796,0.6612718724082768,4.38275435107802e-08,0.3387280837641796,0.6612718724082768,4.38275435107802e-08
2024-12-11,,,2024-12-11,False,0.3387280837641796,0.6612718724082768,4.38275435107802e-08,0.0,0.0,0.0,0.33773968816670613,0.6622602681899427,4.3643351110234024e-08,0.33773968816670613,0.6622602681899427,4.3643351110234024e-08
2024-12-12,,,2024-12-12,False,0.33773968816670613,0.6622602681899427,4.3643351110234024e-08,0.0,0.0,0.0,0.33535496414450156,0.6646449923555261,4.349997218522821e-08,0.33535496414450156,0.6646449923555261,4.349997218522821e-08
2024-12-13,,,2024-12-13,False,0.33535496414450156,0.6646449923555261,4.349997218522821e-08,0.0,0.0,0.0,0.3403736485473863,0.6596263076931044,4.375950911754665e-08,0.3403736485473863,0.6596263076931044,4.375950911754665e-08
2024-12-16,,,2024-12-16,False,0.3403736485473863,0.6596263076931044,4.375950911754665e-08,0.0,0.0,0.0,0.3399172157347836,0.6600827403875769,4.387763931475102e-08,0.3399172157347836,0.6600827403875769,4.387763931475102e-08
2024-12-17,,,2024-12-17,False,0.3399172157347836,0.6600827403875769,4.387763931475102e-08,0.0,0.0,0.0,0.33820299015979893,0.6617969655873789,4.425282200402577e-08,0.33820299015979893,0.6617969655873789,4.425282200402577e-08
2024-12-18,,,2024-12-18,False,0.33820299015979893,0.6617969655873789,4.425282200402577e-08,0.0,0.0,0.0,0.33596611290751893,0.6640338428831971,4.42092837412979e-08,0.33596611290751893,0.6640338428831971,4.42092837412979e-08
2024-12-19,,,2024-12-19,False,0.33596611290751893,0.6640338428831971,4.42092837412979e-08,0.0,0.0,0.0,0.33576480470561076,0.6642351506556863,4.4638702873234705e-08,0.33576480470561076,0.6642351506556863,4.4638702873234705e-08
2024-12-20,,,2024-12-20,False,0.33576480470561076,0.6642351506556863,4.4638702873234705e-08,0.0,0.0,0.0,0.3339642680853385,0.6660356868297922,4.50848692106798e-08,0.3339642680853385,0.6660356868297922,4.50848692106798e-08
2024-12-23,,,2024-12-23,False,0.3339642680853385,0.6660356868297922,4.50848692106798e-08,0.0,0.0,0.0,0.333252381193767,0.6667475741317737,4.4674459184511157e-08,0.333252381193767,0.6667475741317737,4.4674459184511157e-08
2024-12-24,,,2024-12-24,False,0.333252381193767,0.6667475741317737,4.4674459184511157e-08,0.0,0.0,0.0,0.33402095170723034,0.6659790034670356,4.482573388404927e-08,0.33402095170723034,0.6659790034670356,4.482573388404927e-08
2024-12-26,,,2024-12-26,False,0.33402095170723034,0.6659790034670356,4.482573388404927e-08,0.0,0.0,0.0,0.3331178172734724,0.6668821380639965,4.466253091978754e-08,0.3331178172734724,0.6668821380639965,4.466253091978754e-08
2024-12-27,,,2024-12-27,False,0.3331178172734724,0.6668821380639965,4.466253091978754e-08,0.0,0.0,0.0,0.33298047173801343,0.6670194837367962,4.4525190297470564e-08,0.33298047173801343,0.6670194837367962,4.4525190297470564e-08
2024-12-30,2024-12-30,2024-12-30,2024-12-30,True,0.33298047173801343,0.6670194837367962,4.4525190297470564e-08,0.19999999980212277,0.7999999999736319,2.2424652869934958e-10,0.19999999980212277,0.7999999999736319,2.2424652869934958e-10,0.3321314352569403,0.6678685200149105,4.472814916485892e-08
2024-12-31,,,2024-12-31,False,0.19999999980212277,0.7999999999736319,2.2424652869934958e-10,0.0,0.0,0.0,0.19977458830973238,0.8002254114653689,2.248999835152894e-10,0.19977458830973238,0.8002254114653689,2.248999835152894e-10
2025-01-01,,,2025-01-01,False,0.19977458830973238,0.8002254114653689,2.248999835152894e-10,0.0,0.0,0.0,0.19978924547111804,0.8002107543048961,2.2398718653629643e-10,0.19978924547111804,0.8002107543048961,2.2398718653629643e-10
2025-01-02,,,2025-01-02,False,0.19978924547111804,0.8002107543048961,2.2398718653629643e-10,0.0,0.0,0.0,0.20215338947392542,0.7978466103036146,2.224611758618815e-10,0.20215338947392542,0.7978466103036146,2.224611758618815e-10
2025-01-03,,,2025-01-03,False,0.20215338947392542,0.7978466103036146,2.224611758618815e-10,0.0,0.0,0.0,0.19976390258265922,0.8002360971958262,2.2151577779706748e-10,0.19976390258265922,0.8002360971958262,2.2151577779706748e-10
2025-01-06,,,2025-01-06,False,0.19976390258265922,0.8002360971958262,2.2151577779706748e-10,0.0,0.0,0.0,0.19829238301333935,0.8017076167631609,2.2350088188609778e-10,0.19829238301333935,0.8017076167631609,2.2350088188609778e-10
2025-01-07,,,2025-01-07,False,0.19829238301333935,0.8017076167631609,2.2350088188609778e-10,0.0,0.0,0.0,0.19851638607925204,0.8014836136978603,2.2288872762355688e-10,0.19851638607925204,0.8014836136978603,2.2288872762355688e-10
2025-01-08,,,2025-01-08,False,0.19851638607925204,0.8014836136978603,2.2288872762355688e-10,0.0,0.0,0.0,0.19753351186253382,0.8024664879155045,2.2196261180269497e-10,0.19753351186253382,0.8024664879155045,2.2196261180269497e-10
2025-01-09,,,2025-01-09,False,0.19753351186253382,0.8024664879155045,2.2196261180269497e-10,0.0,0.0,0.0,0.19576861738561308,0.8042313823928916,2.214961766406099e-10,0.19576861738561308,0.8042313823928916,2.214961766406099e-10
2025-01-10,,,2025-01-10,False,0.19576861738561308,0.8042313823928916,2.214961766406099e-10,0.0,0.0,0.0,0.1938678337979962,0.8061321659817674,2.202371126399547e-10,0.1938678337979962,0.8061321659817674,2.202371126399547e-10
2025-01-13,,,2025-01-13,False,0.1938678337979962,0.8061321659817674,2.202371126399547e-10,0.0,0.0,0.0,0.19080776814909445,0.809192231630901,2.2000530551796294e-10,0.19080776814909445,0.809192231630901,2.2000530551796294e-10
2025-01-14,,,2025-01-14,False,0.19080776814909445,0.809192231630901,2.2000530551796294e-10,0.0,0.0,0.0,0.19190178127077737,0.8080982185088191,2.2040429598900794e-10,0.19190178127077737,0.8080982185088191,2.2040429598900794e-10
2025-01-15,,,2025-01-15,False,0.19190178127077737,0.8080982185088191,2.2040429598900794e-10,0.0,0.0,0.0,0.19163454229357715,0.8083654574866763,2.1974734349986172e-10,0.19163454229357715,0.8083654574866763,2.1974734349986172e-10
2025-01-16,,,2025-01-16,False,0.19163454229357715,0.8083654574866763,2.1974734349986172e-10,0.0,0.0,0.0,0.1915215948413232,0.8084784049399909,2.1868671938916082e-10,0.1915215948413232,0.8084784049399909,2.1868671938916082e-10
2025-01-17,,,2025-01-17,False,0.1915215948413232,0.8084784049399909,2.1868671938916082e-10,0.0,0.0,0.0,0.19063741947493706,0.8093625803063657,2.186981555373171e-10,0.19063741947493706,0.8093625803063657,2.186981555373171e-10
2025-01-20,,,2025-01-20,False,0.19063741947493706,0.8093625803063657,2.186981555373171e-10,0.0,0.0,0.0,0.19174039010931143,0.8082596096720598,2.1862972962701623e-10,0.19174039010931143,0.8082596096720598,2.1862972962701623e-10
2025-01-21,,,2025-01-21,False,0.19174039010931143,0.8082596096720598,2.1862972962701623e-10,0.0,0.0,0.0,0.18878269541816833,0.8112173043635827,2.1824986138425565e-10,0.18878269541816833,0.8112173043635827,2.1824986138425565e-10
2025-01-22,,,2025-01-22,False,0.18878269541816833,0.8112173043635827,2.1824986138425565e-10,0.0,0.0,0.0,0.1881254597499114,0.8118745400338292,2.1626025703700852e-10,0.1881254597499114,0.8118745400338292,2.1626025703700852e-10
2025-01-23,,,2025-01-23,False,0.1881254597499114,0.8118745400338292,2.1626025703700852e-10,0.0,0.0,0.0,0.188885850166683,0.8111141496166514,2.1666651229068183e-10,0.188885850166683,0.8111141496166514,2.1666651229068183e-10
2025-01-24,,,2025-01-24,False,0.188885850166683,0.8111141496166514,2.1666651229068183e-10,0.0,0.0,0.0,0.1873710935748622,0.8126289062091544,2.1598427573984903e-10,0.1873710935748622,0.8126289062091544,2.1598427573984903e-10
2025-01-27,,,2025-01-27,False,0.1873710935748622,0.8126289062091544,2.1598427573984903e-10,0.0,0.0,0.0,0.18581153040739798,0.8141884693759506,2.1665234511496417e-10,0.18581153040739798,0.8141884693759506,2.1665234511496417e-10
2025-01-28,2025-01-28,2025-01-28,2025-01-28,True,0.18581153040739798,0.8141884693759506,2.1665234511496417e-10,0.199998566436979,0.7999999836026167,1.4499604043760312e-06,0.199998566436979,0.7999999836026167,1.4499604043760312e-06,0.18690658469178528,0.8130934150915002,2.1671530161180092e-10
2025-01-29,,,2025-01-29,False,0.199998566436979,0.7999999836026167,1.4499604043760312e-06,0.0,0.0,0.0,0.2007663902989997,0.7992321671091999,1.4425918005222605e-06,0.2007663902989997,0.7992321671091999,1.4425918005222605e-06
2025-01-30,,,2025-01-30,False,0.2007663902989997,0.7992321671091999,1.4425918005222605e-06,0.0,0.0,0.0,0.20082089049459706,0.7991776718844477,1.437620955480294e-06,0.20082089049459706,0.7991776718844477,1.437620955480294e-06
2025-01-31,,,2025-01-31,False,0.20082089049459706,0.7991776718844477,1.437620955480294e-06,0.0,0.0,0.0,0.2002820577045685,0.7997165172789549,1.425016476876402e-06,0.2002820577045685,0.7997165172789549,1.425016476876402e-06
2025-02-01,,,2025-02-01,False,0.2002820577045685,0.7997165172789549,1.425016476876402e-06,0.0,0.0,0.0,0.20040485083193257,0.799593721698465,1.4274696025648786e-06,0.20040485083193257,0.799593721698465,1.4274696025648786e-06
2025-02-03,,,2025-02-03,False,0.20040485083193257,0.799593721698465,1.4274696025648786e-06,0.0,0.0,0.0,0.1979916874249242,0.8020068949836164,1.417591459544337e-06,0.1979916874249242,0.8020068949836164,1.417591459544337e-06
2025-02-04,,,2025-02-04,False,0.1979916874249242,0.8020068949836164,1.417591459544337e-06,0.0,0.0,0.0,0.19954626465042943,0.8004523293890917,1.405960479030071e-06,0.19954626465042943,0.8004523293890917,1.405960479030071e-06
2025-02-05,,,2025-02-05,False,0.19954626465042943,0.8004523293890917,1.405960479030071e-06,0.0,0.0,0.0,0.19592163941528923,0.8040769776465125,1.3829381985108415e-06,0.19592163941528923,0.8040769776465125,1.3829381985108415e-06
2025-02-06,,,2025-02-06,False,0.19592163941528923,0.8040769776465125,1.3829381985108415e-06,0.0,0.0,0.0,0.19561111907740528,0.8043874947387961,1.3861837988180632e-06,0.19561111907740528,0.8043874947387961,1.3861837988180632e-06
2025-02-07,,,2025-02-07,False,0.19561111907740528,0.8043874947387961,1.3861837988180632e-06,0.0,0.0,0.0,0.19507995415511326,0.8049186608785581,1.3849663287728912e-06,0.19507995415511326,0.8049186608785581,1.3849663287728912e-06
2025-02-10,,,2025-02-10,False,0.19507995415511326,0.8049186608785581,1.3849663287728912e-06,0.0,0.0,0.0,0.19177187201773543,0.8082267561165308,1.3718657340025976e-06,0.19177187201773543,0.8082267561165308,1.3718657340025976e-06
2025-02-11,,,2025-02-11,False,0.19177187201773543,0.8082267561165308,1.3718657340025976e-06,0.0,0.0,0.0,0.1908645799586958,0.8091340363463658,1.3836949387141126e-06,0.1908645799586958,0.8091340363463658,1.3836949387141126e-06
2025-02-12,,,2025-02-12,False,0.1908645799586958,0.8091340363463658,1.3836949387141126e-06,0.0,0.0,0.0,0.19178656899905078,0.8082120390200676,1.3919808820300731e-06,0.19178656899905078,0.8082120390200676,1.3919808820300731e-06
2025-02-13,,,2025-02-13,False,0.19178656899905078,0.8082120390200676,1.3919808820300731e-06,0.0,0.0,0.0,0.19083010771119127,0.8091685064029285,1.385885880542808e-06,0.19083010771119127,0.8091685064029285,1.385885880542808e-06
2025-02-14,,,2025-02-14,False,0.19083010771119127,0.8091685064029285,1.385885880542808e-06,0.0,0.0,0.0,0.18939769610039123,0.8106009222886722,1.381610936881098e-06,0.18939769610039123,0.8106009222886722,1.381610936881098e-06
2025-02-17,,,2025-02-17,False,0.18939769610039123,0.8106009222886722,1.381610936881098e-06,0.0,0.0,0.0,0.19082069849648986,0.8091779113461118,1.3901573986042541e-06,0.19082069849648986,0.8091779113461118,1.3901573986042541e-06
2025-02-18,,,2025-02-18,False,0.19082069849648986,0.8091779113461118,1.3901573986042541e-06,0.0,0.0,0.0,0.19001694217027396,0.8099816726711668,1.3851585595011312e-06,0.19001694217027396,0.8099816726711668,1.3851585595011312e-06
2025-02-19,,,2025-02-19,False,0.19001694217027396,0.8099816726711668,1.3851585595011312e-06,0.0,0.0,0.0,0.18834403381095985,0.8116545924830155,1.3737060250141745e-06,0.18834403381095985,0.8116545924830155,1.3737060250141745e-06
2025-02-20,,,2025-02-20,False,0.18834403381095985,0.8116545924830155,1.3737060250141745e-06,0.0,0.0,0.0,0.1887179070765686,0.8112807153181145,1.377605317293275e-06,0.1887179070765686,0.8112807153181145,1.377605317293275e-06
2025-02-21,,,2025-02-21,False,0.1887179070765686,0.8112807153181145,1.377605317293275e-06,0.0,0.0,0.0,0.18880085065370716,0.8111977640326344,1.3853136588045366e-06,0.18880085065370716,0.8111977640326344,1.3853136588045366e-06
2025-02-24,,,2025-02-24,False,0.18880085065370716,0.8111977640326344,1.3853136588045366e-06,0.0,0.0,0.0,0.18607685000181293,0.8139217700022817,1.379995905664614e-06,0.18607685000181293,0.8139217700022817,1.379995905664614e-06
2025-02-25,2025-02-25,2025-02-25,2025-02-25,True,0.18607685000181293,0.8139217700022817,1.379995905664614e-06,3.2671042708465126e-07,0.799999997884996,0.19999967540456232,3.2671042708465126e-07,0.799999997884996,0.19999967540456232,0.1857255625970406,0.8142730596580554,1.3777449042292471e-06
2025-02-27,,,2025-02-27,False,3.2671042708465126e-07,0.799999997884996,0.19999967540456232,0.0,0.0,0.0,3.298290193758369e-07,0.7980664687940949,0.20193320137687099,3.298290193758369e-07,0.7980664687940949,0.20193320137687099
2025-02-28,,,2025-02-28,False,3.298290193758369e-07,0.7980664687940949,0.20193320137687099,0.0,0.0,0.0,3.262632967169571e-07,0.7957081436751533,0.20429153006153525,3.262632967169571e-07,0.7957081436751533,0.20429153006153525
2025-03-03,,,2025-03-03,False,3.262632967169571e-07,0.7957081436751533,0.20429153006153525,0.0,0.0,0.0,3.2523798416291086e-07,0.7963024977655996,0.20369717699640166,3.2523798416291086e-07,0.7963024977655996,0.20369717699640166
2025-03-04,,,2025-03-04,False,3.2523798416291086e-07,0.7963024977655996,0.20369717699640166,0.0,0.0,0.0,3.2090329314957993e-07,0.7986837587130003,0.20131592038369212,3.2090329314957993e-07,0.7986837587130003,0.20131592038369212
2025-03-05,,,2025-03-05,False,3.2090329314957993e-07,0.7986837587130003,0.20131592038369212,0.0,0.0,0.0,3.251417300480027e-07,0.7983501681695266,0.20164950668872889,3.251417300480027e-07,0.7983501681695266,0.20164950668872889
2025-03-06,,,2025-03-06,False,3.251417300480027e-07,0.7983501681695266,0.20164950668872889,0.0,0.0,0.0,3.295432895297733e-07,0.797498497456618,0.202501173000078,3.295432895297733e-07,0.797498497456618,0.202501173000078
2025-03-07,,,2025-03-07,False,3.295432895297733e-07,0.797498497456618,0.202501173000078,0.0,0.0,0.0,3.2849121896042464e-07,0.7982148061121068,0.2017848653966599,3.2849121896042464e-07,0.7982148061121068,0.2017848653966599
2025-03-10,,,2025-03-10,False,3.2849121896042464e-07,0.7982148061121068,0.2017848653966599,0.0,0.0,0.0,3.272930004914369e-07,0.7981255437189327,0.20187412898805232,3.272930004914369e-07,0.7981255437189327,0.20187412898805232
2025-03-11,,,2025-03-11,False,3.272930004914369e-07,0.7981255437189327,0.20187412898805232,0.0,0.0,0.0,3.2816818607107786e-07,0.7979260475618595,0.20207362426994,3.2816818607107786e-07,0.7979260475618595,0.20207362426994
2025-03-12,,,2025-03-12,False,3.2816818607107786e-07,0.7979260475618595,0.20207362426994,0.0,0.0,0.0,3.26899343322026e-07,0.7984598708114982,0.2015398022891442,3.26899343322026e-07,0.7984598708114982,0.2015398022891442
2025-03-13,,,2025-03-13,False,3.26899343322026e-07,0.7984598708114982,0.2015398022891442,0.0,0.0,0.0,3.240441396511903e-07,0.799566330751042,0.20043334520480421,3.240441396511903e-07,0.799566330751042,0.20043334520480421
2025-03-17,,,2025-03-17,False,3.240441396511903e-07,0.799566330751042,0.20043334520480421,0.0,0.0,0.0,3.231395782808729e-07,0.8011183905793915,0.19888128628101612,3.231395782808729e-07,0.8011183905793915,0.19888128628101612
2025-03-18,,,2025-03-18,False,3.231395782808729e-07,0.8011183905793915,0.19888128628101612,0.0,0.0,0.0,3.278132410865252e-07,0.8011183868352331,0.19888128535151176,3.278132410865252e-07,0.8011183868352331,0.19888128535151176
2025-03-19,,,2025-03-19,False,3.278132410865252e-07,0.8011183868352331,0.19888128535151176,0.0,0.0,0.0,3.26305176681209e-07,0.8026647753759998,0.19733489831880952,3.26305176681209e-07,0.8026647753759998,0.19733489831880952
2025-03-20,,,2025-03-20,False,3.26305176681209e-07,0.8026647753759998,0.19733489831880952,0.0,0.0,0.0,3.2948224109698404e-07,0.8031754234453788,0.19682424707236595,3.2948224109698404e-07,0.8031754234453788,0.19682424707236595
2025-03-21,,,2025-03-21,False,3.2948224109698404e-07,0.8031754234453788,0.19682424707236595,0.0,0.0,0.0,3.3369482256189533e-07,0.8020227056019501,0.19797696070321305,3.3369482256189533e-07,0.8020227056019501,0.19797696070321305
2025-03-24,,,2025-03-24,False,3.3369482256189533e-07,0.8020227056019501,0.19797696070321305,0.0,0.0,0.0,3.416153674902785e-07,0.7999616739244846,0.20003798446013346,3.416153674902785e-07,0.7999616739244846,0.20003798446013346
2025-03-25,,,2025-03-25,False,3.416153674902785e-07,0.7999616739244846,0.20003798446013346,0.0,0.0,0.0,3.4090486740564865e-07,0.8004645956046125,0.1995350634905058,3.4090486740564865e-07,0.8004645956046125,0.1995350634905058
2025-03-26,,,2025-03-26,False,3.4090486740564865e-07,0.8004645956046125,0.1995350634905058,0.0,0.0,0.0,3.382131038019891e-07,0.8005098103416041,0.19948985144527787,3.382131038019891e-07,0.8005098103416041,0.19948985144527787
2025-03-27,,,2025-03-27,False,3.382131038019891e-07,0.8005098103416041,0.19948985144527787,0.0,0.0,0.0,3.376967591228604e-07,0.801701718076595,0.19829794422663163,3.376967591228604e-07,0.801701718076595,0.19829794422663163
2025-03-28,2025-03-28,2025-03-28,2025-03-28,True,3.376967591228604e-07,0.801701718076595,0.19829794422663163,0.19999094519707003,0.7999999456773034,9.109125626526955e-06,0.19999094519707003,0.7999999456773034,9.109125626526955e-06,3.350736437638506e-07,0.801822187693422,0.19817747723292017
2025-04-01,,,2025-04-01,False,0.19999094519707003,0.7999999456773034,9.109125626526955e-06,0.0,0.0,0.0,0.19225266768147037,0.80773844206184,8.890256689723452e-06,0.19225266768147037,0.80773844206184,8.890256689723452e-06
2025-04-02,,,2025-04-02,False,0.19225266768147037,0.80773844206184,8.890256689723452e-06,0.0,0.0,0.0,0.1943696146500541,0.8056214613977027,8.923952243263639e-06,0.1943696146500541,0.8056214613977027,8.923952243263639e-06
2025-04-03,,,2025-04-03,False,0.1943696146500541,0.8056214613977027,8.923952243263639e-06,0.0,0.0,0.0,0.1945992804552831,0.8053917533518045,8.966192912498488e-06,0.1945992804552831,0.8053917533518045,8.966192912498488e-06
2025-04-04,,,2025-04-04,False,0.1945992804552831,0.8053917533518045,8.966192912498488e-06,0.0,0.0,0.0,0.19403951520796842,0.8059514094710458,9.07532098580101e-06,0.19403951520796842,0.8059514094710458,9.07532098580101e-06
2025-04-07,,,2025-04-07,False,0.19403951520796842,0.8059514094710458,9.07532098580101e-06,0.0,0.0,0.0,0.19133581736078942,0.8086549339004885,9.24873872213235e-06,0.19133581736078942,0.8086549339004885,9.24873872213235e-06
2025-04-08,,,2025-04-08,False,0.19133581736078942,0.8086549339004885,9.24873872213235e-06,0.0,0.0,0.0,0.1942584465055366,0.8057323194212277,9.23407323566878e-06,0.1942584465055366,0.8057323194212277,9.23407323566878e-06
2025-04-09,,,2025-04-09,False,0.1942584465055366,0.8057323194212277,9.23407323566878e-06,0.0,0.0,0.0,0.1907804960520408,0.8092103797627047,9.124185254512017e-06,0.1907804960520408,0.8092103797627047,9.124185254512017e-06
2025-04-11,,,2025-04-11,False,0.1907804960520408,0.8092103797627047,9.124185254512017e-06,0.0,0.0,0.0,0.1876484537200323,0.8123427406929262,8.805587041491553e-06,0.1876484537200323,0.8123427406929262,8.805587041491553e-06
2025-04-15,,,2025-04-15,False,0.1876484537200323,0.8123427406929262,8.805587041491553e-06,0.0,0.0,0.0,0.19145069592297584,0.8085405126200402,8.791456984073398e-06,0.19145069592297584,0.8085405126200402,8.791456984073398e-06
2025-04-16,,,2025-04-16,False,0.19145069592297584,0.8085405126200402,8.791456984073398e-06,0.0,0.0,0.0,0.18908304931624312,0.8109083082003902,8.642483366712012e-06,0.18908304931624312,0.8109083082003902,8.642483366712012e-06
2025-04-17,,,2025-04-17,False,0.18908304931624312,0.8109083082003902,8.642483366712012e-06,0.0,0.0,0.0,0.1912003250669274,0.8087910875298091,8.587403263363186e-06,0.1912003250669274,0.8087910875298091,8.587403263363186e-06
2025-04-21,,,2025-04-21,False,0.1912003250669274,0.8087910875298091,8.587403263363186e-06,0.0,0.0,0.0,0.19000310789290392,0.8099884553579875,8.436749108581676e-06,0.19000310789290392,0.8099884553579875,8.436749108581676e-06
2025-04-22,,,2025-04-22,False,0.19000310789290392,0.8099884553579875,8.436749108581676e-06,0.0,0.0,0.0,0.18685372479909645,0.8131379926103752,8.282590528453881e-06,0.18685372479909645,0.8131379926103752,8.282590528453881e-06
2025-04-23,,,2025-04-23,False,0.18685372479909645,0.8131379926103752,8.282590528453881e-06,0.0,0.0,0.0,0.19260502629437695,0.8073864930075164,8.480698106693188e-06,0.19260502629437695,0.8073864930075164,8.480698106693188e-06
2025-04-24,,,2025-04-24,False,0.19260502629437695,0.8073864930075164,8.480698106693188e-06,0.0,0.0,0.0,0.19184757805433786,0.8081439458595097,8.476086152480315e-06,0.19184757805433786,0.8081439458595097,8.476086152480315e-06
2025-04-25,,,2025-04-25,False,0.19184757805433786,0.8081439458595097,8.476086152480315e-06,0.0,0.0,0.0,0.19144345666045925,0.8085480121521771,8.531187363710203e-06,0.19144345666045925,0.8085480121521771,8.531187363710203e-06
2025-04-28,,,2025-04-28,False,0.19144345666045925,0.8085480121521771,8.531187363710203e-06,0.0,0.0,0.0,0.19522957932083318,0.8047618242591913,8.596419975553658e-06,0.19522957932083318,0.8047618242591913,8.596419975553658e-06
2025-04-29,,,2025-04-29,False,0.19522957932083318,0.8047618242591913,8.596419975553658e-06,0.0,0.0,0.0,0.19332931375596046,0.8066621761029963,8.510141043332936e-06,0.19332931375596046,0.8066621761029963,8.510141043332936e-06
2025-04-30,,,2025-04-30,False,0.19332931375596046,0.8066621761029963,8.510141043332936e-06,0.0,0.0,0.0,0.19518691120374254,0.8048044656684866,8.623127770878207e-06,0.19518691120374254,0.8048044656684866,8.623127770878207e-06
2025-05-02,,,2025-05-02,False,0.19518691120374254,0.8048044656684866,8.623127770878207e-06,0.0,0.0,0.0,0.19668849176202768,0.8033028233202294,8.684917742949514e-06,0.19668849176202768,0.8033028233202294,8.684917742949514e-06
2025-05-05,2025-05-05,2025-05-05,2025-05-05,True,0.19668849176202768,0.8033028233202294,8.684917742949514e-06,0.002837918485522299,0.2500135874462329,0.7471484940682448,0.002837918485522299,0.2500135874462329,0.7471484940682448,0.19503411849803387,0.8049573099282614,8.571573704786184e-06
2025-05-06,,,2025-05-06,False,0.002837918485522299,0.2500135874462329,0.7471484940682448,0.0,0.0,0.0,0.0028059834083746533,0.2559746548437753,0.7412193617478501,0.0028059834083746533,0.2559746548437753,0.7412193617478501
2025-05-07,,,2025-05-07,False,0.0028059834083746533,0.2559746548437753,0.7412193617478501,0.0,0.0,0.0,0.002817462399634144,0.2539992197615944,0.7431833178387715,0.002817462399634144,0.2539992197615944,0.7431833178387715
2025-05-08,,,2025-05-08,False,0.002817462399634144,0.2539992197615944,0.7431833178387715,0.0,0.0,0.0,0.002804241113874069,0.25320799251312587,0.743987766373,0.002804241113874069,0.25320799251312587,0.743987766373
2025-05-09,,,2025-05-09,False,0.002804241113874069,0.25320799251312587,0.743987766373,0.0,0.0,0.0,0.0027748348553832828,0.2528885485274665,0.7443366166171501,0.0027748348553832828,0.2528885485274665,0.7443366166171501
2025-05-12,,,2025-05-12,False,0.0027748348553832828,0.2528885485274665,0.7443366166171501,0.0,0.0,0.0,0.0029061501316948795,0.24621130921277537,0.7508825406555296,0.0029061501316948795,0.24621130921277537,0.7508825406555296
2025-05-13,,,2025-05-13,False,0.0029061501316948795,0.24621130921277537,0.7508825406555296,0.0,0.0,0.0,0.002856052922555592,0.24880660093286697,0.7483373461445774,0.002856052922555592,0.24880660093286697,0.7483373461445774
2025-05-14,,,2025-05-14,False,0.002856052922555592,0.24880660093286697,0.7483373461445774,0.0,0.0,0.0,0.0028707394317643168,0.24764402673724004,0.7494852338309956,0.0028707394317643168,0.24764402673724004,0.7494852338309956
2025-05-15,,,2025-05-15,False,0.0028707394317643168,0.24764402673724004,0.7494852338309956,0.0,0.0,0.0,0.0029308001034295083,0.2439617014537194,0.7531074984428511,0.0029308001034295083,0.2439617014537194,0.7531074984428511
2025-05-16,,,2025-05-16,False,0.0029308001034295083,0.2439617014537194,0.7531074984428511,0.0,0.0,0.0,0.0029190277700253627,0.24573042918794885,0.7513505430420258,0.0029190277700253627,0.24573042918794885,0.7513505430420258
2025-05-19,,,2025-05-19,False,0.0029190277700253627,0.24573042918794885,0.7513505430420258,0.0,0.0,0.0,0.002905421749134697,0.24701717978668583,0.7500773984641795,0.002905421749134697,0.24701717978668583,0.7500773984641795
2025-05-20,,,2025-05-20,False,0.002905421749134697,0.24701717978668583,0.7500773984641795,0.0,0.0,0.0,0.00287624733985697,0.24671769525683387,0.7504060574033092,0.00287624733985697,0.24671769525683387,0.7504060574033092
2025-05-21,,,2025-05-21,False,0.00287624733985697,0.24671769525683387,0.7504060574033092,0.0,0.0,0.0,0.0028793757879991538,0.2498129609513369,0.7473076632606641,0.0028793757879991538,0.2498129609513369,0.7473076632606641
2025-05-22,,,2025-05-22,False,0.0028793757879991538,0.2498129609513369,0.7473076632606641,0.0,0.0,0.0,0.002853020758967212,0.2505489293703568,0.7465980498706761,0.002853020758967212,0.2505489293703568,0.7465980498706761
2025-05-23,,,2025-05-23,False,0.002853020758967212,0.2505489293703568,0.7465980498706761,0.0,0.0,0.0,0.002883900354955836,0.24983725273936053,0.7472788469056838,0.002883900354955836,0.24983725273936053,0.7472788469056838
2025-05-26,,,2025-05-26,False,0.002883900354955836,0.24983725273936053,0.7472788469056838,0.0,0.0,0.0,0.0028986344389736194,0.25044343794173635,0.7466579276192904,0.0028986344389736194,0.25044343794173635,0.7466579276192904
2025-05-27,,,2025-05-27,False,0.0028986344389736194,0.25044343794173635,0.7466579276192904,0.0,0.0,0.0,0.0028803295241697077,0.2499558635203252,0.7471638069555055,0.0028803295241697077,0.2499558635203252,0.7471638069555055
2025-05-28,,,2025-05-28,False,0.0028803295241697077,0.2499558635203252,0.7471638069555055,0.0,0.0,0.0,0.0028672934732492843,0.2511343783467364,0.7459983281800147,0.0028672934732492843,0.2511343783467364,0.7459983281800147
2025-05-29,,,2025-05-29,False,0.0028672934732492843,0.2511343783467364,0.7459983281800147,0.0,0.0,0.0,0.0028853339608363453,0.24886826250580257,0.7482464035333614,0.0028853339608363453,0.24886826250580257,0.7482464035333614
2025-05-30,,,2025-05-30,False,0.0028853339608363453,0.24886826250580257,0.7482464035333614,0.0,0.0,0.0,0.0028645007577165313,0.2491211397606708,0.748014359481613,0.0028645007577165313,0.2491211397606708,0.748014359481613
2025-06-02,,,2025-06-02,False,0.0028645007577165313,0.2491211397606708,0.748014359481613,0.0,0.0,0.0,0.0028513825966849484,0.25154005304574156,0.7456085643575737,0.0028513825966849484,0.25154005304574156,0.7456085643575737
2025-06-03,2025-06-03,2025-06-03,2025-06-03,True,0.0028513825966849484,0.25154005304574156,0.7456085643575737,0.014759488169927757,0.25000894396906964,0.7352315678610025,0.014759488169927757,0.25000894396906964,0.7352315678610025,0.002827380018271871,0.25259581938550596,0.7445768005962224
2025-06-04,,,2025-06-04,False,0.014759488169927757,0.25000894396906964,0.7352315678610025,0.0,0.0,0.0,0.014789997703910374,0.25078375109803425,0.7344262511980554,0.014789997703910374,0.25078375109803425,0.7344262511980554
2025-06-05,,,2025-06-05,False,0.014789997703910374,0.25078375109803425,0.7344262511980554,0.0,0.0,0.0,0.014848003875666779,0.2517314566444047,0.7334205394799286,0.014848003875666779,0.2517314566444047,0.7334205394799286
2025-06-06,,,2025-06-06,False,0.014848003875666779,0.2517314566444047,0.7334205394799286,0.0,0.0,0.0,0.015020127536647073,0.25053937562851114,0.7344404968348419,0.015020127536647073,0.25053937562851114,0.7344404968348419
2025-06-09,,,2025-06-09,False,0.015020127536647073,0.25053937562851114,0.7344404968348419,0.0,0.0,0.0,0.015114343684267732,0.2487866709579336,0.7360989853577988,0.015114343684267732,0.2487866709579336,0.7360989853577988
2025-06-10,,,2025-06-10,False,0.015114343684267732,0.2487866709579336,0.7360989853577988,0.0,0.0,0.0,0.01510889514866188,0.24908827372672201,0.7358028311246164,0.01510889514866188,0.24908827372672201,0.7358028311246164
2025-06-11,,,2025-06-11,False,0.01510889514866188,0.24908827372672201,0.7358028311246164,0.0,0.0,0.0,0.015123905717500356,0.24943059392148637,0.7354455003610136,0.015123905717500356,0.24943059392148637,0.7354455003610136
2025-06-12,,,2025-06-12,False,0.015123905717500356,0.24943059392148637,0.7354455003610136,0.0,0.0,0.0,0.014944788726632302,0.2509263404570672,0.7341288708163008,0.014944788726632302,0.2509263404570672,0.7341288708163008
2025-06-13,,,2025-06-13,False,0.014944788726632302,0.2509263404570672,0.7341288708163008,0.0,0.0,0.0,0.01476524459782892,0.2549490812667152,0.7302856741354561,0.01476524459782892,0.2549490812667152,0.7302856741354561
2025-06-16,,,2025-06-16,False,0.01476524459782892,0.2549490812667152,0.7302856741354561,0.0,0.0,0.0,0.014901285620700375,0.25482483905822373,0.7302738753210761,0.014901285620700375,0.25482483905822373,0.7302738753210761
2025-06-17,,,2025-06-17,False,0.014901285620700375,0.25482483905822373,0.7302738753210761,0.0,0.0,0.0,0.014870563684995518,0.2536239070427467,0.731505529272258,0.014870563684995518,0.2536239070427467,0.731505529272258
2025-06-18,,,2025-06-18,False,0.014870563684995518,0.2536239070427467,0.731505529272258,0.0,0.0,0.0,0.0148358161535577,0.2541590457089458,0.7310051381374966,0.0148358161535577,0.2541590457089458,0.7310051381374966
2025-06-19,,,2025-06-19,False,0.0148358161535577,0.2541590457089458,0.7310051381374966,0.0,0.0,0.0,0.014824632740187322,0.2541600417550643,0.7310153255047485,0.014824632740187322,0.2541600417550643,0.7310153255047485
2025-06-20,,,2025-06-20,False,0.014824632740187322,0.2541600417550643,0.7310153255047485,0.0,0.0,0.0,0.01503855635115305,0.2528291418654591,0.7321323017833881,0.01503855635115305,0.2528291418654591,0.7321323017833881
2025-06-23,,,2025-06-23,False,0.01503855635115305,0.2528291418654591,0.7321323017833881,0.0,0.0,0.0,0.014935927788686557,0.253837004311499,0.7312270678998146,0.014935927788686557,0.253837004311499,0.7312270678998146
2025-06-24,,,2025-06-24,False,0.014935927788686557,0.253837004311499,0.7312270678998146,0.0,0.0,0.0,0.015056283885573916,0.24995666969383665,0.7349870464205897,0.015056283885573916,0.24995666969383665,0.7349870464205897
2025-06-25,,,2025-06-25,False,0.015056283885573916,0.24995666969383665,0.7349870464205897,0.0,0.0,0.0,0.015168735853778677,0.25022553204551146,0.7346057321007101,0.015168735853778677,0.25022553204551146,0.7346057321007101
2025-06-26,,,2025-06-26,False,0.015168735853778677,0.25022553204551146,0.7346057321007101,0.0,0.0,0.0,0.015348383067146799,0.2502047685421019,0.7344468483907515,0.015348383067146799,0.2502047685421019,0.7344468483907515
2025-06-27,,,2025-06-27,False,0.015348383067146799,0.2502047685421019,0.7344468483907515,0.0,0.0,0.0,0.01546327098335766,0.24714782787624145,0.737388901140401,0.01546327098335766,0.24714782787624145,0.737388901140401
2025-06-30,,,2025-06-30,False,0.01546327098335766,0.24714782787624145,0.737388901140401,0.0,0.0,0.0,0.01534704928309458,0.24700684998266526,0.7376461007342403,0.01534704928309458,0.24700684998266526,0.7376461007342403
2025-07-01,,,2025-07-01,False,0.01534704928309458,0.24700684998266526,0.7376461007342403,0.0,0.0,0.0,0.015311475067619117,0.24945801146850202,0.735230513463879,0.015311475067619117,0.24945801146850202,0.735230513463879
2025-07-02,2025-07-02,2025-07-02,2025-07-02,True,0.015311475067619117,0.24945801146850202,0.735230513463879,0.4796185352961187,0.3499999991362001,0.17038146556768113,0.4796185352961187,0.3499999991362001,0.17038146556768113,0.015256585797434831,0.24961165134516358,0.7351317628574018
2025-07-03,,,2025-07-03,False,0.4796185352961187,0.3499999991362001,0.17038146556768113,0.0,0.0,0.0,0.4793526742791711,0.3500361887487258,0.170611136972103,0.4793526742791711,0.3500361887487258,0.170611136972103
2025-07-04,,,2025-07-04,False,0.4793526742791711,0.3500361887487258,0.170611136972103,0.0,0.0,0.0,0.4801479763901294,0.3493316759093302,0.1705203477005403,0.4801479763901294,0.3493316759093302,0.1705203477005403
2025-07-07,,,2025-07-07,False,0.4801479763901294,0.3493316759093302,0.1705203477005403,0.0,0.0,0.0,0.48089939859897995,0.3483171260846307,0.1707834753163891,0.48089939859897995,0.3483171260846307,0.1707834753163891
2025-07-08,,,2025-07-08,False,0.48089939859897995,0.3483171260846307,0.1707834753163891,0.0,0.0,0.0,0.48097923772435575,0.34861851517348563,0.17040224710215837,0.48097923772435575,0.34861851517348563,0.17040224710215837
2025-07-09,,,2025-07-09,False,0.48097923772435575,0.34861851517348563,0.17040224710215837,0.0,0.0,0.0,0.48208674880885516,0.3468075595340872,0.17110569165705738,0.48208674880885516,0.3468075595340872,0.17110569165705738
2025-07-10,,,2025-07-10,False,0.48208674880885516,0.3468075595340872,0.17110569165705738,0.0,0.0,0.0,0.47948265932764855,0.3495230649757485,0.17099427569660272,0.47948265932764855,0.3495230649757485,0.17099427569660272
2025-07-11,,,2025-07-11,False,0.47948265932764855,0.3495230649757485,0.17099427569660272,0.0,0.0,0.0,0.47654138102909327,0.3521253148429919,0.17133330412791462,0.47654138102909327,0.3521253148429919,0.17133330412791462
2025-07-14,,,2025-07-14,False,0.47654138102909327,0.3521253148429919,0.17133330412791462,0.0,0.0,0.0,0.47436682896140087,0.35462410256037546,0.17100906847822359,0.47436682896140087,0.35462410256037546,0.17100906847822359
2025-07-15,,,2025-07-15,False,0.47436682896140087,0.35462410256037546,0.17100906847822359,0.0,0.0,0.0,0.47592464613492363,0.35327757046454694,0.17079778340052917,0.47592464613492363,0.35327757046454694,0.17079778340052917
2025-07-16,,,2025-07-16,False,0.47592464613492363,0.35327757046454694,0.17079778340052917,0.0,0.0,0.0,0.47674435577622853,0.35227224355043035,0.17098340067334084,0.47674435577622853,0.35227224355043035,0.17098340067334084
2025-07-17,,,2025-07-17,False,0.47674435577622853,0.35227224355043035,0.17098340067334084,0.0,0.0,0.0,0.4761403681362047,0.3524104462814499,0.17144918558234504,0.4761403681362047,0.3524104462814499,0.17144918558234504
2025-07-18,,,2025-07-18,False,0.4761403681362047,0.3524104462814499,0.17144918558234504,0.0,0.0,0.0,0.4735395745894347,0.3549691133003567,0.17149131211020827,0.4735395745894347,0.3549691133003567,0.17149131211020827
2025-07-21,,,2025-07-21,False,0.4735395745894347,0.3549691133003567,0.17149131211020827,0.0,0.0,0.0,0.4739372278053886,0.35526576362870294,0.17079700856590818,0.4739372278053886,0.35526576362870294,0.17079700856590818
2025-07-22,,,2025-07-22,False,0.4739372278053886,0.35526576362870294,0.17079700856590818,0.0,0.0,0.0,0.47233179909780065,0.3572456435148214,0.17042255738737752,0.47233179909780065,0.3572456435148214,0.17042255738737752
2025-07-23,,,2025-07-23,False,0.47233179909780065,0.3572456435148214,0.17042255738737752,0.0,0.0,0.0,0.4719189924744874,0.3588825929409284,0.16919841458458384,0.4719189924744874,0.3588825929409284,0.16919841458458384
2025-07-24,,,2025-07-24,False,0.4719189924744874,0.3588825929409284,0.16919841458458384,0.0,0.0,0.0,0.4733038245076705,0.35593107202742535,0.1707651034649037,0.4733038245076705,0.35593107202742535,0.1707651034649037
2025-07-25,,,2025-07-25,False,0.4733038245076705,0.35593107202742535,0.1707651034649037,0.0,0.0,0.0,0.47146479683763565,0.3568919659416568,0.17164323722070718,0.47146479683763565,0.3568919659416568,0.17164323722070718
2025-07-28,,,2025-07-28,False,0.47146479683763565,0.3568919659416568,0.17164323722070718,0.0,0.0,0.0,0.47003828608832077,0.35775723813274524,0.17220447577893364,0.47003828608832077,0.35775723813274524,0.17220447577893364
2025-07-29,,,2025-07-29,False,0.47003828608832077,0.35775723813274524,0.17220447577893364,0.0,0.0,0.0,0.4716957344197054,0.3564686702969928,0.17183559528330147,0.4716957344197054,0.3564686702969928,0.17183559528330147
2025-07-30,,,2025-07-30,False,0.4716957344197054,0.3564686702969928,0.17183559528330147,0.0,0.0,0.0,0.4710522090124769,0.3575793074701376,0.1713684835173851,0.4710522090124769,0.3575793074701376,0.1713684835173851
2025-07-31,2025-07-31,2025-07-31,2025-07-31,True,0.4710522090124769,0.3575793074701376,0.1713684835173851,0.4500000001585904,0.35000000003869997,0.19999999980271033,0.4500000001585904,0.35000000003869997,0.19999999980271033,0.4702742443760195,0.3574122354571499,0.1723135201668302
2025-08-01,,,2025-08-01,False,0.4500000001585904,0.35000000003869997,0.19999999980271033,0.0,0.0,0.0,0.4484440214687455,0.35060251664278197,0.20095346188847324,0.4484440214687455,0.35060251664278197,0.20095346188847324
2025-08-04,,,2025-08-04,False,0.4484440214687455,0.35060251664278197,0.20095346188847324,0.0,0.0,0.0,0.4475802928442524,0.3531302234701654,0.1992894836855828,0.4475802928442524,0.3531302234701654,0.1992894836855828
2025-08-05,,,2025-08-05,False,0.4475802928442524,0.3531302234701654,0.1992894836855828,0.0,0.0,0.0,0.44612613865236844,0.3546399730208491,0.19923388832678307,0.44612613865236844,0.3546399730208491,0.19923388832678307
2025-08-06,,,2025-08-06,False,0.44612613865236844,0.3546399730208491,0.19923388832678307,0.0,0.0,0.0,0.44569245258225443,0.354659021407659,0.19964852601008717,0.44569245258225443,0.354659021407659,0.19964852601008717
2025-08-07,,,2025-08-07,False,0.44569245258225443,0.354659021407659,0.19964852601008717,0.0,0.0,0.0,0.4449677613121684,0.35588622844347745,0.19914601024435466,0.4449677613121684,0.35588622844347745,0.19914601024435466
2025-08-08,,,2025-08-08,False,0.4449677613121684,0.35588622844347745,0.19914601024435466,0.0,0.0,0.0,0.44182883819899627,0.358538093183727,0.19963306861727725,0.44182883819899627,0.358538093183727,0.19963306861727725
2025-08-11,,,2025-08-11,False,0.44182883819899627,0.358538093183727,0.19963306861727725,0.0,0.0,0.0,0.44619972159499044,0.3540127434589588,0.1997875349460513,0.44619972159499044,0.3540127434589588,0.1997875349460513
2025-08-12,,,2025-08-12,False,0.44619972159499044,0.3540127434589588,0.1997875349460513,0.0,0.0,0.0,0.4456903666110365,0.3539523589107955,0.20035727447816856,0.4456903666110365,0.3539523589107955,0.20035727447816856
2025-08-13,,,2025-08-13,False,0.4456903666110365,0.3539523589107955,0.20035727447816856,0.0,0.0,0.0,0.4466201874240857,0.3536826119204504,0.19969720065546448,0.4466201874240857,0.3536826119204504,0.19969720065546448
2025-08-14,,,2025-08-14,False,0.4466201874240857,0.3536826119204504,0.19969720065546448,0.0,0.0,0.0,0.4468342157922379,0.35346782612960387,0.1996979580781588,0.4468342157922379,0.35346782612960387,0.1996979580781588
2025-08-18,,,2025-08-18,False,0.4468342157922379,0.35346782612960387,0.1996979580781588,0.0,0.0,0.0,0.4500321160853202,0.35082876037411637,0.1991391235405639,0.4500321160853202,0.35082876037411637,0.1991391235405639
2025-08-19,,,2025-08-19,False,0.4500321160853202,0.35082876037411637,0.1991391235405639,0.0,0.0,0.0,0.4519033393175427,0.34895963679121683,0.19913702389124094,0.4519033393175427,0.34895963679121683,0.19913702389124094
2025-08-20,,,2025-08-20,False,0.4519033393175427,0.34895963679121683,0.19913702389124094,0.0,0.0,0.0,0.45303582487572464,0.3478831732456646,0.19908100187861125,0.45303582487572464,0.3478831732456646,0.19908100187861125
2025-08-21,,,2025-08-21,False,0.45303582487572464,0.3478831732456646,0.19908100187861125,0.0,0.0,0.0,0.4524632491360895,0.34897051796648215,0.19856623289742886,0.4524632491360895,0.34897051796648215,0.19856623289742886
2025-08-22,,,2025-08-22,False,0.4524632491360895,0.34897051796648215,0.19856623289742886,0.0,0.0,0.0,0.45021122246861134,0.3505135368674561,0.19927524066393307,0.45021122246861134,0.3505135368674561,0.19927524066393307
2025-08-25,,,2025-08-25,False,0.45021122246861134,0.3505135368674561,0.19927524066393307,0.0,0.0,0.0,0.4495070592651093,0.352309523543154,0.1981834171917372,0.4495070592651093,0.352309523543154,0.1981834171917372
2025-08-26,,,2025-08-26,False,0.4495070592651093,0.352309523543154,0.1981834171917372,0.0,0.0,0.0,0.4463368149818029,0.354841328192277,0.19882185682592063,0.4463368149818029,0.354841328192277,0.19882185682592063
2025-08-28,,,2025-08-28,False,0.4463368149818029,0.354841328192277,0.19882185682592063,0.0,0.0,0.0,0.44310638979369976,0.3578096958139988,0.19908391439230186,0.44310638979369976,0.3578096958139988,0.19908391439230186
2025-08-29,,,2025-08-29,False,0.44310638979369976,0.3578096958139988,0.19908391439230186,0.0,0.0,0.0,0.4403694322056598,0.36056463244058595,0.1990659353537547,0.4403694322056598,0.36056463244058595,0.1990659353537547
2025-09-01,,,2025-09-01,False,0.4403694322056598,0.36056463244058595,0.1990659353537547,0.0,0.0,0.0,0.44001024707071956,0.3626890932364104,0.19730065969287056,0.44001024707071956,0.3626890932364104,0.19730065969287056
2025-09-02,2025-09-02,2025-09-02,2025-09-02,True,0.44001024707071956,0.3626890932364104,0.19730065969287056,0.45000000012218344,0.3500000000311696,0.19999999984664762,0.45000000012218344,0.3500000000311696,0.19999999984664762,0.4395550875073389,0.3629838868615738,0.19746102563108772
2025-09-03,,,2025-09-03,False,0.45000000012218344,0.3500000000311696,0.19999999984664762,0.0,0.0,0.0,0.44906156082954846,0.3524493403368914,0.1984890988335608,0.44906156082954846,0.3524493403368914,0.1984890988335608
2025-09-04,,,2025-09-04,False,0.44906156082954846,0.3524493403368914,0.1984890988335608,0.0,0.0,0.0,0.4487495342594029,0.3530516663657399,0.198198799374858,0.4487495342594029,0.3530516663657399,0.198198799374858
2025-09-05,,,2025-09-05,False,0.4487495342594029,0.3530516663657399,0.198198799374858,0.0,0.0,0.0,0.44793854407057127,0.3542764018549173,0.1977850540745123,0.44793854407057127,0.3542764018549173,0.1977850540745123
2025-09-08,,,2025-09-08,False,0.44793854407057127,0.3542764018549173,0.1977850540745123,0.0,0.0,0.0,0.44589110416649963,0.35748338930997486,0.19662550652352645,0.44589110416649963,0.35748338930997486,0.19662550652352645
2025-09-09,,,2025-09-09,False,0.44589110416649963,0.35748338930997486,0.19662550652352645,0.0,0.0,0.0,0.444742396741191,0.35989137701239987,0.19536622624641015,0.444742396741191,0.35989137701239987,0.19536622624641015
2025-09-10,,,2025-09-10,False,0.444742396741191,0.35989137701239987,0.19536622624641015,0.0,0.0,0.0,0.44625288344126746,0.3585376514463142,0.19520946511241935,0.44625288344126746,0.3585376514463142,0.19520946511241935
2025-09-11,,,2025-09-11,False,0.44625288344126746,0.3585376514463142,0.19520946511241935,0.0,0.0,0.0,0.44706675847448063,0.35762115399714084,0.1953120875283796,0.44706675847448063,0.35762115399714084,0.1953120875283796
2025-09-12,,,2025-09-12,False,0.44706675847448063,0.35762115399714084,0.1953120875283796,0.0,0.0,0.0,0.447009592271863,0.35854504110254887,0.19444536662558928,0.447009592271863,0.35854504110254887,0.19444536662558928
2025-09-15,,,2025-09-15,False,0.447009592271863,0.35854504110254887,0.19444536662558928,0.0,0.0,0.0,0.4471669593616724,0.35797356454342955,0.19485947609489926,0.4471669593616724,0.35797356454342955,0.19485947609489926
2025-09-16,,,2025-09-16,False,0.4471669593616724,0.35797356454342955,0.19485947609489926,0.0,0.0,0.0,0.4464713510201569,0.3602819765358328,0.19324667244401134,0.4464713510201569,0.3602819765358328,0.19324667244401134
2025-09-17,,,2025-09-17,False,0.4464713510201569,0.3602819765358328,0.19324667244401134,0.0,0.0,0.0,0.4491475181956179,0.35714509855909077,0.19370738324529238,0.4491475181956179,0.35714509855909077,0.19370738324529238
2025-09-18,,,2025-09-18,False,0.4491475181956179,0.35714509855909077,0.19370738324529238,0.0,0.0,0.0,0.44944314742098485,0.3574336880880524,0.19312316449096373,0.44944314742098485,0.3574336880880524,0.19312316449096373
2025-09-19,,,2025-09-19,False,0.44944314742098485,0.3574336880880524,0.19312316449096373,0.0,0.0,0.0,0.4490459611754924,0.3572659920113283,0.1936880468131803,0.4490459611754924,0.3572659920113283,0.1936880468131803
2025-09-22,,,2025-09-22,False,0.4490459611754924,0.3572659920113283,0.1936880468131803,0.0,0.0,0.0,0.44459995724008455,0.3626827570334218,0.19271728572649474,0.44459995724008455,0.3626827570334218,0.19271728572649474
2025-09-23,,,2025-09-23,False,0.44459995724008455,0.3626827570334218,0.19271728572649474,0.0,0.0,0.0,0.4408588812370799,0.3677941211515245,0.19134699761139676,0.4408588812370799,0.3677941211515245,0.19134699761139676
2025-09-24,,,2025-09-24,False,0.4408588812370799,0.3677941211515245,0.19134699761139676,0.0,0.0,0.0,0.4405902585861981,0.36731999182550357,0.19208974958829947,0.4405902585861981,0.36731999182550357,0.19208974958829947
2025-09-25,,,2025-09-25,False,0.4405902585861981,0.36731999182550357,0.19208974958829947,0.0,0.0,0.0,0.4393112401124492,0.3678788993213092,0.19280986056624272,0.4393112401124492,0.3678788993213092,0.19280986056624272
2025-09-26,,,2025-09-26,False,0.4393112401124492,0.3678788993213092,0.19280986056624272,0.0,0.0,0.0,0.43732382008667237,0.36890014248526476,0.193776037428064,0.43732382008667237,0.36890014248526476,0.193776037428064
2025-09-29,,,2025-09-29,False,0.43732382008667237,0.36890014248526476,0.193776037428064,0.0,0.0,0.0,0.43426948469487114,0.37315512427621406,0.19257539102891588,0.43426948469487114,0.37315512427621406,0.19257539102891588
2025-09-30,,,2025-09-30,False,0.43426948469487114,0.37315512427621406,0.19257539102891588,0.0,0.0,0.0,0.4338576331825548,0.37296718942740065,0.19317517739004555,0.4338576331825548,0.37296718942740065,0.19317517739004555
2025-10-01,2025-10-01,2025-10-01,2025-10-01,True,0.4338576331825548,0.37296718942740065,0.19317517739004555,0.45000000008303753,0.35000000002419585,0.1999999998927672,0.45000000008303753,0.35000000002419585,0.1999999998927672,0.4331083569986031,0.37579865639443877,0.19109298660695911
2025-10-03,,,2025-10-03,False,0.45000000008303753,0.35000000002419585,0.1999999998927672,0.0,0.0,0.0,0.4514823050541815,0.3483259894956494,0.20019170545016965,0.4514823050541815,0.3483259894956494,0.20019170545016965
2025-10-06,,,2025-10-06,False,0.4514823050541815,0.3483259894956494,0.20019170545016965,0.0,0.0,0.0,0.44984254842258936,0.35215355707117507,0.19800389450623626,0.44984254842258936,0.35215355707117507,0.19800389450623626
2025-10-07,,,2025-10-07,False,0.44984254842258936,0.35215355707117507,0.19800389450623626,0.0,0.0,0.0,0.449442478930076,0.35296923821861237,0.19758828285131233,0.449442478930076,0.35296923821861237,0.19758828285131233
2025-10-08,,,2025-10-08,False,0.449442478930076,0.35296923821861237,0.19758828285131233,0.0,0.0,0.0,0.44562183786238246,0.357983412281326,0.19639474985629235,0.44562183786238246,0.357983412281326,0.19639474985629235
2025-10-09,,,2025-10-09,False,0.44562183786238246,0.357983412281326,0.19639474985629235,0.0,0.0,0.0,0.44730307576293604,0.3566251197268295,0.1960718045102352,0.44730307576293604,0.3566251197268295,0.1960718045102352
2025-10-10,,,2025-10-10,False,0.44730307576293604,0.3566251197268295,0.1960718045102352,0.0,0.0,0.0,0.4495786727471642,0.35415710828134284,0.19626421897149363,0.4495786727471642,0.35415710828134284,0.19626421897149363
2025-10-13,,,2025-10-13,False,0.4495786727471642,0.35415710828134284,0.19626421897149363,0.0,0.0,0.0,0.44590213481922075,0.35899305764937994,0.19510480753139986,0.44590213481922075,0.35899305764937994,0.19510480753139986
2025-10-14,,,2025-10-14,False,0.44590213481922075,0.35899305764937994,0.19510480753139986,0.0,0.0,0.0,0.44132791798219906,0.3649401672780378,0.19373191473976373,0.44132791798219906,0.3649401672780378,0.19373191473976373
2025-10-15,,,2025-10-15,False,0.44132791798219906,0.3649401672780378,0.19373191473976373,0.0,0.0,0.0,0.44276174957347464,0.36424348088263064,0.19299476954389527,0.44276174957347464,0.36424348088263064,0.19299476954389527
2025-10-16,,,2025-10-16,False,0.44276174957347464,0.36424348088263064,0.19299476954389527,0.0,0.0,0.0,0.44517682283487864,0.36275898184485633,0.19206419532026567,0.44517682283487864,0.36275898184485633,0.19206419532026567
2025-10-17,,,2025-10-17,False,0.44517682283487864,0.36275898184485633,0.19206419532026567,0.0,0.0,0.0,0.44221418649325556,0.36792404276841995,0.18986177073832516,0.44221418649325556,0.36792404276841995,0.18986177073832516
2025-10-20,,,2025-10-20,False,0.44221418649325556,0.36792404276841995,0.18986177073832516,0.0,0.0,0.0,0.44800808827476885,0.36063471852753487,0.19135719319769692,0.44800808827476885,0.36063471852753487,0.19135719319769692
2025-10-21,,,2025-10-21,False,0.44800808827476885,0.36063471852753487,0.19135719319769692,0.0,0.0,0.0,0.4474078302130747,0.3616793668289939,0.1909128029579321,0.4474078302130747,0.3616793668289939,0.1909128029579321
2025-10-23,,,2025-10-23,False,0.4474078302130747,0.3616793668289939,0.1909128029579321,0.0,0.0,0.0,0.4538205978379552,0.35270268585830467,0.19347671630374072,0.4538205978379552,0.35270268585830467,0.19347671630374072
2025-10-24,,,2025-10-24,False,0.4538205978379552,0.35270268585830467,0.19347671630374072,0.0,0.0,0.0,0.4528976056688151,0.3532987204502231,0.19380367388096242,0.4528976056688151,0.3532987204502231,0.19380367388096242
2025-10-27,,,2025-10-27,False,0.4528976056688151,0.3532987204502231,0.19380367388096242,0.0,0.0,0.0,0.45700267042752085,0.348722190716712,0.19427513885576778,0.45700267042752085,0.348722190716712,0.19427513885576778
2025-10-28,,,2025-10-28,False,0.45700267042752085,0.348722190716712,0.19427513885576778,0.0,0.0,0.0,0.4620304670590368,0.3413329465135566,0.1966365864274072,0.4620304670590368,0.3413329465135566,0.1966365864274072
2025-10-29,,,2025-10-29,False,0.4620304670590368,0.3413329465135566,0.1966365864274072,0.0,0.0,0.0,0.45814448657572127,0.3477536247532085,0.19410188867107095,0.45814448657572127,0.3477536247532085,0.19410188867107095
2025-10-30,,,2025-10-30,False,0.45814448657572127,0.3477536247532085,0.19410188867107095,0.0,0.0,0.0,0.45689235555768865,0.34821935118216213,0.19488829326014984,0.45689235555768865,0.34821935118216213,0.19488829326014984
2025-10-31,,,2025-10-31,False,0.45689235555768865,0.34821935118216213,0.19488829326014984,0.0,0.0,0.0,0.4548521336986048,0.3499530802017942,0.19519478609960156,0.4548521336986048,0.3499530802017942,0.19519478609960156
2025-11-03,2025-11-03,2025-11-03,2025-11-03,True,0.4548521336986048,0.3499530802017942,0.19519478609960156,0.6387753131135759,0.3499997832717524,0.011224903614671471,0.6387753131135759,0.3499997832717524,0.011224903614671471,0.45520262792382776,0.3497668969434694,0.19503047513270325
2025-11-04,,,2025-11-04,False,0.6387753131135759,0.3499997832717524,0.011224903614671471,0.0,0.0,0.0,0.637845222187897,0.3508735498630734,0.011281227949029547,0.637845222187897,0.3508735498630734,0.011281227949029547
2025-11-06,,,2025-11-06,False,0.637845222187897,0.3508735498630734,0.011281227949029547,0.0,0.0,0.0,0.6364443199790654,0.35226041960576626,0.011295260415168384,0.6364443199790654,0.35226041960576626,0.011295260415168384
2025-11-07,,,2025-11-07,False,0.6364443199790654,0.35226041960576626,0.011295260415168384,0.0,0.0,0.0,0.63657787079211,0.3521167879997669,0.01130534120812311,0.63657787079211,0.3521167879997669,0.01130534120812311
2025-11-10,,,2025-11-10,False,0.63657787079211,0.3521167879997669,0.01130534120812311,0.0,0.0,0.0,0.6334012908409574,0.3553858719386244,0.011212837220418149,0.6334012908409574,0.3553858719386244,0.011212837220418149
2025-11-11,,,2025-11-11,False,0.6334012908409574,0.3553858719386244,0.011212837220418149,0.0,0.0,0.0,0.6309975886365508,0.35788466505521055,0.011117746308238658,0.6309975886365508,0.35788466505521055,0.011117746308238658
2025-11-12,,,2025-11-12,False,0.6309975886365508,0.35788466505521055,0.011117746308238658,0.0,0.0,0.0,0.6339412403570218,0.3549672150307315,0.011091544612246625,0.6339412403570218,0.3549672150307315,0.011091544612246625
2025-11-13,,,2025-11-13,False,0.6339412403570218,0.3549672150307315,0.011091544612246625,0.0,0.0,0.0,0.6281525982955042,0.36085855866624844,0.010988843038247256,0.6281525982955042,0.36085855866624844,0.010988843038247256
2025-11-14,,,2025-11-14,False,0.6281525982955042,0.36085855866624844,0.010988843038247256,0.0,0.0,0.0,0.6318041124330714,0.35715623628012483,0.011039651286803575,0.6318041124330714,0.35715623628012483,0.011039651286803575
2025-11-17,,,2025-11-17,False,0.6318041124330714,0.35715623628012483,0.011039651286803575,0.0,0.0,0.0,0.6368169611057973,0.35210013658360045,0.011082902310602088,0.6368169611057973,0.35210013658360045,0.011082902310602088
2025-11-18,,,2025-11-18,False,0.6368169611057973,0.35210013658360045,0.011082902310602088,0.0,0.0,0.0,0.638171385390418,0.3506777065713364,0.011150908038245573,0.638171385390418,0.3506777065713364,0.011150908038245573
2025-11-19,,,2025-11-19,False,0.638171385390418,0.3506777065713364,0.011150908038245573,0.0,0.0,0.0,0.6365281129683722,0.3524105697670366,0.01106131726459121,0.6365281129683722,0.3524105697670366,0.01106131726459121
2025-11-20,,,2025-11-20,False,0.6365281129683722,0.3524105697670366,0.01106131726459121,0.0,0.0,0.0,0.6392561346098842,0.34969430703498344,0.011049558355132359,0.6392561346098842,0.34969430703498344,0.011049558355132359
2025-11-21,,,2025-11-21,False,0.6392561346098842,0.34969430703498344,0.011049558355132359,0.0,0.0,0.0,0.6371707138049479,0.3517633857311033,0.01106590046394876,0.6371707138049479,0.3517633857311033,0.01106590046394876
2025-11-24,,,2025-11-24,False,0.6371707138049479,0.3517633857311033,0.01106590046394876,0.0,0.0,0.0,0.6356990762601541,0.3532144845055779,0.011086439234267987,0.6356990762601541,0.3532144845055779,0.011086439234267987
2025-11-25,,,2025-11-25,False,0.6356990762601541,0.3532144845055779,0.011086439234267987,0.0,0.0,0.0,0.6323391796427237,0.3566010416901032,0.011059778667173005,0.6323391796427237,0.3566010416901032,0.011059778667173005
2025-11-26,,,2025-11-26,False,0.6323391796427237,0.3566010416901032,0.011059778667173005,0.0,0.0,0.0,0.6336352268190235,0.3554179780874983,0.010946795093477957,0.6336352268190235,0.3554179780874983,0.010946795093477957
2025-11-27,,,2025-11-27,False,0.6336352268190235,0.3554179780874983,0.010946795093477957,0.0,0.0,0.0,0.6338773429944611,0.355175960785129,0.01094669622040993,0.6338773429944611,0.355175960785129,0.01094669622040993
2025-11-28,,,2025-11-28,False,0.6338773429944611,0.355175960785129,0.01094669622040993,0.0,0.0,0.0,0.6326646461475851,0.3564043457771217,0.010931008075293387,0.6326646461475851,0.3564043457771217,0.010931008075293387
2025-12-01,,,2025-12-01,False,0.6326646461475851,0.3564043457771217,0.010931008075293387,0.0,0.0,0.0,0.6279280508220435,0.36121139662802537,0.010860552549931325,0.6279280508220435,0.36121139662802537,0.010860552549931325
2025-12-02,,,2025-12-02,False,0.6279280508220435,0.36121139662802537,0.010860552549931325,0.0,0.0,0.0,0.6289708936159822,0.360090638067776,0.010938468316241854,0.6289708936159822,0.360090638067776,0.010938468316241854
2025-12-03,2025-12-03,2025-12-03,2025-12-03,True,0.6289708936159822,0.360090638067776,0.010938468316241854,0.6499999903115073,0.3500000009026074,8.785890923659394e-09,0.6499999903115073,0.3500000009026074,8.785890923659394e-09,0.6266742032095969,0.3624078943978009,0.010917902392602189
2025-12-04,,,2025-12-04,False,0.6499999903115073,0.3500000009026074,8.785890923659394e-09,0.0,0.0,0.0,0.6516794968890732,0.3483204943184964,8.79243605681614e-09,0.6516794968890732,0.3483204943184964,8.79243605681614e-09
2025-12-05,,,2025-12-05,False,0.6516794968890732,0.3483204943184964,8.79243605681614e-09,0.0,0.0,0.0,0.6509373406682298,0.3490626506004778,8.731297978868797e-09,0.6509373406682298,0.3490626506004778,8.731297978868797e-09
2025-12-08,,,2025-12-08,False,0.6509373406682298,0.3490626506004778,8.731297978868797e-09,0.0,0.0,0.0,0.649051430585053,0.350948560633195,8.781757647821777e-09,0.649051430585053,0.350948560633195,8.781757647821777e-09
2025-12-09,,,2025-12-09,False,0.649051430585053,0.350948560633195,8.781757647821777e-09,0.0,0.0,0.0,0.6492065124789798,0.3507934786961599,8.824866120741094e-09,0.6492065124789798,0.3507934786961599,8.824866120741094e-09
2025-12-10,,,2025-12-10,False,0.6492065124789798,0.3507934786961599,8.824866120741094e-09,0.0,0.0,0.0,0.6485926577589012,0.3514073333966352,8.84446933142325e-09,0.6485926577589012,0.3514073333966352,8.84446933142325e-09
2025-12-11,,,2025-12-11,False,0.6485926577589012,0.3514073333966352,8.84446933142325e-09,0.0,0.0,0.0,0.6478672111116499,0.35213278010172394,8.786631824773417e-09,0.6478672111116499,0.35213278010172394,8.786631824773417e-09
2025-12-12,,,2025-12-12,False,0.6478672111116499,0.35213278010172394,8.786631824773417e-09,0.0,0.0,0.0,0.6439826145718246,0.3560173767439071,8.684274009526053e-09,0.6439826145718246,0.3560173767439071,8.684274009526053e-09
2025-12-15,,,2025-12-15,False,0.6439826145718246,0.3560173767439071,8.684274009526053e-09,0.0,0.0,0.0,0.6410182849918353,0.35898170635743193,8.650738380703885e-09,0.6410182849918353,0.35898170635743193,8.650738380703885e-09
2025-12-16,,,2025-12-16,False,0.6410182849918353,0.35898170635743193,8.650738380703885e-09,0.0,0.0,0.0,0.642435127517288,0.35756486375671537,8.726002328948806e-09,0.642435127517288,0.35756486375671537,8.726002328948806e-09
2025-12-17,,,2025-12-17,False,0.642435127517288,0.35756486375671537,8.726002328948806e-09,0.0,0.0,0.0,0.6411649526777786,0.3588350385994626,8.722764593222222e-09,0.6411649526777786,0.3588350385994626,8.722764593222222e-09
2025-12-18,,,2025-12-18,False,0.6411649526777786,0.3588350385994626,8.722764593222222e-09,0.0,0.0,0.0,0.6413684021067186,0.3586315891667407,8.726546418020999e-09,0.6413684021067186,0.3586315891667407,8.726546418020999e-09
2025-12-19,,,2025-12-19,False,0.6413684021067186,0.3586315891667407,8.726546418020999e-09,0.0,0.0,0.0,0.6428328558698263,0.35716713543451933,8.695660086686253e-09,0.6428328558698263,0.35716713543451933,8.695660086686253e-09
2025-12-22,,,2025-12-22,False,0.6428328558698263,0.35716713543451933,8.695660086686253e-09,0.0,0.0,0.0,0.641386726433855,0.35861326495834117,8.607809572505245e-09,0.641386726433855,0.35861326495834117,8.607809572505245e-09
2025-12-23,,,2025-12-23,False,0.641386726433855,0.35861326495834117,8.607809572505245e-09,0.0,0.0,0.0,0.6379169902824465,0.36208300115786907,8.559690062377128e-09,0.6379169902824465,0.36208300115786907,8.559690062377128e-09
2025-12-24,,,2025-12-24,False,0.6379169902824465,0.36208300115786907,8.559690062377128e-09,0.0,0.0,0.0,0.637382795936936,0.3626171954990804,8.563989185347693e-09,0.637382795936936,0.3626171954990804,8.563989185347693e-09
2025-12-26,,,2025-12-26,False,0.637382795936936,0.3626171954990804,8.563989185347693e-09,0.0,0.0,0.0,0.6342581445365032,0.3657418469089244,8.55457805498585e-09,0.6342581445365032,0.3657418469089244,8.55457805498585e-09
2025-12-29,,,2025-12-29,False,0.6342581445365032,0.3657418469089244,8.55457805498585e-09,0.0,0.0,0.0,0.6359743709218306,0.36402562046723175,8.610943313060826e-09,0.6359743709218306,0.36402562046723175,8.610943313060826e-09
2025-12-30,,,2025-12-30,False,0.6359743709218306,0.36402562046723175,8.610943313060826e-09,0.0,0.0,0.0,0.6397781578192858,0.36022183351718895,8.663531050882419e-09,0.6397781578192858,0.36022183351718895,8.663531050882419e-09
2025-12-31,,,2025-12-31,False,0.6397781578192858,0.36022183351718895,8.663531050882419e-09,0.0,0.0,0.0,0.6436654386751828,0.35633455267236863,8.652454550242292e-09,0.6436654386751828,0.35633455267236863,8.652454550242292e-09
2026-01-01,,,2026-01-01,False,0.6436654386751828,0.35633455267236863,8.652454550242292e-09,0.0,0.0,0.0,0.6429614347724595,0.35703855659007233,8.63747408561986e-09,0.6429614347724595,0.35703855659007233,8.63747408561986e-09
2026-01-02,2026-01-02,2026-01-02,2026-01-02,True,0.6429614347724595,0.35703855659007233,8.63747408561986e-09,0.6499999910061617,0.350000001288241,7.705609429607662e-09,0.6499999910061617,0.350000001288241,7.705609429607662e-09,0.6418685953832193,0.35813139605359984,8.563186668445153e-09
2026-01-05,,,2026-01-05,False,0.6499999910061617,0.350000001288241,7.705609429607662e-09,0.0,0.0,0.0,0.6470902761444691,0.35290971616163763,7.69390534141126e-09,0.6470902761444691,0.35290971616163763,7.69390534141126e-09
2026-01-06,,,2026-01-06,False,0.6470902761444691,0.35290971616163763,7.69390534141126e-09,0.0,0.0,0.0,0.6460213058798918,0.3539786864179161,7.70220417829376e-09,0.6460213058798918,0.3539786864179161,7.70220417829376e-09
2026-01-07,,,2026-01-07,False,0.6460213058798918,0.3539786864179161,7.70220417829376e-09,0.0,0.0,0.0,0.6461548965246386,0.35384509576031553,7.715057947723261e-09,0.6461548965246386,0.35384509576031553,7.715057947723261e-09
2026-01-08,,,2026-01-08,False,0.6461548965246386,0.35384509576031553,7.715057947723261e-09,0.0,0.0,0.0,0.6450932001206601,0.3549067920984195,7.780932693477992e-09,0.6450932001206601,0.3549067920984195,7.780932693477992e-09
2026-01-09,,,2026-01-09,False,0.6450932001206601,0.3549067920984195,7.780932693477992e-09,0.0,0.0,0.0,0.6406865343337139,0.3593134578802813,7.786017127647931e-09,0.6406865343337139,0.3593134578802813,7.786017127647931e-09
2026-01-12,,,2026-01-12,False,0.6406865343337139,0.3593134578802813,7.786017127647931e-09,0.0,0.0,0.0,0.6353299783634452,0.3646700139477408,7.68882622157469e-09,0.6353299783634452,0.3646700139477408,7.68882622157469e-09
2026-01-13,,,2026-01-13,False,0.6353299783634452,0.3646700139477408,7.68882622157469e-09,0.0,0.0,0.0,0.6355839376693864,0.3644160546213268,7.70929901165662e-09,0.6355839376693864,0.3644160546213268,7.70929901165662e-09
2026-01-14,,,2026-01-14,False,0.6355839376693864,0.3644160546213268,7.70929901165662e-09,0.0,0.0,0.0,0.6317328202702194,0.36826717204729176,7.682500934785969e-09,0.6317328202702194,0.36826717204729176,7.682500934785969e-09
2026-01-15,,,2026-01-15,False,0.6317328202702194,0.36826717204729176,7.682500934785969e-09,0.0,0.0,0.0,0.6317328202702194,0.36826717204729176,7.682500934785969e-09,0.6317328202702194,0.36826717204729176,7.682500934785969e-09
2026-01-16,,,2026-01-16,False,0.6317328202702194,0.36826717204729176,7.682500934785969e-09,0.0,0.0,0.0,0.632446864195744,0.36755312812168944,7.682578577304693e-09,0.632446864195744,0.36755312812168944,7.682578577304693e-09
2026-01-19,,,2026-01-19,False,0.632446864195744,0.36755312812168944,7.682578577304693e-09,0.0,0.0,0.0,0.624966998263377,0.3750329941126194,7.624015536055255e-09,0.624966998263377,0.3750329941126194,7.624015536055255e-09
2026-01-20,,,2026-01-20,False,0.624966998263377,0.3750329941126194,7.624015536055255e-09,0.0,0.0,0.0,0.6125961773535702,0.3874038150687908,7.577650957409638e-09,0.6125961773535702,0.3874038150687908,7.577650957409638e-09
2026-01-21,,,2026-01-21,False,0.6125961773535702,0.3874038150687908,7.577650957409638e-09,0.0,0.0,0.0,0.5951698417613616,0.4048301508546842,7.383965935069179e-09,0.5951698417613616,0.4048301508546842,7.383965935069179e-09
2026-01-22,,,2026-01-22,False,0.5951698417613616,0.4048301508546842,7.383965935069179e-09,0.0,0.0,0.0,0.6160134034907022,0.3839865889067597,7.602550124763141e-09,0.6160134034907022,0.3839865889067597,7.602550124763141e-09
2026-01-23,,,2026-01-23,False,0.6160134034907022,0.3839865889067597,7.602550124763141e-09,0.0,0.0,0.0,0.60792703769504,0.3920729547298833,7.575088729953866e-09,0.60792703769504,0.3920729547298833,7.575088729953866e-09
2026-01-27,,,2026-01-27,False,0.60792703769504,0.3920729547298833,7.575088729953866e-09,0.0,0.0,0.0,0.6016911317911984,0.39830886074917415,7.459639167601744e-09,0.6016911317911984,0.39830886074917415,7.459639167601744e-09
2026-01-28,,,2026-01-28,False,0.6016911317911984,0.39830886074917415,7.459639167601744e-09,0.0,0.0,0.0,0.5954248869771339,0.4045751056897458,7.333131832330142e-09,0.5954248869771339,0.4045751056897458,7.333131832330142e-09
2026-01-29,,,2026-01-29,False,0.5954248869771339,0.4045751056897458,7.333131832330142e-09,0.0,0.0,0.0,0.577748734348592,0.4222512585572997,7.094119382282083e-09,0.577748734348592,0.4222512585572997,7.094119382282083e-09
2026-01-30,,,2026-01-30,False,0.577748734348592,0.4222512585572997,7.094119382282083e-09,0.0,0.0,0.0,0.6036706140917997,0.396329378466964,7.441247933903178e-09,0.6036706140917997,0.396329378466964,7.441247933903178e-09
2026-02-02,,,2026-02-02,False,0.6036706140917997,0.396329378466964,7.441247933903178e-09,0.0,0.0,0.0,0.6251193209392868,0.37488067128383096,7.776894352788827e-09,0.6251193209392868,0.37488067128383096,7.776894352788827e-09
2026-02-03,2026-02-03,2026-02-03,2026-02-03,True,0.6251193209392868,0.37488067128383096,7.776894352788827e-09,0.008152458164914021,0.2500007585385562,0.7418467832965299,0.008152458164914021,0.2500007585385562,0.7418467832965299,0.6184384909539505,0.3815615015434175,7.502643605196335e-09
2026-02-04,,,2026-02-04,False,0.008152458164914021,0.2500007585385562,0.7418467832965299,0.0,0.0,0.0,0.008096550096617326,0.25652894767820605,0.7353745022251768,0.008096550096617326,0.25652894767820605,0.7353745022251768
2026-02-05,,,2026-02-05,False,0.008096550096617326,0.25652894767820605,0.7353745022251768,0.0,0.0,0.0,0.008125436179838146,0.25003557375124635,0.7418389900689156,0.008125436179838146,0.25003557375124635,0.7418389900689156
2026-02-06,,,2026-02-06,False,0.008125436179838146,0.25003557375124635,0.7418389900689156,0.0,0.0,0.0,0.008144360257587765,0.24976189552276268,0.7420937442196497,0.008144360257587765,0.24976189552276268,0.7420937442196497
2026-02-09,,,2026-02-09,False,0.008144360257587765,0.24976189552276268,0.7420937442196497,0.0,0.0,0.0,0.008151132562419618,0.25412993985726284,0.7377189275803178,0.008151132562419618,0.25412993985726284,0.7377189275803178
2026-02-10,,,2026-02-10,False,0.008151132562419618,0.25412993985726284,0.7377189275803178,0.0,0.0,0.0,0.008166440292757938,0.25465541552587395,0.7371781441813684,0.008166440292757938,0.25465541552587395,0.7371781441813684
2026-02-11,,,2026-02-11,False,0.008166440292757938,0.25465541552587395,0.7371781441813684,0.0,0.0,0.0,0.008166506947589195,0.25518783185319166,0.7366456611992196,0.008166506947589195,0.25518783185319166,0.7366456611992196
2026-02-12,,,2026-02-12,False,0.008166506947589195,0.25518783185319166,0.7366456611992196,0.0,0.0,0.0,0.008123576869375955,0.25493180716032593,0.7369446159702985,0.008123576869375955,0.25493180716032593,0.7369446159702985
2026-02-13,,,2026-02-13,False,0.008123576869375955,0.25493180716032593,0.7369446159702985,0.0,0.0,0.0,0.008057309670017502,0.2513647159831613,0.7405779743468215,0.008057309670017502,0.2513647159831613,0.7405779743468215
2026-02-16,,,2026-02-16,False,0.008057309670017502,0.2513647159831613,0.7405779743468215,0.0,0.0,0.0,0.008110521257257874,0.2525714009012943,0.7393180778414481,0.008110521257257874,0.2525714009012943,0.7393180778414481
2026-02-17,,,2026-02-17,False,0.008110521257257874,0.2525714009012943,0.7393180778414481,0.0,0.0,0.0,0.008161886841771356,0.24907126857169767,0.7427668445865312,0.008161886841771356,0.24907126857169767,0.7427668445865312
2026-02-18,,,2026-02-18,False,0.008161886841771356,0.24907126857169767,0.7427668445865312,0.0,0.0,0.0,0.008190406582701662,0.2491520555945702,0.7426575378227285,0.008190406582701662,0.2491520555945702,0.7426575378227285
2026-02-19,,,2026-02-19,False,0.008190406582701662,0.2491520555945702,0.7426575378227285,0.0,0.0,0.0,0.008036194766234052,0.2528405285828572,0.739123276650909,0.008036194766234052,0.2528405285828572,0.739123276650909
2026-02-20,,,2026-02-20,False,0.008036194766234052,0.2528405285828572,0.739123276650909,0.0,0.0,0.0,0.008065582879654018,0.25349948954684026,0.738434927573506,0.008065582879654018,0.25349948954684026,0.738434927573506
2026-02-23,,,2026-02-23,False,0.008065582879654018,0.25349948954684026,0.738434927573506,0.0,0.0,0.0,0.008070471596267743,0.2571203136381083,0.7348092147656242,0.008070471596267743,0.2571203136381083,0.7348092147656242
2026-02-24,,,2026-02-24,False,0.008070471596267743,0.2571203136381083,0.7348092147656242,0.0,0.0,0.0,0.007961477737620414,0.25893192859719344,0.7331065936651864,0.007961477737620414,0.25893192859719344,0.7331065936651864
2026-02-25,,,2026-02-25,False,0.007961477737620414,0.25893192859719344,0.7331065936651864,0.0,0.0,0.0,0.007972113221451646,0.25961579069347906,0.7324120960850694,0.007972113221451646,0.25961579069347906,0.7324120960850694
2026-02-26,,,2026-02-26,False,0.007972113221451646,0.25961579069347906,0.7324120960850694,0.0,0.0,0.0,0.007995546604574045,0.25784429924284763,0.7341601541525785,0.007995546604574045,0.25784429924284763,0.7341601541525785
2026-02-27,,,2026-02-27,False,0.007995546604574045,0.25784429924284763,0.7341601541525785,0.0,0.0,0.0,0.007879201820818419,0.25950908112064236,0.7326117170585393,0.007879201820818419,0.25950908112064236,0.7326117170585393
2026-03-02,,,2026-03-02,False,0.007879201820818419,0.25950908112064236,0.7326117170585393,0.0,0.0,0.0,0.007680246561753243,0.26921940689102386,0.723100346547223,0.007680246561753243,0.26921940689102386,0.723100346547223
2026-03-04,,,2026-03-04,False,0.007680246561753243,0.26921940689102386,0.723100346547223,0.0,0.0,0.0,0.007626900443169641,0.2629964144502434,0.729376685106587,0.007626900443169641,0.2629964144502434,0.729376685106587
2026-03-05,2026-03-05,2026-03-05,2026-03-05,True,0.007626900443169641,0.2629964144502434,0.729376685106587,0.009053894419053712,0.2500005941732538,0.7409455114076925,0.009053894419053712,0.2500005941732538,0.7409455114076925,0.007741212513863938,0.26047413236361266,0.7317846551225234
2026-03-06,,,2026-03-06,False,0.009053894419053712,0.2500005941732538,0.7409455114076925,0.0,0.0,0.0,0.008963668900468047,0.24801046752918893,0.7430258635703431,0.008963668900468047,0.24801046752918893,0.7430258635703431
2026-03-09,,,2026-03-09,False,0.008963668900468047,0.24801046752918893,0.7430258635703431,0.0,0.0,0.0,0.008801400238102757,0.24880563107652748,0.7423929686853699,0.008801400238102757,0.24880563107652748,0.7423929686853699
2026-03-10,,,2026-03-10,False,0.008801400238102757,0.24880563107652748,0.7423929686853699,0.0,0.0,0.0,0.008871905096553893,0.24999180929457995,0.7411362856088661,0.008871905096553893,0.24999180929457995,0.7411362856088661
2026-03-11,,,2026-03-11,False,0.008871905096553893,0.24999180929457995,0.7411362856088661,0.0,0.0,0.0,0.008720338062651002,0.2507487487907827,0.7405309131465663,0.008720338062651002,0.2507487487907827,0.7405309131465663
2026-03-12,,,2026-03-12,False,0.008720338062651002,0.2507487487907827,0.7405309131465663,0.0,0.0,0.0,0.00864249816103254,0.25037482895289564,0.7409826728860718,0.00864249816103254,0.25037482895289564,0.7409826728860718
2026-03-13,,,2026-03-13,False,0.00864249816103254,0.25037482895289564,0.7409826728860718,0.0,0.0,0.0,0.00849942555853945,0.24741494248081217,0.7440856319606483,0.00849942555853945,0.24741494248081217,0.7440856319606483
2026-03-16,,,2026-03-16,False,0.00849942555853945,0.24741494248081217,0.7440856319606483,0.0,0.0,0.0,0.008644156014015449,0.24293814152251128,0.7484177024634732,0.008644156014015449,0.24293814152251128,0.7484177024634732
2026-03-17,,,2026-03-17,False,0.008644156014015449,0.24293814152251128,0.7484177024634732,0.0,0.0,0.0,0.008690585799551866,0.24436371479051053,0.7469456994099375,0.008690585799551866,0.24436371479051053,0.7469456994099375
2026-03-18,,,2026-03-18,False,0.008690585799551866,0.24436371479051053,0.7469456994099375,0.0,0.0,0.0,0.008767603706438639,0.2438993356015785,0.7473330606919827,0.008767603706438639,0.2438993356015785,0.7473330606919827
2026-03-19,,,2026-03-19,False,0.008767603706438639,0.2438993356015785,0.7473330606919827,0.0,0.0,0.0,0.008592021036760013,0.23434525911836968,0.7570627198448701,0.008592021036760013,0.23434525911836968,0.7570627198448701
2026-03-20,,,2026-03-20,False,0.008592021036760013,0.23434525911836968,0.7570627198448701,0.0,0.0,0.0,0.008638028334417989,0.23395248364034857,0.7574094880252332,0.008638028334417989,0.23395248364034857,0.7574094880252332
2026-03-23,,,2026-03-23,False,0.008638028334417989,0.23395248364034857,0.7574094880252332,0.0,0.0,0.0,0.008586559607754457,0.21838133791541992,0.7730321024768253,0.008586559607754457,0.21838133791541992,0.7730321024768253
2026-03-24,,,2026-03-24,False,0.008586559607754457,0.21838133791541992,0.7730321024768253,0.0,0.0,0.0,0.008656334874373643,0.22563408737789656,0.7657095777477294,0.008656334874373643,0.22563408737789656,0.7657095777477294
2026-03-25,,,2026-03-25,False,0.008656334874373643,0.22563408737789656,0.7657095777477294,0.0,0.0,0.0,0.00873902656262332,0.23130651574617295,0.7599544576912033,0.00873902656262332,0.23130651574617295,0.7599544576912033
2026-03-27,,,2026-03-27,False,0.00873902656262332,0.23130651574617295,0.7599544576912033,0.0,0.0,0.0,0.008587284627185832,0.22871436785378252,0.7626983475190312,0.008587284627185832,0.22871436785378252,0.7626983475190312
2026-03-30,,,2026-03-30,False,0.008587284627185832,0.22871436785378252,0.7626983475190312,0.0,0.0,0.0,0.00834566160102374,0.23421164549243456,0.7574426929065412,0.00834566160102374,0.23421164549243456,0.7574426929065412
2026-04-01,,,2026-04-01,False,0.00834566160102374,0.23421164549243456,0.7574426929065412,0.0,0.0,0.0,0.008439063837210341,0.23739368209254888,0.7541672540702403,0.008439063837210341,0.23739368209254888,0.7541672540702403
2026-04-02,,,2026-04-02,False,0.008439063837210341,0.23739368209254888,0.7541672540702403,0.0,0.0,0.0,0.008497114766913857,0.23327448703686782,0.7582283981962179,0.008497114766913857,0.23327448703686782,0.7582283981962179
2026-04-06,,,2026-04-06,False,0.008497114766913857,0.23327448703686782,0.7582283981962179,0.0,0.0,0.0,0.008554909256817107,0.23654735799182472,0.7548977327513579,0.008554909256817107,0.23654735799182472,0.7548977327513579
2026-04-07,,,2026-04-07,False,0.008554909256817107,0.23654735799182472,0.7548977327513579,0.0,0.0,0.0,0.00862934585874672,0.23501431947271192,0.756356334668541,0.00862934585874672,0.23501431947271192,0.756356334668541
2026-04-08,2026-04-08,2026-04-08,2026-04-08,True,0.00862934585874672,0.23501431947271192,0.756356334668541,6.408077000609573e-06,0.2500002084935746,0.7499933834294247,6.408077000609573e-06,0.2500002084935746,0.7499933834294247,0.008907691666348938,0.23877246406365119,0.7523198442699996
2026-04-09,,,2026-04-09,False,6.408077000609573e-06,0.2500002084935746,0.7499933834294247,0.0,0.0,0.0,6.363821647181547e-06,0.24821731353825915,0.7517763226400935,6.363821647181547e-06,0.24821731353825915,0.7517763226400935
2026-04-10,,,2026-04-10,False,6.363821647181547e-06,0.24821731353825915,0.7517763226400935,0.0,0.0,0.0,6.433885915485779e-06,0.2486392532333271,0.7513543128807573,6.433885915485779e-06,0.2486392532333271,0.7513543128807573
2026-04-13,,,2026-04-13,False,6.433885915485779e-06,0.2486392532333271,0.7513543128807573,0.0,0.0,0.0,6.374791254674833e-06,0.24904751221176066,0.7509461129969844,6.374791254674833e-06,0.24904751221176066,0.7509461129969844
2026-04-15,,,2026-04-15,False,6.374791254674833e-06,0.24904751221176066,0.7509461129969844,0.0,0.0,0.0,6.461799441581684e-06,0.25100687912632125,0.748986659074237,6.461799441581684e-06,0.25100687912632125,0.748986659074237
2026-04-16,,,2026-04-16,False,6.461799441581684e-06,0.25100687912632125,0.748986659074237,0.0,0.0,0.0,6.445470592132874e-06,0.2518327881268366,0.7481607664025711,6.445470592132874e-06,0.2518327881268366,0.7481607664025711
2026-04-17,,,2026-04-17,False,6.445470592132874e-06,0.2518327881268366,0.7481607664025711,0.0,0.0,0.0,6.49779059160988e-06,0.25061581770363833,0.7493776845057699,6.49779059160988e-06,0.25061581770363833,0.7493776845057699
2026-04-20,,,2026-04-20,False,6.49779059160988e-06,0.25061581770363833,0.7493776845057699,0.0,0.0,0.0,6.498244129101531e-06,0.2509185465338767,0.7490749552219941,6.498244129101531e-06,0.2509185465338767,0.7490749552219941
2026-04-21,,,2026-04-21,False,6.498244129101531e-06,0.2509185465338767,0.7490749552219941,0.0,0.0,0.0,6.551825278701775e-06,0.25124919499544285,0.7487442531792783,6.551825278701775e-06,0.25124919499544285,0.7487442531792783
2026-04-22,,,2026-04-22,False,6.551825278701775e-06,0.25124919499544285,0.7487442531792783,0.0,0.0,0.0,6.501908500408548e-06,0.2509035054586865,0.7490899926328128,6.501908500408548e-06,0.2509035054586865,0.7490899926328128
2026-04-23,,,2026-04-23,False,6.501908500408548e-06,0.2509035054586865,0.7490899926328128,0.0,0.0,0.0,6.45897033720383e-06,0.24953075407855385,0.7504627869511087,6.45897033720383e-06,0.24953075407855385,0.7504627869511087
2026-04-24,,,2026-04-24,False,6.45897033720383e-06,0.24953075407855385,0.7504627869511087,0.0,0.0,0.0,6.387310751686725e-06,0.249321295162671,0.7506723175265771,6.387310751686725e-06,0.249321295162671,0.7506723175265771
2026-04-27,,,2026-04-27,False,6.387310751686725e-06,0.249321295162671,0.7506723175265771,0.0,0.0,0.0,6.435349027894452e-06,0.249789113713499,0.7502044509374729,6.435349027894452e-06,0.249789113713499,0.7502044509374729
2026-04-28,,,2026-04-28,False,6.435349027894452e-06,0.249789113713499,0.7502044509374729,0.0,0.0,0.0,6.429685391249305e-06,0.24741187704371512,0.7525816932708934,6.429685391249305e-06,0.24741187704371512,0.7525816932708934
2026-04-29,,,2026-04-29,False,6.429685391249305e-06,0.24741187704371512,0.7525816932708934,0.0,0.0,0.0,6.492891888010198e-06,0.2457404707724491,0.7542530363356627,6.492891888010198e-06,0.2457404707724491,0.7542530363356627
2026-04-30,,,2026-04-30,False,6.492891888010198e-06,0.2457404707724491,0.7542530363356627,0.0,0.0,0.0,6.420518566658993e-06,0.24855035000852005,0.7514432294729132,6.420518566658993e-06,0.24855035000852005,0.7514432294729132
2026-05-01,,,2026-05-01,False,6.420518566658993e-06,0.24855035000852005,0.7514432294729132,0.0,0.0,0.0,6.420518566658993e-06,0.24855035000852005,0.7514432294729132,6.420518566658993e-06,0.24855035000852005,0.7514432294729132
2026-05-04,,,2026-05-04,False,6.420518566658993e-06,0.24855035000852005,0.7514432294729132,0.0,0.0,0.0,6.4667656726469405e-06,0.24695812099320313,0.7530354122411241,6.4667656726469405e-06,0.24695812099320313,0.7530354122411241
2026-05-05,,,2026-05-05,False,6.4667656726469405e-06,0.24695812099320313,0.7530354122411241,0.0,0.0,0.0,6.4463870137980355e-06,0.24662181407826886,0.7533717395347171,6.4463870137980355e-06,0.24662181407826886,0.7533717395347171
2026-05-06,,,2026-05-06,False,6.4463870137980355e-06,0.24662181407826886,0.7533717395347171,0.0,0.0,0.0,6.501993535304333e-06,0.24944204506818277,0.7505514529382817,6.501993535304333e-06,0.24944204506818277,0.7505514529382817
2026-05-07,,,2026-05-07,False,6.501993535304333e-06,0.24944204506818277,0.7505514529382817,0.0,0.0,0.0,6.494917438235261e-06,0.2501188809921042,0.7498746240904574,6.494917438235261e-06,0.2501188809921042,0.7498746240904574
2026-05-08,2026-05-08,2026-05-08,2026-05-08,True,6.494917438235261e-06,0.2501188809921042,0.7498746240904574,0.45000000030592047,0.35000000007618975,0.19999999961789033,0.45000000030592047,0.35000000007618975,0.19999999961789033,6.4568120545928134e-06,0.24987770965196082,0.7501158335359844
2026-05-11,,,2026-05-11,False,0.45000000030592047,0.35000000007618975,0.19999999961789033,0.0,0.0,0.0,0.447656978955094,0.3503743956479905,0.20196862539691612,0.447656978955094,0.3503743956479905,0.20196862539691612
2026-05-12,,,2026-05-12,False,0.447656978955094,0.3503743956479905,0.20196862539691612,0.0,0.0,0.0,0.44134378214309233,0.35582001144059106,0.20283620641631717,0.44134378214309233,0.35582001144059106,0.20283620641631717
2026-05-13,,,2026-05-13,False,0.44134378214309233,0.35582001144059106,0.20283620641631717,0.0,0.0,0.0,0.4328842795674925,0.3684482300486657,0.19866749038384238,0.4328842795674925,0.3684482300486657,0.19866749038384238
2026-05-14,,,2026-05-14,False,0.4328842795674925,0.3684482300486657,0.19866749038384238,0.0,0.0,0.0,0.43572550610956606,0.3666412988053018,0.1976331950851327,0.43572550610956606,0.3666412988053018,0.1976331950851327
2026-05-15,,,2026-05-15,False,0.43572550610956606,0.3666412988053018,0.1976331950851327,0.0,0.0,0.0,0.4381381135855976,0.3627469236744128,0.19911496273999013,0.4381381135855976,0.3627469236744128,0.19911496273999013
2026-05-18,,,2026-05-18,False,0.4381381135855976,0.3627469236744128,0.19911496273999013,0.0,0.0,0.0,0.43784937966795456,0.36322113659943495,0.19892948373261118,0.43784937966795456,0.36322113659943495,0.19892948373261118
2026-05-19,,,2026-05-19,False,0.43784937966795456,0.36322113659943495,0.19892948373261118,0.0,0.0,0.0,0.4363681430096881,0.36510914411200585,0.19852271287830667,0.4363681430096881,0.36510914411200585,0.19852271287830667
2026-05-20,,,2026-05-20,False,0.4363681430096881,0.36510914411200585,0.19852271287830667,0.0,0.0,0.0,0.43733216522801804,0.364051337662807,0.19861649710917562,0.43733216522801804,0.364051337662807,0.19861649710917562
2026-05-21,,,2026-05-21,False,0.43733216522801804,0.364051337662807,0.19861649710917562,0.0,0.0,0.0,0.436627239813658,0.36503836978012744,0.19833439040621523,0.436627239813658,0.36503836978012744,0.19833439040621523
2026-05-22,,,2026-05-22,False,0.436627239813658,0.36503836978012744,0.19833439040621523,0.0,0.0,0.0,0.43759111610864465,0.3641780337812556,0.19823085011010028,0.43759111610864465,0.3641780337812556,0.19823085011010028
2026-05-25,,,2026-05-25,False,0.43759111610864465,0.3641780337812556,0.19823085011010028,0.0,0.0,0.0,0.44080255045835776,0.36210957721501014,0.1970878723266327,0.44080255045835776,0.36210957721501014,0.1970878723266327
2026-05-26,,,2026-05-26,False,0.44080255045835776,0.36210957721501014,0.1970878723266327,0.0,0.0,0.0,0.4407284082014061,0.36124253827892105,0.19802905351967345,0.4407284082014061,0.36124253827892105,0.19802905351967345
2026-05-27,,,2026-05-27,False,0.4407284082014061,0.36124253827892105,0.19802905351967345,0.0,0.0,0.0,0.4413262413438431,0.3603237516926761,0.19835000696348135,0.4413262413438431,0.3603237516926761,0.19835000696348135
2026-05-28,,,2026-05-28,False,0.4413262413438431,0.3603237516926761,0.19835000696348135,0.0,0.0,0.0,0.4413262413438431,0.3603237516926761,0.19835000696348135,0.4413262413438431,0.3603237516926761,0.19835000696348135
2026-05-29,,,2026-05-29,False,0.4413262413438431,0.3603237516926761,0.19835000696348135,0.0,0.0,0.0,0.4380752006069961,0.3620309026334058,0.19989389675959857,0.4380752006069961,0.3620309026334058,0.19989389675959857
2026-06-01,,,2026-06-01,False,0.4380752006069961,0.3620309026334058,0.19989389675959857,0.0,0.0,0.0,0.4377768644930645,0.3610544883179396,0.2011686471889963,0.4377768644930645,0.3610544883179396,0.2011686471889963
2026-06-02,,,2026-06-02,False,0.4377768644930645,0.3610544883179396,0.2011686471889963,0.0,0.0,0.0,0.43737774006309726,0.3624990125837163,0.2001232473531869,0.43737774006309726,0.3624990125837163,0.2001232473531869
2026-06-03,,,2026-06-03,False,0.43737774006309726,0.3624990125837163,0.2001232473531869,0.0,0.0,0.0,0.4378320656578016,0.3611696164767622,0.20099831786543676,0.4378320656578016,0.3611696164767622,0.20099831786543676
2026-06-04,,,2026-06-04,False,0.4378320656578016,0.3611696164767622,0.20099831786543676,0.0,0.0,0.0,0.4368851619952379,0.3626470249992972,0.20046781300546548,0.4368851619952379,0.3626470249992972,0.20046781300546548
2026-06-05,,,2026-06-05,False,0.4368851619952379,0.3626470249992972,0.20046781300546548,0.0,0.0,0.0,0.43724934932334963,0.3616856716253436,0.20106497905130735,0.43724934932334963,0.3616856716253436,0.20106497905130735
2026-06-08,2026-06-08,2026-06-08,2026-06-08,True,0.43724934932334963,0.3616856716253436,0.20106497905130735,1.127379299383038e-06,0.25000011543695766,0.7499987571837431,1.127379299383038e-06,0.25000011543695766,0.7499987571837431,0.4391930295697453,0.35672175614665363,0.20408521428360166
2026-06-09,,,2026-06-09,False,1.127379299383038e-06,0.25000011543695766,0.7499987571837431,0.0,0.0,0.0,1.130378063437463e-06,0.25185111532457394,0.7481477542973627,1.130378063437463e-06,0.25185111532457394,0.7481477542973627
2026-06-10,,,2026-06-10,False,1.130378063437463e-06,0.25185111532457394,0.7481477542973627,0.0,0.0,0.0,1.1387640951906515e-06,0.24542684640413517,0.7545720148317697,1.1387640951906515e-06,0.24542684640413517,0.7545720148317697
2026-06-11,,,2026-06-11,False,1.1387640951906515e-06,0.24542684640413517,0.7545720148317697,0.0,0.0,0.0,1.1404588887989959e-06,0.24255561136876833,0.757443248172343,1.1404588887989959e-06,0.24255561136876833,0.757443248172343
2026-06-12,,,2026-06-12,False,1.1404588887989959e-06,0.24255561136876833,0.757443248172343,0.0,0.0,0.0,1.1569706019394132e-06,0.24660204182356882,0.7533968012058294,1.1569706019394132e-06,0.24660204182356882,0.7533968012058294
2026-06-15,,,2026-06-15,False,1.1569706019394132e-06,0.24660204182356882,0.7533968012058294,0.0,0.0,0.0,1.1631319648736675e-06,0.2499245868869061,0.7500742499811293,1.1631319648736675e-06,0.2499245868869061,0.7500742499811293
2026-06-16,,,2026-06-16,False,1.1631319648736675e-06,0.2499245868869061,0.7500742499811293,0.0,0.0,0.0,1.1696473968590326e-06,0.24996801755697445,0.7500308127956289,1.1696473968590326e-06,0.24996801755697445,0.7500308127956289
2026-06-17,,,2026-06-17,False,1.1696473968590326e-06,0.24996801755697445,0.7500308127956289,0.0,0.0,0.0,1.175286634729697e-06,0.24938042568055183,0.7506183990328137,1.175286634729697e-06,0.24938042568055183,0.7506183990328137
2026-06-18,,,2026-06-18,False,1.175286634729697e-06,0.24938042568055183,0.7506183990328137,0.0,0.0,0.0,1.1831890774092476e-06,0.24690669172949475,0.7530921250814281,1.1831890774092476e-06,0.24690669172949475,0.7530921250814281
2026-06-19,,,2026-06-19,False,1.1831890774092476e-06,0.24690669172949475,0.7530921250814281,0.0,0.0,0.0,1.1811610591849559e-06,0.2433403239921811,0.75665849484676,1.1811610591849559e-06,0.2433403239921811,0.75665849484676
2026-06-22,,,2026-06-22,False,1.1811610591849559e-06,0.2433403239921811,0.75665849484676,0.0,0.0,0.0,1.1823836829517739e-06,0.24537912264497938,0.7546196949713379,1.1823836829517739e-06,0.24537912264497938,0.7546196949713379
2026-06-23,,,2026-06-23,False,1.1823836829517739e-06,0.24537912264497938,0.7546196949713379,0.0,0.0,0.0,1.1739869951664475e-06,0.2419698557185386,0.7580289702944665,1.1739869951664475e-06,0.2419698557185386,0.7580289702944665
2026-06-24,,,2026-06-24,False,1.1739869951664475e-06,0.2419698557185386,0.7580289702944665,0.0,0.0,0.0,1.1869676198308137e-06,0.23989887621961167,0.7600999368127687,1.1869676198308137e-06,0.23989887621961167,0.7600999368127687
2026-06-25,,,2026-06-25,False,1.1869676198308137e-06,0.23989887621961167,0.7600999368127687,0.0,0.0,0.0,1.1950052401661541e-06,0.23584450489417064,0.7641543001005894,1.1950052401661541e-06,0.23584450489417064,0.7641543001005894
2026-06-26,,,2026-06-26,False,1.1950052401661541e-06,0.23584450489417064,0.7641543001005894,0.0,0.0,0.0,1.1950052401661541e-06,0.23584450489417064,0.7641543001005894,1.1950052401661541e-06,0.23584450489417064,0.7641543001005894
2026-06-29,,,2026-06-29,False,1.1950052401661541e-06,0.23584450489417064,0.7641543001005894,0.0,0.0,0.0,1.1859676436821347e-06,0.2381402703602154,0.7618585436721411,1.1859676436821347e-06,0.2381402703602154,0.7618585436721411
2026-06-30,,,2026-06-30,False,1.1859676436821347e-06,0.2381402703602154,0.7618585436721411,0.0,0.0,0.0,1.1830939118476026e-06,0.23742279307140055,0.7625760238346878,1.1830939118476026e-06,0.23742279307140055,0.7625760238346878
2026-07-01,,,2026-07-01,False,1.1830939118476026e-06,0.23742279307140055,0.7625760238346878,0.0,0.0,0.0,1.1912828819054081e-06,0.23662574016339355,0.7633730685537248,1.1912828819054081e-06,0.23662574016339355,0.7633730685537248
2026-07-02,,,2026-07-02,False,1.1912828819054081e-06,0.23662574016339355,0.7633730685537248,0.0,0.0,0.0,1.1942536190398488e-06,0.24009864528099598,0.7599001604653852,1.1942536190398488e-06,0.24009864528099598,0.7599001604653852
2026-07-03,,,2026-07-03,False,1.1942536190398488e-06,0.24009864528099598,0.7599001604653852,0.0,0.0,0.0,1.1925795602429248e-06,0.2441387495891263,0.7558600578313136,1.1925795602429248e-06,0.2441387495891263,0.7558600578313136
2026-07-06,,,2026-07-06,False,1.1925795602429248e-06,0.2441387495891263,0.7558600578313136,0.0,0.0,0.0,1.202377813077395e-06,0.24291153674666197,0.757087260875525,1.202377813077395e-06,0.24291153674666197,0.757087260875525
2026-07-07,2026-07-07,2026-07-07,2026-07-07,True,1.202377813077395e-06,0.24291153674666197,0.757087260875525,5.999567034638729e-07,0.7999998483383216,0.19999955170497496,5.999567034638729e-07,0.7999998483383216,0.19999955170497496,1.2030851463367169e-06,0.24147588139487383,0.7585229155199799
2026-07-08,,,2026-07-08,False,5.999567034638729e-07,0.7999998483383216,0.19999955170497496,0.0,0.0,0.0,5.937416895008803e-07,0.7977898334574319,0.20220957280087856,5.937416895008803e-07,0.7977898334574319,0.20220957280087856
2026-07-09,,,2026-07-09,False,5.937416895008803e-07,0.7977898334574319,0.20220957280087856,0.0,0.0,0.0,5.898760289613287e-07,0.799785333409982,0.20021407671398897,5.898760289613287e-07,0.799785333409982,0.20021407671398897
2026-07-10,,,2026-07-10,False,5.898760289613287e-07,0.799785333409982,0.20021407671398897,0.0,0.0,0.0,5.970126482649703e-07,0.7994043888564293,0.2005950141309224,5.970126482649703e-07,0.7994043888564293,0.2005950141309224
2026-07-13,,,2026-07-13,False,5.970126482649703e-07,0.7994043888564293,0.2005950141309224,0.0,0.0,0.0,6.019621165025236e-07,0.7977776450595518,0.20222175297833153,6.019621165025236e-07,0.7977776450595518,0.20222175297833153
2026-07-14,,,2026-07-14,False,6.019621165025236e-07,0.7977776450595518,0.20222175297833153,0.0,0.0,0.0,6.019922044731574e-07,0.7964290399680504,0.20357035803974496,6.019922044731574e-07,0.7964290399680504,0.20357035803974496
2026-07-15,,,2026-07-15,False,6.019922044731574e-07,0.7964290399680504,0.20357035803974496,0.0,0.0,0.0,6.009622315681153e-07,0.7970005686694277,0.20299883036834054,6.009622315681153e-07,0.7970005686694277,0.20299883036834054
2026-07-16,,,2026-07-16,False,6.009622315681153e-07,0.7970005686694277,0.20299883036834054,0.0,0.0,0.0,6.004897564282425e-07,0.7971117163252809,0.20288768318496242,6.004897564282425e-07,0.7971117163252809,0.20288768318496242
2026-07-17,,,2026-07-17,False,6.004897564282425e-07,0.7971117163252809,0.20288768318496242,0.0,0.0,0.0,6.09852255382571e-07,0.7961630806669641,0.20383630948078024,6.09852255382571e-07,0.7961630806669641,0.20383630948078024
2026-07-20,,,2026-07-20,False,6.09852255382571e-07,0.7961630806669641,0.20383630948078024,0.0,0.0,0.0,6.030971797280196e-07,0.7976241727561689,0.20237522414665096,6.030971797280196e-07,0.7976241727561689,0.20237522414665096
2026-07-21,,,2026-07-21,False,6.030971797280196e-07,0.7976241727561689,0.20237522414665096,0.0,0.0,0.0,5.981986582150763e-07,0.7988463340206572,0.20115306778068415,5.981986582150763e-07,0.7988463340206572,0.20115306778068415
2026-07-22,,,2026-07-22,False,5.981986582150763e-07,0.7988463340206572,0.20115306778068415,0.0,0.0,0.0,5.878397316084622e-07,0.8007526174359813,0.19924679472428672,5.878397316084622e-07,0.8007526174359813,0.19924679472428672
2026-07-23,,,2026-07-23,False,5.878397316084622e-07,0.8007526174359813,0.19924679472428672,0.0,0.0,0.0,5.865122225357714e-07,0.8001497732564443,0.19984964023133275,5.865122225357714e-07,0.8001497732564443,0.19984964023133275
2026-07-24,,,2026-07-24,False,5.865122225357714e-07,0.8001497732564443,0.19984964023133275,0.0,0.0,0.0,5.870893667740477e-07,0.799093333848289,0.20090607906234387,5.870893667740477e-07,0.799093333848289,0.20090607906234387
2026-07-27,,,2026-07-27,False,5.870893667740477e-07,0.799093333848289,0.20090607906234387,0.0,0.0,0.0,5.870893667740477e-07,0.799093333848289,0.20090607906234387,5.870893667740477e-07,0.799093333848289,0.20090607906234387
