Date,equity,gold,bond
2010-01-04,5232.2001953125,16.54990005493164,589.8015747070312
2010-01-05,5277.89990234375,16.68000030517578,589.8015747070312
2010-01-06,5281.7998046875,16.600000381469727,589.8015747070312
2010-01-07,5263.10009765625,16.57200050354004,589.80712890625
2010-01-08,5244.75,16.489999771118164,589.8015747070312
2010-01-11,5249.39990234375,16.81800079345703,589.80712890625
2010-01-12,5210.39990234375,16.810300827026367,589.80712890625
2010-01-13,5233.9501953125,16.5625,589.80712890625
2010-01-14,5259.89990234375,16.604999542236328,589.7957763671875
2010-01-15,5252.2001953125,16.6299991607666,589.7957763671875
2010-01-18,5274.85009765625,16.582199096679688,589.8015747070312
2010-01-19,5225.64990234375,16.565799713134766,589.8015747070312
2010-01-20,5221.7001953125,16.611120223999023,589.8015747070312
2010-01-21,5094.14990234375,16.25510025024414,589.8015747070312
2010-01-22,5036.0,16.215150833129883,589.8015747070312
2010-01-25,5007.89990234375,16.319299697875977,589.8015747070312
2010-01-27,4853.10009765625,16.22896957397461,589.8015747070312
2010-01-28,4867.25,16.19161033630371,589.8015747070312
2010-01-29,4882.0498046875,16.080150604248047,589.8015747070312
2010-02-01,4899.7001953125,16.057519912719727,589.8015747070312
2010-02-02,4830.10009765625,16.49332046508789,589.8015747070312
2010-02-03,4931.85009765625,16.48427963256836,589.8015747070312
2010-02-04,4845.35009765625,16.26888084411621,589.8015747070312
2010-02-05,4718.64990234375,15.774100303649902,589.7957763671875
2010-02-08,4760.39990234375,16.07080078125,589.7957763671875
2010-02-09,4792.64990234375,15.9931001663208,589.7957763671875
2010-02-10,4757.2001953125,16.068899154663086,589.8015747070312
2010-02-11,4826.85009765625,16.073400497436523,589.7957763671875
2010-02-15,4801.9501953125,16.308000564575195,589.8015747070312
2010-02-16,4855.75,16.460500717163086,589.8015747070312
2010-02-17,4914.0,16.481599807739258,589.8015747070312
2010-02-18,4887.75,16.317800521850586,589.8015747070312
2010-02-19,4844.89990234375,16.386199951171875,589.8015747070312
2010-02-22,4856.39990234375,16.506000518798828,589.8015747070312
2010-02-23,4870.0498046875,16.393699645996094,589.7957763671875
2010-02-24,4858.60009765625,16.20479965209961,589.8015747070312
2010-02-25,4859.75,16.230100631713867,589.7957763671875
2010-02-26,4922.2998046875,16.506399154663086,589.7957763671875
2010-03-02,5017.0,16.56399917602539,589.7957763671875
2010-03-03,5088.10009765625,16.776599884033203,589.7957763671875
2010-03-04,5080.25,16.794599533081055,589.7957763671875
2010-03-05,5088.7001953125,16.71419906616211,589.7957763671875
2010-03-08,5124.0,16.64419937133789,589.8015747070312
2010-03-09,5101.5,16.440799713134766,589.7957763671875
2010-03-10,5116.25,16.460399627685547,589.7957763671875
2010-03-11,5133.39990234375,16.279699325561523,589.7957763671875
2010-03-12,5137.0,16.374099731445312,589.7957763671875
2010-03-15,5128.89990234375,16.233999252319336,589.8015747070312
2010-03-16,5198.10009765625,16.36090087890625,589.8015747070312
2010-03-17,5231.89990234375,16.483999252319336,589.7957763671875
2010-03-18,5245.89990234375,16.42930030822754,589.7957763671875
2010-03-19,5262.7998046875,16.440900802612305,589.8015747070312
2010-03-22,5205.2001953125,16.202699661254883,589.7957763671875
2010-03-23,5225.2998046875,16.202800750732422,589.7957763671875
2010-03-25,5260.39990234375,16.0585994720459,589.7957763671875
2010-03-26,5282.0,16.037200927734375,589.8015747070312
2010-03-29,5302.85009765625,16.136699676513672,589.8015747070312
2010-03-30,5262.4501953125,16.12220001220703,589.8015747070312
2010-03-31,5249.10009765625,16.082300186157227,589.8015747070312
2010-04-01,5290.5,16.153400421142578,589.7957763671875
2010-04-05,5368.39990234375,16.18429946899414,589.8015747070312
2010-04-06,5366.0,16.12969970703125,589.8015747070312
2010-04-07,5374.64990234375,16.262699127197266,589.8015747070312
2010-04-08,5304.4501953125,16.429899215698242,589.8015747070312
2010-04-09,5361.75,16.49449920654297,589.8015747070312
2010-04-12,5339.7001953125,16.582399368286133,589.8015747070312
2010-04-13,5322.9501953125,16.480499267578125,589.8015747070312
2010-04-15,5273.60009765625,16.489200592041016,589.8015747070312
2010-04-16,5262.60009765625,16.519399642944336,589.8015747070312
2010-04-19,5203.64990234375,16.212400436401367,589.8015747070312
2010-04-20,5230.10009765625,16.360300064086914,589.8015747070312
2010-04-21,5244.89990234375,16.368200302124023,589.8015747070312
2010-04-22,5269.35009765625,16.397300720214844,589.7957763671875
2010-04-23,5304.10009765625,16.323200225830078,589.8015747070312
2010-04-26,5322.4501953125,16.482500076293945,589.7957763671875
2010-04-27,5308.35009765625,16.449100494384766,589.8015747070312
2010-04-28,5215.4501953125,16.61400032043457,589.7957763671875
2010-04-29,5254.14990234375,16.694000244140625,589.8015747070312
2010-04-30,5278.0,16.711999893188477,589.8015747070312
2010-05-03,5222.75,16.827999114990234,589.7957763671875
2010-05-04,5148.5,16.891000747680664,589.7957763671875
2010-05-05,5124.89990234375,16.82900047302246,589.7957763671875
2010-05-06,5090.85009765625,17.00149917602539,589.8015747070312
2010-05-07,5018.0498046875,17.40850067138672,589.7957763671875
2010-05-10,5193.60009765625,17.082000732421875,589.7957763671875
2010-05-11,5136.14990234375,17.433500289916992,589.8015747070312
2010-05-12,5156.64990234375,17.86549949645996,589.8015747070312
2010-05-13,5178.89990234375,17.775999069213867,589.8015747070312
2010-05-14,5093.5,17.957000732421875,589.8015747070312
2010-05-17,5059.89990234375,17.911500930786133,589.7957763671875
2010-05-18,5066.2001953125,17.65049934387207,589.8015747070312
2010-05-19,4919.64990234375,17.854999542236328,589.8015747070312
2010-05-20,4947.60009765625,17.686500549316406,589.8015747070312
2010-05-21,4931.14990234375,17.6875,589.7957763671875
2010-05-24,4943.9501953125,17.716999053955078,589.8015747070312
2010-05-25,4806.75,17.97599983215332,589.7957763671875
2010-05-26,4917.39990234375,18.23699951171875,589.8015747070312
2010-05-27,5003.10009765625,18.101999282836918,589.7957763671875
2010-05-28,5066.5498046875,17.94849967956543,589.7957763671875
2010-05-31,5086.2998046875,17.972999572753906,589.8015747070312
2010-06-01,4970.2001953125,18.347999572753903,589.8015747070312
2010-06-02,5019.85009765625,18.30150032043457,589.7957763671875
2010-06-03,5110.5,18.142000198364254,589.7957763671875
2010-06-04,5135.5,17.993999481201172,589.8015747070312
2010-06-07,5034.0,18.36100006103516,589.7957763671875
2010-06-08,4987.10009765625,18.78899955749512,589.7957763671875
2010-06-09,5000.2998046875,18.598499298095703,589.8015747070312
2010-06-10,5078.60009765625,18.38450050354004,589.7957763671875
2010-06-11,5119.35009765625,18.32550048828125,589.8015747070312
2010-06-14,5197.7001953125,18.350000381469727,589.7957763671875
2010-06-15,5222.35009765625,18.26499938964844,589.7957763671875
2010-06-16,5233.35009765625,18.402000427246094,589.8015747070312
2010-06-17,5274.85009765625,18.336000442504883,589.8015747070312
2010-06-18,5262.60009765625,18.415000915527344,589.8015747070312
2010-06-21,5353.2998046875,18.444499969482425,589.7957763671875
2010-06-22,5316.5498046875,18.27400016784668,589.8015747070312
2010-06-23,5323.14990234375,18.424999237060547,589.8015747070312
2010-06-24,5320.60009765625,18.32099914550781,589.8015747070312
2010-06-25,5269.0498046875,18.50200080871582,589.8015747070312
2010-06-28,5333.5,18.542499542236328,589.7957763671875
2010-06-29,5256.14990234375,18.440000534057617,589.8015747070312
2010-06-30,5312.5,18.5310001373291,589.8015747070312
2010-07-01,5251.39990234375,18.555500030517575,589.8015747070312
2010-07-02,5237.10009765625,18.107500076293945,589.8015747070312
2010-07-05,5235.89990234375,18.16550064086914,589.7957763671875
2010-07-06,5289.0498046875,18.1825008392334,589.7957763671875
2010-07-07,5241.10009765625,17.975500106811523,589.7957763671875
2010-07-08,5296.85009765625,18.092500686645508,589.8015747070312
2010-07-09,5352.4501953125,17.9424991607666,589.7957763671875
2010-07-12,5383.0,18.072999954223636,589.8015747070312
2010-07-13,5400.64990234375,18.09650039672852,589.7957763671875
2010-07-14,5386.14990234375,18.140499114990234,589.8015747070312
2010-07-15,5378.75,18.14699935913086,589.8015747070312
2010-07-16,5393.89990234375,18.07550048828125,589.8015747070312
2010-07-19,5386.4501953125,17.966999053955078,589.8015747070312
2010-07-20,5368.0,17.89349937438965,589.8015747070312
2010-07-21,5399.35009765625,18.020999908447266,589.8015747070312
2010-07-22,5441.9501953125,17.948999404907227,589.7957763671875
2010-07-23,5449.10009765625,18.04050064086914,589.8015747070312
2010-07-26,5418.60009765625,17.917499542236328,589.7957763671875
2010-07-27,5430.60009765625,17.739999771118164,589.8015747070312
2010-07-28,5397.5498046875,17.42650032043457,589.7957763671875
2010-07-29,5408.89990234375,17.48900032043457,589.7957763671875
2010-07-30,5367.60009765625,17.530000686645508,589.7957763671875
2010-08-02,5431.64990234375,17.51300048828125,589.7957763671875
2010-08-03,5439.5498046875,17.547500610351562,589.7957763671875
2010-08-04,5467.85009765625,17.707000732421875,589.8015747070312
2010-08-05,5447.10009765625,17.717500686645508,589.7957763671875
2010-08-06,5439.25,17.65999984741211,589.8015747070312
2010-08-09,5486.14990234375,17.83099937438965,589.7957763671875
2010-08-10,5460.7001953125,17.780000686645508,589.8015747070312
2010-08-11,5420.60009765625,17.883499145507812,589.8015747070312
2010-08-12,5416.4501953125,18.00950050354004,589.8015747070312
2010-08-13,5452.10009765625,18.17300033569336,589.8015747070312
2010-08-16,5418.2998046875,18.299999237060547,589.80712890625
2010-08-17,5414.14990234375,18.31999969482422,589.7957763671875
2010-08-18,5479.14990234375,18.25,589.80712890625
2010-08-19,5540.2001953125,18.299999237060547,589.8015747070312
2010-08-20,5530.64990234375,18.34000015258789,589.80712890625
2010-08-23,5543.5,18.324499130249023,589.7957763671875
2010-08-24,5505.10009765625,18.2814998626709,589.7957763671875
2010-08-25,5462.35009765625,18.549999237060547,589.7957763671875
2010-08-26,5477.89990234375,18.53199958801269,589.8015747070312
2010-08-27,5408.7001953125,18.54750061035156,589.8015747070312
2010-08-30,5415.4501953125,18.530000686645508,589.80712890625
2010-08-31,5402.39990234375,18.57999992370605,589.7957763671875
2010-09-01,5471.85009765625,18.75900077819824,589.80712890625
2010-09-02,5486.14990234375,18.65999984741211,589.80712890625
2010-09-03,5479.39990234375,18.69499969482422,589.80712890625
2010-09-06,5576.9501953125,18.59000015258789,589.7957763671875
2010-09-07,5604.0,18.670000076293945,589.80712890625
2010-09-08,5607.85009765625,18.790000915527344,589.7957763671875
2010-09-09,5640.0498046875,18.673999786376957,589.80712890625
2010-09-13,5760.0,18.448999404907227,589.7957763671875
2010-09-14,5795.5498046875,18.613000869750977,589.80712890625
2010-09-15,5860.9501953125,18.81999969482422,589.7957763671875
2010-09-16,5828.7001953125,18.770000457763672,589.80712890625
2010-09-17,5884.9501953125,18.77949905395508,589.80712890625
2010-09-20,5980.4501953125,18.684999465942383,589.80712890625
2010-09-21,6009.0498046875,18.729999542236328,589.80712890625
2010-09-22,5991.0,18.71999931335449,589.80712890625
2010-09-23,5959.5498046875,18.76749992370605,589.8015747070312
2010-09-24,6018.2998046875,18.770000457763672,589.7957763671875
2010-09-27,6035.64990234375,18.71999931335449,589.80712890625
2010-09-28,6029.5,18.6200008392334,589.80712890625
2010-09-29,5991.2998046875,18.80500030517578,589.80712890625
2010-09-30,6029.9501953125,18.829500198364254,589.80712890625
2010-10-01,6143.39990234375,18.739999771118164,589.7957763671875
2010-10-04,6159.4501953125,18.73150062561035,589.80712890625
2010-10-05,6145.7998046875,18.901500701904297,589.7957763671875
2010-10-06,6186.4501953125,19.10950088500977,589.7957763671875
2010-10-07,6120.2998046875,19.190000534057617,589.8015747070312
2010-10-08,6103.4501953125,18.850000381469727,589.80712890625
2010-10-11,6135.85009765625,19.13999938964844,589.80712890625
2010-10-12,6090.89990234375,19.187000274658203,589.7957763671875
2010-10-13,6233.89990234375,19.31999969482422,589.80712890625
2010-10-14,6177.35009765625,19.475000381469727,589.7957763671875
2010-10-15,6062.64990234375,19.3435001373291,589.7957763671875
2010-10-18,6075.9501953125,19.208999633789062,589.7957763671875
2010-10-19,6027.2998046875,19.38450050354004,589.8015747070312
2010-10-20,5982.10009765625,19.011499404907227,589.7957763671875
2010-10-21,6101.5,19.17650032043457,589.8015747070312
2010-10-22,6066.0498046875,18.94099998474121,589.8015747070312
2010-10-25,6105.7998046875,19.090499877929688,589.8015747070312
2010-10-26,6082.0,18.95549964904785,589.7957763671875
2010-10-27,6012.64990234375,18.940000534057617,589.8015747070312
2010-10-28,5987.7001953125,18.868000030517575,589.8015747070312
2010-10-29,6017.7001953125,18.95050048828125,589.7957763671875
2010-11-01,6117.5498046875,19.36199951171875,589.8015747070312
2010-11-02,6119.0,19.2810001373291,589.8015747070312
2010-11-03,6160.5,19.276500701904297,589.7957763671875
2010-11-04,6281.7998046875,19.299999237060547,589.8015747070312
2010-11-08,6273.2001953125,19.588499069213867,589.7957763671875
2010-11-09,6301.5498046875,19.82749938964844,589.7957763671875
2010-11-10,6275.7001953125,19.850500106811523,589.7957763671875
2010-11-11,6194.25,19.88249969482422,589.7957763671875
2010-11-12,6071.64990234375,19.69750022888184,589.8015747070312
2010-11-15,6121.60009765625,19.60950088500977,589.8015747070312
2010-11-16,5988.7001953125,19.627500534057617,589.8015747070312
2010-11-18,5998.7998046875,19.613000869750977,589.8015747070312
2010-11-19,5890.2998046875,19.648500442504883,589.8015747070312
2010-11-22,6010.0,19.66550064086914,589.8015747070312
2010-11-23,5934.75,19.833999633789062,589.7957763671875
2010-11-24,5865.75,19.999500274658203,589.7957763671875
2010-11-25,5799.75,19.938499450683597,589.7957763671875
2010-11-26,5751.9501953125,19.954500198364254,589.7957763671875
2010-11-29,5830.0,19.929500579833984,589.8015747070312
2010-11-30,5862.7001953125,19.90250015258789,589.8015747070312
2010-12-01,5960.89990234375,19.972999572753903,589.8015747070312
2010-12-02,6011.7001953125,19.98450088500977,589.8015747070312
2010-12-03,5992.7998046875,20.01449966430664,589.7957763671875
2010-12-06,5992.25,20.23349952697754,589.8015747070312
2010-12-07,5976.5498046875,20.27400016784668,589.8015747070312
2010-12-08,5903.7001953125,20.04599952697754,589.8015747070312
2010-12-09,5766.5,19.962499618530277,589.7957763671875
2010-12-10,5857.35009765625,19.975500106811523,589.8015747070312
2010-12-13,5907.64990234375,19.99650001525879,589.8015747070312
2010-12-14,5944.10009765625,20.11100006103516,589.8015747070312
2010-12-15,5892.2998046875,19.97900009155273,589.8015747070312
2010-12-16,5948.75,19.99049949645996,589.7957763671875
2010-12-20,5947.0498046875,20.0049991607666,589.8015747070312
2010-12-21,6000.64990234375,19.978500366210938,589.7957763671875
2010-12-22,5984.39990234375,19.95599937438965,589.7957763671875
2010-12-23,5980.0,19.86599922180176,589.8015747070312
2010-12-24,6011.60009765625,19.94300079345703,589.8015747070312
2010-12-27,5998.10009765625,20.0310001373291,589.8015747070312
2010-12-28,5996.0,19.99799919128418,589.8015747070312
2010-12-29,6060.35009765625,20.13400077819824,589.7957763671875
2010-12-30,6101.85009765625,20.18000030517578,589.8015747070312
2010-12-31,6134.5,20.099000930786133,589.8015747070312
2011-01-03,6157.60009765625,20.21150016784668,589.7957763671875
2011-01-04,6146.35009765625,20.13400077819824,589.7957763671875
2011-01-05,6079.7998046875,19.92350006103516,589.7957763671875
2011-01-06,6048.25,19.81399917602539,589.7957763671875
2011-01-07,5904.60009765625,19.67200088500977,589.7957763671875
2011-01-10,5762.85009765625,19.73900032043457,589.7957763671875
2011-01-11,5754.10009765625,19.771499633789062,589.8015747070312
2011-01-12,5863.25,19.826000213623047,589.7957763671875
2011-01-13,5751.89990234375,19.84650039672852,589.8015747070312
2011-01-14,5654.5498046875,19.756500244140625,589.7957763671875
2011-01-17,5654.75,19.6825008392334,589.8015747070312
2011-01-18,5724.0498046875,19.778499603271484,589.8015747070312
2011-01-19,5691.0498046875,19.73150062561035,589.8015747070312
2011-01-20,5711.60009765625,19.78899955749512,589.8015747070312
2011-01-21,5696.5,19.568500518798828,589.8015747070312
2011-01-24,5743.25,19.61400032043457,589.8015747070312
2011-01-25,5687.39990234375,19.309499740600582,589.7957763671875
2011-01-27,5604.2998046875,19.472000122070312,589.8015747070312
2011-01-28,5512.14990234375,19.201499938964844,589.7957763671875
2011-01-31,5505.89990234375,19.5629997253418,589.8015747070312
2011-02-01,5417.2001953125,19.47450065612793,589.8015747070312
2011-02-02,5432.0,19.42099952697754,589.7957763671875
2011-02-03,5526.75,19.301000595092773,589.7957763671875
2011-02-04,5395.75,19.58049964904785,589.8015747070312
2011-02-07,5396.0,19.530000686645508,589.8015747070312
2011-02-08,5312.5498046875,19.583999633789062,589.7957763671875
2011-02-09,5253.5498046875,19.647499084472656,589.7957763671875
2011-02-10,5225.7998046875,19.70599937438965,589.8015747070312
2011-02-11,5310.0,19.659500122070312,589.8015747070312
2011-02-14,5456.0,19.659500122070312,589.7957763671875
2011-02-15,5481.0,19.775999069213867,589.8015747070312
2011-02-16,5481.7001953125,19.84600067138672,589.7957763671875
2011-02-17,5546.4501953125,19.89349937438965,589.8015747070312
2011-02-18,5458.9501953125,19.956499099731445,589.7957763671875
2011-02-21,5518.60009765625,19.992000579833984,589.7957763671875
2011-02-22,5469.2001953125,20.03700065612793,589.7957763671875
2011-02-23,5437.35009765625,20.05599975585937,589.7957763671875
2011-02-24,5262.7001953125,20.31999969482422,589.7957763671875
2011-02-25,5303.5498046875,20.19099998474121,589.8015747070312
2011-02-28,5333.25,20.19700050354004,589.8015747070312
2011-03-01,5522.2998046875,20.247499465942383,589.8015747070312
2011-03-03,5536.2001953125,20.416000366210938,589.8015747070312
2011-03-04,5538.75,20.276500701904297,589.7957763671875
2011-03-07,5463.14990234375,20.54199981689453,589.7957763671875
2011-03-08,5520.7998046875,20.4325008392334,589.7957763671875
2011-03-09,5531.0,20.41650009155273,589.7957763671875
2011-03-10,5494.39990234375,20.437000274658203,589.8015747070312
2011-03-11,5445.4501953125,20.300500869750977,589.7957763671875
2011-03-14,5531.5,20.34149932861328,589.8015747070312
2011-03-15,5449.64990234375,20.238500595092773,589.7957763671875
2011-03-16,5511.14990234375,20.069499969482425,589.7957763671875
2011-03-17,5446.64990234375,19.991500854492188,589.8015747070312
2011-03-18,5373.7001953125,20.238500595092773,589.8015747070312
2011-03-21,5364.75,20.38450050354004,589.7957763671875
2011-03-22,5413.85009765625,20.41699981689453,589.7957763671875
2011-03-23,5480.25,20.395000457763672,589.7957763671875
2011-03-24,5522.39990234375,20.46699905395508,589.7957763671875
2011-03-25,5654.25,20.33300018310547,589.7957763671875
2011-03-28,5687.25,20.242000579833984,589.8015747070312
2011-03-29,5736.35009765625,20.090999603271484,589.8015747070312
2011-03-30,5787.64990234375,20.159500122070312,589.8015747070312
2011-03-31,5833.75,20.243000030517575,589.8015747070312
2011-04-01,5826.0498046875,20.29400062561035,589.8015747070312
2011-04-04,5908.4501953125,20.238500595092773,589.7957763671875
2011-04-05,5910.0498046875,20.228500366210938,589.7957763671875
2011-04-06,5891.75,20.453500747680664,589.7957763671875
2011-04-07,5885.7001953125,20.42849922180176,589.8015747070312
2011-04-08,5842.0,20.578500747680664,589.8015747070312
2011-04-11,5785.7001953125,20.67449951171875,589.8015747070312
2011-04-13,5911.5,20.590999603271484,589.7957763671875
2011-04-15,5824.5498046875,20.77949905395508,589.8015747070312
2011-04-18,5729.10009765625,20.882999420166016,589.8015747070312
2011-04-19,5740.75,21.103500366210938,589.7957763671875
2011-04-20,5851.64990234375,21.13599967956543,589.7957763671875
2011-04-21,5884.7001953125,21.143999099731445,589.7957763671875
2011-04-25,5874.5,21.42200088500977,589.8015747070312
2011-04-26,5868.39990234375,21.21699905395508,589.7957763671875
2011-04-27,5833.89990234375,21.242000579833984,589.7957763671875
2011-04-28,5785.4501953125,21.57749938964844,589.7957763671875
2011-04-29,5749.5,21.56599998474121,589.8015747070312
2011-05-02,5701.2998046875,21.927000045776367,589.7957763671875
2011-05-03,5565.25,21.788000106811523,589.8015747070312
2011-05-04,5537.14990234375,21.642000198364254,589.8015747070312
2011-05-05,5459.85009765625,21.41200065612793,589.8015747070312
2011-05-06,5551.4501953125,21.590499877929688,589.7957763671875
2011-05-09,5551.10009765625,21.37150001525879,589.8015747070312
2011-05-10,5541.25,21.483999252319336,589.8015747070312
2011-05-11,5565.0498046875,21.56800079345703,589.7957763671875
2011-05-12,5486.14990234375,21.217500686645508,589.7957763671875
2011-05-13,5544.75,21.516000747680664,589.8015747070312
2011-05-16,5499.0,21.339500427246094,589.8015747070312
2011-05-17,5438.9501953125,21.348499298095703,589.8015747070312
2011-05-18,5420.60009765625,21.302000045776367,589.8015747070312
2011-05-19,5428.10009765625,21.25,589.8015747070312
2011-05-20,5486.35009765625,21.364999771118164,589.8015747070312
2011-05-23,5386.5498046875,21.60300064086914,589.8015747070312
2011-05-24,5394.85009765625,21.707500457763672,589.8015747070312
2011-05-25,5348.9501953125,21.831499099731445,589.7957763671875
2011-05-26,5412.35009765625,21.738000869750977,589.7957763671875
2011-05-27,5476.10009765625,21.780000686645508,589.7957763671875
2011-05-30,5473.10009765625,21.81450080871582,589.7957763671875
2011-05-31,5473.10009765625,21.90449905395508,589.7957763671875
2011-06-01,5592.0,21.733999252319336,589.7957763671875
2011-06-02,5550.35009765625,21.91650009155273,589.7957763671875
2011-06-03,5516.75,21.753999710083008,589.7957763671875
2011-06-06,5532.0498046875,21.856000900268555,589.7957763671875
2011-06-07,5556.14990234375,21.890499114990234,589.7957763671875
2011-06-08,5526.85009765625,21.718000411987305,589.8015747070312
2011-06-09,5521.0498046875,21.742000579833984,589.7957763671875
2011-06-10,5485.7998046875,21.82749938964844,589.8015747070312
2011-06-13,5482.7998046875,21.62849998474121,589.8015747070312
2011-06-14,5500.5,21.512500762939453,589.7957763671875
2011-06-15,5447.5,21.43400001525879,589.7957763671875
2011-06-16,5396.75,21.599000930786133,589.7957763671875
2011-06-17,5366.39990234375,21.60950088500977,589.8015747070312
2011-06-20,5257.89990234375,21.84950065612793,589.8015747070312
2011-06-21,5275.85009765625,21.89299964904785,589.8015747070312
2011-06-22,5278.2998046875,21.901500701904297,589.8015747070312
2011-06-23,5320.0,21.847000122070312,589.8015747070312
2011-06-24,5471.25,21.631999969482425,589.8015747070312
2011-06-27,5526.60009765625,21.414499282836918,589.8015747070312
2011-06-28,5545.2998046875,21.38800048828125,589.8015747070312
2011-06-29,5600.4501953125,21.42300033569336,589.7957763671875
2011-06-30,5647.39990234375,21.337499618530277,589.8015747070312
2011-07-01,5627.2001953125,21.049999237060547,589.7957763671875
2011-07-04,5650.5,21.00900077819824,589.7957763671875
2011-07-05,5632.10009765625,21.05150032043457,589.7957763671875
2011-07-06,5625.4501953125,21.30649948120117,589.7957763671875
2011-07-07,5728.9501953125,21.465499877929688,589.7957763671875
2011-07-08,5660.64990234375,21.40699958801269,589.8015747070312
2011-07-11,5616.10009765625,21.67849922180176,589.8015747070312
2011-07-12,5526.14990234375,21.78899955749512,589.8015747070312
2011-07-13,5585.4501953125,22.018999099731445,589.8015747070312
2011-07-14,5585.4501953125,22.276500701904297,589.8015747070312
2011-07-15,5581.10009765625,22.10950088500977,589.7957763671875
2011-07-18,5567.0498046875,22.462499618530277,589.8015747070312
2011-07-19,5613.5498046875,22.458999633789062,589.7957763671875
2011-07-20,5567.0498046875,22.18099975585937,589.7957763671875
2011-07-21,5541.60009765625,22.284500122070312,589.7957763671875
2011-07-22,5633.9501953125,22.093000411987305,589.8015747070312
2011-07-25,5680.2998046875,22.48900032043457,589.7957763671875
2011-07-26,5574.85009765625,22.299999237060547,589.7957763671875
2011-07-27,5546.7998046875,22.34650039672852,589.7957763671875
2011-07-28,5487.75,22.3075008392334,589.8015747070312
2011-07-29,5482.0,22.311500549316406,589.8015747070312
2011-08-01,5516.7998046875,22.34749984741211,589.8015747070312
2011-08-02,5456.5498046875,22.506000518798828,589.7957763671875
2011-08-03,5404.7998046875,23.066999435424805,589.8015747070312
2011-08-04,5331.7998046875,23.152000427246094,589.8015747070312
2011-08-05,5211.25,23.25200080871582,589.7957763671875
2011-08-08,5118.5,24.17650032043457,589.7957763671875
2011-08-09,5072.85009765625,25.18099975585937,589.8015747070312
2011-08-10,5161.0,24.929000854492188,589.8015747070312
2011-08-11,5138.2998046875,25.534500122070312,589.8015747070312
2011-08-12,5072.9501953125,25.120500564575195,589.7957763671875
2011-08-16,5035.7998046875,25.34149932861328,589.7957763671875
2011-08-17,5056.60009765625,25.683000564575195,589.8015747070312
2011-08-18,4944.14990234375,25.86100006103516,589.8015747070312
2011-08-19,4845.64990234375,26.96649932861328,589.7957763671875
2011-08-22,4898.7998046875,27.020000457763672,589.7957763671875
2011-08-23,4948.89990234375,26.980499267578125,589.7957763671875
2011-08-24,4888.89990234375,26.61199951171875,589.7957763671875
2011-08-25,4839.60009765625,25.12849998474121,589.7957763671875
2011-08-26,4747.7998046875,25.867000579833984,589.7957763671875
2011-08-29,4919.60009765625,26.21150016784668,589.7957763671875
2011-08-30,5001.0,25.895000457763672,589.8015747070312
2011-09-02,5040.0,26.68149948120117,589.7957763671875
2011-09-05,5017.2001953125,27.26749992370605,589.7957763671875
2011-09-06,5064.2998046875,27.069499969482425,589.7957763671875
2011-09-07,5124.64990234375,26.425500869750977,589.8015747070312
2011-09-08,5153.25,26.34550094604492,589.8015747070312
2011-09-09,5059.4501953125,27.13450050354004,589.8015747070312
2011-09-12,4946.7998046875,27.065000534057617,589.8015747070312
2011-09-13,4940.9501953125,26.90250015258789,589.7957763671875
2011-09-14,5012.5498046875,27.249000549316406,589.7957763671875
2011-09-15,5075.7001953125,26.94849967956543,589.7957763671875
2011-09-16,5084.25,26.397499084472656,589.8015747070312
2011-09-19,5031.9501953125,27.11599922180176,589.8015747070312
2011-09-20,5140.2001953125,26.951499938964844,589.7957763671875
2011-09-21,5133.25,27.174999237060547,589.7957763671875
2011-09-22,4923.64990234375,27.042999267578125,589.8015747070312
2011-09-23,4867.75,26.686500549316406,589.8015747070312
2011-09-26,4835.39990234375,25.040000915527344,589.7957763671875
2011-09-27,4971.25,25.70249938964844,589.8015747070312
2011-09-28,4945.89990234375,25.343000411987305,589.8015747070312
2011-09-29,5015.4501953125,24.902000427246094,589.7957763671875
2011-09-30,4943.25,25.20599937438965,589.8015747070312
2011-10-03,4849.5,25.63349914550781,589.8015747070312
2011-10-04,4772.14990234375,25.7504997253418,589.7957763671875
2011-10-05,4751.2998046875,24.875,589.7957763671875
2011-10-07,4888.0498046875,25.35099983215332,589.7957763671875
2011-10-10,4979.60009765625,25.434499740600582,589.7957763671875
2011-10-11,4974.35009765625,25.54800033569336,589.7957763671875
2011-10-12,5099.39990234375,25.75550079345703,589.7957763671875
2011-10-13,5077.85009765625,25.637500762939453,589.7957763671875
2011-10-14,5132.2998046875,25.665000915527344,589.7957763671875
2011-10-17,5118.25,25.69050025939941,589.8015747070312
2011-10-18,5037.5,25.56049919128418,589.7957763671875
2011-10-19,5139.14990234375,25.456499099731445,589.7957763671875
2011-10-20,5091.89990234375,25.293500900268555,589.7957763671875
2011-10-21,5049.9501953125,25.3799991607666,589.8015747070312
2011-10-24,5098.35009765625,25.91399955749512,589.7957763671875
2011-10-25,5191.60009765625,25.773500442504883,589.7957763671875
2011-10-28,5360.7001953125,26.277999877929688,589.7957763671875
2011-10-31,5326.60009765625,25.99449920654297,589.7957763671875
2011-11-01,5257.9501953125,26.162500381469727,589.7957763671875
2011-11-02,5258.4501953125,26.54050064086914,589.8015747070312
2011-11-03,5265.75,26.64900016784668,589.8015747070312
2011-11-04,5284.2001953125,26.853500366210938,589.8015747070312
2011-11-08,5289.35009765625,27.4689998626709,589.8015747070312
2011-11-09,5221.0498046875,27.581499099731445,589.7957763671875
2011-11-11,5168.85009765625,27.423999786376957,589.8015747070312
2011-11-14,5148.35009765625,27.74349975585937,589.8015747070312
2011-11-15,5068.5,27.674999237060547,589.8015747070312
2011-11-16,5030.4501953125,27.951000213623047,589.8015747070312
2011-11-17,4934.75,27.838499069213867,589.7957763671875
2011-11-18,4905.7998046875,27.45499992370605,589.8015747070312
2011-11-21,4778.35009765625,27.489999771118164,589.7957763671875
2011-11-22,4812.35009765625,27.50900077819824,589.7957763671875
2011-11-23,4706.4501953125,27.39249992370605,589.8015747070312
2011-11-24,4706.4501953125,27.488500595092773,589.7957763671875
2011-11-25,4710.0498046875,27.26749992370605,589.8015747070312
2011-11-28,4851.2998046875,27.63450050354004,589.8015747070312
2011-11-29,4805.10009765625,27.622499465942383,589.8015747070312
2011-11-30,4832.0498046875,27.66699981689453,589.8015747070312
2011-12-01,4936.85009765625,27.96649932861328,589.8015747070312
2011-12-02,5050.14990234375,27.964500427246094,589.7957763671875
2011-12-05,5039.14990234375,27.915000915527344,589.7957763671875
2011-12-07,5062.60009765625,27.754499435424805,589.7957763671875
2011-12-08,4943.64990234375,27.988000869750977,589.7957763671875
2011-12-09,4866.7001953125,27.808500289916992,589.7957763671875
2011-12-12,4764.60009765625,27.516000747680664,589.8015747070312
2011-12-13,4800.60009765625,27.54599952697754,589.7957763671875
2011-12-14,4763.25,27.34149932861328,589.8015747070312
2011-12-15,4746.35009765625,26.382999420166016,589.8015747070312
2011-12-16,4651.60009765625,26.19050025939941,589.7957763671875
2011-12-19,4613.10009765625,26.32699966430664,589.7957763671875
2011-12-20,4544.2001953125,26.47649955749512,589.7957763671875
2011-12-21,4693.14990234375,26.813499450683597,589.8015747070312
2011-12-22,4733.85009765625,26.538000106811523,589.8015747070312
2011-12-23,4714.0,26.51499938964844,589.8015747070312
2011-12-26,4714.0,26.481000900268555,589.8015747070312
2011-12-27,4750.5,26.36750030517578,589.8015747070312
2011-12-28,4705.7998046875,26.32699966430664,589.7957763671875
2011-12-29,4646.25,25.840499877929688,589.8015747070312
2011-12-30,4624.2998046875,26.102500915527344,589.8015747070312
2012-01-02,4624.2998046875,26.1924991607666,589.7957763671875
2012-01-03,4765.2998046875,26.44650077819824,589.8015747070312
2012-01-04,4749.64990234375,26.65900039672852,589.7957763671875
2012-01-05,4749.9501953125,26.63999938964844,589.7957763671875
2012-01-06,4754.10009765625,26.742000579833984,589.8015747070312
2012-01-09,4742.7998046875,26.542999267578125,589.7957763671875
2012-01-10,4849.5498046875,26.35449981689453,589.7957763671875
2012-01-11,4860.9501953125,26.46299934387207,589.8015747070312
2012-01-12,4831.25,26.527000427246094,589.7957763671875
2012-01-13,4866.0,26.27949905395508,589.8015747070312
2012-01-16,4873.89990234375,26.381000518798828,589.7957763671875
2012-01-17,4967.2998046875,26.51849937438965,589.7957763671875
2012-01-18,4955.7998046875,26.351999282836918,589.8015747070312
2012-01-19,5018.39990234375,26.355499267578125,589.7957763671875
2012-01-20,5048.60009765625,26.135499954223636,589.8015747070312
2012-01-23,5046.25,26.34499931335449,589.7957763671875
2012-01-24,5127.35009765625,26.201499938964844,589.8015747070312
2012-01-25,5158.2998046875,26.12849998474121,589.7957763671875
2012-01-27,5204.7001953125,26.70599937438965,589.8015747070312
2012-01-30,5087.2998046875,26.89550018310547,589.7957763671875
2012-01-31,5199.25,27.06599998474121,589.7957763671875
2012-02-01,5235.7001953125,27.122499465942383,589.7957763671875
2012-02-02,5269.89990234375,27.00900077819824,589.8015747070312
2012-02-03,5325.85009765625,27.066499710083008,589.8015747070312
2012-02-06,5361.64990234375,26.574499130249023,589.8015747070312
2012-02-07,5335.14990234375,26.636999130249023,589.7957763671875
2012-02-08,5368.14990234375,26.996999740600582,589.8015747070312
2012-02-09,5412.35009765625,26.921499252319336,589.8015747070312
2012-02-10,5381.60009765625,26.840499877929688,589.7957763671875
2012-02-13,5390.2001953125,26.72949981689453,589.8015747070312
2012-02-14,5416.0498046875,26.648500442504883,589.7957763671875
2012-02-15,5531.9501953125,26.83049964904785,589.7957763671875
2012-02-16,5521.9501953125,26.808000564575195,589.7957763671875
2012-02-17,5564.2998046875,26.811500549316406,589.7957763671875
2012-02-21,5607.14990234375,26.905000686645508,589.7957763671875
2012-02-22,5505.35009765625,27.18572998046875,589.8015747070312
2012-02-23,5483.2998046875,27.519500732421875,589.8015747070312
2012-02-24,5429.2998046875,27.45146942138672,589.8015747070312
2012-02-27,5281.2001953125,27.232789993286133,589.8015747070312
2012-02-28,5375.5,27.433380126953125,589.8015747070312
2012-02-29,5385.2001953125,27.525360107421875,589.8015747070312
2012-03-01,5339.75,26.603349685668945,589.8015747070312
2012-03-02,5359.35009765625,26.606809616088867,589.8015747070312
2012-03-05,5280.35009765625,26.580829620361328,589.8015747070312
2012-03-06,5222.39990234375,26.50484085083008,589.8015747070312
2012-03-07,5220.4501953125,26.73896026611328,589.8015747070312
2012-03-09,5333.5498046875,26.715280532836918,589.8015747070312
2012-03-12,5359.5498046875,26.766210556030277,589.8015747070312
2012-03-13,5429.5,26.54998016357422,589.8015747070312
2012-03-14,5463.89990234375,26.06907081604004,589.8015747070312
2012-03-15,5380.5,25.99188041687012,589.8015747070312
2012-03-16,5317.89990234375,26.07210922241211,589.8015747070312
2012-03-19,5257.0498046875,26.572900772094727,589.8015747070312
2012-03-20,5274.85009765625,26.550010681152344,589.8015747070312
2012-03-21,5364.9501953125,26.84106063842773,589.8015747070312
2012-03-22,5228.4501953125,26.67462921142578,589.8015747070312
2012-03-23,5278.2001953125,26.916770935058597,589.8015747070312
2012-03-26,5184.25,27.232629776000977,589.8015747070312
2012-03-27,5243.14990234375,27.611459732055664,589.8015747070312
2012-03-28,5194.75,27.340160369873047,589.8015747070312
2012-03-29,5178.85009765625,27.11054039001465,589.8015747070312
2012-03-30,5295.5498046875,27.197479248046875,589.8015747070312
2012-04-02,5317.89990234375,27.29254913330078,589.8015747070312
2012-04-03,5358.5,27.17007064819336,589.8015747070312
2012-04-04,5322.89990234375,26.745420455932617,589.8015747070312
2012-04-09,5234.39990234375,26.711639404296875,589.8015747070312
2012-04-10,5243.60009765625,27.00741958618164,589.8015747070312
2012-04-11,5226.85009765625,27.34061050415039,589.8015747070312
2012-04-12,5276.85009765625,27.31031990051269,589.8015747070312
2012-04-13,5207.4501953125,27.53282928466797,589.8015747070312
2012-04-16,5226.2001953125,27.302780151367188,589.8015747070312
2012-04-17,5289.7001953125,27.350929260253903,589.8015747070312
2012-04-18,5300.0,27.201509475708008,589.8015747070312
2012-04-19,5332.39990234375,27.325550079345703,589.8015747070312
2012-04-20,5290.85009765625,27.34650039672852,589.8015747070312
2012-04-23,5200.60009765625,27.33197021484375,589.8015747070312
2012-04-24,5222.64990234375,27.7204704284668,589.8015747070312
2012-04-25,5202.0,27.6064395904541,589.8015747070312
2012-04-26,5189.0,27.75918960571289,589.8015747070312
2012-04-27,5190.60009765625,27.908510208129883,589.8015747070312
2012-04-30,5248.14990234375,27.960620880126957,589.8015747070312
2012-05-02,5239.14990234375,28.03873062133789,589.8015747070312
2012-05-03,5188.39990234375,28.03148078918457,589.8015747070312
2012-05-04,5086.85009765625,28.048660278320312,589.8015747070312
2012-05-07,5114.14990234375,27.85695075988769,589.8015747070312
2012-05-08,4999.9501953125,27.573450088500977,589.8015747070312
2012-05-09,4974.7998046875,27.19638061523437,589.8015747070312
2012-05-10,4965.7001953125,27.20953941345215,589.8015747070312
2012-05-11,4928.89990234375,27.20479965209961,589.8015747070312
2012-05-14,4907.7998046875,26.945810317993164,589.8015747070312
2012-05-15,4942.7998046875,26.94055938720703,589.8015747070312
2012-05-16,4858.25,26.728120803833008,589.8015747070312
2012-05-17,4870.2001953125,26.92972946166992,589.8015747070312
2012-05-18,4891.4501953125,27.8464298248291,589.8015747070312
2012-05-21,4891.4501953125,27.78731918334961,589.8015747070312
2012-05-22,4860.5,27.64253044128418,589.8015747070312
2012-05-23,4835.64990234375,27.790910720825195,589.8015747070312
2012-05-24,4921.39990234375,28.01984977722168,589.8015747070312
2012-05-25,4920.39990234375,27.84246063232422,589.8015747070312
2012-05-28,4985.64990234375,27.931520462036133,589.8015747070312
2012-05-29,4990.10009765625,27.99654006958008,589.8015747070312
2012-05-30,4950.75,27.77168083190918,589.8015747070312
2012-05-31,4924.25,28.290679931640625,589.8015747070312
2012-06-01,4841.60009765625,27.77906036376953,589.8015747070312
2012-06-04,4848.14990234375,27.58618927001953,589.8015747070312
2012-06-05,4863.2998046875,27.607240676879883,589.8015747070312
2012-06-06,4997.10009765625,28.941709518432617,589.8015747070312
2012-06-07,5049.64990234375,28.556140899658203,589.8015747070312
2012-06-08,5068.35009765625,27.96565055847168,589.8015747070312
2012-06-11,5054.10009765625,28.18927955627441,589.8015747070312
2012-06-12,5115.89990234375,28.521129608154297,589.8015747070312
2012-06-13,5121.4501953125,28.82144927978516,589.8015747070312
2012-06-14,5054.75,28.899120330810547,589.8015747070312
2012-06-15,5139.0498046875,28.938180923461918,589.8015747070312
2012-06-18,5064.25,28.87748908996582,589.8015747070312
2012-06-19,5103.85009765625,29.16786003112793,589.8015747070312
2012-06-20,5120.5498046875,28.92367935180664,589.8015747070312
2012-06-21,5165.0,28.876880645751957,589.8015747070312
2012-06-22,5146.0498046875,28.66098022460937,589.8015747070312
2012-06-25,5114.64990234375,28.41268920898437,589.8015747070312
2012-06-26,5120.7998046875,28.91777992248535,589.8015747070312
2012-06-27,5141.89990234375,28.71170997619629,589.8015747070312
2012-06-28,5149.14990234375,28.57309913635254,589.8015747070312
2012-06-29,5278.89990234375,28.310039520263672,589.8015747070312
2012-07-02,5278.60009765625,28.495800018310547,589.8015747070312
2012-07-03,5287.9501953125,28.203670501708984,589.8015747070312
2012-07-04,5302.5498046875,28.216550827026367,589.8015747070312
2012-07-05,5327.2998046875,28.44491004943848,589.8015747070312
2012-07-06,5316.9501953125,28.18545913696289,589.8015747070312
2012-07-09,5275.14990234375,28.29437065124512,589.8015747070312
2012-07-10,5345.35009765625,28.418989181518555,589.8015747070312
2012-07-11,5306.2998046875,27.89982032775879,589.8015747070312
2012-07-12,5235.25,27.872840881347656,589.8015747070312
2012-07-13,5227.25,28.08083915710449,589.8015747070312
2012-07-16,5197.25,27.804180145263672,589.8015747070312
2012-07-17,5192.85009765625,28.09844017028809,589.8015747070312
2012-07-18,5216.2998046875,27.930639266967773,589.8015747070312
2012-07-19,5242.7001953125,27.95929908752441,589.8015747070312
2012-07-20,5205.10009765625,27.90917015075684,589.8015747070312
2012-07-23,5117.9501953125,28.0075798034668,589.8015747070312
2012-07-24,5128.2001953125,28.152700424194336,589.8015747070312
2012-07-25,5109.60009765625,28.574159622192383,589.8015747070312
2012-07-26,5043.0,28.63047981262207,589.8015747070312
2012-07-27,5099.85009765625,28.63385963439941,589.8015747070312
2012-07-30,5199.7998046875,28.60821914672852,589.8015747070312
2012-07-31,5229.0,28.893430709838867,589.8015747070312
2012-08-01,5240.5,28.640209197998047,589.8015747070312
2012-08-02,5227.75,28.61734962463379,589.8015747070312
2012-08-03,5215.7001953125,28.605060577392575,589.8015747070312
2012-08-06,5282.5498046875,28.503610610961918,589.8015747070312
2012-08-07,5336.7001953125,28.62151908874512,589.8015747070312
2012-08-08,5338.0,28.34538078308105,589.8015747070312
2012-08-09,5322.9501953125,28.454259872436523,589.8015747070312
2012-08-10,5320.39990234375,28.46673011779785,589.8015747070312
2012-08-13,5347.89990234375,28.73288917541504,589.8015747070312
2012-08-14,5380.35009765625,28.71236038208008,589.8015747070312
2012-08-16,5362.9501953125,28.695579528808597,589.8015747070312
2012-08-17,5366.2998046875,28.777179718017575,589.8015747070312
2012-08-21,5421.0,28.82111930847168,589.8015747070312
2012-08-22,5412.85009765625,29.08445930480957,589.8015747070312
2012-08-23,5415.35009765625,29.29075050354004,589.8015747070312
2012-08-24,5386.7001953125,29.457040786743164,589.8015747070312
2012-08-27,5350.25,29.56187057495117,589.8015747070312
2012-08-28,5350.25,29.604900360107425,589.8015747070312
2012-08-29,5287.7998046875,29.55887031555176,589.8015747070312
2012-08-30,5315.0498046875,29.42671012878418,589.8015747070312
2012-08-31,5258.5,29.475509643554688,589.8015747070312
2012-09-03,5253.75,29.843280792236328,589.8015747070312
2012-09-04,5274.0,29.97757911682129,589.8015747070312
2012-09-05,5225.7001953125,30.127870559692383,589.8015747070312
2012-09-06,5238.39990234375,30.491180419921875,589.8015747070312
2012-09-07,5342.10009765625,30.049680709838867,589.8015747070312
2012-09-10,5363.4501953125,30.57115936279297,589.8015747070312
2012-09-11,5390.0,30.637540817260746,589.8015747070312
2012-09-12,5431.0,30.69618034362793,589.8015747070312
2012-09-13,5435.35009765625,30.585569381713867,589.8015747070312
2012-09-14,5577.64990234375,30.90662956237793,589.8015747070312
2012-09-17,5610.0,30.462549209594727,589.8015747070312
2012-09-18,5600.0498046875,30.44074058532715,589.8015747070312
2012-09-20,5554.25,30.535890579223636,589.8015747070312
2012-09-21,5691.14990234375,30.4967098236084,589.8015747070312
2012-09-24,5669.60009765625,29.91584014892578,589.8015747070312
2012-09-25,5673.89990234375,30.178510665893555,589.8015747070312
2012-09-26,5663.4501953125,30.15273094177246,589.8015747070312
2012-09-27,5649.5,29.840309143066406,589.8015747070312
2012-09-28,5703.2998046875,29.953840255737305,589.8015747070312
2012-10-01,5718.7998046875,29.85055923461914,589.8015747070312
2012-10-03,5731.25,29.713600158691406,589.8015747070312
2012-10-04,5787.60009765625,29.66465950012207,589.8015747070312
2012-10-05,5746.9501953125,29.48187065124512,589.8015747070312
2012-10-08,5676.0,29.47092056274414,589.8015747070312
2012-10-09,5704.60009765625,29.584449768066406,589.8015747070312
2012-10-10,5652.14990234375,29.819690704345703,589.8015747070312
2012-10-11,5708.0498046875,29.902700424194336,589.8015747070312
2012-10-12,5676.0498046875,29.697139739990234,589.8015747070312
2012-10-15,5687.25,29.60152053833008,589.8015747070312
2012-10-16,5648.0,29.28668975830078,589.8015747070312
2012-10-17,5660.25,29.414140701293945,589.8015747070312
2012-10-18,5718.7001953125,29.53329086303711,589.8015747070312
2012-10-19,5684.25,29.6895694732666,589.8015747070312
2012-10-22,5717.14990234375,29.53749084472656,589.8015747070312
2012-10-23,5691.39990234375,29.362350463867188,589.8015747070312
2012-10-25,5705.2998046875,29.349300384521484,589.8015747070312
2012-10-29,5665.60009765625,29.38916015625,589.8015747070312
2012-10-30,5597.89990234375,29.599760055541992,589.8015747070312
2012-10-31,5619.7001953125,29.648149490356445,589.8015747070312
2012-11-01,5645.0498046875,29.518709182739254,589.8015747070312
2012-11-02,5697.7001953125,29.242319107055664,589.8015747070312
2012-11-05,5704.2001953125,28.97430992126465,589.8015747070312
2012-11-06,5724.39990234375,29.449180603027344,589.8015747070312
2012-11-07,5760.10009765625,29.90995979309082,589.8015747070312
2012-11-08,5738.75,29.75197982788086,589.8015747070312
2012-11-09,5686.25,29.99152946472168,589.8015747070312
2012-11-12,5683.7001953125,30.352149963378903,589.8015747070312
2012-11-15,5631.0,30.16901969909668,589.8015747070312
2012-11-16,5574.0498046875,29.959909439086918,589.8015747070312
2012-11-19,5571.39990234375,30.186309814453125,589.8015747070312
2012-11-20,5571.5498046875,30.33502960205078,589.8015747070312
2012-11-21,5614.7998046875,30.36691093444824,589.8015747070312
2012-11-22,5627.75,30.39267921447754,589.8015747070312
2012-11-23,5626.60009765625,30.574119567871094,589.8015747070312
2012-11-26,5635.89990234375,30.96600914001465,589.8015747070312
2012-11-27,5727.4501953125,30.971799850463867,589.8015747070312
2012-11-29,5825.0,30.322290420532227,589.8015747070312
2012-11-30,5879.85009765625,30.029470443725582,589.8015747070312
2012-12-03,5870.9501953125,29.8753604888916,589.8015747070312
2012-12-04,5889.25,29.888669967651367,589.8015747070312
2012-12-05,5900.5,29.6295108795166,589.8015747070312
2012-12-06,5930.89990234375,29.409610748291016,589.8015747070312
2012-12-07,5907.39990234375,29.328229904174805,589.8015747070312
2012-12-10,5908.89990234375,29.58687973022461,589.8015747070312
2012-12-11,5898.7998046875,29.593950271606445,589.8015747070312
2012-12-12,5888.0,29.615819931030277,589.8015747070312
2012-12-13,5851.5,29.30190086364746,589.8015747070312
2012-12-14,5879.60009765625,29.41027069091797,589.8015747070312
2012-12-17,5857.89990234375,29.40072059631348,589.8015747070312
2012-12-18,5896.7998046875,29.670839309692383,589.8015747070312
2012-12-19,5929.60009765625,29.196779251098636,589.8015747070312
2012-12-20,5916.39990234375,29.124919891357425,589.8015747070312
2012-12-21,5847.7001953125,28.940879821777344,589.8015747070312
2012-12-24,5855.75,29.17637062072754,589.8015747070312
2012-12-26,5905.60009765625,29.112960815429688,589.8015747070312
2012-12-27,5870.10009765625,28.932540893554688,589.8015747070312
2012-12-28,5908.35009765625,28.990339279174805,589.8015747070312
2012-12-31,5905.10009765625,29.03985977172852,589.8015747070312
2013-01-01,5905.10009765625,29.04295921325684,589.8015747070312
2013-01-02,5993.25,29.10685920715332,589.8015747070312
2013-01-03,6009.5,29.168970108032227,589.8015747070312
2013-01-04,6016.14990234375,28.510229110717773,589.8015747070312
2013-01-07,5988.39990234375,28.93151092529297,589.8015747070312
2013-01-08,6001.7001953125,29.106290817260746,589.8015747070312
2013-01-09,5971.5,29.084510803222656,589.8015747070312
2013-01-10,5968.64990234375,28.907819747924805,589.8015747070312
2013-01-11,5951.2998046875,28.968259811401367,589.8015747070312
2013-01-14,6024.0498046875,28.985809326171875,589.8015747070312
2013-01-15,6056.60009765625,29.15690040588379,589.8015747070312
2013-01-16,6001.85009765625,29.286380767822266,589.8015747070312
2013-01-17,6039.2001953125,29.250139236450195,589.8015747070312
2013-01-18,6064.39990234375,29.012449264526367,589.8015747070312
2013-01-21,6082.2998046875,28.93998908996582,589.8015747070312
2013-01-22,6048.5,29.41093063354492,589.8015747070312
2013-01-23,6054.2998046875,29.539329528808597,589.8015747070312
2013-01-24,6019.35009765625,29.3310604095459,589.8015747070312
2013-01-25,6074.64990234375,29.22014045715332,589.8015747070312
2013-01-28,6074.7998046875,29.01708984375,589.8015747070312
2013-01-29,6049.89990234375,28.9822998046875,589.8015747070312
2013-01-30,6055.75,29.0074405670166,589.8015747070312
2013-01-31,6034.75,28.998859405517575,592.6506958007812
2013-02-01,5998.89990234375,28.872039794921875,592.6506958007812
2013-02-04,5987.25,28.68045997619629,592.6506958007812
2013-02-05,5956.89990234375,29.063899993896484,592.6506958007812
2013-02-06,5959.2001953125,28.828109741210938,592.6506958007812
2013-02-07,5938.7998046875,28.949750900268555,592.6506958007812
2013-02-08,5903.5,29.0118408203125,592.6506958007812
2013-02-11,5897.85009765625,28.96343040466309,592.6506958007812
2013-02-12,5922.5,28.748199462890625,592.6506958007812
2013-02-13,5932.9501953125,28.79528045654297,592.6506958007812
2013-02-14,5896.9501953125,28.740009307861328,592.6506958007812
2013-02-15,5887.39990234375,28.556480407714844,592.6506958007812
2013-02-18,5898.2001953125,28.375709533691406,592.6506958007812
2013-02-19,5939.7001953125,28.41189956665039,592.6506958007812
2013-02-20,5943.0498046875,28.10630989074707,592.6506958007812
2013-02-21,5852.25,27.761489868164062,592.6506958007812
2013-02-22,5850.2998046875,27.96875,592.6506958007812
2013-02-25,5854.75,27.986230850219727,592.6506958007812
2013-02-26,5761.35009765625,28.07427978515625,592.6506958007812
2013-02-27,5796.89990234375,28.14566993713379,592.6506958007812
2013-02-28,5693.0498046875,27.83016967773437,595.1478271484375
2013-03-01,5719.7001953125,27.82464027404785,595.1478271484375
2013-03-04,5698.5,28.182029724121094,595.1478271484375
2013-03-05,5784.25,28.09341049194336,595.1478271484375
2013-03-06,5818.60009765625,27.949180603027344,595.1478271484375
2013-03-07,5863.2998046875,28.071680068969727,595.1478271484375
2013-03-08,5945.7001953125,27.86012077331543,595.1478271484375
2013-03-11,5942.35009765625,27.813379287719727,595.1478271484375
2013-03-12,5914.10009765625,27.915430068969727,595.1478271484375
2013-03-13,5851.2001953125,27.95335960388184,595.1478271484375
2013-03-14,5908.9501953125,28.005640029907227,595.1478271484375
2013-03-15,5872.60009765625,28.00482940673828,595.1478271484375
2013-03-18,5835.25,28.152240753173828,595.1478271484375
2013-03-19,5745.9501953125,28.18712043762207,595.1478271484375
2013-03-20,5694.39990234375,28.389890670776367,595.1478271484375
2013-03-21,5658.75,28.296640396118164,595.1478271484375
2013-03-22,5651.35009765625,28.361309051513672,595.1478271484375
2013-03-25,5633.85009765625,28.09255027770996,595.1478271484375
2013-03-26,5641.60009765625,28.094430923461918,595.1478271484375
2013-03-28,5682.5498046875,28.235200881958008,598.0284423828125
2013-04-01,5704.39990234375,28.24814987182617,598.0284423828125
2013-04-02,5748.10009765625,28.142799377441406,598.0284423828125
2013-04-03,5672.89990234375,27.687429428100582,598.0284423828125
2013-04-04,5574.75,27.425020217895508,598.0284423828125
2013-04-05,5553.25,27.656700134277344,598.0284423828125
2013-04-08,5542.9501953125,27.98484992980957,598.0284423828125
2013-04-09,5495.10009765625,27.781740188598636,598.0284423828125
2013-04-10,5558.7001953125,27.96381950378418,598.0284423828125
2013-04-11,5594.0,27.53887939453125,598.0284423828125
2013-04-12,5528.5498046875,27.36758041381836,598.0284423828125
2013-04-15,5568.39990234375,25.272480010986328,598.0284423828125
2013-04-16,5688.9501953125,24.450170516967773,598.0284423828125
2013-04-17,5688.7001953125,24.30447006225586,598.0284423828125
2013-04-18,5783.10009765625,24.474000930786133,598.0284423828125
2013-04-22,5834.39990234375,24.97701072692871,598.0284423828125
2013-04-23,5836.89990234375,24.906530380249023,598.0284423828125
2013-04-25,5916.2998046875,25.329139709472656,598.0284423828125
2013-04-26,5871.4501953125,25.64034080505371,598.0284423828125
2013-04-29,5904.10009765625,25.872119903564453,600.5223388671875
2013-04-30,5930.2001953125,25.84966087341309,600.5223388671875
2013-05-02,5999.35009765625,25.376930236816406,600.5223388671875
2013-05-03,5944.0,25.80928039550781,600.5223388671875
2013-05-06,5971.0498046875,25.806489944458008,600.5223388671875
2013-05-07,6043.5498046875,25.7308292388916,600.5223388671875
2013-05-08,6069.2998046875,25.531200408935547,600.5223388671875
2013-05-09,6050.14990234375,25.82015037536621,600.5223388671875
2013-05-10,6094.75,25.61927032470703,600.5223388671875
2013-05-13,5980.4501953125,25.457569122314453,600.5223388671875
2013-05-14,5995.39990234375,25.443849563598636,600.5223388671875
2013-05-15,6146.75,25.10957908630371,600.5223388671875
2013-05-16,6169.89990234375,24.485729217529297,600.5223388671875
2013-05-17,6187.2998046875,24.546199798583984,600.5223388671875
2013-05-20,6156.89990234375,24.22442054748535,600.5223388671875
2013-05-21,6114.10009765625,24.640520095825195,600.5223388671875
2013-05-22,6094.5,24.866300582885746,600.5223388671875
2013-05-23,5967.0498046875,25.07486915588379,600.5223388671875
2013-05-24,5983.5498046875,24.900779724121094,600.5223388671875
2013-05-27,6083.14990234375,24.90387916564941,600.5223388671875
2013-05-28,6111.25,24.8493595123291,600.5223388671875
2013-05-29,6104.2998046875,25.1508903503418,600.5223388671875
2013-05-30,6124.0498046875,25.458410263061523,600.5223388671875
2013-05-31,5985.9501953125,25.694469451904297,603.197509765625
2013-06-03,5939.2998046875,25.556459426879883,603.197509765625
2013-06-04,5919.4501953125,25.729869842529297,603.197509765625
2013-06-05,5923.85009765625,25.48737907409668,603.197509765625
2013-06-06,5921.39990234375,26.21915054321289,603.197509765625
2013-06-07,5881.0,26.400789260864254,603.197509765625
2013-06-10,5878.0,26.261240005493164,603.197509765625
2013-06-11,5788.7998046875,26.60737991333008,603.197509765625
2013-06-12,5760.2001953125,26.47323989868164,603.197509765625
2013-06-13,5699.10009765625,26.689239501953125,603.197509765625
2013-06-14,5808.39990234375,26.293609619140625,603.197509765625
2013-06-17,5850.0498046875,26.356239318847656,603.197509765625
2013-06-18,5813.60009765625,26.525070190429688,603.197509765625
2013-06-19,5822.25,26.424949645996094,603.197509765625
2013-06-20,5655.89990234375,25.68899917602539,603.197509765625
2013-06-21,5667.64990234375,25.40018081665039,603.197509765625
2013-06-24,5590.25,25.385499954223636,603.197509765625
2013-06-25,5609.10009765625,25.268999099731445,603.1919555664062
2013-06-26,5588.7001953125,24.515499114990234,603.197509765625
2013-06-27,5682.35009765625,24.576499938964844,603.197509765625
2013-06-28,5842.2001953125,23.843000411987305,605.6449584960938
2013-07-01,5898.85009765625,24.44300079345703,605.638671875
2013-07-02,5857.5498046875,24.78300094604492,605.6449584960938
2013-07-03,5770.89990234375,24.836000442504883,605.6449584960938
2013-07-04,5836.9501953125,24.89150047302246,605.638671875
2013-07-05,5867.89990234375,24.822999954223636,605.6449584960938
2013-07-08,5811.5498046875,24.712499618530277,605.638671875
2013-07-09,5859.0,24.85950088500977,605.638671875
2013-07-10,5816.7001953125,24.823999404907227,605.638671875
2013-07-11,5935.10009765625,25.261999130249023,605.6449584960938
2013-07-12,6009.0,25.15049934387207,605.6449584960938
2013-07-15,6030.7998046875,25.30649948120117,605.638671875
2013-07-16,5955.25,25.124000549316406,605.638671875
2013-07-17,5973.2998046875,25.208999633789062,605.6449584960938
2013-07-18,6038.0498046875,25.1875,605.638671875
2013-07-19,6029.2001953125,25.313499450683597,605.6449584960938
2013-07-22,6031.7998046875,25.77449989318848,605.638671875
2013-07-23,6077.7998046875,26.176000595092773,605.638671875
2013-07-24,5990.5,25.898500442504883,605.6449584960938
2013-07-25,5907.5,25.538000106811523,605.6449584960938
2013-07-26,5886.2001953125,25.82999992370605,605.638671875
2013-07-29,5831.64990234375,26.252500534057617,605.638671875
2013-07-30,5755.0498046875,26.482999801635746,605.6449584960938
2013-07-31,5742.0,26.74049949645996,608.3505249023438
2013-08-01,5727.85009765625,26.33449935913086,608.3505249023438
2013-08-02,5677.89990234375,25.957500457763672,608.3505249023438
2013-08-05,5685.39990234375,26.506999969482425,608.3447265625
2013-08-06,5542.25,26.448999404907227,608.3505249023438
2013-08-07,5519.10009765625,26.06100082397461,608.3447265625
2013-08-08,5565.64990234375,26.316999435424805,608.3447265625
2013-08-12,5612.39990234375,27.07900047302246,608.3505249023438
2013-08-13,5699.2998046875,27.660499572753903,608.3505249023438
2013-08-14,5742.2998046875,27.57099914550781,608.3505249023438
2013-08-16,5507.85009765625,28.55349922180176,608.3505249023438
2013-08-19,5414.75,29.03499984741211,608.3447265625
2013-08-20,5401.4501953125,29.07749938964844,608.3505249023438
2013-08-21,5302.5498046875,29.201000213623047,608.3505249023438
2013-08-22,5408.4501953125,29.241500854492188,608.3447265625
2013-08-23,5471.75,29.03199958801269,608.3505249023438
2013-08-26,5476.5,29.43149948120117,608.3505249023438
2013-08-27,5287.4501953125,29.74349975585937,608.3447265625
2013-08-28,5285.0,30.16900062561035,608.3505249023438
2013-08-29,5409.0498046875,29.96649932861328,608.3447265625
2013-08-30,5471.7998046875,29.11899948120117,611.8927612304688
2013-09-02,5550.75,29.20949935913086,611.8927612304688
2013-09-03,5341.4501953125,29.96999931335449,611.8927612304688
2013-09-04,5448.10009765625,29.77949905395508,611.8927612304688
2013-09-05,5592.9501953125,29.247499465942383,611.8987426757812
2013-09-06,5680.39990234375,28.59650039672852,611.8987426757812
2013-09-10,5896.75,28.24650001525879,611.8987426757812
2013-09-11,5913.14990234375,28.13999938964844,611.8927612304688
2013-09-12,5850.7001953125,28.145000457763672,611.8987426757812
2013-09-13,5850.60009765625,27.69849967956543,611.8927612304688
2013-09-16,5840.5498046875,27.572999954223636,611.8927612304688
2013-09-17,5850.2001953125,27.8435001373291,611.8987426757812
2013-09-18,5899.4501953125,27.53350067138672,611.8987426757812
2013-09-19,6115.5498046875,28.24449920654297,611.8987426757812
2013-09-20,6012.10009765625,28.136499404907227,611.8987426757812
2013-09-23,5889.75,27.89150047302246,611.8987426757812
2013-09-24,5892.4501953125,27.761999130249023,611.8927612304688
2013-09-25,5873.85009765625,27.91650009155273,611.8927612304688
2013-09-26,5882.25,27.9375,611.8987426757812
2013-09-27,5833.2001953125,28.011999130249023,611.8987426757812
2013-09-30,5735.2998046875,28.42300033569336,612.73974609375
2013-10-01,5780.0498046875,28.07699966430664,612.7337646484375
2013-10-03,5909.7001953125,27.89699935913086,612.7337646484375
2013-10-04,5907.2998046875,27.88949966430664,612.7337646484375
2013-10-07,5906.14990234375,27.968000411987305,612.73974609375
2013-10-08,5928.39990234375,28.72150039672852,612.73974609375
2013-10-09,6007.4501953125,28.3799991607666,612.73974609375
2013-10-10,6020.9501953125,28.410499572753903,612.73974609375
2013-10-11,6096.2001953125,28.06450080871582,612.73974609375
2013-10-14,6112.7001953125,28.3174991607666,612.73974609375
2013-10-15,6089.0498046875,28.118000030517575,612.73974609375
2013-10-17,6045.85009765625,28.68000030517578,612.73974609375
2013-10-18,6189.35009765625,28.875,612.7337646484375
2013-10-21,6204.9501953125,29.07699966430664,612.7337646484375
2013-10-22,6202.7998046875,29.31999969482422,612.73974609375
2013-10-23,6178.35009765625,29.739999771118164,612.73974609375
2013-10-24,6164.35009765625,29.65449905395508,612.73974609375
2013-10-25,6144.89990234375,29.75300025939941,612.73974609375
2013-10-28,6101.10009765625,29.871000289916992,612.73974609375
2013-10-29,6220.89990234375,29.16399955749512,612.73974609375
2013-10-30,6251.7001953125,29.082500457763672,612.73974609375
2013-10-31,6299.14990234375,28.65800094604492,616.1024169921875
2013-11-01,6307.2001953125,28.809499740600582,616.1024169921875
2013-11-05,6253.14990234375,28.47599983215332,616.096435546875
2013-11-06,6215.14990234375,28.767000198364254,616.096435546875
2013-11-07,6187.25,28.582000732421875,616.1024169921875
2013-11-08,6140.75,28.709999084472656,616.1024169921875
2013-11-11,6078.7998046875,28.66550064086914,616.1024169921875
2013-11-12,6018.0498046875,29.036500930786133,616.1024169921875
2013-11-13,5989.60009765625,28.95050048828125,616.1024169921875
2013-11-14,6056.14990234375,28.99049949645996,616.1024169921875
2013-11-18,6189.0,29.035999298095703,616.096435546875
2013-11-19,6203.35009765625,28.88249969482422,616.096435546875
2013-11-20,6122.89990234375,28.896499633789062,616.096435546875
2013-11-21,5999.0498046875,28.780000686645508,616.1024169921875
2013-11-22,5995.4501953125,28.801000595092773,616.096435546875
2013-11-25,6115.35009765625,28.40399932861328,616.096435546875
2013-11-26,6059.10009765625,28.71500015258789,616.096435546875
2013-11-27,6057.10009765625,28.621000289916992,616.096435546875
2013-11-28,6091.85009765625,28.47050094604492,616.1024169921875
2013-11-29,6176.10009765625,28.76000022888184,619.0485229492188
2013-12-02,6217.85009765625,28.60300064086914,619.0485229492188
2013-12-03,6201.85009765625,28.51749992370605,619.0425415039062
2013-12-04,6160.9501953125,28.60849952697754,619.0425415039062
2013-12-05,6241.10009765625,28.67200088500977,619.0425415039062
2013-12-06,6259.89990234375,28.45949935913086,619.0485229492188
2013-12-09,6363.89990234375,28.155500411987305,619.0485229492188
2013-12-10,6332.85009765625,28.299999237060547,619.0425415039062
2013-12-11,6307.89990234375,28.400999069213867,619.0425415039062
2013-12-12,6237.0498046875,28.21999931335449,619.0425415039062
2013-12-13,6168.39990234375,28.17350006103516,619.0485229492188
2013-12-16,6154.7001953125,28.10449981689453,619.0485229492188
2013-12-17,6139.0498046875,27.96150016784668,619.0425415039062
2013-12-18,6217.14990234375,27.930500030517575,619.0425415039062
2013-12-19,6166.64990234375,27.760499954223636,619.0485229492188
2013-12-20,6274.25,27.59149932861328,619.0485229492188
2013-12-23,6284.5,27.631999969482425,619.0425415039062
2013-12-24,6268.39990234375,27.517000198364254,619.0425415039062
2013-12-26,6278.89990234375,27.614999771118164,619.0485229492188
2013-12-27,6313.7998046875,27.433500289916992,619.0485229492188
2013-12-30,6291.10009765625,27.246000289916992,619.0485229492188
2013-12-31,6304.0,27.174999237060547,622.2314453125
2014-01-01,6304.0,27.243000030517575,622.2250366210938
2014-01-02,6221.14990234375,27.46050071716309,622.2314453125
2014-01-03,6211.14990234375,27.652999877929688,622.2250366210938
2014-01-06,6191.4501953125,27.62700080871582,622.2250366210938
2014-01-07,6162.25,27.611499786376957,622.2314453125
2014-01-08,6174.60009765625,27.40049934387207,622.2314453125
2014-01-09,6168.35009765625,27.429500579833984,622.2314453125
2014-01-10,6171.4501953125,27.52199935913086,622.2314453125
2014-01-13,6272.75,27.60449981689453,622.2250366210938
2014-01-14,6241.85009765625,27.70549964904785,622.2314453125
2014-01-15,6320.89990234375,27.53499984741211,622.2250366210938
2014-01-16,6318.89990234375,27.583499908447266,622.2314453125
2014-01-17,6261.64990234375,27.56550025939941,622.2314453125
2014-01-20,6303.9501953125,27.73349952697754,622.2250366210938
2014-01-21,6313.7998046875,27.68099975585937,622.2250366210938
2014-01-22,6338.9501953125,27.558500289916992,622.2314453125
2014-01-23,6345.64990234375,27.506000518798828,622.2250366210938
2014-01-24,6266.75,27.662500381469727,622.2314453125
2014-01-27,6135.85009765625,27.83550071716309,622.2250366210938
2014-01-28,6126.25,27.75950050354004,622.2250366210938
2014-01-29,6120.25,28.141000747680664,622.2314453125
2014-01-30,6073.7001953125,27.795000076293945,622.2314453125
2014-01-31,6089.5,27.655000686645508,625.3455200195312
2014-02-03,6001.7998046875,27.60449981689453,625.3399658203125
2014-02-04,6000.89990234375,27.71150016784668,625.3455200195312
2014-02-05,6022.39990234375,27.706499099731445,625.3455200195312
2014-02-06,6036.2998046875,27.71949958801269,625.3455200195312
2014-02-07,6063.2001953125,27.74850082397461,625.3455200195312
2014-02-10,6053.4501953125,27.91200065612793,625.3455200195312
2014-02-11,6062.7001953125,28.01799964904785,625.3399658203125
2014-02-12,6084.0,27.99349975585937,625.3455200195312
2014-02-13,6001.10009765625,27.95249938964844,625.3455200195312
2014-02-14,6048.35009765625,28.10149955749512,625.3399658203125
2014-02-17,6048.35009765625,28.527000427246094,625.3399658203125
2014-02-18,6127.10009765625,28.59199905395508,625.3399658203125
2014-02-19,6152.75,28.6299991607666,625.3455200195312
2014-02-20,6091.4501953125,28.56450080871582,625.3399658203125
2014-02-21,6155.4501953125,28.44099998474121,625.3399658203125
2014-02-24,6186.10009765625,28.57200050354004,625.3399658203125
2014-02-25,6200.0498046875,28.50300025939941,625.3399658203125
2014-02-26,6238.7998046875,28.552000045776367,625.3455200195312
2014-02-28,6276.9501953125,28.502500534057617,628.1815795898438
2014-03-03,6221.4501953125,28.61549949645996,628.175537109375
2014-03-04,6297.9501953125,28.451499938964844,628.1815795898438
2014-03-05,6328.64990234375,28.357500076293945,628.175537109375
2014-03-06,6401.14990234375,28.249500274658203,628.1815795898438
2014-03-07,6526.64990234375,28.21500015258789,628.1815795898438
2014-03-10,6537.25,28.052499771118164,628.175537109375
2014-03-11,6511.89990234375,28.097000122070312,628.175537109375
2014-03-12,6516.89990234375,28.18000030517578,628.175537109375
2014-03-13,6493.10009765625,28.21999931335449,628.1815795898438
2014-03-14,6504.2001953125,28.366500854492188,628.1815795898438
2014-03-18,6516.64990234375,28.12800025939941,628.175537109375
2014-03-19,6524.0498046875,27.917499542236328,628.1815795898438
2014-03-20,6483.10009765625,27.54400062561035,628.1815795898438
2014-03-21,6493.2001953125,27.62700080871582,628.175537109375
2014-03-24,6583.5,27.309499740600582,628.1815795898438
2014-03-25,6589.75,27.0314998626709,628.1815795898438
2014-03-26,6601.39990234375,27.006500244140625,628.175537109375
2014-03-27,6641.75,26.826000213623047,628.1815795898438
2014-03-28,6695.89990234375,26.86100006103516,628.1815795898438
2014-03-31,6704.2001953125,27.07250022888184,631.4548950195312
2014-04-01,6721.0498046875,26.77750015258789,631.4607543945312
2014-04-02,6752.5498046875,26.3700008392334,631.4548950195312
2014-04-03,6736.10009765625,26.614500045776367,631.4548950195312
2014-04-04,6694.35009765625,26.640499114990234,631.4548950195312
2014-04-07,6695.0498046875,26.679500579833984,631.4607543945312
2014-04-09,6796.2001953125,26.836000442504883,631.4548950195312
2014-04-10,6796.39990234375,27.098499298095703,631.4607543945312
2014-04-11,6776.2998046875,27.066499710083008,631.4607543945312
2014-04-15,6733.10009765625,27.32349967956543,631.4607543945312
2014-04-16,6675.2998046875,27.31800079345703,631.4548950195312
2014-04-17,6779.39990234375,27.40699958801269,631.4607543945312
2014-04-21,6817.64990234375,27.519500732421875,631.4548950195312
2014-04-22,6815.35009765625,27.7450008392334,631.4607543945312
2014-04-23,6840.7998046875,27.839500427246094,631.4548950195312
2014-04-25,6782.75,27.99349975585937,631.4607543945312
2014-04-28,6761.25,28.03400039672852,631.4548950195312
2014-04-29,6715.25,27.956499099731445,634.49560546875
2014-04-30,6696.39990234375,27.85849952697754,634.49560546875
2014-05-02,6694.7998046875,27.84000015258789,634.49560546875
2014-05-05,6699.35009765625,27.944499969482425,634.49560546875
2014-05-06,6715.2998046875,27.97249984741211,634.49560546875
2014-05-07,6652.5498046875,27.99799919128418,634.49560546875
2014-05-08,6659.85009765625,27.77050018310547,634.49560546875
2014-05-09,6858.7998046875,27.636499404907227,634.4893798828125
2014-05-12,7014.25,27.583999633789062,634.49560546875
2014-05-13,7108.75,27.444000244140625,634.49560546875
2014-05-14,7108.75,27.40900039672852,634.4893798828125
2014-05-15,7123.14990234375,27.38050079345703,634.49560546875
2014-05-16,7203.0,27.01499938964844,634.4893798828125
2014-05-19,7263.5498046875,26.75749969482422,634.4893798828125
2014-05-20,7275.5,26.641000747680664,634.49560546875
2014-05-21,7252.89990234375,26.54050064086914,634.49560546875
2014-05-22,7276.39990234375,25.597999572753903,634.4893798828125
2014-05-23,7367.10009765625,25.50900077819824,634.49560546875
2014-05-26,7359.0498046875,25.590999603271484,634.49560546875
2014-05-27,7318.0,25.456499099731445,634.49560546875
2014-05-28,7329.64990234375,25.254499435424805,634.49560546875
2014-05-29,7235.64990234375,24.926000595092773,634.49560546875
2014-05-30,7229.9501953125,24.92099952697754,637.6603393554688
2014-06-02,7362.5,24.80150032043457,637.65478515625
2014-06-03,7415.85009765625,24.813499450683597,637.6603393554688
2014-06-04,7402.25,24.770999908447266,637.6603393554688
2014-06-05,7474.10009765625,24.714500427246094,637.6603393554688
2014-06-06,7583.39990234375,24.732999801635746,637.6603393554688
2014-06-09,7654.60009765625,24.64900016784668,637.6676025390625
2014-06-10,7656.39990234375,24.69650077819824,637.65478515625
2014-06-11,7626.85009765625,24.84499931335449,637.6603393554688
2014-06-12,7649.89990234375,24.85149955749512,637.6603393554688
2014-06-13,7542.10009765625,25.122499465942383,637.6603393554688
2014-06-16,7533.5498046875,25.5939998626709,637.65478515625
2014-06-17,7631.7001953125,25.33550071716309,637.65478515625
2014-06-18,7558.2001953125,25.429500579833984,637.6603393554688
2014-06-19,7540.7001953125,25.53849983215332,637.65478515625
2014-06-20,7511.4501953125,26.0939998626709,637.6603393554688
2014-06-23,7493.35009765625,26.07349967956543,637.6603393554688
2014-06-24,7580.2001953125,26.193500518798828,637.65478515625
2014-06-25,7569.25,26.04150009155273,637.6603393554688
2014-06-26,7493.2001953125,26.066999435424805,637.6603393554688
2014-06-27,7508.7998046875,26.00849914550781,637.6603393554688
2014-06-30,7611.35009765625,26.0674991607666,640.8104248046875
2014-07-01,7634.7001953125,26.077999114990234,640.8104248046875
2014-07-02,7725.14990234375,25.96949958801269,640.8042602539062
2014-07-03,7714.7998046875,25.799999237060547,640.8104248046875
2014-07-04,7751.60009765625,25.802000045776367,640.8104248046875
2014-07-07,7787.14990234375,25.65049934387207,640.8042602539062
2014-07-08,7623.2001953125,25.63050079345703,640.8104248046875
2014-07-09,7585.0,25.701000213623047,640.8104248046875
2014-07-10,7567.75,26.33650016784668,640.8042602539062
2014-07-11,7459.60009765625,26.25149917602539,640.8104248046875
2014-07-14,7454.14990234375,26.092500686645508,640.8042602539062
2014-07-15,7526.64990234375,25.949499130249023,640.8104248046875
2014-07-16,7624.39990234375,25.78249931335449,640.8104248046875
2014-07-17,7640.4501953125,25.850500106811523,640.8042602539062
2014-07-18,7663.89990234375,25.957000732421875,640.8104248046875
2014-07-21,7684.2001953125,25.957000732421875,640.8104248046875
2014-07-22,7767.85009765625,25.85650062561035,640.8104248046875
2014-07-23,7795.75,25.788000106811523,640.8173217773438
2014-07-24,7830.60009765625,25.67300033569336,640.8104248046875
2014-07-25,7790.4501953125,25.516000747680664,640.8104248046875
2014-07-28,7748.7001953125,25.76749992370605,640.8042602539062
2014-07-30,7791.39990234375,25.68199920654297,640.8104248046875
2014-07-31,7721.2998046875,25.691499710083008,644.1697998046875
2014-08-01,7602.60009765625,25.787500381469727,644.1759643554688
2014-08-04,7683.64990234375,25.892000198364254,644.1697998046875
2014-08-05,7746.5498046875,25.84650039672852,644.1759643554688
2014-08-06,7672.0498046875,25.978500366210938,644.1759643554688
2014-08-07,7649.25,26.179000854492188,644.1759643554688
2014-08-08,7568.5498046875,26.47949981689453,644.1697998046875
2014-08-11,7625.9501953125,26.19650077819824,644.1697998046875
2014-08-12,7727.0498046875,26.32349967956543,644.1697998046875
2014-08-13,7739.5498046875,26.25900077819824,644.1759643554688
2014-08-14,7791.7001953125,26.277999877929688,644.1697998046875
2014-08-18,7874.25,26.02449989318848,644.1697998046875
2014-08-19,7897.5,25.92250061035156,644.1759643554688
2014-08-20,7875.2998046875,25.957000732421875,644.1697998046875
2014-08-21,7891.10009765625,25.694499969482425,644.1697998046875
2014-08-22,7913.2001953125,25.738000869750977,644.1759643554688
2014-08-25,7906.2998046875,25.53249931335449,644.1759643554688
2014-08-26,7904.75,25.6879997253418,644.1759643554688
2014-08-27,7936.0498046875,25.60149955749512,644.1697998046875
2014-08-28,7954.35009765625,25.707500457763672,647.3606567382812
2014-09-01,8027.7001953125,25.70949935913086,647.3545532226562
2014-09-02,8083.0498046875,25.562000274658203,647.3606567382812
2014-09-03,8114.60009765625,25.462499618530277,647.3606567382812
2014-09-04,8095.9501953125,25.35650062561035,647.3545532226562
2014-09-05,8086.85009765625,25.28199958801269,647.3545532226562
2014-09-08,8173.89990234375,25.183500289916992,647.3545532226562
2014-09-09,8152.9501953125,25.098499298095703,647.3545532226562
2014-09-10,8094.10009765625,25.25149917602539,647.3545532226562
2014-09-11,8085.7001953125,25.10950088500977,647.3606567382812
2014-09-12,8105.5,25.004499435424805,647.3606567382812
2014-09-15,8042.0,24.987499237060547,647.3545532226562
2014-09-16,7932.89990234375,25.00849914550781,647.3606567382812
2014-09-17,7975.5,24.85400009155273,647.3545532226562
2014-09-18,8114.75,24.86100006103516,647.3545532226562
2014-09-19,8121.4501953125,24.79850006103516,647.3606567382812
2014-09-22,8146.2998046875,24.68950080871582,647.3545532226562
2014-09-23,8017.5498046875,24.78899955749512,647.3606567382812
2014-09-24,8002.39990234375,24.895000457763672,647.3545532226562
2014-09-25,7911.85009765625,24.76650047302246,647.3606567382812
2014-09-26,7968.85009765625,24.766000747680664,647.3606567382812
2014-09-29,7958.89990234375,24.80699920654297,647.3606567382812
2014-09-30,7964.7998046875,24.697999954223636,650.3616333007812
2014-10-01,7945.5498046875,24.69599914550781,650.3616333007812
2014-10-07,7852.39990234375,24.590499877929688,650.3555297851562
2014-10-08,7842.7001953125,24.88400077819824,650.3555297851562
2014-10-09,7960.5498046875,24.90399932861328,650.3616333007812
2014-10-10,7859.9501953125,24.862499237060547,650.3616333007812
2014-10-13,7884.25,24.940000534057617,650.3555297851562
2014-10-14,7864.0,24.98349952697754,650.3555297851562
2014-10-15,7864.0,24.98349952697754,650.3616333007812
2014-10-16,7748.2001953125,25.395999908447266,650.3555297851562
2014-10-17,7779.7001953125,25.12649917602539,650.3555297851562
2014-10-20,7879.39990234375,25.08099937438965,650.3616333007812
2014-10-21,7927.75,25.612499237060547,650.3616333007812
2014-10-22,7995.89990234375,25.261499404907227,650.3616333007812
2014-10-27,7991.7001953125,24.911500930786133,650.3616333007812
2014-10-28,8027.60009765625,24.9060001373291,650.3616333007812
2014-10-29,8090.4501953125,24.86750030517578,650.3681030273438
2014-10-30,8169.2001953125,24.642000198364254,650.3616333007812
2014-10-31,8322.2001953125,24.270000457763672,653.3575439453125
2014-11-03,8324.150390625,24.295000076293945,653.3575439453125
2014-11-05,8338.2998046875,24.063499450683597,653.3575439453125
2014-11-07,8337.0,23.902000427246094,653.3507080078125
2014-11-10,8344.25,24.121000289916992,653.3507080078125
2014-11-11,8362.650390625,23.82200050354004,653.3507080078125
2014-11-12,8383.2998046875,23.9325008392334,653.3507080078125
2014-11-13,8357.849609375,23.94300079345703,653.3575439453125
2014-11-14,8389.900390625,23.90449905395508,653.3575439453125
2014-11-17,8430.75,24.304000854492188,653.3507080078125
2014-11-18,8425.900390625,24.40749931335449,653.3507080078125
2014-11-19,8382.2998046875,24.491500854492188,653.3575439453125
2014-11-20,8401.900390625,24.37800025939941,653.3507080078125
2014-11-21,8477.349609375,24.312000274658203,653.3575439453125
2014-11-24,8530.150390625,24.35149955749512,653.3575439453125
2014-11-25,8463.099609375,24.499500274658203,653.3575439453125
2014-11-26,8475.75,24.65749931335449,653.3507080078125
2014-11-27,8494.2001953125,24.44650077819824,653.3575439453125
2014-11-28,8588.25,24.429000854492188,656.17822265625
2014-12-01,8555.900390625,23.91699981689453,656.1845703125
2014-12-02,8524.7001953125,24.20549964904785,656.17822265625
2014-12-03,8537.650390625,24.417999267578125,656.17822265625
2014-12-04,8564.400390625,24.370500564575195,656.17822265625
2014-12-05,8538.2998046875,24.27050018310547,656.17822265625
2014-12-08,8438.25,24.302499771118164,656.17822265625
2014-12-09,8340.7001953125,24.374000549316406,656.17822265625
2014-12-10,8355.650390625,24.861499786376957,656.17822265625
2014-12-11,8292.900390625,24.676000595092773,656.17822265625
2014-12-12,8224.099609375,24.862499237060547,656.17822265625
2014-12-15,8219.599609375,24.8129997253418,656.17822265625
2014-12-16,8067.60009765625,24.76300048828125,656.17822265625
2014-12-17,8029.7998046875,24.753999710083008,656.1845703125
2014-12-18,8159.2998046875,24.65749931335449,656.1845703125
2014-12-19,8225.2001953125,24.616500854492188,656.1845703125
2014-12-22,8324.0,24.761999130249023,656.17822265625
2014-12-23,8267.0,24.472000122070312,656.1845703125
2014-12-24,8174.10009765625,24.39949989318848,656.17822265625
2014-12-26,8200.7001953125,24.613500595092773,656.1845703125
2014-12-29,8246.2998046875,24.707500457763672,656.1845703125
2014-12-30,8248.25,24.593000411987305,656.1845703125
2014-12-31,8282.7001953125,24.64150047302246,659.2576904296875
2015-01-01,8282.7001953125,24.563499450683597,659.2509155273438
2015-01-02,8395.4501953125,24.511999130249023,659.2576904296875
2015-01-05,8378.400390625,24.66200065612793,659.2509155273438
2015-01-06,8127.35009765625,24.97900009155273,659.2576904296875
2015-01-07,8102.10009765625,25.02199935913086,659.2509155273438
2015-01-08,8234.599609375,24.68950080871582,659.2576904296875
2015-01-09,8284.5,24.563499450683597,659.2576904296875
2015-01-12,8323.0,24.78899955749512,659.2509155273438
2015-01-13,8299.400390625,24.997499465942383,659.2576904296875
2015-01-14,8277.5498046875,24.85700035095215,659.2509155273438
2015-01-15,8494.150390625,24.786500930786133,659.2509155273438
2015-01-16,8513.7998046875,25.32150077819824,659.2576904296875
2015-01-19,8550.7001953125,25.54450035095215,659.2509155273438
2015-01-20,8695.599609375,25.8075008392334,659.2576904296875
2015-01-21,8729.5,25.92650032043457,659.2576904296875
2015-01-22,8761.400390625,25.70949935913086,659.2509155273438
2015-01-23,8835.599609375,25.77300071716309,659.2576904296875
2015-01-27,8910.5,25.56999969482422,659.2576904296875
2015-01-28,8914.2998046875,25.6879997253418,659.2576904296875
2015-01-29,8952.349609375,25.520999908447266,659.2576904296875
2015-01-30,8808.900390625,25.788000106811523,662.1888427734375
2015-02-02,8797.400390625,25.69750022888184,662.1888427734375
2015-02-03,8756.5498046875,25.670000076293945,662.1888427734375
2015-02-04,8723.7001953125,25.402000427246094,662.1888427734375
2015-02-05,8711.7001953125,25.495500564575195,662.1956176757812
2015-02-06,8661.0498046875,25.5,662.1888427734375
2015-02-09,8526.349609375,25.068500518798828,662.1888427734375
2015-02-10,8565.5498046875,25.07250022888184,662.1888427734375
2015-02-11,8627.400390625,25.083999633789062,662.1888427734375
2015-02-12,8711.5498046875,24.8799991607666,662.1888427734375
2015-02-13,8805.5,24.992000579833984,662.1956176757812
2015-02-16,8809.349609375,25.05649948120117,662.1956176757812
2015-02-18,8869.099609375,24.804000854492188,662.1956176757812
2015-02-19,8895.2998046875,24.728500366210938,662.1956176757812
2015-02-20,8833.599609375,24.717500686645508,662.1956176757812
2015-02-23,8754.9501953125,24.590999603271484,662.1956176757812
2015-02-24,8762.099609375,24.36199951171875,662.1888427734375
2015-02-25,8767.25,24.434999465942383,662.1888427734375
2015-02-26,8683.849609375,24.40900039672852,662.1956176757812
2015-02-27,8844.599609375,24.36599922180176,664.8381958007812
2015-03-02,8956.75,24.62299919128418,664.8314208984375
2015-03-03,8996.25,24.43950080871582,664.8314208984375
2015-03-04,8922.650390625,24.42650032043457,664.8381958007812
2015-03-05,8937.75,24.57349967956543,664.8314208984375
2015-03-09,8756.75,24.349000930786133,664.8381958007812
2015-03-10,8712.0498046875,24.14150047302246,664.8381958007812
2015-03-11,8699.9501953125,24.02400016784668,664.8314208984375
2015-03-12,8776.0,23.9685001373291,664.8381958007812
2015-03-13,8647.75,23.91699981689453,664.8381958007812
2015-03-16,8633.150390625,23.927000045776367,664.8314208984375
2015-03-17,8723.2998046875,23.809499740600582,664.8314208984375
2015-03-18,8685.900390625,23.74399948120117,664.8314208984375
2015-03-19,8634.650390625,23.78499984741211,664.8381958007812
2015-03-20,8570.900390625,23.812000274658203,664.8381958007812
2015-03-23,8550.900390625,23.900999069213867,664.8314208984375
2015-03-24,8542.9501953125,24.04700088500977,664.8381958007812
2015-03-25,8530.7998046875,24.02449989318848,664.8381958007812
2015-03-26,8342.150390625,24.550500869750977,664.8314208984375
2015-03-27,8341.400390625,24.19499969482422,664.8381958007812
2015-03-30,8492.2998046875,24.11100006103516,664.8381958007812
2015-03-31,8491.0,23.989500045776367,667.7450561523438
2015-04-01,8586.25,24.13599967956543,667.738037109375
2015-04-06,8659.900390625,24.636999130249023,667.7450561523438
2015-04-07,8660.2998046875,24.53899955749512,667.738037109375
2015-04-08,8714.400390625,24.5575008392334,667.738037109375
2015-04-09,8778.2998046875,24.207000732421875,667.738037109375
2015-04-10,8780.349609375,24.33650016784668,667.7450561523438
2015-04-13,8834.0,24.36050033569336,667.738037109375
2015-04-15,8834.0,24.1879997253418,667.738037109375
2015-04-16,8706.7001953125,24.403499603271484,667.7450561523438
2015-04-17,8606.0,24.43600082397461,667.738037109375
2015-04-20,8448.099609375,24.611499786376957,667.7450561523438
2015-04-21,8377.75,24.85700035095215,667.738037109375
2015-04-22,8429.7001953125,24.60099983215332,667.738037109375
2015-04-23,8398.2998046875,24.441499710083008,667.7450561523438
2015-04-24,8305.25,24.59600067138672,667.7450561523438
2015-04-27,8213.7998046875,24.453500747680664,667.738037109375
2015-04-28,8285.599609375,24.63450050354004,667.738037109375
2015-04-29,8239.75,24.73550033569336,670.5609741210938
2015-04-30,8181.5,24.842500686645508,670.5542602539062
2015-05-04,8331.9501953125,24.52750015258789,670.5609741210938
2015-05-05,8324.7998046875,24.480499267578125,670.5609741210938
2015-05-06,8097.0,24.602500915527344,670.5609741210938
2015-05-07,8057.2998046875,24.68400001525879,670.5609741210938
2015-05-08,8191.5,24.64249992370605,670.5609741210938
2015-05-11,8325.25,24.61100006103516,670.5609741210938
2015-05-12,8126.9501953125,24.708999633789062,670.5609741210938
2015-05-13,8235.4501953125,24.843000411987305,670.5609741210938
2015-05-14,8224.2001953125,25.166000366210938,670.5609741210938
2015-05-15,8262.349609375,25.06550025939941,670.5609741210938
2015-05-18,8373.650390625,25.315000534057617,670.5609741210938
2015-05-19,8365.650390625,25.12849998474121,670.5609741210938
2015-05-20,8423.25,24.97450065612793,670.5609741210938
2015-05-21,8421.0,24.995500564575195,670.5609741210938
2015-05-22,8458.9501953125,24.837499618530277,670.5609741210938
2015-05-25,8370.25,24.793500900268555,670.5609741210938
2015-05-26,8339.349609375,24.729999542236328,670.5609741210938
2015-05-27,8334.599609375,24.66200065612793,670.5609741210938
2015-05-28,8319.0,24.620500564575195,670.5609741210938
2015-05-29,8433.650390625,24.598499298095703,673.36083984375
2015-06-01,8433.400390625,24.511499404907227,673.3677368164062
2015-06-02,8236.4501953125,24.684999465942383,673.3677368164062
2015-06-03,8135.10009765625,24.66550064086914,673.3677368164062
2015-06-04,8130.64990234375,24.61599922180176,673.36083984375
2015-06-05,8114.7001953125,24.4424991607666,673.3677368164062
2015-06-08,8044.14990234375,24.479999542236328,673.3677368164062
2015-06-09,8022.39990234375,24.474000930786133,673.3677368164062
2015-06-10,8124.4501953125,24.51799964904785,673.3677368164062
2015-06-11,7965.35009765625,24.284500122070312,673.3677368164062
2015-06-12,7982.89990234375,24.444499969482425,673.3677368164062
2015-06-15,8013.89990234375,24.411500930786133,673.3677368164062
2015-06-16,8047.2998046875,24.479999542236328,673.3677368164062
2015-06-17,8091.5498046875,24.438499450683597,673.3677368164062
2015-06-18,8174.60009765625,24.597999572753903,673.3677368164062
2015-06-19,8224.9501953125,24.56999969482422,673.3677368164062
2015-06-22,8353.099609375,24.44599914550781,673.36083984375
2015-06-23,8381.5498046875,24.249500274658203,673.36083984375
2015-06-24,8360.849609375,24.14349937438965,673.3677368164062
2015-06-25,8398.0,24.23699951171875,673.3677368164062
2015-06-26,8381.099609375,24.207000732421875,673.3677368164062
2015-06-29,8318.400390625,24.30699920654297,673.3677368164062
2015-06-30,8368.5,24.19849967956543,675.9800415039062
2015-07-01,8453.0498046875,24.177000045776367,675.9800415039062
2015-07-02,8444.900390625,24.026500701904297,675.9733276367188
2015-07-03,8484.900390625,23.947999954223636,675.9800415039062
2015-07-06,8522.150390625,23.91650009155273,675.9733276367188
2015-07-07,8510.7998046875,23.996000289916992,675.9733276367188
2015-07-08,8363.0498046875,23.973499298095703,675.9800415039062
2015-07-09,8328.5498046875,24.1200008392334,675.9733276367188
2015-07-10,8360.5498046875,23.97800064086914,675.9800415039062
2015-07-13,8459.650390625,23.82999992370605,675.9733276367188
2015-07-14,8454.099609375,23.77949905395508,675.9800415039062
2015-07-15,8523.7998046875,23.79150009155273,675.9800415039062
2015-07-16,8608.0498046875,23.627500534057617,675.9800415039062
2015-07-17,8609.849609375,23.60449981689453,675.9800415039062
2015-07-20,8603.4501953125,23.328500747680664,675.9800415039062
2015-07-21,8529.4501953125,23.38450050354004,675.9800415039062
2015-07-22,8633.5,22.85099983215332,675.9733276367188
2015-07-23,8589.7998046875,22.92849922180176,675.9800415039062
2015-07-24,8521.5498046875,22.864999771118164,675.9800415039062
2015-07-27,8361.0,22.93000030517578,675.9733276367188
2015-07-28,8337.0,22.89800071716309,675.9733276367188
2015-07-29,8375.0498046875,22.799999237060547,675.9800415039062
2015-07-30,8421.7998046875,22.728500366210938,675.9733276367188
2015-07-31,8532.849609375,22.69750022888184,678.6731567382812
2015-08-03,8543.0498046875,22.74099922180176,678.6800537109375
2015-08-04,8516.900390625,22.6879997253418,678.6731567382812
2015-08-05,8567.9501953125,22.511999130249023,678.6800537109375
2015-08-06,8588.650390625,22.48550033569336,678.6731567382812
2015-08-07,8564.599609375,22.61050033569336,678.6800537109375
2015-08-10,8525.599609375,22.70199966430664,678.6731567382812
2015-08-11,8462.349609375,23.14299964904785,678.6731567382812
2015-08-12,8349.4501953125,23.459999084472656,678.6731567382812
2015-08-13,8355.849609375,23.545000076293945,678.6800537109375
2015-08-14,8518.5498046875,23.503999710083008,678.6800537109375
2015-08-17,8477.2998046875,23.645000457763672,678.6800537109375
2015-08-18,8466.5498046875,23.75749969482422,678.6800537109375
2015-08-19,8495.150390625,23.75550079345703,678.6800537109375
2015-08-20,8372.75,24.087499618530277,678.6800537109375
2015-08-21,8299.9501953125,24.4424991607666,678.6800537109375
2015-08-24,7809.0,24.73900032043457,678.6731567382812
2015-08-25,7880.7001953125,24.44650077819824,678.6731567382812
2015-08-26,7791.85009765625,24.171499252319336,678.6800537109375
2015-08-27,7948.9501953125,23.961000442504883,678.6731567382812
2015-08-28,8001.9501953125,24.132999420166016,678.6800537109375
2015-08-31,7971.2998046875,24.3129997253418,681.3809204101562
2015-09-01,7785.85009765625,24.450000762939453,681.3877563476562
2015-09-02,7717.0,24.27750015258789,681.3743896484375
2015-09-03,7823.0,24.083999633789062,681.3809204101562
2015-09-04,7655.0498046875,24.069000244140625,681.3809204101562
2015-09-07,7558.7998046875,24.11849975585937,681.3743896484375
2015-09-08,7688.25,24.10300064086914,681.3743896484375
2015-09-09,7818.60009765625,23.980499267578125,681.3809204101562
2015-09-10,7788.10009765625,23.765499114990234,681.3809204101562
2015-09-11,7789.2998046875,23.808000564575195,681.3809204101562
2015-09-14,7872.25,23.749000549316406,681.3809204101562
2015-09-15,7829.10009765625,23.73349952697754,681.3809204101562
2015-09-16,7899.14990234375,23.76000022888184,681.3809204101562
2015-09-18,7981.89990234375,24.107500076293945,681.3743896484375
2015-09-21,7977.10009765625,23.975500106811523,681.3743896484375
2015-09-22,7812.0,23.94750022888184,681.3809204101562
2015-09-23,7845.9501953125,23.840999603271484,681.3743896484375
2015-09-24,7868.5,24.100500106811523,681.3743896484375
2015-09-28,7795.7001953125,24.072999954223636,681.3809204101562
2015-09-29,7843.2998046875,23.89249992370605,681.3809204101562
2015-09-30,7948.89990234375,23.8700008392334,684.0274047851562
2015-10-01,7950.89990234375,23.661500930786133,684.0343627929688
2015-10-05,8119.2998046875,23.88450050354004,684.0343627929688
2015-10-06,8152.89990234375,23.96299934387207,684.0343627929688
2015-10-07,8177.39990234375,24.052000045776367,684.0274047851562
2015-10-08,8129.35009765625,23.962499618530277,684.0343627929688
2015-10-09,8189.7001953125,24.1254997253418,684.0343627929688
2015-10-12,8143.60009765625,24.32699966430664,684.0343627929688
2015-10-13,8131.7001953125,24.159500122070312,684.0343627929688
2015-10-14,8107.89990234375,24.425500869750977,684.0274047851562
2015-10-15,8179.5,24.599000930786133,684.0343627929688
2015-10-16,8238.150390625,24.486499786376957,684.0274047851562
2015-10-19,8275.0498046875,24.396499633789062,684.0343627929688
2015-10-20,8261.650390625,24.481000900268555,684.0343627929688
2015-10-21,8251.7001953125,24.569000244140625,684.0343627929688
2015-10-23,8295.4501953125,24.42799949645996,684.0343627929688
2015-10-26,8260.5498046875,24.326499938964844,684.0343627929688
2015-10-27,8232.900390625,24.451499938964844,684.0274047851562
2015-10-28,8171.2001953125,24.53899955749512,684.0274047851562
2015-10-29,8111.75,24.44700050354004,684.0343627929688
2015-10-30,8065.7998046875,24.4064998626709,686.5597534179688
2015-11-02,8050.7998046875,24.114999771118164,686.5529174804688
2015-11-03,8060.7001953125,23.96699905395508,686.5597534179688
2015-11-04,8040.2001953125,23.804500579833984,686.5529174804688
2015-11-05,7955.4501953125,23.795000076293945,686.5529174804688
2015-11-06,7954.2998046875,23.63500022888184,686.5597534179688
2015-11-09,7915.2001953125,23.77050018310547,686.5529174804688
2015-11-10,7783.35009765625,23.49399948120117,686.5597534179688
2015-11-13,7762.25,23.212499618530277,686.5597534179688
2015-11-16,7806.60009765625,23.30599975585937,686.5529174804688
2015-11-17,7837.5498046875,23.11750030517578,686.5597534179688
2015-11-18,7731.7998046875,23.03350067138672,686.5597534179688
2015-11-19,7842.75,23.05349922180176,686.5597534179688
2015-11-20,7856.5498046875,23.273500442504883,686.5529174804688
2015-11-23,7849.25,23.101999282836918,686.5529174804688
2015-11-24,7831.60009765625,23.19099998474121,686.5529174804688
2015-11-26,7883.7998046875,23.113000869750977,686.5597534179688
2015-11-27,7942.7001953125,23.102500915527344,686.5529174804688
2015-11-30,7935.25,22.924999237060547,689.1860961914062
2015-12-01,7954.89990234375,23.104999542236328,689.1860961914062
2015-12-02,7931.35009765625,23.0310001373291,689.1860961914062
2015-12-03,7864.14990234375,22.86100006103516,689.1793823242188
2015-12-04,7781.89990234375,22.98150062561035,689.1860961914062
2015-12-07,7765.39990234375,23.336000442504883,689.1793823242188
2015-12-08,7701.7001953125,23.13599967956543,689.1860961914062
2015-12-09,7612.5,23.28400039672852,689.1860961914062
2015-12-10,7683.2998046875,23.14550018310547,689.1793823242188
2015-12-11,7610.4501953125,23.04150009155273,689.1860961914062
2015-12-14,7650.0498046875,23.08650016784668,689.1860961914062
2015-12-15,7700.89990234375,22.97649955749512,689.1860961914062
2015-12-16,7750.89990234375,22.9689998626709,689.1860961914062
2015-12-17,7844.35009765625,22.9424991607666,689.1860961914062
2015-12-18,7761.9501953125,22.74250030517578,689.1860961914062
2015-12-21,7834.4501953125,22.95050048828125,689.1860961914062
2015-12-22,7786.10009765625,23.099000930786133,689.1860961914062
2015-12-23,7865.9501953125,22.94700050354004,689.1793823242188
2015-12-24,7861.0498046875,22.93899917602539,689.1793823242188
2015-12-28,7925.14990234375,22.93400001525879,689.1860961914062
2015-12-29,7928.9501953125,22.991500854492188,689.1860961914062
2015-12-30,7896.25,22.9424991607666,689.1860961914062
2015-12-31,7946.35009765625,22.792499542236328,691.8037719726562
2016-01-01,7946.35009765625,22.802000045776367,691.7969970703125
2016-01-04,7791.2998046875,23.04700088500977,691.8037719726562
2016-01-05,7784.64990234375,23.19650077819824,691.7969970703125
2016-01-06,7741.0,23.33099937438965,691.8037719726562
2016-01-07,7568.2998046875,23.667999267578125,691.8037719726562
2016-01-08,7601.35009765625,23.60700035095215,691.7969970703125
2016-01-11,7563.85009765625,23.680500030517575,691.7969970703125
2016-01-12,7510.2998046875,23.63249969482422,691.8037719726562
2016-01-13,7562.39990234375,23.311500549316406,691.7969970703125
2016-01-14,7536.7998046875,23.671499252319336,691.8037719726562
2016-01-15,7437.7998046875,23.70499992370605,691.8037719726562
2016-01-18,7351.0,23.85099983215332,691.7969970703125
2016-01-19,7435.10009765625,23.76499938964844,691.7969970703125
2016-01-20,7309.2998046875,23.944000244140625,691.8037719726562
2016-01-21,7276.7998046875,23.983999252319336,691.8037719726562
2016-01-22,7422.4501953125,23.862499237060547,691.7969970703125
2016-01-25,7436.14990234375,24.0,691.8037719726562
2016-01-27,7437.75,24.27449989318848,691.8037719726562
2016-01-28,7424.64990234375,24.299999237060547,691.8037719726562
2016-01-29,7563.5498046875,24.23349952697754,694.4759521484375
2016-02-01,7555.9501953125,24.32999992370605,694.4830932617188
2016-02-02,7455.5498046875,24.48550033569336,694.4759521484375
2016-02-03,7361.7998046875,24.530000686645508,694.4759521484375
2016-02-04,7404.0,24.7185001373291,694.4830932617188
2016-02-05,7489.10009765625,24.85099983215332,694.4759521484375
2016-02-08,7387.25,25.20249938964844,694.4830932617188
2016-02-09,7298.2001953125,25.66399955749512,694.4759521484375
2016-02-10,7215.7001953125,25.398500442504883,694.4759521484375
2016-02-11,6976.35009765625,25.954500198364254,694.4830932617188
2016-02-12,6980.9501953125,26.29700088500977,694.4830932617188
2016-02-15,7162.9501953125,25.874500274658203,694.4830932617188
2016-02-16,7048.25,26.02449989318848,694.4830932617188
2016-02-17,7108.4501953125,25.853500366210938,694.4759521484375
2016-02-18,7191.75,25.838499069213867,694.4830932617188
2016-02-19,7210.75,26.125,694.4759521484375
2016-02-22,7234.5498046875,25.881999969482425,694.4830932617188
2016-02-23,7109.5498046875,26.16200065612793,694.4830932617188
2016-02-24,7018.7001953125,26.243000030517575,694.4759521484375
2016-02-25,6970.60009765625,26.39900016784668,694.4759521484375
2016-02-26,7029.75,26.35650062561035,694.4830932617188
2016-02-29,6987.0498046875,26.489500045776367,696.8854370117188
2016-03-01,7222.2998046875,26.515499114990234,696.8854370117188
2016-03-02,7368.85009765625,26.111499786376957,696.8927001953125
2016-03-03,7475.60009765625,26.269500732421875,696.8927001953125
2016-03-04,7485.35009765625,26.67650032043457,696.8854370117188
2016-03-08,7485.2998046875,26.756500244140625,696.8927001953125
2016-03-09,7531.7998046875,26.482999801635746,696.8854370117188
2016-03-10,7486.14990234375,26.3125,696.8927001953125
2016-03-11,7510.2001953125,26.680500030517575,696.8927001953125
2016-03-14,7538.75,26.60099983215332,696.8927001953125
2016-03-15,7460.60009765625,26.13050079345703,696.8927001953125
2016-03-16,7498.75,26.06049919128418,696.8927001953125
2016-03-17,7512.5498046875,26.45549964904785,696.8927001953125
2016-03-18,7604.35009765625,26.18899917602539,696.8854370117188
2016-03-21,7704.25,26.04450035095215,696.8927001953125
2016-03-22,7714.89990234375,26.04750061035156,696.8927001953125
2016-03-23,7716.5,25.743000030517575,696.8927001953125
2016-03-28,7615.10009765625,25.337499618530277,696.8927001953125
2016-03-29,7597.0,25.43099975585937,696.8927001953125
2016-03-30,7735.2001953125,25.694499969482425,696.8927001953125
2016-03-31,7738.39990234375,25.637500762939453,699.4896850585938
2016-04-01,7713.0498046875,25.78849983215332,699.4822998046875
2016-04-04,7758.7998046875,25.475500106811523,699.4822998046875
2016-04-05,7603.2001953125,25.90399932861328,699.4896850585938
2016-04-06,7614.35009765625,25.9060001373291,699.4822998046875
2016-04-07,7546.4501953125,26.155500411987305,699.4896850585938
2016-04-08,7555.2001953125,26.257999420166016,699.4822998046875
2016-04-11,7671.39990234375,26.28249931335449,699.4896850585938
2016-04-12,7708.9501953125,26.549999237060547,699.4896850585938
2016-04-13,7850.4501953125,26.34600067138672,699.4896850585938
2016-04-18,7914.7001953125,26.49250030517578,699.4896850585938
2016-04-20,7914.75,26.56100082397461,699.4896850585938
2016-04-21,7912.0498046875,26.843000411987305,699.4896850585938
2016-04-22,7899.2998046875,26.697999954223636,699.4896850585938
2016-04-25,7855.0498046875,26.44050025939941,699.4896850585938
2016-04-26,7962.64990234375,26.45599937438965,699.4896850585938
2016-04-27,7979.89990234375,26.617000579833984,699.4896850585938
2016-04-28,7847.25,26.875,699.4822998046875
2016-04-29,7849.7998046875,27.17099952697754,701.770751953125
2016-05-02,7805.89990234375,27.47599983215332,701.770751953125
2016-05-03,7747.0,27.479999542236328,701.770751953125
2016-05-04,7706.5498046875,27.20249938964844,701.770751953125
2016-05-05,7735.5,27.12649917602539,701.770751953125
2016-05-06,7733.4501953125,27.28249931335449,701.76416015625
2016-05-09,7866.0498046875,27.270000457763672,701.770751953125
2016-05-10,7887.7998046875,27.17200088500977,701.770751953125
2016-05-11,7848.85009765625,27.16650009155273,701.770751953125
2016-05-12,7900.39990234375,27.01650047302246,701.770751953125
2016-05-13,7814.89990234375,27.19300079345703,701.770751953125
2016-05-16,7860.75,27.32250022888184,701.76416015625
2016-05-17,7890.75,27.27449989318848,701.770751953125
2016-05-18,7870.14990234375,27.3129997253418,701.770751953125
2016-05-19,7783.39990234375,27.285499572753903,701.770751953125
2016-05-20,7749.7001953125,27.225500106811523,701.76416015625
2016-05-23,7731.0498046875,27.187000274658203,701.770751953125
2016-05-24,7748.85009765625,27.020999908447266,701.76416015625
2016-05-25,7934.89990234375,26.70949935913086,701.76416015625
2016-05-26,8069.64990234375,26.86549949645996,701.770751953125
2016-05-27,8156.64990234375,26.81100082397461,701.770751953125
2016-05-30,8178.5,26.41900062561035,701.770751953125
2016-05-31,8160.10009765625,26.45599937438965,704.2758178710938
2016-06-01,8179.9501953125,26.50149917602539,704.2758178710938
2016-06-02,8218.9501953125,26.289499282836918,704.2758178710938
2016-06-03,8220.7998046875,26.27199935913086,704.2758178710938
2016-06-06,8201.0498046875,26.72050094604492,704.268310546875
2016-06-07,8266.4501953125,26.512500762939453,704.2758178710938
2016-06-08,8273.0498046875,26.500999450683597,704.268310546875
2016-06-09,8203.599609375,26.63050079345703,704.2758178710938
2016-06-10,8170.0498046875,26.78350067138672,704.2758178710938
2016-06-13,8110.60009765625,27.058500289916992,704.2758178710938
2016-06-14,8108.85009765625,27.059499740600582,704.2758178710938
2016-06-15,8206.599609375,27.002500534057617,704.2758178710938
2016-06-16,8140.75,27.46500015258789,704.2758178710938
2016-06-17,8170.2001953125,27.13599967956543,704.2758178710938
2016-06-20,8238.5,27.102500915527344,704.2758178710938
2016-06-21,8219.900390625,27.13050079345703,704.2758178710938
2016-06-22,8203.7001953125,26.89900016784668,704.2758178710938
2016-06-23,8270.4501953125,26.78849983215332,704.2758178710938
2016-06-24,8088.60009765625,27.74349975585937,704.2758178710938
2016-06-27,8094.7001953125,28.027000427246094,704.2758178710938
2016-06-28,8127.85009765625,28.090499877929688,704.2758178710938
2016-06-29,8204.0,27.85400009155273,704.2758178710938
2016-06-30,8287.75,27.77300071716309,706.9308471679688
2016-07-01,8328.349609375,28.01849937438965,706.9308471679688
2016-07-04,8370.7001953125,28.159500122070312,706.9308471679688
2016-07-05,8335.9501953125,28.076499938964844,706.9308471679688
2016-07-07,8337.900390625,28.36899948120117,706.9308471679688
2016-07-08,8323.2001953125,28.339500427246094,706.9308471679688
2016-07-11,8467.900390625,28.40749931335449,706.9308471679688
2016-07-12,8521.0498046875,28.173999786376957,706.9308471679688
2016-07-13,8519.5,28.05599975585937,706.9308471679688
2016-07-14,8565.0,27.986499786376957,706.9308471679688
2016-07-15,8541.400390625,27.963499069213867,706.9308471679688
2016-07-18,8508.7001953125,27.836000442504883,706.9308471679688
2016-07-19,8528.5498046875,27.90049934387207,706.9235229492188
2016-07-20,8565.849609375,27.84749984741211,706.9308471679688
2016-07-21,8510.099609375,27.831499099731445,706.9308471679688
2016-07-22,8541.2001953125,27.854999542236328,706.9308471679688
2016-07-25,8635.650390625,27.777000427246094,706.9308471679688
2016-07-26,8590.650390625,27.918500900268555,706.9308471679688
2016-07-27,8615.7998046875,27.84449958801269,706.9308471679688
2016-07-28,8666.2998046875,28.037500381469727,706.9308471679688
2016-07-29,8638.5,27.96299934387207,709.3847045898438
2016-08-01,8636.5498046875,28.45549964904785,709.3847045898438
2016-08-02,8622.900390625,28.79150009155273,709.3847045898438
2016-08-03,8544.849609375,28.867000579833984,709.3847045898438
2016-08-04,8551.099609375,28.77199935913086,709.3773803710938
2016-08-05,8683.150390625,29.10149955749512,709.3847045898438
2016-08-08,8711.349609375,28.357500076293945,709.3847045898438
2016-08-09,8678.25,28.539499282836918,709.3847045898438
2016-08-10,8575.2998046875,28.79050064086914,709.3847045898438
2016-08-11,8592.150390625,28.66550064086914,709.3847045898438
2016-08-12,8592.150390625,28.70249938964844,709.3847045898438
2016-08-16,8642.5498046875,28.52050018310547,709.3847045898438
2016-08-17,8624.0498046875,28.477500915527344,709.3847045898438
2016-08-18,8673.25,28.64299964904785,709.3847045898438
2016-08-19,8666.900390625,28.659500122070312,709.3847045898438
2016-08-22,8629.150390625,28.549999237060547,709.3773803710938
2016-08-23,8632.599609375,28.48450088500977,709.3773803710938
2016-08-24,8650.2998046875,28.520000457763672,709.3773803710938
2016-08-25,8592.2001953125,28.3174991607666,709.3847045898438
2016-08-26,8572.5498046875,28.41550064086914,709.3773803710938
2016-08-29,8607.4501953125,28.16200065612793,709.3847045898438
2016-08-30,8744.349609375,28.141000747680664,709.3847045898438
2016-08-31,8786.2001953125,28.120500564575195,711.8175048828125
2016-09-01,8774.650390625,27.823999404907227,711.8175048828125
2016-09-02,8809.650390625,27.88050079345703,711.8175048828125
2016-09-06,8943.0,28.042499542236328,711.8175048828125
2016-09-07,8917.9501953125,28.324499130249023,711.8175048828125
2016-09-08,8952.5,28.320499420166016,711.810302734375
2016-09-09,8866.7001953125,28.14150047302246,711.8175048828125
2016-09-12,8715.599609375,28.39550018310547,711.8175048828125
2016-09-14,8726.599609375,28.273500442504883,711.8175048828125
2016-09-15,8742.5498046875,28.149999618530277,711.810302734375
2016-09-16,8779.849609375,28.100500106811523,711.8175048828125
2016-09-19,8808.400390625,28.2504997253418,711.8175048828125
2016-09-20,8775.900390625,28.295499801635746,711.8175048828125
2016-09-21,8777.150390625,28.35099983215332,711.810302734375
2016-09-22,8867.4501953125,28.381000518798828,711.8175048828125
2016-09-23,8831.5498046875,28.40250015258789,711.8175048828125
2016-09-26,8723.0498046875,28.420499801635746,711.810302734375
2016-09-27,8706.400390625,28.338499069213867,711.810302734375
2016-09-28,8745.150390625,28.10300064086914,711.810302734375
2016-09-29,8591.25,28.499000549316406,711.8175048828125
2016-09-30,8611.150390625,28.25200080871582,714.168212890625
2016-10-03,8738.099609375,28.179000854492188,714.1610107421875
2016-10-04,8769.150390625,28.15399932861328,714.1610107421875
2016-10-05,8743.9501953125,27.89900016784668,714.1610107421875
2016-10-06,8709.5498046875,27.717500686645508,714.168212890625
2016-10-07,8697.599609375,27.617000579833984,714.168212890625
2016-10-10,8708.7998046875,27.96150016784668,714.1610107421875
2016-10-13,8573.349609375,27.56399917602539,714.168212890625
2016-10-14,8583.400390625,27.492000579833984,714.1610107421875
2016-10-17,8520.400390625,27.474000930786133,714.168212890625
2016-10-18,8677.900390625,27.554000854492188,714.1610107421875
2016-10-19,8659.099609375,27.45549964904785,714.1610107421875
2016-10-20,8699.400390625,27.50300025939941,714.168212890625
2016-10-21,8693.0498046875,27.44700050354004,714.168212890625
2016-10-24,8708.9501953125,27.35149955749512,714.168212890625
2016-10-25,8691.2998046875,27.268999099731445,714.1610107421875
2016-10-26,8615.25,27.280000686645508,714.168212890625
2016-10-27,8615.25,27.24399948120117,714.1610107421875
2016-10-28,8638.0,27.35700035095215,716.64306640625
2016-11-01,8626.25,27.405000686645508,716.64306640625
2016-11-02,8514.0,27.66900062561035,716.64306640625
2016-11-03,8484.9501953125,27.6564998626709,716.64306640625
2016-11-04,8433.75,27.71999931335449,716.64306640625
2016-11-07,8497.0498046875,27.629499435424805,716.64306640625
2016-11-08,8543.5498046875,27.708499908447266,716.64306640625
2016-11-09,8432.0,28.138999938964844,716.6361083984375
2016-11-10,8525.75,28.011499404907227,716.64306640625
2016-11-11,8296.2998046875,27.54150009155273,716.64306640625
2016-11-15,8108.4501953125,27.410499572753903,716.6361083984375
2016-11-16,8111.60009765625,27.374500274658203,716.6361083984375
2016-11-17,8079.9501953125,27.048999786376957,716.64306640625
2016-11-18,8074.10009765625,26.48200035095215,716.64306640625
2016-11-21,7929.10009765625,26.603500366210938,716.64306640625
2016-11-22,8002.2998046875,26.70949935913086,716.64306640625
2016-11-23,8033.2998046875,26.739999771118164,716.6361083984375
2016-11-24,7965.5,26.6560001373291,716.64306640625
2016-11-25,8114.2998046875,26.343000411987305,716.64306640625
2016-11-28,8126.89990234375,26.559499740600582,716.64306640625
2016-11-29,8142.14990234375,26.543500900268555,716.6361083984375
2016-11-30,8224.5,26.456499099731445,718.9736938476562
2016-12-01,8192.900390625,26.16200065612793,718.9805908203125
2016-12-02,8086.7998046875,25.940000534057617,718.9805908203125
2016-12-05,8128.75,25.83449935913086,718.9736938476562
2016-12-06,8143.14990234375,25.916000366210938,718.9805908203125
2016-12-07,8102.0498046875,25.82200050354004,718.9805908203125
2016-12-08,8246.849609375,25.9060001373291,718.9805908203125
2016-12-09,8261.75,25.733999252319336,718.9805908203125
2016-12-12,8170.7998046875,25.660999298095703,718.9805908203125
2016-12-13,8221.7998046875,25.57900047302246,718.9805908203125
2016-12-14,8182.4501953125,25.52549934387207,718.9805908203125
2016-12-15,8153.60009765625,25.295000076293945,718.9736938476562
2016-12-16,8139.4501953125,25.007999420166016,718.9805908203125
2016-12-19,8104.35009765625,25.08699989318848,718.9805908203125
2016-12-20,8082.39990234375,25.02750015258789,718.9805908203125
2016-12-21,8061.2998046875,25.016000747680664,718.9805908203125
2016-12-22,7979.10009765625,24.87700080871582,718.9805908203125
2016-12-23,7985.75,24.863000869750977,718.9736938476562
2016-12-26,7908.25,25.0,718.9805908203125
2016-12-27,8032.85009765625,25.25149917602539,718.9805908203125
2016-12-28,8034.85009765625,25.4689998626709,719.0026245117188
2016-12-29,8103.60009765625,25.46649932861328,718.9805908203125
2016-12-30,8185.7998046875,25.645999908447266,721.3155517578125
2017-01-02,8179.5,25.583499908447266,721.3085327148438
2017-01-03,8192.25,25.46150016784668,721.3155517578125
2017-01-04,8190.5,25.832500457763672,721.3085327148438
2017-01-05,8273.7998046875,25.982500076293945,721.3155517578125
2017-01-06,8243.7998046875,25.983999252319336,721.3085327148438
2017-01-09,8236.0498046875,26.045000076293945,721.3085327148438
2017-01-10,8288.599609375,26.14800071716309,721.3085327148438
2017-01-11,8380.650390625,26.33699989318848,721.3085327148438
2017-01-12,8407.2001953125,26.513500213623047,721.3155517578125
2017-01-13,8400.349609375,26.45050048828125,721.3155517578125
2017-01-16,8412.7998046875,26.59199905395508,721.3085327148438
2017-01-17,8398.0,26.798999786376957,721.3155517578125
2017-01-18,8417.0,26.85650062561035,721.3155517578125
2017-01-19,8435.099609375,26.663000106811523,721.3155517578125
2017-01-20,8349.349609375,26.6879997253418,721.3155517578125
2017-01-23,8391.5,26.664499282836918,721.3155517578125
2017-01-24,8475.7998046875,26.662500381469727,721.3155517578125
2017-01-25,8602.75,26.520999908447266,721.3155517578125
2017-01-27,8641.25,26.21500015258789,721.3085327148438
2017-01-30,8632.75,26.06999969482422,721.3155517578125
2017-01-31,8561.2998046875,26.30699920654297,723.7968139648438
2017-02-01,8716.400390625,26.433500289916992,723.7898559570312
2017-02-02,8734.25,26.545000076293945,723.7968139648438
2017-02-03,8740.9501953125,26.444000244140625,723.7968139648438
2017-02-06,8801.0498046875,26.53700065612793,723.7968139648438
2017-02-07,8768.2998046875,26.881500244140625,723.7968139648438
2017-02-08,8769.0498046875,26.9424991607666,723.7968139648438
2017-02-09,8778.400390625,26.83699989318848,723.7968139648438
2017-02-10,8793.5498046875,26.5310001373291,723.7968139648438
2017-02-13,8805.0498046875,26.456499099731445,723.7968139648438
2017-02-14,8792.2998046875,26.583999633789062,723.7898559570312
2017-02-15,8724.7001953125,26.483999252319336,723.7968139648438
2017-02-16,8778.0,26.683500289916992,723.7898559570312
2017-02-17,8821.7001953125,26.86400032043457,723.7968139648438
2017-02-20,8879.2001953125,26.77449989318848,723.7898559570312
2017-02-21,8907.849609375,26.590499877929688,723.7898559570312
2017-02-22,8926.900390625,26.87700080871582,723.7898559570312
2017-02-23,8939.5,26.866500854492188,723.7968139648438
2017-02-27,8896.7001953125,27.077999114990234,723.7968139648438
2017-02-28,8879.599609375,27.021499633789062,725.8904418945312
2017-03-01,8945.7998046875,26.93199920654297,725.8904418945312
2017-03-02,8899.75,26.867000579833984,725.8904418945312
2017-03-03,8897.5498046875,26.61849975585937,725.8904418945312
2017-03-06,8963.4501953125,26.736499786376957,725.8904418945312
2017-03-07,8946.900390625,26.561500549316406,725.8833618164062
2017-03-08,8924.2998046875,26.292499542236328,725.8904418945312
2017-03-09,8927.0,26.246000289916992,725.8833618164062
2017-03-10,8934.5498046875,26.113000869750977,725.8904418945312
2017-03-14,9087.0,25.958499908447266,725.8904418945312
2017-03-15,9084.7998046875,25.62849998474121,725.8904418945312
2017-03-16,9153.7001953125,25.962499618530277,725.8904418945312
2017-03-17,9160.0498046875,25.989500045776367,725.8904418945312
2017-03-20,9126.849609375,26.049999237060547,725.8833618164062
2017-03-21,9121.5,26.061500549316406,725.8904418945312
2017-03-22,9030.4501953125,26.347999572753903,725.8833618164062
2017-03-23,9086.2998046875,26.382999420166016,725.8904418945312
2017-03-24,9108.0,26.336000442504883,725.8833618164062
2017-03-27,9045.2001953125,26.427000045776367,725.8833618164062
2017-03-28,9100.7998046875,26.332000732421875,725.8833618164062
2017-03-29,9143.7998046875,26.288000106811523,725.8833618164062
2017-03-30,9173.75,26.268999099731445,725.8904418945312
2017-03-31,9173.75,26.12849998474121,728.1674194335938
2017-04-03,9237.849609375,26.082500457763672,728.1674194335938
2017-04-05,9265.150390625,26.371000289916992,728.1674194335938
2017-04-06,9261.9501953125,26.39249992370605,728.1602172851562
2017-04-07,9198.2998046875,26.513999938964844,728.1674194335938
2017-04-10,9181.4501953125,26.21050071716309,728.1674194335938
2017-04-11,9237.0,26.260499954223636,728.1674194335938
2017-04-12,9203.4501953125,26.600500106811523,728.1602172851562
2017-04-13,9150.7998046875,26.77899932861328,728.1602172851562
2017-04-17,9139.2998046875,26.804500579833984,728.1674194335938
2017-04-18,9105.150390625,26.79450035095215,728.1674194335938
2017-04-19,9103.5,26.68149948120117,728.1602172851562
2017-04-20,9136.400390625,26.684499740600582,728.1602172851562
2017-04-21,9119.400390625,26.76849937438965,728.1674194335938
2017-04-24,9217.9501953125,26.548999786376957,728.1674194335938
2017-04-25,9306.599609375,26.49250030517578,728.1674194335938
2017-04-26,9351.849609375,26.339500427246094,728.1602172851562
2017-04-27,9342.150390625,26.33300018310547,728.1674194335938
2017-04-28,9304.0498046875,26.40999984741211,730.26904296875
2017-05-02,9313.7998046875,26.17849922180176,730.26904296875
2017-05-03,9311.9501953125,26.11050033569336,730.2761840820312
2017-05-04,9359.900390625,25.804500579833984,730.2761840820312
2017-05-05,9285.2998046875,25.923999786376957,730.2761840820312
2017-05-08,9314.0498046875,25.72050094604492,730.26904296875
2017-05-09,9316.849609375,25.70549964904785,730.2761840820312
2017-05-10,9407.2998046875,25.67449951171875,730.2761840820312
2017-05-11,9422.400390625,25.518999099731445,730.2761840820312
2017-05-12,9400.900390625,25.555500030517575,730.2761840820312
2017-05-15,9445.400390625,25.58550071716309,730.2761840820312
2017-05-16,9512.25,25.61750030517578,730.2761840820312
2017-05-17,9525.75,25.79800033569336,730.2761840820312
2017-05-18,9429.4501953125,26.325000762939453,730.2761840820312
2017-05-19,9427.900390625,26.227500915527344,730.26904296875
2017-05-22,9438.25,26.186500549316406,730.2761840820312
2017-05-23,9386.150390625,26.38599967956543,730.2761840820312
2017-05-24,9360.5498046875,26.239999771118164,730.26904296875
2017-05-25,9509.75,26.116500854492188,730.26904296875
2017-05-26,9595.099609375,26.308500289916992,730.26904296875
2017-05-29,9604.900390625,26.29599952697754,730.2761840820312
2017-05-30,9624.5498046875,26.293500900268555,730.26904296875
2017-05-31,9621.25,26.184499740600582,732.7952270507812
2017-06-01,9616.099609375,26.29150009155273,732.802490234375
2017-06-02,9653.5,26.179500579833984,732.802490234375
2017-06-05,9675.099609375,26.535499572753903,732.802490234375
2017-06-06,9637.150390625,26.67200088500977,732.802490234375
2017-06-07,9663.900390625,26.629499435424805,732.802490234375
2017-06-08,9647.25,26.559499740600582,732.802490234375
2017-06-09,9668.25,26.35650062561035,732.802490234375
2017-06-12,9616.400390625,26.311500549316406,732.802490234375
2017-06-13,9606.900390625,26.22450065612793,732.802490234375
2017-06-14,9618.150390625,26.212499618530277,732.7952270507812
2017-06-15,9578.0498046875,26.16699981689453,732.802490234375
2017-06-16,9588.0498046875,26.10650062561035,732.802490234375
2017-06-19,9657.5498046875,26.01650047302246,732.7952270507812
2017-06-20,9653.5,25.98150062561035,732.802490234375
2017-06-21,9633.599609375,26.06800079345703,732.802490234375
2017-06-22,9630.0,26.10449981689453,732.802490234375
2017-06-23,9574.9501953125,26.12299919128418,732.802490234375
2017-06-27,9511.400390625,26.07550048828125,732.802490234375
2017-06-28,9491.25,25.992000579833984,732.802490234375
2017-06-29,9504.099609375,25.836000442504883,732.7952270507812
2017-06-30,9520.900390625,25.768999099731445,735.1524658203125
2017-07-03,9615.0,25.679000854492188,735.1524658203125
2017-07-04,9613.2998046875,25.43950080871582,735.145263671875
2017-07-05,9637.599609375,25.414499282836918,735.1524658203125
2017-07-06,9674.5498046875,25.47649955749512,735.1524658203125
2017-07-07,9665.7998046875,25.388999938964844,735.1524658203125
2017-07-10,9771.0498046875,25.099000930786133,735.1524658203125
2017-07-11,9786.0498046875,25.155000686645508,735.1524658203125
2017-07-12,9816.099609375,25.20949935913086,735.145263671875
2017-07-13,9891.7001953125,25.22150039672852,735.1524658203125
2017-07-14,9886.349609375,25.18000030517578,735.1524658203125
2017-07-17,9915.9501953125,25.372499465942383,735.1524658203125
2017-07-18,9827.150390625,25.453500747680664,735.1524658203125
2017-07-19,9899.599609375,25.50300025939941,735.1524658203125
2017-07-20,9873.2998046875,25.47249984741211,735.1524658203125
2017-07-21,9915.25,25.61199951171875,735.1524658203125
2017-07-24,9966.400390625,25.7814998626709,735.1524658203125
2017-07-25,9964.5498046875,25.67650032043457,735.1524658203125
2017-07-26,10020.650390625,25.565000534057617,735.1524658203125
2017-07-27,10020.5498046875,25.77300071716309,735.1524658203125
2017-07-28,10014.5,25.65449905395508,735.1524658203125
2017-07-31,10077.099609375,25.709999084472656,737.6030883789062
2017-08-01,10114.650390625,25.65699958801269,737.6030883789062
2017-08-02,10081.5,25.60950088500977,737.6030883789062
2017-08-03,10013.650390625,25.54599952697754,737.6030883789062
2017-08-04,10066.400390625,25.809999465942383,737.6030883789062
2017-08-07,10057.400390625,25.55349922180176,737.6030883789062
2017-08-08,9978.5498046875,25.587499618530277,737.6030883789062
2017-08-09,9908.0498046875,25.771499633789062,737.6030883789062
2017-08-10,9820.25,25.963499069213867,737.6030883789062
2017-08-11,9710.7998046875,26.2189998626709,737.6030883789062
2017-08-14,9794.150390625,26.03300094604492,737.6030883789062
2017-08-16,9897.2998046875,25.7814998626709,737.6030883789062
2017-08-17,9904.150390625,26.145000457763672,737.6030883789062
2017-08-18,9837.400390625,26.23200035095215,737.6030883789062
2017-08-21,9754.349609375,26.012500762939453,737.6030883789062
2017-08-22,9765.5498046875,25.96500015258789,737.6030883789062
2017-08-23,9852.5,25.992000579833984,737.5957641601562
2017-08-24,9857.0498046875,26.006999969482425,737.6030883789062
2017-08-28,9912.7998046875,26.292499542236328,737.5957641601562
2017-08-29,9796.0498046875,26.82749938964844,737.5957641601562
2017-08-30,9884.400390625,26.625,737.6030883789062
2017-08-31,9917.900390625,26.525999069213867,739.9517822265625
2017-09-01,9974.400390625,26.818500518798828,739.9444580078125
2017-09-04,9912.849609375,27.12800025939941,739.9517822265625
2017-09-05,9952.2001953125,27.04750061035156,739.9444580078125
2017-09-06,9916.2001953125,27.2814998626709,739.9517822265625
2017-09-07,9929.900390625,27.16950035095215,739.9517822265625
2017-09-08,9934.7998046875,27.31599998474121,739.9517822265625
2017-09-11,10006.0498046875,27.08650016784668,739.9517822265625
2017-09-12,10093.0498046875,26.94750022888184,739.9444580078125
2017-09-13,10079.2998046875,27.070499420166016,739.9517822265625
2017-09-14,10086.599609375,26.90049934387207,739.9517822265625
2017-09-15,10085.400390625,26.98349952697754,739.9517822265625
2017-09-18,10153.099609375,26.75900077819824,739.9444580078125
2017-09-19,10147.5498046875,26.73600006103516,739.9517822265625
2017-09-20,10141.150390625,26.850000381469727,739.9444580078125
2017-09-21,10121.900390625,26.70499992370605,739.9517822265625
2017-09-22,9964.400390625,26.72150039672852,739.9517822265625
2017-09-25,9872.599609375,26.75950050354004,739.9517822265625
2017-09-26,9871.5,27.058000564575195,739.9517822265625
2017-09-27,9735.75,26.86899948120117,739.9517822265625
2017-09-28,9768.9501953125,26.71949958801269,739.9444580078125
2017-09-29,9788.599609375,26.662500381469727,742.1490478515625
2017-10-03,9859.5,26.583499908447266,742.1490478515625
2017-10-04,9914.900390625,26.53199958801269,742.1490478515625
2017-10-05,9888.7001953125,26.476999282836918,742.1490478515625
2017-10-06,9979.7001953125,26.40900039672852,742.1417846679688
2017-10-09,9988.75,26.69300079345703,742.1490478515625
2017-10-10,10016.9501953125,26.76300048828125,742.1490478515625
2017-10-11,9984.7998046875,26.84149932861328,742.1490478515625
2017-10-12,10096.400390625,26.95050048828125,742.1417846679688
2017-10-13,10167.4501953125,26.965499877929688,742.1417846679688
2017-10-16,10230.849609375,26.89349937438965,742.1490478515625
2017-10-17,10234.4501953125,26.79050064086914,742.1490478515625
2017-10-18,10210.849609375,26.603500366210938,742.1490478515625
2017-10-19,10146.5498046875,26.87350082397461,742.802001953125
2017-10-23,10184.849609375,26.554500579833984,742.1490478515625
2017-10-24,10207.7001953125,26.51650047302246,742.1417846679688
2017-10-25,10295.349609375,26.467500686645508,742.1490478515625
2017-10-26,10343.7998046875,26.43149948120117,742.1417846679688
2017-10-27,10323.0498046875,26.276500701904297,742.1417846679688
2017-10-30,10363.650390625,26.27899932861328,742.1490478515625
2017-10-31,10335.2998046875,26.37150001525879,744.5538940429688
2017-11-01,10440.5,26.33550071716309,744.5538940429688
2017-11-02,10423.7998046875,26.27949905395508,744.5538940429688
2017-11-03,10452.5,26.270999908447266,744.5538940429688
2017-11-06,10451.7998046875,26.15049934387207,744.5538940429688
2017-11-07,10350.150390625,26.390499114990234,744.5538940429688
2017-11-08,10303.150390625,26.41650009155273,744.5464477539062
2017-11-09,10308.9501953125,26.437000274658203,744.5538940429688
2017-11-10,10321.75,26.52949905395508,744.5538940429688
2017-11-13,10224.9501953125,26.50749969482422,744.5538940429688
2017-11-14,10186.599609375,26.43149948120117,744.5538940429688
2017-11-15,10118.0498046875,26.576000213623047,744.5538940429688
2017-11-16,10214.75,26.412500381469727,744.5538940429688
2017-11-17,10283.599609375,26.464500427246094,744.5538940429688
2017-11-20,10298.75,26.676000595092773,744.5538940429688
2017-11-21,10326.900390625,26.44499969482422,744.5538940429688
2017-11-22,10342.2998046875,26.45949935913086,744.5538940429688
2017-11-23,10348.75,26.499000549316406,744.5538940429688
2017-11-24,10389.7001953125,26.53400039672852,744.5538940429688
2017-11-27,10399.5498046875,26.49349975585937,744.5538940429688
2017-11-28,10370.25,26.482500076293945,744.5464477539062
2017-11-29,10361.2998046875,26.5,744.5538940429688
2017-11-30,10226.5498046875,26.300500869750977,746.893798828125
2017-12-01,10121.7998046875,26.24650001525879,746.893798828125
2017-12-04,10127.75,26.11849975585937,746.8862915039062
2017-12-05,10118.25,26.173999786376957,746.893798828125
2017-12-06,10044.099609375,26.05649948120117,746.893798828125
2017-12-07,10166.7001953125,25.88949966430664,746.893798828125
2017-12-08,10265.650390625,25.631999969482425,746.893798828125
2017-12-11,10322.25,25.64550018310547,746.893798828125
2017-12-12,10240.150390625,25.63800048828125,746.893798828125
2017-12-13,10192.9501953125,25.53499984741211,746.893798828125
2017-12-14,10252.099609375,25.745500564575195,746.893798828125
2017-12-15,10333.25,25.643999099731445,746.893798828125
2017-12-18,10388.75,25.63249969482422,746.893798828125
2017-12-19,10463.2001953125,25.72150039672852,746.893798828125
2017-12-20,10444.2001953125,25.739999771118164,746.893798828125
2017-12-21,10440.2998046875,25.754499435424805,746.893798828125
2017-12-22,10493.0,25.79450035095215,746.893798828125
2017-12-26,10531.5,26.00300025939941,746.8862915039062
2017-12-27,10490.75,26.16550064086914,746.893798828125
2017-12-28,10477.900390625,26.372499465942383,746.893798828125
2017-12-29,10530.7001953125,26.26799964904785,749.3494262695312
2018-01-01,10530.7001953125,26.43600082397461,749.3494262695312
2018-01-02,10442.2001953125,26.46150016784668,749.3494262695312
2018-01-03,10443.2001953125,26.46299934387207,749.3494262695312
2018-01-04,10504.7998046875,26.39699935913086,749.3494262695312
2018-01-05,10558.849609375,26.43950080871582,749.3494262695312
2018-01-08,10623.599609375,26.47050094604492,749.3416137695312
2018-01-09,10637.0,26.53899955749512,749.3494262695312
2018-01-10,10632.2001953125,26.519500732421875,749.3494262695312
2018-01-11,10651.2001953125,26.618000030517575,749.3494262695312
2018-01-12,10681.25,26.78249931335449,749.3494262695312
2018-01-15,10741.5498046875,26.948999404907227,749.3494262695312
2018-01-16,10700.4501953125,27.05150032043457,749.3494262695312
2018-01-17,10788.5498046875,27.01449966430664,749.3416137695312
2018-01-18,10817.0,26.82900047302246,749.3494262695312
2018-01-19,10894.7001953125,26.94700050354004,749.3494262695312
2018-01-22,10966.2001953125,26.900999069213867,749.3494262695312
2018-01-23,11083.7001953125,26.995500564575195,749.3494262695312
2018-01-24,11086.0,27.13400077819824,749.3416137695312
2018-01-25,11069.650390625,27.33300018310547,749.3494262695312
2018-01-29,11130.400390625,27.14550018310547,749.3416137695312
2018-01-30,11049.650390625,27.147499084472656,749.3494262695312
2018-01-31,11027.7001953125,27.089000701904297,751.769775390625
2018-02-01,11016.900390625,27.14249992370605,751.769775390625
2018-02-02,10760.599609375,27.354999542236328,751.769775390625
2018-02-05,10666.5498046875,27.184499740600582,751.769775390625
2018-02-06,10498.25,27.36549949645996,751.769775390625
2018-02-07,10476.7001953125,27.100500106811523,751.769775390625
2018-02-08,10576.849609375,26.78350067138672,751.769775390625
2018-02-09,10454.9501953125,26.941499710083008,751.769775390625
2018-02-12,10539.75,27.0,751.769775390625
2018-02-14,10500.900390625,27.131000518798828,751.769775390625
2018-02-15,10545.5,27.47249984741211,751.769775390625
2018-02-16,10452.2998046875,27.63400077819824,751.769775390625
2018-02-19,10378.400390625,27.568500518798828,751.769775390625
2018-02-20,10360.400390625,27.50300025939941,751.7620849609375
2018-02-21,10397.4501953125,27.31450080871582,751.769775390625
2018-02-22,10382.7001953125,27.292499542236328,751.769775390625
2018-02-23,10491.0498046875,27.315000534057617,751.7620849609375
2018-02-26,10582.599609375,27.46150016784668,751.7620849609375
2018-02-27,10554.2998046875,27.433500289916992,751.769775390625
2018-02-28,10492.849609375,27.302499771118164,753.9766235351562
2018-03-01,10458.349609375,27.184999465942383,753.9766235351562
2018-03-05,10358.849609375,27.399999618530277,753.9766235351562
2018-03-06,10249.25,27.298999786376957,753.9766235351562
2018-03-07,10154.2001953125,27.44050025939941,753.9688720703125
2018-03-08,10242.650390625,27.34749984741211,753.9993286132812
2018-03-09,10226.849609375,27.25200080871582,753.9766235351562
2018-03-12,10421.400390625,27.20249938964844,753.9688720703125
2018-03-13,10426.849609375,27.1560001373291,753.96142578125
2018-03-14,10410.900390625,27.25950050354004,753.9688720703125
2018-03-15,10360.150390625,27.203500747680664,753.9766235351562
2018-03-16,10195.150390625,27.165000915527344,753.9688720703125
2018-03-19,10094.25,27.035499572753903,753.9766235351562
2018-03-20,10124.349609375,27.15800094604492,753.9766235351562
2018-03-21,10155.25,27.173999786376957,753.9766235351562
2018-03-22,10114.75,27.35099983215332,753.9766235351562
2018-03-23,9998.0498046875,27.524999618530277,753.9766235351562
2018-03-26,10130.650390625,27.54400062561035,753.9688720703125
2018-03-27,10184.150390625,27.590499877929688,753.9766235351562
2018-03-28,10113.7001953125,27.45800018310547,756.4822387695312
2018-04-02,10211.7998046875,27.45249938964844,756.4822387695312
2018-04-03,10245.0,27.51449966430664,756.4744873046875
2018-04-04,10128.400390625,27.722000122070312,756.4822387695312
2018-04-05,10325.150390625,27.331499099731445,756.4744873046875
2018-04-06,10331.599609375,27.23150062561035,756.4822387695312
2018-04-09,10379.349609375,27.3754997253418,756.4822387695312
2018-04-10,10402.25,27.527999877929688,756.4822387695312
2018-04-11,10417.150390625,27.765499114990234,756.4822387695312
2018-04-12,10458.650390625,27.858999252319336,756.4822387695312
2018-04-13,10480.599609375,27.70050048828125,756.4822387695312
2018-04-16,10528.349609375,27.977500915527344,756.4744873046875
2018-04-17,10548.7001953125,28.016000747680664,756.4744873046875
2018-04-18,10526.2001953125,28.170499801635746,756.4822387695312
2018-04-19,10565.2998046875,28.106000900268555,756.4744873046875
2018-04-20,10564.0498046875,28.04700088500977,756.4822387695312
2018-04-23,10584.7001953125,28.01300048828125,756.4822387695312
2018-04-24,10614.349609375,27.90699958801269,756.4744873046875
2018-04-25,10570.5498046875,28.02949905395508,756.4822387695312
2018-04-26,10617.7998046875,27.95549964904785,756.4822387695312
2018-04-27,10692.2998046875,27.900999069213867,758.8095703125
2018-04-30,10739.349609375,27.749000549316406,758.8017578125
2018-05-02,10718.0498046875,27.704500198364254,758.8095703125
2018-05-03,10679.650390625,27.667499542236328,758.8095703125
2018-05-04,10618.25,27.749500274658203,758.8095703125
2018-05-07,10715.5,27.91200065612793,758.8017578125
2018-05-08,10717.7998046875,27.78849983215332,758.8095703125
2018-05-09,10741.7001953125,27.84499931335449,758.8095703125
2018-05-10,10716.5498046875,28.13599967956543,758.8095703125
2018-05-11,10806.5,28.16950035095215,758.8095703125
2018-05-14,10806.599609375,28.17300033569336,758.8095703125
2018-05-15,10801.849609375,28.070499420166016,758.8017578125
2018-05-16,10741.099609375,27.66900062561035,758.8095703125
2018-05-17,10682.7001953125,27.56100082397461,758.8095703125
2018-05-18,10596.400390625,27.70400047302246,758.8095703125
2018-05-21,10516.7001953125,27.61199951171875,758.8095703125
2018-05-22,10536.7001953125,27.77400016784668,758.8017578125
2018-05-23,10430.349609375,27.882999420166016,758.8095703125
2018-05-24,10513.849609375,27.90800094604492,758.8095703125
2018-05-25,10605.150390625,27.80900001525879,758.8095703125
2018-05-28,10688.650390625,27.621000289916992,758.8095703125
2018-05-29,10633.2998046875,27.909500122070312,758.8095703125
2018-05-30,10614.349609375,27.74349975585937,758.8095703125
2018-05-31,10736.150390625,27.78199958801269,761.3709716796875
2018-06-01,10696.2001953125,27.64550018310547,761.3709716796875
2018-06-04,10628.5,27.52750015258789,761.3709716796875
2018-06-05,10593.150390625,27.42849922180176,761.3709716796875
2018-06-06,10684.650390625,27.437000274658203,761.3633422851562
2018-06-07,10768.349609375,27.541000366210938,761.3709716796875
2018-06-08,10767.650390625,27.71949958801269,761.3709716796875
2018-06-11,10786.9501953125,27.56999969482422,761.3709716796875
2018-06-12,10842.849609375,27.537500381469727,761.3709716796875
2018-06-13,10856.7001953125,27.58300018310547,761.3709716796875
2018-06-14,10808.0498046875,27.72599983215332,761.3633422851562
2018-06-15,10817.7001953125,27.749500274658203,761.3709716796875
2018-06-18,10799.849609375,27.45199966430664,761.3709716796875
2018-06-19,10710.4501953125,27.550500869750977,761.3709716796875
2018-06-20,10772.0498046875,27.40250015258789,761.3709716796875
2018-06-21,10741.099609375,27.225000381469727,761.3633422851562
2018-06-22,10821.849609375,27.229999542236328,761.3633422851562
2018-06-25,10762.4501953125,27.339000701904297,761.3709716796875
2018-06-26,10769.150390625,27.155000686645508,761.3709716796875
2018-06-27,10671.400390625,27.31450080871582,761.3709716796875
2018-06-28,10589.099609375,27.257999420166016,761.3709716796875
2018-06-29,10714.2998046875,27.13050079345703,763.7610473632812
2018-07-02,10657.2998046875,27.144500732421875,763.7610473632812
2018-07-03,10699.900390625,27.201000213623047,763.7532958984375
2018-07-04,10769.900390625,27.25200080871582,763.7532958984375
2018-07-05,10749.75,27.256000518798828,763.7610473632812
2018-07-06,10772.650390625,27.326499938964844,763.7532958984375
2018-07-09,10852.900390625,27.35650062561035,763.7532958984375
2018-07-10,10947.25,27.23699951171875,763.7610473632812
2018-07-11,10948.2998046875,27.21199989318848,763.7610473632812
2018-07-12,11023.2001953125,26.957500457763672,763.7610473632812
2018-07-13,11018.900390625,26.863500595092773,763.7610473632812
2018-07-16,10936.849609375,27.00149917602539,763.7610473632812
2018-07-17,11008.0498046875,26.86599922180176,763.7610473632812
2018-07-18,10980.4501953125,26.56800079345703,763.7610473632812
2018-07-19,10957.099609375,26.602500915527344,763.7532958984375
2018-07-20,11010.2001953125,26.642000198364254,763.7532958984375
2018-07-23,11084.75,26.827999114990234,763.7532958984375
2018-07-24,11134.2998046875,26.73150062561035,763.7532958984375
2018-07-25,11132.0,26.750999450683597,763.7610473632812
2018-07-26,11167.2998046875,26.666000366210938,763.7610473632812
2018-07-27,11278.349609375,26.54050064086914,763.7610473632812
2018-07-30,11319.5498046875,26.603500366210938,763.7610473632812
2018-07-31,11356.5,26.503999710083008,766.4674072265625
2018-08-01,11346.2001953125,26.520999908447266,766.4674072265625
2018-08-02,11244.7001953125,26.44849967956543,766.4596557617188
2018-08-03,11360.7998046875,26.340999603271484,766.4674072265625
2018-08-06,11387.099609375,26.35950088500977,766.4674072265625
2018-08-07,11389.4501953125,26.38450050354004,766.4674072265625
2018-08-08,11450.0,26.34449958801269,766.4674072265625
2018-08-09,11470.7001953125,26.331499099731445,766.4674072265625
2018-08-10,11429.5,26.37299919128418,766.4674072265625
2018-08-13,11355.75,26.56399917602539,766.4674072265625
2018-08-14,11435.099609375,26.440000534057617,766.4674072265625
2018-08-16,11385.0498046875,26.28899955749512,766.4674072265625
2018-08-17,11470.75,26.21150016784668,766.4596557617188
2018-08-20,11551.75,26.21649932861328,766.4674072265625
2018-08-21,11570.900390625,26.38249969482422,766.4674072265625
2018-08-23,11582.75,26.35099983215332,766.4674072265625
2018-08-24,11557.099609375,26.420000076293945,766.4674072265625
2018-08-27,11691.9501953125,26.688499450683597,766.4674072265625
2018-08-28,11738.5,26.94050025939941,766.4674072265625
2018-08-29,11691.900390625,26.903499603271484,766.4674072265625
2018-08-30,11676.7998046875,26.983999252319336,766.4674072265625
2018-08-31,11680.5,27.04750061035156,769.1851196289062
2018-09-03,11582.349609375,26.88249969482422,769.1925659179688
2018-09-04,11520.2998046875,26.93400001525879,769.1925659179688
2018-09-05,11476.9501953125,26.988500595092773,769.1925659179688
2018-09-06,11536.900390625,27.24449920654297,769.1925659179688
2018-09-07,11589.099609375,27.09149932861328,769.1925659179688
2018-09-10,11438.099609375,27.183000564575195,769.1925659179688
2018-09-11,11287.5,27.29750061035156,769.1925659179688
2018-09-12,11369.900390625,27.2810001373291,769.1925659179688
2018-09-14,11515.2001953125,27.18549919128418,769.1925659179688
2018-09-17,11377.75,27.316499710083008,769.1925659179688
2018-09-18,11278.900390625,27.464000701904297,769.1851196289062
2018-09-19,11234.349609375,27.49850082397461,769.1925659179688
2018-09-21,11143.099609375,27.39800071716309,769.1925659179688
2018-09-24,10967.400390625,27.3439998626709,769.1925659179688
2018-09-25,11067.4501953125,27.347999572753903,769.1925659179688
2018-09-26,11053.7998046875,27.296499252319336,769.1925659179688
2018-09-27,10977.5498046875,27.24850082397461,769.1925659179688
2018-09-28,10930.4501953125,27.027999877929688,771.817626953125
2018-10-01,11008.2998046875,27.16699981689453,771.8097534179688
2018-10-03,10858.25,27.99349975585937,771.8097534179688
2018-10-04,10599.25,27.787500381469727,771.817626953125
2018-10-05,10316.4501953125,27.881500244140625,771.817626953125
2018-10-08,10348.0498046875,27.73600006103516,771.817626953125
2018-10-09,10301.0498046875,27.661500930786133,771.817626953125
2018-10-10,10460.099609375,27.72450065612793,771.817626953125
2018-10-11,10234.650390625,27.968000411987305,771.817626953125
2018-10-12,10472.5,28.142000198364254,771.817626953125
2018-10-15,10512.5,28.50149917602539,771.817626953125
2018-10-16,10584.75,28.29450035095215,771.817626953125
2018-10-17,10453.0498046875,28.351999282836918,771.817626953125
2018-10-19,10303.5498046875,28.56550025939941,771.8097534179688
2018-10-22,10245.25,28.357999801635746,771.817626953125
2018-10-23,10146.7998046875,28.491500854492188,771.8097534179688
2018-10-24,10224.75,28.350500106811523,771.8097534179688
2018-10-25,10124.900390625,28.36899948120117,771.817626953125
2018-10-26,10030.0,28.50200080871582,771.817626953125
2018-10-29,10250.849609375,28.350500106811523,771.8097534179688
2018-10-30,10198.400390625,28.24099922180176,771.817626953125
2018-10-31,10386.599609375,28.370500564575195,774.5253295898438
2018-11-01,10380.4501953125,28.43149948120117,774.5178833007812
2018-11-02,10553.0,28.20499992370605,774.5253295898438
2018-11-05,10524.0,28.44099998474121,774.5178833007812
2018-11-06,10530.0,28.3174991607666,774.5253295898438
2018-11-07,10598.400390625,28.30299949645996,774.5411376953125
2018-11-09,10585.2001953125,28.00749969482422,774.5178833007812
2018-11-12,10482.2001953125,27.70400047302246,774.5253295898438
2018-11-13,10582.5,27.690000534057617,774.5178833007812
2018-11-14,10576.2998046875,27.700000762939453,774.5253295898438
2018-11-15,10616.7001953125,27.614999771118164,774.5253295898438
2018-11-16,10682.2001953125,27.511499404907227,774.5253295898438
2018-11-19,10763.400390625,27.53300094604492,774.5253295898438
2018-11-20,10656.2001953125,27.5310001373291,774.5253295898438
2018-11-21,10600.0498046875,27.513500213623047,774.5178833007812
2018-11-22,10526.75,27.50200080871582,774.5253295898438
2018-11-26,10628.599609375,27.292999267578125,774.5178833007812
2018-11-27,10685.599609375,27.24799919128418,774.5178833007812
2018-11-28,10728.849609375,27.010499954223636,774.5253295898438
2018-11-29,10858.7001953125,27.11100006103516,774.5253295898438
2018-11-30,10876.75,26.98550033569336,777.1820678710938
2018-12-03,10883.75,27.263500213623047,777.174560546875
2018-12-04,10869.5,27.545499801635746,777.174560546875
2018-12-05,10782.900390625,27.387500762939453,777.174560546875
2018-12-06,10601.150390625,27.631999969482425,777.1820678710938
2018-12-07,10693.7001953125,27.526500701904297,777.174560546875
2018-12-10,10488.4501953125,28.10099983215332,777.1820678710938
2018-12-11,10549.150390625,28.18199920654297,777.174560546875
2018-12-12,10737.599609375,28.045499801635746,777.174560546875
2018-12-13,10791.5498046875,27.933000564575195,777.1820678710938
2018-12-14,10805.4501953125,27.86599922180176,777.1820678710938
2018-12-17,10888.349609375,27.82200050354004,777.1820678710938
2018-12-18,10908.7001953125,27.71699905395508,777.1820678710938
2018-12-19,10967.2998046875,27.57349967956543,777.1820678710938
2018-12-20,10951.7001953125,27.58449935913086,777.1820678710938
2018-12-21,10754.0,27.732500076293945,777.1820678710938
2018-12-24,10663.5,27.87700080871582,777.1820678710938
2018-12-26,10729.849609375,27.98550033569336,777.1820678710938
2018-12-27,10779.7998046875,28.045499801635746,777.1820678710938
2018-12-28,10859.900390625,28.14949989318848,777.174560546875
2018-12-31,10862.5498046875,28.02050018310547,779.9400024414062
2019-01-01,10862.5498046875,28.17799949645996,779.9476928710938
2019-01-02,10792.5,28.28849983215332,779.9476928710938
2019-01-03,10672.25,28.47050094604492,779.9476928710938
2019-01-04,10727.349609375,28.29800033569336,779.9476928710938
2019-01-07,10771.7998046875,28.22450065612793,779.9400024414062
2019-01-08,10802.150390625,28.16399955749512,779.9476928710938
2019-01-09,10855.150390625,28.336000442504883,779.9476928710938
2019-01-10,10821.599609375,28.57900047302246,779.9476928710938
2019-01-11,10794.9501953125,28.53400039672852,779.9476928710938
2019-01-14,10737.599609375,28.61000061035156,779.9400024414062
2019-01-15,10886.7998046875,28.621000289916992,779.9476928710938
2019-01-16,10890.2998046875,28.713499069213867,779.9476928710938
2019-01-17,10905.2001953125,28.8129997253418,779.9476928710938
2019-01-18,10906.9501953125,28.64800071716309,779.9476928710938
2019-01-21,10961.849609375,28.582500457763672,779.9476928710938
2019-01-22,10922.75,28.726999282836918,779.9400024414062
2019-01-23,10831.5,28.73150062561035,779.9400024414062
2019-01-24,10849.7998046875,28.58650016784668,779.9476928710938
2019-01-25,10780.5498046875,28.66950035095215,779.9476928710938
2019-01-28,10661.5498046875,28.982500076293945,779.9400024414062
2019-01-29,10652.2001953125,29.16699981689453,779.9400024414062
2019-01-30,10651.7998046875,29.23600006103516,779.9476928710938
2019-01-31,10830.9501953125,29.348499298095703,782.701171875
2019-02-01,10893.650390625,29.467500686645508,782.701171875
2019-02-04,10912.25,29.465499877929688,782.6932373046875
2019-02-05,10934.349609375,29.5049991607666,782.701171875
2019-02-06,11062.4501953125,29.63999938964844,782.701171875
2019-02-07,11069.400390625,29.29400062561035,782.701171875
2019-02-08,10943.599609375,29.214000701904297,782.701171875
2019-02-11,10888.7998046875,29.301000595092773,782.6932373046875
2019-02-12,10831.400390625,29.20549964904785,782.701171875
2019-02-14,10746.0498046875,29.20549964904785,782.6932373046875
2019-02-15,10724.400390625,29.46699905395508,782.701171875
2019-02-18,10640.9501953125,29.69499969482422,782.6932373046875
2019-02-19,10604.349609375,29.771499633789062,782.701171875
2019-02-20,10735.4501953125,29.920499801635746,782.701171875
2019-02-21,10789.849609375,29.68600082397461,782.701171875
2019-02-22,10791.650390625,29.5049991607666,782.701171875
2019-02-25,10880.099609375,29.569000244140625,782.6932373046875
2019-02-26,10835.2998046875,29.536500930786133,782.701171875
2019-02-27,10806.650390625,29.59600067138672,782.701171875
2019-02-28,10792.5,29.502500534057617,785.1691284179688
2019-03-01,10863.5,29.073999404907227,785.1691284179688
2019-03-05,10987.4501953125,28.475500106811523,785.1610107421875
2019-03-06,11053.0,28.520999908447266,785.1691284179688
2019-03-07,11058.2001953125,28.324499130249023,785.1691284179688
2019-03-08,11035.400390625,28.4685001373291,785.1610107421875
2019-03-11,11168.0498046875,28.50200080871582,785.1610107421875
2019-03-12,11301.2001953125,28.35849952697754,785.1610107421875
2019-03-13,11341.7001953125,28.59550094604492,785.1691284179688
2019-03-14,11343.25,28.35950088500977,785.1691284179688
2019-03-15,11426.849609375,28.349000930786133,785.1691284179688
2019-03-18,11462.2001953125,28.114500045776367,785.1610107421875
2019-03-19,11532.400390625,28.34550094604492,785.1610107421875
2019-03-20,11521.0498046875,28.132999420166016,785.1691284179688
2019-03-22,11456.900390625,28.391000747680664,785.1691284179688
2019-03-25,11354.25,28.39349937438965,785.1691284179688
2019-03-26,11483.25,28.34600067138672,785.1610107421875
2019-03-27,11445.0498046875,28.381999969482425,785.1610107421875
2019-03-28,11570.0,28.25149917602539,787.8594970703125
2019-04-01,11669.150390625,28.092500686645508,787.8594970703125
2019-04-02,11713.2001953125,27.996000289916992,787.8513793945312
2019-04-03,11643.9501953125,27.882999420166016,787.8513793945312
2019-04-04,11598.0,28.039499282836918,787.8513793945312
2019-04-05,11665.9501953125,28.03499984741211,787.8513793945312
2019-04-08,11604.5,28.29750061035156,787.8513793945312
2019-04-09,11671.9501953125,28.2549991607666,787.8594970703125
2019-04-10,11584.2998046875,28.27899932861328,787.8594970703125
2019-04-11,11596.7001953125,28.21649932861328,787.8594970703125
2019-04-12,11643.4501953125,28.173999786376957,787.8594970703125
2019-04-15,11690.349609375,28.019500732421875,787.8513793945312
2019-04-16,11787.150390625,28.039499282836918,787.8594970703125
2019-04-18,11752.7998046875,27.930500030517575,787.8594970703125
2019-04-22,11594.4501953125,28.0004997253418,787.8594970703125
2019-04-23,11575.9501953125,27.96649932861328,787.8594970703125
2019-04-24,11726.150390625,27.957000732421875,787.8594970703125
2019-04-25,11641.7998046875,28.194499969482425,787.8513793945312
2019-04-26,11754.650390625,28.1564998626709,787.8594970703125
2019-04-30,11748.150390625,28.15250015258789,790.3790283203125
2019-05-02,11724.75,27.811500549316406,790.3790283203125
2019-05-03,11712.25,27.7810001373291,790.3790283203125
2019-05-06,11598.25,28.00749969482422,790.37109375
2019-05-07,11497.900390625,28.022499084472656,790.3790283203125
2019-05-08,11359.4501953125,28.0629997253418,790.3790283203125
2019-05-09,11301.7998046875,28.114999771118164,790.3790283203125
2019-05-10,11278.900390625,28.10950088500977,790.3790283203125
2019-05-13,11148.2001953125,28.261499404907227,790.3790283203125
2019-05-14,11222.0498046875,28.554000854492188,790.3790283203125
2019-05-15,11157.0,28.57099914550781,790.3790283203125
2019-05-16,11257.099609375,28.36750030517578,790.3790283203125
2019-05-17,11407.150390625,28.26449966430664,790.3790283203125
2019-05-20,11828.25,27.895000457763672,790.37109375
2019-05-21,11709.099609375,27.92449951171875,790.3790283203125
2019-05-22,11737.900390625,27.895000457763672,790.3790283203125
2019-05-23,11657.0498046875,28.01499938964844,790.3790283203125
2019-05-24,11844.099609375,27.99250030517578,790.3790283203125
2019-05-27,11924.75,28.09600067138672,790.3790283203125
2019-05-28,11928.75,28.10099983215332,790.37109375
2019-05-29,11861.099609375,28.20199966430664,790.3790283203125
2019-05-30,11945.900390625,28.040000915527344,790.3790283203125
2019-05-31,11922.7998046875,28.381999969482425,793.0306396484375
2019-06-03,12088.5498046875,28.534500122070312,793.022705078125
2019-06-04,12021.650390625,28.644500732421875,793.0306396484375
2019-06-06,11843.75,28.951499938964844,793.022705078125
2019-06-07,11870.650390625,28.9064998626709,793.0306396484375
2019-06-10,11922.7001953125,28.795499801635746,793.0306396484375
2019-06-11,11965.599609375,28.600500106811523,793.0306396484375
2019-06-12,11906.2001953125,28.78300094604492,793.0306396484375
2019-06-13,11914.0498046875,28.826000213623047,793.0306396484375
2019-06-14,11823.2998046875,29.242000579833984,793.0306396484375
2019-06-17,11672.150390625,28.9375,793.022705078125
2019-06-18,11691.5,29.04750061035156,793.0306396484375
2019-06-19,11691.4501953125,29.017000198364254,793.022705078125
2019-06-20,11831.75,29.75900077819824,793.022705078125
2019-06-21,11724.099609375,29.76499938964844,793.0306396484375
2019-06-24,11699.650390625,30.006999969482425,793.022705078125
2019-06-25,11796.4501953125,30.41699981689453,793.0306396484375
2019-06-26,11847.5498046875,29.84749984741211,793.0306396484375
2019-06-27,11841.5498046875,29.78350067138672,793.022705078125
2019-06-28,11788.849609375,29.97949981689453,795.4252319335938
2019-07-01,11865.599609375,29.586000442504883,795.4331665039062
2019-07-02,11910.2998046875,29.62800025939941,795.4331665039062
2019-07-03,11916.75,30.15049934387207,795.4331665039062
2019-07-04,11946.75,29.94499969482422,795.4331665039062
2019-07-05,11811.150390625,30.246000289916992,795.4331665039062
2019-07-08,11558.599609375,30.293500900268555,795.4331665039062
2019-07-09,11555.900390625,30.02199935913086,795.4331665039062
2019-07-10,11498.900390625,30.16200065612793,795.4331665039062
2019-07-11,11582.900390625,30.587499618530277,795.4252319335938
2019-07-12,11552.5,30.327999114990234,795.4252319335938
2019-07-15,11588.349609375,30.51499938964844,795.4331665039062
2019-07-16,11662.599609375,30.546499252319336,795.4252319335938
2019-07-17,11687.5,30.486499786376957,795.4331665039062
2019-07-18,11596.900390625,30.962499618530277,795.4331665039062
2019-07-19,11419.25,31.183500289916992,795.4331665039062
2019-07-22,11346.2001953125,30.864500045776367,795.4252319335938
2019-07-23,11331.0498046875,30.78350067138672,795.4331665039062
2019-07-24,11271.2998046875,30.826000213623047,795.4331665039062
2019-07-25,11252.150390625,30.83550071716309,795.4331665039062
2019-07-26,11284.2998046875,30.684499740600582,795.4331665039062
2019-07-29,11189.2001953125,30.66900062561035,795.4331665039062
2019-07-30,11085.400390625,30.789499282836918,795.4331665039062
2019-07-31,11118.0,30.6564998626709,797.853515625
2019-08-01,10980.0,30.45549964904785,797.853515625
2019-08-02,10997.349609375,31.270000457763672,797.853515625
2019-08-05,10862.599609375,31.97100067138672,797.845458984375
2019-08-06,10948.25,32.17100143432617,797.853515625
2019-08-07,10855.5,32.6510009765625,797.8613891601562
2019-08-08,11032.4501953125,32.60449981689453,797.853515625
2019-08-09,11109.650390625,32.72549819946289,797.8772583007812
2019-08-13,10925.849609375,33.30550003051758,797.853515625
2019-08-14,11029.400390625,32.777000427246094,797.853515625
2019-08-16,11047.7998046875,32.90299987792969,797.853515625
2019-08-19,11053.900390625,32.94300079345703,797.853515625
2019-08-20,11017.0,33.18550109863281,797.853515625
2019-08-21,10918.7001953125,32.949501037597656,797.845458984375
2019-08-22,10741.349609375,33.199501037597656,797.853515625
2019-08-23,10829.349609375,33.09149932861328,797.845458984375
2019-08-26,11057.849609375,33.96049880981445,797.845458984375
2019-08-27,11105.349609375,33.94900131225586,797.845458984375
2019-08-28,11046.099609375,34.21149826049805,797.853515625
2019-08-29,10948.2998046875,34.22249984741211,797.845458984375
2019-08-30,11023.25,33.79949951171875,800.0850219726562
2019-09-03,10797.900390625,34.45199966430664,800.0850219726562
2019-09-04,10844.650390625,34.576499938964844,800.076904296875
2019-09-05,10847.900390625,34.513999938964844,800.076904296875
2019-09-06,10946.2001953125,33.52450180053711,800.076904296875
2019-09-09,11003.0498046875,33.6870002746582,800.0850219726562
2019-09-11,11035.7001953125,33.33150100708008,800.076904296875
2019-09-12,10982.7998046875,33.14799880981445,800.0850219726562
2019-09-13,11075.900390625,33.12350082397461,800.0850219726562
2019-09-16,11003.5,33.25,800.0850219726562
2019-09-17,10817.599609375,33.36399841308594,800.0850219726562
2019-09-18,10840.650390625,33.11949920654297,800.076904296875
2019-09-19,10704.7998046875,32.79800033569336,800.0850219726562
2019-09-20,11274.2001953125,32.81800079345703,800.076904296875
2019-09-23,11600.2001953125,33.08250045776367,800.076904296875
2019-09-24,11588.2001953125,33.08649826049805,800.0689086914062
2019-09-25,11440.2001953125,33.345001220703125,800.0850219726562
2019-09-26,11571.2001953125,32.98649978637695,800.0850219726562
2019-09-27,11512.400390625,33.02149963378906,800.0850219726562
2019-09-30,11474.4501953125,32.97249984741211,802.3543090820312
2019-10-01,11359.900390625,32.640499114990234,802.3543090820312
2019-10-03,11314.0,33.354000091552734,802.346435546875
2019-10-04,11174.75,33.640499114990234,802.3543090820312
2019-10-07,11126.400390625,33.60350036621094,802.3543090820312
2019-10-09,11313.2998046875,33.72249984741211,802.346435546875
2019-10-10,11234.5498046875,33.827999114990234,802.3543090820312
2019-10-11,11305.0498046875,33.6614990234375,802.346435546875
2019-10-14,11341.150390625,33.74649810791016,802.3543090820312
2019-10-15,11428.2998046875,33.92499923706055,802.346435546875
2019-10-16,11464.0,33.734500885009766,802.346435546875
2019-10-17,11586.349609375,33.787498474121094,802.346435546875
2019-10-18,11661.849609375,33.76300048828125,802.346435546875
2019-10-22,11588.349609375,33.665000915527344,802.346435546875
2019-10-23,11604.099609375,33.792999267578125,802.3543090820312
2019-10-24,11582.599609375,33.701499938964844,802.3543090820312
2019-10-25,11583.900390625,34.28150177001953,802.3543090820312
2019-10-27,11583.900390625,34.13399887084961,802.3861083984375
2019-10-29,11786.849609375,33.71049880981445,802.3543090820312
2019-10-30,11844.099609375,33.65999984741211,802.3543090820312
2019-10-31,11877.4501953125,34.06549835205078,804.4303588867188
2019-11-01,11890.599609375,34.18000030517578,804.4303588867188
2019-11-04,11941.2998046875,34.1870002746582,804.4223022460938
2019-11-05,11917.2001953125,34.09149932861328,804.4223022460938
2019-11-06,11966.0498046875,33.86199951171875,804.4303588867188
2019-11-07,12012.0498046875,33.7869987487793,804.4303588867188
2019-11-08,11908.150390625,33.50450134277344,804.4303588867188
2019-11-11,11913.4501953125,33.553001403808594,804.4303588867188
2019-11-13,11840.4501953125,33.82550048828125,804.4303588867188
2019-11-14,11872.099609375,33.84149932861328,804.4223022460938
2019-11-15,11895.4501953125,33.53850173950195,804.4223022460938
2019-11-18,11884.5,33.43000030517578,804.4223022460938
2019-11-19,11940.099609375,33.708499908447266,804.4223022460938
2019-11-20,11999.099609375,33.85300064086914,804.4223022460938
2019-11-21,11968.400390625,33.702999114990234,804.4223022460938
2019-11-22,11914.400390625,33.707000732421875,804.4303588867188
2019-11-25,12073.75,33.38850021362305,804.4303588867188
2019-11-26,12037.7001953125,33.32149887084961,804.4223022460938
2019-11-27,12100.7001953125,33.2869987487793,804.4223022460938
2019-11-28,12151.150390625,33.33649826049805,804.4303588867188
2019-11-29,12056.0498046875,33.41350173950195,806.416015625
2019-12-02,12048.2001953125,33.40850067138672,806.4078369140625
2019-12-03,11994.2001953125,33.484500885009766,806.4078369140625
2019-12-04,12043.2001953125,33.756500244140625,806.4078369140625
2019-12-05,12018.400390625,33.66550064086914,806.416015625
2019-12-06,11921.5,33.62200164794922,806.416015625
2019-12-09,11937.5,33.23550033569336,806.4078369140625
2019-12-10,11856.7998046875,33.20650100708008,806.4078369140625
2019-12-11,11910.150390625,33.27199935913086,806.416015625
2019-12-12,11971.7998046875,33.287498474121094,806.4078369140625
2019-12-13,12086.7001953125,33.22050094604492,806.4078369140625
2019-12-16,12053.9501953125,33.44300079345703,806.416015625
2019-12-17,12165.0,33.50299835205078,806.416015625
2019-12-18,12221.650390625,33.59600067138672,806.416015625
2019-12-19,12259.7001953125,0.3355000019073486,806.416015625
2019-12-20,12271.7998046875,0.3364999890327453,806.4078369140625
2019-12-23,12262.75,33.650001525878906,806.416015625
2019-12-24,12214.5498046875,33.75,806.416015625
2019-12-26,12126.5498046875,34.0,806.416015625
2019-12-27,12245.7998046875,34.150001525878906,806.416015625
2019-12-30,12255.849609375,34.29999923706055,806.4078369140625
2019-12-31,12168.4501953125,34.45000076293945,808.5234375
2020-01-01,12182.5,34.349998474121094,808.5234375
2020-01-02,12282.2001953125,34.349998474121094,808.531494140625
2020-01-03,12226.650390625,35.400001525878906,808.531494140625
2020-01-06,11993.0498046875,36.150001525878906,808.531494140625
2020-01-07,12052.9501953125,35.5,808.531494140625
2020-01-08,12025.349609375,36.09999847412109,808.5234375
2020-01-09,12215.900390625,35.04999923706055,808.5234375
2020-01-10,12256.7998046875,34.95000076293945,808.531494140625
2020-01-13,12329.5498046875,34.75,808.5234375
2020-01-14,12362.2998046875,34.75,808.531494140625
2020-01-15,12343.2998046875,35.04999923706055,808.5234375
2020-01-16,12355.5,35.0,808.531494140625
2020-01-17,12352.349609375,34.95000076293945,808.531494140625
2020-01-20,12224.5498046875,35.22999954223633,808.5234375
2020-01-21,12169.849609375,35.130001068115234,808.531494140625
2020-01-22,12106.900390625,35.290000915527344,808.531494140625
2020-01-23,12180.349609375,35.209999084472656,808.5234375
2020-01-24,12248.25,35.400001525878906,808.531494140625
2020-01-27,12119.0,35.849998474121094,808.531494140625
2020-01-28,12055.7998046875,35.720001220703125,808.5234375
2020-01-29,12129.5,35.61000061035156,808.531494140625
2020-01-30,12035.7998046875,35.93000030517578,808.531494140625
2020-01-31,11962.099609375,35.869998931884766,810.5355224609375
2020-02-03,11707.900390625,35.90999984741211,810.5355224609375
2020-02-04,11979.650390625,35.58000183105469,810.5355224609375
2020-02-05,12089.150390625,35.310001373291016,810.5355224609375
2020-02-06,12137.9501953125,35.58000183105469,810.5355224609375
2020-02-07,12098.349609375,35.70000076293945,810.5355224609375
2020-02-10,12031.5,35.95000076293945,810.5274658203125
2020-02-11,12107.900390625,35.81999969482422,810.5274658203125
2020-02-12,12201.2001953125,35.7599983215332,810.5274658203125
2020-02-13,12174.650390625,35.95000076293945,810.5355224609375
2020-02-14,12113.4501953125,35.849998474121094,810.5355224609375
2020-02-17,12045.7998046875,35.93000030517578,810.5274658203125
2020-02-18,11992.5,36.13999938964844,810.5274658203125
2020-02-19,12125.900390625,36.709999084472656,810.5274658203125
2020-02-20,12080.849609375,36.81999969482422,810.5355224609375
2020-02-24,11829.400390625,38.58000183105469,810.5355224609375
2020-02-25,11797.900390625,37.43999862670898,810.5274658203125
2020-02-26,11678.5,37.52000045776367,810.5355224609375
2020-02-27,11633.2998046875,37.380001068115234,810.5355224609375
2020-02-28,11201.75,37.369998931884766,812.1123657226562
2020-03-02,11132.75,37.02999877929688,812.2423095703125
2020-03-03,11303.2998046875,37.119998931884766,812.2423095703125
2020-03-04,11251.0,38.09999847412109,812.2423095703125
2020-03-05,11269.0,38.040000915527344,812.2423095703125
2020-03-06,10989.4501953125,39.04999923706055,812.2423095703125
2020-03-09,10451.4501953125,38.459999084472656,812.234130859375
2020-03-11,10458.400390625,38.18000030517578,812.2423095703125
2020-03-12,9590.150390625,37.959999084472656,812.2423095703125
2020-03-13,9955.2001953125,36.619998931884766,812.2423095703125
2020-03-16,9197.400390625,35.66999816894531,812.2423095703125
2020-03-17,8967.0498046875,34.83000183105469,812.2423095703125
2020-03-18,8468.7998046875,35.439998626708984,812.234130859375
2020-03-19,8263.4501953125,35.209999084472656,812.2423095703125
2020-03-20,8745.4501953125,36.11000061035156,812.2423095703125
2020-03-23,7610.25,35.02000045776367,812.2423095703125
2020-03-24,7801.0498046875,36.38999938964844,812.234130859375
2020-03-25,8317.849609375,36.9900016784668,812.234130859375
2020-03-26,8641.4501953125,36.720001220703125,812.234130859375
2020-03-27,8660.25,38.16999816894531,812.2423095703125
2020-03-30,8281.099609375,39.7400016784668,812.2423095703125
2020-03-31,8597.75,38.209999084472656,813.5635375976562
2020-04-01,8253.7998046875,38.2400016784668,813.5635375976562
2020-04-03,8083.7998046875,38.790000915527344,813.5635375976562
2020-04-07,8792.2001953125,39.66999816894531,813.5551147460938
2020-04-08,8748.75,39.790000915527344,813.5635375976562
2020-04-09,9111.900390625,40.790000915527344,813.5635375976562
2020-04-13,8993.849609375,42.4900016784668,813.5635375976562
2020-04-15,8925.2998046875,42.66999816894531,813.5635375976562
2020-04-16,8992.7998046875,43.2599983215332,813.5551147460938
2020-04-17,9266.75,42.470001220703125,813.5877685546875
2020-04-20,9261.849609375,41.54999923706055,813.5635375976562
2020-04-21,8981.4501953125,42.04999923706055,813.5635375976562
2020-04-22,9187.2998046875,42.61000061035156,813.5551147460938
2020-04-23,9313.900390625,42.61000061035156,813.5635375976562
2020-04-24,9154.400390625,42.68999862670898,813.5635375976562
2020-04-27,9282.2998046875,42.560001373291016,813.5551147460938
2020-04-28,9380.900390625,42.68000030517578,813.5551147460938
2020-04-29,9553.349609375,42.369998931884766,813.5635375976562
2020-04-30,9859.900390625,42.56999969482422,814.7730712890625
2020-05-04,9293.5,42.72999954223633,814.7730712890625
2020-05-05,9205.599609375,41.540000915527344,814.7730712890625
2020-05-06,9270.900390625,41.36000061035156,814.7730712890625
2020-05-07,9199.0498046875,41.060001373291016,814.7730712890625
2020-05-08,9251.5,41.5099983215332,814.7730712890625
2020-05-11,9239.2001953125,41.16999816894531,814.7650756835938
2020-05-12,9196.5498046875,41.2400016784668,814.7730712890625
2020-05-13,9383.5498046875,40.970001220703125,814.7650756835938
2020-05-14,9142.75,41.4900016784668,814.7730712890625
2020-05-15,9136.849609375,41.79999923706055,814.7730712890625
2020-05-18,8823.25,42.540000915527344,814.7730712890625
2020-05-19,8879.099609375,41.369998931884766,814.7730712890625
2020-05-20,9066.5498046875,41.880001068115234,814.7650756835938
2020-05-21,9106.25,41.43000030517578,814.7730712890625
2020-05-22,9039.25,41.650001525878906,814.7650756835938
2020-05-26,9029.0498046875,41.20000076293945,814.7730712890625
2020-05-27,9314.9501953125,40.650001525878906,814.7650756835938
2020-05-28,9490.099609375,41.18999862670898,814.7730712890625
2020-05-29,9580.2998046875,40.9900016784668,816.2669677734375
2020-06-01,9826.150390625,41.209999084472656,816.2669677734375
2020-06-02,9979.099609375,41.18000030517578,816.25927734375
2020-06-03,10061.5498046875,40.880001068115234,816.2669677734375
2020-06-04,10029.099609375,40.810001373291016,816.25927734375
2020-06-05,10142.150390625,41.18999862670898,816.25927734375
2020-06-08,10167.4501953125,40.650001525878906,816.2669677734375
2020-06-09,10046.650390625,41.0,816.2669677734375
2020-06-10,10116.150390625,41.209999084472656,816.2669677734375
2020-06-11,9902.0,41.72999954223633,816.2669677734375
2020-06-12,9972.900390625,41.79999923706055,816.2669677734375
2020-06-15,9813.7001953125,41.40999984741211,816.2669677734375
2020-06-16,9914.0,41.84999847412109,816.2669677734375
2020-06-17,9881.150390625,41.650001525878906,816.25927734375
2020-06-18,10091.650390625,41.84000015258789,816.25927734375
2020-06-19,10244.400390625,41.7400016784668,816.2669677734375
2020-06-22,10311.2001953125,42.290000915527344,816.2669677734375
2020-06-23,10471.0,42.220001220703125,816.25927734375
2020-06-24,10305.2998046875,42.70000076293945,816.2669677734375
2020-06-25,10288.900390625,42.310001373291016,816.2669677734375
2020-06-26,10383.0,42.33000183105469,816.2669677734375
2020-06-29,10312.400390625,42.4900016784668,816.25927734375
2020-06-30,10302.099609375,42.61000061035156,817.7864990234375
2020-07-01,10430.0498046875,43.0,817.7864990234375
2020-07-02,10551.7001953125,42.2400016784668,817.7864990234375
2020-07-03,10607.349609375,42.20000076293945,817.7864990234375
2020-07-06,10763.650390625,42.27000045776367,817.7781372070312
2020-07-07,10799.650390625,42.41999816894531,817.7864990234375
2020-07-08,10705.75,43.0099983215332,817.7864990234375
2020-07-09,10813.4501953125,43.33000183105469,817.7864990234375
2020-07-10,10768.0498046875,43.20000076293945,817.7864990234375
2020-07-13,10802.7001953125,43.2599983215332,817.7864990234375
2020-07-14,10607.349609375,43.119998931884766,817.7864990234375
2020-07-15,10618.2001953125,43.220001220703125,817.7864990234375
2020-07-16,10739.9501953125,43.119998931884766,817.7864990234375
2020-07-17,10901.7001953125,42.880001068115234,817.7864990234375
2020-07-20,11022.2001953125,43.06999969482422,817.7781372070312
2020-07-21,11162.25,43.2599983215332,817.7864990234375
2020-07-22,11132.599609375,43.880001068115234,817.7781372070312
2020-07-23,11215.4501953125,44.5,817.7781372070312
2020-07-24,11194.150390625,44.91999816894531,817.7864990234375
2020-07-27,11131.7998046875,46.45000076293945,817.7781372070312
2020-07-28,11300.5498046875,46.0099983215332,817.7781372070312
2020-07-29,11202.849609375,46.52000045776367,817.7864990234375
2020-07-30,11102.150390625,46.54999923706055,817.7864990234375
2020-07-31,11073.4501953125,47.13999938964844,819.4691772460938
2020-08-03,10891.599609375,47.290000915527344,819.4609375
2020-08-04,11095.25,47.2599983215332,819.4691772460938
2020-08-05,11101.650390625,48.5099983215332,819.4691772460938
2020-08-06,11200.150390625,48.900001525878906,819.4609375
2020-08-07,11214.0498046875,49.16999816894531,819.4609375
2020-08-10,11270.150390625,48.400001525878906,819.4691772460938
2020-08-11,11322.5,47.29999923706055,819.4691772460938
2020-08-12,11308.400390625,45.68000030517578,819.4691772460938
2020-08-13,11300.4501953125,45.9900016784668,819.4609375
2020-08-14,11178.400390625,46.31999969482422,819.4691772460938
2020-08-17,11247.099609375,46.150001525878906,819.4609375
2020-08-18,11385.349609375,47.310001373291016,819.4609375
2020-08-19,11408.400390625,46.880001068115234,819.4609375
2020-08-20,11312.2001953125,45.68000030517578,819.4691772460938
2020-08-21,11371.599609375,45.720001220703125,819.4691772460938
2020-08-24,11466.4501953125,45.5,819.4609375
2020-08-25,11472.25,44.93000030517578,819.4691772460938
2020-08-26,11549.599609375,44.79999923706055,819.4691772460938
2020-08-27,11559.25,45.04999923706055,819.4691772460938
2020-08-28,11647.599609375,45.09999847412109,819.4691772460938
2020-08-31,11387.5,45.34000015258789,820.8384399414062
2020-09-01,11470.25,45.459999084472656,820.8384399414062
2020-09-02,11535.0,45.0,820.8384399414062
2020-09-03,11527.4501953125,44.43999862670898,820.8384399414062
2020-09-04,11333.849609375,44.720001220703125,820.8384399414062
2020-09-07,11355.0498046875,44.75,820.8464965820312
2020-09-08,11317.349609375,44.81999969482422,820.8464965820312
2020-09-09,11278.0,44.93999862670898,820.8464965820312
2020-09-10,11449.25,45.220001220703125,820.8384399414062
2020-09-11,11464.4501953125,45.16999816894531,820.8464965820312
2020-09-14,11440.0498046875,45.02999877929688,820.8384399414062
2020-09-15,11521.7998046875,45.560001373291016,820.8464965820312
2020-09-16,11604.5498046875,45.380001068115234,820.8384399414062
2020-09-17,11516.099609375,44.97999954223633,820.8384399414062
2020-09-18,11504.9501953125,45.31999969482422,820.8464965820312
2020-09-21,11250.5498046875,45.0,820.8464965820312
2020-09-22,11153.650390625,44.2599983215332,820.8384399414062
2020-09-23,11131.849609375,43.97999954223633,820.8384399414062
2020-09-24,10805.5498046875,43.36000061035156,820.8384399414062
2020-09-25,11050.25,43.619998931884766,820.8464965820312
2020-09-28,11227.5498046875,43.310001373291016,820.8384399414062
2020-09-29,11222.400390625,44.150001525878906,820.8384399414062
2020-09-30,11247.5498046875,44.18000030517578,822.5399780273438
2020-10-01,11416.9501953125,44.09999847412109,822.5399780273438
2020-10-05,11503.349609375,44.18000030517578,822.5399780273438
2020-10-06,11662.400390625,44.61000061035156,822.5399780273438
2020-10-07,11738.849609375,43.95000076293945,822.53125
2020-10-08,11834.599609375,44.0,822.53125
2020-10-09,11914.2001953125,44.400001525878906,822.5399780273438
2020-10-12,11930.9501953125,44.790000915527344,822.53125
2020-10-13,11934.5,44.720001220703125,822.53125
2020-10-14,11971.0498046875,44.150001525878906,822.5399780273438
2020-10-15,11680.349609375,44.29999923706055,822.5399780273438
2020-10-16,11762.4501953125,44.4900016784668,822.5399780273438
2020-10-19,11873.0498046875,44.52000045776367,822.5399780273438
2020-10-20,11896.7998046875,44.43999862670898,822.53125
2020-10-21,11937.650390625,44.790000915527344,822.53125
2020-10-22,11896.4501953125,44.790000915527344,822.53125
2020-10-23,11930.349609375,44.650001525878906,822.53125
2020-10-26,11767.75,44.54999923706055,822.5399780273438
2020-10-27,11889.400390625,44.52000045776367,822.5399780273438
2020-10-28,11729.599609375,44.61000061035156,822.5399780273438
2020-10-29,11670.7998046875,44.34999847412109,824.0105590820312
2020-10-30,11642.400390625,44.31999969482422,824.0105590820312
2020-11-02,11669.150390625,44.619998931884766,824.0105590820312
2020-11-03,11813.5,44.79999923706055,824.0020751953125
2020-11-04,11908.5,44.84000015258789,824.0020751953125
2020-11-05,12120.2998046875,44.91999816894531,824.0020751953125
2020-11-06,12263.5498046875,45.61000061035156,824.0020751953125
2020-11-09,12461.0498046875,45.83000183105469,824.0105590820312
2020-11-10,12631.099609375,43.97999954223633,824.0020751953125
2020-11-11,12749.150390625,44.20000076293945,824.0020751953125
2020-11-12,12690.7998046875,44.2599983215332,824.0020751953125
2020-11-13,12719.9501953125,44.34000015258789,824.0105590820312
2020-11-14,12719.9501953125,44.709999084472656,824.0105590820312
2020-11-17,12874.2001953125,44.5099983215332,824.0105590820312
2020-11-18,12938.25,44.18000030517578,824.0020751953125
2020-11-19,12771.7001953125,43.83000183105469,824.0105590820312
2020-11-20,12859.0498046875,43.810001373291016,824.0105590820312
2020-11-23,12926.4501953125,43.880001068115234,824.0105590820312
2020-11-24,13055.150390625,42.77999877929688,824.0020751953125
2020-11-25,12858.400390625,42.68000030517578,824.0020751953125
2020-11-26,12987.0,42.93999862670898,824.0105590820312
2020-11-27,12968.9501953125,42.84000015258789,825.5692749023438
2020-12-01,13109.0498046875,42.290000915527344,825.5608520507812
2020-12-02,13113.75,42.83000183105469,825.5608520507812
2020-12-03,13133.900390625,43.06999969482422,825.5608520507812
2020-12-04,13258.5498046875,43.060001373291016,825.5692749023438
2020-12-07,13355.75,42.7599983215332,825.5692749023438
2020-12-08,13392.9501953125,43.34000015258789,825.5692749023438
2020-12-09,13529.099609375,43.18000030517578,825.5608520507812
2020-12-10,13478.2998046875,42.650001525878906,825.5692749023438
2020-12-11,13513.849609375,42.709999084472656,825.5692749023438
2020-12-14,13558.150390625,42.560001373291016,825.5692749023438
2020-12-15,13567.849609375,42.81999969482422,825.5692749023438
2020-12-16,13682.7001953125,43.33000183105469,825.5692749023438
2020-12-17,13740.7001953125,43.66999816894531,825.5692749023438
2020-12-18,13760.5498046875,43.72999954223633,825.5692749023438
2020-12-21,13328.400390625,44.15999984741211,825.5692749023438
2020-12-22,13466.2998046875,43.70000076293945,825.5608520507812
2020-12-23,13601.099609375,43.58000183105469,825.5608520507812
2020-12-24,13749.25,43.72999954223633,825.5692749023438
2020-12-28,13873.2001953125,43.84999847412109,825.5608520507812
2020-12-29,13932.599609375,43.68000030517578,825.5692749023438
2020-12-30,13981.9501953125,43.58000183105469,825.5692749023438
2020-12-31,13981.75,43.75,827.1218872070312
2021-01-01,14018.5,43.810001373291016,827.1218872070312
2021-01-04,14132.900390625,44.52000045776367,827.1134033203125
2021-01-05,14199.5,44.970001220703125,827.1134033203125
2021-01-06,14146.25,45.15999984741211,827.1134033203125
2021-01-07,14137.349609375,44.40999984741211,827.1134033203125
2021-01-08,14347.25,43.83000183105469,827.1218872070312
2021-01-11,14484.75,43.02999877929688,827.1218872070312
2021-01-12,14563.4501953125,43.22999954223633,827.1134033203125
2021-01-13,14564.849609375,43.06999969482422,827.1218872070312
2021-01-14,14595.599609375,42.70000076293945,827.1218872070312
2021-01-15,14433.7001953125,43.02999877929688,827.1218872070312
2021-01-18,14281.2998046875,42.540000915527344,827.1218872070312
2021-01-19,14521.150390625,42.790000915527344,827.1218872070312
2021-01-20,14644.7001953125,42.9900016784668,827.1134033203125
2021-01-21,14590.349609375,43.220001220703125,827.1134033203125
2021-01-22,14371.900390625,43.040000915527344,827.1218872070312
2021-01-25,14238.900390625,42.790000915527344,827.1134033203125
2021-01-27,13967.5,42.560001373291016,827.1218872070312
2021-01-28,13817.5498046875,42.540000915527344,827.1218872070312
2021-01-29,13634.599609375,42.650001525878906,828.68212890625
2021-02-01,14281.2001953125,42.34000015258789,828.68212890625
2021-02-02,14647.849609375,41.91999816894531,828.68212890625
2021-02-03,14789.9501953125,41.68999862670898,828.68212890625
2021-02-04,14895.650390625,41.33000183105469,828.6906127929688
2021-02-05,14924.25,41.130001068115234,828.6906127929688
2021-02-08,15115.7998046875,41.27999877929688,828.68212890625
2021-02-09,15109.2998046875,41.84999847412109,828.68212890625
2021-02-10,15106.5,41.7599983215332,828.6906127929688
2021-02-11,15173.2998046875,41.7599983215332,828.6906127929688
2021-02-12,15163.2998046875,41.20000076293945,828.6906127929688
2021-02-15,15314.7001953125,41.18999862670898,828.6906127929688
2021-02-16,15313.4501953125,41.34999847412109,828.68212890625
2021-02-17,15208.900390625,40.52000045776367,828.6906127929688
2021-02-18,15118.9501953125,40.470001220703125,828.68212890625
2021-02-19,14981.75,40.09999847412109,828.6906127929688
2021-02-22,14675.7001953125,40.43000030517578,828.6906127929688
2021-02-23,14707.7998046875,40.66999816894531,828.68212890625
2021-02-24,14982.0,40.619998931884766,828.68212890625
2021-02-25,15097.349609375,40.33000183105469,828.68212890625
2021-02-26,14529.150390625,40.25,830.177001953125
2021-03-01,14761.5498046875,39.959999084472656,830.1688232421875
2021-03-02,14919.099609375,39.52000045776367,830.1688232421875
2021-03-03,15245.599609375,39.33000183105469,830.1688232421875
2021-03-04,15080.75,38.93000030517578,830.177001953125
2021-03-05,14938.099609375,38.66999816894531,830.177001953125
2021-03-08,14956.2001953125,38.70000076293945,830.177001953125
2021-03-09,15098.400390625,38.84999847412109,830.1688232421875
2021-03-10,15174.7998046875,38.95000076293945,830.177001953125
2021-03-12,15030.9501953125,38.630001068115234,830.177001953125
2021-03-15,14929.5,39.060001373291016,830.177001953125
2021-03-16,14910.4501953125,39.02999877929688,830.177001953125
2021-03-17,14721.2998046875,39.13999938964844,830.177001953125
2021-03-18,14557.849609375,39.16999816894531,830.177001953125
2021-03-19,14744.0,39.22999954223633,830.177001953125
2021-03-22,14736.400390625,38.84999847412109,830.177001953125
2021-03-23,14814.75,38.91999816894531,830.1688232421875
2021-03-24,14549.400390625,38.880001068115234,830.177001953125
2021-03-25,14324.900390625,38.88999938964844,830.177001953125
2021-03-26,14507.2998046875,38.790000915527344,830.177001953125
2021-03-30,14845.099609375,38.380001068115234,830.1688232421875
2021-03-31,14690.7001953125,38.16999816894531,831.9503173828125
2021-04-01,14867.349609375,39.09999847412109,831.9420776367188
2021-04-05,14637.7998046875,39.33000183105469,831.9503173828125
2021-04-06,14683.5,39.4900016784668,831.9503173828125
2021-04-07,14819.0498046875,40.11000061035156,831.9503173828125
2021-04-08,14873.7998046875,40.27999877929688,831.9503173828125
2021-04-09,14834.849609375,40.45000076293945,831.9420776367188
2021-04-12,14310.7998046875,40.4900016784668,831.9503173828125
2021-04-13,14504.7998046875,40.5099983215332,831.9503173828125
2021-04-15,14581.4501953125,40.720001220703125,831.9503173828125
2021-04-16,14617.849609375,40.83000183105469,831.9420776367188
2021-04-19,14359.4501953125,41.52999877929688,831.9503173828125
2021-04-20,14296.400390625,41.09999847412109,831.9503173828125
2021-04-22,14406.150390625,41.47999954223633,831.9503173828125
2021-04-23,14341.349609375,41.52000045776367,831.9503173828125
2021-04-26,14485.0,41.22999954223633,831.9420776367188
2021-04-27,14653.0498046875,41.08000183105469,831.9420776367188
2021-04-28,14864.5498046875,40.63999938964844,831.9420776367188
2021-04-29,14894.900390625,40.720001220703125,831.9503173828125
2021-04-30,14631.099609375,40.59000015258789,833.57568359375
2021-05-03,14634.150390625,40.68999862670898,833.57568359375
2021-05-04,14496.5,40.75,833.57568359375
2021-05-05,14617.849609375,40.52999877929688,833.57568359375
2021-05-06,14724.7998046875,40.81999969482422,833.5674438476562
2021-05-07,14823.150390625,41.2400016784668,833.57568359375
2021-05-10,14942.349609375,41.459999084472656,833.57568359375
2021-05-11,14850.75,41.400001525878906,833.5674438476562
2021-05-12,14696.5,41.38999938964844,833.57568359375
2021-05-14,14677.7998046875,41.4900016784668,833.57568359375
2021-05-17,14923.150390625,41.83000183105469,833.57568359375
2021-05-18,15108.099609375,42.09000015258789,833.5674438476562
2021-05-19,15030.150390625,41.93999862670898,833.5674438476562
2021-05-20,14906.0498046875,42.130001068115234,833.57568359375
2021-05-21,15175.2998046875,42.16999816894531,833.57568359375
2021-05-24,15197.7001953125,42.20000076293945,833.5674438476562
2021-05-25,15208.4501953125,42.119998931884766,833.57568359375
2021-05-26,15301.4501953125,42.63999938964844,833.5674438476562
2021-05-27,15337.849609375,42.38999938964844,833.5674438476562
2021-05-28,15435.650390625,42.220001220703125,833.584228515625
2021-05-31,15582.7998046875,42.59000015258789,835.0631103515625
2021-06-01,15574.849609375,42.83000183105469,835.0714721679688
2021-06-02,15576.2001953125,42.56999969482422,835.0714721679688
2021-06-03,15690.349609375,42.5099983215332,835.0714721679688
2021-06-04,15670.25,42.119998931884766,835.0714721679688
2021-06-07,15751.650390625,42.27999877929688,835.0714721679688
2021-06-08,15740.099609375,42.40999984741211,835.0714721679688
2021-06-09,15635.349609375,42.5,835.0631103515625
2021-06-10,15737.75,42.34999847412109,835.0631103515625
2021-06-11,15799.349609375,42.630001068115234,835.0631103515625
2021-06-14,15811.849609375,42.02999877929688,835.0631103515625
2021-06-15,15869.25,42.04999923706055,835.0714721679688
2021-06-16,15767.5498046875,42.09000015258789,835.0714721679688
2021-06-17,15691.400390625,41.34999847412109,835.0714721679688
2021-06-18,15683.349609375,40.959999084472656,835.0714721679688
2021-06-21,15746.5,40.95000076293945,835.0631103515625
2021-06-22,15772.75,40.93000030517578,835.0714721679688
2021-06-23,15686.9501953125,41.0,835.0714721679688
2021-06-24,15790.4501953125,40.900001525878906,835.0714721679688
2021-06-25,15860.349609375,40.95000076293945,835.0631103515625
2021-06-28,15814.7001953125,40.81999969482422,835.0631103515625
2021-06-29,15748.4501953125,40.72999954223633,835.0631103515625
2021-06-30,15721.5,40.52000045776367,836.8488159179688
2021-07-01,15680.0,40.90999984741211,836.8572387695312
2021-07-02,15722.2001953125,41.150001525878906,836.8572387695312
2021-07-05,15834.349609375,41.20000076293945,836.8488159179688
2021-07-06,15818.25,41.61000061035156,836.8572387695312
2021-07-07,15879.650390625,41.720001220703125,836.8572387695312
2021-07-08,15727.900390625,41.7400016784668,836.8572387695312
2021-07-09,15689.7998046875,41.58000183105469,836.8572387695312
2021-07-12,15692.599609375,41.5,836.8572387695312
2021-07-13,15812.349609375,41.52000045776367,836.8572387695312
2021-07-14,15853.9501953125,41.63999938964844,836.8488159179688
2021-07-15,15924.2001953125,41.97999954223633,836.8488159179688
2021-07-16,15923.400390625,41.84999847412109,836.8572387695312
2021-07-19,15752.400390625,41.619998931884766,836.8572387695312
2021-07-20,15632.099609375,41.68999862670898,836.8572387695312
2021-07-22,15824.0498046875,41.29999923706055,836.8488159179688
2021-07-23,15856.0498046875,41.36000061035156,836.8572387695312
2021-07-26,15824.4501953125,41.400001525878906,836.8488159179688
2021-07-27,15746.4501953125,41.34999847412109,836.8572387695312
2021-07-28,15709.400390625,41.369998931884766,836.8488159179688
2021-07-29,15778.4501953125,41.68000030517578,836.8488159179688
2021-07-30,15763.0498046875,41.91999816894531,838.1502685546875
2021-08-02,15885.150390625,41.52999877929688,838.1419677734375
2021-08-03,16130.75,41.47999954223633,838.1502685546875
2021-08-04,16258.7998046875,41.52999877929688,838.1502685546875
2021-08-05,16294.599609375,41.560001373291016,838.1419677734375
2021-08-06,16238.2001953125,41.29999923706055,838.1419677734375
2021-08-09,16258.25,40.36000061035156,838.1502685546875
2021-08-10,16280.099609375,40.220001220703125,838.1502685546875
2021-08-11,16282.25,40.2599983215332,838.1419677734375
2021-08-12,16364.400390625,40.560001373291016,838.1502685546875
2021-08-13,16529.099609375,40.5,838.1502685546875
2021-08-16,16563.05078125,40.77999877929688,838.1502685546875
2021-08-17,16614.599609375,41.18000030517578,838.1502685546875
2021-08-18,16568.849609375,41.02999877929688,838.1419677734375
2021-08-20,16450.5,40.970001220703125,838.1502685546875
2021-08-23,16496.44921875,41.0099983215332,838.1419677734375
2021-08-24,16624.599609375,41.18000030517578,838.1419677734375
2021-08-25,16634.650390625,41.040000915527344,838.1419677734375
2021-08-26,16636.900390625,40.79999923706055,838.1419677734375
2021-08-27,16705.19921875,40.86000061035156,838.1502685546875
2021-08-30,16931.05078125,41.0099983215332,838.1419677734375
2021-08-31,17132.19921875,40.83000183105469,839.847900390625
2021-09-01,17076.25,40.83000183105469,839.8396606445312
2021-09-02,17234.150390625,40.91999816894531,839.8396606445312
2021-09-03,17323.599609375,40.91999816894531,839.8396606445312
2021-09-06,17377.80078125,41.209999084472656,839.847900390625
2021-09-07,17362.099609375,41.060001373291016,839.847900390625
2021-09-08,17353.5,40.880001068115234,839.847900390625
2021-09-09,17369.25,40.790000915527344,839.847900390625
2021-09-13,17355.30078125,40.720001220703125,839.847900390625
2021-09-14,17380.0,40.72999954223633,839.8396606445312
2021-09-15,17519.44921875,40.959999084472656,839.8396606445312
2021-09-16,17629.5,40.52000045776367,839.847900390625
2021-09-17,17585.150390625,40.20000076293945,839.847900390625
2021-09-20,17396.900390625,40.16999816894531,839.847900390625
2021-09-21,17562.0,40.22999954223633,839.8396606445312
2021-09-22,17546.650390625,40.59999847412109,839.8396606445312
2021-09-23,17822.94921875,40.34000015258789,839.8396606445312
2021-09-24,17853.19921875,40.04999923706055,839.8564453125
2021-09-27,17855.099609375,40.0099983215332,839.8396606445312
2021-09-28,17748.599609375,39.93999862670898,839.847900390625
2021-09-29,17711.30078125,40.02000045776367,839.82275390625
2021-09-30,17618.150390625,39.720001220703125,841.1826782226562
2021-10-01,17532.05078125,40.209999084472656,841.1826782226562
2021-10-04,17691.25,40.2400016784668,841.1826782226562
2021-10-05,17822.30078125,40.34999847412109,841.1744384765625
2021-10-06,17646.0,40.45000076293945,841.1826782226562
2021-10-07,17790.349609375,40.54999923706055,841.1744384765625
2021-10-08,17895.19921875,40.540000915527344,841.1826782226562
2021-10-11,17945.94921875,40.70000076293945,841.1826782226562
2021-10-12,17991.94921875,40.84000015258789,841.1826782226562
2021-10-13,18161.75,40.91999816894531,841.1744384765625
2021-10-14,18338.55078125,41.52000045776367,841.1826782226562
2021-10-18,18477.05078125,40.97999954223633,841.1744384765625
2021-10-19,18418.75,41.20000076293945,841.1744384765625
2021-10-20,18266.599609375,41.060001373291016,841.1744384765625
2021-10-21,18178.099609375,41.16999816894531,841.1744384765625
2021-10-22,18114.900390625,41.290000915527344,841.1826782226562
2021-10-25,18125.400390625,41.58000183105469,841.1826782226562
2021-10-26,18268.400390625,41.65999984741211,841.1744384765625
2021-10-27,18210.94921875,41.33000183105469,841.1826782226562
2021-10-28,17857.25,41.56999969482422,841.1826782226562
2021-10-29,17671.650390625,41.5,843.02685546875
2021-11-01,17929.650390625,41.27999877929688,843.0183715820312
2021-11-02,17888.94921875,41.45000076293945,843.0183715820312
2021-11-03,17829.19921875,41.09999847412109,843.0352783203125
2021-11-04,17916.80078125,41.36000061035156,843.0183715820312
2021-11-08,18068.55078125,41.5,843.0183715820312
2021-11-09,18044.25,41.66999816894531,843.0183715820312
2021-11-10,18017.19921875,41.790000915527344,843.02685546875
2021-11-11,17873.599609375,42.70000076293945,843.02685546875
2021-11-12,18102.75,42.45000076293945,843.0183715820312
2021-11-15,18109.44921875,42.650001525878906,843.0183715820312
2021-11-16,17999.19921875,42.79999923706055,843.02685546875
2021-11-17,17898.650390625,42.540000915527344,843.0352783203125
2021-11-18,17764.80078125,42.61000061035156,843.02685546875
2021-11-22,17416.55078125,42.22999954223633,843.02685546875
2021-11-23,17503.349609375,41.34000015258789,843.0183715820312
2021-11-24,17415.05078125,41.20000076293945,843.02685546875
2021-11-25,17536.25,41.29999923706055,843.02685546875
2021-11-26,17026.44921875,41.77000045776367,843.02685546875
2021-11-29,17053.94921875,41.619998931884766,843.0183715820312
2021-11-30,16983.19921875,41.5099983215332,844.7962646484375
2021-12-01,17166.900390625,41.209999084472656,844.7962646484375
2021-12-02,17401.650390625,40.97999954223633,844.7962646484375
2021-12-03,17196.69921875,40.91999816894531,844.7962646484375
2021-12-06,16912.25,41.29999923706055,844.8047485351562
2021-12-07,17176.69921875,41.220001220703125,844.7962646484375
2021-12-08,17469.75,41.470001220703125,844.7962646484375
2021-12-09,17516.849609375,41.34999847412109,844.7962646484375
2021-12-10,17511.30078125,41.27000045776367,844.8047485351562
2021-12-13,17368.25,41.54999923706055,844.7962646484375
2021-12-14,17324.900390625,41.54999923706055,844.8047485351562
2021-12-15,17221.400390625,41.470001220703125,844.8047485351562
2021-12-16,17248.400390625,41.720001220703125,844.7962646484375
2021-12-17,16985.19921875,42.13999938964844,844.8047485351562
2021-12-20,16614.19921875,41.86000061035156,844.8047485351562
2021-12-21,16770.849609375,41.68999862670898,844.7962646484375
2021-12-22,16955.44921875,41.52000045776367,844.7962646484375
2021-12-23,17072.599609375,41.68999862670898,844.7962646484375
2021-12-24,17003.75,41.709999084472656,844.8047485351562
2021-12-27,17086.25,41.59000015258789,844.7962646484375
2021-12-28,17233.25,41.61000061035156,844.7962646484375
2021-12-29,17213.599609375,41.5,844.8047485351562
2021-12-30,17203.94921875,41.220001220703125,844.8047485351562
2021-12-31,17354.05078125,41.47999954223633,846.517333984375
2022-01-03,17625.69921875,41.72999954223633,846.5088500976562
2022-01-04,17805.25,41.459999084472656,846.5088500976562
2022-01-05,17925.25,41.560001373291016,846.5088500976562
2022-01-06,17745.900390625,41.2400016784668,846.5088500976562
2022-01-07,17812.69921875,41.09000015258789,846.517333984375
2022-01-10,18003.30078125,41.06999969482422,846.5088500976562
2022-01-11,18055.75,41.209999084472656,846.517333984375
2022-01-12,18212.349609375,41.33000183105469,846.517333984375
2022-01-13,18257.80078125,41.41999816894531,846.5088500976562
2022-01-14,18255.75,41.52999877929688,846.5088500976562
2022-01-17,18308.099609375,41.52999877929688,846.5088500976562
2022-01-18,18113.05078125,41.52000045776367,846.517333984375
2022-01-19,17938.400390625,41.59999847412109,846.5088500976562
2022-01-20,17757.0,42.04999923706055,846.5088500976562
2022-01-21,17617.150390625,41.84000015258789,846.517333984375
2022-01-24,17149.099609375,42.040000915527344,846.517333984375
2022-01-25,17277.94921875,42.060001373291016,846.5088500976562
2022-01-27,17110.150390625,41.81999969482422,846.517333984375
2022-01-28,17101.94921875,41.43000030517578,846.517333984375
2022-01-31,17339.849609375,41.25,848.5408935546875
2022-02-01,17576.849609375,41.54999923706055,848.5325317382812
2022-02-02,17780.0,41.5099983215332,848.5325317382812
2022-02-03,17560.19921875,41.560001373291016,848.5408935546875
2022-02-04,17516.30078125,41.59999847412109,848.5408935546875
2022-02-07,17213.599609375,41.630001068115234,848.5408935546875
2022-02-08,17266.75,41.81999969482422,848.5325317382812
2022-02-09,17463.80078125,41.9900016784668,848.5325317382812
2022-02-10,17605.849609375,42.16999816894531,848.5325317382812
2022-02-11,17374.75,42.18999862670898,848.5408935546875
2022-02-14,16842.80078125,42.959999084472656,848.5408935546875
2022-02-15,17352.44921875,42.720001220703125,848.5325317382812
2022-02-16,17322.19921875,42.63999938964844,848.5408935546875
2022-02-17,17304.599609375,43.38999938964844,848.5408935546875
2022-02-18,17276.30078125,43.18000030517578,848.5408935546875
2022-02-21,17206.650390625,43.09999847412109,848.5408935546875
2022-02-22,17092.19921875,43.380001068115234,848.5408935546875
2022-02-23,17063.25,43.09000015258789,848.5408935546875
2022-02-24,16247.9501953125,44.619998931884766,848.5325317382812
2022-02-25,16658.400390625,43.619998931884766,848.5408935546875
2022-02-28,16793.900390625,43.59000015258789,848.6014404296875
2022-03-02,16605.94921875,44.38999938964844,848.593017578125
2022-03-03,16498.05078125,44.400001525878906,848.593017578125
2022-03-04,16245.349609375,44.650001525878906,848.6014404296875
2022-03-07,15863.150390625,46.0,848.593017578125
2022-03-08,16013.4501953125,45.93000030517578,848.593017578125
2022-03-09,16345.349609375,45.65999984741211,848.593017578125
2022-03-10,16594.900390625,44.79999923706055,848.593017578125
2022-03-11,16630.44921875,45.27999877929688,848.6014404296875
2022-03-14,16871.30078125,44.63999938964844,848.6014404296875
2022-03-15,16663.0,44.33000183105469,848.6014404296875
2022-03-16,16975.349609375,44.22999954223633,848.593017578125
2022-03-17,17287.05078125,44.22999954223633,848.6014404296875
2022-03-21,17117.599609375,44.13999938964844,848.593017578125
2022-03-22,17315.5,44.31999969482422,848.593017578125
2022-03-23,17245.650390625,44.41999816894531,848.6014404296875
2022-03-24,17222.75,44.58000183105469,848.6014404296875
2022-03-25,17153.0,44.790000915527344,848.6014404296875
2022-03-28,17222.0,44.4900016784668,848.6014404296875
2022-03-29,17325.30078125,44.18000030517578,848.6014404296875
2022-03-30,17498.25,44.11000061035156,848.6014404296875
2022-03-31,17464.75,44.119998931884766,850.5701904296875
2022-04-01,17670.44921875,44.56999969482422,850.5701904296875
2022-04-04,18053.400390625,44.220001220703125,850.5614624023438
2022-04-05,17957.400390625,44.310001373291016,850.5614624023438
2022-04-06,17807.650390625,44.4900016784668,850.5701904296875
2022-04-07,17639.55078125,44.63999938964844,850.5614624023438
2022-04-08,17784.349609375,44.65999984741211,850.5701904296875
2022-04-11,17674.94921875,45.220001220703125,850.5701904296875
2022-04-12,17530.30078125,45.20000076293945,850.5701904296875
2022-04-13,17475.650390625,45.72999954223633,850.5701904296875
2022-04-18,17173.650390625,46.18999862670898,850.5614624023438
2022-04-19,16958.650390625,45.97999954223633,850.5701904296875
2022-04-20,17136.55078125,45.220001220703125,850.5701904296875
2022-04-21,17392.599609375,45.209999084472656,850.5614624023438
2022-04-22,17171.94921875,45.33000183105469,850.5701904296875
2022-04-25,16953.94921875,44.900001525878906,850.5701904296875
2022-04-26,17200.80078125,44.63999938964844,850.5614624023438
2022-04-27,17038.400390625,44.43000030517578,850.5614624023438
2022-04-28,17245.05078125,44.33000183105469,850.5701904296875
2022-04-29,17102.55078125,44.790000915527344,852.42138671875
2022-05-02,17069.099609375,44.15999984741211,852.4126586914062
2022-05-04,16677.599609375,43.97999954223633,852.42138671875
2022-05-05,16682.650390625,44.540000915527344,852.4126586914062
2022-05-06,16411.25,44.54999923706055,852.42138671875
2022-05-09,16301.849609375,44.41999816894531,852.42138671875
2022-05-10,16240.0498046875,44.2599983215332,852.42138671875
2022-05-11,16167.099609375,44.060001373291016,852.4126586914062
2022-05-12,15808.0,44.02000045776367,852.42138671875
2022-05-13,15782.150390625,43.41999816894531,852.42138671875
2022-05-16,15842.2998046875,43.13999938964844,852.42138671875
2022-05-17,16259.2998046875,43.540000915527344,852.4126586914062
2022-05-18,16240.2998046875,43.38999938964844,852.42138671875
2022-05-19,15809.400390625,43.59000015258789,852.42138671875
2022-05-20,16266.150390625,43.91999816894531,852.4126586914062
2022-05-23,16214.7001953125,44.25,852.4126586914062
2022-05-24,16125.150390625,44.06999969482422,852.42138671875
2022-05-25,16025.7998046875,44.119998931884766,852.42138671875
2022-05-26,16170.150390625,43.869998931884766,852.4126586914062
2022-05-27,16352.4501953125,44.08000183105469,852.42138671875
2022-05-30,16661.400390625,43.97999954223633,852.4126586914062
2022-05-31,16584.55078125,43.95000076293945,854.7807006835938
2022-06-01,16522.75,43.52000045776367,854.7894287109375
2022-06-02,16628.0,43.97999954223633,854.7807006835938
2022-06-03,16584.30078125,44.150001525878906,854.7807006835938
2022-06-06,16569.55078125,44.0,854.7807006835938
2022-06-07,16416.349609375,43.86000061035156,854.7894287109375
2022-06-08,16356.25,43.880001068115234,854.7894287109375
2022-06-09,16478.099609375,43.95000076293945,854.7894287109375
2022-06-10,16201.7998046875,43.810001373291016,854.7807006835938
2022-06-13,15774.400390625,44.18999862670898,854.7894287109375
2022-06-14,15732.099609375,43.56999969482422,854.7807006835938
2022-06-15,15692.150390625,43.61000061035156,854.7807006835938
2022-06-16,15360.599609375,43.720001220703125,854.7894287109375
2022-06-17,15293.5,44.08000183105469,854.7807006835938
2022-06-20,15350.150390625,43.81999969482422,854.7807006835938
2022-06-21,15638.7998046875,43.77999877929688,854.7807006835938
2022-06-22,15413.2998046875,43.68000030517578,854.7894287109375
2022-06-23,15556.650390625,43.7599983215332,854.7894287109375
2022-06-24,15699.25,43.65999984741211,854.7807006835938
2022-06-27,15832.0498046875,43.869998931884766,854.7807006835938
2022-06-28,15850.2001953125,43.79999923706055,854.7894287109375
2022-06-29,15799.099609375,43.7599983215332,854.7894287109375
2022-06-30,15780.25,43.7599983215332,857.1085815429688
2022-07-01,15752.0498046875,44.36000061035156,857.1085815429688
2022-07-04,15835.349609375,44.68000030517578,857.10009765625
2022-07-05,15810.849609375,44.79999923706055,857.1085815429688
2022-07-06,15989.7998046875,44.16999816894531,857.10009765625
2022-07-07,16132.900390625,43.59000015258789,857.10009765625
2022-07-08,16220.599609375,43.56999969482422,857.1085815429688
2022-07-11,16216.0,43.560001373291016,857.10009765625
2022-07-12,16058.2998046875,43.619998931884766,857.10009765625
2022-07-13,15966.650390625,43.43999862670898,857.10009765625
2022-07-14,15938.650390625,43.29999923706055,857.1085815429688
2022-07-15,16049.2001953125,43.11000061035156,857.10009765625
2022-07-18,16278.5,43.54999923706055,857.10009765625
2022-07-19,16340.5498046875,43.38999938964844,857.10009765625
2022-07-20,16520.849609375,43.38999938964844,857.1085815429688
2022-07-21,16605.25,43.02999877929688,857.1085815429688
2022-07-22,16719.44921875,43.68999862670898,857.1085815429688
2022-07-25,16631.0,43.59999847412109,857.10009765625
2022-07-26,16483.849609375,43.459999084472656,857.10009765625
2022-07-27,16641.80078125,43.56999969482422,857.10009765625
2022-07-28,16929.599609375,44.02000045776367,857.10009765625
2022-07-29,17158.25,44.060001373291016,859.9844360351562
2022-08-01,17340.05078125,44.220001220703125,859.9759521484375
2022-08-02,17345.44921875,44.18000030517578,859.9759521484375
2022-08-03,17388.150390625,44.18999862670898,859.9844360351562
2022-08-04,17382.0,44.65999984741211,859.9844360351562
2022-08-05,17397.5,44.720001220703125,859.9759521484375
2022-08-08,17525.099609375,44.619998931884766,859.9844360351562
2022-08-10,17534.75,44.869998931884766,859.9844360351562
2022-08-11,17659.0,44.90999984741211,859.9844360351562
2022-08-12,17698.150390625,45.0,859.9844360351562
2022-08-16,17825.25,44.650001525878906,859.9844360351562
2022-08-17,17944.25,44.59999847412109,859.9844360351562
2022-08-18,17956.5,44.54999923706055,859.9844360351562
2022-08-19,17758.44921875,44.41999816894531,859.9932250976562
2022-08-22,17490.69921875,43.9900016784668,859.9844360351562
2022-08-23,17577.5,44.150001525878906,859.9759521484375
2022-08-24,17604.94921875,44.33000183105469,859.9759521484375
2022-08-25,17522.44921875,44.63999938964844,859.9844360351562
2022-08-26,17558.900390625,44.29999923706055,859.9844360351562
2022-08-29,17312.900390625,43.84999847412109,859.9844360351562
2022-08-30,17759.30078125,43.900001525878906,863.2193603515625
2022-09-01,17542.80078125,43.34999847412109,863.2279052734375
2022-09-02,17539.44921875,43.369998931884766,863.2279052734375
2022-09-05,17665.80078125,43.540000915527344,863.2193603515625
2022-09-06,17655.599609375,43.5,863.2193603515625
2022-09-07,17624.400390625,43.40999984741211,863.2279052734375
2022-09-08,17798.75,43.59999847412109,863.2193603515625
2022-09-09,17833.349609375,43.65999984741211,863.2279052734375
2022-09-12,17936.349609375,43.59999847412109,863.2193603515625
2022-09-13,18070.05078125,43.5,863.2279052734375
2022-09-14,18003.75,43.18000030517578,863.2279052734375
2022-09-15,17877.400390625,43.04999923706055,863.2279052734375
2022-09-16,17530.849609375,42.2599983215332,863.2279052734375
2022-09-19,17622.25,42.34000015258789,863.2279052734375
2022-09-20,17816.25,42.4900016784668,863.2193603515625
2022-09-21,17718.349609375,42.70000076293945,863.2279052734375
2022-09-22,17629.80078125,42.9900016784668,863.2193603515625
2022-09-23,17327.349609375,42.81999969482422,863.2279052734375
2022-09-26,17016.30078125,42.63999938964844,863.2279052734375
2022-09-27,17007.400390625,42.41999816894531,863.2193603515625
2022-09-28,16858.599609375,42.29999923706055,863.2279052734375
2022-09-29,16818.099609375,42.900001525878906,863.2279052734375
2022-09-30,17094.349609375,43.15999984741211,866.3330078125
2022-10-03,16887.349609375,43.13999938964844,866.3330078125
2022-10-04,17274.30078125,44.04999923706055,866.3330078125
2022-10-06,17331.80078125,44.27999877929688,866.3417358398438
2022-10-07,17314.650390625,44.4900016784668,866.3330078125
2022-10-10,17241.0,43.72999954223633,866.32421875
2022-10-11,16983.55078125,43.41999816894531,866.3330078125
2022-10-12,17123.599609375,43.59000015258789,866.32421875
2022-10-13,17014.349609375,43.68999862670898,866.32421875
2022-10-14,17185.69921875,43.2599983215332,866.32421875
2022-10-17,17311.80078125,43.2400016784668,866.32421875
2022-10-18,17486.94921875,43.119998931884766,866.32421875
2022-10-19,17512.25,43.18999862670898,866.32421875
2022-10-20,17563.94921875,43.040000915527344,866.3330078125
2022-10-21,17576.30078125,42.72999954223633,866.32421875
2022-10-24,17730.75,43.47999954223633,866.32421875
2022-10-25,17656.349609375,43.16999816894531,866.32421875
2022-10-27,17736.94921875,43.459999084472656,866.32421875
2022-10-28,17786.80078125,43.27999877929688,866.3330078125
2022-10-31,18012.19921875,43.22999954223633,870.2659301757812
2022-11-01,18145.400390625,43.310001373291016,870.2659301757812
2022-11-02,18082.849609375,43.5,870.2748413085938
2022-11-03,18052.69921875,43.0,870.2748413085938
2022-11-04,18117.150390625,43.290000915527344,870.2748413085938
2022-11-07,18202.80078125,43.7400016784668,870.2748413085938
2022-11-09,18157.0,43.970001220703125,870.2748413085938
2022-11-10,18028.19921875,44.18000030517578,870.2748413085938
2022-11-11,18349.69921875,44.7599983215332,870.2748413085938
2022-11-14,18329.150390625,44.81999969482422,870.2748413085938
2022-11-15,18403.400390625,45.150001525878906,870.2748413085938
2022-11-16,18409.650390625,45.34999847412109,870.2748413085938
2022-11-17,18343.900390625,45.16999816894531,870.2659301757812
2022-11-18,18307.650390625,45.2599983215332,870.2748413085938
2022-11-21,18159.94921875,44.79999923706055,870.2748413085938
2022-11-22,18244.19921875,44.900001525878906,870.2748413085938
2022-11-23,18267.25,44.77000045776367,870.2748413085938
2022-11-24,18484.099609375,45.040000915527344,870.2748413085938
2022-11-25,18512.75,44.97999954223633,870.2748413085938
2022-11-28,18562.75,45.119998931884766,870.2748413085938
2022-11-29,18618.05078125,45.09999847412109,870.2748413085938
2022-11-30,18758.349609375,45.09999847412109,873.7113647460938
2022-12-01,18812.5,45.369998931884766,873.7113647460938
2022-12-02,18696.099609375,45.880001068115234,873.7113647460938
2022-12-05,18701.05078125,46.09000015258789,873.7025146484375
2022-12-06,18642.75,45.81999969482422,873.7113647460938
2022-12-07,18560.5,45.84000015258789,873.7025146484375
2022-12-08,18609.349609375,46.060001373291016,873.7025146484375
2022-12-09,18496.599609375,46.11000061035156,873.7113647460938
2022-12-12,18497.150390625,46.18999862670898,873.7025146484375
2022-12-13,18608.0,46.15999984741211,873.7113647460938
2022-12-14,18660.30078125,46.540000915527344,873.7113647460938
2022-12-15,18414.900390625,46.02999877929688,873.7025146484375
2022-12-16,18269.0,46.09999847412109,873.7113647460938
2022-12-19,18420.44921875,46.41999816894531,873.7113647460938
2022-12-20,18385.30078125,46.75,873.7025146484375
2022-12-21,18199.099609375,46.86000061035156,873.7113647460938
2022-12-22,18127.349609375,46.869998931884766,873.7113647460938
2022-12-23,17806.80078125,46.68999862670898,873.7025146484375
2022-12-26,18014.599609375,46.68999862670898,873.7113647460938
2022-12-27,18132.30078125,46.869998931884766,873.7113647460938
2022-12-28,18122.5,46.54999923706055,873.7113647460938
2022-12-29,18191.0,46.61000061035156,873.7113647460938
2022-12-30,18105.30078125,46.790000915527344,877.6157836914062
2023-01-02,18197.44921875,47.16999816894531,877.6157836914062
2023-01-03,18232.55078125,47.630001068115234,877.6157836914062
2023-01-04,18042.94921875,48.06999969482422,877.6157836914062
2023-01-05,17992.150390625,47.77999877929688,877.6157836914062
2023-01-06,17859.44921875,47.5,877.6157836914062
2023-01-09,18101.19921875,48.11000061035156,877.6068725585938
2023-01-10,17914.150390625,47.959999084472656,877.6068725585938
2023-01-11,17895.69921875,48.02000045776367,877.6068725585938
2023-01-12,17858.19921875,47.95000076293945,877.6157836914062
2023-01-13,17956.599609375,48.22999954223633,877.6157836914062
2023-01-16,17894.849609375,48.70000076293945,877.6157836914062
2023-01-17,18053.30078125,48.5,877.6157836914062
2023-01-18,18165.349609375,48.459999084472656,877.6068725585938
2023-01-19,18107.849609375,48.5,877.6157836914062
2023-01-20,18027.650390625,48.7599983215332,877.6068725585938
2023-01-23,18118.55078125,48.77000045776367,877.6068725585938
2023-01-24,18118.30078125,48.90999984741211,877.6068725585938
2023-01-25,17891.94921875,48.7599983215332,877.6068725585938
2023-01-27,17604.349609375,48.77999877929688,877.6157836914062
2023-01-30,17648.94921875,48.77000045776367,877.6157836914062
2023-01-31,17662.150390625,48.66999816894531,881.3128662109375
2023-02-01,17616.30078125,49.40999984741211,881.3217163085938
2023-02-02,17610.400390625,50.470001220703125,881.3217163085938
2023-02-03,17854.05078125,49.41999816894531,881.3217163085938
2023-02-06,17764.599609375,49.040000915527344,881.3217163085938
2023-02-07,17721.5,49.06999969482422,881.3217163085938
2023-02-08,17871.69921875,49.20000076293945,881.3217163085938
2023-02-09,17893.44921875,49.11000061035156,881.3217163085938
2023-02-10,17856.5,48.65999984741211,881.3217163085938
2023-02-13,17770.900390625,48.66999816894531,881.3217163085938
2023-02-14,17929.849609375,48.790000915527344,881.3128662109375
2023-02-15,18015.849609375,48.15999984741211,881.3128662109375
2023-02-16,18035.849609375,48.18000030517578,881.3128662109375
2023-02-17,17944.19921875,47.95000076293945,881.3217163085938
2023-02-20,17844.599609375,48.380001068115234,881.3128662109375
2023-02-21,17826.69921875,48.2599983215332,881.3217163085938
2023-02-22,17554.30078125,48.15999984741211,881.3217163085938
2023-02-23,17511.25,47.86000061035156,881.3128662109375
2023-02-24,17465.80078125,47.77999877929688,881.3217163085938
2023-02-27,17392.69921875,47.43999862670898,881.3217163085938
2023-02-28,17303.94921875,47.40999984741211,885.1546630859375
2023-03-01,17450.900390625,47.77000045776367,885.1636352539062
2023-03-02,17321.900390625,47.810001373291016,885.1636352539062
2023-03-03,17594.349609375,47.81999969482422,885.1636352539062
2023-03-06,17711.44921875,47.83000183105469,885.1636352539062
2023-03-08,17754.400390625,47.119998931884766,885.1546630859375
2023-03-09,17589.599609375,47.06999969482422,885.1636352539062
2023-03-10,17412.900390625,47.43000030517578,885.1636352539062
2023-03-13,17154.30078125,48.81999969482422,885.1636352539062
2023-03-14,17043.30078125,49.130001068115234,885.1546630859375
2023-03-15,16972.150390625,48.93000030517578,885.1546630859375
2023-03-16,16985.599609375,49.70000076293945,885.1636352539062
2023-03-17,17100.05078125,49.75,885.1546630859375
2023-03-20,16988.400390625,50.90999984741211,885.1636352539062
2023-03-21,17107.5,50.47999954223633,885.1546630859375
2023-03-22,17151.900390625,50.040000915527344,885.1636352539062
2023-03-23,17076.900390625,50.36000061035156,885.1636352539062
2023-03-24,16945.05078125,50.900001525878906,885.1636352539062
2023-03-27,16985.69921875,50.400001525878906,885.1546630859375
2023-03-28,16951.69921875,50.40999984741211,885.1636352539062
2023-03-29,17080.69921875,50.68999862670898,885.1546630859375
2023-03-31,17359.75,51.06999969482422,889.394775390625
2023-04-03,17398.05078125,50.79999923706055,889.3855590820312
2023-04-05,17557.05078125,51.86000061035156,889.3855590820312
2023-04-06,17599.150390625,51.810001373291016,889.3855590820312
2023-04-10,17624.05078125,51.380001068115234,889.3770751953125
2023-04-11,17722.30078125,51.54999923706055,889.3770751953125
2023-04-12,17812.400390625,51.720001220703125,889.3855590820312
2023-04-13,17828.0,51.93999862670898,889.3855590820312
2023-04-17,17706.849609375,51.70000076293945,889.3770751953125
2023-04-18,17660.150390625,51.52000045776367,889.3855590820312
2023-04-19,17618.75,51.119998931884766,889.3855590820312
2023-04-20,17624.44921875,51.63999938964844,889.3770751953125
2023-04-21,17624.05078125,51.290000915527344,889.3855590820312
2023-04-24,17743.400390625,51.2599983215332,889.3855590820312
2023-04-25,17769.25,51.31999969482422,889.3770751953125
2023-04-26,17813.599609375,51.47999954223633,889.3855590820312
2023-04-27,17915.05078125,51.470001220703125,889.3770751953125
2023-04-28,18065.0,51.25,893.3837890625
2023-05-02,18147.650390625,51.310001373291016,893.3749389648438
2023-05-03,18089.849609375,52.060001373291016,893.3837890625
2023-05-04,18255.80078125,52.5099983215332,893.3837890625
2023-05-05,18069.0,52.5,893.3837890625
2023-05-08,18264.400390625,52.16999816894531,893.3837890625
2023-05-09,18265.94921875,52.369998931884766,893.3837890625
2023-05-10,18315.099609375,52.43000030517578,893.3749389648438
2023-05-11,18297.0,52.369998931884766,893.3837890625
2023-05-12,18314.80078125,51.90999984741211,893.3837890625
2023-05-15,18398.849609375,52.27999877929688,893.3749389648438
2023-05-16,18286.5,52.04999923706055,893.3837890625
2023-05-17,18181.75,51.619998931884766,893.3837890625
2023-05-18,18129.94921875,51.59000015258789,893.3749389648438
2023-05-19,18203.400390625,51.43999862670898,893.3837890625
2023-05-22,18314.400390625,51.97999954223633,893.3749389648438
2023-05-23,18348.0,51.43000030517578,893.3749389648438
2023-05-24,18285.400390625,51.75,893.3837890625
2023-05-25,18321.150390625,51.45000076293945,893.3837890625
2023-05-26,18499.349609375,51.33000183105469,893.3837890625
2023-05-29,18598.650390625,51.18000030517578,893.3749389648438
2023-05-30,18633.849609375,51.13999938964844,893.3837890625
2023-05-31,18534.400390625,51.130001068115234,898.1328735351562
2023-06-01,18487.75,50.9900016784668,898.1328735351562
2023-06-02,18534.099609375,51.31999969482422,898.1328735351562
2023-06-05,18593.849609375,50.720001220703125,898.1240234375
2023-06-06,18599.0,51.06999969482422,898.1328735351562
2023-06-07,18726.400390625,50.9900016784668,898.1240234375
2023-06-08,18634.55078125,50.70000076293945,898.1328735351562
2023-06-09,18563.400390625,50.959999084472656,898.1240234375
2023-06-12,18601.5,50.93000030517578,898.1328735351562
2023-06-13,18716.150390625,50.88999938964844,898.1328735351562
2023-06-14,18755.900390625,50.560001373291016,898.1328735351562
2023-06-15,18688.099609375,50.15999984741211,898.1328735351562
2023-06-16,18826.0,50.65999984741211,898.1328735351562
2023-06-19,18755.44921875,50.52999877929688,898.1328735351562
2023-06-20,18816.69921875,50.4900016784668,898.1240234375
2023-06-21,18856.849609375,50.09000015258789,898.1328735351562
2023-06-22,18771.25,49.86000061035156,898.1328735351562
2023-06-23,18665.5,49.75,898.1328735351562
2023-06-26,18691.19921875,49.9900016784668,898.1240234375
2023-06-27,18817.400390625,49.79999923706055,898.1328735351562
2023-06-28,18972.099609375,49.54999923706055,898.1328735351562
2023-06-30,19189.05078125,49.310001373291016,902.4368286132812
2023-07-03,19322.55078125,49.560001373291016,902.4368286132812
2023-07-04,19389.0,49.880001068115234,902.4458618164062
2023-07-05,19398.5,49.97999954223633,902.4368286132812
2023-07-06,19497.30078125,49.900001525878906,902.4639892578124
2023-07-07,19331.80078125,50.02000045776367,902.4368286132812
2023-07-10,19355.900390625,50.02999877929688,902.4278564453124
2023-07-11,19439.400390625,50.15999984741211,902.4278564453124
2023-07-12,19384.30078125,50.09999847412109,902.4278564453124
2023-07-13,19413.75,50.52000045776367,902.4368286132812
2023-07-14,19564.5,50.59000015258789,902.4278564453124
2023-07-17,19711.44921875,50.4900016784668,902.4278564453124
2023-07-18,19749.25,50.65999984741211,902.4368286132812
2023-07-19,19833.150390625,51.02000045776367,902.4368286132812
2023-07-20,19979.150390625,51.08000183105469,902.4368286132812
2023-07-21,19745.0,50.650001525878906,902.4368286132812
2023-07-24,19672.349609375,50.650001525878906,902.4368286132812
2023-07-25,19680.599609375,50.58000183105469,902.4278564453124
2023-07-26,19778.30078125,50.84000015258789,902.4368286132812
2023-07-27,19659.900390625,50.93000030517578,902.4278564453124
2023-07-28,19646.05078125,50.66999816894531,902.4368286132812
2023-07-31,19753.80078125,50.65999984741211,906.5451049804688
2023-08-01,19733.55078125,50.68999862670898,906.553955078125
2023-08-02,19526.55078125,50.68000030517578,906.553955078125
2023-08-03,19381.650390625,50.540000915527344,906.553955078125
2023-08-04,19517.0,50.5,906.563232421875
2023-08-07,19597.30078125,50.4900016784668,906.5451049804688
2023-08-08,19570.849609375,50.560001373291016,906.553955078125
2023-08-09,19632.55078125,50.369998931884766,906.5451049804688
2023-08-10,19543.099609375,50.22999954223633,906.553955078125
2023-08-11,19428.30078125,50.130001068115234,906.553955078125
2023-08-14,19434.55078125,50.09000015258789,906.553955078125
2023-08-16,19465.0,50.11000061035156,906.5451049804688
2023-08-17,19365.25,49.81999969482422,906.553955078125
2023-08-18,19310.150390625,49.75,906.563232421875
2023-08-21,19393.599609375,49.68000030517578,906.5451049804688
2023-08-22,19396.44921875,49.900001525878906,906.553955078125
2023-08-23,19444.0,49.810001373291016,906.553955078125
2023-08-24,19386.69921875,50.02999877929688,906.553955078125
2023-08-25,19265.80078125,49.93999862670898,906.553955078125
2023-08-28,19306.05078125,49.79999923706055,906.553955078125
2023-08-29,19342.650390625,49.97999954223633,906.553955078125
2023-08-30,19347.44921875,50.34000015258789,906.5451049804688
2023-08-31,19253.80078125,50.34999847412109,910.4863891601562
2023-09-01,19435.30078125,50.369998931884766,910.4954833984376
2023-09-04,19528.80078125,50.43999862670898,910.4863891601562
2023-09-05,19574.900390625,50.34999847412109,910.4863891601562
2023-09-06,19611.05078125,50.310001373291016,910.4863891601562
2023-09-07,19727.05078125,50.16999816894531,910.4863891601562
2023-09-08,19819.94921875,50.209999084472656,910.4863891601562
2023-09-11,19996.349609375,50.15999984741211,910.4863891601562
2023-09-12,19993.19921875,50.02000045776367,910.4863891601562
2023-09-13,20070.0,49.880001068115234,910.4773559570312
2023-09-14,20103.099609375,49.880001068115234,910.4773559570312
2023-09-15,20192.349609375,50.119998931884766,910.4773559570312
2023-09-18,20133.30078125,50.43999862670898,910.4863891601562
2023-09-20,19901.400390625,50.380001068115234,910.4773559570312
2023-09-21,19742.349609375,50.27000045776367,910.4863891601562
2023-09-22,19674.25,50.220001220703125,910.4863891601562
2023-09-25,19674.55078125,50.220001220703125,910.4773559570312
2023-09-26,19664.69921875,50.02000045776367,910.4863891601562
2023-09-27,19716.44921875,49.70000076293945,910.4773559570312
2023-09-28,19523.55078125,49.369998931884766,910.4773559570312
2023-09-29,19638.30078125,49.290000915527344,914.5537109375
2023-10-03,19528.75,48.83000183105469,914.5353393554688
2023-10-04,19436.099609375,48.36000061035156,914.5353393554688
2023-10-05,19545.75,48.25,914.5353393554688
2023-10-06,19653.5,48.380001068115234,914.5353393554688
2023-10-09,19512.349609375,48.880001068115234,914.5262451171876
2023-10-10,19689.849609375,48.93000030517578,914.5262451171876
2023-10-11,19811.349609375,49.16999816894531,914.5353393554688
2023-10-12,19794.0,49.38999938964844,914.5353393554688
2023-10-13,19751.05078125,49.4900016784668,914.5353393554688
2023-10-16,19731.75,50.25,914.5353393554688
2023-10-17,19811.5,50.310001373291016,914.5353393554688
2023-10-18,19671.099609375,50.77999877929688,914.5353393554688
2023-10-19,19624.69921875,50.90999984741211,914.5262451171876
2023-10-20,19542.650390625,51.59000015258789,914.5353393554688
2023-10-23,19281.75,51.540000915527344,914.5262451171876
2023-10-25,19122.150390625,51.40999984741211,914.5262451171876
2023-10-26,18857.25,51.83000183105469,914.5262451171876
2023-10-27,19047.25,51.63999938964844,914.5353393554688
2023-10-30,19140.900390625,52.02000045776367,914.5262451171876
2023-10-31,19079.599609375,52.060001373291016,918.6603393554688
2023-11-01,18989.150390625,51.7599983215332,918.6603393554688
2023-11-02,19133.25,51.84999847412109,918.6511840820312
2023-11-03,19230.599609375,51.79999923706055,918.6603393554688
2023-11-06,19411.75,51.75,918.6511840820312
2023-11-07,19406.69921875,51.36000061035156,918.6603393554688
2023-11-08,19443.5,51.400001525878906,918.6511840820312
2023-11-09,19395.30078125,50.93999862670898,918.6603393554688
2023-11-10,19425.349609375,51.310001373291016,918.6603393554688
2023-11-13,19443.55078125,50.93000030517578,918.6603393554688
2023-11-15,19675.44921875,51.459999084472656,918.6511840820312
2023-11-16,19765.19921875,51.38999938964844,918.6511840820312
2023-11-17,19731.80078125,51.86000061035156,918.6511840820312
2023-11-20,19694.0,51.65999984741211,918.6603393554688
2023-11-21,19783.400390625,51.880001068115234,918.6511840820312
2023-11-22,19811.849609375,52.16999816894531,918.6511840820312
2023-11-23,19802.0,52.02000045776367,918.6603393554688
2023-11-24,19794.69921875,52.150001525878906,918.6603393554688
2023-11-28,19889.69921875,52.29999923706055,918.6511840820312
2023-11-29,20096.599609375,53.04999923706055,918.6603393554688
2023-11-30,20133.150390625,53.150001525878906,922.1909790039062
2023-12-01,20267.900390625,53.290000915527344,922.1909790039062
2023-12-04,20686.80078125,53.720001220703125,922.1819458007812
2023-12-05,20855.099609375,52.93999862670898,922.1819458007812
2023-12-06,20937.69921875,52.83000183105469,922.1909790039062
2023-12-07,20901.150390625,53.02999877929688,922.1909790039062
2023-12-08,20969.400390625,52.93999862670898,922.1909790039062
2023-12-11,20997.099609375,52.02000045776367,922.1819458007812
2023-12-12,20906.400390625,51.84999847412109,922.1819458007812
2023-12-13,20926.349609375,51.83000183105469,922.1819458007812
2023-12-14,21182.69921875,52.79999923706055,922.1909790039062
2023-12-15,21456.650390625,52.810001373291016,922.1909790039062
2023-12-18,21418.650390625,52.4900016784668,922.1909790039062
2023-12-19,21453.099609375,52.59000015258789,922.1909790039062
2023-12-20,21150.150390625,52.83000183105469,922.1909790039062
2023-12-21,21255.05078125,52.86000061035156,922.1909790039062
2023-12-22,21349.400390625,53.18999862670898,922.1909790039062
2023-12-26,21441.349609375,53.459999084472656,922.1819458007812
2023-12-27,21654.75,53.630001068115234,922.1909790039062
2023-12-28,21778.69921875,53.84000015258789,922.1909790039062
2023-12-29,21731.400390625,53.65999984741211,925.572998046875
2024-01-01,21741.900390625,53.7400016784668,925.572998046875
2024-01-02,21665.80078125,54.0099983215332,925.572998046875
2024-01-03,21517.349609375,53.52999877929688,925.572998046875
2024-01-04,21658.599609375,53.290000915527344,925.572998046875
2024-01-05,21710.80078125,53.13999938964844,925.572998046875
2024-01-08,21513.0,52.84999847412109,925.5638427734376
2024-01-09,21544.849609375,53.02000045776367,925.5638427734376
2024-01-10,21618.69921875,52.91999816894531,925.5638427734376
2024-01-11,21647.19921875,52.84000015258789,925.572998046875
2024-01-12,21894.55078125,52.9900016784668,925.572998046875
2024-01-15,22097.44921875,53.25,925.572998046875
2024-01-16,22032.30078125,53.04999923706055,925.572998046875
2024-01-17,21571.94921875,52.66999816894531,925.572998046875
2024-01-18,21462.25,52.4900016784668,925.5638427734376
2024-01-19,21622.400390625,52.84000015258789,925.572998046875
2024-01-23,21238.80078125,52.86000061035156,925.5638427734376
2024-01-24,21453.94921875,52.90999984741211,925.572998046875
2024-01-25,21352.599609375,52.720001220703125,925.572998046875
2024-01-29,21737.599609375,52.970001220703125,925.5638427734376
2024-01-30,21522.099609375,53.130001068115234,925.572998046875
2024-01-31,21725.69921875,53.34999847412109,929.576904296875
2024-02-01,21697.44921875,53.459999084472656,929.5862426757812
2024-02-02,21853.80078125,53.58000183105469,929.5862426757812
2024-02-05,21771.69921875,52.97999954223633,929.5862426757812
2024-02-06,21929.400390625,52.93999862670898,929.576904296875
2024-02-07,21930.5,53.209999084472656,929.576904296875
2024-02-08,21717.94921875,53.04999923706055,929.5862426757812
2024-02-09,21782.5,53.04999923706055,929.5862426757812
2024-02-12,21616.05078125,52.790000915527344,929.5862426757812
2024-02-13,21743.25,52.810001373291016,929.5862426757812
2024-02-14,21840.05078125,52.09999847412109,929.5862426757812
2024-02-15,21910.75,52.16999816894531,929.5862426757812
2024-02-16,22040.69921875,52.34999847412109,929.5862426757812
2024-02-19,22122.25,52.63999938964844,929.5862426757812
2024-02-20,22196.94921875,52.560001373291016,929.5862426757812
2024-02-21,22055.05078125,52.63999938964844,929.5862426757812
2024-02-22,22217.44921875,52.720001220703125,929.576904296875
2024-02-23,22212.69921875,52.43999862670898,929.5862426757812
2024-02-26,22122.05078125,52.709999084472656,929.5862426757812
2024-02-27,22198.349609375,52.790000915527344,929.5862426757812
2024-02-28,21951.150390625,52.59999847412109,929.5862426757812
2024-02-29,21982.80078125,52.77999877929688,933.0128784179688
2024-03-01,22338.75,52.900001525878906,933.003662109375
2024-03-04,22405.599609375,53.88999938964844,933.003662109375
2024-03-05,22356.30078125,54.619998931884766,933.0128784179688
2024-03-06,22474.05078125,54.720001220703125,933.0128784179688
2024-03-07,22493.55078125,55.43999862670898,933.0128784179688
2024-03-11,22332.650390625,56.0099983215332,933.0128784179688
2024-03-12,22335.69921875,55.93999862670898,933.003662109375
2024-03-13,21997.69921875,55.470001220703125,933.003662109375
2024-03-14,22146.650390625,55.84000015258789,933.0128784179688
2024-03-15,22023.349609375,55.72999954223633,933.0128784179688
2024-03-18,22055.69921875,55.5,933.003662109375
2024-03-19,21817.44921875,55.61000061035156,933.0128784179688
2024-03-20,21839.099609375,55.720001220703125,933.003662109375
2024-03-21,22011.94921875,56.70000076293945,933.0128784179688
2024-03-22,22096.75,55.9900016784668,933.0128784179688
2024-03-26,22004.69921875,56.29999923706055,933.003662109375
2024-03-27,22123.650390625,56.220001220703125,933.003662109375
2024-03-28,22326.900390625,56.61000061035156,936.640869140625
2024-04-01,22462.0,58.31999969482422,936.640869140625
2024-04-02,22453.30078125,58.63999938964844,936.640869140625
2024-04-03,22434.650390625,58.77000045776367,936.640869140625
2024-04-04,22514.650390625,59.18000030517578,936.640869140625
2024-04-05,22513.69921875,59.02999877929688,936.640869140625
2024-04-08,22666.30078125,60.209999084472656,936.631591796875
2024-04-09,22642.75,60.54999923706055,936.631591796875
2024-04-10,22753.80078125,60.619998931884766,936.640869140625
2024-04-12,22519.400390625,61.90999984741211,936.640869140625
2024-04-15,22272.5,61.22999954223633,936.631591796875
2024-04-16,22147.900390625,61.88999938964844,936.640869140625
2024-04-18,21995.849609375,61.959999084472656,936.640869140625
2024-04-19,22147.0,62.2400016784668,936.640869140625
2024-04-22,22336.400390625,61.7400016784668,936.631591796875
2024-04-23,22368.0,60.25,936.631591796875
2024-04-24,22402.400390625,60.72999954223633,936.631591796875
2024-04-25,22570.349609375,60.86000061035156,936.631591796875
2024-04-26,22419.94921875,61.33000183105469,936.631591796875
2024-04-29,22643.400390625,61.29999923706055,936.640869140625
2024-04-30,22604.849609375,60.880001068115234,940.256103515625
2024-05-02,22648.19921875,60.84999847412109,940.2467041015624
2024-05-03,22475.849609375,60.47999954223633,940.256103515625
2024-05-06,22442.69921875,60.720001220703125,940.256103515625
2024-05-07,22302.5,60.68000030517578,940.256103515625
2024-05-08,22302.5,60.5,940.256103515625
2024-05-09,21957.5,60.41999816894531,940.256103515625
2024-05-10,22055.19921875,61.91999816894531,940.256103515625
2024-05-13,22104.05078125,61.150001525878906,940.2467041015624
2024-05-14,22217.849609375,61.18999862670898,940.2467041015624
2024-05-15,22200.55078125,61.709999084472656,940.2467041015624
2024-05-16,22403.849609375,62.0,940.256103515625
2024-05-17,22466.099609375,61.959999084472656,940.256103515625
2024-05-21,22529.05078125,62.630001068115234,940.256103515625
2024-05-22,22597.80078125,62.68000030517578,940.256103515625
2024-05-23,22967.650390625,61.619998931884766,940.256103515625
2024-05-24,22957.099609375,60.88999938964844,940.2467041015624
2024-05-27,22932.44921875,61.0,940.256103515625
2024-05-28,22888.150390625,61.119998931884766,940.256103515625
2024-05-29,22704.69921875,61.20000076293945,940.256103515625
2024-05-30,22488.650390625,60.7400016784668,940.256103515625
2024-05-31,22530.69921875,61.290000915527344,943.575439453125
2024-06-03,23263.900390625,60.59000015258789,943.575439453125
2024-06-04,21884.5,60.560001373291016,943.575439453125
2024-06-05,22620.349609375,60.68000030517578,943.575439453125
2024-06-06,22821.400390625,61.45000076293945,943.575439453125
2024-06-07,23290.150390625,61.09000015258789,943.575439453125
2024-06-10,23259.19921875,60.130001068115234,943.575439453125
2024-06-11,23264.849609375,60.41999816894531,943.5659790039062
2024-06-12,23322.94921875,60.59000015258789,943.5659790039062
2024-06-13,23398.900390625,60.59000015258789,943.575439453125
2024-06-14,23465.599609375,60.59999847412109,943.575439453125
2024-06-18,23557.900390625,60.33000183105469,943.5659790039062
2024-06-19,23516.0,60.709999084472656,943.575439453125
2024-06-20,23567.0,61.02999877929688,943.575439453125
2024-06-21,23501.099609375,61.52999877929688,943.575439453125
2024-06-24,23537.849609375,60.619998931884766,943.575439453125
2024-06-25,23721.30078125,60.75,943.575439453125
2024-06-26,23868.80078125,60.459999084472656,943.5659790039062
2024-06-27,24044.5,60.31999969482422,943.575439453125
2024-06-28,24010.599609375,60.630001068115234,946.9014282226562
2024-07-01,24141.94921875,60.54999923706055,946.9014282226562
2024-07-02,24123.849609375,60.720001220703125,946.9110107421876
2024-07-03,24286.5,61.06999969482422,946.9110107421876
2024-07-04,24302.150390625,61.290000915527344,946.9110107421876
2024-07-05,24323.849609375,61.47999954223633,946.9110107421876
2024-07-08,24320.55078125,61.56999969482422,946.9014282226562
2024-07-09,24433.19921875,61.380001068115234,946.9014282226562
2024-07-10,24324.44921875,61.540000915527344,946.9110107421876
2024-07-11,24315.94921875,61.68000030517578,946.9014282226562
2024-07-12,24502.150390625,61.88999938964844,946.9110107421876
2024-07-15,24586.69921875,61.91999816894531,946.9014282226562
2024-07-16,24613.0,62.43999862670898,946.9110107421876
2024-07-18,24800.849609375,62.90999984741211,946.9110107421876
2024-07-19,24530.900390625,62.40999984741211,946.9110107421876
2024-07-22,24509.25,62.08000183105469,946.9014282226562
2024-07-23,24479.05078125,60.15999984741211,946.9014282226562
2024-07-24,24413.5,59.59999847412109,946.9110107421876
2024-07-25,24406.099609375,59.369998931884766,946.9014282226562
2024-07-26,24834.849609375,59.9900016784668,946.9014282226562
2024-07-29,24836.099609375,58.77999877929688,946.9014282226562
2024-07-30,24857.30078125,58.34999847412109,946.9014282226562
2024-07-31,24951.150390625,58.68000030517578,950.1828002929688
2024-08-01,25010.900390625,59.09000015258789,950.1923217773438
2024-08-02,24717.69921875,59.66999816894531,950.1923217773438
2024-08-05,24055.599609375,58.7400016784668,950.1828002929688
2024-08-06,23992.55078125,58.619998931884766,950.1923217773438
2024-08-07,24297.5,58.20000076293945,950.1923217773438
2024-08-08,24117.0,58.09000015258789,950.1923217773438
2024-08-09,24367.5,58.65999984741211,950.1828002929688
2024-08-12,24347.0,59.02000045776367,950.1828002929688
2024-08-13,24139.0,59.400001525878906,950.1923217773438
2024-08-14,24143.75,59.61000061035156,950.1923217773438
2024-08-16,24541.150390625,59.470001220703125,950.1923217773438
2024-08-19,24572.650390625,60.34000015258789,950.1828002929688
2024-08-20,24698.849609375,60.66999816894531,950.1828002929688
2024-08-21,24770.19921875,60.380001068115234,950.1828002929688
2024-08-22,24811.5,60.45000076293945,950.1923217773438
2024-08-23,24823.150390625,60.25,950.1923217773438
2024-08-26,25010.599609375,60.83000183105469,950.1923217773438
2024-08-27,25017.75,60.54999923706055,950.1923217773438
2024-08-28,25052.349609375,60.54999923706055,950.1923217773438
2024-08-29,25151.94921875,60.56999969482422,950.1923217773438
2024-08-30,25235.900390625,60.65999984741211,953.2958984375
2024-09-02,25278.69921875,60.25,953.2958984375
2024-09-03,25279.849609375,60.36000061035156,953.2958984375
2024-09-04,25198.69921875,59.83000183105469,953.2958984375
2024-09-05,25145.099609375,60.54999923706055,953.2864379882812
2024-09-06,24852.150390625,60.65999984741211,953.2958984375
2024-09-09,24936.400390625,60.15999984741211,953.2864379882812
2024-09-10,25041.099609375,60.36000061035156,953.2958984375
2024-09-11,24918.44921875,60.709999084472656,953.2958984375
2024-09-12,25388.900390625,60.61000061035156,953.2864379882812
2024-09-13,25356.5,61.63999938964844,953.2958984375
2024-09-16,25383.75,62.04999923706055,953.2864379882812
2024-09-17,25418.55078125,61.77000045776367,953.2958984375
2024-09-18,25377.55078125,61.68000030517578,953.2958984375
2024-09-19,25415.80078125,62.18999862670898,953.2958984375
2024-09-20,25790.94921875,62.43000030517578,953.2958984375
2024-09-23,25939.05078125,62.810001373291016,953.2958984375
2024-09-24,25940.400390625,62.9900016784668,953.2864379882812
2024-09-25,26004.150390625,63.65999984741211,953.2958984375
2024-09-26,26216.05078125,63.77000045776367,953.2864379882812
2024-09-27,26178.94921875,63.47999954223633,953.2864379882812
2024-09-30,25810.849609375,63.54999923706055,956.7520141601562
2024-10-01,25796.900390625,63.59000015258789,956.7615356445312
2024-10-03,25250.099609375,63.68999862670898,956.7615356445312
2024-10-04,25014.599609375,63.9900016784668,956.7615356445312
2024-10-07,24795.75,63.810001373291016,956.7520141601562
2024-10-08,25013.150390625,63.45000076293945,956.7520141601562
2024-10-09,24981.94921875,63.02000045776367,956.7520141601562
2024-10-10,24998.44921875,63.0099983215332,956.7520141601562
2024-10-11,24964.25,63.540000915527344,956.7520141601562
2024-10-14,25127.94921875,63.97999954223633,956.7615356445312
2024-10-15,25057.349609375,63.86000061035156,956.7520141601562
2024-10-16,24971.30078125,64.44000244140625,956.7520141601562
2024-10-17,24749.849609375,64.44000244140625,956.7520141601562
2024-10-18,24854.05078125,65.18000030517578,956.7615356445312
2024-10-21,24781.099609375,65.79000091552734,956.7615356445312
2024-10-22,24472.099609375,65.7300033569336,956.7520141601562
2024-10-23,24435.5,66.16000366210938,956.7520141601562
2024-10-24,24399.400390625,65.75,956.7615356445312
2024-10-25,24180.80078125,65.44999694824219,956.7615356445312
2024-10-28,24339.150390625,65.77999877929688,956.7520141601562
2024-10-29,24466.849609375,66.30000305175781,956.7615356445312
2024-10-30,24340.849609375,67.0199966430664,956.7520141601562
2024-10-31,24205.349609375,66.91999816894531,960.4661254882812
2024-11-01,24304.349609375,66.91999816894531,960.4661254882812
2024-11-04,23995.349609375,66.0199966430664,960.4661254882812
2024-11-05,24213.30078125,65.94000244140625,960.4566650390624
2024-11-06,24484.05078125,65.58999633789062,960.4566650390624
2024-11-07,24199.349609375,64.33000183105469,960.4661254882812
2024-11-08,24148.19921875,65.0,960.4661254882812
2024-11-11,24141.30078125,64.48999786376953,960.4566650390624
2024-11-12,23883.44921875,62.84000015258789,960.4661254882812
2024-11-13,23559.05078125,63.25,960.4566650390624
2024-11-14,23532.69921875,61.790000915527344,960.4661254882812
2024-11-18,23453.80078125,62.900001525878906,960.4661254882812
2024-11-19,23518.5,63.720001220703125,960.4661254882812
2024-11-21,23349.900390625,64.56999969482422,960.4661254882812
2024-11-22,23907.25,65.33000183105469,960.4566650390624
2024-11-25,24221.900390625,64.37999725341797,960.4566650390624
2024-11-26,24194.5,63.38999938964844,960.4661254882812
2024-11-27,24274.900390625,63.959999084472656,960.4661254882812
2024-11-28,23914.150390625,64.04000091552734,960.4661254882812
2024-11-29,24131.099609375,64.29000091552734,963.7974243164062
2024-12-02,24276.05078125,63.7599983215332,963.7974243164062
2024-12-03,24457.150390625,64.05999755859375,963.8069458007812
2024-12-04,24467.44921875,64.01000213623047,963.8069458007812
2024-12-05,24708.400390625,64.05999755859375,963.8069458007812
2024-12-06,24677.80078125,63.9900016784668,963.7974243164062
2024-12-09,24619.0,64.29000091552734,963.8069458007812
2024-12-10,24610.05078125,64.66999816894531,963.7974243164062
2024-12-11,24641.80078125,65.04000091552734,963.7974243164062
2024-12-12,24548.69921875,65.48999786376953,963.8069458007812
2024-12-13,24768.30078125,64.61000061035156,963.8069458007812
2024-12-16,24668.25,64.4800033569336,963.7974243164062
2024-12-17,24336.0,64.0999984741211,963.8069458007812
2024-12-18,24198.849609375,64.37999725341797,963.8069458007812
2024-12-19,23951.69921875,63.77999877929688,963.8069458007812
2024-12-20,23587.5,63.31999969482422,963.8069458007812
2024-12-23,23753.44921875,63.970001220703125,963.8069458007812
2024-12-24,23727.650390625,63.68000030517578,963.7974243164062
2024-12-26,23750.19921875,64.0,963.8069458007812
2024-12-27,23813.400390625,64.20999908447266,963.7974243164062
2024-12-30,23644.900390625,64.0,963.7974243164062
2024-12-31,23644.80078125,64.08999633789062,967.6925048828124
2025-01-01,23742.900390625,64.3499984741211,967.6925048828124
2025-01-02,24188.650390625,64.5999984741211,967.6925048828124
2025-01-03,24004.75,65.06999969482422,967.6925048828124
2025-01-06,23616.05078125,64.61000061035156,967.6828002929688
2025-01-07,23707.900390625,64.7699966430664,967.6925048828124
2025-01-08,23688.94921875,65.12000274658203,967.6925048828124
2025-01-09,23526.5,65.4000015258789,967.6828002929688
2025-01-10,23431.5,65.93000030517578,967.6925048828124
2025-01-13,23085.94921875,66.25,967.6925048828124
2025-01-14,23176.05078125,66.04000091552734,967.6828002929688
2025-01-15,23213.19921875,66.26000213623047,967.6925048828124
2025-01-16,23311.80078125,66.58999633789062,967.6828002929688
2025-01-17,23203.19921875,66.66000366210938,967.6925048828124
2025-01-20,23344.75,66.58999633789062,967.6925048828124
2025-01-21,23024.650390625,66.94999694824219,967.6925048828124
2025-01-22,23155.349609375,67.62000274658203,967.6828002929688
2025-01-23,23205.349609375,67.43000030517578,967.6828002929688
2025-01-24,23092.19921875,67.7699966430664,967.6925048828124
2025-01-27,22829.150390625,67.69000244140625,967.6828002929688
2025-01-28,22957.25,67.58000183105469,967.6925048828124
2025-01-29,23163.099609375,67.86000061035156,967.6925048828124
2025-01-30,23249.5,68.08999633789062,967.6925048828124
2025-01-31,23508.400390625,69.08000183105469,972.4990234375
2025-02-01,23482.150390625,68.94999694824219,972.4891357421876
2025-02-03,23361.05078125,69.63999938964844,972.4891357421876
2025-02-04,23739.25,70.08000183105469,972.4891357421876
2025-02-05,23696.30078125,71.56999969482422,972.4990234375
2025-02-06,23603.349609375,71.43000030517578,972.4990234375
2025-02-07,23559.94921875,71.54000091552734,972.4990234375
2025-02-10,23381.599609375,72.5199966430664,972.4990234375
2025-02-11,23071.80078125,71.9800033569336,972.4891357421876
2025-02-12,23045.25,71.47000122070312,972.4891357421876
2025-02-13,23031.400390625,71.87000274658203,972.4990234375
2025-02-14,22929.25,72.22000122070312,972.4990234375
2025-02-17,22959.5,71.6500015258789,972.4990234375
2025-02-18,22945.30078125,71.9800033569336,972.4990234375
2025-02-19,22932.900390625,72.7300033569336,972.4990234375
2025-02-20,22913.150390625,72.48999786376953,972.4891357421876
2025-02-21,22795.900390625,72.08000183105469,972.4990234375
2025-02-24,22553.349609375,72.5999984741211,972.4891357421876
2025-02-25,22547.55078125,72.75,972.4891357421876
2025-02-27,22545.05078125,71.87999725341797,972.4990234375
2025-02-28,22124.69921875,71.0999984741211,976.064697265625
2025-03-03,22119.30078125,71.36000061035156,976.0548706054688
2025-03-04,22082.650390625,72.41999816894531,976.0548706054688
2025-03-05,22337.30078125,72.2699966430664,976.0548706054688
2025-03-06,22544.69921875,71.88999938964844,976.064697265625
2025-03-07,22552.5,72.20999908447266,976.064697265625
2025-03-10,22460.30078125,72.16999816894531,976.064697265625
2025-03-11,22497.900390625,72.08000183105469,976.0548706054688
2025-03-12,22470.5,72.31999969482422,976.064697265625
2025-03-13,22397.19921875,72.81999969482422,976.064697265625
2025-03-17,22508.75,73.52999877929688,976.0548706054688
2025-03-18,22834.30078125,73.52999877929688,976.0548706054688
2025-03-19,22907.599609375,74.25,976.064697265625
2025-03-20,23190.650390625,74.48999786376953,976.064697265625
2025-03-21,23350.400390625,73.94999694824219,976.064697265625
2025-03-24,23658.349609375,73.0,976.064697265625
2025-03-25,23668.650390625,73.2300033569336,976.064697265625
2025-03-26,23486.849609375,73.25,976.0548706054688
2025-03-27,23591.94921875,73.80000305175781,976.0548706054688
2025-03-28,23519.349609375,74.16000366210938,980.072998046875
2025-04-01,23165.69921875,76.72000122070312,980.063232421875
2025-04-02,23332.349609375,76.2300033569336,980.063232421875
2025-04-03,23250.099609375,75.8499984741211,980.072998046875
2025-04-04,22904.44921875,74.98999786376953,980.072998046875
2025-04-07,22161.599609375,73.83000183105469,980.063232421875
2025-04-08,22535.849609375,73.68000030517578,980.063232421875
2025-04-09,22399.150390625,74.88999938964844,980.072998046875
2025-04-11,22828.55078125,77.9000015258789,980.072998046875
2025-04-15,23328.55078125,77.66000366210938,980.072998046875
2025-04-16,23437.19921875,79.2300033569336,980.072998046875
2025-04-17,23851.650390625,79.52999877929688,980.072998046875
2025-04-21,24125.55078125,81.06999969482422,980.072998046875
2025-04-22,24167.25,82.9000015258789,980.072998046875
2025-04-23,24328.94921875,80.38999938964844,980.063232421875
2025-04-24,24246.69921875,80.51000213623047,980.072998046875
2025-04-25,24039.349609375,80.02999877929688,980.072998046875
2025-04-28,24328.5,79.05000305175781,980.063232421875
2025-04-29,24335.94921875,80.04000091552734,980.063232421875
2025-04-30,24334.19921875,79.08999633789062,983.5534057617188
2025-05-02,24346.69921875,78.37999725341797,983.5435791015624
2025-05-05,24461.150390625,79.58000183105469,983.5435791015624
2025-05-06,24379.599609375,82.12999725341797,983.5534057617188
2025-05-07,24414.400390625,81.27999877929688,983.5435791015624
2025-05-08,24273.80078125,80.94000244140625,983.5534057617188
2025-05-09,24008.0,80.80000305175781,983.5534057617188
2025-05-12,24924.69921875,77.9800033569336,983.5435791015624
2025-05-13,24578.349609375,79.06999969482422,983.5435791015624
2025-05-14,24666.900390625,78.58000183105469,983.5435791015624
2025-05-15,25062.099609375,77.04000091552734,983.5534057617188
2025-05-16,25019.80078125,77.77999877929688,983.5534057617188
2025-05-19,24945.44921875,78.31999969482422,983.5534057617188
2025-05-20,24683.900390625,78.19000244140625,983.5435791015624
2025-05-21,24813.44921875,79.5,983.5534057617188
2025-05-22,24609.69921875,79.80999755859375,983.5534057617188
2025-05-23,24853.150390625,79.51000213623047,983.5435791015624
2025-05-26,25001.150390625,79.7699966430664,983.5534057617188
2025-05-27,24826.19921875,79.55999755859375,983.5435791015624
2025-05-28,24752.44921875,80.05999755859375,983.5435791015624
2025-05-29,24833.599609375,79.0999984741211,983.5534057617188
2025-05-30,24750.69921875,79.48999786376953,987.09326171875
2025-06-02,24716.599609375,80.5199966430664,987.0833740234376
2025-06-03,24542.5,80.97000122070312,987.0833740234376
2025-06-04,24620.19921875,81.30999755859375,987.0833740234376
2025-06-05,24750.900390625,81.7300033569336,987.09326171875
2025-06-06,25003.05078125,81.2300033569336,987.09326171875
2025-06-09,25103.19921875,80.4800033569336,987.09326171875
2025-06-10,25104.25,80.61000061035156,987.09326171875
2025-06-11,25141.400390625,80.76000213623047,987.09326171875
2025-06-12,24888.19921875,81.38999938964844,987.09326171875
2025-06-13,24718.599609375,83.12999725341797,987.09326171875
2025-06-16,24946.5,83.08999633789062,987.0833740234376
2025-06-17,24853.400390625,82.55999755859375,987.09326171875
2025-06-18,24812.05078125,82.79000091552734,987.0833740234376
2025-06-19,24793.25,82.79000091552734,987.09326171875
2025-06-20,25112.400390625,82.2300033569336,987.0833740234376
2025-06-23,24971.900390625,82.66000366210938,987.0833740234376
2025-06-24,25044.349609375,80.9800033569336,987.0833740234376
2025-06-25,25244.75,81.11000061035156,987.09326171875
2025-06-26,25549.0,81.12000274658203,987.0833740234376
2025-06-27,25637.80078125,79.80999755859375,987.09326171875
2025-06-30,25517.05078125,79.98999786376953,990.2294311523438
2025-07-01,25541.80078125,81.05000305175781,990.2393798828124
2025-07-02,25453.400390625,81.11000061035156,990.2294311523438
2025-07-03,25405.30078125,81.01000213623047,990.2393798828124
2025-07-04,25461.0,80.88999938964844,990.2393798828124
2025-07-07,25461.30078125,80.52999877929688,990.2294311523438
2025-07-08,25522.5,80.77999877929688,990.2294311523438
2025-07-09,25476.099609375,80.02999877929688,990.2294311523438
2025-07-10,25355.25,80.70999908447266,990.2393798828124
2025-07-11,25149.849609375,81.1500015258789,990.2393798828124
2025-07-14,25082.30078125,81.87999725341797,990.2294311523438
2025-07-15,25195.80078125,81.66999816894531,990.2294311523438
2025-07-16,25212.05078125,81.3499984741211,990.2393798828124
2025-07-17,25111.44921875,81.16000366210938,990.2294311523438
2025-07-18,24968.400390625,81.7300033569336,990.2393798828124
2025-07-21,25090.69921875,82.12999725341797,990.2294311523438
2025-07-22,25060.900390625,82.7699966430664,990.2393798828124
2025-07-23,25219.900390625,83.75,990.2294311523438
2025-07-24,25062.099609375,82.30000305175781,990.2393798828124
2025-07-25,24837.0,82.0999984741211,990.2393798828124
2025-07-28,24680.900390625,82.02999877929688,990.2294311523438
2025-07-29,24821.099609375,81.91000366210938,990.2294311523438
2025-07-30,24855.05078125,82.38999938964844,990.2393798828124
2025-07-31,24768.349609375,82.19999694824219,993.8683471679688
2025-08-01,24565.349609375,81.94999694824219,993.8583984375
2025-08-04,24722.75,83.2300033569336,993.8583984375
2025-08-05,24649.55078125,83.61000061035156,993.8683471679688
2025-08-06,24574.19921875,83.44000244140625,993.8583984375
2025-08-07,24596.150390625,83.94000244140625,993.8583984375
2025-08-08,24363.30078125,84.36000061035156,993.8683471679688
2025-08-11,24585.05078125,83.2300033569336,993.8583984375
2025-08-12,24487.400390625,82.9800033569336,993.8683471679688
2025-08-13,24619.349609375,83.19000244140625,993.8583984375
2025-08-14,24631.30078125,83.13999938964844,993.8683471679688
2025-08-18,24876.94921875,82.75,993.8583984375
2025-08-19,24980.650390625,82.30999755859375,993.8583984375
2025-08-20,25050.55078125,82.08000183105469,993.8683471679688
2025-08-21,25083.75,82.55000305175781,993.8683471679688
2025-08-22,24870.099609375,82.62000274658203,993.8683471679688
2025-08-25,24967.75,83.5,993.8583984375
2025-08-26,24712.05078125,83.83000183105469,993.8583984375
2025-08-28,24500.900390625,84.41999816894531,993.8583984375
2025-08-29,24426.849609375,85.33999633789062,996.9228515625
2025-09-01,24625.05078125,86.61000061035156,996.912841796875
2025-09-02,24579.599609375,86.61000061035156,996.912841796875
2025-09-03,24715.05078125,87.87999725341797,996.912841796875
2025-09-04,24734.30078125,88.16000366210938,996.9228515625
2025-09-05,24741.0,88.6500015258789,996.912841796875
2025-09-08,24773.150390625,89.9800033569336,996.912841796875
2025-09-09,24868.599609375,91.16999816894533,996.912841796875
2025-09-10,24973.099609375,90.9000015258789,996.912841796875
2025-09-11,25005.5,90.62000274658205,996.912841796875
2025-09-12,25114.0,91.26000213623048,996.9228515625
2025-09-15,25069.19921875,90.91999816894533,996.912841796875
2025-09-16,25239.099609375,92.2699966430664,996.912841796875
2025-09-17,25330.25,91.25,996.9228515625
2025-09-18,25423.599609375,91.5999984741211,996.9228515625
2025-09-19,25327.05078125,91.29000091552734,996.9228515625
2025-09-22,25202.349609375,93.13999938964844,996.912841796875
2025-09-23,25169.5,95.12999725341795,996.9228515625
2025-09-24,25056.900390625,94.63999938964844,996.9228515625
2025-09-25,24890.849609375,94.43000030517578,996.9228515625
2025-09-26,24654.69921875,94.22000122070312,996.9228515625
2025-09-29,24634.900390625,95.9000015258789,996.912841796875
2025-09-30,24611.099609375,95.8499984741211,1000.0
2025-10-01,24836.30078125,97.62999725341795,1000.0
2025-10-03,24894.25,97.06999969482422,1000.0
2025-10-06,25077.650390625,99.22000122070312,999.989990234375
2025-10-07,25108.30078125,99.66000366210938,1000.0
2025-10-08,25046.150390625,101.69000244140624,1000.0
2025-10-09,25181.80078125,101.47000122070312,999.989990234375
2025-10-10,25285.349609375,100.66999816894533,1000.0
2025-10-13,25227.349609375,102.6500015258789,999.989990234375
2025-10-14,25145.5,105.08999633789062,999.989990234375
2025-10-15,25323.55078125,105.29000091552734,999.989990234375
2025-10-16,25585.30078125,105.37000274658205,1000.0
2025-10-17,25709.849609375,108.11000061035156,1000.0
2025-10-20,25843.150390625,105.13999938964844,1000.0
2025-10-21,25868.599609375,105.69000244140624,1000.0
2025-10-23,25891.400390625,101.6999969482422,999.989990234375
2025-10-24,25795.150390625,101.6999969482422,999.989990234375
2025-10-27,25966.05078125,100.13999938964844,1000.0
2025-10-28,25936.19921875,96.83999633789062,999.989990234375
2025-10-29,26053.900390625,99.9499969482422,999.989990234375
2025-10-30,25877.849609375,99.68000030517578,999.989990234375
2025-10-31,25722.099609375,100.0199966430664,1000.0
2025-11-03,25763.349609375,100.0500030517578,999.989990234375
2025-11-04,25597.650390625,99.8000030517578,1000.0
2025-11-06,25509.69921875,100.06999969482422,1000.0
2025-11-07,25492.30078125,99.94000244140624,1000.0
2025-11-10,25574.349609375,101.6999969482422,1000.0
2025-11-11,25694.94921875,103.29000091552734,999.989990234375
2025-11-12,25875.80078125,102.69000244140624,999.989990234375
2025-11-13,25879.150390625,105.37000274658205,999.989990234375
2025-11-14,25910.05078125,103.80999755859376,1000.0
2025-11-17,26013.44921875,101.94000244140624,999.989990234375
2025-11-18,25910.05078125,100.91000366210938,1000.0
2025-11-19,26052.650390625,102.2300033569336,1000.0
2025-11-20,26192.150390625,101.5500030517578,1000.0
2025-11-21,26068.150390625,102.0,1000.0
2025-11-24,25959.5,102.2300033569336,999.989990234375
2025-11-25,25884.80078125,103.45999908447266,1000.0
2025-11-26,26205.30078125,104.18000030517578,999.989990234375
2025-11-27,26215.55078125,104.11000061035156,999.989990234375
2025-11-28,26202.94921875,104.62000274658205,999.989990234375
2025-12-01,26175.75,106.72000122070312,1000.0
2025-12-02,26032.19921875,105.62999725341795,999.989990234375
2025-12-03,25986.0,106.51000213623048,999.989990234375
2025-12-04,26033.75,105.91999816894533,999.989990234375
2025-12-05,26186.44921875,106.88999938964844,1000.0
2025-12-08,25960.55078125,106.8499984741211,1000.0
2025-12-09,25839.650390625,106.27999877929688,999.989990234375
2025-12-10,25758.0,106.2300033569336,999.989990234375
2025-12-11,25898.55078125,107.1500015258789,999.989990234375
2025-12-12,26046.94921875,109.61000061035156,1000.0
2025-12-15,26027.30078125,110.9499969482422,999.989990234375
2025-12-16,25860.099609375,109.55999755859376,1000.0
2025-12-17,25818.55078125,109.98999786376952,1000.0
2025-12-18,25815.55078125,109.87999725341795,1000.0
2025-12-19,25966.400390625,109.81999969482422,1000.0
2025-12-22,26172.400390625,111.38999938964844,1000.0
2025-12-23,26177.150390625,113.0999984741211,1000.0
2025-12-24,26142.099609375,113.20999908447266,1000.0
2025-12-26,26042.30078125,114.30999755859376,999.989990234375
2025-12-29,25942.099609375,113.02999877929688,1000.0
2025-12-30,25938.849609375,111.16999816894533,1000.0
2025-12-31,26129.599609375,110.11000061035156,999.989990234375
2026-01-01,26146.55078125,110.5199966430664,1000.0
2026-01-02,26328.55078125,111.81999969482422,1000.0
2026-01-05,26250.30078125,112.91999816894533,999.989990234375
2026-01-06,26178.69921875,113.13999938964844,999.989990234375
2026-01-07,26140.75,112.91000366210938,1000.0
2026-01-08,25876.849609375,112.29000091552734,1000.0
2026-01-09,25683.30078125,113.61000061035156,1000.0
2026-01-12,25790.25,116.76000213623048,999.989990234375
2026-01-13,25732.30078125,116.37000274658205,1000.0
2026-01-14,25665.599609375,118.01000213623048,1000.0
2026-01-15,25665.599609375,118.01000213623048,1000.0
2026-01-16,25694.349609375,117.77999877929688,1000.0
2026-01-19,25585.5,121.0999984741211,1000.0
2026-01-20,25232.5,125.86000061035156,1000.0
2026-01-21,25157.5,134.97000122070312,999.989990234375
2026-01-22,25289.900390625,124.33999633789062,999.989990234375
2026-01-23,25048.650390625,127.41999816894533,1000.0
2026-01-27,25175.400390625,131.4499969482422,1000.0
2026-01-28,25342.75,135.82000732421875,999.989990234375
2026-01-29,25418.900390625,146.52999877929688,999.989990234375
2026-01-30,25320.650390625,131.1199951171875,1000.0
2026-02-02,25088.400390625,118.66999816894533,999.989990234375
2026-02-03,25727.55078125,125.1999969482422,999.989990234375
2026-02-04,25776.0,129.60000610351562,999.989990234375
2026-02-05,25642.80078125,125.22000122070312,1000.0
2026-02-06,25693.69921875,125.04000091552734,1000.0
2026-02-09,25867.30078125,127.9800033569336,999.989990234375
2026-02-10,25935.150390625,128.33999633789062,1000.0
2026-02-11,25953.849609375,128.6999969482422,999.989990234375
2026-02-12,25807.19921875,128.52000427246094,1000.0
2026-02-13,25471.099609375,126.0999984741211,1000.0
2026-02-16,25682.75,126.91999816894533,999.989990234375
2026-02-17,25725.400390625,124.58000183105467,999.989990234375
2026-02-18,25819.349609375,124.63999938964844,1000.0
2026-02-19,25454.349609375,127.08999633789062,1000.0
2026-02-20,25571.25,127.54000091552734,1000.0
2026-02-23,25713.0,130.0,1000.0
2026-02-24,25424.650390625,131.22000122070312,1000.0
2026-02-25,25482.5,131.69000244140625,999.989990234375
2026-02-26,25496.55078125,130.47999572753906,999.989990234375
2026-02-27,25178.650390625,131.60000610351562,999.989990234375
2026-03-02,24865.69921875,138.32000732421875,999.989990234375
2026-03-04,24480.5,133.9600067138672,999.989990234375
2026-03-05,24765.900390625,132.24000549316406,1000.0
2026-03-06,24450.44921875,130.82000732421875,1000.0
2026-03-09,24028.05078125,131.35000610351562,999.989990234375
2026-03-10,24261.599609375,132.1999969482422,999.989990234375
2026-03-11,23866.849609375,132.7100067138672,1000.0
2026-03-12,23639.150390625,132.42999267578125,999.989990234375
2026-03-13,23151.099609375,130.32000732421875,1000.0
2026-03-16,23408.80078125,127.22000122070312,999.989990234375
2026-03-17,23581.150390625,128.22000122070312,1000.0
2026-03-18,23777.80078125,127.91000366210938,1000.0
2026-03-19,23002.150390625,121.31999969482422,1000.0
2026-03-20,23114.5,121.05999755859376,999.989990234375
2026-03-23,22512.650390625,110.72000122070312,1000.0
2026-03-24,22912.400390625,115.48999786376952,999.989990234375
2026-03-25,23306.44921875,119.29000091552734,999.989990234375
2026-03-27,22819.599609375,117.52999877929688,1000.0
2026-03-30,22331.400390625,121.19000244140624,1000.0
2026-04-01,22679.400390625,123.37000274658205,1000.0
2026-04-02,22713.099609375,120.58000183105467,1000.0
2026-04-06,22968.25,122.80999755859376,999.989990234375
2026-04-07,23123.650390625,121.77999877929688,1000.0
2026-04-08,23997.349609375,124.38999938964844,999.989990234375
2026-04-09,23775.099609375,123.20999908447266,999.989990234375
2026-04-10,24050.599609375,123.48999786376952,1000.0
2026-04-13,23842.650390625,123.76000213623048,1000.0
2026-04-15,24231.30078125,125.05999755859376,1000.0
2026-04-16,24196.75,125.61000061035156,1000.0
2026-04-17,24353.55078125,124.8000030517578,1000.0
2026-04-20,24364.849609375,125.0,999.989990234375
2026-04-21,24576.599609375,125.22000122070312,999.989990234375
2026-04-22,24378.099609375,124.98999786376952,999.989990234375
2026-04-23,24173.05078125,124.08000183105467,1000.0
2026-04-24,23897.94921875,123.94000244140624,999.989990234375
2026-04-27,24092.69921875,124.25,999.989990234375
2026-04-28,23995.69921875,122.68000030517578,1000.0
2026-04-29,24177.650390625,121.58000183105467,999.989990234375
2026-04-30,23997.55078125,123.43000030517578,999.989990234375
2026-05-01,23997.55078125,123.43000030517578,999.989990234375
2026-05-04,24119.30078125,122.37999725341795,999.989990234375
2026-05-05,24032.80078125,122.16000366210938,1000.0
2026-05-06,24330.94921875,124.0199966430664,999.989990234375
2026-05-07,24326.650390625,124.47000122070312,1000.0
2026-05-08,24176.150390625,124.30999755859376,1000.0
2026-05-11,23815.849609375,123.2300033569336,1000.0
2026-05-12,23379.55078125,124.61000061035156,1000.0
2026-05-13,23412.599609375,131.74000549316406,1000.0
2026-05-14,23689.599609375,131.77999877929688,1000.0
2026-05-15,23643.5,129.41000366210938,1000.0
2026-05-18,23649.94921875,129.6999969482422,1000.0
2026-05-19,23618.0,130.63999938964844,999.989990234375
2026-05-20,23659.0,130.1999969482422,999.989990234375
2026-05-21,23654.69921875,130.74000549316406,1000.0
2026-05-22,23719.30078125,130.5,1000.0
2026-05-25,24031.69921875,130.50999450683594,999.989990234375
2026-05-26,23913.69921875,129.5800018310547,1000.0
2026-05-27,23907.150390625,129.0399932861328,999.989990234375
2026-05-28,23907.150390625,129.0399932861328,999.989990234375
2026-05-29,23547.75,128.64999389648438,999.989990234375
2026-06-01,23382.599609375,127.48999786376952,999.989990234375
2026-06-02,23483.55078125,128.6699981689453,1000.0
2026-06-03,23405.599609375,127.63999938964844,1000.0
2026-06-04,23416.55078125,128.5,999.989990234375
2026-06-05,23366.69921875,127.77999877929688,1000.0
2026-06-08,23123.0,124.16000366210938,999.989990234375
2026-06-09,23242.099609375,125.38999938964844,1000.0
2026-06-10,23214.94921875,121.1500015258789,999.989990234375
2026-06-11,23161.599609375,119.27999877929688,1000.0
2026-06-12,23622.900390625,121.91999816894533,999.989990234375
2026-06-15,23853.900390625,124.11000061035156,999.989990234375
2026-06-16,23989.150390625,124.13999938964844,1000.0
2026-06-17,24085.69921875,123.75,999.989990234375
2026-06-18,24168.0,122.12000274658205,999.989990234375
2026-06-19,24013.099609375,119.79000091552734,1000.0
2026-06-22,24102.900390625,121.12000274658205,1000.0
2026-06-23,23824.099609375,118.9000015258789,1000.0
2026-06-24,24021.650390625,117.55999755859376,999.989990234375
2026-06-25,24056.0,114.95999908447266,999.989990234375
2026-06-26,24056.0,114.95999908447266,999.989990234375
2026-06-29,23946.25,116.43000030517578,1000.0
2026-06-30,23865.75,115.97000122070312,1000.0
2026-07-01,24005.849609375,115.45999908447266,1000.0
2026-07-02,24175.69921875,117.69000244140624,1000.0
2026-07-03,24270.849609375,120.30999755859376,1000.0
2026-07-06,24430.349609375,119.51000213623048,999.989990234375
2026-07-07,24398.69921875,118.58000183105467,1000.0
2026-07-08,23882.05078125,116.95999908447266,1000.0
2026-07-09,23962.80078125,118.41999816894533,999.989990234375
2026-07-10,24206.900390625,118.13999938964844,1000.0
2026-07-13,24211.0,116.9499969482422,999.989990234375
2026-07-14,24052.05078125,115.9800033569336,1000.0
2026-07-15,24078.5,116.38999938964844,1000.0
2026-07-16,24072.75,116.47000122070312,1000.0
2026-07-17,24334.30078125,115.79000091552734,1000.0
2026-07-20,24238.5,116.83999633789062,1000.0
2026-07-21,24187.69921875,117.7300033569336,1000.0
2026-07-22,23996.25,119.13999938964844,1000.0
2026-07-23,23869.599609375,118.69000244140624,999.989990234375
2026-07-24,23767.44921875,117.91000366210938,999.989990234375
2026-07-27,23767.44921875,117.91000366210938,999.989990234375
