Date,strategy_gross_return,strategy_net_return,strategy_transaction_cost,strategy_turnover,strategy_regime,strategy_rebalance_flag,static_60_40_gross_return,static_60_40_net_return,equal_weight_gross_return,equal_weight_net_return
2010-10-05,0.0017359575855562669,0.0012350896067634398,0.0005000000000000009,1.0000000000000018,Bull,True,-0.001337401337191091,-0.001836732636522398,0.002280068953222932,0.0017789289187464252
2010-10-06,0.008162126321389958,0.008162126321389958,0.0,0.0,Bull,False,0.003965110004377128,0.003965110004377128,0.005887900981449035,0.005887900981449035
2010-10-07,-0.005422881429917516,-0.005422881429917516,0.0,0.0,Bull,False,-0.0064230188757860235,-0.0064230188757860235,-0.0021266915963507557,-0.0021266915963507557
2010-10-08,-0.008095150605098222,-0.008095150605098222,0.0,0.0,Bull,False,-0.001643850753983734,-0.001643850753983734,-0.006917372215926866,-0.006917372215926866
2010-10-11,0.008870567285842556,0.008870567285842556,0.0,0.0,Bull,False,0.0031734274894813868,0.0031734274894813868,0.006920406981968206,0.006920406981968206
2010-10-12,-0.003845553551794291,-0.003845553551794291,0.0,0.0,Bull,False,-0.004396462842110611,-0.004396462842110611,-0.0015930605176090237,-0.0015930605176090237
2010-10-13,0.01755332509918302,0.01755332509918302,0.0,0.0,Bull,False,0.014031317041180155,0.014031317041180155,0.010067777765540737,0.010067777765540737
2010-10-14,-0.003014602180769516,-0.003014602180769516,0.0,0.0,Bull,False,-0.005476571255570256,-0.005476571255570256,-0.00030404516175694076,-0.00030404516175694076
2010-10-15,-0.014335055183985715,-0.014335055183985715,0.0,0.0,Bull,False,-0.011153731830139716,-0.011153731830139716,-0.008427749525694514,-0.008427749525694514
2010-10-18,-0.0011082378535879336,-0.0011082378535879336,0.0,0.0,Bull,False,0.0013079419510126117,0.0013079419510126117,-0.0016643082309084115,-0.0016643082309084115
2010-10-19,-0.0018545664177891396,-0.0018545664177891396,0.0,0.0,Bull,False,-0.0047740330220395,-0.0047740330220395,0.0004915892859069395,0.0004915892859069395
2010-10-20,-0.011759951471424229,-0.011759951471424229,0.0,0.0,Bull,False,-0.004464380734887665,-0.004464380734887665,-0.00904664795982097,-0.00904664795982097
2010-10-21,0.01589755847675717,0.01589755847675717,0.0,0.0,Bull,False,0.011839459584138706,0.011839459584138706,0.009444782732418115,0.009444782732418115
2010-10-22,-0.00812350042053624,-0.00812350042053624,0.0,0.0,Bull,False,-0.0034728667442872506,-0.0034728667442872506,-0.006080217852918308,-0.006080217852918308
2010-10-25,0.007029965965724999,0.007029965965724999,0.0,0.0,Bull,False,0.003907666503775139,0.003907666503775139,0.004817972781826049,0.004817972781826049
2010-10-26,-0.005028798617740523,-0.005028798617740523,0.0,0.0,Bull,False,-0.0023345113906916206,-0.0023345113906916206,-0.0036808180376587986,-0.0036808180376587986
2010-10-27,-0.007638503214645402,-0.007638503214645402,0.0,0.0,Bull,False,-0.006802927455717102,-0.006802927455717102,-0.00402643318065779,-0.00402643318065779
2010-10-28,-0.004024924232229787,-0.004024924232229787,0.0,0.0,Bull,False,-0.0024656513072086597,-0.0024656513072086597,-0.00264268372318174,-0.00264268372318174
2010-10-29,0.004781869712797749,0.004781869712797749,0.0,0.0,Bull,False,0.0029680746132105746,0.0029680746132105746,0.0031097277974625197,0.0031097277974625197
2010-11-01,0.018426151603302944,0.018426151603302944,0.0,0.0,Bull,False,0.009866728038907603,0.009866728038907603,0.012777945207581251,0.012777945207581251
2010-11-02,-0.00135050518161548,-0.00135050518161548,0.0,0.0,Bull,False,0.00014184488296717306,0.00014184488296717306,-0.0013508412151545443,-0.0013508412151545443
2010-11-03,0.0011698610243205307,0.000948670617709535,0.0002209319469371262,0.4418638938742524,Bear,True,0.004065359967652248,0.00406456670870492,0.0021796539481806856,0.002176048523512497
2010-11-04,0.004934229478212288,0.004934229478212288,0.0,0.0,Bear,False,0.01184983972810769,0.01184983972810769,0.00700208458643118,0.00700208458643118
2010-11-08,0.011617984088264506,0.011617984088264506,0.0,0.0,Bear,False,-0.0008338579564419189,-0.0008338579564419189,0.004474739972917547,0.004474739972917547
2010-11-09,0.010653370187371461,0.010653370187371461,0.0,0.0,Bear,False,0.002738432975703869,0.002738432975703869,0.005599443852699539,0.005599443852699539
2010-11-10,0.00010630376549369206,0.00010630376549369206,0.0,0.0,Bear,False,-0.0024901262151936316,-0.0024901262151936316,-0.0009912999900281874,-0.0009912999900281874
2010-11-11,-0.0012974425284239168,-0.0012974425284239168,0.0,0.0,Bear,False,-0.007865789187088199,-0.007865789187088199,-0.0038137050536627224,-0.0038137050536627224
2010-11-12,-0.011371531829732565,-0.011371531829732565,0.0,0.0,Bear,False,-0.011929671291554377,-0.011929671291554377,-0.009732610619064856,-0.009732610619064856
2010-11-15,-0.001987129358981318,-0.001987129358981318,0.0,0.0,Bear,False,0.004920724835495982,0.004920724835495982,0.001194176860392256,0.001194176860392256
2010-11-16,-0.003548724023897854,-0.003548724023897854,0.0,0.0,Bear,False,-0.01302820994204425,-0.01302820994204425,-0.0068884621318303935,-0.0068884621318303935
2010-11-18,-0.0002687482141467341,-0.0002687482141467341,0.0,0.0,Bear,False,0.001003136247636032,0.001003136247636032,0.00029983694035339004,0.00029983694035339004
2010-11-19,-0.0020535100279557308,-0.0020535100279557308,0.0,0.0,Bear,False,-0.010765882779487392,-0.010765882779487392,-0.005301113495442679,-0.005301113495442679
2010-11-22,0.0045824775889688335,0.0045824775889688335,0.0,0.0,Bear,False,0.012006479441656018,0.012006479441656018,0.0068564454147250434,0.0068564454147250434
2010-11-23,0.004475928895944648,0.004475928895944648,0.0,0.0,Bear,False,-0.007462346761916149,-0.007462346761916149,-0.0011886469899590817,-0.0011886469899590817
2010-11-24,0.00453455001140094,0.00453455001140094,0.0,0.0,Bear,False,-0.0068903237602770335,-0.0068903237602770335,-0.0008980108417661783,-0.0008980108417661783
2010-11-25,-0.004589541437641474,-0.004589541437641474,0.0,0.0,Bear,False,-0.006636471906413131,-0.006636471906413131,-0.004656366093068454,-0.004656366093068454
2010-11-26,-0.0008837045842662097,-0.0008837045842662097,0.0,0.0,Bear,False,-0.004838505468346522,-0.004838505468346522,-0.002341389648068328,-0.002341389648068328
2010-11-29,0.001490264278556715,0.001490264278556715,0.0,0.0,Bear,False,0.007943034796704723,0.007943034796704723,0.0038550607717784623,0.0038550607717784623
2010-11-30,-5.048697321380054e-05,-5.048697321380054e-05,0.0,0.0,Bear,False,0.0032999389779837665,0.0032999389779837665,0.001320543911221095,0.001320543911221095
2010-12-01,0.0060300361552876386,0.0060300361552876386,0.0,0.0,Bear,False,0.009877225493990595,0.009877225493990595,0.006589449086114129,0.006589449086114129
2010-12-02,0.002088577809591322,0.002088577809591322,0.0,0.0,Bear,False,0.005059672596871131,0.005059672596871131,0.002956283222359683,0.002956283222359683
2010-12-03,0.0006111628148825684,0.0006111628148825684,0.0,0.0,Bear,False,-0.0018769628007998817,-0.0018769628007998817,-0.0005110258969086027,-0.0005110258969086027
2010-12-06,0.003770087367521347,0.003539657039544508,0.000229564848441632,0.459129696883264,Bull,True,-5.111408733200484e-05,-5.3618702638091875e-05,0.0036200490701501957,0.0036146874331832723
2010-12-07,-0.0009909144478739292,-0.0009909144478739292,0.0,0.0,Bull,False,-0.0015719862201031155,-0.0015719862201031155,-0.00019804245093234393,-0.00019804245093234393
2010-12-08,-0.011855738863615536,-0.011855738863615536,0.0,0.0,Bull,False,-0.007305570718354789,-0.007305570718354789,-0.007822557625722319,-0.007822557625722319
2010-12-09,-0.016491694452302898,-0.016491694452302898,0.0,0.0,Bull,False,-0.013864058336620036,-0.013864058336620036,-0.009065467131898597,-0.009065467131898597
2010-12-10,0.010344579909247954,0.010344579909247954,0.0,0.0,Bull,False,0.009310814311898747,0.009310814311898747,0.00534499474541139,0.00534499474541139
2010-12-13,0.00591384019634082,0.00591384019634082,0.0,0.0,Bull,False,0.005105237155281159,0.005105237155281159,0.0031734960015394453,0.0031734960015394453
2010-12-14,0.006013243686133762,0.006013243686133762,0.0,0.0,Bull,False,0.0036807637782174303,0.0036807637782174303,0.0039542963576356255,0.0039542963576356255
2010-12-15,-0.007955363089446114,-0.007955363089446114,0.0,0.0,Bull,False,-0.005211643520130761,-0.005211643520130761,-0.0050852426495543775,-0.0050852426495543775
2010-12-16,0.006397588174430558,0.006397588174430558,0.0,0.0,Bull,False,0.005705253692381632,0.005705253692381632,0.0033488197940264404,0.0033488197940264404
2010-12-20,6.95124656829304e-05,6.95124656829304e-05,0.0,0.0,Bull,False,-0.00016702800540851608,-0.00016702800540851608,0.00015062350686906995,0.00015062350686906995
2010-12-21,0.005377840287028189,0.005377840287028189,0.0,0.0,Bull,False,0.005387171979882854,0.005387171979882854,0.002543624226245385,0.002543624226245385
2010-12-22,-0.0021555355010577258,-0.0021555355010577258,0.0,0.0,Bull,False,-0.0016256746920405491,-0.0016256746920405491,-0.0012788156246000587,-0.0012788156246000587
2010-12-23,-0.0020550651144935475,-0.0020550651144935475,0.0,0.0,Bull,False,-0.00043695391032207,-0.00043695391032207,-0.0017428839308220585,-0.0017428839308220585
2010-12-24,0.004793109687242806,0.004793109687242806,0.0,0.0,Bull,False,0.003167853641461808,0.003167853641461808,0.0030498041772346876,0.0030498041772346876
2010-12-27,7.455688649036715e-05,7.455688649036715e-05,0.0,0.0,Bull,False,-0.0013490773330071017,-0.0013490773330071017,0.0007147934468828352,0.0007147934468828352
2010-12-28,-0.0008041877299536698,-0.0008041877299536698,0.0,0.0,Bull,False,-0.00021014974122636265,-0.00021014974122636265,-0.0006660479956114383,-0.0006660479956114383
2010-12-29,0.009357391989945573,0.009357391989945573,0.0,0.0,Bull,False,0.006436721162434362,0.006436721162434362,0.00584162102466088,0.00584162102466088
2010-12-30,0.005256149003533131,0.005256149003533131,0.0,0.0,Bull,False,0.004130980138763028,0.004130980138763028,0.0030601178588978493,0.0030601178588978493
2010-12-31,0.0020940316989543203,0.0020940316989543203,0.0,0.0,Bull,False,0.003233595499916651,0.003233595499916651,0.0004629654491613358,0.0004629654491613358
2011-01-03,0.0043987223898982256,0.0043987223898982256,0.0,0.0,Bull,False,0.0022765463277732113,0.0022765463277732113,0.0031261831202267568,0.0031261831202267568
2011-01-04,-0.002521708683445781,-0.002521708683445781,0.0,0.0,Bull,False,-0.001108068713662237,-0.001108068713662237,-0.001892909605981883,-0.001892909605981883
2011-01-05,-0.002973025449475246,-0.0033303690083598125,0.0003584091183146161,0.7168182366292322,Crisis,True,-0.0064965670921472984,-0.0064995755621282125,-0.007094199619480286,-0.007096670983134157
2011-01-06,-0.0015345392063085877,-0.0015345392063085877,0.0,0.0,Crisis,False,-0.0030999968974762997,-0.0030999968974762997,-0.003549078308503006,-0.003549078308503006
2011-01-07,-0.002550134128677865,-0.002550134128677865,0.0,0.0,Crisis,False,-0.014158535102839119,-0.014158535102839119,-0.010250251431461656,-0.010250251431461656
2011-01-10,6.717865757358823e-05,6.717865757358823e-05,0.0,0.0,Crisis,False,-0.014171929184680429,-0.014171929184680429,-0.006717720403087839,-0.006717720403087839
2011-01-11,0.0003659036999267245,0.0003659036999267245,0.0,0.0,Crisis,False,-0.0008833010380990462,-0.0008833010380990462,6.866816188309288e-05,6.866816188309288e-05
2011-01-12,0.001267290164065737,0.001267290164065737,0.0,0.0,Crisis,False,0.011075199202911053,0.011075199202911053,0.007009678347371386,0.007009678347371386
2011-01-13,-0.0003413402778137017,-0.0003413402778137017,0.0,0.0,Crisis,False,-0.011174767800188536,-0.011174767800188536,-0.005815079509506523,-0.005815079509506523
2011-01-14,-0.0016595463736022785,-0.0016595463736022785,0.0,0.0,Crisis,False,-0.009887843325413741,-0.009887843325413741,-0.006954713898844767,-0.006954713898844767
2011-01-17,-0.0009174502340785423,-0.0009174502340785423,0.0,0.0,Crisis,False,2.4659148614438578e-05,2.4659148614438578e-05,-0.0012522053714025005,-0.0012522053714025005
2011-01-18,0.0015791437734183186,0.0015791437734183186,0.0,0.0,Crisis,False,0.0071059544455179665,0.0071059544455179665,0.005536626948999407,0.005536626948999407
2011-01-19,-0.0007668547414476357,-0.0007668547414476357,0.0,0.0,Crisis,False,-0.003359921915890825,-0.003359921915890825,-0.002643886766974967,-0.002643886766974967
2011-01-20,0.0008310859185893382,0.0008310859185893382,0.0,0.0,Crisis,False,0.0020993986556648767,0.0020993986556648767,0.002133321102293438,0.002133321102293438
2011-01-21,-0.0028382260582348368,-0.0028382260582348368,0.0,0.0,Crisis,False,-0.001539380041861868,-0.001539380041861868,-0.004604286648978016,-0.004604286648978016
2011-01-24,0.0008251311540873738,0.0008251311540873738,0.0,0.0,Crisis,False,0.004773278454762013,0.004773278454762013,0.0034035519690322497,0.0034035519690322497
2011-01-25,-0.004125076348112888,-0.004125076348112888,0.0,0.0,Crisis,False,-0.00567942214255861,-0.00567942214255861,-0.008327115065923141,-0.008327115065923141
2011-01-27,0.0015964902487738116,0.0015964902487738116,0.0,0.0,Crisis,False,-0.008488512754677161,-0.008488512754677161,-0.0018858341910044688,-0.0018858341910044688
2011-01-28,-0.00390679317655594,-0.00390679317655594,0.0,0.0,Crisis,False,-0.009502274927216631,-0.009502274927216631,-0.009877750850499615,-0.009877750850499615
2011-01-31,0.0045299678909464635,0.0045299678909464635,0.0,0.0,Crisis,False,-0.0006461914183273073,-0.0006461914183273073,0.005945499894990283,0.005945499894990283
2011-02-01,-0.0015945229360091332,-0.0015945229360091332,0.0,0.0,Crisis,False,-0.009236178803373777,-0.009236178803373777,-0.006565689585503345,-0.006565689585503345
2011-02-02,-0.000598724958220407,-0.000598724958220407,0.0,0.0,Crisis,False,0.0015512159923201812,0.0015512159923201812,-9.098519420526255e-05,-9.098519420526255e-05
2011-02-03,-0.0009911139743305764,-0.0009911139743305764,0.0,0.0,Crisis,False,0.009942739545976539,0.009942739545976539,0.0033196738693777694,0.0033196738693777694
2011-02-04,0.003137692676724438,0.003132885186136969,4.792453341685452e-06,0.009584906683370904,Crisis,True,-0.014217807281409022,-0.01423049993814296,-0.0030706676433864826,-0.0030799842316784343
2011-02-07,-0.0006511319365371995,-0.0006511319365371995,0.0,0.0,Crisis,False,2.7532171769661896e-05,2.7532171769661896e-05,-0.0008596919493453538,-0.0008596919493453538
2011-02-08,0.00037931116310103204,0.00037931116310103204,0.0,0.0,Crisis,False,-0.00919399647160802,-0.00919399647160802,-0.004119991636600121,-0.004119991636600121
2011-02-09,0.0006001832282568537,0.0006001832282568537,0.0,0.0,Crisis,False,-0.006557705167894135,-0.006557705167894135,-0.002481730519752423,-0.002481730519752423
2011-02-10,0.0006588788847837687,0.0006588788847837687,0.0,0.0,Crisis,False,-0.0031006514761580876,-0.0031006514761580876,-0.0006670856135133859,-0.0006670856135133859
2011-02-11,-0.0002862946018825931,-0.0002862946018825931,0.0,0.0,Crisis,False,0.009449721655153403,0.009449721655153403,0.004323510565983202,0.004323510565983202
2011-02-14,0.0005366643658830866,0.0005366643658830866,0.0,0.0,Crisis,False,0.01622804930762764,0.01622804930762764,0.008863343482086117,0.008863343482086117
2011-02-15,0.0016026305237088877,0.0016026305237088877,0.0,0.0,Crisis,False,0.00273904301505622,0.00273904301505622,0.0035162961332946955,0.0035162961332946955
2011-02-16,0.0008968033497413965,0.0008968033497413965,0.0,0.0,Crisis,False,7.244231185687264e-05,7.244231185687264e-05,0.0012411387708534261,0.0012411387708534261
2011-02-17,0.000858602055893448,0.000858602055893448,0.0,0.0,Crisis,False,0.007067947600822918,0.007067947600822918,0.004697390729818476,0.004697390729818476
2011-02-18,0.00047799077363630825,0.00047799077363630825,0.0,0.0,Crisis,False,-0.00948286767148838,-0.00948286767148838,-0.004145262686921288,-0.004145262686921288
2011-02-21,0.0006773009129583194,0.0006773009129583194,0.0,0.0,Crisis,False,0.006523784902807339,0.006523784902807339,0.004180536501883505,0.004180536501883505
2011-02-22,0.00039465596421255165,0.00039465596421255165,0.0,0.0,Crisis,False,-0.0053677458486331665,-0.0053677458486331665,-0.0021773655819465414,-0.0021773655819465414
2011-02-23,0.00012583371228836978,0.00012583371228836978,0.0,0.0,Crisis,False,-0.003479477913484686,-0.003479477913484686,-0.001578263599404306,-0.001578263599404306
2011-02-24,0.0027406699696472803,0.0027406699696472803,0.0,0.0,Crisis,False,-0.019146324536578857,-0.019146324536578857,-0.005928923885668154,-0.005928923885668154
2011-02-25,-0.001492787997901046,-0.001492787997901046,0.0,0.0,Crisis,False,0.004569678912017782,0.004569678912017782,0.0002387699600273513,0.0002387699600273513
2011-02-28,0.00018677502718630776,0.00018677502718630776,0.0,0.0,Crisis,False,0.003304395977304849,0.003304395977304849,0.0018913139676700421,0.0018913139676700421
2011-03-01,0.0013463082451001945,0.0013463082451001945,0.0,0.0,Crisis,False,0.020964103608051,0.020964103608051,0.012227688700392318,0.012227688700392318
2011-03-03,0.0022075117344237064,0.0022075117344237064,0.0,0.0,Crisis,False,0.0015097901802184745,0.0015097901802184745,0.0036891000527008357,0.0036891000527008357
2011-03-04,-0.001778800395266175,-0.001778800395266175,0.0,0.0,Crisis,False,0.0002726010043486578,0.0002726010043486578,-0.002214769150170448,-0.002214769150170448
2011-03-07,0.003116800603003277,0.003116800603003277,0.0,0.0,Crisis,False,-0.008196687464424115,-0.008196687464424115,2.5149689396573166e-05,2.5149689396573166e-05
2011-03-08,-0.0010583188827409259,-0.0010642769076900649,5.9643371197722555e-06,0.011928674239544511,Crisis,True,0.006331501427667296,0.006330102100354784,0.0017406699321941277,0.0017330077679762468
2011-03-09,-0.00014635301328957723,-0.00014635301328957723,0.0,0.0,Crisis,False,0.001113206037651572,0.001113206037651572,0.0003620904116923681,0.0003620904116923681
2011-03-10,8.25555474192922e-05,8.25555474192922e-05,0.0,0.0,Crisis,False,-0.0039860343914069375,-0.0039860343914069375,-0.0018932358564967167,-0.0018932358564967167
2011-03-11,-0.0019034110351591586,-0.0019034110351591586,0.0,0.0,Crisis,False,-0.005361497484913425,-0.005361497484913425,-0.005203828291618348,-0.005203828291618348
2011-03-14,0.0009183104576887882,0.0009183104576887882,0.0,0.0,Crisis,False,0.00947291726526844,0.00947291726526844,0.005948608007747906,0.005948608007747906
2011-03-15,-0.0016535981024163515,-0.0016535981024163515,0.0,0.0,Crisis,False,-0.008926221381624721,-0.008926221381624721,-0.006662570797722276,-0.006662570797722276
2011-03-16,-0.0017708064817344078,-0.0017708064817344078,0.0,0.0,Crisis,False,0.0067643744164734955,0.0067643744164734955,0.001015894711854439,0.001015894711854439
2011-03-17,-0.0012560026210490858,-0.0012560026210490858,0.0,0.0,Crisis,False,-0.007042765717787746,-0.007042765717787746,-0.005222614082011602,-0.005222614082011602
2011-03-18,0.002677070182508662,0.002677070182508662,0.0,0.0,Crisis,False,-0.008026342560603347,-0.008026342560603347,-0.0004474175823994649,-0.0004474175823994649
2011-03-21,0.0017342891516558571,0.0017342891516558571,0.0,0.0,Crisis,False,-0.0009966908466594014,-0.0009966908466594014,0.0018388424638066776,0.0018388424638066776
2011-03-22,0.000630664726914197,0.000630664726914197,0.0,0.0,Crisis,False,0.00545141731139744,0.00545141731139744,0.0035536168023568415,0.0035536168023568415
2011-03-23,4.829808379259255e-05,4.829808379259255e-05,0.0,0.0,Crisis,False,0.0073321851495504915,0.0073321851495504915,0.003713099647595193,0.003713099647595193
2011-03-24,0.0010786494941180508,0.0010786494941180508,0.0,0.0,Crisis,False,0.004620509259627607,0.004620509259627607,0.0037451116023970617,0.0037451116023970617
2011-03-25,-0.0010040549618200662,-0.0010040549618200662,0.0,0.0,Crisis,False,0.014387047847443084,0.014387047847443084,0.005856382625312743,0.005856382625312743
2011-03-28,-0.0009448945570033438,-0.0009448945570033438,0.0,0.0,Crisis,False,0.0035536319169673044,0.0035536319169673044,0.0005356950043366127,0.0005356950043366127
2011-03-29,-0.001608238931364076,-0.001608238931364076,0.0,0.0,Crisis,False,0.005262950747320824,0.005262950747320824,0.0005407916346091856,0.0005407916346091856
2011-03-30,0.0010822989202093293,0.0010822989202093293,0.0,0.0,Crisis,False,0.005469945316492128,0.005469945316492128,0.004202293603563875,0.004202293603563875
2011-03-31,0.0012394253891381264,0.0012394253891381264,0.0,0.0,Crisis,False,0.004888774718869931,0.004888774718869931,0.004111833475255899,0.004111833475255899
2011-04-01,0.0005851459337579882,0.0005851459337579882,0.0,0.0,Crisis,False,-0.0008126095568456995,-0.0008126095568456995,0.0003515119935757971,0.0003515119935757971
2011-04-04,-0.00029085583759092004,-0.00029085583759092004,0.0,0.0,Crisis,False,0.008699088583542942,0.008699088583542942,0.004050378823559423,0.004050378823559423
2011-04-05,-0.00011427431387634772,-0.00011427431387634772,0.0,0.0,Crisis,False,0.00016748871564374382,0.00016748871564374382,-6.32655953558298e-05,-6.32655953558298e-05
2011-04-06,0.0018803768328354235,0.0015170814601244142,0.00036261352264390544,0.7252270452878109,Bull,True,-0.0018578325353183266,-0.001867172205430867,0.002675517243194925,0.002665769824729214
2011-04-07,-0.0010958942665639756,-0.0010958942665639756,0.0,0.0,Bull,False,-0.0006113916176068332,-0.0006113916176068332,-0.0007479227103476987,-0.0007479227103476987
2011-04-08,-0.002209138579657363,-0.002209138579657363,0.0,0.0,Bull,False,-0.00444750750574089,-0.00444750750574089,7.032439989372325e-06,7.032439989372325e-06
2011-04-11,-0.004537453826318572,-0.004537453826318572,0.0,0.0,Bull,False,-0.005755406936738271,-0.005755406936738271,-0.001590391388410701,-0.001590391388410701
2011-04-13,0.012465276935794814,0.012465276935794814,0.0,0.0,Bull,False,0.012930702890526736,0.012930702890526736,0.005714087810594277,0.005714087810594277
2011-04-15,-0.006261222213846892,-0.006261222213846892,0.0,0.0,Bull,False,-0.00882212531486459,-0.00882212531486459,-0.0017838390002672072,-0.0017838390002672072
2011-04-18,-0.008705835264454322,-0.008705835264454322,0.0,0.0,Bull,False,-0.009775054226034403,-0.009775054226034403,-0.003662344708343805,-0.003662344708343805
2011-04-19,0.005140549315439463,0.005140549315439463,0.0,0.0,Bull,False,0.0012008440278008094,0.0012008440278008094,0.0042847968787525295,0.0042847968787525295
2011-04-20,0.012803886525912536,0.012803886525912536,0.0,0.0,Bull,False,0.011455674609875725,0.011455674609875725,0.0067575052188239915,0.0067575052188239915
2011-04-21,0.0037386602588000287,0.0037386602588000287,0.0,0.0,Bull,False,0.003375343402432087,0.003375343402432087,0.001972886178575415,0.001972886178575415
2011-04-25,0.0036407170486793903,0.0036407170486793903,0.0,0.0,Bull,False,-0.0010342734046233067,-0.0010342734046233067,0.003954989390731863,0.003954989390731863
2011-04-26,-0.00414846202195979,-0.00414846202195979,0.0,0.0,Bull,False,-0.0006254814316943062,-0.0006254814316943062,-0.0036607634287821383,-0.0036607634287821383
2011-04-27,-0.003320222121104369,-0.003320222121104369,0.0,0.0,Bull,False,-0.0035173813828392785,-0.0035173813828392785,-0.0015127653149492,-0.0015127653149492
2011-04-28,0.0004719811909077269,0.0004719811909077269,0.0,0.0,Bull,False,-0.004957032804341698,-0.004957032804341698,0.002761606558270726,0.002761606558270726
2011-04-29,-0.004113206957455539,-0.004113206957455539,0.0,0.0,Bull,False,-0.003692511620274553,-0.003692511620274553,-0.0021806950018346694,-0.0021806950018346694
2011-05-02,0.0009398233548333409,0.0009398233548333409,0.0,0.0,Bull,False,-0.004978437692837658,-0.004978437692837658,0.0031855091586495267,0.0031855091586495267
2011-05-03,-0.017257122224121083,-0.017257122224121083,0.0,0.0,Bull,False,-0.014107081430161813,-0.014107081430161813,-0.009801646810975674,-0.009801646810975674
2011-05-04,-0.005678765687651556,-0.005678765687651556,0.0,0.0,Bull,False,-0.00295624891398822,-0.00295624891398822,-0.003965917676746427,-0.003965917676746427
2011-05-05,-0.012691234575014256,-0.012691234575014256,0.0,0.0,Bull,False,-0.008156378102139268,-0.008156378102139268,-0.00813141324546714,-0.00813141324546714
2011-05-06,0.013556460656036266,0.013556460656036266,0.0,0.0,Bull,False,0.009740651300956181,0.009740651300956181,0.008152438918742774,0.008152438918742774
2011-05-09,-0.0038894507210420187,-0.0038894507210420187,0.0,0.0,Bull,False,-3.280444080209285e-05,-3.280444080209285e-05,-0.0036172127825349573,-0.0036172127825349573
2011-05-10,0.0006890080223693063,0.0006753945899771185,1.3604059086404191e-05,0.027208118172808382,Bull,True,-0.0010646643890001915,-0.0010722214237928185,0.0011631811628315392,0.0011532676450312085
2011-05-11,0.00415963519053671,0.00415963519053671,0.0,0.0,Bull,False,0.0025712470742964883,0.0025712470742964883,0.0027328586971401892,0.0027328586971401892
2011-05-12,-0.01490650174975456,-0.01490650174975456,0.0,0.0,Bull,False,-0.008515223205012492,-0.008515223205012492,-0.010164942182831514,-0.010164942182831514
2011-05-13,0.01187045090610429,0.01187045090610429,0.0,0.0,Bull,False,0.006382655560461768,0.006382655560461768,0.008229730352026643,0.008229730352026643
2011-05-16,-0.00823421977593336,-0.00823421977593336,0.0,0.0,Bull,False,-0.0049483621383963495,-0.0049483621383963495,-0.005489816045612306,-0.005489816045612306
2011-05-17,-0.006930001103663653,-0.006930001103663653,0.0,0.0,Bull,False,-0.006527341835546977,-0.006527341835546977,-0.0034781412420403306,-0.0034781412420403306
2011-05-18,-0.002950052114058248,-0.002950052114058248,0.0,0.0,Bull,False,-0.0020077388312215007,-0.0020077388312215007,-0.0018401956129288047,-0.0018401956129288047
2011-05-19,2.704619621772574e-05,2.704619621772574e-05,0.0,0.0,Bull,False,0.0008222481946540277,0.0008222481946540277,-0.00036393491650153515,-0.00036393491650153515
2011-05-20,0.008849123606041322,0.008849123606041322,0.0,0.0,Bull,False,0.00638088097728211,0.00638088097728211,0.005341037640651506,0.005341037640651506
2011-05-23,-0.007848620207783756,-0.007848620207783756,0.0,0.0,Bull,False,-0.010863109387346255,-0.010863109387346255,-0.0022898366596523084,-0.0022898366596523084
2011-05-24,0.0027254831825668587,0.0027254831825668587,0.0,0.0,Bull,False,0.0009133965326287081,0.0009133965326287081,0.0021417401046341876,0.0021417401046341876
2011-05-25,-0.0033872127783499285,-0.0033872127783499285,0.0,0.0,Bull,False,-0.005050394433413677,-0.005050394433413677,-0.0008288960687845044,-0.0008288960687845044
2011-05-26,0.005989174547981076,0.005989174547981076,0.0,0.0,Bull,False,0.007005787171551431,0.007005787171551431,0.002360471779212849,0.002360471779212849
2011-05-27,0.008236949886360702,0.008236949886360702,0.0,0.0,Bull,False,0.006995464766203476,0.006995464766203476,0.0044949156436743555,0.0044949156436743555
2011-05-30,0.0002141731320869333,0.0002141731320869333,0.0,0.0,Bull,False,-0.000326911444447664,-0.000326911444447664,0.0003572910548924437,0.0003572910548924437
2011-05-31,0.0014766704772711478,0.0014766704772711478,0.0,0.0,Bull,False,0.0,0.0,0.0014005984341389614,0.0014005984341389614
2011-06-01,0.011134690485045548,0.011134690485045548,0.0,0.0,Bull,False,0.012960816645918919,0.012960816645918919,0.004464230120834512,0.004464230120834512
2011-06-02,-0.0018681057276982568,-0.0018681057276982568,0.0,0.0,Bull,False,-0.004482003692758928,-0.004482003692758928,0.0003427049963776333,0.0003427049963776333
2011-06-03,-0.00653784842487452,-0.00653784842487452,0.0,0.0,Bull,False,-0.0036320318382928795,-0.0036320318382928795,-0.004514005130574065,-0.004514005130574065
2011-06-06,0.003454237990591566,0.003454237990591566,0.0,0.0,Bull,False,0.0016598744381250456,0.0016598744381250456,0.002499897948356038,0.002499897948356038
2011-06-07,0.003367740655399385,0.003367740655399385,0.0,0.0,Bull,False,0.002610284688071595,0.002610284688071595,0.001972594887917227,0.001972594887917227
2011-06-08,-0.006185735546385549,-0.006188354192965151,2.634945656593696e-06,0.0052698913131873915,Bull,True,-0.0031601079705025456,-0.0031602179052830914,-0.0043812137681741295,-0.004383828515519217
2011-06-09,-0.00029666598191088804,-0.00029666598191088804,0.0,0.0,Bull,False,-0.0006322951907332774,-0.0006322951907332774,1.4263011557256283e-05,1.4263011557256283e-05
2011-06-10,-0.0027747785841844346,-0.0027747785841844346,0.0,0.0,Bull,False,-0.0038171287866375927,-0.0038171287866375927,-0.0008131311197245824,-0.0008131311197245824
2011-06-13,-0.003565635636096661,-0.003565635636096661,0.0,0.0,Bull,False,-0.00032644405243048243,-0.00032644405243048243,-0.0032269100225121475,-0.0032269100225121475
2011-06-14,0.00021882224845164752,0.00021882224845164752,0.0,0.0,Bull,False,0.0019227062914751716,0.0019227062914751716,-0.0007137204196023196,-0.0007137204196023196
2011-06-15,-0.007550245381590231,-0.007550245381590231,0.0,0.0,Bull,False,-0.005757990610658688,-0.005757990610658688,-0.004415168655512015,-0.004415168655512015
2011-06-16,-0.0033663279212583757,-0.0033663279212583757,0.0,0.0,Bull,False,-0.0055454784257434634,-0.0055454784257434634,-0.0005394205573450274,-0.0005394205573450274
2011-06-17,-0.0034634284534541763,-0.0034634284534541763,0.0,0.0,Bull,False,-0.003330862777115201,-0.003330862777115201,-0.0016811875022063158,-0.0016811875022063158
2011-06-20,-0.009098719998806426,-0.009098719998806426,0.0,0.0,Bull,False,-0.01196180655458036,-0.01196180655458036,-0.0029001683663623006,-0.0029001683663623006
2011-06-21,0.00289847134740295,0.00289847134740295,0.0,0.0,Bull,False,0.0020029148294593547,0.0020029148294593547,0.0017720774223355992,0.0017720774223355992
2011-06-22,0.00043681188829790686,0.00043681188829790686,0.0,0.0,Bull,False,0.0002727962949006417,0.0002727962949006417,0.0002811307563393577,0.0002811307563393577
2011-06-23,0.004140879939998216,0.004140879939998216,0.0,0.0,Bull,False,0.004642414885355309,0.004642414885355309,0.0016998926015701766,0.0016998926015701766
2011-06-24,0.014672341367812394,0.014672341367812394,0.0,0.0,Bull,False,0.016760606680724398,0.016760606680724398,0.005887446741899043,0.005887446741899043
2011-06-27,0.0030404869788832243,0.0030404869788832243,0.0,0.0,Bull,False,0.006032454170680048,0.006032454170680048,8.780304206612057e-06,8.780304206612057e-06
2011-06-28,0.0017836922917972735,0.0017836922917972735,0.0,0.0,Bull,False,0.0020258087896620385,0.0020258087896620385,0.000724894032246637,0.000724894032246637
2011-06-29,0.007077351459237945,0.007077351459237945,0.0,0.0,Bull,False,0.005958630810971455,0.005958630810971455,0.003870468237617461,0.003870468237617461
2011-06-30,0.004134963014424741,0.004134963014424741,0.0,0.0,Bull,False,0.005049800553677353,0.005049800553677353,0.001524814736386351,0.001524814736386351
2011-07-01,-0.006947125342011055,-0.006947125342011055,0.0,0.0,Bull,False,-0.0021639356200540034,-0.0021639356200540034,-0.00560949490531149,-0.00560949490531149
2011-07-04,0.002080942563751589,0.002080942563751589,0.0,0.0,Bull,False,0.0024969515889935816,0.0024969515889935816,0.0007802024477409837,0.0007802024477409837
2011-07-05,-0.0014775628091632568,-0.0014775628091632568,0.0,0.0,Bull,False,-0.0019669363170852603,-0.0019669363170852603,-0.0004602955200191623,-0.0004602955200191623
2011-07-06,0.0033141531051582088,0.0033141531051582088,0.0,0.0,Bull,False,-0.0007122707654682197,-0.0007122707654682197,0.0035128717274874404,0.0035128717274874404
2011-07-07,0.002023046000643983,0.0016515788004116683,0.0003707172222384419,0.7414344444768838,Crisis,True,0.011039116487378386,0.011037614479114444,0.008620352573637394,0.008616646321881527
2011-07-08,-0.0007813859844982533,-0.0007813859844982533,0.0,0.0,Crisis,False,-0.0072013525392764614,-0.0072013525392764614,-0.004916658720866458,-0.004916658720866458
2011-07-11,0.0031142883164099553,0.0031142883164099553,0.0,0.0,Crisis,False,-0.004733807957746746,-0.004733807957746746,0.0016018823298988268,0.0016018823298988268
2011-07-12,0.0011549100887533967,0.0011549100887533967,0.0,0.0,Crisis,False,-0.009603459071664417,-0.009603459071664417,-0.0035823375981177555,-0.0035823375981177555
2011-07-13,0.0027736933259938177,0.0027736933259938177,0.0,0.0,Crisis,False,0.0063925377779821355,0.0063925377779821355,0.007100236998259143,0.007100236998259143
2011-07-14,0.002996702311506436,0.002996702311506436,0.0,0.0,Crisis,False,0.0,0.0,0.003993467427353356,0.003993467427353356
2011-07-15,-0.0019514158414708055,-0.0019514158414708055,0.0,0.0,Crisis,False,-0.00046990865699911294,-0.00046990865699911294,-0.002837356258461458,-0.002837356258461458
2011-07-18,0.0040898617229821604,0.0040898617229821604,0.0,0.0,Crisis,False,-0.0015017492616253528,-0.0015017492616253528,0.004647117417596485,0.004647117417596485
2011-07-19,2.201103920396123e-05,2.201103920396123e-05,0.0,0.0,Crisis,False,0.004986712627528121,0.004986712627528121,0.0026584144700355365,0.0026584144700355365
2011-07-20,-0.0032883838780507937,-0.0032883838780507937,0.0,0.0,Crisis,False,-0.004965906152202473,-0.004965906152202473,-0.0069835611450870545,-0.0069835611450870545
2011-07-21,0.001163985109397529,0.001163985109397529,0.0,0.0,Crisis,False,-0.0027314319209944776,-0.0027314319209944776,0.0001100946015690058,0.0001100946015690058
2011-07-22,-0.0020759176946858466,-0.0020759176946858466,0.0,0.0,Crisis,False,0.009942742061071944,0.009942742061071944,0.002454129969538483,0.002454129969538483
2011-07-25,0.004666759767847965,0.004666759767847965,0.0,0.0,Crisis,False,0.0049351366646814025,0.0049351366646814025,0.008825371709713656,0.008825371709713656
2011-07-26,-0.0023453070166972977,-0.0023453070166972977,0.0,0.0,Crisis,False,-0.011181654164021603,-0.011181654164021603,-0.009009281356288153,-0.009009281356288153
2011-07-27,0.0004972703330038593,0.0004972703330038593,0.0,0.0,Crisis,False,-0.003008025853024051,-0.003008025853024051,-0.0009230317106258267,-0.0009230317106258267
2011-07-28,-0.0005336330686501224,-0.0005336330686501224,0.0,0.0,Crisis,False,-0.006347456253468509,-0.006347456253468509,-0.004058704233106661,-0.004058704233106661
2011-07-29,3.7759467972167326e-05,3.7759467972167326e-05,0.0,0.0,Crisis,False,-0.0006224232354750495,-0.0006224232354750495,-0.00027606760976758404,-0.00027606760976758404
2011-08-01,0.00046986955380672914,0.00046986955380672914,0.0,0.0,Crisis,False,0.003769338650479093,0.003769338650479093,0.0026064088238807637,0.0026064088238807637
2011-08-02,0.0017400587775174261,0.0017400587775174261,0.0,0.0,Crisis,False,-0.0065054472420859625,-0.0065054472420859625,-0.0010830005978602426,-0.0010830005978602426
2011-08-03,0.006422809144075281,0.006422809144075281,0.0,0.0,Crisis,False,-0.005616810396504139,-0.005616810396504139,0.005663900722552441,0.005663900722552441
2011-08-04,0.0008688231051352364,0.0008688231051352364,0.0,0.0,Crisis,False,-0.007973665665423764,-0.007973665665423764,-0.002953032617235258,-0.002953032617235258
2011-08-05,0.0034531351053276363,0.003185227123994938,0.00026698604245698745,0.5339720849139749,Bear,True,-0.013569686078700705,-0.013576066079511784,-0.006100040932060143,-0.0061123468838082395
2011-08-08,0.03183519512444351,0.03183519512444351,0.0,0.0,Bear,False,-0.010580956384413831,-0.010580956384413831,0.0075581405161838575,0.0075581405161838575
2011-08-09,0.03352484016822291,0.03352484016822291,0.0,0.0,Bear,False,-0.0052594219858977725,-0.0052594219858977725,0.01159534998225647,0.01159534998225647
2011-08-10,-0.008136909011257869,-0.008136909011257869,0.0,0.0,Bear,False,0.010217455197077806,0.010217455197077806,0.0018585676544499133,0.0018585676544499133
2011-08-11,0.019712135360174857,0.019712135360174857,0.0,0.0,Bear,False,-0.002604567590237683,-0.002604567590237683,0.007191370298557502,0.007191370298557502
2011-08-12,-0.013219312875612116,-0.013219312875612116,0.0,0.0,Bear,False,-0.007521662263102108,-0.007521662263102108,-0.00983110376231073,-0.00983110376231073
2011-08-16,0.00715001708730012,0.00715001708730012,0.0,0.0,Bear,False,-0.004306069265306227,-0.004306069265306227,0.0008489657119093584,0.0008489657119093584
2011-08-17,0.010972251260369641,0.010972251260369641,0.0,0.0,Bear,False,0.002425438260091869,0.002425438260091869,0.006140549883844265,0.006140549883844265
2011-08-18,0.0056556994944291245,0.0056556994944291245,0.0,0.0,Bear,False,-0.01305869870836839,-0.01305869870836839,-0.004383082003117958,-0.004383082003117958
2011-08-19,0.034927974106737224,0.034927974106737224,0.0,0.0,Bear,False,-0.01159414269204913,-0.01159414269204913,0.009613274000974961,0.009613274000974961
2011-08-22,0.0016335338084639112,0.0016335338084639112,0.0,0.0,Bear,False,0.00632725772522276,0.00632725772522276,0.003995138579616891,0.003995138579616891
2011-08-23,-0.001203890743228477,-0.001203890743228477,0.0,0.0,Bear,False,0.00592669243196243,0.00592669243196243,0.002492118821485552,0.002492118821485552
2011-08-24,-0.011245726515799756,-0.011245726515799756,0.0,0.0,Bear,False,-0.0070560026550616625,-0.0070560026550616625,-0.00878274774934918,-0.00878274774934918
2011-08-25,-0.045787275356623296,-0.045787275356623296,0.0,0.0,Bear,False,-0.005838858211862456,-0.005838858211862456,-0.02391195343677076,-0.02391195343677076
2011-08-26,0.023886774088911995,0.023886774088911995,0.0,0.0,Bear,False,-0.010936289887687758,-0.010936289887687758,0.004904838753876066,0.004904838753876066
2011-08-29,0.010883417880732023,0.010883417880732023,0.0,0.0,Bear,False,0.02069310107407458,0.02069310107407458,0.015660238845532765,0.015660238845532765
2011-08-30,-0.009888814139670415,-0.009888814139670415,0.0,0.0,Bear,False,0.009609853879480445,0.009609853879480445,0.0005257872313420282,0.0005257872313420282
2011-09-02,0.024822330585449304,0.024822330585449304,0.0,0.0,Bear,False,0.004554369021261661,0.004554369021261661,0.01350458148432701,0.01350458148432701
2011-09-05,0.018047707465842156,0.018047707465842156,0.0,0.0,Bear,False,-0.0026528371990692805,-0.0026528371990692805,0.006790437920543981,0.006790437920543981
2011-09-06,-0.005989824129464993,-0.005989824129464993,0.0,0.0,Bear,False,0.005494781416863757,0.005494781416863757,9.027410784245068e-05,9.027410784245068e-05
2011-09-07,-0.019597925474202197,-0.019597925474202197,0.0,0.0,Bear,False,0.007006202237576219,0.007006202237576219,-0.00528607204156268,-0.00528607204156268
2011-09-08,-0.0006352007528268181,-0.0009201798855809074,0.00028516026677014483,0.5703205335402897,Crisis,True,0.00334853285995238,0.0033437433873009237,0.0008511707430506701,0.000833877980156883
2011-09-09,0.007069986482376943,0.007069986482376943,0.0,0.0,Crisis,False,-0.010945539263422805,-0.010945539263422805,0.003848009681930712,0.003848009681930712
2011-09-12,-0.0011294286665579167,-0.0011294286665579167,0.0,0.0,Crisis,False,-0.013290696021194294,-0.013290696021194294,-0.008165634730296018,-0.008165634730296018
2011-09-13,-0.0015611436963046963,-0.0015611436963046963,0.0,0.0,Crisis,False,-0.0007034595690956078,-0.0007034595690956078,-0.0024421091375436623,-0.0024421091375436623
2011-09-14,0.003569400192551309,0.003569400192551309,0.0,0.0,Crisis,False,0.00856726240163999,0.00856726240163999,0.00908188862932233,0.00908188862932233
2011-09-15,-0.0025556552081299065,-0.0025556552081299065,0.0,0.0,Crisis,False,0.007492083174801818,0.007492083174801818,0.000316103958551047,0.000316103958551047
2011-09-16,-0.0051449738510668365,-0.0051449738510668365,0.0,0.0,Crisis,False,0.0010107501997108244,0.0010107501997108244,-0.0063692460242730335,-0.0063692460242730335
2011-09-19,0.006577920653975971,0.006577920653975971,0.0,0.0,Crisis,False,-0.006152423639046506,-0.006152423639046506,0.0056782983797394,0.0056782983797394
2011-09-20,-0.0010962521110918792,-0.0010962521110918792,0.0,0.0,Crisis,False,0.012809126563475647,0.012809126563475647,0.004949581032177425,0.004949581032177425
2011-09-21,0.002074449968400206,0.002074449968400206,0.0,0.0,Crisis,False,-0.0008122613436115638,-0.0008122613436115638,0.002349206088165801,0.002349206088165801
2011-09-22,-0.0021181325216492177,-0.0021181325216492177,0.0,0.0,Crisis,False,-0.02451170732253783,-0.02451170732253783,-0.0151436457673372,-0.0151436457673372
2011-09-23,-0.003592587493235736,-0.003592587493235736,0.0,0.0,Crisis,False,-0.006702559339094683,-0.006702559339094683,-0.008176127022319709,-0.008176127022319709
2011-09-26,-0.015700186488238562,-0.015700186488238562,0.0,0.0,Crisis,False,-0.0039090980446032765,-0.0039090980446032765,-0.02318769524262682,-0.02318769524262682
2011-09-27,0.006952447012178475,0.006952447012178475,0.0,0.0,Crisis,False,0.016467157647017765,0.016467157647017765,0.017844107604704885,0.017844107604704885
2011-09-28,-0.0035354302220315854,-0.0035354302220315854,0.0,0.0,Crisis,False,-0.003022300299806363,-0.003022300299806363,-0.006304041690064153,-0.006304041690064153
2011-09-29,-0.003926684264640341,-0.003926684264640341,0.0,0.0,Crisis,False,0.008313075381241635,0.008313075381241635,-0.0010692112735710576,-0.0010692112735710576
2011-09-30,0.002615012272279868,0.002615012272279868,0.0,0.0,Crisis,False,-0.008558810867138679,-0.008558810867138679,-0.0008815301604240193,-0.0008815301604240193
2011-10-03,0.0036911012778080062,0.0036911012778080062,0.0,0.0,Crisis,False,-0.011214539713040962,-0.011214539713040962,-0.0007251737301180354,-0.0007251737301180354
2011-10-04,0.0007774647277882914,0.0007774647277882914,0.0,0.0,Crisis,False,-0.009361760142971505,-0.009361760142971505,-0.003660756320909694,-0.003660756320909694
2011-10-05,-0.008438124016812832,-0.008438124016812832,0.0,0.0,Crisis,False,-0.0025462504004338136,-0.0025462504004338136,-0.012802405388412883,-0.012802405388412883
2011-10-07,0.005169043547773736,0.005169043547773736,0.0,0.0,Crisis,False,0.016742780538767706,0.016742780538767706,0.015582443607339493,0.015582443607339493
2011-10-10,0.0026350016685401127,0.00235554202684507,0.0002787252003271278,0.5574504006542556,Bear,True,0.011237646500363718,0.011231885541019615,0.0073410543049098696,0.007336051250977249
2011-10-11,0.003572318490781224,0.003572318490781224,0.0,0.0,Bear,False,-0.0006372673999179881,-0.0006372673999179881,0.0011261053557047474,0.0011261053557047474
2011-10-12,0.006507623500341256,0.006507623500341256,0.0,0.0,Bear,False,0.015188758137254852,0.015188758137254852,0.011161355915157045,0.011161355915157045
2011-10-13,-0.0036767864827746753,-0.0036767864827746753,0.0,0.0,Bear,False,-0.0025783138841370913,-0.0025783138841370913,-0.0029626499052271154,-0.0029626499052271154
2011-10-14,0.0008600449422583167,0.0008600449422583167,0.0,0.0,Bear,False,0.006531443731982885,0.006531443731982885,0.0040077388543825615,0.0040077388543825615
2011-10-17,0.0007987329275029484,0.0007987329275029484,0.0,0.0,Bear,False,-0.0016705718787778025,-0.0016705718787778025,-0.0006069297445867504,-0.0006069297445867504
2011-10-18,-0.004060887540216967,-0.004060887540216967,0.0,0.0,Bear,False,-0.009643334257995477,-0.009643334257995477,-0.007076550558737936,-0.007076550558737936
2011-10-19,-0.0032603699011580028,-0.0032603699011580028,0.0,0.0,Bear,False,0.012252585995894308,0.012252585995894308,0.005493279236934884,0.005493279236934884
2011-10-20,-0.005126656686747475,-0.005126656686747475,0.0,0.0,Bear,False,-0.005626440253406082,-0.005626440253406082,-0.00526785148884065,-0.00526785148884065
2011-10-21,0.0027365521481902784,0.0027365521481902784,0.0,0.0,Bear,False,-0.0050197197301493635,-0.0050197197301493635,-0.0016977619298103306,-0.0016977619298103306
2011-10-24,0.016834014258176166,0.016834014258176166,0.0,0.0,Bear,False,0.0058213643457809255,0.0058213643457809255,0.010202146381467927,0.010202146381467927
2011-10-25,-0.0043563253772734385,-0.0043563253772734385,0.0,0.0,Bear,False,0.011158243682067684,0.011158243682067684,0.004415648500511464,0.004415648500511464
2011-10-28,0.015710986939921828,0.015710986939921828,0.0,0.0,Bear,False,0.020011135499053805,0.020011135499053805,0.01770032475827837,0.01770032475827837
2011-10-31,-0.008692140234936212,-0.008692140234936212,0.0,0.0,Bear,False,-0.003956203146238122,-0.003956203146238122,-0.005795632941783377,-0.005795632941783377
2011-11-01,0.005196086853997576,0.005196086853997576,0.0,0.0,Bear,False,-0.007996214762913751,-0.007996214762913751,-0.0023811197652309902,-0.0023811197652309902
2011-11-02,0.011632604749350071,0.011632604749350071,0.0,0.0,Bear,False,6.247017224074191e-05,6.247017224074191e-05,0.004834076170202279,0.004834076170202279
2011-11-03,0.003300033286438542,0.003300033286438542,0.0,0.0,Bear,False,0.0008570680537689539,0.0008570680537689539,0.0018488087782540777,0.0018488087782540777
2011-11-04,0.00619945315457629,0.00619945315457629,0.0,0.0,Bear,False,0.0021643773211217758,0.0021643773211217758,0.0037850004018007413,0.0037850004018007413
2011-11-08,0.018543993825401076,0.018543993825401076,0.0,0.0,Bear,False,0.0006028260885655669,0.0006028260885655669,0.008066901460097652,0.008066901460097652
2011-11-09,0.0033258660861909535,0.0033258660861909535,0.0,0.0,Bear,False,-0.007993878572163996,-0.007993878572163996,-0.00301519869579372,-0.00301519869579372
2011-11-11,-0.004641523935934819,-0.004641523935934819,0.0,0.0,Bear,False,-0.006152029533580894,-0.006152029533580894,-0.0053489771301368,-0.0053489771301368
2011-11-14,0.002861203070799744,0.002579263125100484,0.0002811355597722789,0.5622711195445578,Crisis,True,-0.00237963952670579,-0.0023862863715259364,0.002561437443324969,0.002554028239073469
2011-11-15,-0.0008226418477322282,-0.0008226418477322282,0.0,0.0,Crisis,False,-0.00929110697780793,-0.00929110697780793,-0.005966769900993548,-0.005966769900993548
2011-11-16,0.0024156600826326837,0.0024156600826326837,0.0,0.0,Crisis,False,-0.004468876773061838,-0.004468876773061838,0.000904040921805327,0.000904040921805327
2011-11-17,-0.001267521077573853,-0.001267521077573853,0.0,0.0,Crisis,False,-0.011294256256303188,-0.011294256256303188,-0.007561356461801134,-0.007561356461801134
2011-11-18,-0.0035502744334364737,-0.0035502744334364737,0.0,0.0,Crisis,False,-0.0034503809762220553,-0.0034503809762220553,-0.006591367533714505,-0.006591367533714505
2011-11-21,-8.227585332181942e-06,-8.227585332181942e-06,0.0,0.0,Crisis,False,-0.015264387569671866,-0.015264387569671866,-0.007928458565643559,-0.007928458565643559
2011-11-22,0.0002587008154257436,0.0002587008154257436,0.0,0.0,Crisis,False,0.0041341325200078115,0.0041341325200078115,0.0024841486946941137,0.0024841486946941137
2011-11-23,-0.0013209238339820489,-0.0013209238339820489,0.0,0.0,Crisis,False,-0.012819478447777918,-0.012819478447777918,-0.008427198259435225,-0.008427198259435225
2011-11-24,0.000869191730507507,0.000869191730507507,0.0,0.0,Crisis,False,-4.1554454538824835e-06,-4.1554454538824835e-06,0.0011998302144859952,0.0011998302144859952
2011-11-25,-0.0019996013754685874,-0.0019996013754685874,0.0,0.0,Crisis,False,0.0004456998294450246,0.0004456998294450246,-0.0025241053330978007,-0.0025241053330978007
2011-11-28,0.0037099894765692293,0.0037099894765692293,0.0,0.0,Crisis,False,0.017318644946944538,0.017318644946944538,0.014011078978469885,0.014011078978469885
2011-11-29,-0.00022516980862721748,-0.00022516980862721748,0.0,0.0,Crisis,False,-0.005568108248115517,-0.005568108248115517,-0.0031822631681834965,-0.0031822631681834965
2011-11-30,0.0004729341048297291,0.0004729341048297291,0.0,0.0,Crisis,False,0.003266235183569962,0.003266235183569962,0.0023278389589278027,0.0023278389589278027
2011-12-01,0.0029894304363606737,0.0029894304363606737,0.0,0.0,Crisis,False,0.012660174876293093,0.012660174876293093,0.010597689815876337,0.010597689815876337
2011-12-02,0.00025792397635663407,0.00025792397635663407,0.0,0.0,Crisis,False,0.013511786208760637,0.013511786208760637,0.007340424397140823,0.007340424397140823
2011-12-05,-0.0004766761437531957,-0.0004766761437531957,0.0,0.0,Crisis,False,-0.0012947244782069165,-0.0012947244782069165,-0.0013124630208037236,-0.0013124630208037236
2011-12-07,-0.0013985099078001454,-0.0013985099078001454,0.0,0.0,Crisis,False,0.0027637184256990273,0.0027637184256990273,-0.00043964215085932163,-0.00043964215085932163
2011-12-08,0.0018249820761211926,0.0018249820761211926,0.0,0.0,Crisis,False,-0.013980215859424012,-0.013980215859424012,-0.004846555134171929,-0.004846555134171929
2011-12-09,-0.0018213093320308318,-0.0018213093320308318,0.0,0.0,Crisis,False,-0.009172126997363222,-0.009172126997363222,-0.007199420185916885,-0.007199420185916885
2011-12-12,-0.0029077188733618023,-0.0029077188733618023,0.0,0.0,Crisis,False,-0.012278545072278092,-0.012278545072278092,-0.010288746412879293,-0.010288746412879293
2011-12-13,0.00035670050721768826,0.00035670050721768826,0.0,0.0,Crisis,False,0.004380503335996468,0.004380503335996468,0.0027516082179098646,0.0027516082179098646
2011-12-14,-0.00593719596651731,-0.006210029176605847,0.00027446274921613293,0.5489254984322659,Bear,True,-0.004664246150691697,-0.0046731343653689805,-0.005064806427019193,-0.0050731126622535205
2011-12-15,-0.028003331623032066,-0.028003331623032066,0.0,0.0,Bear,False,-0.0021221218205630813,-0.0021221218205630813,-0.012837255149207315,-0.012837255149207315
2011-12-16,-0.005788078420557416,-0.005788078420557416,0.0,0.0,Bear,False,-0.011927025040282166,-0.011927025040282166,-0.009073588323660514,-0.009073588323660514
2011-12-19,0.004126716578137219,0.004126716578137219,0.0,0.0,Bear,False,-0.004903209271771756,-0.004903209271771756,-0.0010495764936970292,-0.0010495764936970292
2011-12-20,0.004501178590000578,0.004501178590000578,0.0,0.0,Bear,False,-0.008818058604789009,-0.008818058604789009,-0.003060000596254171,-0.003060000596254171
2011-12-21,0.010103036329289994,0.010103036329289994,0.0,0.0,Bear,False,0.019236779881089197,0.019236779881089197,0.014881268740227434,0.014881268740227434
2011-12-22,-0.008175038451065778,-0.008175038451065778,0.0,0.0,Bear,False,0.005156112680767532,0.005156112680767532,-0.0005161853062732266,-0.0005161853062732266
2011-12-23,-0.0006881380612052158,-0.0006881380612052158,0.0,0.0,Bear,False,-0.002501814101315477,-0.002501814101315477,-0.0016849950323384053,-0.0016849950323384053
2011-12-26,-0.0010178710899984046,-0.0010178710899984046,0.0,0.0,Bear,False,0.0,0.0,-0.00041916336513476965,-0.00041916336513476965
2011-12-27,-0.0034015242998487187,-0.0034015242998487187,0.0,0.0,Bear,False,0.0046118283882214065,0.0046118283882214065,0.0011832992541578418,0.0011832992541578418
2011-12-28,-0.0012199512840165828,-0.0012199512840165828,0.0,0.0,Bear,False,-0.005625964529727373,-0.005625964529727373,-0.0036621192751121706,-0.0036621192751121706
2011-12-29,-0.014645613721537245,-0.014645613721537245,0.0,0.0,Bear,False,-0.007528059272761264,-0.007528059272761264,-0.010237123615982637,-0.010237123615982637
2011-12-30,0.008005637470648346,0.008005637470648346,0.0,0.0,Bear,False,-0.0027973857780051125,-0.0027973857780051125,0.0016996255490030767,0.0016996255490030767
2012-01-02,0.0027260710134137897,0.0027260710134137897,0.0,0.0,Bear,False,-4.0210256520074365e-06,-4.0210256520074365e-06,0.0011190310357874092,0.0011190310357874092
2012-01-03,0.007680683423327966,0.007680683423327966,0.0,0.0,Bear,False,0.018023881528016542,0.018023881528016542,0.013246503590471439,0.013246503590471439
2012-01-04,0.006373008159824139,0.006373008159824139,0.0,0.0,Bear,False,-0.0019686034003846184,-0.0019686034003846184,0.0015052232298717113,0.0015052232298717113
2012-01-05,-0.0005664249131250179,-0.0005664249131250179,0.0,0.0,Bear,False,3.777246306375094e-05,3.777246306375094e-05,-0.00021210659881739925,-0.00021210659881739925
2012-01-06,0.0030444243888602196,0.0030444243888602196,0.0,0.0,Bear,False,0.0005259347893110065,0.0005259347893110065,0.0015481600551584937,0.0015481600551584937
2012-01-09,-0.005919639907970079,-0.005919639907970079,0.0,0.0,Bear,False,-0.001424566139988591,-0.001424566139988591,-0.0032379774294992976,-0.0032379774294992976
2012-01-10,-0.005638715962518833,-0.005638715962518833,0.0,0.0,Bear,False,0.013439168313764155,0.013439168313764155,0.005215474917946711,0.005215474917946711
2012-01-11,0.0032660638923766977,0.0032660638923766977,0.0,0.0,Bear,False,0.0014201149392632612,0.0014201149392632612,0.00213130727664111,0.00213130727664111
2012-01-12,0.0019328433857360864,0.0019295888699715213,3.2482374304145114e-06,0.006496474860829023,Bear,True,-0.0036699064325131257,-0.003671397035452828,-0.0012337585497302164,-0.001238865212943585
2012-01-13,-0.0074657901021564395,-0.0074657901021564395,0.0,0.0,Bear,False,0.004309030984871338,0.004309030984871338,-0.0007322681602189284,-0.0007322681602189284
2012-01-16,0.003083619355498617,0.003083619355498617,0.0,0.0,Bear,False,0.0009705685730658176,0.0009705685730658176,0.0018205592837954004,0.0018205592837954004
2012-01-17,0.0041670507856899274,0.0041670507856899274,0.0,0.0,Bear,False,0.011510245239428028,0.011510245239428028,0.008137945925367594,0.008137945925367594
2012-01-18,-0.005023061752908356,-0.005023061752908356,0.0,0.0,Bear,False,-0.0013972074903302965,-0.0013972074903302965,-0.0028597442721047055,-0.0028597442721047055
2012-01-19,0.00010419123439620341,0.00010419123439620341,0.0,0.0,Bear,False,0.007633593410453645,0.007633593410453645,0.004311515110863712,0.004311515110863712
2012-01-20,-0.006670499645294991,-0.006670499645294991,0.0,0.0,Bear,False,0.0036604974532046344,0.0036604974532046344,-0.0006904228277343951,-0.0006904228277343951
2012-01-23,0.00639469702680536,0.00639469702680536,0.0,0.0,Bear,False,-0.0002873554363424357,-0.0002873554363424357,0.0024530189777998094,0.0024530189777998094
2012-01-24,-0.004351679348775575,-0.004351679348775575,0.0,0.0,Bear,False,0.00979044397020853,0.00979044397020853,0.0037153875435195103,0.0037153875435195103
2012-01-25,-0.002226420301770709,-0.002226420301770709,0.0,0.0,Bear,False,0.003694778811940127,0.003694778811940127,0.0011818395622283952,0.0011818395622283952
2012-01-27,0.01763868720681045,0.01763868720681045,0.0,0.0,Bear,False,0.005528371751432786,0.005528371751432786,0.010292948727529509,0.010292948727529509
2012-01-30,0.0056850484785158,0.0056850484785158,0.0,0.0,Bear,False,-0.01390498635569657,-0.01390498635569657,-0.005519854424129606,-0.005519854424129606
2012-01-31,0.00508784786618308,0.00508784786618308,0.0,0.0,Bear,False,0.01344278586007363,0.01344278586007363,0.009622736766011195,0.009622736766011195
2012-02-01,0.001677454218793448,0.001677454218793448,0.0,0.0,Bear,False,0.004318819455482288,0.004318819455482288,0.0031152819406993553,0.0031152819406993553
2012-02-02,-0.0033621739875043157,-0.0033621739875043157,0.0,0.0,Bear,False,0.004038502463560441,0.004038502463560441,0.0008886103439273891,0.0008886103439273891
2012-02-03,0.0017100182296271263,0.0017100182296271263,0.0,0.0,Bear,False,0.006574229006230918,0.006574229006230918,0.004407081546450337,0.004407081546450337
2012-02-06,-0.014607117503663974,-0.014607117503663974,0.0,0.0,Bear,False,0.004179054851591188,0.004179054851591188,-0.0036002697278088016,-0.0036002697278088016
2012-02-07,0.0018811235322345372,0.0018811235322345372,0.0,0.0,Bear,False,-0.003084280945207062,-0.003084280945207062,-0.0009975649938336888,-0.0009975649938336888
2012-02-08,0.01082816813590024,0.01082816813590024,0.0,0.0,Bear,False,0.003851774231434213,0.003851774231434213,0.006572736157940232,0.006572736157940232
2012-02-09,-0.0022461859139367686,-0.0022461859139367686,0.0,0.0,Bear,False,0.005134313808807694,0.005134313808807694,0.001997059505936525,0.001997059505936525
2012-02-10,-0.00241714566815009,-0.00241714566815009,0.0,0.0,Bear,False,-0.003557369368954494,-0.003557369368954494,-0.0030013819572402667,-0.0030013819572402667
2012-02-13,-0.0007263489423013091,-0.0009523138142804033,0.00022612912062667346,0.4522582412533469,Bull,True,0.000962765964408252,0.0009506762681021907,-0.000842552252943681,-0.0008532203168936103
2012-02-14,0.001104103445047788,0.001104103445047788,0.0,0.0,Bull,False,0.0028752982334468366,0.0028752982334468366,0.0005923978528058724,0.0005923978528058724
2012-02-15,0.012060110983903317,0.012060110983903317,0.0,0.0,Bull,False,0.012872410186950468,0.012872410186950468,0.009441428662930783,0.009441428662930783
2012-02-16,-0.001115689521965933,-0.001115689521965933,0.0,0.0,Bull,False,-0.0010965292706923984,-0.0010965292706923984,-0.0008906281205476919,-0.0008906281205476919
2012-02-17,0.0035467195202804115,0.0035467195202804115,0.0,0.0,Bull,False,0.004648856235144631,0.004648856235144631,0.0026446547204549012,0.0026446547204549012
2012-02-21,0.0047317932819841224,0.0047317932819841224,0.0,0.0,Bull,False,0.0046820303975316935,0.0046820303975316935,0.0037739456042513815,0.0037739456042513815
2012-02-22,-0.0047559491169585025,-0.0047559491169585025,0.0,0.0,Bull,False,-0.011067517661875853,-0.011067517661875853,-0.002774769847513073,-0.002774769847513073
2012-02-23,0.0024718513893414694,0.0024718513893414694,0.0,0.0,Bull,False,-0.002424942809246012,-0.002424942809246012,0.0027464942184482815,0.0027464942184482815
2012-02-24,-0.0053103259583913084,-0.0053103259583913084,0.0,0.0,Bull,False,-0.005952992213861818,-0.005952992213861818,-0.004128776246305076,-0.004128776246305076
2012-02-27,-0.0150553835890928,-0.0150553835890928,0.0,0.0,Bull,False,-0.016424363394168917,-0.016424363394168917,-0.011764930968734905,-0.011764930968734905
2012-02-28,0.010535412778780291,0.010535412778780291,0.0,0.0,Bull,False,0.010632555612918995,0.010632555612918995,0.008343225023516657,0.008343225023516657
2012-02-29,0.001996113912695706,0.001996113912695706,0.0,0.0,Bull,False,0.0010822162840202054,0.0010822162840202054,0.0017310308874633126,0.0017310308874633126
2012-03-01,-0.015678707265928966,-0.015678707265928966,0.0,0.0,Bull,False,-0.005065234929014394,-0.005065234929014394,-0.014142164064803325,-0.014142164064803325
2012-03-02,0.0016952147093142317,0.0016952147093142317,0.0,0.0,Bull,False,0.0021954698031117093,0.0021954698031117093,0.0012639832094254223,0.0012639832094254223
2012-03-05,-0.006978858343100964,-0.006978858343100964,0.0,0.0,Bull,False,-0.008829658133900834,-0.008829658133900834,-0.0052382675140830014,-0.0052382675140830014
2012-03-06,-0.0059065831823615095,-0.0059065831823615095,0.0,0.0,Bull,False,-0.006534666126168391,-0.006534666126168391,-0.004576555879562146,-0.004576555879562146
2012-03-07,0.00294191896763054,0.00294191896763054,0.0,0.0,Bull,False,-0.00022130189851484675,-0.00022130189851484675,0.002826418926956817,0.002826418926956817
2012-03-09,0.009285812031488554,0.009285812031488554,0.0,0.0,Bull,False,0.012840236046249013,0.012840236046249013,0.00678753463734976,0.00678753463734976
2012-03-12,0.0028543253056187473,0.0028543253056187473,0.0,0.0,Bull,False,0.0029143674305953694,0.0029143674305953694,0.0022531300419459,0.0022531300419459
2012-03-13,0.00303800833238938,0.00303800833238938,0.0,0.0,Bull,False,0.00781800664768989,0.00781800664768989,0.0016510746584035797,0.0016510746584035797
2012-03-14,-0.00339385311903677,-0.00339385311903677,0.0,0.0,Bull,False,0.003814891582301444,0.003814891582301444,-0.003844174982959005,-0.003844174982959005
2012-03-15,-0.007905064872221236,-0.007909517611360606,4.48821880011871e-06,0.008976437600237419,Bull,True,-0.009158282966491614,-0.009160083599306201,-0.006074933453182774,-0.00607897059019169
2012-03-16,-0.004111025678114764,-0.004111025678114764,0.0,0.0,Bull,False,-0.006937759540282924,-0.006937759540282924,-0.002810234785566406,-0.002810234785566406
2012-03-19,0.0017327865188332889,0.0017327865188332889,0.0,0.0,Bull,False,-0.006790926707387334,-0.006790926707387334,0.0027152216323834432,0.0027152216323834432
2012-03-20,0.0011707165795923054,0.0011707165795923054,0.0,0.0,Bull,False,0.0020001116324364285,0.0020001116324364285,0.0007981784706790887,0.0007981784706790887
2012-03-21,0.011432317240016152,0.011432317240016152,0.0,0.0,Bull,False,0.010103796189196502,0.010103796189196502,0.009268110350583083,0.009268110350583083
2012-03-22,-0.013446676323738638,-0.013446676323738638,0.0,0.0,Bull,False,-0.015153953963822435,-0.015153953963822435,-0.010415529757776836,-0.010415529757776836
2012-03-23,0.007432007712686539,0.007432007712686539,0.0,0.0,Bull,False,0.005608129733207948,0.005608129733207948,0.006172093785814403,0.006172093785814403
2012-03-26,-0.0035106827641376024,-0.0035106827641376024,0.0,0.0,Bull,False,-0.010531588415971627,-0.010531588415971627,-0.0016936576031070837,-0.0016936576031070837
2012-03-27,0.010011229618348098,0.010011229618348098,0.0,0.0,Bull,False,0.006672811113611069,0.006672811113611069,0.008455657127538818,0.008455657127538818
2012-03-28,-0.007609358168220009,-0.007609358168220009,0.0,0.0,Bull,False,-0.005446912554403588,-0.005446912554403588,-0.0063817736148365015,-0.0063817736148365015
2012-03-29,-0.004414867248592809,-0.004414867248592809,0.0,0.0,Bull,False,-0.0017991708443010146,-0.0017991708443010146,-0.00390669585562977,-0.00390669585562977
2012-03-30,0.010881787328240274,0.010881787328240274,0.0,0.0,Bull,False,0.013229084402293865,0.013229084402293865,0.008264749695743777,0.008264749695743777
2012-04-02,0.003113123852769892,0.003113123852769892,0.0,0.0,Bull,False,0.0025005284435179265,0.0025005284435179265,0.002568436686006273,0.002568436686006273
2012-04-03,0.001691947478673108,0.001691947478673108,0.0,0.0,Bull,False,0.004531008135005784,0.004531008135005784,0.0009046976455898894,0.0009046976455898894
2012-04-04,-0.008580925927704557,-0.008580925927704557,0.0,0.0,Bull,False,-0.003955083035822532,-0.003955083035822532,-0.007543950012626016,-0.007543950012626016
2012-04-09,-0.007761947829695868,-0.007761947829695868,0.0,0.0,Bull,False,-0.00987117300838062,-0.00987117300838062,-0.005830747205506118,-0.005830747205506118
2012-04-10,0.0047779135532743855,0.0047779135532743855,0.0,0.0,Bull,False,0.0010364081875842881,0.0010364081875842881,0.004368549030254469,0.004368549030254469
2012-04-11,0.0031111210759288558,0.0031111210759288558,0.0,0.0,Bull,False,-0.0018849451890168222,-0.0018849451890168222,0.003243176818709394,0.003243176818709394
2012-04-12,0.003720383550498943,0.003720383550498943,0.0,0.0,Bull,False,0.00563732811126881,0.00563732811126881,0.0026582352431916596,0.0026582352431916596
2012-04-13,-0.002724878397507998,-0.002724878397507998,0.0,0.0,Bull,False,-0.007780737835905909,-0.007780737835905909,-0.0013825518104292828,-0.0013825518104292828
2012-04-16,-0.001546653966104325,-0.001546653966104325,0.0,0.0,Bull,False,0.0021186320669528518,0.0021186320669528518,-0.0017921575751864956,-0.0017921575751864956
2012-04-17,0.006084877015161786,0.0060756836217441546,9.137791082735408e-06,0.018275582165470816,Bull,True,0.0072901914538545665,0.007284792018082298,0.004637947706634356,0.004630246754247391
2012-04-18,-0.0010223614569877513,-0.0010223614569877513,0.0,0.0,Bull,False,0.0011739229495314168,0.0011739229495314168,-0.0011619088178115933,-0.0011619088178115933
2012-04-19,0.0043578490527571845,0.0043578490527571845,0.0,0.0,Bull,False,0.003688457430459729,0.003688457430459729,0.0035685027751041565,0.0035685027751041565
2012-04-20,-0.003278130805676016,-0.003278130805676016,0.0,0.0,Bull,False,-0.004712714506165447,-0.004712714506165447,-0.0023775535176023387,-0.0023775535176023387
2012-04-23,-0.007908749885080037,-0.007908749885080037,0.0,0.0,Bull,False,-0.010284919552336997,-0.010284919552336997,-0.005906142964225638,-0.005906142964225638
2012-04-24,0.006891466973607972,0.006891466973607972,0.0,0.0,Bull,False,0.0025389155040997143,0.0025389155040997143,0.006157331791820597,0.006157331791820597
2012-04-25,-0.0032235620355370084,-0.0032235620355370084,0.0,0.0,Bull,False,-0.0023717027834480988,-0.0023717027834480988,-0.002696113479278798,-0.002696113479278798
2012-04-26,0.0008372594784288544,0.0008372594784288544,0.0,0.0,Bull,False,-0.0014966382976458617,-0.0014966382976458617,0.0010334977306902396,0.0010334977306902396
2012-04-27,0.0020465289853393532,0.0020465289853393532,0.0,0.0,Bull,False,0.0001844889927009581,0.0001844889927009581,0.0019189371941175403,0.0019189371941175403
2012-04-30,0.005597017782772787,0.005597017782772787,0.0,0.0,Bull,False,0.006634187007762493,0.006634187007762493,0.004284844781699767,0.004284844781699767
2012-05-02,0.00022405049319129601,0.00022405049319129601,0.0,0.0,Bull,False,-0.0010306582623235256,-0.0010306582623235256,0.00037604631179559043,0.00037604631179559043
2012-05-03,-0.004416159225713801,-0.004416159225713801,0.0,0.0,Bull,False,-0.005817763549728361,-0.005817763549728361,-0.0032930989713728554,-0.0032930989713728554
2012-05-04,-0.008472114042303584,-0.008472114042303584,0.0,0.0,Bull,False,-0.011709358777097377,-0.011709358777097377,-0.006226843499942793,-0.006226843499942793
2012-05-07,-0.0001071858901652515,-0.0001071858901652515,0.0,0.0,Bull,False,0.003185142579328889,0.003185142579328889,-0.0005991919941828955,-0.0005991919941828955
2012-05-08,-0.013501725363356825,-0.013501725363356825,0.0,0.0,Bull,False,-0.01328168684046273,-0.01328168684046273,-0.010749083816614702,-0.010749083816614702
2012-05-09,-0.007113188790014541,-0.007113188790014541,0.0,0.0,Bull,False,-0.0029644203942699615,-0.0029644203942699615,-0.006277519590862628,-0.006277519590862628
2012-05-10,-0.0006293140296632211,-0.0006293140296632211,0.0,0.0,Bull,False,-0.001075739586358603,-0.001075739586358603,-0.0004271351027277899,-0.0004271351027277899
2012-05-11,-0.0033075786485172298,-0.0033075786485172298,0.0,0.0,Bull,False,-0.00435514998927688,-0.00435514998927688,-0.002448502736913387,-0.002448502736913387
2012-05-14,-0.005278610849802272,-0.005278610849802272,0.0,0.0,Bull,False,-0.0025080249582523128,-0.0025080249582523128,-0.004600468578466561,-0.004600468578466561
2012-05-15,0.0030437232933098494,0.0030437232933098494,0.0,0.0,Bull,False,0.004170671868007487,0.004170671868007487,0.0022230691852481656,0.0022230691852481656
2012-05-16,-0.010302669211690095,-0.010302669211690095,0.0,0.0,Bull,False,-0.010033282808381295,-0.010033282808381295,-0.008170112051400913,-0.008170112051400913
2012-05-17,0.0018863808138206526,0.001615063688492402,0.0002708062815545649,0.5416125631091298,Crisis,True,0.0014758641872073318,0.0014670299435779466,0.003334238459211732,0.003327352920146298
2012-05-18,0.008559328533312548,0.008559328533312548,0.0,0.0,Crisis,False,0.0026205342381349053,0.0026205342381349053,0.012847572335237593,0.012847572335237593
2012-05-21,-0.000547165958983338,-0.000547165958983338,0.0,0.0,Crisis,False,0.0,0.0,-0.0007254145597437399,-0.0007254145597437399
2012-05-22,-0.0013426268108858521,-0.0013426268108858521,0.0,0.0,Crisis,False,-0.0038067793335191335,-0.0038067793335191335,-0.0038693209901222757,-0.0038693209901222757
2012-05-23,0.0013747873422496736,0.0013747873422496736,0.0,0.0,Crisis,False,-0.0030681658148304595,-0.0030681658148304595,0.00014381650754694128,0.00014381650754694128
2012-05-24,0.002124834245169211,0.002124834245169211,0.0,0.0,Crisis,False,0.01061987467149766,0.01061987467149766,0.008637530222422096,0.008637530222422096
2013-01-31,0.003500972029248004,0.003500972029248004,0.0,0.0,Crisis,False,-0.0005760722014093184,-0.0005760722014093184,5.614008236041806e-05,5.614008236041806e-05
2013-02-01,-0.0011297181688407958,-0.0011297181688407958,0.0,0.0,Crisis,False,-0.0038593189730544565,-0.0038593189730544565,-0.0036387132396518695,-0.0036387132396518695
2013-02-04,-0.0017067194333112992,-0.0017067194333112992,0.0,0.0,Crisis,False,-0.0012589890124508588,-0.0012589890124508588,-0.002881379703091761,-0.002881379703091761
2013-02-05,0.0034194781319044163,0.0034194781319044163,0.0,0.0,Crisis,False,-0.003284028098479979,-0.003284028098479979,0.00244657717445564,0.00244657717445564
2013-02-06,-0.002096285535780365,-0.002096285535780365,0.0,0.0,Crisis,False,0.00024972297823914455,0.00024972297823914455,-0.002515796177228546,-0.002515796177228546
2013-02-07,0.0010828966901382329,0.0010828966901382329,0.0,0.0,Crisis,False,-0.0022141416291851035,-0.0022141416291851035,0.00010632347162164687,0.00010632347162164687
2013-02-08,0.0005510872355746349,0.0005510872355746349,0.0,0.0,Crisis,False,-0.003839740478408187,-0.003839740478408187,-0.001493168009738436,-0.001493168009738436
2013-02-11,-0.0004308529412959393,-0.0004308529412959393,0.0,0.0,Crisis,False,-0.0006169376840348896,-0.0006169376840348896,-0.000899784061979679,-0.000899784061979679
2013-02-12,-0.0019142558790642473,-0.0019142558790642473,0.0,0.0,Crisis,False,0.002693292836013116,0.002693292836013116,-0.0009019911847356144,-0.0009019911847356144
2013-02-13,0.0004202178061366145,0.0004202178061366145,0.0,0.0,Crisis,False,0.0011387402469495147,0.0011387402469495147,0.00118579609346219,0.00118579609346219
2013-02-14,-0.0004941265954287587,-0.0004941265954287587,0.0,0.0,Crisis,False,-0.003918397552158986,-0.003918397552158986,-0.002869173887654098,-0.002869173887654098
2013-02-15,-0.0016368595697311165,-0.0016368595697311165,0.0,0.0,Crisis,False,-0.0010435848634620139,-0.0010435848634620139,-0.0026814071003098466,-0.0026814071003098466
2013-02-18,-0.0016140381958901385,-0.0016140381958901385,0.0,0.0,Crisis,False,0.0011814084506139597,0.0011814084506139597,-0.001382081883527256,-0.001382081883527256
2013-02-19,0.0003255253482735525,0.0003255253482735525,0.0,0.0,Crisis,False,0.004534191485890756,0.004534191485890756,0.0030166378912900396,0.0030166378912900396
2013-02-20,-0.0027326621692171007,-0.0027326621692171007,0.0,0.0,Crisis,False,0.00036431847914964653,0.00036431847914964653,-0.0032651668525722926,-0.0032651668525722926
2013-02-21,-0.009814736364744382,-0.010086029358515325,0.0002739820554134885,0.547964110826977,Bear,True,-0.009166990788051232,-0.009189857845956384,-0.009182246090530605,-0.009201892483659102
2013-02-22,0.005957793655296745,0.005957793655296745,0.0,0.0,Bear,False,-0.000198709908012352,-0.000198709908012352,0.002370433336199666,0.002370433336199666
2013-02-25,0.0004995195559023381,0.0004995195559023381,0.0,0.0,Bear,False,0.00045353080750085763,0.00045353080750085763,0.00046006432560987255,0.00046006432560987255
2013-02-26,0.0025147631497522646,0.0025147631497522646,0.0,0.0,Bear,False,-0.009514308344307528,-0.009514308344307528,-0.004221287584389015,-0.004221287584389015
2013-02-27,0.002033857884384112,0.002033857884384112,0.0,0.0,Bear,False,0.0036561147069707925,0.0036561147069707925,0.002870931635130234,0.002870931635130234
2013-02-28,-0.00812839190656244,-0.00812839190656244,0.0,0.0,Bear,False,-0.008930903161666077,-0.008930903161666077,-0.008225574057842466,-0.008225574057842466
2013-03-01,-0.00015849750220831355,-0.00015849750220831355,0.0,0.0,Bear,False,0.002755480256917027,0.002755480256917027,0.0014522679352102818,0.0014522679352102818
2013-03-04,0.010246014750523736,0.010246014750523736,0.0,0.0,Bear,False,-0.0021859415364171068,-0.0021859415364171068,0.0030942209882802952,0.0030942209882802952
2013-03-05,-0.0025148612627621594,-0.0025148612627621594,0.0,0.0,Bear,False,0.008861009264480703,0.008861009264480703,0.0038019335683291237,0.0038019335683291237
2013-03-06,-0.004103315653854328,-0.004103315653854328,0.0,0.0,Bear,False,0.003518403956335661,0.003518403956335661,0.00021776476562647743,0.00021776476562647743
2013-03-07,0.0034994484696748702,0.0034994484696748702,0.0,0.0,Bear,False,0.004562438878295428,0.004562438878295428,0.003989604014139961,0.003989604014139961
2013-03-08,-0.006022548926225335,-0.006022548926225335,0.0,0.0,Bear,False,0.00837229876187159,0.00837229876187159,0.002120006128063862,0.002120006128063862
2013-03-11,-0.0013386721585909754,-0.0013386721585909754,0.0,0.0,Bear,False,-0.00033756080003369775,-0.00033756080003369775,-0.0007432572934556721,-0.0007432572934556721
2013-03-12,0.002926643342263641,0.002926643342263641,0.0,0.0,Bear,False,-0.0028474730225196893,-0.0028474730225196893,-0.00037497962859743203,-0.00037497962859743203
2013-03-13,0.0010845803519371154,0.0010845803519371154,0.0,0.0,Bear,False,-0.006358132044619454,-0.006358132044619454,-0.0030857528298363682,-0.0030857528298363682
2013-03-14,0.0014933194638256644,0.0014933194638256644,0.0,0.0,Bear,False,0.005874916222045656,0.005874916222045656,0.0038806905098692983,0.0038806905098692983
2013-03-15,-2.311996490249831e-05,-2.311996490249831e-05,0.0,0.0,Bear,False,-0.003676302952711274,-0.003676302952711274,-0.0020519076727069075,-0.0020519076727069075
2013-03-18,0.004204423203082617,0.004204423203082617,0.0,0.0,Bear,False,-0.003791377189456436,-0.003791377189456436,-0.0003479351634455398,-0.0003479351634455398
2013-03-19,0.0009906626533534898,0.0009906626533534898,0.0,0.0,Bear,False,-0.00909924719998221,-0.00909924719998221,-0.004613880280883173,-0.004613880280883173
2013-03-20,0.005753439562045319,0.005753439562045319,0.0,0.0,Bear,False,-0.005300977173600863,-0.005300977173600863,-0.000490814303558673,-0.000490814303558673
2013-03-21,-0.002630764579505459,-0.002630764579505459,0.0,0.0,Bear,False,-0.0036854578580462626,-0.0036854578580462626,-0.003134220072377695,-0.003134220072377695
2013-03-22,0.0018283061810251816,0.0018281024121089562,2.0339704404789572e-07,0.00040679408809579144,Bear,True,-0.0007846152253147664,-0.0007910297278032052,0.00032589692087673744,0.0003198957141437031
2013-03-25,-0.0075844563408647625,-0.0075844563408647625,0.0,0.0,Bear,False,-0.0018569904888823079,-0.0018569904888823079,-0.004195452638018282,-0.004195452638018282
2013-03-26,5.347802921586276e-05,5.347802921586276e-05,0.0,0.0,Bear,False,0.0008239114980347904,0.0008239114980347904,0.0004805341837331775,0.0004805341837331775
2013-03-28,0.004976317646196462,0.004976317646196462,0.0,0.0,Bear,False,0.006289421050836113,0.006289421050836113,0.005703176731488187,0.005703176731488187
2013-04-01,0.00036637442148657604,0.00036637442148657604,0.0,0.0,Bear,False,0.0023064904648414254,0.0023064904648414254,0.0014363451139012453,0.0014363451139012453
2013-04-02,-0.0029796597173901603,-0.0029796597173901603,0.0,0.0,Bear,False,0.004602365617270994,0.004602365617270994,0.0013282154028380919,0.0013282154028380919
2013-04-03,-0.012917856684857471,-0.012917856684857471,0.0,0.0,Bear,False,-0.007883562420434094,-0.007883562420434094,-0.009744619402849264,-0.009744619402849264
2013-04-04,-0.007541398340569874,-0.007541398340569874,0.0,0.0,Bear,False,-0.010371242014952023,-0.010371242014952023,-0.00891493519385087,-0.00891493519385087
2013-04-05,0.0067088607444085405,0.0067088607444085405,0.0,0.0,Bear,False,-0.002295657265187287,-0.002295657265187287,0.0014828758631385995,0.0014828758631385995
2013-04-08,0.009439057651486263,0.009439057651486263,0.0,0.0,Bear,False,-0.0011022896168822313,-0.0011022896168822313,0.0032989211977596873,0.0032989211977596873
2013-04-09,-0.0057877152849064115,-0.0057877152849064115,0.0,0.0,Bear,False,-0.0051265894325708584,-0.0051265894325708584,-0.005257969202839107,-0.005257969202839107
2013-04-10,0.005218646700294285,0.005218646700294285,0.0,0.0,Bear,False,0.00684913408028393,0.00684913408028393,0.005975510676579712,0.005975510676579712
2013-04-11,-0.012116144889776062,-0.012116144889776062,0.0,0.0,Bear,False,0.0037755983464216373,0.0037755983464216373,-0.0029506112250692555,-0.0029506112250692555
2013-04-12,-0.0049440817259210216,-0.0049440817259210216,0.0,0.0,Bear,False,-0.006974094017779941,-0.006974094017779941,-0.005939381536065304,-0.005939381536065304
2013-04-15,-0.06076985508657705,-0.06076985508657705,0.0,0.0,Bear,False,0.004276078431917598,0.004276078431917598,-0.02271903296635961,-0.02271903296635961
2013-04-16,-0.025394907609974534,-0.025394907609974534,0.0,0.0,Bear,False,0.01288046152120808,0.01288046152120808,-0.0026915262459912175,-0.0026915262459912175
2013-04-17,-0.004616826658815318,-0.004616826658815318,0.0,0.0,Bear,False,-2.637211551655021e-05,-2.637211551655021e-05,-0.0018068117783164527,-0.0018068117783164527
2013-04-18,0.005396860277856206,0.005396860277856206,0.0,0.0,Bear,False,0.00995836314054879,0.00995836314054879,0.007902724967113722,0.007902724967113722
2013-04-22,0.015926901315685915,0.015926901315685915,0.0,0.0,Bear,False,0.00535832012065409,0.00535832012065409,0.00928231247915656,0.00928231247915656
2013-04-23,-0.0021966477111308997,-0.0021966477111308997,0.0,0.0,Bear,False,0.00025973595730816994,0.00025973595730816994,-0.000702048249045454,-0.000702048249045454
2013-04-25,0.013200382332158067,0.013200382332158067,0.0,0.0,Bear,False,0.008247061799679045,0.008247061799679045,0.009931820097843446,0.009931820097843446
2013-04-26,0.003070346413368533,0.0028041023849063595,0.0002654290692713305,0.530858138542661,Crisis,True,-0.004548411424938136,-0.004553131982083403,0.0015685339698438732,0.0015537936603322589
2013-04-29,0.005398966409704182,0.005398966409704182,0.0,0.0,Crisis,False,0.0050020113727792925,0.0050020113727792925,0.006270006074439215,0.006270006074439215
2013-04-30,-0.00021909523147235315,-0.00021909523147235315,0.0,0.0,Crisis,False,0.002645794652011204,0.002645794652011204,0.0011658070443176381,0.0011658070443176381
2013-05-02,-0.0046257560989198905,-0.0046257560989198905,0.0,0.0,Crisis,False,0.006991301580307968,0.006991301580307968,-0.002304366017758983,-0.002304366017758983
2013-05-03,0.0042505028532473284,0.0042505028532473284,0.0,0.0,Crisis,False,-0.005557239803855768,-0.005557239803855768,0.0025541429344224007,0.0025541429344224007
2013-05-06,-2.6588674715591344e-05,-2.6588674715591344e-05,0.0,0.0,Crisis,False,0.0027310213139140178,0.0027310213139140178,0.001473644777909999,0.001473644777909999
2013-05-07,-0.0007389892267257125,-0.0007389892267257125,0.0,0.0,Crisis,False,0.00729985967279752,0.00729985967279752,0.003056185336998727,0.003056185336998727
2013-05-08,-0.0019557679540677954,-0.0019557679540677954,0.0,0.0,Crisis,False,0.0025739195289679064,0.0025739195289679064,-0.0011602709728110846,-0.0011602709728110846
2013-05-09,0.0028368923695875695,0.0028368923695875695,0.0,0.0,Crisis,False,-0.001909272390213777,-0.001909272390213777,0.0026895924177486067,0.0026895924177486067
2013-05-10,-0.0019657944846880934,-0.0019657944846880934,0.0,0.0,Crisis,False,0.004455199102648535,0.004455199102648535,-0.0001287765374573366,-0.0001287765374573366
2013-05-13,-0.0015896179152434962,-0.0015896179152434962,0.0,0.0,Crisis,False,-0.011367009553890235,-0.011367009553890235,-0.008439025129526092,-0.008439025129526092
2013-05-14,-0.00013441098290888442,-0.00013441098290888442,0.0,0.0,Crisis,False,0.0015038285304728829,0.0015038285304728829,0.0006573382692896341,0.0006573382692896341
2013-05-15,-0.003281131263837357,-0.003281131263837357,0.0,0.0,Crisis,False,0.015201825035211032,0.015201825035211032,0.004098123911021953,0.004098123911021953
2013-05-16,-0.006150869168783527,-0.006150869168783527,0.0,0.0,Crisis,False,0.002290391892527753,0.002290391892527753,-0.00682720191415786,-0.00682720191415786
2013-05-17,0.0006004449045507552,0.0006004449045507552,0.0,0.0,Crisis,False,0.0017175677543774897,0.0017175677543774897,0.001768038511322143,0.001768038511322143
2013-05-20,-0.003191483090841763,-0.003191483090841763,0.0,0.0,Crisis,False,-0.0029956699666333583,-0.0029956699666333583,-0.005909857693938076,-0.005909857693938076
2013-05-21,0.004137911009766107,0.004137911009766107,0.0,0.0,Crisis,False,-0.004230254728402505,-0.004230254728402505,0.003063245653364817,0.003063245653364817
2013-05-22,0.002236126537300778,0.002236126537300778,0.0,0.0,Crisis,False,-0.0019454677717706092,-0.0019454677717706092,0.0018605283821622068,0.0018605283821622068
2013-05-23,0.002058038848017777,0.002058038848017777,0.0,0.0,Crisis,False,-0.012675118835702026,-0.012675118835702026,-0.0044124018139550195,-0.0044124018139550195
2013-05-24,-0.0017167608471365281,-0.0017167608471365281,0.0,0.0,Crisis,False,0.0016620167525161916,0.0016620167525161916,-0.0013601660900314956,-0.0013601660900314956
2013-05-27,3.3368409449926956e-05,3.3368409449926956e-05,0.0,0.0,Crisis,False,0.010015900729858477,0.010015900729858477,0.005655001143081496,0.005655001143081496
2013-05-28,0.0025406325940566014,0.002265017954473647,0.00027491617857915433,0.5498323571583087,Bull,True,0.0027716000533299923,0.0027687610471358592,0.0008100433892228958,0.0008062255186356282
2013-05-29,-0.0006267988073352051,-0.0006267988073352051,0.0,0.0,Bull,False,-0.0006836246521241779,-0.0006836246521241779,0.003652126162533672,0.003652126162533672
2013-05-30,0.0017822631748912595,0.0017822631748912595,0.0,0.0,Bull,False,0.0019439487098975026,0.0019439487098975026,0.005175207636701197,0.005175207636701197
2013-05-31,-0.010442841127050193,-0.010442841127050193,0.0,0.0,Bull,False,-0.011791729267520841,-0.011791729267520841,-0.002894838608545074,-0.002894838608545074
2013-06-03,-0.00424664073489472,-0.00424664073489472,0.0,0.0,Bull,False,-0.0046374696004654135,-0.0046374696004654135,-0.004374015226487544,-0.004374015226487544
2013-06-04,-0.0018146386928866156,-0.0018146386928866156,0.0,0.0,Bull,False,-0.0019824236386763268,-0.0019824236386763268,0.001230504498614381,0.001230504498614381
2013-06-05,0.000402966585638685,0.000402966585638685,0.0,0.0,Bull,False,0.00044030067433426824,0.00044030067433426824,-0.0029939018081234035,-0.0029939018081234035
2013-06-06,-0.00022430886614885028,-0.00022430886614885028,0.0,0.0,Bull,False,-0.0002450844966116722,-0.0002450844966116722,0.009654886344740016,0.009654886344740016
2013-06-07,-0.0036993878800807532,-0.0036993878800807532,0.0,0.0,Bull,False,-0.004042052056240819,-0.004042052056240819,0.0002152360238869529,0.0002152360238869529
2013-06-10,-0.00027572841228560245,-0.00027572841228560245,0.0,0.0,Bull,False,-0.00030137126429274105,-0.00030137126429274105,-0.0020112221664540532,-0.0020112221664540532
2013-06-11,-0.008200583205553488,-0.008200583205553488,0.0,0.0,Bull,False,-0.008963493218112045,-0.008963493218112045,-0.0002526918748137234,-0.0002526918748137234
2013-06-12,-0.0026510344609706185,-0.0026510344609706185,0.0,0.0,Bull,False,-0.0028998927583660833,-0.0028998927583660833,-0.003335380245738488,-0.003335380245738488
2013-06-13,-0.00567871215964566,-0.00567871215964566,0.0,0.0,Bull,False,-0.006213337970978835,-0.006213337970978835,-0.0004547608030249879,-0.0004547608030249879
2013-06-14,0.010216463742577876,0.010216463742577876,0.0,0.0,Bull,False,0.01118431255633581,0.01118431255633581,0.000690789805201094,0.000690789805201094
2013-06-17,0.00385372631807098,0.00385372631807098,0.0,0.0,Bull,False,0.004214767024286081,0.004214767024286081,0.003104920363247489,0.003104920363247489
2013-06-18,-0.003359621521689845,-0.003359621521689845,0.0,0.0,Bull,False,-0.003673051559219169,-0.003673051559219169,0.0002603401154832605,0.0002603401154832605
2013-06-19,0.0007999611347230376,0.0007999611347230376,0.0,0.0,Bull,False,0.0008748675531975593,0.0008748675531975593,-0.0008588848890536765,-0.0008588848890536765
2013-06-20,-0.015372121603528289,-0.015372121603528289,0.0,0.0,Bull,False,-0.01681025810307183,-0.01681025810307183,-0.018823816662188988,-0.018823816662188988
2013-06-21,0.0011027469354199478,0.0011027469354199478,0.0,0.0,Bull,False,0.00120767993107165,0.00120767993107165,-0.0032591327275365246,-0.0032591327275365246
2013-06-24,-0.007256050402925489,-0.007256050402925489,0.0,0.0,Bull,False,-0.007945664497677125,-0.007945664497677125,-0.004503652238519767,-0.004503652238519767
2013-06-25,0.0017757189227653933,0.0017757189227653933,0.0,0.0,Bull,False,0.0019467174530397795,0.0019467174530397795,-0.0005398082124237605,-0.0005398082124237605
2013-06-26,-0.007448445380839671,-0.007710774496875961,0.00026429772319175397,0.528595446383508,Crisis,True,-0.0021784745730005993,-0.0021888024343402757,-0.011148956021699335,-0.011158760067970674
2013-06-27,0.0006105414112814006,0.0006105414112814006,0.0,0.0,Crisis,False,0.010039510087202155,0.010039510087202155,0.0064418611040621175,0.0064418611040621175
2013-06-28,-0.004239195586192071,-0.004239195586192071,0.0,0.0,Crisis,False,0.01857638490375853,0.01857638490375853,0.0011817142965796406,0.0011817142965796406
2013-07-01,0.005996106473207986,0.005996106473207986,0.0,0.0,Crisis,False,0.005898933638434486,0.005898933638434486,0.011318694423151804,0.011318694423151804
2013-07-02,0.003387895889531563,0.003387895889531563,0.0,0.0,Crisis,False,-0.004274270422738847,-0.004274270422738847,0.002018694192498172,0.002018694192498172
2013-07-03,0.0005229787355643358,0.0005229787355643358,0.0,0.0,Crisis,False,-0.009014615890053545,-0.009014615890053545,-0.004407434311791065,-0.004407434311791065
2013-07-04,0.0005436948868130093,0.0005436948868130093,0.0,0.0,Crisis,False,0.006929953438460609,0.006929953438460609,0.004629488659414549,0.004629488659414549
2013-07-05,-0.0006695413767336357,-0.0006695413767336357,0.0,0.0,Crisis,False,0.0032308419777763225,0.0032308419777763225,0.000929894452539943,0.000929894452539943
2013-07-08,-0.0011040468371786643,-0.0011040468371786643,0.0,0.0,Crisis,False,-0.005860122590246632,-0.005860122590246632,-0.004758222219748091,-0.004758222219748091
2013-07-09,0.001459211586525552,0.001459211586525552,0.0,0.0,Crisis,False,0.004960235245487639,0.004960235245487639,0.004730404137711402,0.004730404137711402
2013-07-10,-0.0003527094900698187,-0.0003527094900698187,0.0,0.0,Crisis,False,-0.004400010916007567,-0.004400010916007567,-0.0029502091267337035,-0.0029502091267337035
2013-07-11,0.004350228399949283,0.004350228399949283,0.0,0.0,Crisis,False,0.012374418037149828,0.012374418037149828,0.012718037838400757,0.012718037838400757
2013-07-12,-0.0010978953932981985,-0.0010978953932981985,0.0,0.0,Crisis,False,0.007626639366813039,0.007626639366813039,0.002861772524014329,0.002861772524014329
2013-07-15,0.0015332667679273154,0.0015332667679273154,0.0,0.0,Crisis,False,0.0022287697042497447,0.0022287697042497447,0.0032727892586060917,0.0032727892586060917
2013-07-16,-0.0018013983391993768,-0.0018013983391993768,0.0,0.0,Crisis,False,-0.00772069126453657,-0.00772069126453657,-0.0067164117012349185,-0.0067164117012349185
2013-07-17,0.000847867317940308,0.000847867317940308,0.0,0.0,Crisis,False,0.001862936817345956,0.001862936817345956,0.00215427338140587,0.00215427338140587
2013-07-18,-0.00021827235997302788,-0.00021827235997302788,0.0,0.0,Crisis,False,0.006652101800358687,0.006652101800358687,0.0034834704252514597,0.0034834704252514597
2013-07-19,0.0012513549921189173,0.0012513549921189173,0.0,0.0,Crisis,False,-0.0008997222656550943,-0.0008997222656550943,0.0011110449371871097,0.0011110449371871097
2013-07-22,0.004537312914026882,0.004537312914026882,0.0,0.0,Crisis,False,0.0002617218750339211,0.0002617218750339211,0.006068949030158519,0.006068949030158519
2013-07-23,0.0039417482996399284,0.0039417482996399284,0.0,0.0,Crisis,False,0.004700415959738295,0.004700415959738295,0.007772427089609516,0.007772427089609516
2013-07-24,-0.0027074003027182597,-0.0027074003027182597,0.0,0.0,Crisis,False,-0.008874854189211419,-0.008874854189211419,-0.008495369854420093,-0.008495369854420093
2013-07-25,-0.002771054377141276,-0.0028976378403375858,0.00012693520755875694,0.2538704151175139,Bear,True,-0.00831316250730325,-0.008320460699911436,-0.00925833621671949,-0.009264041986925653
2013-07-26,-0.0007214141844389914,-0.0007214141844389914,0.0,0.0,Bear,False,-0.0021554287328172006,-0.0021554287328172006,0.0025936124709819604,0.0025936124709819604
2013-07-29,-0.0018275915736738766,-0.0018275915736738766,0.0,0.0,Bear,False,-0.005521382283445165,-0.005521382283445165,0.0024187033587710982,0.0024187033587710982
2013-07-30,-0.0025626817715541294,-0.0025626817715541294,0.0,0.0,Bear,False,-0.007792010129917589,-0.007792010129917589,-0.0012977115827438209,-0.0012977115827438209
2013-07-31,0.003162985539249469,0.003162985539249469,0.0,0.0,Bear,False,0.0004914386341086038,0.0004914386341086038,0.0041000316212136895,0.0041000316212136895
2013-08-01,-0.0004746606138804474,-0.0004746606138804474,0.0,0.0,Bear,False,-0.0014507501569379839,-0.0014507501569379839,-0.006021921977293415,-0.006021921977293415
2013-08-02,-0.001676359345200339,-0.001676359345200339,0.0,0.0,Bear,False,-0.005128695141586873,-0.005128695141586873,-0.007689452410409463,-0.007689452410409463
2013-08-05,0.00024442614826808683,0.00024442614826808683,0.0,0.0,Bear,False,0.0007700951275982175,0.0007700951275982175,0.0076017456078201,0.0076017456078201
2013-08-06,-0.004803357480805118,-0.004803357480805118,0.0,0.0,Bear,False,-0.014758543933700087,-0.014758543933700087,-0.008775920204195072,-0.008775920204195072
2013-08-07,-0.000789546684727951,-0.000789546684727951,0.0,0.0,Bear,False,-0.002427122243607905,-0.002427122243607905,-0.006389758991569723,-0.006389758991569723
2013-08-08,0.0015732721074595355,0.0015732721074595355,0.0,0.0,Bear,False,0.004884262793010836,0.004884262793010836,0.006021502830822489,0.006021502830822489
2013-08-12,0.0015853087245512537,0.0015853087245512537,0.0,0.0,Bear,False,0.00488541851695717,0.00488541851695717,0.012623737134000675,0.012623737134000675
2013-08-13,0.002927756375996813,0.002927756375996813,0.0,0.0,Bear,False,0.009029586415301924,0.009029586415301924,0.012373660599540641,0.012373660599540641
2013-08-14,0.001444481405907626,0.001444481405907626,0.0,0.0,Bear,False,0.004428056209808512,0.004428056209808512,0.0012309358948802368,0.0012309358948802368
2013-08-16,-0.00786440221363658,-0.00786440221363658,0.0,0.0,Bear,False,-0.02403673795249022,-0.02403673795249022,-0.0003964691858625007,-0.0003964691858625007
2013-08-19,-0.003155467293243888,-0.003155467293243888,0.0,0.0,Bear,False,-0.009784098629751452,-0.009784098629751452,0.0010048099151404783,0.0010048099151404783
2013-08-20,-0.00044330902455200823,-0.00044330902455200823,0.0,0.0,Bear,False,-0.0014068811501834644,-0.0014068811501834644,-0.00018801125391098143,-0.00018801125391098143
2013-08-21,-0.003355899698066928,-0.003355899698066928,0.0,0.0,Bear,False,-0.01050683485690327,-0.01050683485690327,-0.003876307942008467,-0.003876307942008467
2013-08-22,0.0035977176135259963,0.0035977176135259963,0.0,0.0,Bear,False,0.01136584777163117,0.01136584777163117,0.006374340395979674,0.006374340395979674
2013-08-23,0.0021551827119526933,0.0021551827119526933,0.0,0.0,Bear,False,0.006723840953951486,0.006723840953951486,0.0008190524572583689,0.0008190524572583689
2013-08-26,0.0001608029891104487,0.0001608029891104487,0.0,0.0,Bear,False,0.0005008827469344329,0.0005008827469344329,0.005337035515444979,0.005337035515444979
2013-08-27,0.002112861855551045,0.002012636156250025,0.00010001438272661575,0.2000287654532315,Bear,True,-0.020715924763042248,-0.020727087458540905,-0.007976274010177717,-0.007995441231164468
2013-08-28,0.0028934023968084886,0.0028934023968084886,0.0,0.0,Bear,False,-0.0002702265019163633,-0.0002702265019163633,0.004710726890071241,0.004710726890071241
2013-08-29,-0.0013770075487353314,-0.0013770075487353314,0.0,0.0,Bear,False,0.01387813407568626,0.01387813407568626,0.005271189390188355,0.005271189390188355
2013-08-30,-0.001090419328068963,-0.001090419328068963,0.0,0.0,Bear,False,0.009276302366164835,0.009276302366164835,-0.0038276683536493166,-0.0038276683536493166
2013-09-02,0.0006135241568989699,0.0006135241568989699,0.0,0.0,Bear,False,0.008634043164709242,0.008634043164709242,0.005841377942801156,0.005841377942801156
2013-09-03,0.0051524612312878635,0.0051524612312878635,0.0,0.0,Bear,False,-0.0226932243973625,-0.0226932243973625,-0.004109830954267002,-0.004109830954267002
2013-09-04,-0.0012840405342975426,-0.0012840405342975426,0.0,0.0,Bear,False,0.011831966651210833,0.011831966651210833,0.004334591926737318,0.004334591926737318
2013-09-05,-0.0035826726535791026,-0.0035826726535791026,0.0,0.0,Bear,False,0.01588599739472375,0.01588599739472375,0.002782896559560292,0.002782896559560292
2013-09-06,-0.004409414472785426,-0.004409414472785426,0.0,0.0,Bear,False,0.009438467040288709,0.009438467040288709,-0.0020361699395305185,-0.0020361699395305185
2013-09-10,-0.0023811543503459193,-0.0023811543503459193,0.0,0.0,Bear,False,0.0231323816945856,0.0231323816945856,0.009159519436264144,0.009159519436264144
2013-09-11,-0.0007341775429625728,-0.0007341775429625728,0.0,0.0,Bear,False,0.0017100980970074725,0.0017100980970074725,-0.00020833863144789587,-0.00020833863144789587
2013-09-12,4.2026586606807976e-05,4.2026586606807976e-05,0.0,0.0,Bear,False,-0.006511335355742076,-0.006511335355742076,-0.003689897504591426,-0.003689897504591426
2013-09-13,-0.0030549385178611616,-0.0030549385178611616,0.0,0.0,Bear,False,-1.4280712106382534e-05,-1.4280712106382534e-05,-0.005015413830319561,-0.005015413830319561
2013-09-16,-0.0008590683587168206,-0.0008590683587168206,0.0,0.0,Bear,False,-0.0010553861235968712,-0.0010553861235968712,-0.0020228160556948296,-0.0020228160556948296
2013-09-17,0.001861143225486724,0.001861143225486724,0.0,0.0,Bear,False,0.0010182364305124677,0.0010182364305124677,0.003643159579549354,0.003643159579549354
2013-09-18,-0.00211987982721916,-0.00211987982721916,0.0,0.0,Bear,False,0.005171964005407207,0.005171964005407207,-0.0005098961773345868,-0.0005098961773345868
2013-09-19,0.004872382151107149,0.004872382151107149,0.0,0.0,Bear,False,0.02257682537576086,0.02257682537576086,0.02107524327393378,0.02107524327393378
2013-09-20,-0.0007365219442160269,-0.0007365219442160269,0.0,0.0,Bear,False,-0.010569202309943286,-0.010569202309943286,-0.007319234671853683,-0.007319234671853683
2013-09-23,-0.0016720382344178454,-0.0016720382344178454,0.0,0.0,Bear,False,-0.01263373729232109,-0.01263373729232109,-0.010022548356686634,-0.010022548356686634
2013-09-24,-0.0008931946430694536,-0.0008931946430694536,0.0,0.0,Bear,False,0.00027863265142926086,0.00027863265142926086,-0.001293138865008693,-0.001293138865008693
2013-09-25,0.001057126825426368,0.001057126825426368,0.0,0.0,Bear,False,-0.0019446590561627438,-0.0019446590561627438,0.0006126057470248528,0.0006126057470248528
2013-09-26,0.00023202599383866302,0.00018952302306773916,4.24931112645945e-05,0.084986222529189,Crisis,True,0.0008619404341669412,0.0008542770573036762,0.0007306886146828765,0.0007201771490901177
2013-09-27,0.00045167891092638354,0.00045167891092638354,0.0,0.0,Crisis,False,-0.005006007535689371,-0.005006007535689371,-0.001892582403386025,-0.001892582403386025
2013-09-30,0.00424324045951204,0.00424324045951204,0.0,0.0,Crisis,False,-0.009489891025943964,-0.009489891025943964,-0.0001902913587560156,-0.0001902913587560156
2013-10-01,-0.002894867019091914,-0.002894867019091914,0.0,0.0,Crisis,False,0.004630162474489264,0.004630162474489264,-0.0015972919356197375,-0.0015972919356197375
2013-10-03,-0.0010405563109667283,-0.0010405563109667283,0.0,0.0,Crisis,False,0.01336418449040491,0.01336418449040491,0.005223622128904062,0.005223622128904062
2013-10-04,-7.762692595919274e-05,-7.762692595919274e-05,0.0,0.0,Crisis,False,-0.00024416589615274686,-0.00024416589615274686,-0.0002252591391474999,-0.0002252591391474999
2013-10-07,0.0007043983348309284,0.0007043983348309284,0.0,0.0,Crisis,False,-0.00011310107419784943,-0.00011310107419784943,0.0008735541460014385,0.0008735541460014385
2013-10-08,0.006834594555865981,0.006834594555865981,0.0,0.0,Crisis,False,0.0022640617728885,0.0022640617728885,0.01022996481220225,0.01022996481220225
2013-10-09,-0.002688428835013695,-0.002688428835013695,0.0,0.0,Crisis,False,0.008025638288190811,0.008025638288190811,0.00040304233485610654,0.00040304233485610654
2013-10-10,0.00033052500856056927,0.00033052500856056927,0.0,0.0,Crisis,False,0.001359684945054907,0.001359684945054907,0.0011151527363068379,0.0011151527363068379
2013-10-11,-0.0027514059436802426,-0.0027514059436802426,0.0,0.0,Crisis,False,0.007568693562448555,0.007568693562448555,0.00013697165936770155,0.00013697165936770155
2013-10-14,0.0023304448608500103,0.0023304448608500103,0.0,0.0,Crisis,False,0.0016471141460109684,0.0016471141460109684,0.0038993549454496503,0.0038993549454496503
2013-10-15,-0.0018798316927518192,-0.0018798316927518192,0.0,0.0,Crisis,False,-0.002357020321947327,-0.002357020321947327,-0.0036554847994982823,-0.0036554847994982823
2013-10-17,0.004825117968764923,0.004825117968764923,0.0,0.0,Crisis,False,-0.0043154954147366165,-0.0043154954147366165,0.004195694280121812,0.004195694280121812
2013-10-18,0.002349146278776336,0.002349146278776336,0.0,0.0,Crisis,False,0.014393424876951078,0.014393424876951078,0.010269941072317476,0.010269941072317476
2013-10-21,0.0018571195130270479,0.0018571195130270479,0.0,0.0,Crisis,False,0.001542939868366361,0.001542939868366361,0.003201799211368808,0.003201799211368808
2013-10-22,0.0021462282351806827,0.0021462282351806827,0.0,0.0,Crisis,False,-0.00020857821369279264,-0.00020857821369279264,0.0026935677487113043,0.0026935677487113043
2013-10-23,0.0035998372338525175,0.0035998372338525175,0.0,0.0,Crisis,False,-0.00241499570942596,-0.00241499570942596,0.0035017976016455572,0.0035017976016455572
2013-10-24,-0.0008120055432655655,-0.0008120055432655655,0.0,0.0,Crisis,False,-0.001386183826757108,-0.001386183826757108,-0.001746384178683023,-0.001746384178683023
2013-10-25,0.0007827400430632757,0.0007827400430632757,0.0,0.0,Crisis,False,-0.0019284979790982226,-0.0019284979790982226,6.973850480087836e-05,6.973850480087836e-05
2013-10-28,0.00084858638830543,0.00084858638830543,0.0,0.0,Crisis,False,-0.004351166878556111,-0.004351166878556111,-0.0010374323097333896,-0.0010374323097333896
2013-10-29,-0.005304587125681435,-0.0053107476251359476,6.1933526331969905e-06,0.012386705266393981,Crisis,True,0.011781462631651163,0.011777038532020612,-0.0013442313999445137,-0.001349900590215336
2013-10-30,-0.0005274050397370637,-0.0005274050397370637,0.0,0.0,Crisis,False,0.0029937203489596212,0.0029937203489596212,0.0007743573507663468,0.0007743573507663468
2013-10-31,0.0006382831272663857,0.0006382831272663857,0.0,0.0,Crisis,False,0.006761374466398604,0.006761374466398604,-0.00031548895722813947,-0.00031548895722813947
2013-11-01,0.0013159480241727503,0.0013159480241727503,0.0,0.0,Crisis,False,0.0007748958027967855,0.0007748958027967855,0.00213230655809357,0.00213230655809357
2013-11-05,-0.0030865643319144937,-0.0030865643319144937,0.0,0.0,Crisis,False,-0.0052025011718372545,-0.0052025011718372545,-0.0066695482872585424,-0.0066695482872585424
2013-11-06,0.002256895211323107,0.002256895211323107,0.0,0.0,Crisis,False,-0.0036740421316004434,-0.0036740421316004434,0.001177570961545867,0.001177570961545867
2013-11-07,-0.0016919543798556936,-0.0016919543798556936,0.0,0.0,Crisis,False,-0.002703605218411696,-0.002703605218411696,-0.003600831103189048,-0.003600831103189048
2013-11-08,0.0008388719127050991,0.0008388719127050991,0.0,0.0,Crisis,False,-0.004524679209256246,-0.004524679209256246,-0.001120977040635041,-0.001120977040635041
2013-11-11,-0.0006930486128852391,-0.0006930486128852391,0.0,0.0,Crisis,False,-0.006055458377371732,-0.006055458377371732,-0.003916299140154172,-0.003916299140154172
2013-11-12,0.002812009275230235,0.002812009275230235,0.0,0.0,Crisis,False,-0.0059743198867608675,-0.0059743198867608675,0.0008316332605847461,0.0008316332605847461
2013-11-13,-0.0008682467110406297,-0.0008682467110406297,0.0,0.0,Crisis,False,-0.0028146369487283564,-0.0028146369487283564,-0.0025446229804932333,-0.0025446229804932333
2013-11-14,0.0006779854049904961,0.0006779854049904961,0.0,0.0,Crisis,False,0.006602607426730638,0.006602607426730638,0.004142507362738531,0.004142507362738531
2013-11-18,0.0010569418180051127,0.0010569418180051127,0.0,0.0,Crisis,False,0.013090092032980975,0.013090092032980975,0.007844736116266059,0.007844736116266059
2013-11-19,-0.0012144787474134674,-0.0012144787474134674,0.0,0.0,Crisis,False,0.0013961028972948061,0.0013961028972948061,-0.0009314046366882831,-0.0009314046366882831
2013-11-20,-0.00029531469647279694,-0.00029531469647279694,0.0,0.0,Crisis,False,-0.007815986087415353,-0.007815986087415353,-0.004254560449532268,-0.004254560449532268
2013-11-21,-0.001607881642482119,-0.001607881642482119,0.0,0.0,Crisis,False,-0.012123319473609935,-0.012123319473609935,-0.008127172416475275,-0.008127172416475275
2013-11-22,0.00015119661447092277,0.00015119661447092277,0.0,0.0,Crisis,False,-0.0003607292077479687,-0.0003607292077479687,3.497842599909935e-05,3.497842599909935e-05
2013-11-25,-0.002724718725460885,-0.002724718725460885,0.0,0.0,Crisis,False,0.011888778507754464,0.011888778507754464,0.002154782588981688,0.002154782588981688
2013-11-26,0.002334562484465317,0.002334562484465317,0.0,0.0,Crisis,False,-0.005511986607750998,-0.005511986607750998,0.0004028166116196593,0.0004028166116196593
2013-11-27,-0.0008017177813027183,-0.0008017177813027183,0.0,0.0,Crisis,False,-0.00019706798213166944,-0.00019706798213166944,-0.0011739168605438414,-0.0011739168605438414
2013-11-28,-0.0010821869783899916,-0.0010821869783899916,0.0,0.0,Crisis,False,0.0034286441736323205,0.0034286441736323205,0.00022566026201989285,0.00022566026201989285
2013-11-29,0.01073878523512007,0.010471724686368589,0.0002642231134818811,0.5284462269637622,Bull,True,0.010210709549324503,0.010209861571820689,0.00959339727766162,0.009587835536374767
2013-12-02,0.0011417155587503205,0.0011417155587503205,0.0,0.0,Bull,False,0.004070488703497853,0.004070488703497853,0.0004420768332955875,0.0004420768332955875
2013-12-03,-0.002208677835414262,-0.002208677835414262,0.0,0.0,Bull,False,-0.0015574523326381284,-0.0015574523326381284,-0.0018610825926794097,-0.0018610825926794097
2013-12-04,-0.0018843471993247967,-0.0018843471993247967,0.0,0.0,Bull,False,-0.0039776362293081355,-0.0039776362293081355,-0.001163041387254076,-0.001163041387254076
2013-12-05,0.006649686878916685,0.006649686878916685,0.0,0.0,Bull,False,0.007825943341346713,0.007825943341346713,0.005093520443810285,0.005093520443810285
2013-12-06,-0.0012042932008377906,-0.0012042932008377906,0.0,0.0,Bull,False,0.001825203915453155,0.001825203915453155,-0.0014386197937630925,-0.0014386197937630925
2013-12-09,0.003893675614743126,0.003893675614743126,0.0,0.0,Bull,False,0.010057488714392864,0.010057488714392864,0.0021089534337358257,0.0021089534337358257
2013-12-10,-0.0005104114707666115,-0.0005104114707666115,0.0,0.0,Bull,False,-0.002976597640898887,-0.002976597640898887,-1.0289277510919591e-05,-1.0289277510919591e-05
2013-12-11,-0.0005915610670452923,-0.0005915610670452923,0.0,0.0,Bull,False,-0.0023959553423953833,-0.0023959553423953833,-0.0001804082225784925,-0.0001804082225784925
2013-12-12,-0.0073408554728158345,-0.0073408554728158345,0.0,0.0,Bull,False,-0.006820041562747708,-0.006820041562747708,-0.005921317872772019,-0.005921317872772019
2013-12-13,-0.005592704481070315,-0.005592704481070315,0.0,0.0,Bull,False,-0.006649806973631381,-0.006649806973631381,-0.004269367693293242,-0.004269367693293242
2013-12-16,-0.0018547455225064117,-0.0018547455225064117,0.0,0.0,Bull,False,-0.0013366802161882897,-0.0013366802161882897,-0.001553893782659453,-0.001553893782659453
2013-12-17,-0.0029127753932826966,-0.0029127753932826966,0.0,0.0,Bull,False,-0.001532904435449518,-0.001532904435449518,-0.0025319429127450767,-0.0025319429127450767
2013-12-18,0.0053978971433985,0.0053978971433985,0.0,0.0,Bull,False,0.007642139502154335,0.007642139502154335,0.003917520834089918,0.003917520834089918
2013-12-19,-0.005797627168683437,-0.005797627168683437,0.0,0.0,Bull,False,-0.0049001483359428135,-0.0049001483359428135,-0.004740312783599821,-0.004740312783599821
2013-12-20,0.005883954149697094,0.005883954149697094,0.0,0.0,Bull,False,0.010500332871829183,0.010500332871829183,0.00391928095374735,0.00391928095374735
2013-12-23,0.0012485838624977346,0.0012485838624977346,0.0,0.0,Bull,False,0.0009860614667082826,0.0009860614667082826,0.001030482730012525,0.001030482730012525
2013-12-24,-0.002590407752896879,-0.002590407752896879,0.0,0.0,Bull,False,-0.0015532967040417572,-0.0015532967040417572,-0.002222239636754053,-0.002222239636754053
2013-12-26,0.0019778202908595274,0.0019778202908595274,0.0,0.0,Bull,False,0.0010183992913159667,0.0010183992913159667,0.001725004709103478,0.001725004709103478
2013-12-27,0.00034530770622794764,0.00034530770622794764,0.0,0.0,Bull,False,0.0033688616392812086,0.0033688616392812086,-0.00021496090700341567,-0.00021496090700341567
2013-12-30,-0.003963579942585621,-0.003963579942585621,0.0,0.0,Bull,False,-0.00218382883448879,-0.00218382883448879,-0.0034318534451201225,-0.0034318534451201225
2013-12-31,0.0042507690843088634,0.00394991144757828,0.000299584173587262,0.599168347174524,Bear,True,0.003286954675998999,0.003283663450597496,0.0015287369485929014,0.0015218522143713997
2014-01-01,0.00013726745369190845,0.00013726745369190845,0.0,0.0,Bear,False,-4.1274278860831424e-06,-4.1274278860831424e-06,0.0008272206658590538,0.0008272206658590538
2014-01-02,-0.0013810464283909093,-0.0013810464283909093,0.0,0.0,Bear,False,-0.007871665807432525,-0.007871665807432525,-0.0017213465992679678,-0.0017213465992679678
2014-01-03,0.00018001690170408016,0.00018001690170408016,0.0,0.0,Bear,False,-0.0009623100282386465,-0.0009623100282386465,0.0018206252989538274,0.0018206252989538274
2014-01-06,-0.0004972163671181507,-0.0004972163671181507,0.0,0.0,Bear,False,-0.0018893452413489113,-0.0018893452413489113,-0.0013585319109482164,-0.0013585319109482164
2014-01-07,-0.0006797407584777236,-0.0006797407584777236,0.0,0.0,Bear,False,-0.0028016402599045534,-0.0028016402599045534,-0.001731471201421923,-0.001731471201421923
2014-01-08,-0.00017540771213480619,-0.00017540771213480619,0.0,0.0,Bear,False,0.0011900403887983105,0.0011900403887983105,-0.0019282925857479062,-0.0019282925857479062
2014-01-09,-7.80587053670214e-05,-7.80587053670214e-05,0.0,0.0,Bear,False,-0.0006015265572602449,-0.0006015265572602449,2.3712519446599455e-05,2.3712519446599455e-05
2014-01-10,0.00026801279021315054,0.00026801279021315054,0.0,0.0,Bear,False,0.00029854615469413826,0.00029854615469413826,0.0012992145653544947,0.0012992145653544947
2014-01-13,0.0024417052703001817,0.0024417052703001817,0.0,0.0,Bear,False,0.009748300106034747,0.009748300106034747,0.006381208585564935,0.006381208585564935
2014-01-14,-0.0004673361109966476,-0.0004673361109966476,0.0,0.0,Bear,False,-0.0029419803471927523,-0.0029419803471927523,-0.0003960945718351666,-0.0003960945718351666
2014-01-15,0.0013970869886964186,0.0013970869886964186,0.0,0.0,Bear,False,0.00755501101975249,0.00755501101975249,0.002089191325800651,0.002089191325800651
2014-01-16,6.717771277261751e-05,6.717771277261751e-05,0.0,0.0,Bear,False,-0.00018569575166632696,-0.00018569575166632696,0.0004875137262060826,0.0004875137262060826
2014-01-17,-0.0013186812488275544,-0.0013186812488275544,0.0,0.0,Bear,False,-0.005434508664931768,-0.005434508664931768,-0.0032299671706883305,-0.0032299671706883305
2014-01-20,0.0012984507010011153,0.0012984507010011153,0.0,0.0,Bear,False,0.004033190858427151,0.004033190858427151,0.004275795181545086,0.004275795181545086
2014-01-21,0.00010804856203524901,0.00010804856203524901,0.0,0.0,Bear,False,0.0009363157862167503,0.0009363157862167503,-0.0001194149383535487,-0.0001194149383535487
2014-01-22,0.0003087977591282956,0.0003087977591282956,0.0,0.0,Bear,False,0.0023927136962011816,0.0023927136962011816,-0.0001613141046246707,-0.0001613141046246707
2014-01-23,2.936027049674474e-05,2.936027049674474e-05,0.0,0.0,Bear,False,0.000630653914902169,0.000630653914902169,-0.0002884324632392254,-0.0002884324632392254
2014-01-24,-0.0014210113560065992,-0.0014210113560065992,0.0,0.0,Bear,False,-0.007466594963045568,-0.007466594963045568,-0.0022449312158050144,-0.0022449312158050144
2014-01-27,-0.0025681941041918173,-0.0025681941041918173,0.0,0.0,Bear,False,-0.012491753557109455,-0.012491753557109455,-0.004796175590813462,-0.004796175590813462
2014-01-28,-0.0003784595563926308,-0.0003784595563926308,0.0,0.0,Bear,False,-0.0009274168346274976,-0.0009274168346274976,-0.0014374616191627767,-0.0014374616191627767
2014-01-29,0.0009382125762627222,0.000761597514794321,0.00017644951431494143,0.35289902862988287,Bull,True,-0.000583515322082384,-0.0005873254087358504,0.004257986381002684,0.004253721509116293
2014-01-30,-0.004661336730297484,-0.004661336730297484,0.0,0.0,Bull,False,-0.004561712277897046,-0.004561712277897046,-0.006659192853888576,-0.006659192853888576
2014-01-31,0.00291925063632676,0.00291925063632676,0.0,0.0,Bull,False,0.003567663226089331,0.003567663226089331,0.0008488882511421975,0.0008488882511421975
2014-02-03,-0.006633339113533581,-0.006633339113533581,0.0,0.0,Bull,False,-0.00860656957824024,-0.00860656957824024,-0.005389741331121337,-0.005389741331121337
2014-02-04,0.0003257958946267671,0.0003257958946267671,0.0,0.0,Bull,False,-8.543542596988779e-05,-8.543542596988779e-05,0.0012475486467472233,0.0012475486467472233
2014-02-05,0.0015724557478638981,0.0015724557478638981,0.0,0.0,Bull,False,0.0021275440222175966,0.0021275440222175966,0.0011161671078385713,0.0011161671078385713
2014-02-06,0.0010738146458768303,0.0010738146458768303,0.0,0.0,Bull,False,0.001372552120561769,0.001372552120561769,0.0009166420848262286,0.0009166420848262286
2014-02-07,0.0020898182376708277,0.0020898182376708277,0.0,0.0,Bull,False,0.002652650293439259,0.002652650293439259,0.001818646358783706,0.001818646358783706
2014-02-10,-0.00012750176317573487,-0.00012750176317573487,0.0,0.0,Bull,False,-0.0009589048661236528,-0.0009589048661236528,0.0014355003255355362,0.0014355003255355362
2014-02-11,0.0010599775411168496,0.0010599775411168496,0.0,0.0,Bull,False,0.0009070145097274686,0.0009070145097274686,0.0017739614346428095,0.0017739614346428095
2014-02-12,0.001482523935841943,0.001482523935841943,0.0,0.0,Bull,False,0.002098515320460826,0.002098515320460826,0.0008665801762856505,0.0008665801762856505
2014-02-13,-0.0062370849705476366,-0.0062370849705476366,0.0,0.0,Bull,False,-0.00813649610950032,-0.00813649610950032,-0.004992071070330927,-0.004992071070330927
2014-02-14,0.004028599005582332,0.004028599005582332,0.0,0.0,Bull,False,0.004671948925851814,0.004671948925851814,0.004369430804783946,0.004369430804783946
2014-02-17,0.0015362477280131002,0.0015362477280131002,0.0,0.0,Bull,False,0.0,0.0,0.005101532226404593,0.005101532226404593
2014-02-18,0.006022926938963997,0.006022926938963997,0.0,0.0,Bull,False,0.007756356776088871,0.007756356776088871,0.005031894017788644,0.005031894017788644
2014-02-19,0.002014301309322082,0.002014301309322082,0.0,0.0,Bull,False,0.0025104652699100708,0.0025104652699100708,0.0018334329163600944,0.0018334329163600944
2014-02-20,-0.004708153003936631,-0.004708153003936631,0.0,0.0,Bull,False,-0.005979709070385336,-0.005979709070385336,-0.004069626009398805,-0.004069626009398805
2014-02-21,0.004245164372375058,0.004245164372375058,0.0,0.0,Bull,False,0.006276932783576119,0.006276932783576119,0.001980596882277191,0.001980596882277191
2014-02-24,0.002704747825004648,0.002704747825004648,0.0,0.0,Bull,False,0.002987301671250449,0.002987301671250449,0.003204065467264528,0.003204065467264528
2014-02-25,0.0007687418082634515,0.0007687418082634515,0.0,0.0,Bull,False,0.001355562789370848,0.001355562789370848,-6.852915217783588e-05,-6.852915217783588e-05
2014-02-26,0.0029958770348641815,0.0029958770348641815,0.0,0.0,Bull,False,0.0037639716544408965,0.0037639716544408965,0.002660892133854467,0.002660892133854467
2014-02-28,0.004812336893408897,0.0047992236429441615,1.3050447315655391e-05,0.02610089463131078,Bull,True,0.0054830877311267566,0.005481496867577373,0.002972182375408157,0.0029701617963453497
2014-03-03,-0.003909194181428832,-0.003909194181428832,0.0,0.0,Bull,False,-0.00531230231455953,-0.00531230231455953,-0.0016444289737175873,-0.0016444289737175873
2014-03-04,0.005386100762930288,0.005386100762930288,0.0,0.0,Bull,False,0.007360006754091188,0.007360006754091188,0.002173040731501534,0.002173040731501534
2014-03-05,0.0020698596090435984,0.0020698596090435984,0.0,0.0,Bull,False,0.002926640007461465,0.002926640007461465,0.0005377434754676731,0.0005377434754676731
2014-03-06,0.0051910609337542804,0.0051910609337542804,0.0,0.0,Bull,False,0.006904202060263334,0.006904202060263334,0.002605452229932257,0.002605452229932257
2014-03-07,0.009329246739729992,0.009329246739729992,0.0,0.0,Bull,False,0.011862886740587955,0.011862886740587955,0.006260911731090089,0.006260911731090089
2014-03-10,0.0003645234602322513,0.0003645234602322513,0.0,0.0,Bull,False,0.0009864729047075838,0.0009864729047075838,-0.001316931813019203,-0.001316931813019203
2014-03-11,-0.001769502700007346,-0.001769502700007346,0.0,0.0,Bull,False,-0.0023657912396038766,-0.0023657912396038766,-0.0008253157456176587,-0.0008253157456176587
2014-03-12,0.0005868574176246539,0.0005868574176246539,0.0,0.0,Bull,False,0.0004677302455809983,0.0004677302455809983,0.0012229465738991963,0.0012229465738991963
2014-03-13,-0.001663601292309945,-0.001663601292309945,0.0,0.0,Bull,False,-0.0022215790953656676,-0.0022215790953656676,-0.0007918863622762218,-0.0007918863622762218
2014-03-14,0.0012065320580414963,0.0012065320580414963,0.0,0.0,Bull,False,0.001040195707458235,0.001040195707458235,0.0022778518491267385,0.0022778518491267385
2014-03-18,0.0003062813001329765,0.0003062813001329765,0.0,0.0,Bull,False,0.001161693776393063,0.001161693776393063,-0.0020941193410273138,-0.0020941193410273138
2014-03-19,1.1174425823438544e-05,1.1174425823438544e-05,0.0,0.0,Bull,False,0.0006956820093134376,0.0006956820093134376,-0.0020357072522176355,-0.0020357072522176355
2014-03-20,-0.004012902332600381,-0.004012902332600381,0.0,0.0,Bull,False,-0.003826320019118323,-0.003826320019118323,-0.0064877308793594105,-0.0064877308793594105
2014-03-21,0.0009658213637616207,0.0009658213637616207,0.0,0.0,Bull,False,0.0009436033500802377,0.0009436033500802377,0.0015012143268378056,0.0015012143268378056
2014-03-24,0.005923087362507069,0.005923087362507069,0.0,0.0,Bull,False,0.008465758481054783,0.008465758481054783,0.001116354249706178,0.001116354249706178
2014-03-25,-0.0002523417728351249,-0.0002523417728351249,0.0,0.0,Bull,False,0.0005807706760250156,0.0005807706760250156,-0.0028959025173431576,-0.0028959025173431576
2014-03-26,0.0007961943362616063,0.0007961943362616063,0.0,0.0,Bull,False,0.0010781868103445778,0.0010781868103445778,0.00032654191763063133,0.00032654191763063133
2014-03-27,0.0025325808175803983,0.0025325808175803983,0.0,0.0,Bull,False,0.0037469806070901993,0.0037469806070901993,5.167614244710552e-05,5.167614244710552e-05
2014-03-28,0.0040965042412390105,0.0040965042412390105,0.0,0.0,Bull,False,0.005004698715908372,0.005004698715908372,0.003292272156728381,0.003292272156728381
2014-03-31,0.0034343170418407714,0.0034343170418407714,0.0,0.0,Bull,False,0.0027654366277733195,0.0027654366277733195,0.004628798245270156,0.004628798245270156
2014-04-01,0.0020124890335523845,0.0018583477202822607,0.00015383172860325973,0.30766345720651944,Bull,True,0.001511686567410653,0.001504257000931375,-0.0027913661390223106,-0.002801847406813218
2014-04-02,0.0037494360999347377,0.0037494360999347377,0.0,0.0,Bull,False,0.0028111669556417627,0.0028111669556417627,-0.0034639629720816974,-0.0034639629720816974
2014-04-03,-0.0019516535734845283,-0.0019516535734845283,0.0,0.0,Bull,False,-0.0014658423361233958,-0.0014658423361233958,0.0022063244408713164,0.0022063244408713164
2014-04-04,-0.00496305929560186,-0.00496305929560186,0.0,0.0,Bull,False,-0.0037258266710607437,-0.0037258266710607437,-0.0017628415234529175,-0.0017628415234529175
2014-04-07,8.545103765787078e-05,8.545103765787078e-05,0.0,0.0,Bull,False,6.639126779496831e-05,6.639126779496831e-05,0.0005211197365695916,0.0005211197365695916
2014-04-09,0.012081405323776186,0.012081405323776186,0.0,0.0,Bull,False,0.009056240025320005,0.009056240025320005,0.006990017031433157,0.006990017031433157
2014-04-10,2.540758029596688e-05,2.540758029596688e-05,0.0,0.0,Bull,False,2.140840460019788e-05,2.140840460019788e-05,0.0032396850627970514,0.0032396850627970514
2014-04-11,-0.0023724024179955397,-0.0023724024179955397,0.0,0.0,Bull,False,-0.0017841524490629407,-0.0017841524490629407,-0.0013865725859548996,-0.0013865725859548996
2014-04-15,-0.005110960652649103,-0.005110960652649103,0.0,0.0,Bull,False,-0.003841405325887704,-0.003841405325887704,0.0010128902990961522,0.0010128902990961522
2014-04-16,-0.006875336669486245,-0.006875336669486245,0.0,0.0,Bull,False,-0.005163240916516048,-0.005163240916516048,-0.0029313532350638857,-0.0029313532350638857
2014-04-17,0.012466924722435596,0.012466924722435596,0.0,0.0,Bull,False,0.009344437107140455,0.009344437107140455,0.0062648308371652545,0.0062648308371652545
2014-04-21,0.004521861938779402,0.004521861938779402,0.0,0.0,Bull,False,0.003396643166561285,0.003396643166561285,0.003258271388762046,0.003258271388762046
2014-04-22,-0.0002689348990852534,-0.0002689348990852534,0.0,0.0,Bull,False,-0.00020008048307384234,-0.00020008048307384234,0.0026358677406155173,0.0026358677406155173
2014-04-23,0.002995278475857771,0.002995278475857771,0.0,0.0,Bull,False,0.002251533273887782,0.002251533273887782,0.0023927621637262644,0.0023927621637262644
2014-04-25,-0.006814051358386654,-0.006814051358386654,0.0,0.0,Bull,False,-0.005128820902743059,-0.005128820902743059,-0.0009712441138642888,-0.0009712441138642888
2014-04-28,-0.0025435655949558643,-0.0025435655949558643,0.0,0.0,Bull,False,-0.0019144133034719902,-0.0019144133034719902,-0.0005647935088908052,-0.0005647935088908052
2014-04-29,-0.004495412226235354,-0.004495412226235354,0.0,0.0,Bull,False,-0.002179532437333492,-0.002179532437333492,-0.0016125679536230805,-0.0016125679536230805
2014-04-30,-0.0022442273184642312,-0.0022442273184642312,0.0,0.0,Bull,False,-0.0016821073968464803,-0.0016821073968464803,-0.0021162657727347616,-0.0021162657727347616
2014-05-02,-0.00019093057482934565,-0.00019093057482934565,0.0,0.0,Bull,False,-0.00014302690806712007,-0.00014302690806712007,-0.0003040203851890085,-0.0003040203851890085
2014-05-05,0.0005430643305004615,0.0005430643305004615,0.0,0.0,Bull,False,0.00040679231599068946,0.00040679231599068946,0.0014970567963472888,0.0014970567963472888
2014-05-06,0.0019025183023703735,0.0019025183023703735,0.0,0.0,Bull,False,0.0014253104191436156,0.0014253104191436156,0.0011241692944372289,0.0011241692944372289
2014-05-07,-0.00599230711183516,-0.006154746919912246,0.0001634190653042154,0.32683813060843075,Bull,True,-0.005606600017130869,-0.005606975967711425,-0.002810915732167333,-0.0028141972007837968
2014-05-08,-0.001937968577320263,-0.001937968577320263,0.0,0.0,Bull,False,0.0006559457158378635,0.0006559457158378635,-0.002355233315342311,-0.002355233315342311
2014-05-09,0.018524302376884367,0.018524302376884367,0.0,0.0,Bull,False,0.017860361105609724,0.017860361105609724,0.008318276369083782,0.008318276369083782
2014-05-12,0.014814429183975542,0.014814429183975542,0.0,0.0,Bull,False,0.01371729897473901,0.01371729897473901,0.007071844408910287,0.007071844408910287
2014-05-13,0.007642829016748872,0.007642829016748872,0.0,0.0,Bull,False,0.008223743941694056,0.008223743941694056,0.0029919361784406257,0.0029919361784406257
2014-05-14,-0.00039578165615353125,-0.00039578165615353125,0.0,0.0,Bull,False,-3.7914611600636954e-06,-3.7914611600636954e-06,-0.00041485565181513816,-0.00041485565181513816
2014-05-15,0.001075166206964916,0.001075166206964916,0.0,0.0,Bull,False,0.0012467082331643422,0.0012467082331643422,0.00037364974785262665,0.00037364974785262665
2014-05-16,0.0036111379870400195,0.0036111379870400195,0.0,0.0,Bull,False,0.0068798325987009246,0.0068798325987009246,-0.00039002045666155995,-0.00039002045666155995
2014-05-19,0.0029497895615213233,0.0029497895615213233,0.0,0.0,Bull,False,0.0051841373545720255,0.0051841373545720255,-6.212662082527749e-05,-6.212662082527749e-05
2014-05-20,-0.0001568862946607556,-0.0001568862946607556,0.0,0.0,Bull,False,0.0010216133955482714,0.0010216133955482714,-0.0007818479208155049,-0.0007818479208155049
2014-05-21,-0.0033055701855458667,-0.0033055701855458667,0.0,0.0,Bull,False,-0.001923025255053071,-0.001923025255053071,-0.002292059209328804,-0.002292059209328804
2014-05-22,-0.008346574181245299,-0.008346574181245299,0.0,0.0,Bull,False,0.0019997050842626533,0.0019997050842626533,-0.009972120292852871,-0.009972120292852871
2014-05-23,0.007829030527183726,0.007829030527183726,0.0,0.0,Bull,False,0.007720786501912713,0.007720786501912713,0.0034464270169038145,0.0034464270169038145
2014-05-26,0.00014578163669911963,0.00014578163669911963,0.0,0.0,Bull,False,-0.000679695681138008,-0.000679695681138008,0.0005758104409409144,0.0005758104409409144
2014-05-27,-0.005485160498854466,-0.005485160498854466,0.0,0.0,Bull,False,-0.003468240523532259,-0.003468240523532259,-0.0036274272016156217,-0.0036274272016156217
2014-05-28,-0.001156522658332068,-0.001156522658332068,0.0,0.0,Bull,False,0.0009877095520954332,0.0009877095520954332,-0.0018289644612150846,-0.0018289644612150846
2014-05-29,-0.012877033538288047,-0.012877033538288047,0.0,0.0,Bull,False,-0.00796170491840161,-0.00796170491840161,-0.008596788667574958,-0.008596788667574958
2014-05-30,-0.0006195265039914232,-0.0006195265039914232,0.0,0.0,Bull,False,0.0014198472824129588,0.0014198472824129588,0.0013340552213836144,0.0013340552213836144
2014-06-02,0.0117044131541883,0.0117044131541883,0.0,0.0,Bull,False,0.011297549766282129,0.011297549766282129,0.005200171059593555,0.005200171059593555
2014-06-03,0.00533959274426792,0.00533959274426792,0.0,0.0,Bull,False,0.0045009973508746085,0.0045009973508746085,0.0028053178152104667,0.0028053178152104667
2014-06-04,-0.0017999265976894794,-0.0017999265976894794,0.0,0.0,Bull,False,-0.0011414221383950953,-0.0011414221383950953,-0.0011829531573717112,-0.0011829531573717112
2014-06-05,0.003882607565164687,0.0035814428114839814,0.0002999999715217747,0.5999999430435494,Bear,True,0.005823912809449805,0.005812867742926109,0.002475216434919103,0.002456448283026269
2014-06-06,0.005883457370906496,0.005883457370906496,0.0,0.0,Bear,False,0.008808154648854814,0.008808154648854814,0.005158089312689692,0.005158089312689692
2014-06-09,0.0038169586780056834,0.0038169586780056834,0.0,0.0,Bear,False,0.005692209397334745,0.005692209397334745,0.0020639080117064662,0.0020639080117064662
2014-06-10,8.405017951296551e-05,8.405017951296551e-05,0.0,0.0,Bear,False,0.00013508183517717682,0.00013508183517717682,0.000706671025633259,0.000706671025633259
2014-06-11,-0.0015700203944997077,-0.0015700203944997077,0.0,0.0,Bear,False,-0.0023434496917220968,-0.0023434496917220968,0.0006635930515571777,0.0006635930515571777
2014-06-12,0.0012306205673944142,0.0012306205673944142,0.0,0.0,Bear,False,0.0018349295947576434,0.0018349295947576434,0.0011130690474343147,0.0011130690474343147
2014-06-13,-0.005748316962096893,-0.005748316962096893,0.0,0.0,Bear,False,-0.008565918932782192,-0.008565918932782192,-0.0011930377086786332,-0.0011930377086786332
2014-06-16,-0.0004637575653139331,-0.0004637575653139331,0.0,0.0,Bear,False,-0.000688733076083252,-0.000688733076083252,0.005891882094883381,0.005891882094883381
2014-06-17,0.0052664732429505345,0.0052664732429505345,0.0,0.0,Bear,False,0.007871969276645331,0.007871969276645331,0.000925605450093148,0.000925605450093148
2014-06-18,-0.003917979746908358,-0.003917979746908358,0.0,0.0,Bear,False,-0.005845467830850417,-0.005845467830850417,-0.0020060232786823593,-0.0020060232786823593
2014-06-19,-0.0009429377723291694,-0.0009429377723291694,0.0,0.0,Bear,False,-0.0014042212992574027,-0.0014042212992574027,0.0006652402162524808,0.0006652402162524808
2014-06-20,-0.0015636818863236591,-0.0015636818863236591,0.0,0.0,Bear,False,-0.0023411517263938132,-0.0023411517263938132,0.006060515811949322,0.006060515811949322
2014-06-23,-0.0009723483667577791,-0.0009723483667577791,0.0,0.0,Bear,False,-0.0014542572177944732,-0.0014542572177944732,-0.0010666986312370557,-0.0010666986312370557
2014-06-24,0.004664981144889705,0.004664981144889705,0.0,0.0,Bear,False,0.006984698477054606,0.006984698477054606,0.005405948416371561,0.005405948416371561
2014-06-25,-0.0005809136354725488,-0.0005809136354725488,0.0,0.0,Bear,False,-0.0008715317442814412,-0.0008715317442814412,-0.0024685790265531102,-0.0024685790265531102
2014-06-26,-0.0040727957241606045,-0.0040727957241606045,0.0,0.0,Bear,False,-0.006081997589120895,-0.006081997589120895,-0.0030074571414016498,-0.0030074571414016498
2014-06-27,0.000838842789579496,0.000838842789579496,0.0,0.0,Bear,False,0.0012551953081751106,0.0012551953081751106,-8.295673542446603e-05,-8.295673542446603e-05
2014-06-30,0.008456921603401007,0.008456921603401007,0.0,0.0,Bear,False,0.010200293104780758,0.010200293104780758,0.006910375388297632,0.006910375388297632
2014-07-01,0.0012440394291829645,0.0012440394291829645,0.0,0.0,Bear,False,0.0018575221972805594,0.0018575221972805594,0.0011597174952678385,0.0011597174952678385
2014-07-02,0.004807252364163015,0.004807252364163015,0.0,0.0,Bear,False,0.007178230258408124,0.007178230258408124,0.0025345351760485088,0.0025345351760485088
2014-07-03,-0.0005424253058056042,-0.0005424253058056042,0.0,0.0,Bear,False,-0.0008122150271236138,-0.0008122150271236138,-0.0026578734220254916,-0.0026578734220254916
2014-07-04,0.003816072382426703,0.003619712697262356,0.00019561321099222017,0.39122642198444035,Bull,True,0.002862054277524306,0.0028576867248977234,0.0016158803967510533,0.0016118871710368854
2014-07-07,0.0036704683927307373,0.0036704683927307373,0.0,0.0,Bull,False,0.0027530731426312232,0.0027530731426312232,-0.00042389483658719244,-0.00042389483658719244
2014-07-08,-0.01687258145551698,-0.01687258145551698,0.0,0.0,Bull,False,-0.012675670794602651,-0.012675670794602651,-0.007330214607766024,-0.007330214607766024
2014-07-09,-0.003999223984989196,-0.003999223984989196,0.0,0.0,Bull,False,-0.002992244886396519,-0.002992244886396519,-0.0007442458424160704,-0.0007442458424160704
2014-07-10,-0.0018151181728419056,-0.0018151181728419056,0.0,0.0,Bull,False,-0.0013591456289568959,-0.0013591456289568959,0.007513816659506777,0.007513816659506777
2014-07-11,-0.01138652527635748,-0.01138652527635748,0.0,0.0,Bull,False,-0.008504545058773827,-0.008504545058773827,-0.005764516788800459,-0.005764516788800459
2014-07-14,-0.0005825085743489054,-0.0005825085743489054,0.0,0.0,Bull,False,-0.00043638497351558103,-0.00043638497351558103,-0.0023049068926078334,-0.0023049068926078334
2014-07-15,0.007728854624492089,0.007728854624492089,0.0,0.0,Bull,False,0.005759128981531503,0.005759128981531503,0.0012978643908228044,0.0012978643908228044
2014-07-16,0.01033806091294438,0.01033806091294438,0.0,0.0,Bull,False,0.007715166458798836,0.007715166458798836,0.00207874734016465,0.00207874734016465
2014-07-17,0.001678172124566165,0.001678172124566165,0.0,0.0,Bull,False,0.0012532360065165761,0.0012532360065165761,0.0015753509275879608,0.0015753509275879608
2014-07-18,0.0024524975370712166,0.0024524975370712166,0.0,0.0,Bull,False,0.0018382289158059104,0.0018382289158059104,0.002398522991815847,0.002398522991815847
2014-07-21,0.0021162451472266663,0.0021162451472266663,0.0,0.0,Bull,False,0.0015850811916775678,0.0015850811916775678,0.0008772645278063171,0.0008772645278063171
2014-07-22,0.008701837175409344,0.008701837175409344,0.0,0.0,Bull,False,0.0065211891668767,0.0065211891668767,0.002314175500966113,0.002314175500966113
2014-07-23,0.002879442024150212,0.002879442024150212,0.0,0.0,Bull,False,0.0021652195687444733,0.0021652195687444733,0.0003230626437760166,0.0003230626437760166
2014-07-24,0.0035816167933018007,0.0035816167933018007,0.0,0.0,Bull,False,0.002689135783707415,0.002689135783707415,1.6340561667886466e-05,1.6340561667886466e-05
2014-07-25,-0.004114016166781737,-0.004114016166781737,0.0,0.0,Bull,False,-0.0030946910268763715,-0.0030946910268763715,-0.0037505636930095566,-0.0037505636930095566
2014-07-28,-0.004297549467814975,-0.004297549467814975,0.0,0.0,Bull,False,-0.00323183919520868,-0.00323183919520868,0.0014428226827325973,0.0014428226827325973
2014-07-30,0.004414236622844886,0.004414236622844886,0.0,0.0,Bull,False,0.003315985083548378,0.003315985083548378,0.0007426986783566847,0.0007426986783566847
2014-07-31,-0.006171657007701311,-0.006171657007701311,0.0,0.0,Bull,False,-0.003335044318064305,-0.003335044318064305,-0.0011565429469698636,-0.0011565429469698636
2014-08-01,-0.01228569180826532,-0.01228569180826532,0.0,0.0,Bull,False,-0.00920378363392005,-0.00920378363392005,-0.003882699945607179,-0.003882699945607179
2014-08-04,0.008492570268584486,0.008492570268584486,0.0,0.0,Bull,False,0.006341620542913817,0.006341620542913817,0.004864691130836041,0.004864691130836041
2014-08-05,0.003280221509670862,0.00308031177931678,0.00019925612612320826,0.3985122522464165,Bear,True,0.00491554849093574,0.004914429044433843,0.002146159620376157,0.0021452211177144243
2014-08-06,-0.0038656838478548913,-0.0038656838478548913,0.0,0.0,Bear,False,-0.00578909116547638,-0.00578909116547638,-0.0015293225934608042,-0.0015293225934608042
2014-08-07,-0.0011876355507569976,-0.0011876355507569976,0.0,0.0,Bear,False,-0.0017819959746165658,-0.0017819959746165658,0.0015911600889620613,0.0015911600889620613
2014-08-08,-0.004214402098354838,-0.004214402098354838,0.0,0.0,Bear,False,-0.00632249517508042,-0.00632249517508042,0.0003636795137828188,0.0003636795137828188
2014-08-11,0.003006195446071242,0.003006195446071242,0.0,0.0,Bear,False,0.004522927049481038,0.004522927049481038,-0.0011502173774582728,-0.0011502173774582728
2014-08-12,0.005278959267990544,0.005278959267990544,0.0,0.0,Bear,False,0.007930386598750299,0.007930386598750299,0.006012382436002269,0.006012382436002269
2014-08-13,0.000654994173670078,0.000654994173670078,0.0,0.0,Bear,False,0.0009766167548488551,0.0009766167548488551,-0.00028278789069680467,-0.00028278789069680467
2014-08-14,0.0027012572053309197,0.0027012572053309197,0.0,0.0,Bear,False,0.004050788381384363,0.004050788381384363,0.002486018388476311,0.002486018388476311
2014-08-18,0.004273387792166933,0.004273387792166933,0.0,0.0,Bear,False,0.006392206253756755,0.006392206253756755,0.00031459480474704165,0.00031459480474704165
2014-08-19,0.0012041556436248602,0.0012041556436248602,0.0,0.0,Bear,False,0.0017926897177768235,0.0017926897177768235,-0.00029833677978459053,-0.00029833677978459053
2014-08-20,-0.0011486581893594796,-0.0011486581893594796,0.0,0.0,Bear,False,-0.001708851462262339,-0.001708851462262339,-0.0005171259274424467,-0.0005171259274424467
2014-08-21,0.000814414982357073,0.000814414982357073,0.0,0.0,Bear,False,0.0012156191298984163,0.0012156191298984163,-0.002669552086766918,-0.002669552086766918
2014-08-22,0.00114388818295482,0.00114388818295482,0.0,0.0,Bear,False,0.001702006479998039,0.001702006479998039,0.0015122056831044165,0.0015122056831044165
2014-08-25,-0.0003549808064878323,-0.0003549808064878323,0.0,0.0,Bear,False,-0.0005293463256310679,-0.0005293463256310679,-0.0029216667353140053,-0.0029216667353140053
2014-08-26,-7.975548936480562e-05,-7.975548936480562e-05,0.0,0.0,Bear,False,-0.00011895238376026296,-0.00011895238376026296,0.001924986356625142,0.001924986356625142
2014-08-27,0.0016051961752215848,0.0016051961752215848,0.0,0.0,Bear,False,0.0023988813229711583,0.0023988813229711583,0.00023939274203407628,0.00023939274203407628
2014-08-28,0.0038738513342502336,0.0038738513342502336,0.0,0.0,Bear,False,0.0033444897384777615,0.0033444897384777615,0.0037824371872333595,0.0037824371872333595
2014-09-01,0.003748845526880841,0.003748845526880841,0.0,0.0,Bear,False,0.005594617920413489,0.005594617920413489,0.0031697324719996956,0.0031697324719996956
2014-09-02,0.0028280650100906187,0.0028280650100906187,0.0,0.0,Bear,False,0.004204646394019962,0.004204646394019962,0.0004983536977359338,0.0004983536977359338
2014-09-03,0.0016043374652973395,0.0016043374652973395,0.0,0.0,Bear,False,0.0023845993938700644,0.0023845993938700644,8.64757421022988e-05,8.64757421022988e-05
2014-09-04,-0.000952375903491065,-0.000952375903491065,0.0,0.0,Bear,False,-0.0014098826406616386,-0.0014098826406616386,-0.0021450770190908157,-0.0021450770190908157
2014-09-05,-0.00044961233368229355,-0.0004553161943054995,5.706426302806562e-06,0.011412852605613123,Bear,True,-0.0006744185008587866,-0.000680067373982518,-0.0013540581129261782,-0.0013608001307968687
2014-09-08,0.004302840744321784,0.004302840744321784,0.0,0.0,Bear,False,0.0064557130569202655,0.0064557130569202655,0.0022923331499873634,0.0022923331499873634
2014-09-09,-0.001031099875034951,-0.001031099875034951,0.0,0.0,Bear,False,-0.0015436886186188403,-0.0015436886186188403,-0.0019781214693666686,-0.0019781214693666686
2014-09-10,-0.0028994658640056595,-0.0028994658640056595,0.0,0.0,Bear,False,-0.004343100403496629,-0.004343100403496629,-0.0004121398343696521,-0.0004121398343696521
2014-09-11,-0.00040939787515470314,-0.00040939787515470314,0.0,0.0,Bear,False,-0.0006188397286595173,-0.0006188397286595173,-0.0022126192909109263,-0.0022126192909109263
2014-09-12,0.0009787473635533889,0.0009787473635533889,0.0,0.0,Bear,False,0.0014684958451992918,0.0014684958451992918,-0.000567200645599124,-0.000567200645599124
2014-09-15,-0.003141528072725457,-0.003141528072725457,0.0,0.0,Bear,False,-0.004706479231855089,-0.004706479231855089,-0.0028531729975928145,-0.0028531729975928145
2014-09-16,-0.005399088635666029,-0.005399088635666029,0.0,0.0,Bear,False,-0.008114203024875682,-0.008114203024875682,-0.004242762260328008,-0.004242762260328008
2014-09-17,0.0021161392391190175,0.0021161392391190175,0.0,0.0,Bear,False,0.00319192864580715,0.00319192864580715,-0.000283398458048482,-0.000283398458048482
2014-09-18,0.006921171847401935,0.006921171847401935,0.0,0.0,Bear,False,0.010412927632518975,0.010412927632518975,0.00589349872354087,0.00589349872354087
2014-09-19,0.00033638394205048747,0.00033638394205048747,0.0,0.0,Bear,False,0.0004996342623765749,0.0004996342623765749,-0.0005457405380881107,-0.0005457405380881107
2014-09-22,0.001220553346186038,0.001220553346186038,0.0,0.0,Bear,False,0.0018343876129270644,0.0018343876129270644,-0.0004155143098032131,-0.0004155143098032131
2014-09-23,-0.006339776989359096,-0.006339776989359096,0.0,0.0,Bear,False,-0.009502577802885206,-0.009502577802885206,-0.004016756806795442,-0.004016756806795442
2014-09-24,-0.0007571030057002524,-0.0007571030057002524,0.0,0.0,Bear,False,-0.001133127291215978,-0.001133127291215978,0.0007748462464298822,0.0007748462464298822
2014-09-25,-0.00448892321623051,-0.00448892321623051,0.0,0.0,Bear,False,-0.0067538016955714306,-0.0067538016955714306,-0.005468535043867107,-0.005468535043867107
2014-09-26,0.002842057883538552,0.002842057883538552,0.0,0.0,Bear,False,0.004282751421686605,0.004282751421686605,0.002376725023656541,0.002376725023656541
2014-09-29,-0.0004947173361095195,-0.0004947173361095195,0.0,0.0,Bear,False,-0.0007444295672593166,-0.0007444295672593166,0.00013098446474596502,0.00013098446474596502
2014-09-30,0.0030938835560779115,0.0030938835560779115,0.0,0.0,Bear,False,0.0023150552542283483,0.0023150552542283483,0.00035990643972698996,0.00035990643972698996
2014-10-01,-0.0009546179175240672,-0.0009546179175240672,0.0,0.0,Bear,False,-0.0014379437936942881,-0.0014379437936942881,-0.0008292520065105984,-0.0008292520065105984
2014-10-07,-0.004629451429685356,-0.004629451429685356,0.0,0.0,Bear,False,-0.0069719732475014805,-0.0069719732475014805,-0.00529584675296975,-0.00529584675296975
2014-10-08,-0.0004837126682554647,-0.0004837126682554647,0.0,0.0,Bear,False,-0.000730690108779378,-0.000730690108779378,0.0035243451499796996,0.0035243451499796996
2014-10-09,0.012023206840191274,0.011816397504573528,0.00020435236486674759,0.40870472973349514,Bull,True,0.009019751490848682,0.009015327772133652,0.005279906157829324,0.005276549982983658
2014-10-10,-0.010139818654795933,-0.010139818654795933,0.0,0.0,Bull,False,-0.007627500832197848,-0.007627500832197848,-0.004806259044308572,-0.004806259044308572
2014-10-13,0.0024724859558924507,0.0024724859558924507,0.0,0.0,Bull,False,0.0018528325615069139,0.0018528325615069139,0.0020669121117701346,0.0020669121117701346
2014-10-14,-0.002056897285111806,-0.002056897285111806,0.0,0.0,Bull,False,-0.0015443023984797412,-0.0015443023984797412,-0.0002772850448158204,-0.0002772850448158204
2014-10-15,1.8729090345422259e-06,1.8729090345422259e-06,0.0,0.0,Bull,False,3.7478491010196245e-06,3.7478491010196245e-06,3.121311042947442e-06,3.121311042947442e-06
2014-10-16,-0.011788480092715438,-0.011788480092715438,0.0,0.0,Bull,False,-0.008848480648627479,-0.008848480648627479,0.0005994062179015274,0.0005994062179015274
2014-10-17,0.003244454026336102,0.003244454026336102,0.0,0.0,Bull,False,0.002427433794745965,0.002427433794745965,-0.0022648325517602252,-0.0022648325517602252
2014-10-20,0.010237604126039985,0.010237604126039985,0.0,0.0,Bull,False,0.007668165367270562,0.007668165367270562,0.0036290387134688966,0.0036290387134688966
2014-10-21,0.0049135810996655096,0.0049135810996655096,0.0,0.0,Bull,False,0.0036886182756065452,0.0036886182756065452,0.00913630435158371,0.00913630435158371
2014-10-22,0.006891873465036101,0.006891873465036101,0.0,0.0,Bull,False,0.005180033836397532,0.005180033836397532,-0.0017814521104035966,-0.0017814521104035966
2014-10-27,-0.0004218015943638881,-0.0004218015943638881,0.0,0.0,Bull,False,-0.00031757221679868167,-0.00031757221679868167,-0.004811225917318639,-0.004811225917318639
2014-10-28,0.003607162551260511,0.003607162551260511,0.0,0.0,Bull,False,0.0027155306826081994,0.0027155306826081994,0.0014424741989390525,0.0014424741989390525
2014-10-29,0.0062943285474106455,0.0062943285474106455,0.0,0.0,Bull,False,0.004745138812647287,0.004745138812647287,0.002141403596026806,0.002141403596026806
2014-10-30,0.007832973413880126,0.007832973413880126,0.0,0.0,Bull,False,0.005908692882651254,0.005908692882651254,0.00031976307440314124,0.00031976307440314124
2014-10-31,0.015995428728436827,0.015995428728436827,0.0,0.0,Bull,False,0.013217575037125723,0.013217575037125723,0.0030231077302483016,0.0030231077302483016
2014-11-03,0.00018948789025292505,0.00018948789025292505,0.0,0.0,Bull,False,0.00014366289849672355,0.00014366289849672355,0.0004121264711052394,0.0004121264711052394
2014-11-05,0.0013745467718168185,0.0013745467718168185,0.0,0.0,Bull,False,0.0010421796396547815,0.0010421796396547815,-0.002464896907904216,-0.002464896907904216
2014-11-07,-0.00012809567698705238,-0.00012809567698705238,0.0,0.0,Bull,False,-9.968150819795991e-05,-9.968150819795991e-05,-0.0021966002274698936,-0.0021966002274698936
2014-11-10,0.0007034255836911088,0.0007034255836911088,0.0,0.0,Bull,False,0.0005334983140296288,0.0005334983140296288,0.0032115963130834235,0.0032115963130834235
2014-11-11,0.0017840285880332102,0.0017840285880332102,0.0,0.0,Bull,False,0.001353288695303858,0.001353288695303858,-0.0031829822141989264,-0.0031829822141989264
2014-11-12,0.001998519526921632,0.001998519526921632,0.0,0.0,Bull,False,0.0015166445732616106,0.0015166445732616106,0.002335878390787676,0.002335878390787676
2014-11-13,-8.465904334785631e-05,-0.00045631262750833734,0.0003716850506613455,0.743370101322691,Crisis,True,-0.0018173072799841704,-0.001824693160823898,-0.0008622086083615401,-0.0008716170570403081
2014-11-14,-0.00014847369087033917,-0.00014847369087033917,0.0,0.0,Crisis,False,0.0022980783815425136,0.0022980783815425136,0.0007387724339337565,0.0007387724339337565
2014-11-17,0.004490900820679772,0.004490900820679772,0.0,0.0,Crisis,False,0.002918065895814175,0.002918065895814175,0.007185934865440414,0.007185934865440414
2014-11-18,0.0010384259640436808,0.0010384259640436808,0.0,0.0,Crisis,False,-0.0003459159786852124,-0.0003459159786852124,0.0012399494284368688,0.0012399494284368688
2014-11-19,0.0005366572438083821,0.0005366572438083821,0.0,0.0,Crisis,False,-0.003106873661221536,-0.003106873661221536,-0.000555546008422068,-0.000555546008422068
2014-11-20,-0.0010316744606129647,-0.0010316744606129647,0.0,0.0,Crisis,False,0.0013987399451439806,0.0013987399451439806,-0.0007987901463252205,-0.0007987901463252205
2014-11-21,-8.456476763178743e-05,-8.456476763178743e-05,0.0,0.0,Crisis,False,0.005396966073919661,0.005396966073919661,0.00206984265815915,0.00206984265815915
2014-11-24,0.0008268021296056281,0.0008268021296056281,0.0,0.0,Crisis,False,0.0037537146593993706,0.0037537146593993706,0.002625883024364702,0.002625883024364702
2014-11-25,0.001009675525938176,0.001009675525938176,0.0,0.0,Crisis,False,-0.0047489498665588764,-0.0047489498665588764,-0.0005977025017003192,-0.0005977025017003192
2014-11-26,0.0017322487603932547,0.0017322487603932547,0.0,0.0,Crisis,False,0.0008960925745970388,0.0008960925745970388,0.0026705594204728617,0.0026705594204728617
2014-11-27,-0.002034162430821514,-0.002034162430821514,0.0,0.0,Crisis,False,0.001315974094857738,0.001315974094857738,-0.0021717899656265105,-0.0021717899656265105
2014-11-28,0.0034912732445125326,0.0034912732445125326,0.0,0.0,Crisis,False,0.008391485564361064,0.008391485564361064,0.004878459376978373,0.004878459376978373
2014-12-01,-0.00554418357448376,-0.00554418357448376,0.0,0.0,Crisis,False,-0.002274108879874854,-0.002274108879874854,-0.008277577164743881,-0.008277577164743881
2014-12-02,0.0027488104822223293,0.0027488104822223293,0.0,0.0,Crisis,False,-0.002205834992348016,-0.002205834992348016,0.002752162721206852,0.002752162721206852
2014-12-03,0.0023065234053324915,0.0023065234053324915,0.0,0.0,Crisis,False,0.0009160009112046016,0.0009160009112046016,0.003437274411009729,0.003437274411009729
2014-12-04,-0.00028181385976661327,-0.00028181385976661327,0.0,0.0,Crisis,False,0.0018903653212915547,0.0018903653212915547,0.00039637298680470607,0.00039637298680470607
2014-12-05,-0.0012402302674581693,-0.0012402302674581693,0.0,0.0,Crisis,False,-0.001840992469310665,-0.001840992469310665,-0.002395296207974615,-0.002395296207974615
2014-12-08,-0.00045434835212221505,-0.00045434835212221505,0.0,0.0,Crisis,False,-0.007069981378065625,-0.007069981378065625,-0.003489480148886881,-0.003489480148886881
2014-12-09,-2.521043293691376e-05,-2.521043293691376e-05,0.0,0.0,Crisis,False,-0.006942402485638776,-0.006942402485638776,-0.002857774497649054,-0.002857774497649054
2014-12-10,0.005173825868842926,0.005173825868842926,0.0,0.0,Crisis,False,0.0010714102875876675,0.0010714102875876675,0.007341065249787258,0.007341065249787258
2014-12-11,-0.0024048023801014197,-0.0024048023801014197,0.0,0.0,Crisis,False,-0.004492184834729518,-0.004492184834729518,-0.005012111296060733,-0.005012111296060733
2014-12-12,-0.0033185388932229967,-0.0034854785604665484,0.0001674955076000291,0.3349910152000582,Bear,True,-0.004977808342744239,-0.004979621225851938,-0.0002461504697205408,-0.0002499290127896403
2014-12-15,-0.00021777582903294025,-0.00021777582903294025,0.0,0.0,Bear,False,-0.00032720847852461306,-0.00032720847852461306,-0.0008497460732496415,-0.0008497460732496415
2014-12-16,-0.007357562227469681,-0.007357562227469681,0.0,0.0,Bear,False,-0.011055957373207269,-0.011055957373207269,-0.006792476297859707,-0.006792476297859707
2014-12-17,-0.001837423772232258,-0.001837423772232258,0.0,0.0,Bear,False,-0.0027762764655471822,-0.0027762764655471822,-0.0016507544028030643,-0.0016507544028030643
2014-12-18,0.006326556605379375,0.006326556605379375,0.0,0.0,Bear,False,0.009551236765395939,0.009551236765395939,0.0039391845097327014,0.0039391845097327014
2014-12-19,0.0031992389963734886,0.0031992389963734886,0.0,0.0,Bear,False,0.004814480879024694,0.004814480879024694,0.0021068780117817435,0.0021068780117817435
2014-12-22,0.004775274177277702,0.004775274177277702,0.0,0.0,Bear,False,0.007179538421854116,0.007179538421854116,0.005954455183706015,0.005954455183706015
2014-12-23,-0.002739426156934044,-0.002739426156934044,0.0,0.0,Bear,False,-0.004110890160380588,-0.004110890160380588,-0.006190385307284176,-0.006190385307284176
2014-12-24,-0.004492326910787778,-0.004492326910787778,0.0,0.0,Bear,False,-0.006737874549028111,-0.006737874549028111,-0.004734661864115912,-0.004734661864115912
2014-12-26,0.0012962619558191408,0.0012962619558191408,0.0,0.0,Bear,False,0.0019451333571864442,0.0019451333571864442,0.0039972411959414336,0.0039972411959414336
2014-12-29,0.002209265082591392,0.002209265082591392,0.0,0.0,Bear,False,0.0033213222983524793,0.0033213222983524793,0.0031168377185332163,0.0031168377185332163
2014-12-30,9.427714041327381e-05,9.427714041327381e-05,0.0,0.0,Bear,False,0.0001415754547445155,0.0001415754547445155,-0.001470448365706434,-0.001470448365706434
2014-12-31,0.004481314149044742,0.004481314149044742,0.0,0.0,Bear,False,0.004379984974160188,0.004379984974160188,0.0036115246889709984,0.0036115246889709984
2015-01-01,-6.180511569254662e-06,-6.180511569254662e-06,0.0,0.0,Bear,False,-4.125216468336693e-06,-4.125216468336693e-06,-0.0010563836392347894,-0.0010563836392347894
2015-01-02,0.005431992319896552,0.005431992319896552,0.0,0.0,Bear,False,0.008152456344684391,0.008152456344684391,0.0038411602042825836,0.0038411602042825836
2015-01-05,-0.0008221936106056772,-0.0008221936106056772,0.0,0.0,Bear,False,-0.0012263004136960252,-0.0012263004136960252,0.0013328955857824874,0.0013328955857824874
2015-01-06,-0.012019632535040375,-0.012019632535040375,0.0,0.0,Bear,False,-0.01801444069155142,-0.01801444069155142,-0.005777593935045641,-0.005777593935045641
2015-01-07,-0.0012304647980509755,-0.0012304647980509755,0.0,0.0,Bear,False,-0.0018496764721819066,-0.0018496764721819066,-0.0004379511738444409,-0.0004379511738444409
2015-01-08,0.006438343357978692,0.006438343357978692,0.0,0.0,Bear,False,0.009706420209940041,0.009706420209940041,0.0008389420517965106,0.0008389420517965106
2015-01-09,0.002406887898070616,0.002406887898070616,0.0,0.0,Bear,False,0.0036188166687826533,0.0036188166687826533,0.0003038517383874917,0.0003038517383874917
2015-01-12,0.0018463643372301458,0.0018463643372301458,0.0,0.0,Bear,False,0.0027778589555861994,0.0027778589555861994,0.004591558328672433,0.004591558328672433
2015-01-13,0.0019278749981890095,0.001759793925116826,0.00016775765727889815,0.3355153145577963,Crisis,True,-0.0016971707970847127,-0.0016972964512657063,0.0018619309208349013,0.0018618199189937013
2015-01-14,-0.0015897081964359415,-0.0015897081964359415,0.0,0.0,Crisis,False,-0.0015819910056998365,-0.0015819910056998365,-0.0027626572309374198,-0.0027626572309374198
2015-01-15,0.0009602329685575729,0.0009602329685575729,0.0,0.0,Crisis,False,0.015665933365520763,0.015665933365520763,0.007733792627548482,0.007733792627548482
2015-01-16,0.00554758584323329,0.00554758584323329,0.0,0.0,Crisis,False,0.0014033107305707632,0.0014033107305707632,0.007930334986874808,0.007930334986874808
2015-01-19,0.0025097440520888093,0.0025097440520888093,0.0,0.0,Crisis,False,0.002619968517136452,0.002619968517136452,0.004407799788945727,0.004407799788945727
2015-01-20,0.003742873264452436,0.003742873264452436,0.0,0.0,Crisis,False,0.010281059942828697,0.010281059942828697,0.009166405870844531,0.009166405870844531
2015-01-21,0.001442890587336573,0.001442890587336573,0.0,0.0,Crisis,False,0.0023799228588228883,0.0023799228588228883,0.002875561399597385,0.002875561399597385
2015-01-22,-0.0019214697211978257,-0.0019214697211978257,0.0,0.0,Crisis,False,0.00223020520747813,0.00223020520747813,-0.0015934785346543453,-0.0015934785346543453
2015-01-23,0.0012049019261727186,0.0012049019261727186,0.0,0.0,Crisis,False,0.0051890910262089515,0.0051890910262089515,0.0037176798622371556,0.0037176798622371556
2015-01-27,-0.0014493220979351815,-0.0014493220979351815,0.0,0.0,Crisis,False,0.005207084759853126,0.005207084759853126,0.0002611969222268214,0.0002611969222268214
2015-01-28,0.0012045312157759887,0.0012045312157759887,0.0,0.0,Crisis,False,0.0002627945157616683,0.0002627945157616683,0.001681671647638378,0.001681671647638378
2015-01-29,-0.0013720210208222896,-0.0013720210208222896,0.0,0.0,Crisis,False,0.002630833359670999,0.002630833359670999,-0.0006968082187509663,-0.0006968082187509663
2015-01-30,0.004578785429255739,0.004578785429255739,0.0,0.0,Crisis,False,-0.008191035999446414,-0.008191035999446414,-0.0006499440336628229,-0.0006499440336628229
2015-02-02,-0.0009849183427255704,-0.0009849183427255704,0.0,0.0,Crisis,False,-0.0007995942519776195,-0.0007995942519776195,-0.0016217528367510595,-0.0016217528367510595
2015-02-03,-0.0005833717163886826,-0.0005833717163886826,0.0,0.0,Crisis,False,-0.0028426115189219394,-0.0028426115189219394,-0.0019423249136238804,-0.0019423249136238804
2015-02-04,-0.0029120795949258566,-0.0029120795949258566,0.0,0.0,Crisis,False,-0.002292375295234476,-0.002292375295234476,-0.004772854102926698,-0.004772854102926698
2015-02-05,0.0008470468230002832,0.0008470468230002832,0.0,0.0,Crisis,False,-0.0008353430394349748,-0.0008353430394349748,0.0007605065275619515,0.0007605065275619515
2015-02-06,-0.00034797183358505806,-0.00034797183358505806,0.0,0.0,Crisis,False,-0.0035496587556396687,-0.0035496587556396687,-0.0019204530814221927,-0.0019204530814221927
2015-02-09,-0.005323383801161997,-0.005323383801161997,0.0,0.0,Crisis,False,-0.009462975601510297,-0.009462975601510297,-0.01092832270507005,-0.01092832270507005
2015-02-10,0.0003403366955646251,0.0003403366955646251,0.0,0.0,Crisis,False,0.002780206231951546,0.002780206231951546,0.001602286590179003,0.001602286590179003
2015-02-11,0.0005887336796285008,0.0005887336796285008,0.0,0.0,Crisis,False,0.004374484146874268,0.004374484146874268,0.002592803112102768,0.002592803112102768
2015-02-12,0.007802991337170339,0.007433142184523955,0.0003669855674429466,0.7339711348858932,Bull,True,0.005852243567177462,0.005848456826808235,0.0005403486959069483,0.0005372467266202552
2015-02-13,0.008646375044124917,0.008646375044124917,0.0,0.0,Bull,False,0.006499900777566151,0.006499900777566151,0.0051189109710024,0.0051189109710024
2015-02-16,0.0003511657317769635,0.0003511657317769635,0.0,0.0,Bull,False,0.0002644478463902999,0.0002644478463902999,0.0010001782346687282,0.0010001782346687282
2015-02-18,0.005448549228943272,0.005448549228943272,0.0,0.0,Bull,False,0.00410342450651318,0.00410342450651318,-0.0010399041409284182,-0.0010399041409284182
2015-02-19,0.002376225474654369,0.002376225474654369,0.0,0.0,Bull,False,0.0017919860264104892,0.0017919860264104892,8.933894879531185e-06,8.933894879531185e-06
2015-02-20,-0.005582630731723047,-0.005582630731723047,0.0,0.0,Bull,False,-0.004212491868858922,-0.004212491868858922,-0.002515891917987227,-0.002515891917987227
2015-02-23,-0.007156145368768846,-0.007156145368768846,0.0,0.0,Bull,False,-0.00539239074192855,-0.00539239074192855,-0.00470519215479689,-0.00470519215479689
2015-02-24,0.0006531765770942719,0.0006531765770942719,0.0,0.0,Bull,False,0.0004887819664651127,0.0004887819664651127,-0.0027747857839222835,-0.0027747857839222835
2015-02-25,0.00047169286743677785,0.00047169286743677785,0.0,0.0,Bull,False,0.0003548640712710214,0.0003548640712710214,0.001174221788759604,0.001174221788759604
2015-02-26,-0.007632511825000573,-0.007632511825000573,0.0,0.0,Bull,False,-0.005740230396238077,-0.005740230396238077,-0.0035759079236070113,-0.0035759079236070113
2015-02-27,0.015622325022881594,0.015622325022881594,0.0,0.0,Bull,False,0.012725754991793079,0.012725754991793079,0.007017241733971702,0.007017241733971702
2015-03-02,0.010184152426603999,0.010184152426603999,0.0,0.0,Bull,False,0.007667413928257659,0.007667413928257659,0.007743463314979218,0.007743463314979218
2015-03-03,0.0035514532416306478,0.0035514532416306478,0.0,0.0,Bull,False,0.0026813649804013112,0.0026813649804013112,-0.0009051297783799444,-0.0009051297783799444
2015-03-04,-0.006591961202132732,-0.006591961202132732,0.0,0.0,Bull,False,-0.004978792574507523,-0.004978792574507523,-0.0029919928252758092,-0.0029919928252758092
2015-03-05,0.0013597913101401848,0.0013597913101401848,0.0,0.0,Bull,False,0.0010233718419402982,0.0010233718419402982,0.002523312222604725,0.002523312222604725
2015-03-09,-0.016299608392248525,-0.016299608392248525,0.0,0.0,Bull,False,-0.012298628900314848,-0.012298628900314848,-0.009908332524950448,-0.009908332524950448
2015-03-10,-0.004092588928484644,-0.004092588928484644,0.0,0.0,Bull,False,-0.0030761187950646487,-0.0030761187950646487,-0.004499932379658397,-0.004499932379658397
2015-03-11,-0.0011143777300792414,-0.0011143777300792414,0.0,0.0,Bull,False,-0.0008392861450352072,-0.0008392861450352072,-0.002048547643113833,-0.002048547643113833
2015-03-12,0.007001290143683986,0.007001290143683986,0.0,0.0,Bull,False,0.005258118269262633,0.005258118269262633,0.0022263513525363045,0.0022263513525363045
2015-03-13,-0.011721449536134186,-0.011721449536134186,0.0,0.0,Bull,False,-0.00881406234319736,-0.00881406234319736,-0.005683553184716771,-0.005683553184716771
2015-03-16,-0.0013522025238167728,-0.0013522025238167728,0.0,0.0,Bull,False,-0.0010163698960403496,-0.0010163698960403496,-0.00044049698640269256,-0.00044049698640269256
2015-03-17,-0.0006902137798853881,-0.001063953946762175,0.0003739983056609465,0.747996611321893,Crisis,True,0.006265343008067825,0.006264942405635132,0.001843818447394304,0.0018383491901547977
2015-03-18,-0.000907985778918018,-0.000907985778918018,0.0,0.0,Crisis,False,-0.00258305840941419,-0.00258305840941419,-0.0023521877611990868,-0.0023521877611990868
2015-03-19,0.00013015682479856065,0.00013015682479856065,0.0,0.0,Crisis,False,-0.0035447798553966876,-0.0035447798553966876,-0.0014049430415317185,-0.0014049430415317185
2015-03-20,-9.811838811323563e-05,-9.811838811323563e-05,0.0,0.0,Crisis,False,-0.004430115921630796,-0.004430115921630796,-0.0020892970979604366,-0.0020892970979604366
2015-03-23,0.0008048001813584832,0.0008048001813584832,0.0,0.0,Crisis,False,-0.0014001186983185773,-0.0014001186983185773,0.00046611719064534434,0.00046611719064534434
2015-03-24,0.001486346903273563,0.001486346903273563,0.0,0.0,Crisis,False,-0.0005516119722905339,-0.0005516119722905339,0.0017365665809465866,0.0017365665809465866
2015-03-25,-0.00030732136921608364,-0.00030732136921608364,0.0,0.0,Crisis,False,-0.0008497702233377317,-0.0008497702233377317,-0.000784021385156101,-0.000784021385156101
2015-03-26,0.004362218729313296,0.004362218729313296,0.0,0.0,Crisis,False,-0.013209030280711347,-0.013209030280711347,4.065098756868363e-05,4.065098756868363e-05
2015-03-27,-0.0036941416916861087,-0.0036941416916861087,0.0,0.0,Crisis,False,-4.904030319197715e-05,-4.904030319197715e-05,-0.00499086648778366,-0.00499086648778366
2015-03-30,2.1994839797361324e-05,2.1994839797361324e-05,0.0,0.0,Crisis,False,0.010704445154978181,0.010704445154978181,0.004691450719136679,0.004691450719136679
2015-03-31,0.0017750149884469318,0.0017750149884469318,0.0,0.0,Crisis,False,0.001674984639892685,0.001674984639892685,-0.0002862148293903699,-0.0002862148293903699
2015-04-01,0.0020852406227198517,0.0020852406227198517,0.0,0.0,Crisis,False,0.006669809753864302,0.006669809753864302,0.005733189554613802,0.005733189554613802
2015-04-06,0.005653141788899082,0.005653141788899082,0.0,0.0,Crisis,False,0.005130642713715627,0.005130642713715627,0.009801705473659012,0.009801705473659012
2015-04-07,-0.0010181076221889372,-0.0010181076221889372,0.0,0.0,Crisis,False,2.345133418386792e-05,2.345133418386792e-05,-0.0013367992476681432,-0.0013367992476681432
2015-04-08,0.0005109560741238046,0.0005109560741238046,0.0,0.0,Crisis,False,0.0037463455334124907,0.0037463455334124907,0.002321011937166747,0.002321011937166747
2015-04-09,-0.0032483200880241243,-0.0032483200880241243,0.0,0.0,Crisis,False,0.004408377333901323,0.004408377333901323,-0.0023838072172360242,-0.0023838072172360242
2015-04-10,0.001363335707075075,0.001363335707075075,0.0,0.0,Crisis,False,0.0001449676147734478,0.0001449676147734478,0.0018662955064330591,0.0018662955064330591
2015-04-13,0.0005586716118071059,0.0005586716118071059,0.0,0.0,Crisis,False,0.0036803518307990993,0.0036803518307990993,0.002371844730369653,0.002371844730369653
2015-04-15,-0.0017866797015134725,-0.0017866797015134725,0.0,0.0,Crisis,False,0.0,0.0,-0.00236705031861965,-0.00236705031861965
2015-04-16,0.0014896426322586326,0.0014896426322586326,0.0,0.0,Crisis,False,-0.008706298821686158,-0.008706298821686158,-0.0018852277489939848,-0.0018852277489939848
2015-04-17,-0.0002659226044438949,-0.0002659226044438949,0.0,0.0,Crisis,False,-0.0069550959851766335,-0.0069550959851766335,-0.003401646695636749,-0.003401646695636749
2015-04-20,0.0008266249544781458,0.0008250040223969357,1.6195932850581757e-06,0.0032391865701163515,Crisis,True,-0.011004421217365067,-0.011005313437501774,-0.0037184047747241085,-0.003720674719005279
2015-04-21,0.0020677130884433157,0.0020677130884433157,0.0,0.0,Crisis,False,-0.004963515690977225,-0.004963515690977225,0.0006228759601289221,0.0006228759601289221
2015-04-22,-0.0022912864404550795,-0.0022912864404550795,0.0,0.0,Crisis,False,0.0036804738651324675,0.0036804738651324675,-0.0014845517057945064,-0.0014845517057945064
2015-04-23,-0.0018175360291141536,-0.0018175360291141536,0.0,0.0,Crisis,False,-0.002212183771408636,-0.002212183771408636,-0.003404053269708998,-0.003404053269708998
2015-04-24,0.0010066327863774323,0.0010066327863774323,0.0,0.0,Crisis,False,-0.006582613370647763,-0.006582613370647763,-0.001508525141647359,-0.001508525141647359
2015-04-27,-0.0020310332569681215,-0.0020310332569681215,0.0,0.0,Crisis,False,-0.006516615147933553,-0.006516615147933553,-0.005541907921405021,-0.005541907921405021
2015-04-28,0.002300838028680738,0.002300838028680738,0.0,0.0,Crisis,False,0.005146521359747117,0.005146521359747117,0.005329720549486445,0.005329720549486445
2015-04-29,0.003695441836757661,0.003695441836757661,0.0,0.0,Crisis,False,-0.0015399341224362215,-0.0015399341224362215,0.0010209782677376004,0.0010209782677376004
2015-04-30,0.000724857951093478,0.000724857951093478,0.0,0.0,Crisis,False,-0.004164436609241506,-0.004164436609241506,-0.000806942789650437,-0.000806942789650437
2015-05-04,-0.0022753929712017265,-0.0022753929712017265,0.0,0.0,Crisis,False,0.010794488201817252,0.010794488201817252,0.0015484391432345622,0.0015484391432345622
2015-05-05,-0.0005239183272092721,-0.0005239183272092721,0.0,0.0,Crisis,False,-0.000507352394195054,-0.000507352394195054,-0.0009254605149150721,-0.0009254605149150721
2015-05-06,-0.00015990002694194557,-0.00015990002694194557,0.0,0.0,Crisis,False,-0.016171626037511794,-0.016171626037511794,-0.007223168991789304,-0.007223168991789304
2015-05-07,0.0005874792812764059,0.0005874792812764059,0.0,0.0,Crisis,False,-0.00286466368273483,-0.00286466368273483,-0.0004329004079616655,-0.0004329004079616655
2015-05-08,0.0004042504621225348,0.0004042504621225348,0.0,0.0,Crisis,False,0.009711359689014357,0.009711359689014357,0.004709343487481171,0.004709343487481171
2015-05-11,0.0005033666872462762,0.0005033666872462762,0.0,0.0,Crisis,False,0.009585691334423186,0.009585691334423186,0.004807670312544091,0.004807670312544091
2015-05-12,-0.0002226787939773752,-0.0002226787939773752,0.0,0.0,Crisis,False,-0.014076955875290618,-0.014076955875290618,-0.006389081486097731,-0.006389081486097731
2015-05-13,0.0020360725092311398,0.0020360725092311398,0.0,0.0,Crisis,False,0.007812196948249297,0.007812196948249297,0.006112448421269058,0.006112448421269058
2015-05-14,0.0032194916177813947,0.0032194916177813947,0.0,0.0,Crisis,False,-0.0008037414345194543,-0.0008037414345194543,0.003999888513444941,0.003999888513444941
2015-05-15,-0.0007860150359575244,-0.0007860150359575244,0.0,0.0,Crisis,False,0.0027277270347663097,0.0027277270347663097,0.0001070652706159584,0.0001070652706159584
2015-05-18,0.0032173354033309468,0.0032173354033309468,0.0,0.0,Crisis,False,0.007936485457003825,0.007936485457003825,0.007740080715818865,0.007740080715818865
2015-05-19,-0.0019371698417003226,-0.0019371698417003226,0.0,0.0,Crisis,False,-0.0005659614268801723,-0.0005659614268801723,-0.002841426616663169,-0.002841426616663169
2015-05-20,-0.0011668977450565385,-0.0011693482856384163,2.453403452827928e-06,0.0049068069056558555,Crisis,True,0.004131151077473882,0.004127217178448106,0.0002522596659000711,0.0002473536127067799
2015-05-21,0.00019488639732519655,0.00019488639732519655,0.0,0.0,Crisis,False,-0.00016071026496829137,-0.00016071026496829137,0.00018886697776223234,0.00018886697776223234
2015-05-22,-0.0013325965750398054,-0.0013325965750398054,0.0,0.0,Crisis,False,0.0027110961206510964,0.0027110961206510964,-0.0005835052473151866,-0.0005835052473151866
2015-05-25,-0.001002471200002728,-0.001002471200002728,0.0,0.0,Crisis,False,-0.00631945543315532,-0.00631945543315532,-0.004118538499033366,-0.004118538499033366
2015-05-26,-0.0008304420885217872,-0.0008304420885217872,0.0,0.0,Crisis,False,-0.0022155025899576516,-0.0022155025899576516,-0.0020824683234469763,-0.0020824683234469763
2015-05-27,-0.0007095628878060198,-0.0007095628878060198,0.0,0.0,Crisis,False,-0.00034132268246879694,-0.00034132268246879694,-0.0010982378608370192,-0.0010982378608370192
2015-05-28,-0.0005142805385226478,-0.0005142805385226478,0.0,0.0,Crisis,False,-0.001121330212771016,-0.001121330212771016,-0.0011808471235241241,-0.0011808471235241241
2015-05-29,0.003436536193382006,0.003436536193382006,0.0,0.0,Crisis,False,0.009926314407635396,0.009926314407635396,0.005717407522101931,0.005717407522101931
2015-06-01,-0.0008616328550797549,-0.0008616328550797549,0.0,0.0,Crisis,False,-1.3726443424012124e-05,-1.3726443424012124e-05,-0.0011640092508320228,-0.0011640092508320228
2015-06-02,0.00047866021678948643,0.00047866021678948643,0.0,0.0,Crisis,False,-0.014033944350827648,-0.014033944350827648,-0.005568845841434246,-0.005568845841434246
2015-06-03,-0.0008385657129457857,-0.0008385657129457857,0.0,0.0,Crisis,False,-0.007324627483775798,-0.007324627483775798,-0.004338806232433398,-0.004338806232433398
2015-06-04,-0.0005295382821215536,-0.0005295382821215536,0.0,0.0,Crisis,False,-0.00032816740022377424,-0.00032816740022377424,-0.0008492245584822844,-0.0008492245584822844
2015-06-05,-0.0018268165801399682,-0.0018268165801399682,0.0,0.0,Crisis,False,-0.0011574030894075354,-0.0011574030894075354,-0.0029775793992520123,-0.0029775793992520123
2015-06-08,-7.466395070690945e-05,-7.466395070690945e-05,0.0,0.0,Crisis,False,-0.005143970085837704,-0.005143970085837704,-0.002355360982315862,-0.002355360982315862
2015-06-09,-0.0001986977072295604,-0.0001986977072295604,0.0,0.0,Crisis,False,-0.0015940378797094823,-0.0015940378797094823,-0.0009655393634863266,-0.0009655393634863266
2015-06-10,0.0010911078289530312,0.0010911078289530312,0.0,0.0,Crisis,False,0.007491115035041514,0.007491115035041514,0.004749458852815559,0.004749458852815559
2015-06-11,-0.0033475564129148106,-0.0033475564129148106,0.0,0.0,Crisis,False,-0.011592081658361795,-0.011592081658361795,-0.009593330181768434,-0.009593330181768434
2015-06-12,0.0017168637447813342,0.0017168637447813342,0.0,0.0,Crisis,False,0.001293680575028398,0.001293680575028398,0.0028962837603228554,0.0028962837603228554
2015-06-15,-0.000132578163297638,-0.000132578163297638,0.0,0.0,Crisis,False,0.002282206764041599,0.002282206764041599,0.0008161869417151373,0.0008161869417151373
2015-06-16,0.0008990601182395372,0.0008990601182395372,0.0,0.0,Crisis,False,0.002453287640264137,0.002453287640264137,0.0022901642926504554,0.0022901642926504554
2015-06-17,-0.00013304109320656652,-0.00013304109320656652,0.0,0.0,Crisis,False,0.0032422940879147768,0.0032422940879147768,0.0012372692436891132,0.0012372692436891132
2015-06-18,0.002100841630837487,0.002097891973879662,2.9434731868357418e-06,0.005886946373671483,Crisis,True,0.006158298099133352,0.0061537550024246546,0.00559680748475085,0.005592902362170582
2015-06-19,-1.9789055306624714e-06,-1.9789055306624714e-06,0.0,0.0,Crisis,False,0.003710680335056796,0.003710680335056796,0.001682856317224372,0.001682856317224372
2015-06-22,-0.0005505856651157036,-0.0005505856651157036,0.0,0.0,Crisis,False,0.009405329559264874,0.009405329559264874,0.0035584657844853337,0.0035584657844853337
2015-06-23,-0.0018465588452898111,-0.0018465588452898111,0.0,0.0,Crisis,False,0.002069494796646117,0.002069494796646117,-0.0014919466139658416,-0.0014919466139658416
2015-06-24,-0.001194459615012304,-0.001194459615012304,0.0,0.0,Crisis,False,-0.00149863179880086,-0.00149863179880086,-0.0022738583849856242,-0.0022738583849856242
2015-06-25,0.0011681143264149132,0.0011681143264149132,0.0,0.0,Crisis,False,0.002700822017708013,0.002700822017708013,0.0027860335671570403,0.0027860335671570403
2015-06-26,-0.00040249202459957315,-0.00040249202459957315,0.0,0.0,Crisis,False,-0.001225343785660439,-0.001225343785660439,-0.0010945794667124873,-0.0010945794667124873
2015-06-29,0.000669238532823735,0.000669238532823735,0.0,0.0,Crisis,False,-0.004551513399709118,-0.004551513399709118,-0.0012083641047954696,-0.0012083641047954696
2015-06-30,0.0019054804682427915,0.0019054804682427915,0.0,0.0,Crisis,False,0.005179614797688023,0.005179614797688023,0.0018630516476302623,0.0018630516476302623
2015-07-01,0.00025724861326434416,0.00025724861326434416,0.0,0.0,Crisis,False,0.006134000990717735,0.006134000990717735,0.003160006683230568,0.003160006683230568
2015-07-02,-0.0015893027848126386,-0.0015893027848126386,0.0,0.0,Crisis,False,-0.0005915053214055829,-0.0005915053214055829,-0.002361998814132075,-0.002361998814132075
2015-07-03,-0.0005697580611459449,-0.0005697580611459449,0.0,0.0,Crisis,False,0.002889854204791169,0.002889854204791169,0.0005745324183444718,0.0005745324183444718
2015-07-06,-0.00011882510300641771,-0.00011882510300641771,0.0,0.0,Crisis,False,0.0026759493129673052,0.0026759493129673052,0.0010897738150165445,0.0010897738150165445
2015-07-07,0.0007492827732484784,0.0007492827732484784,0.0,0.0,Crisis,False,-0.0008143982212877185,-0.0008143982212877185,0.0006095088175472568,0.0006095088175472568
2015-07-08,-0.0010572640075894432,-0.0010572640075894432,0.0,0.0,Crisis,False,-0.010605758505958487,-0.010605758505958487,-0.006311130128890702,-0.006311130128890702
2015-07-09,0.0012973897526155536,0.0012973897526155536,0.0,0.0,Crisis,False,-0.002507833017748925,-0.002507833017748925,0.0005701768193390004,0.0005701768193390004
2015-07-10,-0.001263810209289498,-0.001263810209289498,0.0,0.0,Crisis,False,0.0023322377188707195,0.0023322377188707195,-0.0006111659521017753,-0.0006111659521017753
2015-07-13,-0.0009616175147173525,-0.0009616175147173525,0.0,0.0,Crisis,False,0.007189890069565899,0.007189890069565899,0.0020479866644683457,0.0020479866644683457
2015-07-14,-0.0005417195491163297,-0.0005417195491163297,0.0,0.0,Crisis,False,-0.00039618304236498396,-0.00039618304236498396,-0.0009067641536316221,-0.0009067641536316221
2015-07-15,0.0005175503305624254,0.0005175503305624254,0.0,0.0,Crisis,False,0.005025468192291399,0.005025468192291399,0.0030131912931977787,0.0030131912931977787
2015-07-16,-0.0012034548651697818,-0.0012034548651697818,0.0,0.0,Crisis,False,0.006044151974644957,0.006044151974644957,0.0012212490634933818,0.0012212490634933818
2015-07-17,0.00016726712547420698,-0.00020841584845465722,0.00037562014502687025,0.7512402900537405,Bull,True,0.00012545034438713465,0.00011853088195512562,-0.0002547961291317809,-0.00026341526106521407
2015-07-20,-0.0005946381822334825,-0.0005946381822334825,0.0,0.0,Bull,False,-0.00044599728159221624,-0.00044599728159221624,-0.004142617509921949,-0.004142617509921949
2015-07-21,-0.006880224717275134,-0.006880224717275134,0.0,0.0,Bull,False,-0.005159616909883617,-0.005159616909883617,-0.0020846633796834154,-0.0020846633796834154
2015-07-22,0.009739155966073155,0.009739155966073155,0.0,0.0,Bull,False,0.007288457660047508,0.007288457660047508,-0.00352349718442597,-0.00352349718442597
2015-07-23,-0.004049775857989238,-0.004049775857989238,0.0,0.0,Bull,False,-0.0030366521296203543,-0.0030366521296203543,-0.0006015603756239629,-0.0006015603756239629
2015-07-24,-0.006353676487668734,-0.006353676487668734,0.0,0.0,Bull,False,-0.004763234222042251,-0.004763234222042251,-0.003576513025466425,-0.003576513025466425
2015-07-27,-0.015043822729718812,-0.015043822729718812,0.0,0.0,Bull,False,-0.011262551877034385,-0.011262551877034385,-0.005379217667733034,-0.005379217667733034
2015-07-28,-0.0022828897896101873,-0.0022828897896101873,0.0,0.0,Bull,False,-0.001702170772452648,-0.001702170772452648,-0.0014081404083637235,-0.0014081404083637235
2015-07-29,0.003629632084175742,0.003629632084175742,0.0,0.0,Bull,False,0.002707286770686799,0.002707286770686799,9.613837321861883e-05,9.613837321861883e-05
2015-07-30,0.0044389046945136415,0.0044389046945136415,0.0,0.0,Bull,False,0.0033083343566484634,0.0033083343566484634,0.000815186445039814,0.000815186445039814
2015-07-31,0.011315225700786235,0.011315225700786235,0.0,0.0,Bull,False,0.0094608534722149,0.0094608534722149,0.005299656743718815,0.005299656743718815
2015-08-03,0.0009559277677384546,0.0009559277677384546,0.0,0.0,Bull,False,0.0007176753008854555,0.0007176753008854555,0.0010271689307159272,0.0010271689307159272
2015-08-04,-0.002445086642567614,-0.002445086642567614,0.0,0.0,Bull,False,-0.0018321263755869423,-0.0018321263755869423,-0.001788189852606112,-0.001788189852606112
2015-08-05,0.004783125830414905,0.004783125830414905,0.0,0.0,Bull,False,0.0035794017195771265,0.0035794017195771265,-0.0005106582298631595,-0.0005106582298631595
2015-08-06,0.001927401425802039,0.001927401425802039,0.0,0.0,Bull,False,0.0014404927269220291,0.0014404927269220291,0.0004312225048457409,0.0004312225048457409
2015-08-07,-0.0022353982457303683,-0.0022353982457303683,0.0,0.0,Bull,False,-0.001671907530515582,-0.001671907530515582,0.0008487382982068829,0.0008487382982068829
2015-08-10,-0.0036383404392750173,-0.0036383404392750173,0.0,0.0,Bull,False,-0.0027263680517789343,-0.0027263680517789343,-0.00022607919340733517,-0.00022607919340733517
2015-08-11,-0.005918856513167012,-0.005918856513167012,0.0,0.0,Bull,False,-0.004427051191973417,-0.004427051191973417,0.0038294470828082834,0.0038294470828082834
2015-08-12,-0.010627892044833243,-0.010627892044833243,0.0,0.0,Bull,False,-0.007937296693864584,-0.007937296693864584,0.00010145889694543591,0.00010145889694543591
2015-08-13,0.0006109751389254569,0.0006109751389254569,0.0,0.0,Bull,False,0.0004576542815014115,0.0004576542815014115,0.0014665942515174248,0.0014665942515174248
2015-08-14,0.015471007474113766,0.015471007474113766,0.0,0.0,Bull,False,0.011524740807647095,0.011524740807647095,0.005777338812104457,0.005777338812104457
2015-08-17,-0.0038738988029452604,-0.003875054347664997,1.1600385918621362e-06,0.002320077183724272,Bull,True,-0.0029054241117872693,-0.0029071540980878385,0.00038554575411464654,0.0003842283257105006
2015-08-18,-0.001013487653584342,-0.001013487653584342,0.0,0.0,Bull,False,-0.0007593774457034738,-0.0007593774457034738,0.0011743589125731654,0.0011743589125731654
2015-08-19,0.002699139338413407,0.002699139338413407,0.0,0.0,Bull,False,0.0020218739603524937,0.0020218739603524937,0.001089101478879719,0.001089101478879719
2015-08-20,-0.011520266762773918,-0.011520266762773918,0.0,0.0,Bull,False,-0.008635445548974795,-0.008635445548974795,-8.094648949785645e-05,-8.094648949785645e-05
2015-08-21,-0.006931738594099714,-0.006931738594099714,0.0,0.0,Bull,False,-0.005180823219028191,-0.005180823219028191,0.002180316654308576,0.002180316654308576
2015-08-24,-0.04707490388183471,-0.04707490388183471,0.0,0.0,Bull,False,-0.035124722130615856,-0.035124722130615856,-0.014938391214307695,-0.014938391214307695
2015-08-25,0.0072143039261961675,0.0072143039261961675,0.0,0.0,Bull,False,0.005315860438868642,0.005315860438868642,-0.0013564828591787295,-0.0013564828591787295
2015-08-26,-0.008873691432310774,-0.008873691432310774,0.0,0.0,Bull,False,-0.006548267634485698,-0.006548267634485698,-0.007459915691144864,-0.007459915691144864
2015-08-27,0.01583214757913919,0.01583214757913919,0.0,0.0,Bull,False,0.011657912990830535,0.011657912990830535,0.0032197719565851277,0.0032197719565851277
2015-08-28,0.00526083194181118,0.00526083194181118,0.0,0.0,Bull,False,0.0038933080094347766,0.0038933080094347766,0.004589137491138816,0.004589137491138816
2015-08-31,-0.0021887301869531342,-0.0021887301869531342,0.0,0.0,Bull,False,-0.0005884212048557259,-0.0005884212048557259,0.0027105453388284262,0.0027105453388284262
2015-09-01,-0.018342139956016645,-0.018342139956016645,0.0,0.0,Bull,False,-0.013559088059669178,-0.013559088059669178,-0.005356539939282503,-0.005356539939282503
2015-09-02,-0.0069419741560417065,-0.0069419741560417065,0.0,0.0,Bull,False,-0.005113011221726492,-0.005113011221726492,-0.005219773957911994,-0.005219773957911994
2015-09-03,0.01075794038300096,0.01075794038300096,0.0,0.0,Bull,False,0.007903567860369975,0.007903567860369975,0.0014341490738902587,0.0014341490738902587
2015-09-04,-0.01686058603630405,-0.01686058603630405,0.0,0.0,Bull,False,-0.012418095942687616,-0.012418095942687616,-0.006906667316411259,-0.006906667316411259
2015-09-07,-0.009830378519810105,-0.009830378519810105,0.0,0.0,Bull,False,-0.0072102217511965504,-0.0072102217511965504,-0.003144375725300721,-0.003144375725300721
2015-09-08,0.013349658533664235,0.013349658533664235,0.0,0.0,Bull,False,0.0097621794604645,0.0097621794604645,0.004982726028768475,0.004982726028768475
2015-09-09,0.013267459010556577,0.013267459010556577,0.0,0.0,Bull,False,0.009739089857200465,0.009739089857200465,0.0034446273750373796,0.0034446273750373796
2015-09-10,-0.003063260042750985,-0.003063260042750985,0.0,0.0,Bull,False,-0.0022558781973644995,-0.0022558781973644995,-0.0043261181706745686,-0.0043261181706745686
2015-09-11,0.00012086251627071221,0.00012086251627071221,0.0,0.0,Bull,False,8.89348207138505e-05,8.89348207138505e-05,0.0006653675461074135,0.0006653675461074135
2015-09-14,0.008355671373899441,0.008355671373899441,0.0,0.0,Bull,False,0.0061485883870253406,0.0061485883870253406,0.002465584765337702,0.002465584765337702
2015-09-15,-0.0004245755565475686,-0.0007937789487473257,0.0003693602135180072,0.7387204270360144,Crisis,True,-0.0032887600630378652,-0.0032987492913804095,-0.0020446562878736843,-0.0020540602452513435
2015-09-16,0.0007036236151526623,0.0007036236151526623,0.0,0.0,Crisis,False,0.005356608987942975,0.005356608987942975,0.0033449013834087136,0.0033449013834087136
2015-09-18,0.004151460878476871,0.004151460878476871,0.0,0.0,Crisis,False,0.006290234056655743,0.006290234056655743,0.008367248054137147,0.008367248054137147
2015-09-21,-0.0014123529817168703,-0.0014123529817168703,0.0,0.0,Crisis,False,-0.00036279658244338863,-0.00036279658244338863,-0.002036252853264153,-0.002036252853264153
2015-09-22,-0.0012843150530190534,-0.0012843150530190534,0.0,0.0,Crisis,False,-0.012479931542673788,-0.012479931542673788,-0.007324825146597038,-0.007324825146597038
2015-09-23,-0.0009205840519993617,-0.0009205840519993617,0.0,0.0,Crisis,False,0.002595670837420946,0.002595670837420946,-6.0441889073176875e-05,-6.0441889073176875e-05
2015-09-24,0.0028660105787997525,0.0028660105787997525,0.0,0.0,Crisis,False,0.0017221391523753772,0.0017221391523753772,0.004596286225762672,0.004596286225762672
2015-09-28,-0.0007211268136878675,-0.0007211268136878675,0.0,0.0,Crisis,False,-0.005546362041743993,-0.005546362041743993,-0.003448881565765901,-0.003448881565765901
2015-09-29,-0.0016069926980990371,-0.0016069926980990371,0.0,0.0,Crisis,False,0.003649194665865976,0.003649194665865976,-0.0005172626108847045,-0.0005172626108847045
2015-09-30,0.0031264743922597613,0.0031264743922597613,0.0,0.0,Crisis,False,0.009623366797311097,0.009623366797311097,0.005445991076605001,0.005445991076605001
2015-10-01,-0.002165872652797258,-0.002165872652797258,0.0,0.0,Crisis,False,0.00015536977630220214,0.00015536977630220214,-0.0028207506942592104,-0.0028207506942592104
2015-10-05,0.003359929445221596,0.003359929445221596,0.0,0.0,Crisis,False,0.012738745851537456,0.012738745851537456,0.010225708903466553,0.010225708903466553
2015-10-06,0.001024093312351319,0.001024093312351319,0.0,0.0,Crisis,False,0.0025097354882640333,0.0025097354882640333,0.0024904858936498856,0.0024904858936498856
2015-10-07,0.0010709762473165713,0.0010709762473165713,0.0,0.0,Crisis,False,0.0018214357789623856,0.0018214357789623856,0.0022468154963754213,0.0022468154963754213
2015-10-08,-0.0012166144660329158,-0.0012166144660329158,0.0,0.0,Crisis,False,-0.003569566355847799,-0.003569566355847799,-0.003227748693324027,-0.003227748693324027
2015-10-09,0.0020679397278768113,0.0020679397278768113,0.0,0.0,Crisis,False,0.004504426314851845,0.004504426314851845,0.004770785527873545,0.004770785527873545
2015-10-12,0.0018261300538610957,0.0018261300538610957,0.0,0.0,Crisis,False,-0.0034254016323454982,-0.0034254016323454982,0.0008589793940188605,0.0008589793940188605
2015-10-13,-0.0018163152991383519,-0.0018163152991383519,0.0,0.0,Crisis,False,-0.0008872443431643785,-0.0008872443431643785,-0.0027963993323299914,-0.0027963993323299914
2015-10-14,0.002626120922788473,0.002626120922788473,0.0,0.0,Crisis,False,-0.0017801002636418266,-0.0017801002636418266,0.0026740702255430406,0.0026740702255430406
2015-10-15,0.0022420354036580717,0.0022420354036580717,0.0,0.0,Crisis,False,0.005356704322805452,0.005356704322805452,0.005359049443321653,0.005359049443321653
2015-10-16,-0.0008249723362231183,-0.0008249723362231183,0.0,0.0,Crisis,False,0.004357253459094862,0.004357253459094862,0.0008779537311154679,0.0008779537311154679
2015-10-19,0.0024680767562163188,0.0022170988539660375,0.00025035999456701584,0.5007199891340317,Bull,True,0.0026915226310387564,0.0026865439601329033,0.0002712536113317343,0.00026747912569891064
2015-10-20,-0.0008923767156312025,-0.0008923767156312025,0.0,0.0,Bull,False,-0.0009732849300917655,-0.0009732849300917655,0.0006079768402692181,0.0006079768402692181
2015-10-21,-0.0006632568670089291,-0.0006632568670089291,0.0,0.0,Bull,False,-0.0007234502899221241,-0.0007234502899221241,0.0007946249260295201,0.0007946249260295201
2015-10-23,0.0029182087226814,0.0029182087226814,0.0,0.0,Bull,False,0.003183240494874271,0.003183240494874271,-0.00014896634479886909,-0.00014896634479886909
2015-10-26,-0.00232114924424285,-0.00232114924424285,0.0,0.0,Bull,False,-0.0025312871436756813,-0.0025312871436756813,-0.002789597261865428,-0.002789597261865428
2015-10-27,-0.0018477514232980064,-0.0018477514232980064,0.0,0.0,Bull,False,-0.0020145330304677687,-0.0020145330304677687,0.0005802081849079377,0.0005802081849079377
2015-10-28,-0.004120707242450393,-0.004120707242450393,0.0,0.0,Bull,False,-0.004495460283116036,-0.004495460283116036,-0.00130629551196545,-0.00130629551196545
2015-10-29,-0.003982269524020325,-0.003982269524020325,0.0,0.0,Bull,False,-0.004346997214204028,-0.004346997214204028,-0.003661772901937237,-0.003661772901937237
2015-10-30,-0.0014183406020352024,-0.0014183406020352024,0.0,0.0,Bull,False,-0.001887227863834548,-0.001887227863834548,-0.0011866320389178914,-0.0011866320389178914
2015-11-02,-0.0010159329337203322,-0.0010159329337203322,0.0,0.0,Bull,False,-0.0011087515428059795,-0.0011087515428059795,-0.004609917407959112,-0.004609917407959112
2015-11-03,0.000672769789705557,0.000672769789705557,0.0,0.0,Bull,False,0.0007339929568810335,0.0007339929568810335,-0.001629389620090312,-0.001629389620090312
2015-11-04,-0.0013872533365421348,-0.0013872533365421348,0.0,0.0,Bull,False,-0.0015143803878169295,-0.0015143803878169295,-0.003085048848811255,-0.003085048848811255
2015-11-05,-0.005724266216892968,-0.005724266216892968,0.0,0.0,Bull,False,-0.006253422798769774,-0.006253422798769774,-0.0036165901782657995,-0.0036165901782657995
2015-11-06,-7.357222433896102e-05,-7.357222433896102e-05,0.0,0.0,Bull,False,-8.134232513480047e-05,-8.134232513480047e-05,-0.002265741712234884,-0.002265741712234884
2015-11-09,-0.002660879460760867,-0.002660879460760867,0.0,0.0,Bull,False,-0.0029074978423367886,-0.0029074978423367886,0.00026495474306065914,0.00026495474306065914
2015-11-10,-0.008976786558412856,-0.008976786558412856,0.0,0.0,Bull,False,-0.009815263174061301,-0.009815263174061301,-0.009296241132542253,-0.009296241132542253
2015-11-13,-0.0014503172506966544,-0.0014503172506966544,0.0,0.0,Bull,False,-0.0015869767169494225,-0.0015869767169494225,-0.004834102627433891,-0.004834102627433891
2015-11-16,0.003048199084501789,0.003048199084501789,0.0,0.0,Bull,False,0.003336818863059558,0.003336818863059558,0.0031763110939360905,0.0031763110939360905
2015-11-17,0.002128569328295387,0.002128569328295387,0.0,0.0,Bull,False,0.002327850795670661,0.002327850795670661,-0.0013541493604185563,-0.0013541493604185563
2015-11-18,-0.0072417578608076506,-0.0072417578608076506,0.0,0.0,Bull,False,-0.007921358724511088,-0.007921358724511088,-0.005610946184988446,-0.005610946184988446
2015-11-19,0.007653290406576973,0.007653290406576973,0.0,0.0,Bull,False,0.008377246147030339,0.008377246147030339,0.0049549321429902616,0.0049549321429902616
2015-11-20,0.0019005800356391106,0.0016316343754598783,0.00026843547707060944,0.5368709541412189,Bear,True,0.0010517544659976784,0.0010453697248933302,0.003764225982707277,0.0037576476757379407
2015-11-23,-0.0014849733772360548,-0.0014849733772360548,0.0,0.0,Bear,False,-0.0005578758842335129,-0.0005578758842335129,-0.0027795501721337122,-0.0027795501721337122
2015-11-24,0.0007717493245347714,0.0007717493245347714,0.0,0.0,Bear,False,-0.001349618443822831,-0.001349618443822831,0.0005361916590440268,0.0005361916590440268
2015-11-26,-0.0006678308600762732,-0.0006678308600762732,0.0,0.0,Bear,False,0.004000886214270773,0.004000886214270773,0.001092466750747801,0.001092466750747801
2015-11-27,-9.89331199121986e-05,-9.89331199121986e-05,0.0,0.0,Bear,False,0.004488025165511737,0.004488025165511737,0.002342149761411472,0.002342149761411472
2015-11-30,0.001527769341830763,0.001527769341830763,0.0,0.0,Bear,False,0.000956848494180451,0.000956848494180451,-0.0015968165225650522,-0.0015968165225650522
2015-12-01,0.0015585086971377582,0.0015585086971377582,0.0,0.0,Bear,False,0.0014904637116479704,0.0014904637116479704,0.0034263349467509854,0.0034263349467509854
2015-12-02,-0.0006397351222214661,-0.0006397351222214661,0.0,0.0,Bear,False,-0.0017836165839026405,-0.0017836165839026405,-0.0020569234051982925,-0.0020569234051982925
2015-12-03,-0.001478431248931872,-0.001478431248931872,0.0,0.0,Bear,False,-0.005102586111998365,-0.005102586111998365,-0.00529250387521773,-0.00529250387521773
2015-12-04,0.0010516252078209424,0.0010516252078209424,0.0,0.0,Bear,False,-0.0062686936511138144,-0.0062686936511138144,-0.0017512598999122571,-0.0017512598999122571
2015-12-07,0.003060020320798744,0.003060020320798744,0.0,0.0,Bear,False,-0.0012701934276828904,-0.0012701934276828904,0.004431635397791951,0.004431635397791951
2015-12-08,-0.0017178219195842744,-0.0017178219195842744,0.0,0.0,Bear,False,-0.004890833918529214,-0.004890833918529214,-0.005584392444806317,-0.005584392444806317
2015-12-09,0.0012789846972923807,0.0012789846972923807,0.0,0.0,Bear,False,-0.00688793899439457,-0.00688793899439457,-0.0016570795870064466,-0.0016570795870064466
2015-12-10,-0.0012031535493911155,-0.0012031535493911155,0.0,0.0,Bear,False,0.005501024032187243,0.005501024032187243,0.0010085114854921195,0.0010085114854921195
2015-12-11,-0.0008910411912921539,-0.0008910411912921539,0.0,0.0,Bear,False,-0.0056294377871545995,-0.0056294377871545995,-0.004616022724777392,-0.004616022724777392
2015-12-14,0.0003892753593618207,0.0003892753593618207,0.0,0.0,Bear,False,0.003079536502689188,0.003079536502689188,0.0023543797316068985,0.0023543797316068985
2015-12-15,-0.0009510223951181324,-0.0009510223951181324,0.0,0.0,Bear,False,0.003942310938985748,0.003942310938985748,0.0005744217890270959,0.0005744217890270959
2015-12-16,-6.484659084079103e-05,-6.484659084079103e-05,0.0,0.0,Bear,False,0.003861182509482657,0.003861182509482657,0.0020285678486445533,0.0020285678486445533
2015-12-17,-0.00022925248172778176,-0.00022925248172778176,0.0,0.0,Bear,False,0.0071888078936641845,0.0071888078936641845,0.0036025240248725963,0.0036025240248725963
2015-12-18,-0.0017314723784995502,-0.0017314723784995502,0.0,0.0,Bear,False,-0.006293503391519579,-0.006293503391519579,-0.006395651006243383,-0.006395651006243383
2015-12-21,0.0018038510009065105,0.0018038510009065105,0.0,0.0,Bear,False,0.005572443207754359,0.005572443207754359,0.0061297000662303355,0.0061297000662303355
2015-12-22,-0.0021306330178628785,-0.0023551694658933142,0.00022501587428167149,0.45003174856334294,Bull,True,-0.0037028837851451387,-0.003703467130196425,9.966447829294145e-05,9.893194427368357e-05
2015-12-23,0.003928857371865809,0.003928857371865809,0.0,0.0,Bull,False,0.00613412303536467,0.00613412303536467,0.0011863706633613489,0.0011863706633613489
2015-12-24,-0.00031578125258304785,-0.00031578125258304785,0.0,0.0,Bull,False,-0.0003743938232141789,-0.0003743938232141789,-0.0003242918173800143,-0.0003242918173800143
2015-12-28,0.003659374234937443,0.003659374234937443,0.0,0.0,Bull,False,0.004903022506709131,0.004903022506709131,0.002655361273813068,0.002655361273813068
2015-12-29,0.00046634778112552704,0.00046634778112552704,0.0,0.0,Bull,False,0.00028903705798234204,0.00028903705798234204,0.0009932395017402664,0.0009932395017402664
2015-12-30,-0.002080184480169788,-0.002080184480169788,0.0,0.0,Bull,False,-0.002486344411383085,-0.002486344411383085,-0.00209333721900662,-0.00209333721900662
2015-12-31,0.003920046126246412,0.003920046126246412,0.0,0.0,Bull,False,0.005330961487651392,0.005330961487651392,0.0012160339059867145,0.0012160339059867145
2016-01-01,3.668185172669736e-05,3.668185172669736e-05,0.0,0.0,Bull,False,-3.892842476622745e-06,-3.892842476622745e-06,0.00013420775665433875,0.00013420775665433875
2016-01-04,-0.0077769606713488535,-0.0077769606713488535,0.0,0.0,Bull,False,-0.011752045902746226,-0.011752045902746226,-0.003023580293700835,-0.003023580293700835
2016-01-05,0.0002648083929607338,0.0002648083929607338,0.0,0.0,Bull,False,-0.0005141316477565097,-0.0005141316477565097,0.001883560584571246,0.001883560584571246
2016-01-06,-0.0019173581240190805,-0.0019173581240190805,0.0,0.0,Bull,False,-0.0033466806887826614,-0.0033466806887826614,9.928831344535122e-05,9.928831344535122e-05
2016-01-07,-0.008469739501690875,-0.008469739501690875,0.0,0.0,Bull,False,-0.01330120090281369,-0.01330120090281369,-0.002446416406015695,-0.002446416406015695
2016-01-08,0.0016456404165374236,0.0016456404165374236,0.0,0.0,Bull,False,0.002575808319632885,0.002575808319632885,0.0005167815784234271,0.0005167815784234271
2016-01-11,-0.001850353183480532,-0.001850353183480532,0.0,0.0,Bull,False,-0.0029196276735271457,-0.0029196276735271457,-0.0005275427298812539,-0.0005275427298812539
2016-01-12,-0.003316123042714889,-0.003316123042714889,0.0,0.0,Bull,False,-0.0041774503048791975,-0.0041774503048791975,-0.0029712456265555106,-0.0029712456265555106
2016-01-13,0.001612802564680342,0.001612802564680342,0.0,0.0,Bull,False,0.004081261482406234,0.004081261482406234,-0.00245519585447134,-0.00245519585447134
2016-01-14,0.00010307582649833219,0.00010307582649833219,0.0,0.0,Bull,False,-0.0019951931663759297,-0.0019951931663759297,0.0041637977800877525,0.0041637977800877525
2016-01-15,-0.005609743189293861,-0.005609743189293861,0.0,0.0,Bull,False,-0.00774671858302059,-0.00774671858302059,-0.0037290554931353704,-0.0037290554931353704
2016-01-18,-0.004433517752745009,-0.004433517752745009,0.0,0.0,Bull,False,-0.006849133075038735,-0.006849133075038735,-0.0015832195567580243,-0.0015832195567580243
2016-01-19,0.004557385087697113,0.004557385087697113,0.0,0.0,Bull,False,0.006677921586658137,0.006677921586658137,0.0023437422285445897,0.0023437422285445897
2016-01-20,-0.0065584088855750065,-0.0065584088855750065,0.0,0.0,Bull,False,-0.009918788676281652,-0.009918788676281652,-0.0027601141953869646,-0.0027601141953869646
2016-01-21,0.00023226640002864317,3.7937508376550966e-05,0.0001942837660612442,0.3885675321224884,Crisis,True,-0.0026678342004106347,-0.002676652273918334,-0.0009252890409128245,-0.0009354108436744335
2016-01-22,-0.0004446969078911272,-0.0004446969078911272,0.0,0.0,Crisis,False,0.011984087963873229,0.011984087963873229,0.004952111777527367,0.004952111777527367
2016-01-25,0.0015210501231167919,0.0015210501231167919,0.0,0.0,Crisis,False,0.0011181070930291637,0.0011181070930291637,0.0025320406398995584,0.0025320406398995584
2016-01-27,0.002871438817238673,0.002871438817238673,0.0,0.0,Crisis,False,0.00012999394908643115,0.00012999394908643115,0.0038689881319368203,0.0038689881319368203
2016-01-28,0.00019072510140403397,0.00019072510140403397,0.0,0.0,Crisis,False,-0.0010641301040815881,-0.0010641301040815881,-0.0002399217419920463,-0.0002399217419920463
2016-01-29,0.002821491034860746,0.002821491034860746,0.0,0.0,Crisis,False,0.012825514055849089,0.012825514055849089,0.006628447864772382,0.006628447864772382
2016-02-01,0.0009645794297250282,0.0009645794297250282,0.0,0.0,Crisis,False,-0.0006061152088687454,-0.0006061152088687454,0.0009836500547448811,0.0009836500547448811
2016-02-02,0.0010351700672216484,0.0010351700672216484,0.0,0.0,Crisis,False,-0.008069826436775483,-0.008069826436775483,-0.0023747823271683065,-0.0023747823271683065
2016-02-03,-6.943704494029795e-05,-6.943704494029795e-05,0.0,0.0,Crisis,False,-0.007592790946163236,-0.007592790946163236,-0.0036000840929632434,-0.0036000840929632434
2016-02-04,0.002196033932612802,0.002196033932612802,0.0,0.0,Crisis,False,0.003448038129920715,0.003448038129920715,0.004498844740486082,0.004498844740486082
2016-02-05,0.0018405711157248974,0.0018405711157248974,0.0,0.0,Crisis,False,0.006917013965156727,0.006917013965156727,0.005629760004248187,0.005629760004248187
2016-02-08,0.003055995449880147,0.003055995449880147,0.0,0.0,Crisis,False,-0.008222400055726988,-0.008222400055726988,0.0002465720422310483,0.0002465720422310483
2016-02-09,0.004234201909786744,0.004234201909786744,0.0,0.0,Crisis,False,-0.0072563063074245855,-0.0072563063074245855,0.0023086129626388495,0.0023086129626388495
2016-02-10,-0.003177087307031292,-0.003177087307031292,0.0,0.0,Crisis,False,-0.006767904232588052,-0.006767904232588052,-0.007278473897151729,-0.007278473897151729
2016-02-11,0.0043713780589853144,0.0043713780589853144,0.0,0.0,Crisis,False,-0.0197647735342756,-0.0197647735342756,-0.003117765916898258,-0.003117765916898258
2016-02-12,0.0035253269892111224,0.0035253269892111224,0.0,0.0,Crisis,False,0.0003876022210153768,0.0003876022210153768,0.004908669415423019,0.004908669415423019
2016-02-15,-0.0032896235315061032,-0.0032896235315061032,0.0,0.0,Crisis,False,0.015329298904202942,0.015329298904202942,0.002372880339837133,0.002372880339837133
2016-02-16,0.0008922678508953248,0.0008922678508953248,0.0,0.0,Crisis,False,-0.009514985775872259,-0.009514985775872259,-0.0030764679712733433,-0.0030764679712733433
2016-02-17,-0.0014168180254121301,-0.0014168180254121301,0.0,0.0,Crisis,False,0.005037684360576275,0.005037684360576275,0.0003548694089812723,0.0003548694089812723
2016-02-18,0.0003189214609642852,0.0003189214609642852,0.0,0.0,Crisis,False,0.006945761713796731,0.006945761713796731,0.0035274059705939684,0.0035274059705939684
2016-02-19,0.003026293801288578,0.003026293801288578,0.0,0.0,Crisis,False,0.001568230848323433,0.001568230848323433,0.004745672533016316,0.004745672533016316
2016-02-22,-0.0021487696949806035,-0.0021568034262723357,8.051031103445267e-06,0.016102062206890533,Crisis,True,0.001984473364023831,0.001982374043258295,-0.001996851129755673,-0.0020072040024718962
2016-02-23,0.0017923307040537545,0.0017923307040537545,0.0,0.0,Crisis,False,-0.01038053729124082,-0.01038053729124082,-0.002210246539733932,-0.002210246539733932
2016-02-24,0.00012028375119938715,0.00012028375119938715,0.0,0.0,Crisis,False,-0.007627827965212337,-0.007627827965212337,-0.003183050096122268,-0.003183050096122268
2016-02-25,0.0011503194225670164,0.0011503194225670164,0.0,0.0,Crisis,False,-0.004067363366899934,-0.004067363366899934,-0.0002348354257875546,-0.0002348354257875546
2016-02-26,2.2175900842338825e-05,2.2175900842338825e-05,0.0,0.0,Crisis,False,0.005026363177069717,0.005026363177069717,0.002212333366866347,0.002212333366866347
2016-02-29,0.0033817117948008956,0.0033817117948008956,0.0,0.0,Crisis,False,-0.002202520256279643,-0.002202520256279643,0.0008808868080018421,0.0008808868080018421
2016-03-01,0.0019179580156238561,0.0019179580156238561,0.0,0.0,Crisis,False,0.019918050342266364,0.019918050342266364,0.011257734012167184,0.011257734012167184
2016-03-02,-0.002796791554274773,-0.002796791554274773,0.0,0.0,Crisis,False,0.012169915728246593,0.012169915728246593,0.0016126497048082296,0.0016126497048082296
2016-03-03,0.002265556750852306,0.002265556750852306,0.0,0.0,Crisis,False,0.008755206112041619,0.008755206112041619,0.006893532173548512,0.006893532173548512
2016-03-04,0.003935001781574624,0.003935001781574624,0.0,0.0,Crisis,False,0.0007886278094237351,0.0007886278094237351,0.005555502261491647,0.005555502261491647
2016-03-08,0.0007652018833447649,0.0007652018833447649,0.0,0.0,Crisis,False,-1.3947916942205304e-09,-1.3947916942205304e-09,0.0010009861425118974,0.0010009861425118974
2016-03-09,-0.0022696277770993074,-0.0022696277770993074,0.0,0.0,Crisis,False,0.0037735792946720164,0.0037735792946720164,-0.001314751618193106,-0.001314751618193106
2016-03-10,-0.001934233876193804,-0.001934233876193804,0.0,0.0,Crisis,False,-0.0036905905572388134,-0.0036905905572388134,-0.004195929007877146,-0.004195929007877146
2016-03-11,0.0036707449255394308,0.0036707449255394308,0.0,0.0,Crisis,False,0.001953712789559824,0.001953712789559824,0.0057141100576066865,0.0057141100576066865
2016-03-14,-0.0005518403906035587,-0.0005518403906035587,0.0,0.0,Crisis,False,0.002314705966189856,0.002314705966189856,0.0002988219953914831,0.0002988219953914831
2016-03-15,-0.005013436106987126,-0.005013436106987126,0.0,0.0,Crisis,False,-0.006321454651945408,-0.006321454651945408,-0.00940519685158156,-0.00940519685158156
2016-03-16,-0.00039624489491432626,-0.00039624489491432626,0.0,0.0,Crisis,False,0.003105532686861431,0.003105532686861431,0.0008594202486284193,0.0008594202486284193
2016-03-17,0.0038638420426428083,0.0038638420426428083,0.0,0.0,Crisis,False,0.0011198735520844484,0.0011198735520844484,0.005601344673985291,0.005601344673985291
2016-03-18,-0.0018886757172113194,-0.0018886757172113194,0.0,0.0,Crisis,False,0.007437314036952266,0.007437314036952266,0.0008239409780951434,0.0008239409780951434
2016-03-21,-0.0006594601311235314,-0.0006594601311235314,0.0,0.0,Crisis,False,0.00804221178304787,0.00804221178304787,0.002722983887400506,0.002722983887400506
2016-03-22,0.00010411239843938264,0.00010411239843938264,0.0,0.0,Crisis,False,0.0008500781236459397,0.0008500781236459397,0.000518694809889802,0.000518694809889802
2016-03-23,-0.009131544552042051,-0.009395684500708046,0.0002665741826916772,0.5331483653833544,Bear,True,0.0001244421322249778,0.00011679998816394033,-0.003827599944123072,-0.003835133423754966
2016-03-28,-0.01227246543939293,-0.01227246543939293,0.0,0.0,Bear,False,-0.007885049976834674,-0.007885049976834674,-0.009607143513001938,-0.009607143513001938
2016-03-29,0.002864935883228493,0.002864935883228493,0.0,0.0,Bear,False,-0.0014186845450490416,-0.0014186845450490416,0.00042012176406141437,0.00042012176406141437
2016-03-30,0.008050860739948741,0.008050860739948741,0.0,0.0,Bear,False,0.01084751203680079,0.01084751203680079,0.00946608803792778,0.00946608803792778
2016-03-31,-0.0009032597090363078,-0.0009032597090363078,0.0,0.0,Bear,False,0.0017367125522700906,0.0017367125522700906,0.0006533734408406327,0.0006533734408406327
2016-04-01,0.004578487398010844,0.004578487398010844,0.0,0.0,Bear,False,-0.0019692219060200417,-0.0019692219060200417,0.0008360344944302138,0.0008360344944302138
2016-04-04,-0.009452145145580702,-0.009452145145580702,0.0,0.0,Bear,False,0.0035532798302467163,0.0035532798302467163,-0.0020331877553218703,-0.0020331877553218703
2016-04-05,0.01306589137787651,0.01306589137787651,0.0,0.0,Bear,False,-0.012037996800021203,-0.012037996800021203,-0.0012410036562849973,-0.0012410036562849973
2016-04-06,5.788508067423543e-05,5.788508067423543e-05,0.0,0.0,Bear,False,0.0008691615072350011,0.0008691615072350011,0.0005065654720549036,0.0005065654720549036
2016-04-07,0.00751023577995821,0.00751023577995821,0.0,0.0,Bear,False,-0.0053100757444264155,-0.0053100757444264155,0.0002640058780373164,0.0002640058780373164
2016-04-08,0.003059080134627288,0.003059080134627288,0.0,0.0,Bear,False,0.0006842060413972505,0.0006842060413972505,0.0016941014007369217,0.0016941014007369217
2016-04-11,0.0007318345512338677,0.0007318345512338677,0.0,0.0,Bear,False,0.0091412221087022,0.0091412221087022,0.005353523428116684,0.005353523428116684
2016-04-12,0.007959367357375081,0.007959367357375081,0.0,0.0,Bear,False,0.002925882937131736,0.002925882937131736,0.005033716566633075,0.005033716566633075
2016-04-13,-0.00602195715809383,-0.00602195715809383,0.0,0.0,Bear,False,0.010993379411463599,0.010993379411463599,0.003477327328767466,0.003477327328767466
2016-04-18,0.0043508296547911315,0.0043508296547911315,0.0,0.0,Bear,False,0.004937414606271688,0.004937414606271688,0.004600556480242106,0.004600556480242106
2016-04-20,0.0020255514035096025,0.0020255514035096025,0.0,0.0,Bear,False,3.808532528881464e-06,3.808532528881464e-06,0.0008652899649202557,0.0008652899649202557
2016-04-21,0.008321834409519164,0.008321834409519164,0.0,0.0,Bear,False,-0.00020648141836249534,-0.00020648141836249534,0.0034356104546081345,0.0034356104546081345
2016-04-22,-0.0042436636171281445,-0.0042436636171281445,0.0,0.0,Bear,False,-0.0009751819711123172,-0.0009751819711123172,-0.002359424283271746,-0.002359424283271746
2016-04-25,-0.007568247921104466,-0.007568247921104466,0.0,0.0,Bear,False,-0.00338775875747608,-0.00338775875747608,-0.005117414147685364,-0.005117414147685364
2016-04-26,0.00045902416605165587,0.00045902416605165587,0.0,0.0,Bear,False,0.008265814407525097,0.008265814407525097,0.004788336075545162,0.004788336075545162
2016-04-27,0.004765930453678022,0.004765930453678022,0.0,0.0,Bear,False,0.001314277403865365,0.001314277403865365,0.0027582934613873183,0.0027582934613873183
2016-04-28,-0.004089902127041046,-0.004313981474174944,0.00022499957336748894,0.4499991467349779,Bull,True,-0.009978025198903583,-0.009981584581505554,-0.0023135100117138707,-0.0023161596920849847
2016-04-29,0.004709613135346531,0.004709613135346531,0.0,0.0,Bull,False,0.0015154795048244285,0.0015154795048244285,0.004915313340248117,0.004915313340248117
2016-05-02,0.001534088064253934,0.001534088064253934,0.0,0.0,Bull,False,-0.0033290081640268056,-0.0033290081640268056,0.001980716890830558,0.001980716890830558
2016-05-03,-0.0032619049135104933,-0.0032619049135104933,0.0,0.0,Bull,False,-0.004481403639390764,-0.004481403639390764,-0.002399274823445746,-0.002399274823445746
2016-05-04,-0.005936769130874564,-0.005936769130874564,0.0,0.0,Bull,False,-0.0030915105552080597,-0.0030915105552080597,-0.005153731447998834,-0.005153731447998834
2016-05-05,0.0006376904862994946,0.0006376904862994946,0.0,0.0,Bull,False,0.002219454848481101,0.002219454848481101,0.0002582957744711852,0.0002582957744711852
2016-05-06,0.0019463612840302578,0.0019463612840302578,0.0,0.0,Bull,False,-0.00016063438485068324,-0.00016063438485068324,0.001870001755603857,0.001870001755603857
2016-05-09,0.007348086621063289,0.007348086621063289,0.0,0.0,Bull,False,0.010148647506476084,0.010148647506476084,0.005390238694806597,0.005390238694806597
2016-05-10,-6.195070582354551e-05,-6.195070582354551e-05,0.0,0.0,Bull,False,0.0016473114998765276,0.0016473114998765276,-0.00031731694784943804,-0.00031731694784943804
2016-05-11,-0.002262535552479853,-0.002262535552479853,0.0,0.0,Bull,False,-0.002945139257056163,-0.002945139257056163,-0.0016888039344683822,-0.0016888039344683822
2016-05-12,0.0009341061648303062,0.0009341061648303062,0.0,0.0,Bull,False,0.0039093954968522655,0.0039093954968522655,0.00027414106166053333,0.00027414106166053333
2016-05-13,-0.0024970482081148365,-0.0024970482081148365,0.0,0.0,Bull,False,-0.006458834853391852,-0.006458834853391852,-0.001357343789646023,-0.001357343789646023
2016-05-16,0.004291158321791461,0.004291158321791461,0.0,0.0,Bull,False,0.0034823092543437495,0.0034823092543437495,0.0035288858337478315,0.0035288858337478315
2016-05-17,0.0010590576309661521,0.0010590576309661521,0.0,0.0,Bull,False,0.002276873412974706,0.002276873412974706,0.0006519441143504476,0.0006519441143504476
2016-05-18,-0.0006526338422348783,-0.0006526338422348783,0.0,0.0,Bull,False,-0.001557306329270489,-0.001557306329270489,-0.0003762476127903295,-0.0003762476127903295
2016-05-19,-0.005234666993256482,-0.005234666993256482,0.0,0.0,Bull,False,-0.0065682717057765,-0.0065682717057765,-0.003947480105744631,-0.003947480105744631
2016-05-20,-0.0026956467915837997,-0.0026956467915837997,0.0,0.0,Bull,False,-0.002572262734220022,-0.002572262734220022,-0.002159524355497361,-0.002159524355497361
2016-05-23,-0.0015628619015468131,-0.0015628619015468131,0.0,0.0,Bull,False,-0.0014212847775018616,-0.0014212847775018616,-0.0012592094209663304,-0.0012592094209663304
2016-05-24,-0.0011879081230776964,-0.0011879081230776964,0.0,0.0,Bull,False,0.0013582574976203734,0.0013582574976203734,-0.001341380849516519,-0.001341380849516519
2016-05-25,0.00644110494940083,0.00644110494940083,0.0,0.0,Bull,False,0.014217380568719044,0.014217380568719044,0.0038842049338533146,0.0038842049338533146
2016-05-26,0.009658467347785308,0.009658467347785308,0.0,0.0,Bull,False,0.010156630290360848,0.010156630290360848,0.0075827580698052425,0.0075827580698052425
2016-05-27,0.004141510439089499,0.00414094118735675,5.669038941907012e-07,0.0011338077883814024,Bull,True,0.006468682115297053,0.006467725305420613,0.0029175207208009812,0.0029167434518799773
2016-05-30,-0.00387242671270306,-0.00387242671270306,0.0,0.0,Bull,False,0.0016141714943497293,0.0016141714943497293,-0.003949651331092501,-0.003949651331092501
2016-05-31,0.00016983735442066875,0.00016983735442066875,0.0,0.0,Bull,False,5.9292571162757783e-05,5.9292571162757783e-05,0.0008898232586958503,0.0008898232586958503
2016-06-01,0.0016989773507412845,0.0016989773507412845,0.0,0.0,Bull,False,0.001463971859088177,0.001463971859088177,0.0013847012221592059,0.0013847012221592059
2016-06-02,-0.0005858461292080758,-0.0005858461292080758,0.0,0.0,Bull,False,0.002872098684291337,0.002872098684291337,-0.001018159367706037,-0.001018159367706037
2016-06-03,-0.0001246526262514068,-0.0001246526262514068,0.0,0.0,Bull,False,0.00013582171822155775,0.00013582171822155775,-0.00014069859878270156,-0.00014069859878270156
2016-06-06,0.004732851440519711,0.004732851440519711,0.0,0.0,Bull,False,-0.0014543234395421475,-0.0014543234395421475,0.0047450674766542494,0.0047450674766542494
2016-06-07,0.0009336201882618189,0.0009336201882618189,0.0,0.0,Bull,False,0.004813097161646508,0.004813097161646508,0.0001237071046650754,0.0001237071046650754
2016-06-08,0.0002145259865048946,0.0002145259865048946,0.0,0.0,Bull,False,0.0004787308420762728,0.0004787308420762728,0.00012572106402820968,0.00012572106402820968
2016-06-09,-0.0021677536218775075,-0.0021677536218775075,0.0,0.0,Bull,False,-0.005075543721547162,-0.005075543721547162,-0.001252087119218529,-0.001252087119218529
2016-06-10,0.00012174946252268312,0.00012174946252268312,0.0,0.0,Bull,False,-0.0024664313172933845,-0.0024664313172933845,0.0005105571395638551,0.0005105571395638551
2016-06-13,0.0002660782106077295,0.0002660782106077295,0.0,0.0,Bull,False,-0.004381282222126694,-0.004381282222126694,0.0009522494396317109,0.0009522494396317109
2016-06-14,-8.410360270384669e-05,-8.410360270384669e-05,0.0,0.0,Bull,False,-0.0001295377968689791,-0.0001295377968689791,-5.957233732665263e-05,-5.957233732665263e-05
2016-06-15,0.0046829590919679346,0.0046829590919679346,0.0,0.0,Bull,False,0.0072365124836364396,0.0072365124836364396,0.0033132433965121907,0.0033132433965121907
2016-06-16,0.0023296971724624652,0.0023296971724624652,0.0,0.0,Bull,False,-0.004839900811873508,-0.004839900811873508,0.002992826856138192,0.002992826856138192
2016-06-17,-0.0026112847388132234,-0.0026112847388132234,0.0,0.0,Bull,False,0.0021750962667030824,0.0021750962667030824,-0.002832807008891669,-0.002832807008891669
2016-06-20,0.003339410434135493,0.003339410434135493,0.0,0.0,Bull,False,0.005033454636412749,0.005033454636412749,0.0023848797769270777,0.0023848797769270777
2016-06-21,-0.0006636477188717703,-0.0006636477188717703,0.0,0.0,Bull,False,-0.001363860658759149,-0.001363860658759149,-0.00041626396687247276,-0.00041626396687247276
2016-06-22,-0.003870794832161942,-0.003870794832161942,0.0,0.0,Bull,False,-0.0011895402747830778,-0.0011895402747830778,-0.003504084437866563,-0.003504084437866563
2016-06-23,0.0022631761056969854,0.0022631761056969854,0.0,0.0,Bull,False,0.004907124633438833,0.004907124633438833,0.0013763821378729182,0.0013763821378729182
2016-06-24,0.0022759992536716383,0.0022759992536716383,0.0,0.0,Bull,False,-0.013303423965676122,-0.013303423965676122,0.0043007789780634825,0.0043007789780634825
2016-06-27,0.003915893917643739,0.003912517542024929,3.363205662212522e-06,0.006726411324425044,Bull,True,0.00045249592631124713,0.0004523497180002334,0.0036575979771141425,0.0036543255197321045
2016-06-28,0.002635020028269074,0.002635020028269074,0.0,0.0,Bull,False,0.0024578969314138902,0.0024578969314138902,0.0021212922200592116,0.0021212922200592116
2016-06-29,0.0012447662992390645,0.0012447662992390645,0.0,0.0,Bull,False,0.005632285011522546,0.005632285011522546,0.00029494683432384474,0.00029494683432384474
2016-06-30,0.004357406991446824,0.004357406991446824,0.0,0.0,Bull,False,0.0076548685343137204,0.0076548685343137204,0.003712207397802971,0.003712207397802971
2016-07-01,0.005291234939346422,0.005291234939346422,0.0,0.0,Bull,False,0.0029633715875424763,0.0029633715875424763,0.004577799053799233,0.004577799053799233
2016-07-04,0.004063568738296478,0.004063568738296478,0.0,0.0,Bull,False,0.0030820423930285816,0.0030820423930285816,0.003390417799481566,0.003390417799481566
2016-07-05,-0.0029170808338896646,-0.0029170808338896646,0.0,0.0,Bull,False,-0.0025211433390885363,-0.0025211433390885363,-0.0023866162023875575,-0.0023866162023875575
2016-07-07,0.0037287572972638542,0.0037287572972638542,0.0,0.0,Bull,False,0.0001418460147692885,0.0001418460147692885,0.0035400029606280454,0.0035400029606280454
2016-07-08,-0.0011637740084362341,-0.0011637740084362341,0.0,0.0,Bull,False,-0.001069056200562382,-0.001069056200562382,-0.0009422786345299667,-0.0009422786345299667
2016-07-11,0.008722079639132277,0.008722079639132277,0.0,0.0,Bull,False,0.010534430995030146,0.010534430995030146,0.006659684782293123,0.006659684782293123
2016-07-12,1.0849636635322426e-05,1.0849636635322426e-05,0.0,0.0,Bull,False,0.0038290349549985636,0.0038290349549985636,-0.000600229941524089,-0.000600229941524089
2016-07-13,-0.0015286274710411016,-0.0015286274710411016,0.0,0.0,Bull,False,-0.00011122644763861962,-0.00011122644763861962,-0.0014465386386365128,-0.0014465386386365128
2016-07-14,0.001608446325264067,0.001608446325264067,0.0,0.0,Bull,False,0.0032658091475500106,0.0032658091475500106,0.0010168836998236475,0.0010168836998236475
2016-07-15,-0.0015559232799670602,-0.0015559232799670602,0.0,0.0,Bull,False,-0.001688372256144283,-0.001688372256144283,-0.0012198525065746902,-0.0012198525065746902
2016-07-18,-0.0033320088217644248,-0.0033320088217644248,0.0,0.0,Bull,False,-0.002343406389100065,-0.002343406389100065,-0.0028159304012894348,-0.0028159304012894348
2016-07-19,0.0018686572209525194,0.0018686572209525194,0.0,0.0,Bull,False,0.0014218030668277427,0.0014218030668277427,0.0015588061779379099,0.0015588061779379099
2016-07-20,0.0013712823856101934,0.0013712823856101934,0.0,0.0,Bull,False,0.0026795271276361205,0.0026795271276361205,0.0008849977086389202,0.0008849977086389202
2016-07-21,-0.0032115405498236806,-0.0032115405498236806,0.0,0.0,Bull,False,-0.003988245348404045,-0.003988245348404045,-0.0024357095393529185,-0.0024357095393529185
2016-07-22,0.0019766796801946127,0.0019766796801946127,0.0,0.0,Bull,False,0.002233783625096091,0.002233783625096091,0.0015338251923947628,0.0015338251923947628
2016-07-25,0.004156971660272993,0.004156971660272993,0.0,0.0,Bull,False,0.0067687169602740896,0.0067687169602740896,0.00289368634401065,0.00289368634401065
2016-07-26,-0.0006964006380790733,-0.0006964006380790733,0.0,0.0,Bull,False,-0.003203216516666284,-0.003203216516666284,-0.000150710514755286,-0.000150710514755286
2016-07-27,0.00038967325814975244,0.0003828661790810095,6.804427565201811e-06,0.013608855130403621,Bull,True,0.0017565199084306204,0.0017497731709970044,9.230468728945362e-05,8.611625761867359e-05
2016-07-28,0.00506289742319657,0.00506289742319657,0.0,0.0,Bull,False,0.0035209057980445766,0.0035209057980445766,0.004263436779911482,0.004263436779911482
2016-07-29,-0.0016867766579913481,-0.0016867766579913481,0.0,0.0,Bull,False,-0.0005502678905140476,-0.0005502678905140476,-0.0008076252109950057,-0.0008076252109950057
2016-08-01,0.006049332098613369,0.006049332098613369,0.0,0.0,Bull,False,-0.00013556692820105331,-0.00013556692820105331,0.005784038704220545,0.005784038704220545
2016-08-02,0.0034632295396568357,0.0034632295396568357,0.0,0.0,Bull,False,-0.0009489613746017013,-0.0009489613746017013,0.003449805083051362,0.003449805083051362
2016-08-03,-0.003100661020679027,-0.003100661020679027,0.0,0.0,Bull,False,-0.005431554056235854,-0.005431554056235854,-0.0021001294258877687,-0.0021001294258877687
2016-08-04,-0.0008569344696129073,-0.0008569344696129073,0.0,0.0,Bull,False,0.0004331610519216334,0.0004331610519216334,-0.0008857289251686092,-0.0008857289251686092
2016-08-05,0.010947964253922714,0.010947964253922714,0.0,0.0,Bull,False,0.009239749023501805,0.009239749023501805,0.008973321478515822,0.008973321478515822
2016-08-08,-0.007693281337720077,-0.007693281337720077,0.0,0.0,Bull,False,0.0019541901771400047,0.0019541901771400047,-0.0076445520527942245,-0.0076445520527942245
2016-08-09,0.0005410162287707973,0.0005410162287707973,0.0,0.0,Bull,False,-0.002289310773606204,-0.002289310773606204,0.0008789152133368836,0.0008789152133368836
2016-08-10,-0.0022171420655400873,-0.0022171420655400873,0.0,0.0,Bull,False,-0.007136814904164888,-0.007136814904164888,-0.000986023076791213,-0.000986023076791213
2016-08-11,-0.0006770578137812004,-0.0006770578137812004,0.0,0.0,Bull,False,0.001176529599788697,0.001176529599788697,-0.0008295030806279321,-0.0008295030806279321
2016-08-12,0.00045917948071855675,0.00045917948071855675,0.0,0.0,Bull,False,0.0,0.0,0.0004373152990693367,0.0004373152990693367
2016-08-16,0.00035465779045044986,0.00035465779045044986,0.0,0.0,Bull,False,0.003514816676790094,0.003514816676790094,-0.000215115351526677,-0.000215115351526677
2016-08-17,-0.0014917870025705762,-0.0014917870025705762,0.0,0.0,Bull,False,-0.0012856570338170806,-0.0012856570338170806,-0.0012186022315614365,-0.0012186022315614365
2016-08-18,0.00460844641923764,0.00460844641923764,0.0,0.0,Bull,False,0.003423567867552342,0.003423567867552342,0.00384989547728218,0.00384989547728218
2016-08-19,-0.00012400171640354043,-0.00012400171640354043,0.0,0.0,Bull,False,-0.00044032650282265585,-0.00044032650282265585,-4.873496262300901e-05,-4.873496262300901e-05
2016-08-22,-0.0033060575656116025,-0.0033060575656116025,0.0,0.0,Bull,False,-0.002623119903820001,-0.002623119903820001,-0.002740092189134777,-0.002740092189134777
2016-08-23,-0.0006337070650825974,-0.0006337070650825974,0.0,0.0,Bull,False,0.00023992777828523443,0.00023992777828523443,-0.0006416457374722785,-0.0006416457374722785
2016-08-24,0.001358654602168787,0.001358654602168787,0.0,0.0,Bull,False,0.0012309308776692854,0.0012309308776692854,0.0011001539518341963,0.0011001539518341963
2016-08-25,-0.005517325248717855,-0.005517325248717855,0.0,0.0,Bull,False,-0.004031352720321721,-0.004031352720321721,-0.0046194910022151646,-0.0046194910022151646
2016-08-26,0.000180066965480311,0.00017858529239744847,1.4814063304964195e-06,0.002962812660992839,Bull,True,-0.0013763319090605462,-0.0013767256645630388,0.00038782725161209014,0.00038644986794689196
2016-08-29,-0.0013030807848702162,-0.0013030807848702162,0.0,0.0,Bull,False,0.0024446158330828317,0.0024446158330828317,-0.0016259919090867085,-0.0016259919090867085
2016-08-30,0.006918059436463893,0.006918059436463893,0.0,0.0,Bull,False,0.009549622625790084,0.009549622625790084,0.005070080567715837,0.005070080567715837
2016-08-31,0.002609255386906989,0.002609255386906989,0.0,0.0,Bull,False,0.004249093976849906,0.004249093976849906,0.002515802246677484,0.002515802246677484
2016-09-01,-0.004233994539294877,-0.004233994539294877,0.0,0.0,Bull,False,-0.0007946760808854219,-0.0007946760808854219,-0.003913420772831467,-0.003913420772831467
2016-09-02,0.002520965227718889,0.002520965227718889,0.0,0.0,Bull,False,0.0024100652794818264,0.0024100652794818264,0.0020180466907089383,0.0020180466907089383
2016-09-06,0.008926641021744782,0.008926641021744782,0.0,0.0,Bull,False,0.00916024502828164,0.00916024502828164,0.007048952160154333,0.007048952160154333
2016-09-07,0.0021400251987907567,0.0021400251987907567,0.0,0.0,Bull,False,-0.0017051380803244764,-0.0017051380803244764,0.0023209666835889917,0.0023209666835889917
2016-09-08,0.0017272121842079804,0.0017272121842079804,0.0,0.0,Bull,False,0.0023518538465876152,0.0023518538465876152,0.0012722522032284007,0.0012722522032284007
2016-09-09,-0.006575156104636099,-0.006575156104636099,0.0,0.0,Bull,False,-0.005832678069495556,-0.005832678069495556,-0.005351170394877476,-0.005351170394877476
2016-09-12,-0.00471346328377562,-0.00471346328377562,0.0,0.0,Bull,False,-0.010339102484343192,-0.010339102484343192,-0.002844376474596306,-0.002844376474596306
2016-09-14,-0.0009242958046335747,-0.0009242958046335747,0.0,0.0,Bull,False,0.0007605415854655436,0.0007605415854655436,-0.0010024844031893392,-0.0010024844031893392
2016-09-15,-0.0006881793123125104,-0.0006881793123125104,0.0,0.0,Bull,False,0.001097942868090915,0.001097942868090915,-0.0008334947251811724,-0.0008334947251811724
2016-09-16,0.0013350681020797997,0.0013350681020797997,0.0,0.0,Bull,False,0.0025781411876495174,0.0025781411876495174,0.0008634347318432367,0.0008634347318432367
2016-09-19,0.003323238775554519,0.003323238775554519,0.0,0.0,Bull,False,0.001965274880032395,0.001965274880032395,0.0028565481275819498,0.0028565481275819498
2016-09-20,-0.0011332602553245337,-0.0011332602553245337,0.0,0.0,Bull,False,-0.0022327289164517134,-0.0022327289164517134,-0.0007247886891342051,-0.0007247886891342051
2016-09-21,0.0007419622606415946,0.0007419622606415946,0.0,0.0,Bull,False,8.206214273576876e-05,8.206214273576876e-05,0.000692865590026047,0.000692865590026047
2016-09-22,0.005047677831724274,0.005047677831724274,0.0,0.0,Bull,False,0.0062209135230349676,0.0062209135230349676,0.0038263756854641207,0.0038263756854641207
2016-09-23,-0.0015892346374723637,-0.0015892346374723637,0.0,0.0,Bull,False,-0.0024563688360976915,-0.0024563688360976915,-0.0011255262055758965,-0.0011255262055758965
2016-09-26,-0.0053851800323594275,-0.0053851800323594275,0.0,0.0,Bull,False,-0.007446033085566312,-0.007446033085566312,-0.003955540287953626,-0.003955540287953626
2016-09-27,-0.0018690317548526456,-0.0018690317548526456,0.0,0.0,Bull,False,-0.0011505548547609539,-0.0011505548547609539,-0.0015992855639113315,-0.0015992855639113315
2016-09-28,-1.5581305272220018e-05,-0.00011523163922888546,9.965188666314693e-05,0.19930377332629384,Bull,True,0.0026704492048212456,0.0026692724136145873,-0.0012864818152183615,-0.0012877186513853278
2016-09-29,-0.006599083173091633,-0.006599083173091633,0.0,0.0,Bull,False,-0.01057373359156076,-0.01057373359156076,-0.0012324715617308768,-0.0012324715617308768
2016-09-30,-0.0015753193405414576,-0.0015753193405414576,0.0,0.0,Bull,False,0.0027139318309898483,0.0027139318309898483,-0.0010452623325739347,-0.0010452623325739347
2016-10-03,0.008646866131072755,0.008646866131072755,0.0,0.0,Bull,False,0.008790690537010207,0.008790690537010207,0.00401262488219042,0.00401262488219042
2016-10-04,0.0020085976745146538,0.0020085976745146538,0.0,0.0,Bull,False,0.002132383829625999,0.002132383829625999,0.0008943365187337875,0.0008943365187337875
2016-10-05,-0.005018729122021736,-0.005018729122021736,0.0,0.0,Bull,False,-0.0017269177725044071,-0.0017269177725044071,-0.003958980603441567,-0.003958980603441567
2016-10-06,-0.0048225563557015745,-0.0048225563557015745,0.0,0.0,Bull,False,-0.002357434901448518,-0.002357434901448518,-0.0034576775930913756,-0.0034576775930913756
2016-10-07,-0.0021493999293561985,-0.0021493999293561985,0.0,0.0,Bull,False,-0.0008222775335652965,-0.0008222775335652965,-0.0016496937243432783,-0.0016496937243432783
2016-10-10,0.005140169855112379,0.005140169855112379,0.0,0.0,Bull,False,0.0007672609042170782,0.0007672609042170782,0.004512469334165038,0.004512469334165038
2016-10-13,-0.015089370039096807,-0.015089370039096807,0.0,0.0,Bull,False,-0.009316630770371316,-0.009316630770371316,-0.00989016656022558,-0.00989016656022558
2016-10-14,-0.00014162542630852682,-0.00014162542630852682,0.0,0.0,Bull,False,0.0006940447234437221,0.0006940447234437221,-0.0004716346492507888,-0.0004716346492507888
2016-10-17,-0.005024412519078668,-0.005024412519078668,0.0,0.0,Bull,False,-0.0043688478180045585,-0.0043688478180045585,-0.00265640297794097,-0.00265640297794097
2016-10-18,0.013067631619336512,0.013067631619336512,0.0,0.0,Bull,False,0.01097618743448658,0.01097618743448658,0.007082310239442344,0.007082310239442344
2016-10-19,-0.002651513761394889,-0.002651513761394889,0.0,0.0,Bull,False,-0.001296486189194821,-0.001296486189194821,-0.001895909959463555,-0.001895909959463555
2016-10-20,0.0036480973695636504,0.0036480973695636504,0.0,0.0,Bull,False,0.0027867710951690098,0.0027867710951690098,0.0021286784920770863,0.0021286784920770863
2016-10-21,-0.0011785330283009,-0.0011785330283009,0.0,0.0,Bull,False,-0.0004372810144555849,-0.0004372810144555849,-0.0009100215492091338,-0.0009100215492091338
2016-10-24,7.676559101235225e-06,7.676559101235225e-06,0.0,0.0,Bull,False,0.0010953289553873589,0.0010953289553873589,-0.000519714894777766,-0.000519714894777766
2016-10-25,-0.0023650555483195673,-0.0023650555483195673,0.0,0.0,Bull,False,-0.0012185918991934755,-0.0012185918991934755,-0.0016669012534665055,-0.0016669012534665055
2016-10-26,-0.005622433482703683,-0.005622433482703683,0.0,0.0,Bull,False,-0.005235443633173338,-0.005235443633173338,-0.002812778825089005,-0.002812778825089005
2016-10-27,-0.0004536576332382139,-0.0004536576332382139,0.0,0.0,Bull,False,-4.06738949168757e-06,-4.06738949168757e-06,-0.00043326713849609896,-0.00043326713849609896
2016-10-28,0.0031582873402960054,0.0031582873402960054,0.0,0.0,Bull,False,0.0029773666577116134,0.0029773666577116134,0.003414624876348608,0.003414624876348608
2016-11-01,0.0011316188179958764,0.0009032610473143077,0.0002280996488268034,0.4561992976536068,Bear,True,-0.000816161148413963,-0.0008179207176072234,0.00013144067351008215,0.0001276054958778694
2016-11-02,0.005115375428999728,0.005115375428999728,0.0,0.0,Bear,False,-0.007803312497465505,-0.007803312497465505,-0.001114762688928401,-0.001114762688928401
2016-11-03,-0.0010317118226528933,-0.0010317118226528933,0.0,0.0,Bear,False,-0.0020353452768111613,-0.0020353452768111613,-0.0012745780805274423,-0.0012745780805274423
2016-11-04,0.0006679670495804097,0.0006679670495804097,0.0,0.0,Bear,False,-0.0035946063284789725,-0.0035946063284789725,-0.0012047788565652932,-0.0012047788565652932
2016-11-07,-0.0011739648274660436,-0.0011739648274660436,0.0,0.0,Bear,False,0.004460114593180664,0.004460114593180664,0.0013446361752848656,0.0013446361752848656
2016-11-08,0.0033709827022831373,0.0033709827022831373,0.0,0.0,Bear,False,0.0032618493846618053,0.0032618493846618053,0.0027628378701422024,0.0027628378701422024
2016-11-09,0.009926010231852352,0.009926010231852352,0.0,0.0,Bear,False,-0.007803386053639399,-0.007803386053639399,0.0009370087490337151,0.0009370087490337151
2016-11-10,-0.0015301627464257223,-0.0015301627464257223,0.0,0.0,Bear,False,0.0066104210369826045,0.0066104210369826045,0.0020641799970004056,0.0020641799970004056
2016-11-11,-0.018746659157282,-0.018746659157282,0.0,0.0,Bear,False,-0.01606297272523091,-0.01606297272523091,-0.01452810699602183,-0.01452810699602183
2016-11-15,-0.00820084721710499,-0.00820084721710499,0.0,0.0,Bear,False,-0.013369332585685787,-0.013369332585685787,-0.008946236784560217,-0.008946236784560217
2016-11-16,-0.0009903885940528336,-0.0009903885940528336,0.0,0.0,Bear,False,0.00022714996026056708,0.00022714996026056708,-0.0003234844312369933,-0.0003234844312369933
2016-11-17,-0.01037251514455825,-0.01037251514455825,0.0,0.0,Bear,False,-0.0022778305837323053,-0.0022778305837323053,-0.005290549176388317,-0.005290549176388317
2016-11-18,-0.017090957290134476,-0.017090957290134476,0.0,0.0,Bear,False,-0.0004227371647467542,-0.0004227371647467542,-0.007319487594683953,-0.007319487594683953
2016-11-21,0.00020363766179399547,0.00020363766179399547,0.0,0.0,Bear,False,-0.010482357034601313,-0.010482357034601313,-0.004252892389027176,-0.004252892389027176
2016-11-22,0.004986263332651354,0.004986263332651354,0.0,0.0,Bear,False,0.005347819574340249,0.005347819574340249,0.004272368237408944,0.004272368237408944
2016-11-23,0.0016657376289366927,0.0016657376289366927,0.0,0.0,Bear,False,0.0022486856721305403,0.0022486856721305403,0.0016170897720019673,0.0016170897720019673
2016-11-24,-0.004159484112579979,-0.004159484112579979,0.0,0.0,Bear,False,-0.004911857029095586,-0.004911857029095586,-0.0037523856585342493,-0.0037523856585342493
2016-11-25,-0.005921393269080158,-0.005921393269080158,0.0,0.0,Bear,False,0.010842174122593917,0.010842174122593917,0.001997182828752905,0.001997182828752905
2016-11-28,0.0069115678934587605,0.0069115678934587605,0.0,0.0,Bear,False,0.0009082482598272991,0.0009082482598272991,0.003229340289544586,0.003229340289544586
2016-11-29,-0.00011894469228415417,-0.00011894469228415417,0.0,0.0,Bear,False,0.001094236094961586,0.001094236094961586,0.00040214890043274905,0.00040214890043274905
2016-11-30,-0.0006608047428392803,-0.0006608047428392803,0.0,0.0,Bear,False,0.007275431412568359,0.007275431412568359,0.0033009190060623475,0.0033009190060623475
2016-12-01,-0.0030302871007869716,-0.0033712134359683565,0.00034196257997647604,0.6839251599529521,Crisis,True,-0.002301441695336637,-0.0023077347827129557,-0.004987986694964956,-0.004992940014105884
2016-12-02,-0.0029590655778335972,-0.0029590655778335972,0.0,0.0,Crisis,False,-0.007758185921734278,-0.007758185921734278,-0.007132808027786888,-0.007132808027786888
2016-12-05,-0.0006706400510348288,-0.0006706400510348288,0.0,0.0,Crisis,False,0.00308755001418288,0.00308755001418288,0.00037227317939787433,0.00037227317939787433
2016-12-06,0.0008983833462002035,0.0008983833462002035,0.0,0.0,Crisis,False,0.0010617664649969867,0.0010617664649969867,0.0016328035571789063,0.0016328035571789063
2016-12-07,-0.0012254669300814176,-0.0012254669300814176,0.0,0.0,Crisis,False,-0.003016254723736516,-0.003016254723736516,-0.0028791816495314,-0.0028791816495314
2016-12-08,0.001970537069340013,0.001970537069340013,0.0,0.0,Crisis,False,0.010658720148177177,0.010658720148177177,0.007017881724892264,0.007017881724892264
2016-12-09,-0.0015133468971783664,-0.0015133468971783664,0.0,0.0,Crisis,False,0.0010852510382569733,0.0010852510382569733,-0.0015726662096214494,-0.0015726662096214494
2016-12-12,-0.0014296683192468176,-0.0014296683192468176,0.0,0.0,Crisis,False,-0.006617060861254313,-0.006617060861254313,-0.004641123626885891,-0.004641123626885891
2016-12-13,-0.0003682073754282992,-0.0003682073754282992,0.0,0.0,Crisis,False,0.0037352095583251563,0.0037352095583251563,0.0010466319644466145,0.0010466319644466145
2016-12-14,-0.0008285200847660578,-0.0008285200847660578,0.0,0.0,Crisis,False,-0.0028712173046963837,-0.0028712173046963837,-0.002294500794824482,-0.002294500794824482
2016-12-15,-0.002438788992429672,-0.002438788992429672,0.0,0.0,Crisis,False,-0.0021150114584858513,-0.0021150114584858513,-0.004132099556953445,-0.004132099556953445
2016-12-16,-0.0028522121514394185,-0.0028522121514394185,0.0,0.0,Crisis,False,-0.001033784440888595,-0.001033784440888595,-0.004260893199059309,-0.004260893199059309
2016-12-19,0.00047142342268253974,0.00047142342268253974,0.0,0.0,Crisis,False,-0.0025766262037539593,-0.0025766262037539593,-0.00043670614131100763,-0.00043670614131100763
2016-12-20,-0.0007489890808983396,-0.0007489890808983396,0.0,0.0,Crisis,False,-0.0016154813252564847,-0.0016154813252564847,-0.001676364399928389,-0.001676364399928389
2016-12-21,-0.00028227277001367237,-0.00028227277001367237,0.0,0.0,Crisis,False,-0.001555428958727933,-0.001555428958727933,-0.0010243969837126102,-0.0010243969837126102
2016-12-22,-0.002003660153628183,-0.002003660153628183,0.0,0.0,Crisis,False,-0.006068928553495733,-0.006068928553495733,-0.005211847132116998,-0.005211847132116998
2016-12-23,-8.692016685782354e-05,-8.692016685782354e-05,0.0,0.0,Crisis,False,0.0004900631538692772,0.0004900631538692772,9.269528929226668e-05,9.269528929226668e-05
2016-12-26,0.0006904857002297876,0.0006904857002297876,0.0,0.0,Crisis,False,-0.005750155186177461,-0.005750155186177461,-0.001455022970373188,-0.001455022970373188
2016-12-27,0.0034334074914786888,0.0034334074914786888,0.0,0.0,Crisis,False,0.009304553963334116,0.009304553963334116,0.008483044185469043,0.008483044185469043
2016-12-28,0.0021198216200807767,0.0021198216200807767,0.0,0.0,Crisis,False,0.00016040602294821167,0.00016040602294821167,0.00289813175349454,0.00289813175349454
2016-12-29,0.0005131456798518682,0.0005131456798518682,0.0,0.0,Crisis,False,0.005073354710609362,0.005073354710609362,0.0028010116279881606,0.0028010116279881606
2016-12-30,0.007649748284176168,0.0073028720318282225,0.00034424288095992884,0.6884857619198577,Bear,True,0.007385201914356987,0.0073834079147026,0.006813233798015794,0.006809809922088794
2017-01-02,-0.002100789877463458,-0.002100789877463458,0.0,0.0,Bear,False,-0.00046690171833969673,-0.00046690171833969673,-0.0010731468138323486,-0.0010731468138323486
2017-01-03,-0.003502434973121623,-0.003502434973121623,0.0,0.0,Bear,False,0.0009414200830716068,0.0009414200830716068,-0.0010630590341235322,-0.0010630590341235322
2017-01-04,0.011588522670054563,0.011588522670054563,0.0,0.0,Bear,False,-0.00013243572446812707,-0.00013243572446812707,0.004758625583065908,0.004758625583065908
2017-01-05,0.006650862664509606,0.006650862664509606,0.0,0.0,Bear,False,0.006124183978556065,0.006124183978556065,0.005342607513426057,0.005342607513426057
2017-01-06,-0.0006701612328213985,-0.0006701612328213985,0.0,0.0,Bear,False,-0.0021946327720322473,-0.0021946327720322473,-0.001199847994555484,-0.001199847994555484
2017-01-09,0.0016941097121951725,0.0016941097121951725,0.0,0.0,Bear,False,-0.0005671966275745357,-0.0005671966275745357,0.0004732119196307521,0.0004732119196307521
2017-01-10,0.004421230445897984,0.004421230445897984,0.0,0.0,Bear,False,0.00384812741888792,0.00384812741888792,0.0034609694796813887,0.0034609694796813887
2017-01-11,0.007973065220550052,0.007973065220550052,0.0,0.0,Bear,False,0.006714873002023436,0.006714873002023436,0.00615191182353054,0.00615191182353054
2017-01-12,0.005987188764084079,0.005987188764084079,0.0,0.0,Bear,False,0.0019276449089884098,0.0019276449089884098,0.003326187619348645,0.003326187619348645
2017-01-13,-0.0020628301132397226,-0.0020628301132397226,0.0,0.0,Bear,False,-0.0004954447134311529,-0.0004954447134311529,-0.001077025055452989,-0.001077025055452989
2017-01-16,0.00457379974930952,0.00457379974930952,0.0,0.0,Bear,False,0.0008970470502409098,0.0008970470502409098,0.002300751878843395,0.002300751878843395
2017-01-17,0.005889477051239559,0.005889477051239559,0.0,0.0,Bear,False,-0.001066102233557608,-0.001066102233557608,0.002045571293210367,0.002045571293210367
2017-01-18,0.0021631244720215267,0.0021631244720215267,0.0,0.0,Bear,False,0.001375023575687145,0.001375023575687145,0.0014885788532296145,0.0014885788532296145
2017-01-19,-0.005362470258669538,-0.005362470258669538,0.0,0.0,Bear,False,0.0013080639917702954,0.0013080639917702954,-0.0017325060938146756,-0.0017325060938146756
2017-01-20,-0.001246819471353393,-0.001246819471353393,0.0,0.0,Bear,False,-0.0061890815265652505,-0.0061890815265652505,-0.003105667845146283,-0.003105667845146283
2017-01-23,0.00027639478826044976,0.00027639478826044976,0.0,0.0,Bear,False,0.0030611873838223913,0.0030611873838223913,0.0013884758302514422,0.0013884758302514422
2017-01-24,0.0019058617993319555,0.0019058617993319555,0.0,0.0,Bear,False,0.006103619521365163,0.006103619521365163,0.0033457161094635405,0.0033457161094635405
2017-01-25,-0.0012919490728904642,-0.0012919490728904642,0.0,0.0,Bear,False,0.009135904411312503,0.009135904411312503,0.0032652135270875736,0.0032652135270875736
2017-01-27,-0.008298756294463252,-0.008298756294463252,0.0,0.0,Bear,False,0.002741788179201158,0.002741788179201158,-0.002341911126185276,-0.002341911126185276
2017-01-30,-0.004593829883495221,-0.004593829883495221,0.0,0.0,Bear,False,-0.0006007519882754923,-0.0006007519882754923,-0.002172629177330552,-0.002172629177330552
2017-01-31,0.0021438768446876534,0.0020455779941399577,9.808856075381282e-05,0.19617712150762565,Bear,True,-0.003590021276632171,-0.003597151972620005,0.0014180530306763621,0.0014124585046688676
2017-02-01,0.010076427848340612,0.010076427848340612,0.0,0.0,Bear,False,0.01081488683767871,0.01081488683767871,0.007592316626775962,0.007592316626775962
2017-02-02,0.0033521907251744523,0.0033521907251744523,0.0,0.0,Bear,False,0.0012355768224630572,0.0012355768224630572,0.0020991456023399455,0.0020991456023399455
2017-02-03,-0.0019830471521784304,-0.0019830471521784304,0.0,0.0,Bear,False,0.0004617889943940408,0.0004617889943940408,-0.001021304022622842,-0.001021304022622842
2017-02-06,0.0048589427357343465,0.0048589427357343465,0.0,0.0,Bear,False,0.004140256606328186,0.004140256606328186,0.003474600390261295,0.003474600390261295
2017-02-07,0.00629442938917313,0.00629442938917313,0.0,0.0,Bear,False,-0.0022468420094023662,-0.0022468420094023662,0.0030980542508108845,0.0030980542508108845
2017-02-08,0.0014036086201553223,0.0014036086201553223,0.0,0.0,Bear,False,5.157026740510321e-05,5.157026740510321e-05,0.0007955661572801611,0.0007955661572801611
2017-02-09,-0.00194349972087821,-0.00194349972087821,0.0,0.0,Bear,False,0.000642916467547837,0.000642916467547837,-0.0009708193138194474,-0.0009708193138194474
2017-02-10,-0.006189587894639643,-0.006189587894639643,0.0,0.0,Bear,False,0.0010409561475627673,0.0010409561475627673,-0.00327331761167716,-0.00327331761167716
2017-02-13,-0.0011608187890724821,-0.0011608187890724821,0.0,0.0,Bear,False,0.0007893735905713206,0.0007893735905713206,-0.0005018815432236928,-0.0005018815432236928
2017-02-14,0.00230474483562555,0.00230474483562555,0.0,0.0,Bear,False,-0.000878292445128419,-0.000878292445128419,0.0011204306198997248,0.0011204306198997248
2017-02-15,-0.005331264639759171,-0.005331264639759171,0.0,0.0,Bear,False,-0.004636721904423835,-0.004636721904423835,-0.003832419159312931,-0.003832419159312931
2017-02-16,0.006965124193104933,0.006965124193104933,0.0,0.0,Bear,False,0.0036721049737052382,0.0036721049737052382,0.004560111297256895,0.004560111297256895
2017-02-17,0.006052855969307681,0.006052855969307681,0.0,0.0,Bear,False,0.003006664370437366,0.003006664370437366,0.003940962098451928,0.003940962098451928
2017-02-20,0.0005885169353850687,0.0005885169353850687,0.0,0.0,Bear,False,0.003935452893183862,0.003935452893183862,0.0010530699079969613,0.0010530699079969613
2017-02-21,-0.002829099797424201,-0.002829099797424201,0.0,0.0,Bear,False,0.0019550431088192354,0.0019550431088192354,-0.0012223700796951055,-0.0012223700796951055
2017-02-22,0.0072961242335417625,0.0072961242335417625,0.0,0.0,Bear,False,0.0012974933737279102,0.0012974933737279102,0.0043192627283359965,0.0043192627283359965
2017-02-23,0.0003314747515381284,0.0003314747515381284,0.0,0.0,Bear,False,0.000860786958682233,0.000860786958682233,0.00034753568093277544,0.00034753568093277544
2017-02-27,0.002793571379889304,0.002793571379889304,0.0,0.0,Bear,False,-0.00290868936010906,-0.00290868936010906,0.0010278022585632667,0.0010278022585632667
2017-02-28,-0.0020210864071462877,-0.0020210864071462877,0.0,0.0,Bear,False,-2.7000247649575657e-05,-2.7000247649575657e-05,-0.00040538078894209416,-0.00040538078894209416
2017-03-01,0.000975044390329206,0.000975044390329206,0.0,0.0,Bear,False,0.004512234072041296,0.004512234072041296,0.0013789689070199504,0.0013789689070199504
2017-03-02,-0.0020592114546832186,-0.0023585617959379634,0.0002999680388764278,0.5999360777528556,Bear,True,-0.00308858720469265,-0.0030920816917281435,-0.0025203600791117533,-0.0025234217554098715
2017-03-03,-9.917607356043011e-05,-9.917607356043011e-05,0.0,0.0,Bear,False,-0.00014802557016341538,-0.00014802557016341538,-0.0031656185301554844,-0.0031656185301554844
2017-03-06,0.0029533045042290386,0.0029533045042290386,0.0,0.0,Bear,False,0.0044343277324481204,0.0044343277324481204,0.003938373936174456,0.003938373936174456
2017-03-07,-0.0007456837319466922,-0.0007456837319466922,0.0,0.0,Bear,False,-0.0011125893840545102,-0.0011125893840545102,-0.0027907774257363645,-0.0027907774257363645
2017-03-08,-0.00100530309375989,-0.00100530309375989,0.0,0.0,Bear,False,-0.0015118272956178653,-0.0015118272956178653,-0.004187307580767791,-0.004187307580767791
2017-03-09,0.00011488376569018007,0.00011488376569018007,0.0,0.0,Bear,False,0.00017745811077561757,0.00017745811077561757,-0.0004823566431347588,-0.0004823566431347588
2017-03-10,0.00034340498848012,0.00034340498848012,0.0,0.0,Bear,False,0.000510917469399329,0.000510917469399329,-0.0013741807815168474,-0.0013741807815168474
2017-03-14,0.006819684754862184,0.006819684754862184,0.0,0.0,Bear,False,0.010232644317468061,0.010232644317468061,0.0038084792210509085,0.0038084792210509085
2017-03-15,-9.854439685719265e-05,-9.854439685719265e-05,0.0,0.0,Bear,False,-0.00014618396270876292,-0.00014618396270876292,-0.004194814667145451,-0.004194814667145451
2017-03-16,0.0030625623172314148,0.0030625623172314148,0.0,0.0,Bear,False,0.0045785047699950865,0.0045785047699950865,0.006775407971618036,0.006775407971618036
2017-03-17,0.00028136394425721666,0.00028136394425721666,0.0,0.0,Bear,False,0.0004200153032336711,0.0004200153032336711,0.0005732135071021394,0.0005732135071021394
2017-03-20,-0.001476072861228502,-0.001476072861228502,0.0,0.0,Bear,False,-0.0021990577045646023,-0.0021990577045646023,-0.0004933651852362378,-0.0004933651852362378
2017-03-21,-0.00023144988587867781,-0.00023144988587867781,0.0,0.0,Bear,False,-0.00035064342075675613,-0.00035064342075675613,-5.395807107940865e-05,-5.395807107940865e-05
2017-03-22,-0.004044573340042448,-0.004044573340042448,0.0,0.0,Bear,False,-0.006039493565369947,-0.006039493565369947,0.00015069510942134566,0.00015069510942134566
2017-03-23,0.0024937559105069414,0.0024937559105069414,0.0,0.0,Bear,False,0.0037286124274356833,0.0037286124274356833,0.0025277817631907027,0.0025277817631907027
2017-03-24,0.0009583127951799079,0.0009583127951799079,0.0,0.0,Bear,False,0.0014379924700662122,0.0014379924700662122,0.00022397919167006515,0.00022397919167006515
2017-03-27,-0.002787596410519968,-0.002787596410519968,0.0,0.0,Bear,False,-0.0041667066856375425,-0.0041667066856375425,-0.0012153460393124385,-0.0012153460393124385
2017-03-28,0.002474854406515753,0.002474854406515753,0.0,0.0,Bear,False,0.0037044158609213776,0.0037044158609213776,0.0008982191172956068,0.0008982191172956068
2017-03-29,0.0019093641715828668,0.0019093641715828668,0.0,0.0,Bear,False,0.002854372281700901,0.002854372281700901,0.0010594045736825532,0.0010594045736825532
2017-03-30,0.0013331963936020123,0.0013331963936020123,0.0,0.0,Bear,False,0.0019863081178787003,0.0019863081178787003,0.0008845931938515259,0.0008845931938515259
2017-03-31,0.001862566596339534,0.001862566596339534,0.0,0.0,Bear,False,0.0012358281545994307,0.0012358281545994307,-0.0006931349971817428,-0.0006931349971817428
2017-04-03,0.005589828309262757,0.00539137474785778,0.00019735040651592845,0.3947008130318569,Bull,True,0.004192371235863135,0.004189722480603342,0.0017422579353241208,0.0017373425748070659
2017-04-05,0.0023675398355965586,0.0023675398355965586,0.0,0.0,Bull,False,0.0017781258966902329,0.0017781258966902329,0.004664388087053993,0.004664388087053993
2017-04-06,-0.00027882983782828626,-0.00027882983782828626,0.0,0.0,Bull,False,-0.0002119946144158676,-0.0002119946144158676,0.00015371687807072301,0.00015371687807072301
2017-04-07,-0.00550633463431022,-0.00550633463431022,0.0,0.0,Bull,False,-0.004135196092780156,-0.004135196092780156,-0.0007544872321858598,-0.0007544872321858598
2017-04-10,-0.0014662369390445176,-0.0014662369390445176,0.0,0.0,Bull,False,-0.001100265305462667,-0.001100265305462667,-0.004458217235990808,-0.004458217235990808
2017-04-11,0.004840988967898554,0.004840988967898554,0.0,0.0,Bull,False,0.003631350924723176,0.003631350924723176,0.002652779190564078,0.002652779190564078
2017-04-12,-0.002911640445926948,-0.002911640445926948,0.0,0.0,Bull,False,-0.0021891916859361864,-0.0021891916859361864,0.003102834897499207,0.003102834897499207
2017-04-13,-0.004579543236826487,-0.004579543236826487,0.0,0.0,Bull,False,-0.0034368838741728946,-0.0034368838741728946,0.00036154952445446214,0.00036154952445446214
2017-04-17,-0.0010028924175467743,-0.0010028924175467743,0.0,0.0,Bull,False,-0.0007493174704400478,-0.0007493174704400478,-8.856990135209053e-05,-8.856990135209053e-05
2017-04-18,-0.0029869849327173337,-0.0029869849327173337,0.0,0.0,Bull,False,-0.0022385523452029383,-0.0022385523452029383,-0.0013584010617589599,-0.0013584010617589599
2017-04-19,-0.0001467791163235526,-0.0001467791163235526,0.0,0.0,Bull,False,-0.0001124027892956642,-0.0001124027892956642,-0.0014958879279905087,-0.0014958879279905087
2017-04-20,0.002886780427384231,0.002886780427384231,0.0,0.0,Bull,False,0.0021617583812672068,0.0021617583812672068,0.0012282040847927894,0.0012282040847927894
2017-04-21,-0.0014853534979678996,-0.0014853534979678996,0.0,0.0,Bull,False,-0.0011106292420895508,-0.0011106292420895508,0.00045460837723869174,0.00045460837723869174
2017-04-24,0.008634995551351799,0.008634995551351799,0.0,0.0,Bull,False,0.006468545640525619,0.006468545640525619,0.0007758025078250094,0.0007758025078250094
2017-04-25,0.0077010188806678,0.0077010188806678,0.0,0.0,Bull,False,0.005781313783182723,0.005781313783182723,0.002483027979338584,0.002483027979338584
2017-04-26,0.003898894071426258,0.003898894071426258,0.0,0.0,Bull,False,0.0029301154860892744,0.0029301154860892744,-0.00030808510706190886,-0.00030808510706190886
2017-04-27,-0.0008309416173658632,-0.0008309416173658632,0.0,0.0,Bull,False,-0.0006231551344315254,-0.0006231551344315254,-0.0004281345577691115,-0.0004281345577691115
2017-04-28,-0.002705605312806762,-0.002705605312806762,0.0,0.0,Bull,False,-0.0013228878744308906,-0.0013228878744308906,0.0005551296876238917,0.0005551296876238917
2017-05-02,0.0008402197668104318,0.0008402197668104318,0.0,0.0,Bull,False,0.0006315775340777948,0.0006315775340777948,-0.0025751709517175527,-0.0025751709517175527
2017-05-03,-0.00015732222781740274,-0.00015732222781740274,0.0,0.0,Bull,False,-0.00011585412302998665,-0.00011585412302998665,-0.0009252420972922973,-0.0009252420972922973
2017-05-04,0.004129355260015304,0.004129355260015304,0.0,0.0,Bull,False,0.0031044777510988524,0.0031044777510988524,-0.002149109937498479,-0.002149109937498479
2017-05-05,-0.006376186220273355,-0.006377546142179447,1.3686486648003104e-06,0.0027372973296006207,Bull,True,-0.004782139733808743,-0.004784189893254798,-0.0011130961750079882,-0.0011158657583538734
2017-05-08,0.0024710914804445456,0.0024710914804445456,0.0,0.0,Bull,False,0.0018478937580874454,0.0018478937580874454,-0.001609905659945186,-0.001609905659945186
2017-05-09,0.00024220747796736765,0.00024220747796736765,0.0,0.0,Bull,False,0.00018392934770562668,0.00018392934770562668,-9.106044344894843e-05,-9.106044344894843e-05
2017-05-10,0.007759419585572338,0.007759419585572338,0.0,0.0,Bull,False,0.005814196555386207,0.005814196555386207,0.002828700736463496,0.002828700736463496
2017-05-11,0.001285454357305555,0.001285454357305555,0.0,0.0,Bull,False,0.0009650642738548859,0.0009650642738548859,-0.0014709101413748287,-0.0014709101413748287
2017-05-12,-0.0018278620417681935,-0.0018278620417681935,0.0,0.0,Bull,False,-0.0013727200570137837,-0.0013727200570137837,-0.00029460242840611645,-0.00029460242840611645
2017-05-15,0.0037901772634157138,0.0037901772634157138,0.0,0.0,Bull,False,0.0028451168297326497,0.0028451168297326497,0.001975783075657178,0.001975783075657178
2017-05-16,0.0056722510399601495,0.0056722510399601495,0.0,0.0,Bull,False,0.0042619181358581155,0.0042619181358581155,0.0027934654661754027,0.0027934654661754027
2017-05-17,0.0011390266120413232,0.0011390266120413232,0.0,0.0,Bull,False,0.0008570240385819941,0.0008570240385819941,0.0028039693741424747,0.0028039693741424747
2017-05-18,-0.008115795912732206,-0.008115795912732206,0.0,0.0,Bull,False,-0.00610819087639662,-0.00610819087639662,0.003358532018594186,0.003358532018594186
2017-05-19,-0.00013362474528024772,-0.00013362474528024772,0.0,0.0,Bull,False,-0.00010280064738742068,-0.00010280064738742068,-0.0013059058632108546,-0.0013059058632108546
2017-05-22,0.0008814259796318984,0.0008814259796318984,0.0,0.0,Bull,False,0.0006644612165106951,0.0006644612165106951,-0.00015655474453298942,-0.00015655474453298942
2017-05-23,-0.004423383672759376,-0.004423383672759376,0.0,0.0,Bull,False,-0.003323064120499836,-0.003323064120499836,0.0007161078700551101,0.0007161078700551101
2017-05-24,-0.0021851605945108,-0.0021851605945108,0.0,0.0,Bull,False,-0.0016422287294332813,-0.0016422287294332813,-0.0027774859056609214,-0.0027774859056609214
2017-05-25,0.012751606109765067,0.012751606109765067,0.0,0.0,Bull,False,0.009563856136398374,0.009563856136398374,0.0036972659827974427,0.0036972659827974427
2017-05-26,0.007202679573182373,0.007202679573182373,0.0,0.0,Bull,False,0.005419152679062394,0.005419152679062394,0.005468523336411794,0.005468523336411794
2017-05-29,0.0008230934428287142,0.0008230934428287142,0.0,0.0,Bull,False,0.0006227860235529153,0.0006227860235529153,0.0001880152403104158,0.0001880152403104158
2017-05-30,0.001643092219546806,0.001643092219546806,0.0,0.0,Bull,False,0.0012362638808105628,0.0012362638808105628,0.0006543728583334819,0.0006543728583334819
2017-05-31,0.00040074199638910515,0.00040074199638910515,0.0,0.0,Bull,False,0.0011526093878528525,0.0011526093878528525,-0.0003667098633222353,-0.0003667098633222353
2017-06-01,-0.0004283557959324929,-0.0004283557959324929,0.0,0.0,Bull,False,-0.00032036914071931026,-0.00032036914071931026,0.0011838955564084214,0.0011838955564084214
2017-06-02,0.0031260330954570627,0.0031260330954570627,0.0,0.0,Bull,False,0.0023555414303263037,0.0023555414303263037,-0.00011296127744570873,-0.00011296127744570873
2017-06-05,0.0017899922074735301,0.0017878117642780023,2.1765471930873857e-06,0.004353094386174771,Bull,True,0.0013424939788678092,0.0013392068852642325,0.005278625814957749,0.005276167370856566
2017-06-06,-0.00313928915418117,-0.00313928915418117,0.0,0.0,Bull,False,-0.0023555191664864725,-0.0023555191664864725,0.0004253937074859928,0.0004253937074859928
2017-06-07,0.002219820175299713,0.002219820175299713,0.0,0.0,Bull,False,0.001664300657728412,0.001664300657728412,0.00038034721487553204,0.00038034721487553204
2017-06-08,-0.0013786545829270495,-0.0013786545829270495,0.0,0.0,Bull,False,-0.001034213563988886,-0.001034213563988886,-0.00145733979008486,-0.00145733979008486
2017-06-09,0.0017412031358959982,0.0017412031358959982,0.0,0.0,Bull,False,0.0013057333091530939,0.0013057333091530939,-0.0018510261713797927,-0.0018510261713797927
2017-06-12,-0.0042916088922969955,-0.0042916088922969955,0.0,0.0,Bull,False,-0.0032196893742205373,-0.0032196893742205373,-0.002356812668014607,-0.002356812668014607
2017-06-13,-0.0007897072345097534,-0.0007897072345097534,0.0,0.0,Bull,False,-0.0005918240913206419,-0.0005918240913206419,-0.0014351950025302466,-0.0014351950025302466
2017-06-14,0.0009339286519225332,0.0009339286519225332,0.0,0.0,Bull,False,0.000697283218267305,0.000697283218267305,0.0002325927820823325,0.0002325927820823325
2017-06-15,-0.0033309779212122676,-0.0033309779212122676,0.0,0.0,Bull,False,-0.002493921393391415,-0.002493921393391415,-0.001962269342841966,-0.001962269342841966
2017-06-16,0.000833929208185692,0.000833929208185692,0.0,0.0,Bull,False,0.0006244646592742911,0.0006244646592742911,-0.0004261928027202503,-0.0004261928027202503
2017-06-19,0.005788985852022615,0.005788985852022615,0.0,0.0,Bull,False,0.004333340078196602,0.004333340078196602,0.0012545813313611554,0.0012545813313611554
2017-06-20,-0.00033351982466551123,-0.00033351982466551123,0.0,0.0,Bull,False,-0.00024768406493807865,-0.00024768406493807865,-0.0005833053860540767,-0.0005833053860540767
2017-06-21,-0.001649175093714107,-0.001649175093714107,0.0,0.0,Bull,False,-0.0012368813772207108,-0.0012368813772207108,0.00041526335954485604,0.00041526335954485604
2017-06-22,-0.00029879776024457975,-0.00029879776024457975,0.0,0.0,Bull,False,-0.00022400583282183092,-0.00022400583282183092,0.0003411527747158099,0.0003411527747158099
2017-06-23,-0.004570961547958379,-0.004570961547958379,0.0,0.0,Bull,False,-0.0034265496620640348,-0.0034265496620640348,-0.0016682597574399856,-0.0016682597574399856
2017-06-27,-0.005300974363019738,-0.005300974363019738,0.0,0.0,Bull,False,-0.0039692289956930775,-0.0039692289956930775,-0.0028087827912815213,-0.0028087827912815213
2017-06-28,-0.0016897920920530846,-0.0016897920920530846,0.0,0.0,Bull,False,-0.0012635797261407178,-0.0012635797261407178,-0.0017699889752855185,-0.0017699889752855185
2017-06-29,0.0010773701585163058,0.0010773701585163058,0.0,0.0,Bull,False,0.0008027807534610242,0.0008027807534610242,-0.0015583491359711166,-0.0015583491359711166
2017-06-30,0.0020611784157957037,0.0020611784157957037,0.0,0.0,Bull,False,0.0023527841909637215,0.0023527841909637215,0.00080696896173718,0.00080696896173718
2017-07-03,0.00787970960324546,0.00787970960324546,0.0,0.0,Bull,False,0.005889616386628357,0.005889616386628357,0.0021218649371820084,0.0021218649371820084
2017-07-04,-0.00014322866118100187,-0.00014322866118100187,0.0,0.0,Bull,False,-0.00010972640509635765,-0.00010972640509635765,-0.0031322201886535457,-0.0031322201886535457
2017-07-05,0.0020241415808251997,0.0020235498871454816,5.904984271812316e-07,0.0011809968543624633,Bull,True,0.001520555412202107,0.001519669630351217,0.0005182469962959531,0.0005151280337292174
2017-07-06,0.0030687114486403736,0.0030687114486403736,0.0,0.0,Bull,False,0.0023026908477859634,0.0023026908477859634,0.0020925219674549295,0.0020925219674549295
2017-07-07,-0.0007244637916321314,-0.0007244637916321314,0.0,0.0,Bull,False,-0.0005440365191046624,-0.0005440365191046624,-0.0014461280104450533,-0.0014461280104450533
2017-07-10,0.0087205822111144,0.0087205822111144,0.0,0.0,Bull,False,0.006547544232974773,0.006547544232974773,-0.0001502194321668206,-0.0001502194321668206
2017-07-11,0.0012320937450780334,0.0012320937450780334,0.0,0.0,Bull,False,0.000927071653254076,0.000927071653254076,0.001252609508196262,0.001252609508196262
2017-07-12,0.002463309409773332,0.002463309409773332,0.0,0.0,Bull,False,0.0018516243455692662,0.0018516243455692662,0.0017488201632323516,0.0017488201632323516
2017-07-13,0.006188845529769124,0.006188845529769124,0.0,0.0,Bull,False,0.004663391733157073,0.004663391733157073,0.0027707701587529492,0.0027707701587529492
2017-07-14,-0.0004351821672733327,-0.0004351821672733327,0.0,0.0,Bull,False,-0.00032824412893501164,-0.00032824412893501164,-0.000724376334107192,-0.000724376334107192
2017-07-17,0.0024085690044289717,0.0024085690044289717,0.0,0.0,Bull,False,0.0018165129949235415,0.0018165129949235415,0.0035272758781168005,0.0035272758781168005
2017-07-18,-0.0072081866745270975,-0.0072081866745270975,0.0,0.0,Bull,False,-0.005439538134727536,-0.005439538134727536,-0.0019984780893128502,-0.0019984780893128502
2017-07-19,0.005923651962534057,0.005923651962534057,0.0,0.0,Bull,False,0.004462235960008222,0.004462235960008222,0.003136863020062431,0.003136863020062431
2017-07-20,-0.0021376831354514643,-0.0021376831354514643,0.0,0.0,Bull,False,-0.0016126411398430243,-0.0016126411398430243,-0.0012976051613264772,-0.0012976051613264772
2017-07-21,0.003417072337249567,0.003417072337249567,0.0,0.0,Bull,False,0.002576440546450485,0.002576440546450485,0.0032517186824203084,0.0032517186824203084
2017-07-24,0.004152289777880252,0.004152289777880252,0.0,0.0,Bull,False,0.003133412688704949,0.003133412688704949,0.00394433348576949,0.00394433348576949
2017-07-25,-0.00014960578052315615,-0.00014960578052315615,0.0,0.0,Bull,False,-0.00011301060618658498,-0.00011301060618658498,-0.0014162832085933363,-0.0014162832085933363
2017-07-26,0.004535983767023774,0.004535983767023774,0.0,0.0,Bull,False,0.003426308208428682,0.003426308208428682,0.00047697042219041344,0.00047697042219041344
2017-07-27,-8.096100007223194e-06,-8.096100007223194e-06,0.0,0.0,Bull,False,-6.12224653641336e-06,-6.12224653641336e-06,0.0026796706222373236,0.0026796706222373236
2017-07-28,-0.00048694898651325,-0.00048694898651325,0.0,0.0,Bull,False,-0.0003682286358740674,-0.0003682286358740674,-0.0017304932246044848,-0.0017304932246044848
2017-07-31,0.005686262385949547,0.005686262385949547,0.0,0.0,Bull,False,0.005112434331160825,0.005112434331160825,0.003943007080628382,0.003943007080628382
2017-08-01,0.003006838498989002,0.003006838498989002,0.0,0.0,Bull,False,0.0022747856786116106,0.0022747856786116106,0.0005952454723075274,0.0005952454723075274
2017-08-02,-0.002646524272305223,-0.002646524272305223,0.0,0.0,Bull,False,-0.002003656888071052,-0.002003656888071052,-0.0017348024538776463,-0.0017348024538776463
2017-08-03,-0.0053840884283326606,-0.005387560108038425,3.490472719561287e-06,0.006980945439122574,Bull,True,-0.004038066321975919,-0.00404332679275865,-0.0030699040281340437,-0.0030746506979940635
2017-08-04,0.004208544210373764,0.004208544210373764,0.0,0.0,Bull,False,0.0031521423375269263,0.0031521423375269263,0.005196294817042075,0.005196294817042075
2017-08-07,-0.0007150361962501346,-0.0007150361962501346,0.0,0.0,Bull,False,-0.0005361163605191546,-0.0005361163605191546,-0.003628524863479554,-0.003628524863479554
2017-08-08,-0.006269040706670654,-0.006269040706670654,0.0,0.0,Bull,False,-0.004699529401000505,-0.004699529401000505,-0.0021678633070497254,-0.0021678633070497254
2017-08-09,-0.005640485168826951,-0.005640485168826951,0.0,0.0,Bull,False,-0.0042216706931950424,-0.0042216706931950424,6.41792097255769e-05,6.41792097255769e-05
2017-08-10,-0.007064435441429184,-0.007064435441429184,0.0,0.0,Bull,False,-0.005279905088909549,-0.005279905088909549,-0.0004054056714634705,-0.0004054056714634705
2017-08-11,-0.00886909660509514,-0.00886909660509514,0.0,0.0,Bull,False,-0.006616803162548181,-0.006616803162548181,-0.0002944338774287735,-0.0002944338774287735
2017-08-14,0.006814601806688141,0.006814601806688141,0.0,0.0,Bull,False,0.005072517127047885,0.005072517127047885,0.00033638430716898676,0.00033638430716898676
2017-08-16,0.008376239503465128,0.008376239503465128,0.0,0.0,Bull,False,0.006245744763005853,0.006245744763005853,0.0001375278378469122,0.0001375278378469122
2017-08-17,0.0005516802496434101,0.0005516802496434101,0.0,0.0,Bull,False,0.0004122314567683885,0.0004122314567683885,0.004977001141605538,0.004977001141605538
2017-08-18,-0.005372438615490441,-0.005372438615490441,0.0,0.0,Bull,False,-0.0040150012740721415,-0.0040150012740721415,-0.0010734345642922167,-0.0010734345642922167
2017-08-21,-0.0067205284615920995,-0.0067205284615920995,0.0,0.0,Bull,False,-0.005015628278744971,-0.005015628278744971,-0.005602809947202619,-0.005602809947202619
2017-08-22,0.0009124600076047428,0.0009124600076047428,0.0,0.0,Bull,False,0.000679815334912607,0.000679815334912607,-0.0002493355019538924,-0.0002493355019538924
2017-08-23,0.007075183184759878,0.007075183184759878,0.0,0.0,Bull,False,0.005269959964406626,0.005269959964406626,0.003241902830428184,0.003241902830428184
2017-08-24,0.000369747584875727,0.000369747584875727,0.0,0.0,Bull,False,0.00027855076887748937,0.00027855076887748937,0.00034988454477933884,0.00034988454477933884
2017-08-28,0.004502145976247039,0.004502145976247039,0.0,0.0,Bull,False,0.0033588547968805746,0.0033588547968805746,0.005568578148218041,0.005568578148218041
2017-08-29,-0.00939021905658605,-0.00939021905658605,0.0,0.0,Bull,False,-0.007018869398177862,-0.007018869398177862,0.0030931192118614824,0.0030931192118614824
2017-08-30,0.007175442030399956,0.007175442030399956,0.0,0.0,Bull,False,0.005353115848731428,0.005353115848731428,0.00028694902831783787,0.00028694902831783787
2017-08-31,0.0033475366213898774,0.0033475366213898774,0.0,0.0,Bull,False,0.0033062239859798248,0.0033062239859798248,0.0008745906833648512,0.0008745906833648512
2017-09-01,0.0045374906206750686,0.0045374906206750686,0.0,0.0,Bull,False,0.003387289353296032,0.003387289353296032,0.0056293203412419645,0.0056293203412419645
2017-09-04,-0.00492096759112892,-0.00492096759112892,0.0,0.0,Bull,False,-0.0036779935794936337,-0.0036779935794936337,0.0019705366554229023,0.0019705366554229023
2017-09-05,-0.0006068665408108039,-0.0009871283662064023,0.0003804927337048263,0.7609854674096526,Crisis,True,0.0023778332764033735,0.002375416867211877,0.0003307850903543352,0.00032355222818925
2017-09-06,0.0020348036580302496,0.0020348036580302496,0.0,0.0,Crisis,False,-0.002169871095973068,-0.002169871095973068,0.0016674466770807965,0.0016674466770807965
2017-09-07,-0.0009812932752020092,-0.0009812932752020092,0.0,0.0,Crisis,False,0.0008290704276092167,0.0008290704276092167,-0.0009136715443337775,-0.0009136715443337775
2017-09-08,0.001367177192205966,0.001367177192205966,0.0,0.0,Crisis,False,0.0002962435467975905,0.0002962435467975905,0.001962727019818025,0.001962727019818025
2017-09-11,-0.0018544147272553978,-0.0018544147272553978,0.0,0.0,Crisis,False,0.004306862284949892,0.004306862284949892,-0.0004227934129145488,-0.0004227934129145488
2017-09-12,-0.0009740086083883892,-0.0009740086083883892,0.0,0.0,Crisis,False,0.005232416189097825,0.005232416189097825,0.001211066832910196,0.001211066832910196
2017-09-13,0.001092066469687874,0.001092066469687874,0.0,0.0,Crisis,False,-0.0008193602500421048,-0.0008193602500421048,0.001048256675540763,0.001048256675540763
2017-09-14,-0.0015402062756531597,-0.0015402062756531597,0.0,0.0,Crisis,False,0.0004374318798597896,0.0004374318798597896,-0.0018344261133570244,-0.0018344261133570244
2017-09-15,0.0007616943726640854,0.0007616943726640854,0.0,0.0,Crisis,False,-7.183029799627308e-05,-7.183029799627308e-05,0.0009765575765927778,0.0009765575765927778
2017-09-18,-0.0018328736566856274,-0.0018328736566856274,0.0,0.0,Crisis,False,0.004051392123315893,0.004051392123315893,-0.0004833847934948898,-0.0004833847934948898
2017-09-19,-0.00022550699102671598,-0.00022550699102671598,0.0,0.0,Crisis,False,-0.00032719974991235896,-0.00032719974991235896,-0.0004642958676258806,-0.0004642958676258806
2017-09-20,0.0010232495084754713,0.0010232495084754713,0.0,0.0,Crisis,False,-0.0003858189537097767,-0.0003858189537097767,0.0011786571660744656,0.0011786571660744656
2017-09-21,-0.0014011520537828292,-0.0014011520537828292,0.0,0.0,Crisis,False,-0.0011453723064595348,-0.0011453723064595348,-0.002415407017937686,-0.002415407017937686
2017-09-22,-0.00041785603901125905,-0.00041785603901125905,0.0,0.0,Crisis,False,-0.009413963275036595,-0.009413963275036595,-0.0050840935970381225,-0.0050840935970381225
2017-09-25,1.8845786640286303e-05,1.8845786640286303e-05,0.0,0.0,Crisis,False,-0.005539188147490298,-0.005539188147490298,-0.0026285779609189373,-0.0026285779609189373
2017-09-26,0.00275667882507031,0.00275667882507031,0.0,0.0,Crisis,False,-6.671914923722205e-05,-6.671914923722205e-05,0.0036523024974559567,0.0036523024974559567
2017-09-27,-0.002233635367598521,-0.002233635367598521,0.0,0.0,Crisis,False,-0.008237224089613937,-0.008237224089613937,-0.006902654140911561,-0.006902654140911561
2017-09-28,-0.001268795747295734,-0.001268795747295734,0.0,0.0,Crisis,False,0.002027296910232759,0.002027296910232759,-0.0007305412721875591,-0.0007305412721875591
2017-09-29,0.001680756422631922,0.001680756422631922,0.0,0.0,Crisis,False,0.002402008434969875,0.002402008434969875,0.0009629849350909841,0.0009629849350909841
2017-10-03,-0.00047331917895911374,-0.00047331917895911374,0.0,0.0,Crisis,False,0.004318773084091886,0.004318773084091886,0.0014261154217882395,0.0014261154217882395
2017-10-04,-0.00027545621689570895,-0.00027545621689570895,0.0,0.0,Crisis,False,0.0033601062024105105,0.0033601062024105105,0.0012393974543691312,0.0012393974543691312
2017-10-05,-0.000622709203194188,-0.0006268470888395328,4.1404639503846795e-06,0.008280927900769359,Crisis,True,-0.001585504298395568,-0.0015858348499583341,-0.0015718290630793625,-0.0015744589930017927
2017-10-06,-0.00028505004027346985,-0.00028505004027346985,0.0,0.0,Crisis,False,0.005511687318074263,0.005511687318074263,0.002205272213685779,0.002205272213685779
2017-10-09,0.002721549480962321,0.002721549480962321,0.0,0.0,Crisis,False,0.0005494111397351964,0.0005494111397351964,0.0038730951092321077,0.0038730951092321077
2017-10-10,0.000770621590813465,0.000770621590813465,0.0,0.0,Crisis,False,0.0016989416752975623,0.0016989416752975623,0.0018193150002725554,0.0018193150002725554
2017-10-11,0.000609911846751727,0.000609911846751727,0.0,0.0,Crisis,False,-0.0019336389808743738,-0.0019336389808743738,-9.406628260355348e-05,-9.406628260355348e-05
2017-10-12,0.0014604099601963916,0.0014604099601963916,0.0,0.0,Crisis,False,0.006721162303742019,0.006721162303742019,0.005086385660678306,0.005086385660678306
2017-10-13,0.0004226369380914602,0.0004226369380914602,0.0,0.0,Crisis,False,0.004252882761130996,0.004252882761130996,0.0025481600681271778,0.0025481600681271778
2017-10-16,-0.0004165961413446812,-0.0004165961413446812,0.0,0.0,Crisis,False,0.0037827320959146556,0.0037827320959146556,0.0012132354905730813,0.0012132354905730813
2017-10-17,-0.0009517281447277931,-0.0009517281447277931,0.0,0.0,Crisis,False,0.00021380157288840385,0.00021380157288840385,-0.0011554484331472007,-0.0011554484331472007
2017-10-18,-0.001849277874473545,-0.001849277874473545,0.0,0.0,Crisis,False,-0.0014010952394010938,-0.0014010952394010938,-0.0030994425859246426,-0.0030994425859246426
2017-10-19,0.0029074586598696085,0.0029074586598696085,0.0,0.0,Crisis,False,-0.0034769061074858103,-0.0034769061074858103,0.0015073333697329546,0.0015073333697329546
2017-10-23,-0.003461717850031863,-0.003461717850031863,0.0,0.0,Crisis,False,0.001937937272690537,0.001937937272690537,-0.002976571226083558,-0.002976571226083558
2017-10-24,-0.00027355945744523825,-0.00027355945744523825,0.0,0.0,Crisis,False,0.0013567246616191628,0.0013567246616191628,0.00028488324425798264,0.00028488324425798264
2017-10-25,-0.00010519573827021086,-0.00010519573827021086,0.0,0.0,Crisis,False,0.005215623192737432,0.005215623192737432,0.002312077925872101,0.002312077925872101
2017-10-26,-0.00015287354482815033,-0.00015287354482815033,0.0,0.0,Crisis,False,0.002862152934786838,0.002862152934786838,0.001159416701967584,0.001159416701967584
2017-10-27,-0.0015420673904412887,-0.0015420673904412887,0.0,0.0,Crisis,False,-0.0012239238807889245,-0.0012239238807889245,-0.0026105837507808217,-0.0026105837507808217
2017-10-30,0.00019252092310425195,0.00019252092310425195,0.0,0.0,Crisis,False,0.002401551440450608,0.002401551440450608,0.0013850672466410145,0.0013850672466410145
2017-10-31,0.003062578706181821,0.003062578706181821,0.0,0.0,Crisis,False,-0.00040839212894687015,-0.00040839212894687015,0.0012739534915253731,0.0012739534915253731
2017-11-01,8.002063996171864e-05,8.002063996171864e-05,0.0,0.0,Crisis,False,0.006200409759895258,0.006200409759895258,0.003044318977301937,0.003044318977301937
2017-11-02,-0.000592759388489366,-0.000592759388489366,0.0,0.0,Crisis,False,-0.0009782298380677963,-0.0009782298380677963,-0.0012447580691710516,-0.0012447580691710516
2017-11-03,3.4274592914419755e-05,3.4274592914419755e-05,0.0,0.0,Crisis,False,0.0016827874142464935,0.0016827874142464935,0.000845410426765002,0.000845410426765002
2017-11-06,-5.359069625144077e-05,-0.00043277488203863346,0.0003792045076207423,0.7584090152414846,Bull,True,-4.019298612774058e-05,-4.611028419720942e-05,-0.0015512721872373105,-0.0015575536417672398
2017-11-07,-0.007780328920854652,-0.007780328920854652,0.0,0.0,Bull,False,-0.005835168609626837,-0.005835168609626837,-0.00019675525581171758,-0.00019675525581171758
2017-11-08,-0.0036276428674055536,-0.0036276428674055536,0.0,0.0,Bull,False,-0.0027178874954660722,-0.0027178874954660722,-0.001174322829646975,-0.001174322829646975
2017-11-09,0.0004510549875286813,0.0004510549875286813,0.0,0.0,Bull,False,0.0003398387086234161,0.0003398387086234161,0.00044971602989556125,0.00044971602989556125
2017-11-10,0.0009905378907078626,0.0009905378907078626,0.0,0.0,Bull,False,0.0007408459012829287,0.0007408459012829287,0.0015857576790533714,0.0015857576790533714
2017-11-13,-0.007483628895465228,-0.007483628895465228,0.0,0.0,Bull,False,-0.005598573634453293,-0.005598573634453293,-0.003369105859798381,-0.003369105859798381
2017-11-14,-0.0029872535840277355,-0.0029872535840277355,0.0,0.0,Bull,False,-0.0022305562444546382,-0.0022305562444546382,-0.002196670945995906,-0.002196670945995906
2017-11-15,-0.005355568629135004,-0.005355568629135004,0.0,0.0,Bull,False,-0.003995923791508435,-0.003995923791508435,-0.00035489715214718836,-0.00035489715214718836
2017-11-16,0.007595543650613759,0.007595543650613759,0.0,0.0,Bull,False,0.005659488876690412,0.005659488876690412,0.0010161749699766666,0.0010161749699766666
2017-11-17,0.005367187417781981,0.005367187417781981,0.0,0.0,Bull,False,0.004006825087173902,0.004006825087173902,0.002872043877259284,0.002872043877259284
2017-11-20,0.0011747472412959883,0.0011747472412959883,0.0,0.0,Bull,False,0.0008781851097679178,0.0008781851097679178,0.0031760292875084063,0.0031760292875084063
2017-11-21,0.0021801937571890944,0.0021801937571890944,0.0,0.0,Bull,False,0.0016302921623512663,0.0016302921623512663,-0.002032796676330387,-0.002032796676330387
2017-11-22,0.0011900605752830254,0.0011900605752830254,0.0,0.0,Bull,False,0.000890384848697854,0.000890384848697854,0.0006762831585678657,0.0006762831585678657
2017-11-23,0.0004978760314041617,0.0004978760314041617,0.0,0.0,Bull,False,0.0003726146387062636,0.0003726146387062636,0.0007076945506829469,0.0007076945506829469
2017-11-24,0.0031592802189576675,0.0031592802189576675,0.0,0.0,Bull,False,0.002364728200716982,0.002364728200716982,0.00175072889903105,0.00175072889903105
2017-11-27,0.0007574976179996055,0.0007574976179996055,0.0,0.0,Bull,False,0.0005674380890408062,0.0005674380890408062,-0.00019950956733787628,-0.00019950956733787628
2017-11-28,-0.0022536441522627653,-0.0022536441522627653,0.0,0.0,Bull,False,-0.0016910232990332377,-0.0016910232990332377,-0.0010760591404688261,-0.0010760591404688261
2017-11-29,-0.0006873466457448988,-0.0006873466457448988,0.0,0.0,Bull,False,-0.0005121837512476423,-0.0005121837512476423,-6.00436636126203e-05,-6.00436636126203e-05
2017-11-30,-0.00975286004803097,-0.00975286004803097,0.0,0.0,Bull,False,-0.006512005319130078,-0.006512005319130078,-0.005780966404064436,-0.005780966404064436
2017-12-01,-0.008153091578439131,-0.008153091578439131,0.0,0.0,Bull,False,-0.006084179791028489,-0.006084179791028489,-0.004049104609441613,-0.004049104609441613
2017-12-04,0.0004648656364234618,0.0004648656364234618,0.0,0.0,Bull,False,0.00034361398828315745,0.00034361398828315745,-0.0014519511452414642,-0.0014519511452414642
2017-12-05,-0.0003691758350459279,-0.0005662989602395196,0.0001971959251640038,0.3943918503280076,Bear,True,-0.0005587895027491907,-0.0005629640053480545,0.00039898881787614476,0.0003956462403744698
2017-12-06,-0.0029296842951610424,-0.0029296842951610424,0.0,0.0,Bear,False,-0.004395360168901831,-0.004395360168901831,-0.003938510410147982,-0.003938510410147982
2017-12-07,0.004858185997088214,0.004858185997088214,0.0,0.0,Bear,False,0.007299391523830467,0.007299391523830467,0.0019105934469802735,0.0019105934469802735
2017-12-08,0.0039020557742753693,0.0039020557742753693,0.0,0.0,Bear,False,0.005848603735275857,0.005848603735275857,-2.9613656342377965e-05,-2.9613656342377965e-05
2017-12-11,0.002223304300594223,0.002223304300594223,0.0,0.0,Bear,False,0.0033259549163537714,0.0033259549163537714,0.0020385479769040463,0.0020385479769040463
2017-12-12,-0.003217822380105473,-0.003217822380105473,0.0,0.0,Bear,False,-0.004808415271506829,-0.004808415271506829,-0.0027968174633200157,-0.0027968174633200157
2017-12-13,-0.0018559424667756535,-0.0018559424667756535,0.0,0.0,Bear,False,-0.0027777808384439376,-0.0027777808384439376,-0.002875008698781976,-0.002875008698781976
2017-12-14,0.0023301181092994848,0.0023301181092994848,0.0,0.0,Bear,False,0.0034907012569676977,0.0034907012569676977,0.004657935718892355,0.004657935718892355
2017-12-15,0.0031893877467367012,0.0031893877467367012,0.0,0.0,Bear,False,0.004772429238143318,0.004772429238143318,0.0013764098849247649,0.0013764098849247649
2017-12-18,0.002174336522484069,0.002174336522484069,0.0,0.0,Bear,False,0.0032484348164324526,0.0032484348164324526,0.0016787110714786867,0.0016787110714786867
2017-12-19,0.002910424530971482,0.002910424530971482,0.0,0.0,Bear,False,0.004343486979963681,0.004343486979963681,0.003577672858794931,0.003577672858794931
2017-12-20,-0.0007405970122604527,-0.0007405970122604527,0.0,0.0,Bear,False,-0.0011036821430447075,-0.0011036821430447075,-0.0003869362897679906,-0.0003869362897679906
2017-12-21,-0.0001521451855564149,-0.0001521451855564149,0.0,0.0,Bear,False,-0.00022681830814333246,-0.00022681830814333246,5.636172483164338e-05,5.636172483164338e-05
2017-12-22,0.002056025123313599,0.002056025123313599,0.0,0.0,Bear,False,0.0030653547675545535,0.0030653547675545535,0.002232418801968833,0.002232418801968833
2017-12-26,0.0014929972146160305,0.0014929972146160305,0.0,0.0,Bear,False,0.0022286085338013226,0.0022286085338013226,0.003894020064424138,0.003894020064424138
2017-12-27,-0.0015782414198439757,-0.0015782414198439757,0.0,0.0,Bear,False,-0.002353836102841632,-0.002353836102841632,0.0007274427058971931,0.0007274427058971931
2017-12-28,-0.0005003249441039208,-0.0005003249441039208,0.0,0.0,Bear,False,-0.0007452223690217918,-0.0007452223690217918,0.0021913701732298777,0.0021913701732298777
2017-12-29,0.004002665234494355,0.004002665234494355,0.0,0.0,Bear,False,0.004352842645707654,0.004352842645707654,0.0014782375057424326,0.0014782375057424326
2018-01-01,4.177200432903845e-12,4.177200432903845e-12,0.0,0.0,Bear,False,0.0,0.0,0.002109764311797665,0.002109764311797665
2018-01-02,-0.003433902676512353,-0.003433902676512353,0.0,0.0,Bear,False,-0.0051141879103476584,-0.0051141879103476584,-0.002540576515584281,-0.002540576515584281
2018-01-03,3.8934858746697006e-05,3.8934858746697006e-05,0.0,0.0,Bear,False,5.808448900671007e-05,5.808448900671007e-05,5.12350170574502e-05,5.12350170574502e-05
2018-01-04,0.0020340469216305495,0.0019686857121410384,6.522853159554828e-05,0.13045706319109657,Bear,True,0.0035391225806040705,0.00353583462735485,0.0011348299517555116,0.001132322079534065
2018-01-05,0.002275132958243126,0.002275132958243126,0.0,0.0,Bear,False,0.003094407235516966,0.003094407235516966,0.0022579937725291646,0.0022579937725291646
2018-01-08,0.0026167214559556394,0.0026167214559556394,0.0,0.0,Bear,False,0.003691426134285202,0.003691426134285202,0.002445441166684902,0.002445441166684902
2018-01-09,0.0008499461738440893,0.0008499461738440893,0.0,0.0,Bear,False,0.0007661341932914393,0.0007661341932914393,0.001286495821687295,0.001286495821687295
2018-01-10,-0.0002778029781848569,-0.0002778029781848569,0.0,0.0,Bear,False,-0.0002727296032752647,-0.0002727296032752647,-0.000395986093402043,-0.000395986093402043
2018-01-11,0.0012042732839454339,0.0012042732839454339,0.0,0.0,Bear,False,0.0010798931274353257,0.0010798931274353257,0.00183479796546588,0.00183479796546588
2018-01-12,0.0019449455066377114,0.0019449455066377114,0.0,0.0,Bear,False,0.0017060827478502173,0.0017060827478502173,0.003005396189445575,0.003005396189445575
2018-01-15,0.0030973186644190636,0.0030973186644190636,0.0,0.0,Bear,False,0.0034177007381891215,0.0034177007381891215,0.003975751162483566,0.003975751162483566
2018-01-16,-0.0010543312583611909,-0.0010543312583611909,0.0,0.0,Bear,False,-0.0023215287323150677,-0.0023215287323150677,-2.0404299192028916e-05,-2.0404299192028916e-05
2018-01-17,0.0031469877280595466,0.0031469877280595466,0.0,0.0,Bear,False,0.00498381357387686,0.00498381357387686,0.0023064457920802172,0.0023064457920802172
2018-01-18,0.00017730731053146556,0.00017730731053146556,0.0,0.0,Bear,False,0.0016068619276301262,0.0016068619276301262,-0.0013998666204893965,-0.0013998666204893965
2018-01-19,0.003501371527541523,0.003501371527541523,0.0,0.0,Bear,False,0.004370302718736736,0.004370302718736736,0.003901898387687399,0.003901898387687399
2018-01-22,0.0024633663884801966,0.0024633663884801966,0.0,0.0,Bear,False,0.00400406933087759,0.00400406933087759,0.0016685254282939083,0.0016685254282939083
2018-01-23,0.004858586170201876,0.004858586170201876,0.0,0.0,Bear,False,0.0065538717783718906,0.0065538717783718906,0.004833452940883983,0.004833452940883983
2018-01-24,0.0007457178099834989,0.0007457178099834989,0.0,0.0,Bear,False,0.0001234201502318625,0.0001234201502318625,0.0017665442664533274,0.0017665442664533274
2018-01-25,0.0003499204262572448,0.0003499204262572448,0.0,0.0,Bear,False,-0.0009018710817988878,-0.0009018710817988878,0.0019322836984101517,0.0019322836984101517
2018-01-29,0.001359196992895896,0.001359196992895896,0.0,0.0,Bear,False,0.0033650256294366814,0.0033650256294366814,-0.00041340601948097646,-0.00041340601948097646
2018-01-30,-0.0029894396766919048,-0.0029894396766919048,0.0,0.0,Bear,False,-0.00445917300108062,-0.00445917300108062,-0.002473276763993674,-0.002473276763993674
2018-01-31,0.0003774231237765992,0.0003774231237765992,0.0,0.0,Bear,False,2.981579392931713e-05,2.981579392931713e-05,-0.0003510134523624566,-0.0003510134523624566
2018-02-01,-0.0001459784574279183,-0.0001459784574279183,0.0,0.0,Bear,False,-0.0005995787413277595,-0.0005995787413277595,0.00032032457757060823,0.00032032457757060823
2018-02-02,-0.008540135688462555,-0.008540135688462555,0.0,0.0,Bear,False,-0.01423772913623008,-0.01423772913623008,-0.005354454439833107,-0.005354454439833107
2018-02-05,-0.0023478570373956327,-0.0025047406763719637,0.00015725284617796215,0.3145056923559243,Crisis,True,-0.005244120668083973,-0.005247301028435847,-0.004991019386437386,-0.004994135713272119
2018-02-06,0.0002419669416645696,0.0002419669416645696,0.0,0.0,Crisis,False,-0.00943369597007768,-0.00943369597007768,-0.003022980005655737,-0.003022980005655737
2018-02-07,-0.0026084078189955863,-0.0026084078189955863,0.0,0.0,Crisis,False,-0.0012194333029057023,-0.0012194333029057023,-0.003928113661820639,-0.003928113661820639
2018-02-08,-0.002066241891763124,-0.002066241891763124,0.0,0.0,Crisis,False,0.005674048480315147,0.005674048480315147,-0.0007695903773611771,-0.0007695903773611771
2018-02-09,0.00042357724564503303,0.00042357724564503303,0.0,0.0,Crisis,False,-0.006867347187656512,-0.006867347187656512,-0.0018745362913272317,-0.0018745362913272317
2018-02-12,0.0012545266999815178,0.0012545266999815178,0.0,0.0,Crisis,False,0.004810331174327058,0.004810331174327058,0.0033888762387912336,0.0033888762387912336
2018-02-14,0.0008756215356608227,0.0008756215356608227,0.0,0.0,Crisis,False,-0.0021932224856668317,-0.0021932224856668317,0.00039728608233647765,0.00039728608233647765
2018-02-15,0.0035104395402816937,0.0035104395402816937,0.0,0.0,Crisis,False,0.0025233682761794307,0.0025233682761794307,0.005603270044019718,0.005603270044019718
2018-02-16,0.0006941553223562392,0.0006941553223562392,0.0,0.0,Crisis,False,-0.005259832348780022,-0.005259832348780022,-0.0009239517886834685,-0.0009239517886834685
2018-02-19,-0.001219081638381535,-0.001219081638381535,0.0,0.0,Crisis,False,-0.004192628856173177,-0.004192628856173177,-0.003106454786442234,-0.003106454786442234
2018-02-20,-0.000757460029514214,-0.000757460029514214,0.0,0.0,Crisis,False,-0.001029697367322949,-0.001029697367322949,-0.0013718233593259376,-0.0013718233593259376
2018-02-21,-0.0014078738301208172,-0.0014078738301208172,0.0,0.0,Crisis,False,0.0021172044660980934,0.0021172044660980934,-0.0011581162054524025,-0.0011581162054524025
2018-02-22,-0.00032602477839913904,-0.00032602477839913904,0.0,0.0,Crisis,False,-0.000839442613217173,-0.000839442613217173,-0.0007336242773016664,-0.0007336242773016664
2018-02-23,0.0011126633234526996,0.0011126633234526996,0.0,0.0,Crisis,False,0.006167324655437282,0.006167324655437282,0.003672937143351259,0.003672937143351259
2018-02-26,0.0021130847014055277,0.0021130847014055277,0.0,0.0,Crisis,False,0.005182638566970788,0.005182638566970788,0.00466234165210519,0.00466234165210519
2018-02-27,-0.00048699488800636373,-0.00048699488800636373,0.0,0.0,Crisis,False,-0.0015896602205216197,-0.0015896602205216197,-0.0012195766091214057,-0.0012195766091214057
2018-02-28,0.0002234789051614929,0.0002234789051614929,0.0,0.0,Crisis,False,-0.0022783935061478377,-0.0022783935061478377,-0.002535120962431724,-0.002535120962431724
2018-03-01,-0.0013646191830832342,-0.0013646191830832342,0.0,0.0,Crisis,False,-0.0019505144375479844,-0.0019505144375479844,-0.0025205612896160873,-0.0025205612896160873
2018-03-05,0.0011321643292250857,0.0011321643292250857,0.0,0.0,Crisis,False,-0.005636390572376126,-0.005636390572376126,-0.0004672412300593502,-0.0004672412300593502
2018-03-06,-0.0018450830853352829,-0.0018450830853352829,0.0,0.0,Crisis,False,-0.006243696485043805,-0.006243696485043805,-0.004676882922170106,-0.004676882922170106
2018-03-07,0.0004899261484846744,0.0004899261484846744,0.0,0.0,Crisis,False,-0.005453080979780137,-0.005453080979780137,-0.001242885269003696,-0.001242885269003696
2018-03-08,-8.838067397274157e-05,-8.977880578187047e-05,1.3982553878543747e-06,0.0027965107757087493,Crisis,True,0.005242578201213099,0.005235186146927973,0.001787309756046018,0.0017805875717720188
2018-03-09,-0.0010209978836761193,-0.0010209978836761193,0.0,0.0,Crisis,False,-0.0009407635791031227,-0.0009407635791031227,-0.0016857934941577177,-0.0016857934941577177
2018-03-12,0.0011535803713587944,0.0011535803713587944,0.0,0.0,Crisis,False,0.01144250225520641,0.01144250225520641,0.005781230727453318,0.005781230727453318
2018-03-13,-0.00038511133376713035,-0.00038511133376713035,0.0,0.0,Crisis,False,0.0003130943079755219,0.0003130943079755219,-0.00038698362690544675,-0.00038698362690544675
2018-03-14,0.0008178384382578522,0.0008178384382578522,0.0,0.0,Crisis,False,-0.0009235945674803714,-0.0009235945674803714,0.0007329702176296106,0.0007329702176296106
2018-03-15,-0.0009229419977253571,-0.0009229419977253571,0.0,0.0,Crisis,False,-0.002949902255231384,-0.002949902255231384,-0.002328306262737328,-0.002328306262737328
2018-03-16,-0.0017239670418980897,-0.0017239670418980897,0.0,0.0,Crisis,False,-0.009636463186591664,-0.009636463186591664,-0.005864795185813829,-0.005864795185813829
2018-03-19,-0.00201247241918994,-0.00201247241918994,0.0,0.0,Crisis,False,-0.005943593859070622,-0.005943593859070622,-0.0048917559960769815,-0.0048917559960769815
2018-03-20,0.0013709386241550093,0.0013709386241550093,0.0,0.0,Crisis,False,0.0017848666173546648,0.0017848666173546648,0.0024933337109476717,0.0024933337109476717
2018-03-21,0.00040263598259178076,0.00040263598259178076,0.0,0.0,Crisis,False,0.0018290871988080628,0.0018290871988080628,0.0012140690110776472,0.0012140690110776472
2018-03-22,0.0012805307079794544,0.0012805307079794544,0.0,0.0,Crisis,False,-0.002392940097420645,-0.002392940097420645,0.0008232419321102455,0.0008232419321102455
2018-03-23,0.0006201588926626221,0.0006201588926626221,0.0,0.0,Crisis,False,-0.0069117635531898034,-0.0069117635531898034,-0.0017213667621053075,-0.0017213667621053075
2018-03-26,0.001264356324792398,0.001264356324792398,0.0,0.0,Crisis,False,0.007903999316740159,0.007903999316740159,0.004599123852124397,0.004599123852124397
2018-03-27,0.0008726227556619899,0.0008726227556619899,0.0,0.0,Crisis,False,0.0031697766053073516,0.0031697766053073516,0.002323403293693964,0.002323403293693964
2018-03-28,0.00042218184921688105,0.00042218184921688105,0.0,0.0,Crisis,False,-0.0028285098996287984,-0.0028285098996287984,-0.0028065899330165923,-0.0028065899330165923
2018-04-02,0.0007602250348214195,0.0007602250348214195,0.0,0.0,Crisis,False,0.005802742106545584,0.005802742106545584,0.0031535267003535063,0.0031535267003535063
2018-04-03,0.0008304741473737425,0.0008304741473737425,0.0,0.0,Crisis,False,0.0019484194984832808,0.0019484194984832808,0.0018338160364959005,0.0018338160364959005
2018-04-04,0.0009289748522599451,0.0009289748522599451,0.0,0.0,Crisis,False,-0.006839834722278517,-0.006839834722278517,-0.0012971245935929348,-0.0012971245935929348
2018-04-05,-0.0019274995201804031,-0.0019274995201804031,0.0,0.0,Crisis,False,0.01162383966958726,0.01162383966958726,0.001705421003568899,0.001705421003568899
2018-04-06,-0.0008486179654808178,-0.0008486179654808178,0.0,0.0,Crisis,False,0.0003808361005018688,0.0003808361005018688,-0.000994230256250165,-0.000994230256250165
2018-04-09,0.0017041115383334554,0.0017041115383334554,0.0,0.0,Crisis,False,0.002788543839948226,0.002788543839948226,0.0033022081000767534,0.0033022081000767534
2018-04-10,0.0015751980029649769,0.001573748424860577,1.447298323037676e-06,0.0028945966460753522,Crisis,True,0.001323804948490137,0.0013215738703900026,0.0025923405729402216,0.002589942744707363
2018-04-11,0.0022841095505334867,0.0022841095505334867,0.0,0.0,Crisis,False,0.0008602094766241913,0.0008602094766241913,0.003361683113193094,0.003361683113193094
2018-04-12,0.001180031602762274,0.001180031602762274,0.0,0.0,Crisis,False,0.002393763507025819,0.002393763507025819,0.0024566156858478257,0.0024566156858478257
2018-04-13,-0.0012662021853069051,-0.0012662021853069051,0.0,0.0,Crisis,False,0.0012630305517851834,0.0012630305517851834,-0.00121478870724826,-0.00121478870724826
2018-04-16,0.0028924620937370127,0.0028924620937370127,0.0,0.0,Crisis,False,0.00274015185078186,0.00274015185078186,0.00486783677663849,0.00486783677663849
2018-04-17,0.000510358237907453,0.000510358237907453,0.0,0.0,Crisis,False,0.0011663667235700748,0.0011663667235700748,0.0011089159756179788,0.0011089159756179788
2018-04-18,0.001229670478529427,0.001229670478529427,0.0,0.0,Crisis,False,-0.0012839962122321148,-0.0012839962122321148,0.0011468815142270704,0.0011468815142270704
2018-04-19,-0.000281931814395669,-0.000281931814395669,0.0,0.0,Crisis,False,0.0022371448259047005,0.0022371448259047005,0.0004602835463020417,0.0004602835463020417
2018-04-20,-0.0005375644495964785,-0.0005375644495964785,0.0,0.0,Crisis,False,-6.743556849555435e-05,-6.743556849555435e-05,-0.000744073040264655,-0.000744073040264655
2018-04-23,-0.00014485457405899148,-0.00014485457405899148,0.0,0.0,Crisis,False,0.0011811281130777417,0.0011811281130777417,0.00024572135650676005,0.00024572135650676005
2018-04-24,-0.0007331639133065049,-0.0007331639133065049,0.0,0.0,Crisis,False,0.0016897886582398396,0.0016897886582398396,-0.00033708628989260797,-0.00033708628989260797
2018-04-25,0.0007713642814890879,0.0007713642814890879,0.0,0.0,Crisis,False,-0.0024939710324782725,-0.0024939710324782725,8.715601193138251e-05,8.715601193138251e-05
2018-04-26,-0.00029706116233850814,-0.00029706116233850814,0.0,0.0,Crisis,False,0.0027015257892027684,0.0027015257892027684,0.0006078218164782467,0.0006078218164782467
2018-04-27,0.002133484514697565,0.002133484514697565,0.0,0.0,Crisis,False,0.005461947499081724,0.005461947499081724,0.0027145021211441153,0.0027145021211441153
2018-04-30,-0.0010106596380297919,-0.0010106596380297919,0.0,0.0,Crisis,False,0.002664205308046658,0.002664205308046658,-0.0003373263274996044,-0.0003373263274996044
2018-05-02,-0.0005645389844671881,-0.0005645389844671881,0.0,0.0,Crisis,False,-0.001200689148396079,-0.001200689148396079,-0.00120186358388909,-0.00120186358388909
2018-05-03,-0.0006389426705554535,-0.0006389426705554535,0.0,0.0,Crisis,False,-0.002174507162307581,-0.002174507162307581,-0.0016573647468663233,-0.0016573647468663233
2018-05-04,0.00025776872164017336,0.00025776872164017336,0.0,0.0,Crisis,False,-0.003484598808500338,-0.003484598808500338,-0.0009597553214025958,-0.0009597553214025958
2018-05-07,0.002235612983054218,0.002235612983054218,0.0,0.0,Crisis,False,0.005534367562976308,0.005534367562976308,0.005031726466164269,0.005031726466164269
2018-05-08,-0.0010921483352160774,-0.0010921483352160774,0.0,0.0,Crisis,False,0.00013430153166472662,0.00013430153166472662,-0.0014007823549232364,-0.0014007823549232364
2018-05-09,0.0007004669319486794,0.0007004669319486794,0.0,0.0,Crisis,False,0.0013534661308078517,0.0013534661308078517,0.0014312962158427337,0.0014312962158427337
2018-05-10,0.0024360987201973907,0.0024304332113227467,5.651740676412512e-06,0.011303481352825023,Crisis,True,-0.0014048273644413634,-0.0014085593381200079,0.0027031145840916704,0.0027004017423917226
2018-05-11,0.0009304965148739439,0.0009304965148739439,0.0,0.0,Crisis,False,0.005031423477132134,0.005031423477132134,0.003183739983770145,0.003183739983770145
2018-05-14,3.201722779636921e-05,3.201722779636921e-05,0.0,0.0,Crisis,False,5.543822741182118e-06,5.543822741182118e-06,4.4725793901965946e-05,4.4725793901965946e-05
2018-05-15,-0.0009573843955904805,-0.0009573843955904805,0.0,0.0,Crisis,False,-0.0002684662050364148,-0.0002684662050364148,-0.0013697372569821886,-0.0013697372569821886
2018-05-16,-0.004015004730747385,-0.004015004730747385,0.0,0.0,Crisis,False,-0.0033778643385366687,-0.0033778643385366687,-0.006657722428817084,-0.006657722428817084
2018-05-17,-0.0013821881802564002,-0.0013821881802564002,0.0,0.0,Crisis,False,-0.0032621301389964504,-0.0032621301389964504,-0.0031117166583541993,-0.0031117166583541993
2018-05-18,0.0006796388327381383,0.0006796388327381383,0.0,0.0,Crisis,False,-0.004836393699774144,-0.004836393699774144,-0.0009712577151953302,-0.0009712577151953302
2018-05-21,-0.0013891813263430656,-0.0013891813263430656,0.0,0.0,Crisis,False,-0.0044882468459323385,-0.0044882468459323385,-0.003596868798848055,-0.003596868798848055
2018-05-22,0.001593978178924801,0.001593978178924801,0.0,0.0,Crisis,False,0.0011271896360914102,0.0011271896360914102,0.0025817442952108857,0.0025817442952108857
2018-05-23,0.000238915400340908,0.000238915400340908,0.0,0.0,Crisis,False,-0.006005102185147033,-0.006005102185147033,-0.002006451624670206,-0.002006451624670206
2018-05-24,0.0008126347909230981,0.0008126347909230981,0.0,0.0,Crisis,False,0.004746615146312169,0.004746615146312169,0.0029173009994448457,0.0029173009994448457
2018-05-25,-0.0002476940972052094,-0.0002476940972052094,0.0,0.0,Crisis,False,0.005165537125175477,0.005165537125175477,0.0016585523604215225,0.0016585523604215225
2018-05-28,-0.001102750739845216,-0.001102750739845216,0.0,0.0,Crisis,False,0.004699913650226745,0.004699913650226745,0.00034219489543001105,0.00034219489543001105
2018-05-29,0.002206727612672243,0.002206727612672243,0.0,0.0,Crisis,False,-0.0031009107107243493,-0.0031009107107243493,0.0017435625493709924,0.0017435625493709924
2018-05-30,-0.001623901161736189,-0.001623901161736189,0.0,0.0,Crisis,False,-0.0010649507644806416,-0.0010649507644806416,-0.002581944056305337,-0.002581944056305337
2018-05-31,0.003484594420024589,0.003484594420024589,0.0,0.0,Crisis,False,0.008212072828978076,0.008212072828978076,0.005393621996480472,0.005393621996480472
2018-06-01,-0.0015037520811410784,-0.0015037520811410784,0.0,0.0,Crisis,False,-0.0022291823777110817,-0.0022291823777110817,-0.002873190262293889,-0.002873190262293889
2018-06-04,-0.0015348776749429336,-0.0015348776749429336,0.0,0.0,Crisis,False,-0.0037860454063424814,-0.0037860454063424814,-0.0035228583674670926,-0.0035228583674670926
2018-06-05,-0.0011388162473572353,-0.0011388162473572353,0.0,0.0,Crisis,False,-0.001984393952145452,-0.001984393952145452,-0.002296312514187912,-0.002296312514187912
2018-06-06,0.0007141964169029507,0.0007141964169029507,0.0,0.0,Crisis,False,0.005142628564142275,0.005142628564142275,0.002962913798106081,0.002962913798106081
2018-06-07,0.0015313664121161333,0.0015313664121161333,0.0,0.0,Crisis,False,0.004687843349508374,0.004687843349508374,0.0038670649475687283,0.0038670649475687283
2018-06-08,0.003816649700256457,0.003480442707707976,0.000334928687075465,0.66985737415093,Bear,True,-3.8959660971138456e-05,-3.906670749243002e-05,0.0021387616772196028,0.0021372173612344003
2018-06-11,-0.002491931609738373,-0.002491931609738373,0.0,0.0,Bear,False,0.0010754047183148745,0.0010754047183148745,-0.001209411776364601,-0.001209411776364601
2018-06-12,0.0013749758310156086,0.0013749758310156086,0.0,0.0,Bear,False,0.003111426081430432,0.003111426081430432,0.0013357789651826828,0.0013357789651826828
2018-06-13,0.001489967461634296,0.001489967461634296,0.0,0.0,Bear,False,0.0007685483617216767,0.0007685483617216767,0.0009772231830372504,0.0009772231830372504
2018-06-14,0.001265897689632301,0.001265897689632301,0.0,0.0,Bear,False,-0.0027014531087961664,-0.0027014531087961664,0.00022072396628833465,0.00022072396628833465
2018-06-15,0.0008597509698458652,0.0008597509698458652,0.0,0.0,Bear,False,0.0005405233596040034,0.0005405233596040034,0.0005844720013815192,0.0005844720013815192
2018-06-18,-0.007023082997057755,-0.007023082997057755,0.0,0.0,Bear,False,-0.0009918865786913088,-0.0009918865786913088,-0.004136505374831909,-0.004136505374831909
2018-06-19,-0.0012012046458226813,-0.0012012046458226813,0.0,0.0,Bear,False,-0.004972504612378942,-0.004972504612378942,-0.0015753354469583499,-0.0015753354469583499
2018-06-20,-0.0008996741803169979,-0.0008996741803169979,0.0,0.0,Bear,False,0.0034433676796069715,0.0034433676796069715,0.00011572727139681836,0.00011572727139681836
2018-06-21,-0.0049850155113086375,-0.0049850155113086375,0.0,0.0,Bear,False,-0.0017281610715979283,-0.0017281610715979283,-0.0031145744340001316,-0.0031145744340001316
2018-06-22,0.00313158821671025,0.00313158821671025,0.0,0.0,Bear,False,0.004506156645791439,0.004506156645791439,0.0025721305746229826,0.0025721305746229826
2018-06-25,0.0001408261311682696,0.0001408261311682696,0.0,0.0,Bear,False,-0.0032958469182160104,-0.0032958469182160104,-0.0005171962548739498,-0.0005171962548739498
2018-06-26,-0.0037291920661534682,-0.0037291920661534682,0.0,0.0,Bear,False,0.000373449898520072,0.000373449898520072,-0.0020248993133794215,-0.0020248993133794215
2018-06-27,-0.00019899521334415006,-0.00019899521334415006,0.0,0.0,Bear,False,-0.005446274068260898,-0.005446274068260898,-0.0011005002248489853,-0.0011005002248489853
2018-06-28,-0.0043099644066804475,-0.0043099644066804475,0.0,0.0,Bear,False,-0.004610610502325428,-0.004610610502325428,-0.0032501228996352,-0.0032501228996352
2018-06-29,0.0019531575198782677,0.0019531575198782677,0.0,0.0,Bear,False,0.00831472385993592,0.00831472385993592,0.003409410888763924,0.003409410888763924
2018-07-02,-0.0018357766495584159,-0.0018357766495584159,0.0,0.0,Bear,False,-0.0031815607265848448,-0.0031815607265848448,-0.0016039607387162774,-0.0016039607387162774
2018-07-03,0.002834454989449548,0.002834454989449548,0.0,0.0,Bear,False,0.0023813275245316815,0.0023813275245316815,0.0020136044004228516,0.0020136044004228516
2018-07-04,0.003734841585924173,0.003734841585924173,0.0,0.0,Bear,False,0.003910338648531163,0.003910338648531163,0.002798640213485762,0.002798640213485762
2018-07-05,-0.0006664125867642171,-0.0006664125867642171,0.0,0.0,Bear,False,-0.0011171893098715145,-0.0011171893098715145,-0.0005733306972005101,-0.0005733306972005101
2018-07-06,0.0023844652472983837,0.0023844652472983837,0.0,0.0,Bear,False,0.001271632042353221,0.001271632042353221,0.0015634092647893597,0.0015634092647893597
2018-07-09,0.003638484421764829,0.0036339124440118997,4.555402989980601e-06,0.009110805979961202,Bear,True,0.004469652151888592,0.004469323625540644,0.002849093605842364,0.002848027668683084
2018-07-10,0.0008762621947411859,0.0008762621947411859,0.0,0.0,Bear,False,0.005235610766277451,0.005235610766277451,0.001460943639433261,0.001460943639433261
2018-07-11,-0.0005076355113551388,-0.0005076355113551388,0.0,0.0,Bear,False,5.790719215081542e-05,5.790719215081542e-05,-0.00027129557167148913,-0.00027129557167148913
2018-07-12,-0.002795633685222486,-0.002795633685222486,0.0,0.0,Bear,False,0.00413126386181781,0.00413126386181781,-0.0007836509579498213,-0.0007836509579498213
2018-07-13,-0.00222091624961074,-0.00222091624961074,0.0,0.0,Bear,False,-0.00023618759886322863,-0.00023618759886322863,-0.0012755216782304344,-0.0012755216782304344
2018-07-16,-1.6655388865093306e-05,-1.6655388865093306e-05,0.0,0.0,Bear,False,-0.004508101336436826,-0.004508101336436826,-0.0008538439499665696,-0.0008538439499665696
2018-07-17,-0.00033173854298100417,-0.00033173854298100417,0.0,0.0,Bear,False,0.003929654824396886,0.003929654824396886,0.0005496488690647091,0.0005496488690647091
2018-07-18,-0.00757825323979965,-0.00757825323979965,0.0,0.0,Bear,False,-0.0015173049397443634,-0.0015173049397443634,-0.004481554301679922,-0.004481554301679922
2018-07-19,-0.00011051080620645565,-0.00011051080620645565,0.0,0.0,Bear,False,-0.0012896762975720052,-0.0012896762975720052,-0.0003059339011246205,-0.0003059339011246205
2018-07-20,0.002864876577819907,0.002864876577819907,0.0,0.0,Bear,False,0.0029274478551772165,0.0029274478551772165,0.002131546093882601,0.002131546093882601
2018-07-23,0.0068948470983245125,0.0068948470983245125,0.0,0.0,Bear,False,0.004097951814992159,0.004097951814992159,0.004580184898943192,0.004580184898943192
2018-07-24,-0.00027877284274454173,-0.00027877284274454173,0.0,0.0,Bear,False,0.002712602784936749,0.002712602784936749,0.0003548234831021631,0.0003548234831021631
2018-07-25,0.0003426110430653525,0.0003426110430653525,0.0,0.0,Bear,False,-0.00012158263672472082,-0.00012158263672472082,0.00016940505875803866,0.00016940505875803866
2018-07-26,-0.0005551882655761787,-0.0005551882655761787,0.0,0.0,Bear,False,0.0019274933625060857,0.0019274933625060857,5.520627146107272e-05,5.520627146107272e-05
2018-07-27,0.0013676297582052707,0.0013676297582052707,0.0,0.0,Bear,False,0.006052044236547998,0.006052044236547998,0.0018974082342116795,0.0018974082342116795
2018-07-30,0.0029086550009444065,0.0029086550009444065,0.0,0.0,Bear,False,0.0022318403328884895,0.0022318403328884895,0.002031006279470856,0.002031006279470856
2018-07-31,-0.0008091205249678387,-0.0008091205249678387,0.0,0.0,Bear,False,0.0033726540684194577,0.0033726540684194577,0.0011018419292414161,0.0011018419292414161
2018-08-01,-9.141240661998033e-06,-9.141240661998033e-06,0.0,0.0,Bear,False,-0.0005548331224892454,-0.0005548331224892454,-0.00011031413932790333,-0.00011031413932790333
2018-08-02,-0.005341385190951451,-0.005341385190951451,0.0,0.0,Bear,False,-0.00547459785989133,-0.00547459785989133,-0.00399207080307859,-0.00399207080307859
2018-08-03,0.0019539744525649185,0.0019539744525649185,0.0,0.0,Bear,False,0.00629595865139941,0.00629595865139941,0.00227295614967144,0.00227295614967144
2018-08-06,0.0013824901773669572,0.0013824901773669572,0.0,0.0,Bear,False,0.0014163980904554575,0.0014163980904554575,0.0010318682652963739,0.0010318682652963739
2018-08-07,0.0001651435203605102,-0.0001238290365371819,0.000288924842831934,0.577849685663868,Bull,True,0.0001238552055291997,0.00011765722408974,0.00038494516850762217,0.0003769035554106459
2018-08-08,0.004253215003954327,0.004253215003954327,0.0,0.0,Bull,False,0.003190047068239058,0.003190047068239058,0.001266142428684682,0.001266142428684682
2018-08-09,0.0014478908691757798,0.0014478908691757798,0.0,0.0,Bull,False,0.0010871152118858902,0.0010871152118858902,0.00044082673857009366,0.00044082673857009366
2018-08-10,-0.0028776104324141428,-0.0028776104324141428,0.0,0.0,Bull,False,-0.0021613670819696385,-0.0021613670819696385,-0.0006798297600346584,-0.0006798297600346584
2018-08-13,-0.005165888239390331,-0.005165888239390331,0.0,0.0,Bull,False,-0.0038773139551607724,-0.0038773139551607724,0.0002560838904534981,0.0002560838904534981
2018-08-14,0.005586990511410433,0.005586990511410433,0.0,0.0,Bull,False,0.004187944385599442,0.004187944385599442,0.0007534905646210115,0.0007534905646210115
2018-08-16,-0.0035044475988644493,-0.0035044475988644493,0.0,0.0,Bull,False,-0.0026305314377360624,-0.0026305314377360624,-0.003366452640651825,-0.003366452640651825
2018-08-17,0.006019695905572552,0.006019695905572552,0.0,0.0,Bull,False,0.004512088602498443,0.004512088602498443,0.0015267431411264596,0.0015267431411264596
2018-08-20,0.005659424967268656,0.005659424967268656,0.0,0.0,Bull,False,0.00425330307740519,0.00425330307740519,0.0024362951739529083,0.0024362951739529083
2018-08-21,0.0013300458002822538,0.0013300458002822538,0.0,0.0,Bull,False,0.0010003782494268012,0.0010003782494268012,0.0026517860949550765,0.0026517860949550765
2018-08-23,0.0008218766118962491,0.0008218766118962491,0.0,0.0,Bull,False,0.000618381368336881,0.000618381368336881,-5.117405927287027e-05,-5.117405927287027e-05
2018-08-24,-0.001777623388872387,-0.001777623388872387,0.0,0.0,Bull,False,-0.0013377589605471144,-0.0013377589605471144,0.00012101258456692556,0.00012101258456692556
2018-08-27,0.009362138896298128,0.009362138896298128,0.0,0.0,Bull,False,0.007042357914320644,0.007042357914320644,0.007300901161037643,0.007300901161037643
2018-08-28,0.003201812175183319,0.003201812175183319,0.0,0.0,Bull,False,0.0024139895217718753,0.0024139895217718753,0.0044906080933383675,0.0044906080933383675
2018-08-29,-0.0031949806760254587,-0.0031949806760254587,0.0,0.0,Bull,False,-0.002410752771757749,-0.002410752771757749,-0.0018002580221413986,-0.0018002580221413986
2018-08-30,-0.0010386389595722866,-0.0010386389595722866,0.0,0.0,Bull,False,-0.0007830913710586622,-0.0007830913710586622,0.000566974403919944,0.000566974403919944
2018-08-31,0.0009497753055263446,0.0009497753055263446,0.0,0.0,Bull,False,0.0015890174786581954,0.0015890174786581954,0.0020595234240103387,0.0020595234240103387
2018-09-03,-0.006749710157958506,-0.006749710157958506,0.0,0.0,Bull,False,-0.0050820026608535684,-0.0050820026608535684,-0.004866563787955125,-0.004866563787955125
2018-09-04,-0.004297295086483234,-0.004297295086483234,0.0,0.0,Bull,False,-0.0032316360390704053,-0.0032316360390704053,-0.001149585664289752,-0.001149585664289752
2018-09-05,-0.0030151568918375758,-0.0030151568918375758,0.0,0.0,Bull,False,-0.0022650248268170315,-0.0022650248268170315,-0.0005727001100221922,-0.0005727001100221922
2018-09-06,0.0041824545058251165,0.0041824545058251165,0.0,0.0,Bull,False,0.003139519494498362,0.003139519494498362,0.0049341155403175236,0.0049341155403175236
2018-09-07,0.0036196355571117282,0.003618871662175227,7.611398874845038e-07,0.0015222797749690074,Bull,True,0.00271472667610535,0.00271358223046958,-0.0003637545295421818,-0.0003665094199677421
2018-09-10,-0.010432986405293505,-0.010432986405293505,0.0,0.0,Bull,False,-0.007831801315315525,-0.007831801315315525,-0.0032444855427770456,-0.0032444855427770456
2018-09-11,-0.010515025482137754,-0.010515025482137754,0.0,0.0,Bull,False,-0.00787269192045514,-0.00787269192045514,-0.0029610297435999815,-0.0029610297435999815
2018-09-12,0.005814422029821358,0.005814422029821358,0.0,0.0,Bull,False,0.004341714661525908,0.004341714661525908,0.0021932786713098782,0.0021932786713098782
2018-09-14,0.010193526408094719,0.010193526408094719,0.0,0.0,Bull,False,0.007622817756418925,0.007622817756418925,0.003042998566154465,0.003042998566154465
2018-09-17,-0.009545533407159414,-0.009545533407159414,0.0,0.0,Bull,False,-0.007156453835917862,-0.007156453835917862,-0.0023717434628476863,-0.0023717434628476863
2018-09-18,-0.006932947907775419,-0.006932947907775419,0.0,0.0,Bull,False,-0.005187685671837949,-0.005187685671837949,-0.0010585459348805856,-0.0010585459348805856
2018-09-19,-0.0031435821020463516,-0.0031435821020463516,0.0,0.0,Bull,False,-0.0023445496583369796,-0.0023445496583369796,-0.0008659973245693231,-0.0008659973245693231
2018-09-21,-0.006463116992872824,-0.006463116992872824,0.0,0.0,Bull,False,-0.004821507390483996,-0.004821507390483996,-0.00388797946572194,-0.00388797946572194
2018-09-24,-0.012525497375721523,-0.012525497375721523,0.0,0.0,Bull,False,-0.00932865028456856,-0.00932865028456856,-0.005792161475942364,-0.005792161475942364
2018-09-25,0.007222964898719692,0.007222964898719692,0.0,0.0,Bull,False,0.005362108825025608,0.005362108825025608,0.0029851395781219543,0.0029851395781219543
2018-09-26,-0.0009784051300030813,-0.0009784051300030813,0.0,0.0,Bull,False,-0.000727682524126512,-0.000727682524126512,-0.0010372540562688746,-0.0010372540562688746
2018-09-27,-0.005470645990725857,-0.005470645990725857,0.0,0.0,Bull,False,-0.00406773691932314,-0.00406773691932314,-0.002828005581131881,-0.002828005581131881
2018-09-28,-0.002687713089869837,-0.002687713089869837,0.0,0.0,Bull,False,-0.0011169024480886223,-0.0011169024480886223,-0.0029688960026397135,-0.0029688960026397135
2018-10-01,0.005629135415851545,0.005629135415851545,0.0,0.0,Bull,False,0.004170475370638303,0.004170475370638303,0.004023102303880775,0.004023102303880775
2018-10-03,-0.010793134095199634,-0.010793134095199634,0.0,0.0,Bull,False,-0.00801302558998636,-0.00801302558998636,0.005865261445807051,0.005865261445807051
2018-10-04,-0.018831082042620566,-0.018831082042620566,0.0,0.0,Bull,False,-0.013938718794843118,-0.013938718794843118,-0.01009417827889567,-0.01009417827889567
2018-10-05,-0.020958506995017577,-0.020958506995017577,0.0,0.0,Bull,False,-0.015439396652200673,-0.015439396652200673,-0.007159042644549249,-0.007159042644549249
2018-10-08,0.0023920037198005635,0.0023920037198005635,0.0,0.0,Bull,False,0.0017522274511326016,0.0017522274511326016,-0.0008906281062142487,-0.0008906281062142487
2018-10-09,-0.0035492811604044858,-0.0035492811604044858,0.0,0.0,Bull,False,-0.00260163464333139,-0.00260163464333139,-0.0023329004996586844,-0.0023329004996586844
2018-10-10,0.0120536856351493,0.0120536856351493,0.0,0.0,Bull,False,0.008826996148553028,0.008826996148553028,0.005529118341342658,0.005529118341342658
2018-10-11,0.0011389860830582062,0.0007714559056162251,0.00036711204193517756,0.7342240838703551,Crisis,True,-0.012931954407849333,-0.012944076339447497,-0.004256806954185992,-0.004268580583193016
2018-10-12,0.002681980107293842,0.002681980107293842,0.0,0.0,Crisis,False,0.013821996540878352,0.013821996540878352,0.009712939923227339,0.009712939923227339
2018-10-15,0.0034172324437276224,0.0034172324437276224,0.0,0.0,Crisis,False,0.0022928023545408134,0.0022928023545408134,0.005566819736944019,0.005566819736944019
2018-10-16,-0.0015172669338220494,-0.0015172669338220494,0.0,0.0,Crisis,False,0.004131900621415879,0.004131900621415879,-0.00018432949284901464,-0.00018432949284901464
2018-10-17,-9.848725980452161e-05,-9.848725980452161e-05,0.0,0.0,Crisis,False,-0.00750080146631813,-0.00750080146631813,-0.0034680508743673653,-0.0034680508743673653
2018-10-19,0.0012106471964368648,0.0012106471964368648,0.0,0.0,Crisis,False,-0.008582995479973873,-0.008582995479973873,-0.002184610127321005,-0.002184610127321005
2018-10-22,-0.0021234132698130163,-0.0021234132698130163,0.0,0.0,Crisis,False,-0.003370323367836227,-0.003370323367836227,-0.004327086151670939,-0.004327086151670939
2018-10-23,0.0007318440636652811,0.0007318440636652811,0.0,0.0,Crisis,False,-0.0057217804225659745,-0.0057217804225659745,-0.0015344527815961512,-0.0015344527815961512
2018-10-24,-0.0009013289672427174,-0.0009013289672427174,0.0,0.0,Crisis,False,0.004553131463806559,0.004553131463806559,0.0007893928305875103,0.0007893928305875103
2018-10-25,-0.00029296612884514427,-0.00029296612884514427,0.0,0.0,Crisis,False,-0.005801722041986293,-0.005801722041986293,-0.0029560324465078376,-0.0029560324465078376
2018-10-26,0.0007513929330203729,0.0007513929330203729,0.0,0.0,Crisis,False,-0.005550282186083241,-0.005550282186083241,-0.0014293121194137715,-0.0014293121194137715
2018-10-29,-0.00033619423600558915,-0.00033619423600558915,0.0,0.0,Crisis,False,0.012984372248249079,0.012984372248249079,0.005235758326294478,0.005235758326294478
2018-10-30,-0.001220860262812692,-0.001220860262812692,0.0,0.0,Crisis,False,-0.0030409625607104225,-0.0030409625607104225,-0.0029819921408085937,-0.0029819921408085937
2018-10-31,0.004494152038835148,0.004494152038835148,0.0,0.0,Crisis,False,0.012384456310123386,0.012384456310123386,0.008742394962600082,0.008742394962600082
2018-11-01,0.0005105547294173689,0.0005105547294173689,0.0,0.0,Crisis,False,-0.0003576004249694128,-0.0003576004249694128,0.0005307139920054945,0.0005307139920054945
2018-11-02,-0.0012167001655373083,-0.0012167001655373083,0.0,0.0,Crisis,False,0.009932939938802314,0.009932939938802314,0.0027589979573611053,0.0027589979573611053
2018-11-05,0.001971700452864525,0.001971700452864525,0.0,0.0,Crisis,False,-0.0016561735994234388,-0.0016561735994234388,0.0018913428278850605,0.0018913428278850605
2018-11-06,-0.0010692268527697348,-0.0010692268527697348,0.0,0.0,Crisis,False,0.00034627028308577724,0.00034627028308577724,-0.0012753680741901807,-0.0012753680741901807
2018-11-07,0.00020272618391903874,0.00020272618391903874,0.0,0.0,Crisis,False,0.003910528841230982,0.003910528841230982,0.0019912597234153584,0.0019912597234153584
2018-11-09,-0.0027257144966156993,-0.0027257144966156993,0.0,0.0,Crisis,False,-0.0007621044161584977,-0.0007621044161584977,-0.003934177380512063,-0.003934177380512063
2018-11-12,-0.0031960275105172384,-0.0031960275105172384,0.0,0.0,Crisis,False,-0.005854105725438755,-0.005854105725438755,-0.006869318531014867,-0.006869318531014867
2018-11-13,0.0002514268772075184,0.00024699884811463235,4.42691604722343e-06,0.008853832094446859,Crisis,True,0.0057373043186631275,0.0057371363623155425,0.003017876406522957,0.0030174814193377753
2018-11-14,7.327409490657872e-05,7.327409490657872e-05,0.0,0.0,Crisis,False,-0.00034905029677673264,-0.00034905029677673264,-7.341728392493575e-05,-7.341728392493575e-05
2018-11-15,-0.000611942085184313,-0.000611942085184313,0.0,0.0,Crisis,False,0.002300124917669729,0.002300124917669729,0.0002612326011354189,0.0002612326011354189
2018-11-16,-0.0006830346638044998,-0.0006830346638044998,0.0,0.0,Crisis,False,0.0037205690930829285,0.0037205690930829285,0.0008349072112513864,0.0008349072112513864
2018-11-19,0.0005058729539117316,0.0005058729539117316,0.0,0.0,Crisis,False,0.004595283647732013,0.004595283647732013,0.0028294252237444683,0.0028294252237444683
2018-11-20,-0.00042930030180776224,-0.00042930030180776224,0.0,0.0,Crisis,False,-0.006038925773579747,-0.006038925773579747,-0.003409559620193614,-0.003409559620193614
2018-11-21,-0.00038038530961607037,-0.00038038530961607037,0.0,0.0,Crisis,False,-0.0031861545836761843,-0.0031861545836761843,-0.001992464718576729,-0.001992464718576729
2018-11-22,-0.00037848771163802314,-0.00037848771163802314,0.0,0.0,Crisis,False,-0.004163755822309944,-0.004163755822309944,-0.0024625086991760356,-0.0024625086991760356
2018-11-26,-0.001504815538734602,-0.001504815538734602,0.0,0.0,Crisis,False,0.005811196269092866,0.005811196269092866,0.0007216408516185268,0.0007216408516185268
2018-11-27,-0.00018811592684455153,-0.00018811592684455153,0.0,0.0,Crisis,False,0.00323557251747962,0.00323557251747962,0.0012715299716679705,0.0012715299716679705
2018-11-28,-0.001977145315913342,-0.001977145315913342,0.0,0.0,Crisis,False,0.0024509450506859216,0.0024509450506859216,-0.0014775829588577689,-0.0014775829588577689
2018-11-29,0.0014123134776357162,0.0014123134776357162,0.0,0.0,Crisis,False,0.007329158999762092,0.007329158999762092,0.005341128195893219,0.005341128195893219
2018-11-30,0.001376817923346975,0.001376817923346975,0.0,0.0,Crisis,False,0.00235448783203201,0.00235448783203201,0.00020636055547300271,0.00020636055547300271
2018-12-03,0.002535067247585685,0.002535067247585685,0.0,0.0,Crisis,False,0.00038751870002092095,0.00038751870002092095,0.00354635945763871,0.00354635945763871
2018-12-04,0.0024901497316233805,0.0024901497316233805,0.0,0.0,Crisis,False,-0.0007962768407463309,-0.0007962768407463309,0.0029147635180258487,0.0029147635180258487
2018-12-05,-0.0017534888354643935,-0.0017534888354643935,0.0,0.0,Crisis,False,-0.004842962539822555,-0.004842962539822555,-0.004601753414288885,-0.004601753414288885
2018-12-06,0.0015152512464698435,0.0015152512464698435,0.0,0.0,Crisis,False,-0.010209773196172379,-0.010209773196172379,-0.0028151954583918357,-0.0028151954583918357
2018-12-07,-0.0006026867993638002,-0.0006026867993638002,0.0,0.0,Crisis,False,0.00525070886957528,0.00525070886957528,0.0016637304269547226,0.0016637304269547226
2018-12-10,0.004396970463998704,0.004396970463998704,0.0,0.0,Crisis,False,-0.011588462756881603,-0.011588462756881603,0.00038642767472969546,0.00038642767472969546
2018-12-11,0.0009510617241607424,0.0009510617241607424,0.0,0.0,Crisis,False,0.0034646023584543077,0.0034646023584543077,0.0028839661267198156,0.0028839661267198156
2018-12-12,-0.0005056508680548183,-0.0005056508680548183,0.0,0.0,Crisis,False,0.01073100721857801,0.01073100721857801,0.00431142794160815,0.00431142794160815
2018-12-13,-0.0007585921115569874,-0.00076179201022053,3.202327924272398e-06,0.006404655848544796,Crisis,True,0.003018515072779682,0.003016033802749396,0.0003409222781250998,0.0003391134530474904
2018-12-14,-0.0005365723134766972,-0.0005365723134766972,0.0,0.0,Crisis,False,0.0007743942144542844,0.0007743942144542844,-0.00036469901994759383,-0.00036469901994759383
2018-12-17,-2.7081218713771466e-05,-2.7081218713771466e-05,0.0,0.0,Crisis,False,0.0046147732951707056,0.0046147732951707056,0.0020505975824317737,0.0020505975824317737
2018-12-18,-0.0008476903055472082,-0.0008476903055472082,0.0,0.0,Crisis,False,0.0011276550457026834,0.0011276550457026834,-0.0006149882536569593,-0.0006149882536569593
2018-12-19,-0.0010235230165732698,-0.0010235230165732698,0.0,0.0,Crisis,False,0.0032434306174158644,0.0032434306174158644,0.00011342622513721358,0.00011342622513721358
2018-12-20,2.94378836028399e-05,2.94378836028399e-05,0.0,0.0,Crisis,False,-0.0008606316035165729,-0.0008606316035165729,-0.0003529933497535485,-0.0003529933497535485
2018-12-21,0.0004499674867231906,0.0004499674867231906,0.0,0.0,Crisis,False,-0.010916529514577741,-0.010916529514577741,-0.0043731446896885925,-0.0043731446896885925
2018-12-24,0.0008920943439038895,0.0008920943439038895,0.0,0.0,Crisis,False,-0.005052346528310507,-0.005052346528310507,-0.0010955004923360733,-0.0010955004923360733
2018-12-26,0.0012620713661297578,0.0012620713661297578,0.0,0.0,Crisis,False,0.003722911300754012,0.003722911300754012,0.003363757098548897,0.003363757098548897
2018-12-27,0.0007554918745070738,0.0007554918745070738,0.0,0.0,Crisis,False,0.0027923359772298,0.0027923359772298,0.002265906215578214,0.002265906215578214
2018-12-28,0.0012732087890761073,0.0012732087890761073,0.0,0.0,Crisis,False,0.0044614917327625405,0.0044614917327625405,0.0037145969867939162,0.0037145969867939162
2018-12-31,0.001359629034578326,0.001359629034578326,0.0,0.0,Crisis,False,0.0015607103400051526,0.0015607103400051526,-0.00026353651657940727,-0.00026353651657940727
2019-01-01,0.0014073030964212717,0.0014073030964212717,0.0,0.0,Crisis,False,3.925155621331366e-06,3.925155621331366e-06,0.0018663498509535682,0.0018663498509535682
2019-01-02,0.000673763273355668,0.000673763273355668,0.0,0.0,Crisis,False,-0.0038816299297570723,-0.0038816299297570723,-0.0008555657772768249,-0.0008555657772768249
2019-01-03,0.00108761579952895,0.00108761579952895,0.0,0.0,Crisis,False,-0.006689310187343726,-0.006689310187343726,-0.001560799118514305,-0.001560799118514305
2019-01-04,-0.0012875756343500885,-0.0012875756343500885,0.0,0.0,Crisis,False,0.0030857423468502146,0.0030857423468502146,-0.00033833386812798976,-0.00033833386812798976
2019-01-07,-0.0004642654954305459,-0.0004642654954305459,0.0,0.0,Crisis,False,0.0024777308085494492,0.0024777308085494492,0.000501076966764022,0.000501076966764022
2019-01-08,-0.00039708571168785273,-0.00039708571168785273,0.0,0.0,Crisis,False,0.0016942513672226762,0.0016942513672226762,0.0002254197847832673,0.0002254197847832673
2019-01-09,0.0017603823023110816,0.0017603823023110816,0.0,0.0,Crisis,False,0.00294672113055062,0.00294672113055062,0.0036727155589796326,0.0036727155589796326
2019-01-10,0.0020075882246286384,0.0020075882246286384,0.0,0.0,Crisis,False,-0.0018598929247060584,-0.0018598929247060584,0.001831443413052833,0.001831443413052833
2019-01-11,-0.0005147305817924922,-0.0005147305817924922,0.0,0.0,Crisis,False,-0.0014800672975570411,-0.0014800672975570411,-0.001348468078616168,-0.001348468078616168
2019-01-14,0.0013831762876613297,0.0010623525920352428,0.0003203805528423822,0.6407611056847644,Bear,True,-0.00319157819423741,-0.00319178928262398,-0.0008863623662744845,-0.0008877889571924369
2019-01-15,0.002249316435088796,0.002249316435088796,0.0,0.0,Bear,False,0.008323285722621988,0.008323285722621988,0.004743087209819158,0.004743087209819158
2019-01-16,0.0026293937922219736,0.0026293937922219736,0.0,0.0,Bear,False,0.00019354731748584314,0.00019354731748584314,0.0011840814802521122,0.0011840814802521122
2019-01-17,0.0029651567290225685,0.0029651567290225685,0.0,0.0,Bear,False,0.000823820733124164,0.000823820733124164,0.0016143293020922061,0.0016143293020922061
2019-01-18,-0.004561009802399736,-0.004561009802399736,0.0,0.0,Bear,False,9.66752889779618e-05,9.66752889779618e-05,-0.0018610743191716979,-0.0018610743191716979
2019-01-21,-0.0011161103174392726,-0.0011161103174392726,0.0,0.0,Bear,False,0.0030325163844368954,0.0030325163844368954,0.0009256131126408752,0.0009256131126408752
2019-01-22,0.0035289157488204844,0.0035289157488204844,0.0,0.0,Bear,False,-0.002157149876760375,-0.002157149876760375,0.0004746863026079685,0.0004746863026079685
2019-01-23,-0.001054934528687324,-0.001054934528687324,0.0,0.0,Bear,False,-0.00503606303952806,-0.00503606303952806,-0.0027480595621483103,-0.0027480595621483103
2019-01-24,-0.0038035140729221276,-0.0038035140729221276,0.0,0.0,Bear,False,0.0010190093822860706,0.0010190093822860706,-0.001121681066750445,-0.001121681066750445
2019-01-25,0.0014219102575696958,0.0014219102575696958,0.0,0.0,Bear,False,-0.003837323363055598,-0.003837323363055598,-0.0011660498196117254,-0.0011660498196117254
2019-01-28,0.007198838132438834,0.007198838132438834,0.0,0.0,Bear,False,-0.006623449200650348,-0.006623449200650348,-2.1366678566401482e-05,-2.1366678566401482e-05
2019-01-29,0.004996836164622471,0.004996836164622471,0.0,0.0,Bear,False,-0.0005235497018780294,-0.0005235497018780294,0.0018645348251231384,0.0018645348251231384
2019-01-30,0.0018997297762301853,0.0018997297762301853,0.0,0.0,Bear,False,-1.845676827373728e-05,-1.845676827373728e-05,0.0007946112892115029,0.0007946112892115029
2019-01-31,0.005597606434206647,0.005597606434206647,0.0,0.0,Bear,False,0.011460778454719581,0.011460778454719581,0.007992695684424135,0.007992695684424135
2019-02-01,0.00405771267065176,0.00405771267065176,0.0,0.0,Bear,False,0.0034731196655623893,0.0034731196655623893,0.0032874639929026494,0.0032874639929026494
2019-02-04,0.00018057774478733203,0.00018057774478733203,0.0,0.0,Bear,False,0.001022671292777972,0.001022671292777972,0.0005394051043907987,0.0005394051043907987
2019-02-05,0.0013580725254573962,0.0013580725254573962,0.0,0.0,Bear,False,0.0012227063606405732,0.0012227063606405732,0.0011295186031592135,0.0011295186031592135
2019-02-06,0.0052985940836564995,0.0052985940836564995,0.0,0.0,Bear,False,0.007055399702598149,0.007055399702598149,0.0054410966185302265,0.0054410966185302265
2019-02-07,-0.009287829111247616,-0.009287829111247616,0.0,0.0,Bear,False,0.00038011425167224904,0.00038011425167224904,-0.0037436378524533477,-0.0037436378524533477
2019-02-08,-0.0037865731663154116,-0.0037865731663154116,0.0,0.0,Bear,False,-0.006877576531885246,-0.006877576531885246,-0.004731440874849918,-0.004731440874849918
2019-02-11,0.0016889543320328616,0.0016889543320328616,0.0,0.0,Bear,False,-0.0030207038497464815,-0.0030207038497464815,-0.0006700177818873667,-0.0006700177818873667
2019-02-12,-0.0035108678718448216,-0.0037366149378336155,0.00022654242651564405,0.4530848530312881,Bull,True,-0.0031587957234218813,-0.00315941053105695,-0.002840195671095095,-0.0028424676435820917
2019-02-14,-0.003541734526697606,-0.003541734526697606,0.0,0.0,Bull,False,-0.00472200079137457,-0.00472200079137457,-0.0026236251978021623,-0.0026236251978021623
2019-02-15,0.0022467488569545752,0.0022467488569545752,0.0,0.0,Bull,False,-0.0011983073909265392,-0.0011983073909265392,0.002328203320882357,0.002328203320882357
2019-02-18,-0.0007308132880265442,-0.0007308132880265442,0.0,0.0,Bull,False,-0.004644422841957589,-0.004644422841957589,3.589020548152256e-05,3.589020548152256e-05
2019-02-19,-0.0006000919453279139,-0.0006000919453279139,0.0,0.0,Bull,False,-0.0020405971739094436,-0.0020405971739094436,-0.0002475479988635273,-0.0002475479988635273
2019-02-20,0.007242200028673158,0.007242200028673158,0.0,0.0,Bull,False,0.0073389695599639,0.0073389695599639,0.00572756624269707,0.00572756624269707
2019-02-21,-0.0005523412715670553,-0.0005523412715670553,0.0,0.0,Bull,False,0.003023075825127032,0.003023075825127032,-0.0010000431820161274,-0.0010000431820161274
2019-02-22,-0.002086574041676823,-0.002086574041676823,0.0,0.0,Bull,False,9.977112145947311e-05,9.977112145947311e-05,-0.002001270415315411,-0.002001270415315411
2019-02-25,0.004424767549402673,0.004424767549402673,0.0,0.0,Bull,False,0.00489590611421182,0.00489590611421182,0.0034345917814631926,0.0034345917814631926
2019-02-26,-0.0022312713356078813,-0.0022312713356078813,0.0,0.0,Bull,False,-0.0024657079198000826,-0.0024657079198000826,-0.0017329506454462863,-0.0017329506454462863
2019-02-27,-0.0004729813682561332,-0.0004729813682561332,0.0,0.0,Bull,False,-0.0015833152649287615,-0.0015833152649287615,-0.00019994166678266795,-0.00019994166678266795
2019-02-28,-0.0010708770590707475,-0.0010708770590707475,0.0,0.0,Bull,False,0.00048372968879699786,0.00048372968879699786,-0.000445423445868626,-0.000445423445868626
2019-03-01,-0.0021862872353297686,-0.0021862872353297686,0.0,0.0,Bull,False,0.0039281507208856845,0.0039281507208856845,-0.00270014030717166,-0.00270014030717166
2019-03-05,-0.0020350240095150115,-0.0020350240095150115,0.0,0.0,Bull,False,0.006826695041664801,0.006826695041664801,-0.0030246296969622887,-0.0030246296969622887
2019-03-06,0.003271394698026651,0.003271394698026651,0.0,0.0,Bull,False,0.0035920500022073435,0.0035920500022073435,0.0025412336780802486,0.0025412336780802486
2019-03-07,-0.0021363469504098263,-0.0021363469504098263,0.0,0.0,Bull,False,0.0002836187138402739,0.0002836187138402739,-0.0020820503876369466,-0.0020820503876369466
2019-03-08,0.0007789106494676313,0.0007789106494676313,0.0,0.0,Bull,False,-0.0012472541105284095,-0.0012472541105284095,0.0009413477934222016,0.0009413477934222016
2019-03-11,0.005901359301621551,0.005901359301621551,0.0,0.0,Bull,False,0.007241681513998632,0.007241681513998632,0.00445937284548196,0.00445937284548196
2019-03-12,0.003778641350597563,0.003778641350597563,0.0,0.0,Bull,False,0.007216769599391784,0.007216769599391784,0.002442324437957877,0.002442324437957877
2019-03-13,0.00447806113622871,0.00447806113622871,0.0,0.0,Bull,False,0.002183428950653842,0.002183428950653842,0.003927832080370287,0.003927832080370287
2019-03-14,-0.0027252026715923745,-0.0027252026715923745,0.0,0.0,Bull,False,8.321606971092198e-05,8.321606971092198e-05,-0.002619280208291588,-0.002619280208291588
2019-03-15,0.002925649124378911,0.0027548296567925235,0.0001703211676116602,0.3406423352233204,Bear,True,0.004421992429418431,0.0044174624578880994,0.0023332475687063794,0.002327012869080214
2019-03-18,0.0007398019598741796,0.0007398019598741796,0.0,0.0,Bear,False,0.001857516049946533,0.001857516049946533,-0.0017169144555317355,-0.0017169144555317355
2019-03-19,0.0029562270471461274,0.0029562270471461274,0.0,0.0,Bear,False,0.0036900299663588593,0.0036900299663588593,0.00477513268478651,0.00477513268478651
2019-03-20,-0.0008413122572873787,-0.0008413122572873787,0.0,0.0,Bear,False,-0.0005903484811722521,-0.0005903484811722521,-0.002812652541195325,-0.002812652541195325
2019-03-22,-0.0017032177355077562,-0.0017032177355077562,0.0,0.0,Bear,False,-0.0033615619336915484,-0.0033615619336915484,0.0011444782123371845,0.0011444782123371845
2019-03-25,-0.00359980061453588,-0.00359980061453588,0.0,0.0,Bear,False,-0.005397235853671632,-0.005397235853671632,-0.002976080022567474,-0.002976080022567474
2019-03-26,0.004440255987556322,0.004440255987556322,0.0,0.0,Bear,False,0.006815340285622007,0.006815340285622007,0.003226729316672704,0.003226729316672704
2019-03-27,-0.001264256334545363,-0.001264256334545363,0.0,0.0,Bear,False,-0.0020057504016600535,-0.0020057504016600535,-0.000696669372246374,-0.000696669372246374
2019-03-28,0.005961463575981964,0.005961463575981964,0.0,0.0,Bear,False,0.007941227753925813,0.007941227753925813,0.0032728683556136257,0.0032728683556136257
2019-04-01,0.003127931414080326,0.003127931414080326,0.0,0.0,Bear,False,0.005175382888719173,0.005175382888719173,0.0010380096101630782,0.0010380096101630782
2019-04-02,0.0013254711328261606,0.0013254711328261606,0.0,0.0,Bear,False,0.00228338261736726,0.00228338261736726,0.00015557298965488507,0.00015557298965488507
2019-04-03,-0.0026451144228117752,-0.0026451144228117752,0.0,0.0,Bear,False,-0.003587859763837513,-0.003587859763837513,-0.003337356431523557,-0.003337356431523557
2019-04-04,-0.0012727610699730014,-0.0012727610699730014,0.0,0.0,Bear,False,-0.0023892634164770763,-0.0023892634164770763,0.0004870506184199725,0.0004870506184199725
2019-04-05,0.0023625988394989634,0.0023625988394989634,0.0,0.0,Bear,False,0.003541655107501006,0.003541655107501006,0.0019344937481804586,0.0019344937481804586
2019-04-08,-0.001588410710585374,-0.001588410710585374,0.0,0.0,Bear,False,-0.0031915629941220783,-0.0031915629941220783,0.0012709640509353285,0.0012709640509353285
2019-04-09,0.0022688614538446394,0.0022688614538446394,0.0,0.0,Bear,False,0.0035184774431323562,0.0035184774431323562,0.0014740646335343586,0.0014740646335343586
2019-04-10,-0.00300010893373184,-0.00300010893373184,0.0,0.0,Bear,False,-0.004550896206469992,-0.004550896206469992,-0.0022718559213735744,-0.0022718559213735744
2019-04-11,0.00030120889887627557,0.00030120889887627557,0.0,0.0,Bear,False,0.0006467841681394455,0.0006467841681394455,-0.00036754162840871166,-0.00036754162840871166
2019-04-12,0.0015419522534635877,0.0015419522534635877,0.0,0.0,Bear,False,0.002436827717688213,0.002436827717688213,0.000868265603772272,0.000868265603772272
2019-04-15,0.0013037659797212422,0.0013037659797212422,0.0,0.0,Bear,False,0.0024346078699332913,0.0024346078699332913,-0.0004378087307271104,-0.0004378087307271104
2019-04-16,0.0034160097495996556,0.0034160097495996556,0.0,0.0,Bear,False,0.005025272704828545,0.005025272704828545,0.0030606269941586325,0.0030606269941586325
2019-04-18,-0.002331392561142125,-0.002526548034046172,0.0001956115201470652,0.3912230402941304,Bull,True,-0.0017485440398633534,-0.001752717665125636,-0.0022671955568647206,-0.0022719201285422708
2019-04-22,-0.010772384142689696,-0.010772384142689696,0.0,0.0,Bull,False,-0.00807457122566083,-0.00807457122566083,-0.0036541580601897,-0.0036541580601897
2019-04-23,-0.0012722439791151773,-0.0012722439791151773,0.0,0.0,Bull,False,-0.0009510321046128317,-0.0009510321046128317,-0.0009328811976613265,-0.0009328811976613265
2019-04-24,0.010342415788213478,0.010342415788213478,0.0,0.0,Bull,False,0.007728712841137029,0.007728712841137029,0.004163127124026115,0.004163127124026115
2019-04-25,-0.0057507862212332625,-0.0057507862212332625,0.0,0.0,Bull,False,-0.004311196431938657,-0.004311196431938657,0.0004357510343224976,0.0004357510343224976
2019-04-26,0.007737635965142218,0.007737635965142218,0.0,0.0,Bull,False,0.005791415343529352,0.005791415343529352,0.002749278602713204,0.002749278602713204
2019-04-30,0.0001988688517764379,0.0001988688517764379,0.0,0.0,Bull,False,0.0009498806096863548,0.0009498806096863548,0.0008342235181770005,0.0008342235181770005
2019-05-02,-0.0015913927930305183,-0.0015913927930305183,0.0,0.0,Bull,False,-0.0011919890563618285,-0.0011919890563618285,-0.004709396491296557,-0.004709396491296557
2019-05-03,-0.0008514430255135804,-0.0008514430255135804,0.0,0.0,Bull,False,-0.0006374955492419083,-0.0006374955492419083,-0.0007185304724080711,-0.0007185304724080711
2019-05-06,-0.0077737983102632935,-0.0077737983102632935,0.0,0.0,Bull,False,-0.005821706797376183,-0.005821706797376183,-0.0005367961480985134,-0.0005367961480985134
2019-05-07,-0.00689274116806114,-0.00689274116806114,0.0,0.0,Bull,False,-0.005146984584298367,-0.005146984584298367,-0.0026685903670730093,-0.0026685903670730093
2019-05-08,-0.0095786025367727,-0.0095786025367727,0.0,0.0,Bull,False,-0.007143556247428335,-0.007143556247428335,-0.0034591214195662267,-0.0034591214195662267
2019-05-09,-0.004027085037657909,-0.004027085037657909,0.0,0.0,Bull,False,-0.0029959646963983733,-0.0029959646963983733,-0.001023139821990817,-0.001023139821990817
2019-05-10,-0.0016060735288023669,-0.0016060735288023669,0.0,0.0,Bull,False,-0.0011936084675121933,-0.0011936084675121933,-0.0007214374629716295,-0.0007214374629716295
2019-05-13,-0.009181535461272634,-0.009181535461272634,0.0,0.0,Bull,False,-0.006820754917649204,-0.006820754917649204,-0.0019130283834184732,-0.0019130283834184732
2019-05-14,0.005235924223504528,0.005235924223504528,0.0,0.0,Bull,False,0.0038804024969789517,0.0038804024969789517,0.00564678657452721,0.00564678657452721
2019-05-15,-0.004587995812328647,-0.004587995812328647,0.0,0.0,Bull,False,-0.003404807741298481,-0.003404807741298481,-0.0016520278357316607,-0.0016520278357316607
2019-05-16,0.007092616347605816,0.007092616347605816,0.0,0.0,Bull,False,0.005257268909407248,0.005257268909407248,0.0004159029035997238,0.0004159029035997238
2019-05-17,0.010557059704935973,0.010557059704935973,0.0,0.0,Bull,False,0.007839508726429226,0.007839508726429226,0.003049441034772644,0.003049441034772644
2019-05-20,0.029315553651626337,0.029315553651626337,0.0,0.0,Bull,False,0.02182541043006527,0.02182541043006527,0.007565475423391277,0.007565475423391277
2019-05-21,-0.008057172108282808,-0.008057172108282808,0.0,0.0,Bull,False,-0.006040730030983946,-0.006040730030983946,-0.0030139295873237077,-0.0030139295873237077
2019-05-22,0.001967753774616484,0.0019669629707705916,7.892507948054854e-07,0.0015785015896109707,Bull,True,0.0014758153339275103,0.001474632051902569,0.0004677686979320065,0.0004668148091164781
2019-05-23,-0.005513100535113549,-0.005513100535113549,0.0,0.0,Bull,False,-0.004136856492737553,-0.004136856492737553,-0.0008688178399677846,-0.0008688178399677846
2019-05-24,0.01282540043226345,0.01282540043226345,0.0,0.0,Bull,False,0.009610475663829502,0.009610475663829502,0.005058373126073975,0.005058373126073975
2019-05-27,0.005459911025938959,0.005459911025938959,0.0,0.0,Bull,False,0.004104310903066707,0.004104310903066707,0.0035150626664538134,0.0035150626664538134
2019-05-28,0.00026734490926666823,0.00026734490926666823,0.0,0.0,Bull,False,0.00019875687151502618,0.00019875687151502618,0.0001688179683556111,0.0001688179683556111
2019-05-29,-0.004551765221986296,-0.004551765221986296,0.0,0.0,Bull,False,-0.0034240143357329076,-0.0034240143357329076,-0.0007109465092042799,-0.0007109465092042799
2019-05-30,0.005734286819153601,0.005734286819153601,0.0,0.0,Bull,False,0.004311794652194849,0.004311794652194849,0.0004766865737081726,0.0004766865737081726
2019-05-31,-0.0008928817625224131,-0.0008928817625224131,0.0,0.0,Bull,False,0.00015632252764927342,0.00015632252764927342,0.004506494748561131,0.004506494748561131
2019-06-03,0.011152205966825144,0.011152205966825144,0.0,0.0,Bull,False,0.008386290989846844,0.008386290989846844,0.0064538670859390634,0.0064538670859390634
2019-06-04,-0.004450401735268991,-0.004450401735268991,0.0,0.0,Bull,False,-0.003354348081301474,-0.003354348081301474,-0.0005769895821665816,-0.0005769895821665816
2019-06-06,-0.011894698809353784,-0.011894698809353784,0.0,0.0,Bull,False,-0.008964420588499099,-0.008964420588499099,-0.0013775242145489294,-0.0013775242145489294
2019-06-07,0.0018219411634319426,0.0018219411634319426,0.0,0.0,Bull,False,0.0013711555362419705,0.0013711555362419705,0.00022805574108435256,0.00022805574108435256
2019-06-10,0.0035150390161468844,0.0035150390161468844,0.0,0.0,Bull,False,0.0026417325023136463,0.0026417325023136463,0.00015405920486979518,0.00015405920486979518
2019-06-11,0.002886945067774886,0.002886945067774886,0.0,0.0,Bull,False,0.0021715774273306124,0.0021715774273306124,-0.0010873132497161739,-0.0010873132497161739
2019-06-12,-0.003985816889956338,-0.003985816889956338,0.0,0.0,Bull,False,-0.003000295548477239,-0.003000295548477239,0.00047961864270724464,0.00047961864270724464
2019-06-13,0.0005288319755515552,0.0005288319755515552,0.0,0.0,Bull,False,0.00039768104589420406,0.00039768104589420406,0.0007244428531205699,0.0007244428531205699
2019-06-14,-0.006110639804049591,-0.006110639804049591,0.0,0.0,Bull,False,-0.0045957966523983585,-0.0045957966523983585,0.0023408487562079296,0.0023408487562079296
2019-06-17,-0.010242191866651571,-0.010242191866651571,0.0,0.0,Bull,False,-0.0076938953271081766,-0.0076938953271081766,-0.007784617078475905,-0.007784617078475905
2019-06-18,0.0013264911329215572,0.0013264911329215572,0.0,0.0,Bull,False,0.000996085347468602,0.000996085347468602,0.0018448361544070868,0.0018448361544070868
2019-06-19,-5.41346918660537e-06,-5.41346918660537e-06,0.0,0.0,Bull,False,-6.5647898330709425e-06,-6.5647898330709425e-06,-0.0003637454093528367,-0.0003637454093528367
2019-06-20,0.00959084311151989,0.00959084311151989,0.0,0.0,Bull,False,0.007186154922905296,0.007186154922905296,0.012678159525877298,0.012678159525877298
2019-06-21,-0.0035184284642785003,-0.003817372981449463,0.00030000004587157035,0.6000000917431407,Bear,True,-0.00545505791237475,-0.005455902404190804,-0.002962285005120302,-0.0029686291974461154
2019-06-24,0.004066955008544268,0.004066955008544268,0.0,0.0,Bear,False,-0.0012506692558394874,-0.0012506692558394874,0.002024530511133535,0.002024530511133535
2019-06-25,0.011532786724866314,0.011532786724866314,0.0,0.0,Bear,False,0.004945950566522738,0.004945950566522738,0.007329819040005222,0.007329819040005222
2019-06-26,-0.009638334957518552,-0.009638334957518552,0.0,0.0,Bear,False,0.0025959494245410514,0.0025959494245410514,-0.004908094373645087,-0.004908094373645087
2019-06-27,-0.0014897395647767249,-0.0014897395647767249,0.0,0.0,Bear,False,-0.0003080202285319375,-0.0003080202285319375,-0.0008879541510068379,-0.0008879541510068379
2019-06-28,0.002168286734817578,0.002168286734817578,0.0,0.0,Bear,False,-0.0014599220753712012,-0.0014599220753712012,0.00171960724885513,0.00171960724885513
2019-07-01,-0.005323065722019847,-0.005323065722019847,0.0,0.0,Bear,False,0.003899830482511563,0.003899830482511563,-0.002236946499372665,-0.002236946499372665
2019-07-02,0.002363532646604617,0.002363532646604617,0.0,0.0,Bear,False,0.0022601644126398327,0.0022601644126398327,0.0017297225532949471,0.0017297225532949471
2019-07-03,0.010752520866552826,0.010752520866552826,0.0,0.0,Bear,False,0.0003254040903191954,0.0003254040903191954,0.006023686220784165,0.006023686220784165
2019-07-04,-0.0030957262366013527,-0.0030957262366013527,0.0,0.0,Bear,False,0.0015129692413125768,0.0015129692413125768,-0.0014453732268621725,-0.0014453732268621725
2019-07-05,0.0014732517138841845,0.0014732517138841845,0.0,0.0,Bear,False,-0.006828270307665661,-0.006828270307665661,-0.0004458576656836649,-0.0004458576656836649
2019-07-08,-0.007511835370536423,-0.007511835370536423,0.0,0.0,Bear,False,-0.012804913051771265,-0.012804913051771265,-0.006544467432257588,-0.006544467432257588
2019-07-09,-0.005556690496825044,-0.005556690496825044,0.0,0.0,Bear,False,-0.0001386318485618784,-0.0001386318485618784,-0.0031193271362788843,-0.0031193271362788843
2019-07-10,0.000899302235444568,0.000899302235444568,0.0,0.0,Bear,False,-0.002927925345402868,-0.002927925345402868,-3.782533609053215e-05,-3.782533609053215e-05
2019-07-11,0.011454537105377877,0.011454537105377877,0.0,0.0,Bear,False,0.004323442095600298,0.004323442095600298,0.007156786185801927,0.007156786185801927
2019-07-12,-0.006208322889838518,-0.006208322889838518,0.0,0.0,Bear,False,-0.001559423787778565,-0.001559423787778565,-0.0037508532122553797,-0.0037508532122553797
2019-07-15,0.00497217295566034,0.00497217295566034,0.0,0.0,Bear,False,0.0018458747456805303,0.0018458747456805303,0.003109430825415044,0.003109430825415044
2019-07-16,0.003123387044949386,0.003123387044949386,0.0,0.0,Bear,False,0.0038036140944557734,0.0038036140944557734,0.00243493778850611,0.00243493778850611
2019-07-17,-0.00036419190582749866,-0.00036419190582749866,0.0,0.0,Bear,False,0.0012761260510353572,0.0012761260510353572,3.262363621492287e-05,3.262363621492287e-05
2019-07-18,0.006470807264492536,0.006470807264492536,0.0,0.0,Bear,False,-0.004622591998895161,-0.004622591998895161,0.002765178127988464,0.002765178127988464
2019-07-19,-0.0015251774692785587,-0.0015251774692785587,0.0,0.0,Bear,False,-0.009106209245557618,-0.009106209245557618,-0.0025096873303535544,-0.0025096873303535544
2019-07-22,-0.00946323599183732,-0.009552598970147153,9.021672042564593e-05,0.18043344085129184,Bear,True,-0.0038422353775243944,-0.003846857374978585,-0.005545609121248425,-0.0055526189968642115
2019-07-23,-0.002365741695796839,-0.002365741695796839,0.0,0.0,Bear,False,-0.0007951097179292595,-0.0007951097179292595,-0.0013120338933941913,-0.0013120338933941913
2019-07-24,4.4353906119199e-05,4.4353906119199e-05,0.0,0.0,Bear,False,-0.0031540523959462303,-0.0031540523959462303,-0.001298732497856552,-0.001298732497856552
2019-07-25,-9.274761132486504e-05,-9.274761132486504e-05,0.0,0.0,Bear,False,-0.0010140478211279316,-0.0010140478211279316,-0.00046117978005092396,-0.00046117978005092396
2019-07-26,-0.003350513083296323,-0.003350513083296323,0.0,0.0,Bear,False,0.0017041845640010003,0.0017041845640010003,-0.000681514635836411,-0.000681514635836411
2019-07-29,-0.0020949956748849597,-0.0020949956748849597,0.0,0.0,Bear,False,-0.005032488720929845,-0.005032488720929845,-0.002969213594958496,-0.002969213594958496
2019-07-30,0.0012956878349713,0.0012956878349713,0.0,0.0,Bear,False,-0.005520669055788849,-0.005520669055788849,-0.001763446057016925,-0.001763446057016925
2019-07-31,-0.0028871517657524178,-0.0028871517657524178,0.0,0.0,Bear,False,0.0029823130945745603,0.0029823130945745603,0.00055188363494424,0.00055188363494424
2019-08-01,-0.007718629744749921,-0.007718629744749921,0.0,0.0,Bear,False,-0.0073584310995890205,-0.0073584310995890205,-0.0062608346130172046,-0.0062608346130172046
2019-08-02,0.02177371888507655,0.02177371888507655,0.0,0.0,Bear,False,0.0009319731149583757,0.0009319731149583757,0.009397063618648793,0.009397063618648793
2019-08-05,0.015705023097097058,0.015705023097097058,0.0,0.0,Bear,False,-0.007235796401976166,-0.007235796401976166,0.0035937796104458025,0.0035937796104458025
2019-08-06,0.006562441367081575,0.006562441367081575,0.0,0.0,Bear,False,0.0046342895073030604,0.0046342895073030604,0.004673315069315489,0.004673315069315489
2019-08-07,0.010510179843298974,0.010510179843298974,0.0,0.0,Bear,False,-0.004986731041464296,-0.004986731041464296,0.002432095210824901,0.002432095210824901
2019-08-08,0.0018546743072663772,0.0018546743072663772,0.0,0.0,Bear,False,0.009565159201019682,0.009565159201019682,0.004663733322485298,0.004663733322485298
2019-08-09,0.004327817594897116,0.004327817594897116,0.0,0.0,Bear,False,0.004147502200709604,0.004147502200709604,0.0035394721178304313,0.0035394721178304313
2019-08-13,0.01127565628660328,0.01127565628660328,0.0,0.0,Bear,False,-0.00981698701297486,-0.00981698701297486,0.0008177713163064096,0.0008177713163064096
2019-08-14,-0.011230496165388175,-0.011230496165388175,0.0,0.0,Bear,False,0.005578689419290803,0.005578689419290803,-0.0026024654598716876,-0.0026024654598716876
2019-08-16,0.003437655723692748,0.003437655723692748,0.0,0.0,Bear,False,0.0009857498866130102,0.0009857498866130102,0.001871469013439712,0.001871469013439712
2019-08-19,0.0010919877599888934,0.0010919877599888934,0.0,0.0,Bear,False,0.00032651745087149825,0.00032651745087149825,0.0006005296625424042,0.0006005296625424042
2019-08-20,0.005367041264080568,0.005367041264080568,0.0,0.0,Bear,False,-0.001974349481408944,-0.001974349481408944,0.0015012978955482891,0.0015012978955482891
2019-08-21,-0.0074461563022299474,-0.0074461563022299474,0.0,0.0,Bear,False,-0.0052740537317224724,-0.0052740537317224724,-0.00533852051034918,-0.00533852051034918
2019-08-22,0.006071914138811884,0.005971306984340785,9.99999632802779e-05,0.19999992656055582,Bear,True,-0.009741658518087259,-0.009747371026775142,-0.002881787740471357,-0.002890277509552286
2019-08-23,-0.0026084174399542124,-0.0026084174399542124,0.0,0.0,Bear,False,0.004879233055731501,0.004879233055731501,0.0015951550361079773,0.0015951550361079773
2019-08-26,0.02102644932812775,0.02102644932812775,0.0,0.0,Bear,False,0.012618395427154733,0.012618395427154733,0.015787410474303622,0.015787410474303622
2019-08-27,-0.00027246624625888266,-0.00027246624625888266,0.0,0.0,Bear,False,0.0025903934039268263,0.0025903934039268263,0.0013147649559426412,0.0013147649559426412
2019-08-28,0.00622428729580462,0.00622428729580462,0.0,0.0,Bear,False,-0.003218828351132112,-0.003218828351132112,0.0008368602519212222,0.0008368602519212222
2019-08-29,0.00025721252732871866,0.00025721252732871866,0.0,0.0,Bear,False,-0.005340882507866364,-0.005340882507866364,-0.002830608904402482,-0.002830608904402482
2019-08-30,-0.009417783495134878,-0.009417783495134878,0.0,0.0,Bear,False,0.005232926651660422,0.005232926651660422,-0.0010411298295477957,-0.0010411298295477957
2019-09-03,0.015513556597548338,0.015513556597548338,0.0,0.0,Bear,False,-0.012298852331071489,-0.012298852331071489,-0.00027510944772351966,-0.00027510944772351966
2019-09-04,0.0029128820012755794,0.0029128820012755794,0.0,0.0,Bear,False,0.002579142143104794,0.002579142143104794,0.002650338518108616,0.002650338518108616
2019-09-05,-0.0014590220064117478,-0.0014590220064117478,0.0,0.0,Bear,False,0.00017912116897052181,0.00017912116897052181,-0.0005251169065387233,-0.0005251169065387233
2019-09-06,-0.023132944395335406,-0.023132944395335406,0.0,0.0,Bear,False,0.005416745415519237,0.005416745415519237,-0.006908437321640553,-0.006908437321640553
2019-09-09,0.0038909325085690343,0.0038909325085690343,0.0,0.0,Bear,False,0.003119841669783811,0.003119841669783811,0.003357370068495504,0.003357370068495504
2019-09-11,-0.008476860248638883,-0.008476860248638883,0.0,0.0,Bear,False,0.0017798728496355614,0.0017798728496355614,-0.002574774312665077,-0.002574774312665077
2019-09-12,-0.0044099529450882845,-0.0044099529450882845,0.0,0.0,Bear,False,-0.002881144002416194,-0.002881144002416194,-0.0034392036796831236,-0.0034392036796831236
2019-09-13,-0.0005916173139200114,-0.0005916173139200114,0.0,0.0,Bear,False,0.0050923707837366135,0.0050923707837366135,0.0025817506330976774,0.0025817506330976774
2019-09-16,0.003056717058858321,0.003056717058858321,0.0,0.0,Bear,False,-0.00394005728796235,-0.00394005728796235,-0.0009236367339533114,-0.0009236367339533114
2019-09-17,0.0027462549169071644,0.0027462549169071644,0.0,0.0,Bear,False,-0.010156789562757295,-0.010156789562757295,-0.004492535488800239,-0.004492535488800239
2019-09-18,-0.005875939413552343,-0.005875939413552343,0.0,0.0,Bear,False,0.0012682292646820398,0.0012682292646820398,-0.0017695417513068556,-0.0017695417513068556
2019-09-19,-0.007767417555300754,-0.007767417555300754,0.0,0.0,Bear,False,-0.0074848654043751595,-0.0074848654043751595,-0.0073943945271783395,-0.0073943945271783395
2019-09-20,0.0004850801205536952,0.0004850801205536952,0.0,0.0,Bear,False,0.0316215707040862,0.0316215707040862,0.017708183956792255,0.017708183956792255
2019-09-23,0.006438896797799384,0.006438896797799384,0.0,0.0,Bear,False,0.017551706794726996,0.017551706794726996,0.012497493045610646,0.012497493045610646
2019-09-24,-2.72589463317935e-05,-0.0003023499587072598,0.0002750985112708928,0.5501970225417856,Crisis,True,-0.0006246763618218409,-0.0006315606592471878,-0.0003078716748642722,-0.0003142772631579138
2019-09-25,0.0013452681776363773,0.0013452681776363773,0.0,0.0,Crisis,False,-0.007651764311529621,-0.007651764311529621,-0.0016419630570097096,-0.0016419630570097096
2019-09-26,-0.002155433253311534,-0.002155433253311534,0.0,0.0,Crisis,False,0.006832259262787839,0.006832259262787839,0.00015240386717370802,0.00015240386717370802
2019-09-27,1.7240199341840958e-05,1.7240199341840958e-05,0.0,0.0,Crisis,False,-0.0030458730895408116,-0.0030458730895408116,-0.0013393753787224023,-0.0013393753787224023
2019-09-30,0.0014602199698314617,0.0014602199698314617,0.0,0.0,Crisis,False,-0.00083214841986925,-0.00083214841986925,-0.0006407799984567953,-0.0006407799984567953
2019-10-01,-0.0029886929382296193,-0.0029886929382296193,0.0,0.0,Crisis,False,-0.005956849748350888,-0.005956849748350888,-0.0066619191730554524,-0.0066619191730554524
2019-10-03,0.005204176780489275,0.005204176780489275,0.0,0.0,Crisis,False,-0.0024052095530590614,-0.0024052095530590614,0.005928588501160157,0.005928588501160157
2019-10-04,0.001581879974444371,0.001581879974444371,0.0,0.0,Crisis,False,-0.007298282427725673,-0.007298282427725673,-0.0011164465678669023,-0.0011164465678669023
2019-10-07,-0.00048078739007235494,-0.00048078739007235494,0.0,0.0,Crisis,False,-0.002554095192843604,-0.002554095192843604,-0.0017721455114907054,-0.0017721455114907054
2019-10-09,0.001671723123863924,0.001671723123863924,0.0,0.0,Crisis,False,0.009894316965330371,0.009894316965330371,0.006615379329010852,0.006615379329010852
2019-10-10,0.00047034508174663994,0.00047034508174663994,0.0,0.0,Crisis,False,-0.00412581245741095,-0.00412581245741095,-0.0011976380423089617,-0.0011976380423089617
2019-10-11,-0.0009627914489489287,-0.0009627914489489287,0.0,0.0,Crisis,False,0.003708466810469053,0.003708466810469053,0.00034562915253301055,0.00034562915253301055
2019-10-14,0.0007969552912089396,0.0007969552912089396,0.0,0.0,Crisis,False,0.0018979973611690842,0.0018979973611690842,0.0019003049422538294,0.0019003049422538294
2019-10-15,0.001698428562593983,0.001698428562593983,0.0,0.0,Crisis,False,0.004559616412129861,0.004559616412129861,0.0042986756798659076,0.0042986756798659076
2019-10-16,-0.0012796800907872658,-0.0012796800907872658,0.0,0.0,Crisis,False,0.0018609646979642345,0.0018609646979642345,-0.0008895786995171411,-0.0008895786995171411
2019-10-17,0.0009092315587307981,0.0009092315587307981,0.0,0.0,Crisis,False,0.006365941951708816,0.006365941951708816,0.0040351951203576285,0.0040351951203576285
2019-10-18,0.00013140919554344683,0.00013140919554344683,0.0,0.0,Crisis,False,0.003903472355044463,0.003903472355044463,0.0019080668968180462,0.0019080668968180462
2019-10-22,-0.0010419514430221823,-0.0010419514430221823,0.0,0.0,Crisis,False,-0.003785293325997393,-0.003785293325997393,-0.0030700668727982623,-0.0030700668727982623
2019-10-23,0.001033845056034385,0.001033845056034385,0.0,0.0,Crisis,False,0.0008181506683944268,0.0008181506683944268,0.0017343188208757806,0.0017343188208757806
2019-10-24,-0.0007761320739030823,-0.0007761320739030823,0.0,0.0,Crisis,False,-0.0011105613067603013,-0.0011105613067603013,-0.0015271831897721707,-0.0015271831897721707
2019-10-25,0.004359702981861344,0.004359702981861344,0.0,0.0,Crisis,False,6.726527545917847e-05,6.726527545917847e-05,0.005842345546572358,0.005842345546572358
2019-10-27,-0.0034421572343360574,-0.0037887457995184892,0.00034778569823970366,0.6955713964794074,Bear,True,1.585300461224293e-05,1.5342953610497645e-05,-0.0014210213439710406,-0.0014249137404107604
2019-10-29,-0.006400927716584482,-0.006400927716584482,0.0,0.0,Bear,False,0.010495943512336715,0.010495943512336715,0.001711332750696801,0.001711332750696801
2019-10-30,-0.00019189773186918928,-0.00019189773186918928,0.0,0.0,Bear,False,0.0029344753635849583,0.0029344753635849583,0.0011560461005234906,0.0011560461005234906
2019-10-31,0.010140117058575987,0.010140117058575987,0.0,0.0,Bear,False,0.002725672213889965,0.002725672213889965,0.005756681547564594,0.005756681547564594
2019-11-01,0.002898989833893777,0.002898989833893777,0.0,0.0,Bear,False,0.0006702034876844649,0.0006702034876844649,0.0014810548056210663,0.0014810548056210663
2019-11-04,0.0010356778704302433,0.0010356778704302433,0.0,0.0,Bear,False,0.002578423178554687,0.002578423178554687,0.0015105006972694198,0.0015105006972694198
2019-11-05,-0.0026342714995217474,-0.0026342714995217474,0.0,0.0,Bear,False,-0.0012243369702778489,-0.0012243369702778489,-0.0016056582405321697,-0.0016056582405321697
2019-11-06,-0.004506297529535139,-0.004506297529535139,0.0,0.0,Bear,False,0.002488702378670311,0.002488702378670311,-0.0008154847203819599,-0.0008154847203819599
2019-11-07,-0.0009590881929575015,-0.0009590881929575015,0.0,0.0,Bear,False,0.002334002697819325,0.002334002697819325,0.0005898236618932478,0.0005898236618932478
2019-11-08,-0.008421203436062398,-0.008421203436062398,0.0,0.0,Bear,False,-0.005259496337093223,-0.005259496337093223,-0.005688962851536047,-0.005688962851536047
2019-11-11,0.001238837619363919,0.001238837619363919,0.0,0.0,Bear,False,0.0002697001088469464,0.0002697001088469464,0.0006224492766666245,0.0006224492766666245
2019-11-13,0.005157052899755321,0.005157052899755321,0.0,0.0,Bear,False,-0.003713872614794424,-0.003713872614794424,0.000547220602905853,0.000547220602905853
2019-11-14,0.000925539473078684,0.000925539473078684,0.0,0.0,Bear,False,0.0016122053544760178,0.0016122053544760178,0.0010589107664963565,0.0010589107664963565
2019-11-15,-0.006703130471880285,-0.006703130471880285,0.0,0.0,Bear,False,0.0011904693951299322,0.0011904693951299322,-0.00226321476816662,-0.00226321476816662
2019-11-18,-0.002754007428213812,-0.002754007428213812,0.0,0.0,Bear,False,-0.0005576036537435914,-0.0005576036537435914,-0.0013665502224664869,-0.0013665502224664869
2019-11-19,0.007570205938969199,0.007570205938969199,0.0,0.0,Bear,False,0.0028328117651114336,0.0028328117651114336,0.004302587906313544,0.004302587906313544
2019-11-20,0.00442269297449196,0.00442269297449196,0.0,0.0,Bear,False,0.002997570827113829,0.002997570827113829,0.003085712543331901,0.003085712543331901
2019-11-21,-0.004041941057402486,-0.004041941057402486,0.0,0.0,Bear,False,-0.0015550518852271533,-0.0015550518852271533,-0.0023218535210816097,-0.0023218535210816097
2019-11-22,-0.0008447421348707849,-0.0008447421348707849,0.0,0.0,Bear,False,-0.002735666151589917,-0.002735666151589917,-0.001502163183166387,-0.001502163183166387
2019-11-25,-0.004717694999219748,-0.004717694999219748,0.0,0.0,Bear,False,0.008106514292088349,0.008106514292088349,0.001481371596166973,0.001481371596166973
2019-11-26,-0.0022133746273290166,-0.0022133746273290166,0.0,0.0,Bear,False,-0.001823109801405424,-0.001823109801405424,-0.0016816302446814504,-0.0016816302446814504
2019-11-27,0.0030394326490462177,0.0028192190865123923,0.00021954626644345526,0.4390925328869105,Bull,True,0.0031401346923990215,0.003135834690146888,0.0013993955222292669,0.001393648448134721
2019-11-28,0.003234259614723607,0.003234259614723607,0.0,0.0,Bull,False,0.0025107317979969454,0.0025107317979969454,0.0018928658967738614,0.0018928658967738614
2019-11-29,-0.004299310231440017,-0.004299310231440017,0.0,0.0,Bull,False,-0.003731650502430755,-0.003731650502430755,-0.0010368763256844516,-0.0010368763256844516
2019-12-02,-0.00047545486075169815,-0.00047545486075169815,0.0,0.0,Bull,False,-0.00039456611902775635,-0.00039456611902775635,-0.0002701701973102606,-0.0002701701973102606
2019-12-03,-0.0021144226396753764,-0.0021144226396753764,0.0,0.0,Bull,False,-0.0026874841327929424,-0.0026874841327929424,-0.0007335748820230947,-0.0007335748820230947
2019-12-04,0.005506367956276943,0.005506367956276943,0.0,0.0,Bull,False,0.0024452144845145676,0.0024452144845145676,0.004072721900155757,0.004072721900155757
2019-12-05,-0.002283837433292824,-0.002283837433292824,0.0,0.0,Bull,False,-0.0012304877078192352,-0.0012304877078192352,-0.0015852123358138577,-0.0015852123358138577
2019-12-06,-0.005674643999656829,-0.005674643999656829,0.0,0.0,Bull,False,-0.004829703653360737,-0.004829703653360737,-0.0031067944853021626,-0.0031067944853021626
2019-12-09,-0.0032057484182323025,-0.0032057484182323025,0.0,0.0,Bull,False,0.0007972548225103464,0.0007972548225103464,-0.0034246177086639084,-0.0034246177086639084
2019-12-10,-0.004691794707053685,-0.004691794707053685,0.0,0.0,Bull,False,-0.004038555275503375,-0.004038555275503375,-0.0025318678091642904,-0.0025318678091642904
2019-12-11,0.003608355147355307,0.003608355147355307,0.0,0.0,Bull,False,0.002684799165378995,0.002684799165378995,0.0021473850418017347,0.0021473850418017347
2019-12-12,0.0035177402126523984,0.0035177402126523984,0.0,0.0,Bull,False,0.0030853061988369425,0.0030853061988369425,0.0018647466396909992,0.0018647466396909992
2019-12-13,0.005522177794731043,0.005522177794731043,0.0,0.0,Bull,False,0.0057402145421245636,0.0057402145421245636,0.0025148438767709333,0.0025148438767709333
2019-12-16,0.0005677756281862488,0.0005677756281862488,0.0,0.0,Bull,False,-0.0016227393255177267,-0.0016227393255177267,0.0013207603286984795,0.0013207603286984795
2019-12-17,0.006612316422339101,0.006612316422339101,0.0,0.0,Bull,False,0.0055251480776558086,0.0055251480776558086,0.0036661102379168626,0.0036661102379168626
2019-12-18,0.004000696692828447,0.004000696692828447,0.0,0.0,Bull,False,0.002803083886949187,0.002803083886949187,0.0024837304116350867,0.0024837304116350867
2019-12-19,-0.34290995997864937,-0.34290995997864937,0.0,0.0,Bull,False,0.0018774568188413962,0.0018774568188413962,-0.3288199962053475,-0.3288199962053475
2019-12-20,0.000997498409554563,0.000997498409554563,0.0,0.0,Bull,False,0.0005918827884743115,0.0005918827884743115,0.0005046733314420297,0.0005046733314420297
2019-12-23,0.524527690819654,0.524527690819654,0.0,0.0,Bull,False,-0.0004414197850918219,-0.0004414197850918219,0.4916394978287886,0.4916394978287886
2019-12-24,-0.001528462405339326,-0.001528462405339326,0.0,0.0,Bull,False,-0.00237348500183161,-0.00237348500183161,-0.00033093794058846097,-0.00033093794058846097
2019-12-26,-0.0020963517473170453,-0.0020963517473170453,0.0,0.0,Bull,False,-0.00434362558433549,-0.00434362558433549,6.346381428064696e-05,6.346381428064696e-05
2019-12-27,0.00788917585565252,0.007713853560078698,0.00017394997364163968,0.34789994728327933,Bull,True,0.0059002767606943785,0.0058996881791191225,0.004748534728610328,0.00474682903909418
2019-12-30,0.0006778103369871371,0.0006778103369871371,0.0,0.0,Bull,False,0.0004902966594940517,0.0004902966594940517,0.0017351934670327784,0.0017351934670327784
2019-12-31,-0.005187684311536982,-0.005187684311536982,0.0,0.0,Bull,False,-0.003254177040415832,-0.003254177040415832,-5.696609755210928e-05,-5.696609755210928e-05
2020-01-01,0.0009090817654794416,0.0009090817654794416,0.0,0.0,Bull,False,0.0006929981091214224,0.0006929981091214224,-0.0005904159246173074,-0.0005904159246173074
2020-01-02,0.006551405576187531,0.006551405576187531,0.0,0.0,Bull,False,0.0049182272901724285,0.0049182272901724285,0.002727946426981134,0.002727946426981134
2020-01-03,-0.0034720815159113645,-0.0034720815159113645,0.0,0.0,Bull,False,-0.002724662499122699,-0.002724662499122699,0.008692580659867598,0.008692580659867598
2020-01-06,-0.01518893775513964,-0.01518893775513964,0.0,0.0,Bull,False,-0.011489179819548468,-0.011489179819548468,0.0009158611298869489,0.0009158611298869489
2020-01-07,0.0038867528366236686,0.0038867528366236686,0.0,0.0,Bull,False,0.002980322942803503,0.002980322942803503,-0.004641172591019814,-0.004641172591019814
2020-01-08,-0.0017414021897604304,-0.0017414021897604304,0.0,0.0,Bull,False,-0.0013731835475101152,-0.0013731835475101152,0.005051836869831814,0.005051836869831814
2020-01-09,0.012488977053122009,0.012488977053122009,0.0,0.0,Bull,False,0.00946561351842537,0.00946561351842537,-0.0049635630348302375,-0.0049635630348302375
2020-01-10,0.0026678622177108554,0.0026678622177108554,0.0,0.0,Bull,False,0.0020166029181787636,0.0020166029181787636,0.00014521384813317203,0.00014521384813317203
2020-01-13,0.004724244577884313,0.004724244577884313,0.0,0.0,Bull,False,0.0035687995535569105,0.0035687995535569105,3.51385718445142e-05,3.51385718445142e-05
2020-01-14,0.002132613512703566,0.002132613512703566,0.0,0.0,Bull,False,0.0016065915640236165,0.0016065915640236165,0.000891255825735939,0.000891255825735939
2020-01-15,-0.0011918373944778515,-0.0011918373944778515,0.0,0.0,Bull,False,-0.0009322300966297206,-0.0009322300966297206,0.002380556364671891,0.002380556364671891
2020-01-16,0.0007876403365448822,0.0007876403365448822,0.0,0.0,Bull,False,0.0006005715532727944,0.0006005715532727944,-0.00014895017390688262,-0.00014895017390688262
2020-01-17,-0.00021187446941018647,-0.00021187446941018647,0.0,0.0,Bull,False,-0.00015396995164149792,-0.00015396995164149792,-0.0005671605189792343,-0.0005671605189792343
2020-01-20,-0.00826321718444469,-0.00826321718444469,0.0,0.0,Bull,False,-0.006250906658618808,-0.006250906658618808,-0.0007587521360160218,-0.0007587521360160218
2020-01-21,-0.003595703880002329,-0.003595703880002329,0.0,0.0,Bull,False,-0.0026866360316416095,-0.0026866360316416095,-0.0024424795595421314,-0.0024424795595421314
2020-01-22,-0.004114658434477274,-0.004114658434477274,0.0,0.0,Bull,False,-0.0031047054276505406,-0.0031047054276505406,-0.0001596177179021877,-0.0001596177179021877
2020-01-23,0.004834631503005241,0.004834631503005241,0.0,0.0,Bull,False,0.0036298598506800087,0.0036298598506800087,0.001215523369972537,0.001215523369972537
2020-01-24,0.004490418276180833,0.004490418276180833,0.0,0.0,Bull,False,0.0033511625982694014,0.0033511625982694014,0.003680232115456948,0.003680232115456948
2020-01-27,-0.004189094514925802,-0.004390094704625924,0.00020184574058489043,0.4036914811697808,Bear,True,-0.006331516747290399,-0.006332394414053866,0.0007197499129512437,0.000715943550248177
2020-01-28,-0.002087894097455078,-0.002087894097455078,0.0,0.0,Bear,False,-0.0031197002995192406,-0.0031197002995192406,-0.0029452601243856653,-0.0029452601243856653
2020-01-29,0.002420202618606901,0.002420202618606901,0.0,0.0,Bear,False,0.0036487198309621454,0.0036487198309621454,0.0009754412120680865,0.0009754412120680865
2020-01-30,-0.0030491183134728184,-0.0030491183134728184,0.0,0.0,Bear,False,-0.004616910338137488,-0.004616910338137488,0.0004637318897844334,0.0004637318897844334
2020-01-31,-0.0009366602874995927,-0.0009366602874995927,0.0,0.0,Bear,False,-0.0026464220483787657,-0.0026464220483787657,-0.0017458991687231422,-0.0017458991687231422
2020-02-03,-0.00836422737355791,-0.00836422737355791,0.0,0.0,Bear,False,-0.012616699155606328,-0.012616699155606328,-0.006557946565035235,-0.006557946565035235
2020-02-04,0.0089964378346955,0.0089964378346955,0.0,0.0,Bear,False,0.013660145047006642,0.013660145047006642,0.004327570074885833,0.004327570074885833
2020-02-05,0.0035829478313684606,0.0035829478313684606,0.0,0.0,Bear,False,0.005430095978580173,0.005430095978580173,0.0004397463101285825,0.0004397463101285825
2020-02-06,0.0016188639051997274,0.0016188639051997274,0.0,0.0,Bear,False,0.0024069085495286575,0.0024069085495286575,0.003887367040851188,0.003887367040851188
2020-02-07,-0.001287468516686485,-0.001287468516686485,0.0,0.0,Bear,False,-0.001948493971654358,-0.001948493971654358,5.2237580902926356e-05,5.2237580902926356e-05
2020-02-10,-0.0021787714072762634,-0.0021787714072762634,0.0,0.0,Bear,False,-0.00329967867808623,-0.00329967867808623,0.0005316582520082478,0.0005316582520082478
2020-02-11,0.002499752245620775,0.002499752245620775,0.0,0.0,Bear,False,0.0037789877238003197,0.0037789877238003197,0.0008550157113274741,0.0008550157113274741
2020-02-12,0.0030520997095426837,0.0030520997095426837,0.0,0.0,Bear,False,0.0045975084523466134,0.0045975084523466134,0.001972258685895926,0.001972258685895926
2020-02-13,-0.0008476571676792404,-0.0008476571676792404,0.0,0.0,Bear,False,-0.0012983089133284623,-0.0012983089133284623,0.001066746803447588,0.001066746803447588
2020-02-14,-0.0020075251644091404,-0.0020075251644091404,0.0,0.0,Bear,False,-0.0030058460104988535,-0.0030058460104988535,-0.002596797813279934,-0.002596797813279934
2020-02-17,-0.0022159898960176705,-0.0022159898960176705,0.0,0.0,Bear,False,-0.0033366729718098133,-0.0033366729718098133,-0.0010895787339823694,-0.0010895787339823694
2020-02-18,-0.0017346007480256306,-0.0017346007480256306,0.0,0.0,Bear,False,-0.0026345014820693922,-0.0026345014820693922,0.0005266903654925453,0.0005266903654925453
2020-02-19,0.0044271932132008964,0.0044271932132008964,0.0,0.0,Bear,False,0.006611128371666776,0.006611128371666776,0.008990221901957661,0.008990221901957661
2020-02-20,-0.0014610474036734812,-0.0014610474036734812,0.0,0.0,Bear,False,-0.002213981601728132,-0.002213981601728132,-0.0001851185783722304,-0.0001851185783722304
2020-02-24,-0.008118474038721065,-0.008118474038721065,0.0,0.0,Bear,False,-0.012407081587484685,-0.012407081587484685,0.009636481562361604,0.009636481562361604
2020-02-25,-0.0011290421885382777,-0.0011290421885382777,0.0,0.0,Bear,False,-0.0015778738658393148,-0.0015778738658393148,-0.011374741874527493,-0.011374741874527493
2020-02-26,-0.0009764956446902275,-0.001100029597443708,0.00012365470103050508,0.24730940206101015,Crisis,True,-0.006068310764330942,-0.0060730913920774565,-0.0026579122733425557,-0.002666134804683362
2020-02-27,-0.001510447057952476,-0.001510447057952476,0.0,0.0,Crisis,False,-0.0023127585724893713,-0.0023127585724893713,-0.0025302273887405353,-0.0025302273887405353
2020-02-28,-0.004391841832777218,-0.004391841832777218,0.0,0.0,Crisis,False,-0.02134754993229491,-0.02134754993229491,-0.011693999373577303,-0.011693999373577303
2020-03-02,-0.003071636606928567,-0.003071636606928567,0.0,0.0,Crisis,False,-0.003549818240800435,-0.003549818240800435,-0.0050073236425982525,-0.0050073236425982525
2020-03-03,0.0027950582528080917,0.0027950582528080917,0.0,0.0,Crisis,False,0.008969386064228393,0.008969386064228393,0.005744812365924558,0.005744812365924558
2020-03-04,0.005921810610044227,0.005921810610044227,0.0,0.0,Crisis,False,-0.0027260484417455594,-0.0027260484417455594,0.007366136444498624,0.007366136444498624
2020-03-05,-0.00017220179608795486,-0.00017220179608795486,0.0,0.0,Crisis,False,0.0009407874849930432,0.0009407874849930432,-2.5830382029101728e-05,-2.5830382029101728e-05
2020-03-06,0.0031977950176057747,0.0031977950176057747,0.0,0.0,Crisis,False,-0.014597209221706983,-0.014597209221706983,0.0011036766619580383,0.0011036766619580383
2020-03-09,-0.010760696099663089,-0.010760696099663089,0.0,0.0,Crisis,False,-0.02851301807627145,-0.02851301807627145,-0.02061752402344898,-0.02061752402344898
2020-03-11,-0.0017914850643450401,-0.0017914850643450401,0.0,0.0,Crisis,False,0.00038343172688742953,0.00038343172688742953,-0.002359821252891163,-0.002359821252891163
2020-03-12,-0.01263430807216404,-0.01263430807216404,0.0,0.0,Crisis,False,-0.04734108072400872,-0.04734108072400872,-0.027324730598511506,-0.027324730598511506
2020-03-13,-0.004413515416643218,-0.004413515416643218,0.0,0.0,Crisis,False,0.02089334898975649,0.02089334898975649,-0.0017139944025507045,-0.0017139944025507045
2020-03-16,-0.016422769429116753,-0.016422769429116753,0.0,0.0,Crisis,False,-0.042484455123518144,-0.042484455123518144,-0.03172978227542679,-0.03172978227542679
2020-03-17,-0.008923851035771624,-0.008923851035771624,0.0,0.0,Crisis,False,-0.013487114722313218,-0.013487114722313218,-0.015345308539638525,-0.015345308539638525
2020-03-18,-0.0023861808166548253,-0.0023861808166548253,0.0,0.0,Crisis,False,-0.029576273118674647,-0.029576273118674647,-0.009637855794886916,-0.009637855794886916
2020-03-19,-0.0043761127899282735,-0.0043761127899282735,0.0,0.0,Crisis,False,-0.012554272770567526,-0.012554272770567526,-0.00882752025298535,-0.00882752025298535
2020-03-20,0.012886195985588406,0.012886195985588406,0.0,0.0,Crisis,False,0.029853782542102598,0.029853782542102598,0.024553139534606114,0.024553139534606114
2020-03-23,-0.022753383381517472,-0.022753383381517472,0.0,0.0,Crisis,False,-0.0682730359721175,-0.0682730359721175,-0.04628510884906091,-0.04628510884906091
2020-03-24,0.012410437861564528,0.012410437861564528,0.0,0.0,Crisis,False,0.012310773270447247,0.012310773270447247,0.020427298246058986,0.020427298246058986
2020-03-25,0.011204205127944298,0.011204205127944298,0.0,0.0,Crisis,False,0.03295312277159885,0.03295312277159885,0.0227034668386182,0.0227034668386182
2020-03-26,0.0024187186766410048,0.0024187186766410048,0.0,0.0,Crisis,False,0.01997574208022943,0.01997574208022943,0.007501391315696264,0.007501391315696264
2020-03-27,0.009879537235624626,0.009818361555487432,6.057720538094786e-05,0.12115441076189572,Crisis,True,0.0013093506583588433,0.0012707934486966277,0.01389118019059047,0.013858946140960393
2020-03-30,0.010584413088664247,0.010584413088664247,0.0,0.0,Crisis,False,-0.026291045397584152,-0.026291045397584152,-0.00036811880185777697,-0.00036811880185777697
2020-03-31,-0.009011309121972148,-0.009011309121972148,0.0,0.0,Crisis,False,0.02321739289197616,0.02321739289197616,-0.001117190054092815,-0.001117190054092815
2020-04-01,0.00020193412144328546,0.00020193412144328546,0.0,0.0,Crisis,False,-0.023938384037896384,-0.023938384037896384,-0.012836118130874829,-0.012836118130874829
2020-04-03,0.003701679515555324,0.003701679515555324,0.0,0.0,Crisis,False,-0.012121907248833965,-0.012121907248833965,-0.0015657648191197467,-0.0015657648191197467
2020-04-07,0.005893273592774895,0.005893273592774895,0.0,0.0,Crisis,False,0.05112824034017125,0.05112824034017125,0.035387515686855366,0.035387515686855366
2020-04-08,0.0008075802842670437,0.0008075802842670437,0.0,0.0,Crisis,False,-0.002979594559786972,-0.002979594559786972,-0.0005645254757674907,-0.0005645254757674907
2020-04-09,0.006660916929455268,0.006660916929455268,0.0,0.0,Crisis,False,0.0250118286738409,0.0250118286738409,0.02235796464595767,0.02235796464595767
2020-04-13,0.011248563786822985,0.011248563786822985,0.0,0.0,Crisis,False,-0.007932296109714437,-0.007932296109714437,0.010305078285951334,0.010305078285951334
2020-04-15,0.0011777470543357835,0.0011777470543357835,0.0,0.0,Crisis,False,-0.00464296021628265,-0.00464296021628265,-0.0009472603393606226,-0.0009472603393606226
2020-04-16,0.0038484911838210134,0.0038484911838210134,0.0,0.0,Crisis,False,0.004589116438142165,0.004589116438142165,0.0074669804239909775,0.0074669804239909775
2020-04-17,-0.005114378306824226,-0.005114378306824226,0.0,0.0,Crisis,False,0.018572056801406344,0.018572056801406344,0.003176012845680687,0.003176012845680687
2020-04-20,-0.006041925488406009,-0.006041925488406009,0.0,0.0,Crisis,False,-0.0003373111221895533,-0.0003373111221895533,-0.007940101748413458,-0.007940101748413458
2020-04-21,0.003291821129683727,0.003291821129683727,0.0,0.0,Crisis,False,-0.01865319544099953,-0.01865319544099953,-0.005875766532247519,-0.005875766532247519
2020-04-22,0.0036673075971087594,0.0036673075971087594,0.0,0.0,Crisis,False,0.013950109460399833,0.013950109460399833,0.012259809019935133,0.012259809019935133
2020-04-23,7.481417533099258e-06,7.481417533099258e-06,0.0,0.0,Crisis,False,0.008467937517417938,0.008467937517417938,0.00454569500971482,0.00454569500971482
2020-04-24,0.0005230168733871597,0.0005230168733871597,0.0,0.0,Crisis,False,-0.010573910545998828,-0.010573910545998828,-0.005024591233629295,-0.005024591233629295
2020-04-27,-0.0008569391697878124,-0.0008569391697878124,0.0,0.0,Crisis,False,0.008565589114983544,0.008565589114983544,0.003489938792941991,0.003489938792941991
2020-04-28,0.0007848337220552896,0.0007848337220552896,0.0,0.0,Crisis,False,0.006550386652852386,0.006550386652852386,0.004537532027832844,0.004537532027832844
2020-04-29,-0.0020184163307512067,-0.0020184163307512067,0.0,0.0,Crisis,False,0.01138580068323103,0.01138580068323103,0.0035464216315182692,0.0035464216315182692
2020-04-30,0.0023839210510950724,0.0023839210510950724,0.0,0.0,Crisis,False,0.020564795352570678,0.020564795352570678,0.013005169687732814,0.013005169687732814
2020-05-04,-0.0008667493369182094,-0.0008824579327948445,1.5722223103086325e-05,0.03144444620617265,Crisis,True,-0.03446690340788101,-0.03448161511729386,-0.017895442394722773,-0.01791001307438922
2020-05-05,-0.007275121208028812,-0.007275121208028812,0.0,0.0,Crisis,False,-0.005539905579312498,-0.005539905579312498,-0.012513556668747088,-0.012513556668747088
2020-05-06,-0.0008557877996272229,-0.0008557877996272229,0.0,0.0,Crisis,False,0.004138496329829379,0.004138496329829379,0.0008230185968201938,0.0008230185968201938
2020-05-07,-0.0020089967900587197,-0.0020089967900587197,0.0,0.0,Crisis,False,-0.004534828779370179,-0.004534828779370179,-0.0049227818290812336,-0.0049227818290812336
2020-05-08,0.0028411461483286073,0.0028411461483286073,0.0,0.0,Crisis,False,0.0033254591702972223,0.0033254591702972223,0.0054841317436874785,0.0054841317436874785
2020-05-11,-0.002059809532941289,-0.002059809532941289,0.0,0.0,Crisis,False,-0.0007813265198427572,-0.0007813265198427572,-0.0031729712303834702,-0.0031729712303834702
2020-05-12,0.0002850478741771208,0.0002850478741771208,0.0,0.0,Crisis,False,-0.002693195099663064,-0.002693195099663064,-0.0009198539423360485,-0.0009198539423360485
2020-05-13,-0.0010062815949542481,-0.0010062815949542481,0.0,0.0,Crisis,False,0.011854005521854215,0.011854005521854215,0.0043472265971922636,0.0043472265971922636
2020-05-14,0.0023182041411325986,0.0023182041411325986,0.0,0.0,Crisis,False,-0.01508673543895933,-0.01508673543895933,-0.0041855677876529605,-0.0041855677876529605
2020-05-15,0.001817382249814415,0.001817382249814415,0.0,0.0,Crisis,False,-0.0003754380421181515,-0.0003754380421181515,0.0023031987553107165,0.0023031987553107165
2020-05-18,0.003368655103310705,0.003368655103310705,0.0,0.0,Crisis,False,-0.019961634826020033,-0.019961634826020033,-0.004958565329276096,-0.004958565329276096
2020-05-19,-0.006716318888514407,-0.006716318888514407,0.0,0.0,Crisis,False,0.003627418437527117,0.003627418437527117,-0.0075392836580995964,-0.0075392836580995964
2020-05-20,0.0036227105041412694,0.0036227105041412694,0.0,0.0,Crisis,False,0.012126666131522431,0.012126666131522431,0.010786292952999594,0.010786292952999594
2020-05-21,-0.002525689146766799,-0.002525689146766799,0.0,0.0,Crisis,False,0.0025425403241599183,0.0025425403241599183,-0.002250734048871314,-0.002250734048871314
2020-05-22,0.0010811038264628996,0.0010811038264628996,0.0,0.0,Crisis,False,-0.0042772048204571585,-0.0042772048204571585,-0.0005651184302453646,-0.0005651184302453646
2020-05-26,-0.0026897812059762773,-0.0026897812059762773,0.0,0.0,Crisis,False,-0.0006492054967258364,-0.0006492054967258364,-0.004005164364895233,-0.004005164364895233
2020-05-27,-0.00235035878734642,-0.00235035878734642,0.0,0.0,Crisis,False,0.01832009246806249,0.01832009246806249,0.005571802755863259,0.005571802755863259
2020-05-28,0.0037861703613700443,0.0037861703613700443,0.0,0.0,Crisis,False,0.011027960497927458,0.011027960497927458,0.010504328165991344,0.010504328165991344
2020-05-29,0.0004346643876224753,0.0004346643876224753,0.0,0.0,Crisis,False,0.006365562358085975,0.006365562358085975,0.002144525375407536,0.002144525375407536
2020-06-01,0.002094590364330166,0.002094590364330166,0.0,0.0,Crisis,False,0.015208238391079964,0.015208238391079964,0.010251562201506987,0.010251562201506987
2020-06-02,0.00030691367060549515,0.00030691367060549515,0.0,0.0,Crisis,False,0.009315873606309625,0.009315873606309625,0.004988471237588917,0.004988471237588917
2020-06-03,0.0016208716952873863,0.0015002284666301158,0.00012044799790684615,0.2408959958136923,Bear,True,0.0049611414426201424,0.004959913309539932,0.0003288794400143624,0.0003244493466036946
2020-06-04,-0.0006529367682912364,-0.0006529367682912364,0.0,0.0,Bear,False,-0.0019452077424503666,-0.0019452077424503666,-0.0016531511062600757,-0.0016531511062600757
2020-06-05,0.0022582806865822386,0.0022582806865822386,0.0,0.0,Bear,False,0.006776880178759152,0.006776880178759152,0.006861246343653975,0.006861246343653975
2020-06-08,0.00047368697961509365,0.00047368697961509365,0.0,0.0,Bear,False,0.0015101315717312848,0.0015101315717312848,-0.003503432127375267,-0.003503432127375267
2020-06-09,-0.0023604675291590614,-0.0023604675291590614,0.0,0.0,Bear,False,-0.007181809651651686,-0.007181809651651686,-0.0011996108617724406,-0.0011996108617724406
2020-06-10,0.0013863696628285175,0.0013863696628285175,0.0,0.0,Bear,False,0.004161814673759709,0.004161814673759709,0.004018140932593284,0.004018140932593284
2020-06-11,-0.004194784819598611,-0.004194784819598611,0.0,0.0,Bear,False,-0.01277065289635379,-0.01277065289635379,-0.002929996333196209,-0.002929996333196209
2020-06-12,0.0014094691134644056,0.0014094691134644056,0.0,0.0,Bear,False,0.00428277048458734,0.00428277048458734,0.002929405220002344,0.002929405220002344
2020-06-15,-0.003174604749200229,-0.003174604749200229,0.0,0.0,Bear,False,-0.00957555063841377,-0.00957555063841377,-0.008434047659241124,-0.008434047659241124
2020-06-16,0.0020183552970015808,0.0020183552970015808,0.0,0.0,Bear,False,0.00609114440670813,0.00609114440670813,0.006937307882217638,0.006937307882217638
2020-06-17,-0.0006706746585895133,-0.0006706746585895133,0.0,0.0,Bear,False,-0.0019866417708075046,-0.0019866417708075046,-0.0027104906474503844,-0.0027104906474503844
2020-06-18,0.004185339559733077,0.004185339559733077,0.0,0.0,Bear,False,0.012731431213009731,0.012731431213009731,0.00856475289980468,0.00856475289980468
2020-06-19,0.003017464176623612,0.003017464176623612,0.0,0.0,Bear,False,0.009126205178415064,0.009126205178415064,0.004257279645241382,0.004257279645241382
2020-06-22,0.0013484226390763512,0.0013484226390763512,0.0,0.0,Bear,False,0.003953307053057547,0.003953307053057547,0.006594957758444206,0.006594957758444206
2020-06-23,0.003129773842012621,0.003129773842012621,0.0,0.0,Bear,False,0.009416244032913065,0.009416244032913065,0.004674196346122092,0.004674196346122092
2020-06-24,-0.003210832228867221,-0.003210832228867221,0.0,0.0,Bear,False,-0.009672979340009425,-0.009672979340009425,-0.0016064702329310412,-0.0016064702329310412
2020-06-25,-0.000346102591118166,-0.000346102591118166,0.0,0.0,Bear,False,-0.0009670551747800278,-0.0009670551747800278,-0.003620649543257,-0.003620649543257
2020-06-26,0.0018519315830979,0.0018519315830979,0.0,0.0,Bear,False,0.005554320451911319,0.005554320451911319,0.0032419060214942015,0.0032419060214942015
2020-06-29,-0.0013837388342196725,-0.0013837388342196725,0.0,0.0,Bear,False,-0.004147871310389665,-0.004147871310389665,-0.0010424914498085196,-0.0010424914498085196
2020-06-30,0.001291660622816178,0.001291660622816178,0.0,0.0,Bear,False,0.00012652343668144298,0.00012652343668144298,0.0012243119834081922,0.0012243119834081922
2020-07-01,0.002535705189325385,0.002535705189325385,0.0,0.0,Bear,False,0.007540996299085222,0.007540996299085222,0.007263825092017271,0.007263825092017271
2020-07-02,0.006267290705486249,0.00609464378729907,0.00017157162891187793,0.3431432578237558,Bull,True,0.006998071508939185,0.006992978808687322,-0.0020036423518803304,-0.0020082506217892204
2020-07-03,0.0028849132758929303,0.0028849132758929303,0.0,0.0,Bull,False,0.0031790460964938195,0.0031790460964938195,0.0014713597335232725,0.0014713597335232725
2020-07-06,0.008096040728447837,0.008096040728447837,0.0,0.0,Bull,False,0.008896543979728963,0.008896543979728963,0.005537396016193607,0.005537396016193607
2020-07-07,0.0018707080311970922,0.0018707080311970922,0.0,0.0,Bull,False,0.0020359659102937183,0.0020359659102937183,0.002305179044135051,0.002305179044135051
2020-07-08,-0.004745918961519567,-0.004745918961519567,0.0,0.0,Bull,False,-0.005289263847980057,-0.005289263847980057,0.0015612655966831626,0.0015612655966831626
2020-07-09,0.005584313096859032,0.005584313096859032,0.0,0.0,Bull,False,0.006098843908195895,0.006098843908195895,0.005870451365251531,0.005870451365251531
2020-07-10,-0.002340400595070663,-0.002340400595070663,0.0,0.0,Bull,False,-0.002555347494738024,-0.002555347494738024,-0.002422823584582259,-0.002422823584582259
2020-07-13,0.0017859164545905011,0.0017859164545905011,0.0,0.0,Bull,False,0.0019552833677603737,0.0019552833677603737,0.0015532999388337303,0.0015532999388337303
2020-07-14,-0.010027865448714821,-0.010027865448714821,0.0,0.0,Bull,False,-0.011001906497003637,-0.011001906497003637,-0.0072278168276262485,-0.0072278168276262485
2020-07-15,0.0005733234036922753,0.0005733234036922753,0.0,0.0,Bull,False,0.0006178897174460711,0.0006178897174460711,0.0011146320507540335,0.0011146320507540335
2020-07-16,0.006287744212248687,0.006287744212248687,0.0,0.0,Bull,False,0.006928807308904731,0.006928807308904731,0.0030919242856032514,0.0030919242856032514
2020-07-17,0.008288999847696581,0.008288999847696581,0.0,0.0,Bull,False,0.009141869919140394,0.009141869919140394,0.003273444429869645,0.003273444429869645
2020-07-20,0.0061619715218390846,0.0061619715218390846,0.0,0.0,Bull,False,0.006744802697525368,0.006744802697525368,0.005246301885956767,0.005246301885956767
2020-07-21,0.007123975858528611,0.007123975858528611,0.0,0.0,Bull,False,0.007795106476246914,0.007795106476246914,0.0058384707730034305,0.0058384707730034305
2020-07-22,-0.001426661351574299,-0.001426661351574299,0.0,0.0,Bull,False,-0.0016406556358842005,-0.0016406556358842005,0.0037596644776157185,0.0037596644776157185
2020-07-23,0.004245224527696145,0.004245224527696145,0.0,0.0,Bull,False,0.004580950277395717,0.004580950277395717,0.007242028364112077,0.007242028364112077
2020-07-24,-0.0010172489201157192,-0.0010172489201157192,0.0,0.0,Bull,False,-0.0011684189636451269,-0.0011684189636451269,0.0024871482234490533,0.0024871482234490533
2020-07-27,-0.0029643728641485095,-0.0029643728641485095,0.0,0.0,Bull,False,-0.0034396817995193045,-0.0034396817995193045,0.00949137360289215,0.00949137360289215
2020-07-28,0.008452389466694743,0.008452389466694743,0.0,0.0,Bull,False,0.009330888100329933,0.009330888100329933,0.0018893060996724286,0.0018893060996724286
2020-07-29,-0.0048196563638436205,-0.0048196563638436205,0.0,0.0,Bull,False,-0.005348412691552087,-0.005348412691552087,0.0007939099601735924,0.0007939099601735924
2020-07-30,-0.005051938954842164,-0.005051938954842164,0.0,0.0,Bull,False,-0.0055462667959650545,-0.0055462667959650545,-0.0028381511856309183,-0.0028381511856309183
2020-07-31,-0.0004191280491331813,-0.0004268453018062557,7.720488546502012e-06,0.015440977093004026,Bull,True,-0.0007280210701051447,-0.0007354604725355873,0.004049015166056083,0.004041198604119778
2020-08-03,-0.008918540432569972,-0.008918540432569972,0.0,0.0,Bull,False,-0.009839050766033367,-0.009839050766033367,-0.004371454483026057,-0.004371454483026057
2020-08-04,0.010092052166658238,0.010092052166658238,0.0,0.0,Bull,False,0.0111275330451688,0.0111275330451688,0.005904968521011558,0.005904968521011558
2020-08-05,0.000448950237159337,0.000448950237159337,0.0,0.0,Bull,False,0.0003457444240143687,0.0003457444240143687,0.009092535497880085,0.009092535497880085
2020-08-06,0.004867248392588942,0.004867248392588942,0.0,0.0,Bull,False,0.005315031917029395,0.005315031917029395,0.0056634590205138615,0.0056634590205138615
2020-08-07,0.0007072209469334366,0.0007072209469334366,0.0,0.0,Bull,False,0.0007466084342943203,0.0007466084342943203,0.0023035854101314287,0.0023035854101314287
2020-08-10,0.0026573349743369465,0.0026573349743369465,0.0,0.0,Bull,False,0.0030152032512968385,0.0030152032512968385,-0.0037407248133150025,-0.0037407248133150025
2020-08-11,0.0024280574499148033,0.0024280574499148033,0.0,0.0,Bull,False,0.0028014198498618136,0.0028014198498618136,-0.006187670001887797,-0.006187670001887797
2020-08-12,-0.0008570275943694013,-0.0008570275943694013,0.0,0.0,Bull,False,-0.0007524140503484233,-0.0007524140503484233,-0.011873290444862655,-0.011873290444862655
2020-08-13,-0.00035737064621644003,-0.00035737064621644003,0.0,0.0,Bull,False,-0.0004285576839041549,-0.0004285576839041549,0.001976506474580051,0.001976506474580051
2020-08-14,-0.005888463541767603,-0.005888463541767603,0.0,0.0,Bull,False,-0.006516801836601543,-0.006516801836601543,-0.0012946543700503592,-0.0012946543700503592
2020-08-17,0.0033338441141842587,0.0033338441141842587,0.0,0.0,Bull,False,0.0036904765360598795,0.0036904765360598795,0.00084084865729794,0.00084084865729794
2020-08-18,0.006856800317913144,0.006856800317913144,0.0,0.0,Bull,False,0.007407432083952806,0.007407432083952806,0.012430350603932255,0.012430350603932255
2020-08-19,0.001069091004561608,0.001069091004561608,0.0,0.0,Bull,False,0.0012259790168710062,0.0012259790168710062,-0.002352633814004599,-0.002352633814004599
2020-08-20,-0.004771015296618747,-0.004771015296618747,0.0,0.0,Bull,False,-0.005106277774068122,-0.005106277774068122,-0.011339097022050616,-0.011339097022050616
2020-08-21,0.0028878757200144984,0.0028878757200144984,0.0,0.0,Bull,False,0.0031715440552331545,0.0031715440552331545,0.0020682803513010104,0.0020682803513010104
2020-08-24,0.004563437933212218,0.004563437933212218,0.0,0.0,Bull,False,0.005044426649333657,0.005044426649333657,0.001265495472876994,0.001265495472876994
2020-08-25,0.0002234585404320251,0.0002234585404320251,0.0,0.0,Bull,False,0.00031109289484151166,0.00031109289484151166,-0.0038881898696767688,-0.0038881898696767688
2020-08-26,0.003712569018943767,0.003712569018943767,0.0,0.0,Bull,False,0.0040949741382546945,0.0040949741382546945,0.0013911802336069494,0.0013911802336069494
2020-08-27,0.0004896077204100519,0.0004896077204100519,0.0,0.0,Bull,False,0.0005088187868419289,0.0005088187868419289,0.00207663571647666,0.00207663571647666
2020-08-28,0.004243748228657314,0.004243748228657314,0.0,0.0,Bull,False,0.004655881925286299,0.004655881925286299,0.002999654939293485,0.002999654939293485
2020-08-31,-0.011391114853200301,-0.011396770187678706,5.720497320419023e-06,0.011440994640838045,Bull,True,-0.012730082995998714,-0.012735495768893657,-0.005112762810629223,-0.005119755034286189
2020-09-01,0.0039299059420831225,0.0039299059420831225,0.0,0.0,Bull,False,0.004317644844095823,0.004317644844095823,0.003271794039721854,0.003271794039721854
2020-09-02,0.0030008694771116403,0.0030008694771116403,0.0,0.0,Bull,False,0.003363934982141699,0.003363934982141699,-0.001549695953794737,-0.001549695953794737
2020-09-03,-0.00041750576961448,-0.00041750576961448,0.0,0.0,Bull,False,-0.0003909174439477997,-0.0003909174439477997,-0.004369899974376308,-0.004369899974376308
2020-09-04,-0.009072004471363403,-0.009072004471363403,0.0,0.0,Bull,False,-0.01002826513521127,-0.01002826513521127,-0.003498149796565161,-0.003498149796565161
2020-09-07,0.0010138615311895943,0.0010138615311895943,0.0,0.0,Bull,False,0.0011132617955768118,0.0011132617955768118,0.0008411557148543957,0.0008411557148543957
2020-09-08,-0.0017792296573237558,-0.0017792296573237558,0.0,0.0,Bull,False,-0.0019704105804957644,-0.0019704105804957644,-0.0005674459270963393,-0.0005674459270963393
2020-09-09,-0.0018550768330939898,-0.0018550768330939898,0.0,0.0,Bull,False,-0.0020606780201755637,-0.0020606780201755637,-0.00024185571938979493,-0.00024185571938979493
2020-09-10,0.00817467548209124,0.00817467548209124,0.0,0.0,Bull,False,0.00898260925362636,0.00898260925362636,0.007045996247633207,0.007045996247633207
2020-09-11,0.000716152721932621,0.000716152721932621,0.0,0.0,Bull,False,0.0007945236648051674,0.0007945236648051674,6.899972902014225e-05,6.899972902014225e-05
2020-09-14,-0.0011708204450036823,-0.0011708204450036823,0.0,0.0,Bull,False,-0.0012720097198393049,-0.0012720097198393049,-0.0017435654205056907,-0.0017435654205056907
2020-09-15,0.003923621289114858,0.003923621289114858,0.0,0.0,Bull,False,0.004257776834001914,0.004257776834001914,0.0062972094573837895,0.0062972094573837895
2020-09-16,0.003866942071223028,0.003866942071223028,0.0,0.0,Bull,False,0.0042836275476698955,0.0042836275476698955,0.001034127375046214,0.001034127375046214
2020-09-17,-0.004188186374346938,-0.004188186374346938,0.0,0.0,Bull,False,-0.004563383473650845,-0.004563383473650845,-0.005480048246860785,-0.005480048246860785
2020-09-18,-0.0004819865702901638,-0.0004819865702901638,0.0,0.0,Bull,False,-0.000573908507371719,-0.000573908507371719,0.002206166804379664,0.002206166804379664
2020-09-21,-0.012009513564207989,-0.012009513564207989,0.0,0.0,Bull,False,-0.013192941835357597,-0.013192941835357597,-0.009663917314525676,-0.009663917314525676
2020-09-22,-0.004704542876078148,-0.004704542876078148,0.0,0.0,Bull,False,-0.005096297864423711,-0.005096297864423711,-0.008341984578907067,-0.008341984578907067
2020-09-23,-0.001075362269576863,-0.001075362269576863,0.0,0.0,Bull,False,-0.0011515495688650167,-0.0011515495688650167,-0.002747735933694099,-0.002747735933694099
2020-09-24,-0.01570537742973332,-0.01570537742973332,0.0,0.0,Bull,False,-0.01725550975213279,-0.01725550975213279,-0.014240655477791561,-0.014240655477791561
2020-09-25,0.011946627453169512,0.011946627453169512,0.0,0.0,Bull,False,0.013171649022338187,0.013171649022338187,0.009265059471355197,0.009265059471355197
2020-09-28,0.00848893865241197,0.00848893865241197,0.0,0.0,Bull,False,0.009412577169926854,0.009412577169926854,0.0028580580847548617,0.0028580580847548617
2020-09-29,-4.187865299389959e-05,-0.00021210701580132163,0.00017023549204049082,0.34047098408098164,Bear,True,-0.0002751845675367237,-0.0002798083753224878,0.006312140280044157,0.0063076064435589885
2020-09-30,0.0021025391978755493,0.0021025391978755493,0.0,0.0,Bear,False,0.002173753046472479,0.002173753046472479,0.0016580517691778698,0.0016580517691778698
2020-10-01,0.0029689455402884405,0.0029689455402884405,0.0,0.0,Bear,False,0.009035603621289169,0.009035603621289169,0.004378632585825885,0.004378632585825885
2020-10-05,0.0015167396369138316,0.0015167396369138316,0.0,0.0,Bear,False,0.004567168872456494,0.004567168872456494,0.0031418903865434774,0.0031418903865434774
2020-10-06,0.002804188025172578,0.002804188025172578,0.0,0.0,Bear,False,0.008369376380747124,0.008369376380747124,0.007908342528509605,0.007908342528509605
2020-10-07,0.0012858844110629443,0.0012858844110629443,0.0,0.0,Bear,False,0.003985275326970505,0.003985275326970505,-0.0027486242998545902,-0.0027486242998545902
2020-10-08,0.0016692831253083446,0.0016692831253083446,0.0,0.0,Bear,False,0.004976787341155087,0.004976787341155087,0.0031617833943186793,0.0031617833943186793
2020-10-09,0.0014143538623833131,0.0014143538623833131,0.0,0.0,Bear,False,0.004121018350230948,0.004121018350230948,0.00531765542898988,0.00531765542898988
2020-10-12,0.0003045283407872247,0.0003045283407872247,0.0,0.0,Bear,False,0.0008586467374191312,0.0008586467374191312,0.003395309628945745,0.003395309628945745
2020-10-13,5.756963147670853e-05,5.756963147670853e-05,0.0,0.0,Bear,False,0.0001826837532033885,0.0001826837532033885,-0.0004195312452830813,-0.0004195312452830813
2020-10-14,0.0006097236330805827,0.0006097236330805827,0.0,0.0,Bear,False,0.0018847157668239545,0.0018847157668239545,-0.0031944007290292007,-0.0031944007290292007
2020-10-15,-0.0050302596833802175,-0.0050302596833802175,0.0,0.0,Bear,False,-0.014929446538527142,-0.014929446538527142,-0.007263793569359835,-0.007263793569359835
2020-10-16,0.0014411882564766216,0.0014411882564766216,0.0,0.0,Bear,False,0.0042803305024333846,0.0042803305024333846,0.003816789939899573,0.003816789939899573
2020-10-19,0.0019257088814362187,0.0019257088814362187,0.0,0.0,Bear,False,0.00574155703938848,0.00574155703938848,0.003426559399793173,0.003426559399793173
2020-10-20,0.0003993857884962775,0.0003993857884962775,0.0,0.0,Bear,False,0.0012217869919704846,0.0012217869919704846,8.340352032130637e-05,8.340352032130637e-05
2020-10-21,0.0007290080026793843,0.0007290080026793843,0.0,0.0,Bear,False,0.002105996736421701,0.002105996736421701,0.003795549881465035,0.003795549881465035
2020-10-22,-0.0007145338643272771,-0.0007145338643272771,0.0,0.0,Bear,False,-0.002119556595876365,-0.002119556595876365,-0.0011839281180953704,-0.0011839281180953704
2020-10-23,0.0005803288304463503,0.0005803288304463503,0.0,0.0,Bear,False,0.0017476699663322719,0.0017476699663322719,-6.886373414923398e-05,-6.886373414923398e-05
2020-10-26,-0.0028176689629498606,-0.0028176689629498606,0.0,0.0,Bear,False,-0.00836403340915014,-0.00836403340915014,-0.0054207794292267745,-0.0054207794292267745
2020-10-27,0.0021143059001423633,0.0021143059001423633,0.0,0.0,Bear,False,0.006313499173192613,0.006313499173192613,0.00329423151649942,0.00329423151649942
2020-10-28,-0.0027686124102912534,-0.0027686124102912534,0.0,0.0,Bear,False,-0.008241423273507386,-0.008241423273507386,-0.003934939889097947,-0.003934939889097947
2020-10-29,0.00042564723061708177,0.0004222846730179697,3.3611269445260958e-06,0.006722253889052191,Bear,True,-0.002292623873618282,-0.0022975918878340718,-0.003017808673363579,-0.003021620699083405
2020-10-30,-0.0004796420752850164,-0.0004796420752850164,0.0,0.0,Bear,False,-0.0014560431966466388,-0.0014560431966466388,-0.0010343356421672603,-0.0010343356421672603
2020-11-02,0.00046729138848401324,0.00046729138848401324,0.0,0.0,Bear,False,0.0013734772757063548,0.0013734772757063548,0.003014033096003091,0.003014033096003091
2020-11-03,0.002431273211190131,0.002431273211190131,0.0,0.0,Bear,False,0.0073973214727375836,0.0073973214727375836,0.005449407214886729,0.005449407214886729
2020-11-04,0.0015972125517405118,0.0015972125517405118,0.0,0.0,Bear,False,0.004835311096658942,0.004835311096658942,0.0029854904833957114,0.0029854904833957114
2020-11-05,0.0035547471962863023,0.0035547471962863023,0.0,0.0,Bear,False,0.010728314167412363,0.010728314167412363,0.006568141477419195,0.006568141477419195
2020-11-06,0.0024312161409127462,0.0024312161409127462,0.0,0.0,Bear,False,0.007179035918260268,0.007179035918260268,0.009099213831106451,0.009099213831106451
2020-11-09,0.0033112558450825763,0.0033112558450825763,0.0,0.0,Bear,False,0.009831261280229956,0.009831261280229956,0.007095027083175528,0.007095027083175528
2020-11-10,0.002713294420112288,0.002713294420112288,0.0,0.0,Bear,False,0.008375024950546052,0.008375024950546052,-0.00872826570090714,-0.00872826570090714
2020-11-11,0.001967398313521975,0.001967398313521975,0.0,0.0,Bear,False,0.0057684986047339595,0.0057684986047339595,0.004893440099054782,0.004893440099054782
2020-11-12,-0.0009612229144776348,-0.0009612229144776348,0.0,0.0,Bear,False,-0.0028349220294776765,-0.0028349220294776765,-0.001178665285728338,-0.001178665285728338
2020-11-13,0.0004948525841376877,0.0004948525841376877,0.0,0.0,Bear,False,0.0014242072208882784,0.0014242072208882784,0.0013943576157849282,0.0013943576157849282
2020-11-14,2.0447139782667594e-05,2.0447139782667594e-05,0.0,0.0,Bear,False,0.0,0.0,0.002692737127066909,0.002692737127066909
2020-11-17,0.0025398436650443117,0.0025398436650443117,0.0,0.0,Bear,False,0.0075047447236268805,0.0075047447236268805,0.002806308432263563,0.002806308432263563
2020-11-18,0.0010302605659398474,0.0010302605659398474,0.0,0.0,Bear,False,0.0030891161016502844,0.0030891161016502844,-0.0006287070362430165,-0.0006287070362430165
2020-11-19,-0.0027556944889452414,-0.0027556944889452414,0.0,0.0,Bear,False,-0.008014157903840167,-0.008014157903840167,-0.007118978975279318,-0.007118978975279318
2020-11-20,0.0014422671754061177,0.0014422671754061177,0.0,0.0,Bear,False,0.004239158223027656,0.004239158223027656,0.0022773395558902767,0.0022773395558902767
2020-11-23,0.001115984768682983,0.001115984768682983,0.0,0.0,Bear,False,0.0032571962125952196,0.0032571962125952196,0.0023749944830758884,0.0023749944830758884
2020-11-24,0.0020525605600334096,0.0020525605600334096,0.0,0.0,Bear,False,0.006195497386067361,0.006195497386067361,-0.004436090757749189,-0.004436090757749189
2020-11-25,-0.0032416645138828018,-0.0032416645138828018,0.0,0.0,Bear,False,-0.009418930568360177,-0.009418930568360177,-0.00618636208481983,-0.00618636208481983
2020-11-26,0.002144525280002202,0.002144525280002202,0.0,0.0,Bear,False,0.0062188312736834615,0.0062188312736834615,0.00550036987181512,0.00550036987181512
2020-11-27,0.001006498576644484,0.0009800691206396372,2.6402881542147005e-05,0.05280576308429401,Bear,True,-7.725334127530739e-05,-8.91293421523276e-05,-0.0006090035480048976,-0.000622563108342189
2020-12-01,0.0028325135385988895,0.0028325135385988895,0.0,0.0,Bear,False,0.006469019468602245,0.006469019468602245,-0.0006774438345566306,-0.0006774438345566306
2020-12-02,0.00012752775870006303,0.00012752775870006303,0.0,0.0,Bear,False,0.00021577019578995245,0.00021577019578995245,0.004318094596452511,0.004318094596452511
2020-12-03,0.0004258445711112461,0.0004258445711112461,0.0,0.0,Bear,False,0.0009248372687761288,0.0009248372687761288,0.002373060012891395,0.002373060012891395
2020-12-04,0.0025535904545397037,0.0025535904545397037,0.0,0.0,Bear,False,0.005719773937892404,0.005719773937892404,0.003108324817508331,0.003108324817508331
2020-12-07,0.00196344022969115,0.00196344022969115,0.0,0.0,Bear,False,0.004431701854948841,0.004431701854948841,0.00016454890496679642,0.00016454890496679642
2020-12-08,0.0007902246988405365,0.0007902246988405365,0.0,0.0,Bear,False,0.0016886055266309126,0.0016886055266309126,0.005410170033275734,0.005410170033275734
2020-12-09,0.0027503204141249922,0.0027503204141249922,0.0,0.0,Bear,False,0.006165717699930894,0.006165717699930894,0.0022176646728472704,0.0022176646728472704
2020-12-10,-0.0010527973105726796,-0.0010527973105726796,0.0,0.0,Bear,False,-0.0022839443602349014,-0.0022839443602349014,-0.005327324285684699,-0.005327324285684699
2020-12-11,0.0007247285206637378,0.0007247285206637378,0.0,0.0,Bear,False,0.0016047633407022968,0.0016047633407022968,0.0013632122620713947,0.0013632122620713947
2020-12-14,0.0008894942403770044,0.0008894942403770044,0.0,0.0,Bear,False,0.001996589485041967,0.001996589485041967,-2.7009172168711076e-05,-2.7009172168711076e-05
2020-12-15,0.0002114693399013626,0.0002114693399013626,0.0,0.0,Bear,False,0.00043626252172526193,0.00043626252172526193,0.0022396166053027158,0.0022396166053027158
2020-12-16,0.002355346512912341,0.002355346512912341,0.0,0.0,Bear,False,0.0051636279301800385,0.0051636279301800385,0.006807424455579249,0.006807424455579249
2020-12-17,0.001191408985022892,0.001191408985022892,0.0,0.0,Bear,False,0.0025942567443489077,0.0025942567443489077,0.004041041082050132,0.004041041082050132
2020-12-18,0.0004040166721925639,0.0004040166721925639,0.0,0.0,Bear,False,0.0008855471975857666,0.0008855471975857666,0.00095086818286269,0.00095086818286269
2020-12-21,-0.008692600741907072,-0.008692600741907072,0.0,0.0,Bear,False,-0.019262349513611048,-0.019262349513611048,-0.00755281477443595,-0.00755281477443595
2020-12-22,0.002772023894668708,0.002772023894668708,0.0,0.0,Bear,False,0.006263341548552402,0.006263341548552402,-3.4207243286827e-05,-3.4207243286827e-05
2020-12-23,0.0027285036343248667,0.0027285036343248667,0.0,0.0,Bear,False,0.006088356769866908,0.006088356769866908,0.0024816149360971014,0.0024816149360971014
2020-12-24,0.0030141930114038515,0.0030141930114038515,0.0,0.0,Bear,False,0.006654828444312011,0.006654828444312011,0.004866402576150622,0.004866402576150622
2020-12-28,0.0025004406855124684,0.0025004406855124684,0.0,0.0,Bear,False,0.005523713516530307,0.005523713516530307,0.004004090399584161,0.004004090399584161
2020-12-29,0.0011930699614157358,0.0011930699614157358,0.0,0.0,Bear,False,0.0026383387203094866,0.0026383387203094866,0.0002021831915053413,0.0002021831915053413
2020-12-30,0.0015010916640253377,0.001141842211531463,0.0003587109944102654,0.7174219888205308,Bull,True,0.0021252567641846464,0.0021170912270920272,0.000417584088905687,0.00041076256517458276
2020-12-31,0.0013507973941208201,0.0013507973941208201,0.0,0.0,Bull,False,0.0007420642577015094,0.0007420642577015094,0.0019185945596404803,0.0019185945596404803
2021-01-01,0.0021890370533446304,0.0021890370533446304,0.0,0.0,Bull,False,0.0015780918406038413,0.0015780918406038413,0.0013340013034201601,0.0013340013034201601
2021-01-04,0.010970842546220137,0.010970842546220137,0.0,0.0,Bull,False,0.004900666079918768,0.004900666079918768,0.008121915285789393,0.008121915285789393
2021-01-05,0.006606653645343557,0.006606653645343557,0.0,0.0,Bull,False,0.002841441128635592,0.002841441128635592,0.004968688738245501,0.004968688738245501
2021-01-06,-0.0009404259394789798,-0.0009404259394789798,0.0,0.0,Bull,False,-0.0022654491592152782,-0.0022654491592152782,0.0001730219360364367,0.0001730219360364367
2021-01-07,-0.006287610659037059,-0.006287610659037059,0.0,0.0,Bull,False,-0.0003795148412135097,-0.0003795148412135097,-0.005836983015614805,-0.005836983015614805
2021-01-08,0.005067058746198892,0.005067058746198892,0.0,0.0,Bull,False,0.008957673825526072,0.008957673825526072,0.0005925431072058349,0.0005925431072058349
2021-01-11,4.439422719650261e-06,4.439422719650261e-06,0.0,0.0,Bull,False,0.005813187074384648,0.005813187074384648,-0.002782845478314067,-0.002782845478314067
2021-01-12,0.005167975900504685,0.005167975900504685,0.0,0.0,Bull,False,0.003304022780253018,0.003304022780253018,0.003375745696430619,0.003375745696430619
2021-01-13,-0.0011861306350929403,-0.0011861306350929403,0.0,0.0,Bull,False,6.262731980241138e-05,6.262731980241138e-05,-0.001169727068713386,-0.001169727068713386
2021-01-14,-0.0014933993682754553,-0.0014933993682754553,0.0,0.0,Bull,False,0.0012881891723889231,0.0012881891723889231,-0.002064955176032864,-0.002064955176032864
2021-01-15,-0.004798172125392535,-0.004798172125392535,0.0,0.0,Bull,False,-0.006773618110246389,-0.006773618110246389,-0.0013429949964299543,-0.0013429949964299543
2021-01-18,-0.010839281601095142,-0.010839281601095142,0.0,0.0,Bull,False,-0.006419678284775465,-0.006419678284775465,-0.00732932652042444,-0.00732932652042444
2021-01-19,0.013099552449706158,0.013099552449706158,0.0,0.0,Bull,False,0.010168689501854091,0.010168689501854091,0.0076441064448961125,0.0076441064448961125
2021-01-20,0.0072198083628661,0.0072198083628661,0.0,0.0,Bull,False,0.005181275773717551,0.005181275773717551,0.004443549453914526,0.004443549453914526
2021-01-21,-0.0006740168253524012,-0.0006740168253524012,0.0,0.0,Bull,False,-0.002269290733877079,-0.002269290733877079,0.0004492951449287495,0.0004492951449287495
2021-01-22,-0.011327806151309839,-0.011327806151309839,0.0,0.0,Bull,False,-0.009137623487527986,-0.009137623487527986,-0.0065128490398988605,-0.0065128490398988605
2021-01-25,-0.00808385609479148,-0.00808385609479148,0.0,0.0,Bull,False,-0.005621114668497009,-0.005621114668497009,-0.005061575440556272,-0.005061575440556272
2021-01-27,-0.014401541326646505,-0.014401541326646505,0.0,0.0,Bull,False,-0.011522986095225457,-0.011522986095225457,-0.008235383112206738,-0.008235383112206738
2021-01-28,-0.007208870001919592,-0.007208870001919592,0.0,0.0,Bull,False,-0.006442995062863143,-0.006442995062863143,-0.0037668313104916406,-0.0037668313104916406
2021-01-29,-0.0077012383852624365,-0.007703281854319677,2.059328436488676e-06,0.004118656872977352,Bull,True,-0.007189713254166796,-0.007190926194900582,-0.0029227520226087584,-0.002925317961252727
2021-02-01,0.02808286155913827,0.02808286155913827,0.0,0.0,Bull,False,0.028280692339456143,0.028280692339456143,0.013208041365958885,0.013208041365958885
2021-02-02,0.013519569003691695,0.013519569003691695,0.0,0.0,Bull,False,0.015595282903011331,0.015595282903011331,0.005497649238731882,0.005497649238731882
2021-02-03,0.004634918832533803,0.004634918832533803,0.0,0.0,Bull,False,0.005951376910872596,0.005951376910872596,0.0016005109301428153,0.0016005109301428153
2021-02-04,0.00193541968873845,0.00193541968873845,0.0,0.0,Bull,False,0.004404619835245325,0.004404619835245325,-0.0002629460024193069,-0.0002629460024193069
2021-02-05,-0.000288389485746952,-0.000288389485746952,0.0,0.0,Bull,False,0.0011854848204243308,0.0011854848204243308,-0.0008624257042989297,-0.0008624257042989297
2021-02-08,0.009846535240131295,0.009846535240131295,0.0,0.0,Bull,False,0.007926633680294375,0.007926633680294375,0.0057000510790272,0.0057000510790272
2021-02-09,0.004172370370861445,0.004172370370861445,0.0,0.0,Bull,False,-0.0002669966343265874,-0.0002669966343265874,0.004216499253856441,0.004216499253856441
2021-02-10,-0.0008266488921971725,-0.0008266488921971725,0.0,0.0,Bull,False,-0.00011115446557066236,-0.00011115446557066236,-0.0007495663262231394,-0.0007495663262231394
2021-02-11,0.002980763728627719,0.002980763728627719,0.0,0.0,Bull,False,0.002744933768296225,0.002744933768296225,0.0015712258560408897,0.0015712258560408897
2021-02-12,-0.004802364685004735,-0.004802364685004735,0.0,0.0,Bull,False,-0.0004097945712926714,-0.0004097945712926714,-0.004506550239465416,-0.004506550239465416
2021-02-15,0.006690061525342411,0.006690061525342411,0.0,0.0,Bull,False,0.006206849350139606,0.006206849350139606,0.0034950180593472835,0.0034950180593472835
2021-02-16,0.001187179870868204,0.001187179870868204,0.0,0.0,Bull,False,-5.4778868795485033e-05,-5.4778868795485033e-05,0.0011890287336659589,0.0011890287336659589
2021-02-17,-0.011076068247308056,-0.011076068247308056,0.0,0.0,Bull,False,-0.004256094780852295,-0.004256094780852295,-0.008781852941522733,-0.008781852941522733
2021-02-18,-0.004426615081601442,-0.004426615081601442,0.0,0.0,Bull,False,-0.0036846066909833417,-0.0036846066909833417,-0.002518882830593984,-0.002518882830593984
2021-02-19,-0.009096376602595017,-0.009096376602595017,0.0,0.0,Bull,False,-0.005631081003207046,-0.005631081003207046,-0.006109093907148299,-0.006109093907148299
2021-02-22,-0.011290304974197559,-0.011290304974197559,0.0,0.0,Bull,False,-0.012640981588291071,-0.012640981588291071,-0.004751695473075706,-0.004751695473075706
2021-02-23,0.0034062392447257793,0.0034062392447257793,0.0,0.0,Bull,False,0.0013388536513765374,0.0013388536513765374,0.002638846995565452,0.002638846995565452
2021-02-24,0.012165156151575296,0.012165156151575296,0.0,0.0,Bull,False,0.011455136977191596,0.011455136977191596,0.006176966828635995,0.006176966828635995
2021-02-25,0.0029262016021342945,0.0029262016021342945,0.0,0.0,Bull,False,0.004764332144644582,0.004764332144644582,0.0005034505199621375,0.0005034505199621375
2021-02-26,-0.026282803005206915,-0.026282803005206915,0.0,0.0,Bull,False,-0.022672904757279243,-0.022672904757279243,-0.013539556905597975,-0.013539556905597975
2021-03-01,0.011355284782655132,0.011291376476492143,6.319075712049264e-05,0.1263815142409853,Bull,True,0.009593292764171224,0.009587682639239592,0.002926848553648665,0.0029177785867364747
2021-03-02,0.00641575548843632,0.00641575548843632,0.0,0.0,Bull,False,0.006444399327792096,0.006444399327792096,-2.9227457064254225e-05,-2.9227457064254225e-05
2021-03-03,0.016734909712676823,0.016734909712676823,0.0,0.0,Bull,False,0.013269604310575878,0.013269604310575878,0.005900104703712688,0.005900104703712688
2021-03-04,-0.010691591014203743,-0.010691591014203743,0.0,0.0,Bull,False,-0.006608246353817508,-0.006608246353817508,-0.007029438350588613,-0.007029438350588613
2021-03-05,-0.008933768314760759,-0.008933768314760759,0.0,0.0,Bull,False,-0.005759730814579582,-0.005759730814579582,-0.005416632030199358,-0.005416632030199358
2021-03-08,0.001129169085204276,0.001129169085204276,0.0,0.0,Bull,False,0.0007350730595598571,0.0007350730595598571,0.0006662059782902251,0.0006662059782902251
2021-03-09,0.008441629590808743,0.008441629590808743,0.0,0.0,Bull,False,0.005766700651934966,0.005766700651934966,0.004515065292457955,0.004515065292457955
2021-03-10,0.004591608626849735,0.004591608626849735,0.0,0.0,Bull,False,0.0030864101266403665,0.0030864101266403665,0.0025804710327724007,0.0025804710327724007
2021-03-12,-0.00924181258929932,-0.00924181258929932,0.0,0.0,Bull,False,-0.005786178657984865,-0.005786178657984865,-0.005926371599293968,-0.005926371599293968
2021-03-15,-0.003383111449299907,-0.003383111449299907,0.0,0.0,Bull,False,-0.004104462039036899,-0.004104462039036899,0.0012359226654745131,0.0012359226654745131
2021-03-16,-0.0011789776054466792,-0.0011789776054466792,0.0,0.0,Bull,False,-0.0007738915356914207,-0.0007738915356914207,-0.0006859762668552606,-0.0006859762668552606
2021-03-17,-0.009723145487195071,-0.009723145487195071,0.0,0.0,Bull,False,-0.007690118619090405,-0.007690118619090405,-0.0034332366800987643,-0.0034332366800987643
2021-03-18,-0.008806173017371013,-0.008806173017371013,0.0,0.0,Bull,False,-0.006696747497747126,-0.006696747497747126,-0.0035183322477618686,-0.0035183322477618686
2021-03-19,0.010587979118731477,0.010587979118731477,0.0,0.0,Bull,False,0.007678220406524859,0.007678220406524859,0.004807472553870965,0.004807472553870965
2021-03-22,-0.0022911702392627276,-0.0022911702392627276,0.0,0.0,Bull,False,-0.0003110756523301319,-0.0003110756523301319,-0.003333085876288078,-0.003333085876288078
2021-03-23,0.004641207879617246,0.004641207879617246,0.0,0.0,Bull,False,0.0032041839320165306,0.0032041839320165306,0.002390298668028079,0.002390298668028079
2021-03-24,-0.014675533442570061,-0.014675533442570061,0.0,0.0,Bull,False,-0.010826367838453817,-0.010826367838453817,-0.006444484947657464,-0.006444484947657464
2021-03-25,-0.012382140889726398,-0.012382140889726398,0.0,0.0,Bull,False,-0.009263270572887887,-0.009263270572887887,-0.005123512937583024,-0.005123512937583024
2021-03-26,0.009721344687065925,0.009721344687065925,0.0,0.0,Bull,False,0.0075964936536115565,0.0075964936536115565,0.0034109332325529995,0.0034109332325529995
2021-03-30,0.016703808993306795,0.016703808993306795,0.0,0.0,Bull,False,0.013958533259875497,0.013958533259875497,0.004406695560252234,0.004406695560252234
2021-03-31,-0.009468245678294376,-0.009468245678294376,0.0,0.0,Bull,False,-0.005446709903583229,-0.005446709903583229,-0.004604081094908493,-0.004604081094908493
2021-04-01,0.014492591205126566,0.014487487958685374,5.0303437260223874e-06,0.010060687452044775,Bull,True,0.00721078284719101,0.007209705231057129,0.012126454501846313,0.012119812588570644
2021-04-05,-0.01113390458215116,-0.01113390458215116,0.0,0.0,Bull,False,-0.009304258338395157,-0.009304258338395157,-0.0031583179063951593,-0.0031583179063951593
2021-04-06,0.003316409032558038,0.003316409032558038,0.0,0.0,Bull,False,0.0018705363314019206,0.0018705363314019206,0.002412653629802119,0.002412653629802119
2021-04-07,0.01056123943404413,0.01056123943404413,0.0,0.0,Bull,False,0.005537775978822641,0.005537775978822641,0.008394606106455597,0.008394606106455597
2021-04-08,0.0038069134968013725,0.0038069134968013725,0.0,0.0,Bull,False,0.002224447804493175,0.002224447804493175,0.002673768003381479,0.002673768003381479
2021-04-09,-0.0012049824930232364,-0.0012049824930232364,0.0,0.0,Bull,False,-0.0015829344771581576,-0.0015829344771581576,0.0005843244485882536,0.0005843244485882536
2021-04-12,-0.027778268820160445,-0.027778268820160445,0.0,0.0,Bull,False,-0.021274201984792736,-0.021274201984792736,-0.011276737372521259,-0.011276737372521259
2021-04-13,0.010761094675947557,0.010761094675947557,0.0,0.0,Bull,False,0.008048256371147986,0.008048256371147986,0.004523846784716649,0.004523846784716649
2021-04-15,0.005263194780760699,0.005263194780760699,0.0,0.0,Bull,False,0.0031545188130333046,0.0031545188130333046,0.003516110690405567,0.003516110690405567
2021-04-16,0.002539721535999995,0.002539721535999995,0.0,0.0,Bull,False,0.0014893145499843305,0.0014893145499843305,0.0017486197645919964,0.0017486197645919964
2021-04-19,-0.010300968650863362,-0.010300968650863362,0.0,0.0,Bull,False,-0.010581154657191342,-0.010581154657191342,0.0002478254942923585,0.0002478254942923585
2021-04-20,-0.005688995356316763,-0.005688995356316763,0.0,0.0,Bull,False,-0.0026104066259305873,-0.0026104066259305873,-0.005074971251964496,-0.005074971251964496
2021-04-22,0.008016725668162514,0.008016725668162514,0.0,0.0,Bull,False,0.004555794373944161,0.004555794373944161,0.0057136559039087965,0.0057136559039087965
2021-04-23,-0.0033130899915071233,-0.0033130899915071233,0.0,0.0,Bull,False,-0.002677723708328028,-0.002677723708328028,-0.0010963997471760516,-0.0010963997471760516
2021-04-26,0.0063124238262525206,0.0063124238262525206,0.0,0.0,Bull,False,0.005947897281796136,0.005947897281796136,0.0007084902196729905,0.0007084902196729905
2021-04-27,0.008325186406743245,0.008325186406743245,0.0,0.0,Bull,False,0.0069216960963673435,0.0069216960963673435,0.0024491477338926563,0.0024491477338926563
2021-04-28,0.009092015429838365,0.009092015429838365,0.0,0.0,Bull,False,0.008651455698652517,0.008651455698652517,0.0009335503061712559,0.0009335503061712559
2021-04-29,0.002026551019267084,0.002026551019267084,0.0,0.0,Bull,False,0.001234782736228751,0.001234782736228751,0.0013560100106346806,0.0013560100106346806
2021-04-30,-0.014687199689549117,-0.014687199689549117,0.0,0.0,Bull,False,-0.009910072495387954,-0.009910072495387954,-0.006300228366577398,-0.006300228366577398
2021-05-03,0.0006836471592169397,0.0006836471592169397,0.0,0.0,Bull,False,0.0001248067846058878,0.0001248067846058878,0.0009236235270417129,0.0009236235270417129
2021-05-04,-0.0071095488997098815,-0.0071095488997098815,0.0,0.0,Bull,False,-0.005630544234455188,-0.005630544234455188,-0.0025449188055053414,-0.0025449188055053414
2021-05-05,0.0033483836522216143,0.0030473792780087994,0.0002999998595872869,0.5999997191745737,Bear,True,0.005022575492360159,0.00502073241624279,0.000990718730631316,0.000982724631779952
2021-05-06,0.0029353031279423804,0.0029353031279423804,0.0,0.0,Bear,False,0.004400537849638115,0.004400537849638115,0.004823340897793686,0.004823340897793686
2021-05-07,0.002702696097295449,0.002702696097295449,0.0,0.0,Bear,False,0.004036490398752371,0.004036490398752371,0.00566739521687674,0.00566739521687674
2021-05-10,0.003259668108512426,0.003259668108512426,0.0,0.0,Bear,False,0.004867761020025744,0.004867761020025744,0.0044887365944327115,0.0044887365944327115
2021-05-11,-0.0025026386167298956,-0.0025026386167298956,0.0,0.0,Bear,False,-0.0037264323594435283,-0.0037264323594435283,-0.0025592188955722538,-0.0025592188955722538
2021-05-12,-0.00420915034719324,-0.00420915034719324,0.0,0.0,Bear,False,-0.006288172404435334,-0.006288172404435334,-0.0035772084211058625,-0.0035772084211058625
2021-05-14,-0.0005131600924136162,-0.0005131600924136162,0.0,0.0,Bear,False,-0.0007676336460507265,-0.0007676336460507265,0.0003842426589137675,0.0003842426589137675
2021-05-17,0.006736227613717725,0.006736227613717725,0.0,0.0,Bear,False,0.010079255772136001,0.010079255772136001,0.008337565854596675,0.008337565854596675
2021-05-18,0.0050380380031556145,0.0050380380031556145,0.0,0.0,Bear,False,0.007518202782523809,0.007518202782523809,0.006259506193661578,0.006259506193661578
2021-05-19,-0.0021151599994332637,-0.0021151599994332637,0.0,0.0,Bear,False,-0.003146623487803965,-0.003146623487803965,-0.002945671385671314,-0.002945671385671314
2021-05-20,-0.0033687750460082047,-0.0033687750460082047,0.0,0.0,Bear,False,-0.005021588498700851,-0.005021588498700851,-0.001268166944754497,-0.001268166944754497
2021-05-21,0.007346360816714904,0.007346360816714904,0.0,0.0,Bear,False,0.010958315077446098,0.010958315077446098,0.006386096510231475,0.006386096510231475
2021-05-24,0.0006009051388754335,0.0006009051388754335,0.0,0.0,Bear,False,0.0008979545027814519,0.0008979545027814519,0.0007371332558702231,0.0007371332558702231
2021-05-25,0.00029681319522258326,0.00029681319522258326,0.0,0.0,Bear,False,0.00043623028108078155,0.00043623028108078155,-0.00039293588944562486,-0.00039293588944562486
2021-05-26,0.0025108801603398755,0.0025108801603398755,0.0,0.0,Bear,False,0.003735185878642227,0.003735185878642227,0.006217279839834959,0.006217279839834959
2021-05-27,0.0009825467886599496,0.0009825467886599496,0.0,0.0,Bear,False,0.0014579776076977342,0.0014579776076977342,-0.0011683360321384378,-0.0011683360321384378
2021-05-28,0.0026491993064062503,0.0026491993064062503,0.0,0.0,Bear,False,0.003919487928801233,0.003919487928801233,0.0008375346372931145,0.0008375346372931145
2021-05-31,0.004995281875830881,0.004995281875830881,0.0,0.0,Bear,False,0.006545608533368822,0.006545608533368822,0.006773765494044868,0.006773765494044868
2021-06-01,-0.00020692595471101722,-0.00020692595471101722,0.0,0.0,Bear,False,-0.00031084279277641226,-0.00031084279277641226,0.0017141059695297924,0.0017141059695297924
2021-06-02,3.615191907384404e-05,3.615191907384404e-05,0.0,0.0,Bear,False,5.3474733561373e-05,5.3474733561373e-05,-0.0020104903119180007,-0.0020104903119180007
2021-06-03,0.0030553936566167974,0.0030553936566167974,0.0,0.0,Bear,False,0.0045193592910554685,0.0045193592910554685,0.002051258202661838,0.002051258202661838
2021-06-04,-0.0027208316797790884,-0.0028408635350108957,0.00012035933271720972,0.24071866543441944,Bear,True,-0.0007686103831487934,-0.0007778090114067826,-0.0034851050787523263,-0.0034915818632262896
2021-06-07,0.0029893252635431263,0.0029893252635431263,0.0,0.0,Bear,False,0.003115150623042564,0.003115150623042564,0.002994350285369853,0.002994350285369853
2021-06-08,0.00044156540062090233,0.00044156540062090233,0.0,0.0,Bear,False,-0.000440669640015204,-0.000440669640015204,0.0007743741642170226,0.0007743741642170226
2021-06-09,-0.002162872258934713,-0.002162872258934713,0.0,0.0,Bear,False,-0.00400203854903717,-0.00400203854903717,-0.001522564268710913,-0.001522564268710913
2021-06-10,0.0017637068088356335,0.0017637068088356335,0.0,0.0,Bear,False,0.00392406649370114,0.00392406649370114,0.001000488093772052,0.001000488093772052
2021-06-11,0.0031549923186630704,0.0031549923186630704,0.0,0.0,Bear,False,0.0023513205380786277,0.0023513205380786277,0.0035051135798972767,0.0035051135798972767
2021-06-14,-0.0030683274321967585,-0.0030683274321967585,0.0,0.0,Bear,False,0.00047601860281199594,0.00047601860281199594,-0.0044248421852995335,-0.0044248421852995335
2021-06-15,0.001579589122056634,0.001579589122056634,0.0,0.0,Bear,False,0.0021888390796646635,0.0021888390796646635,0.001381246800189117,0.001381246800189117
2021-06-16,-0.0023615516566439457,-0.0023615516566439457,0.0,0.0,Bear,False,-0.00386259749311646,-0.00386259749311646,-0.001846551380104263,-0.001846551380104263
2021-06-17,-0.006134182461373179,-0.006134182461373179,0.0,0.0,Bear,False,-0.002903387389542705,-0.002903387389542705,-0.007432612397622464,-0.007432612397622464
2021-06-18,-0.0024295602281515075,-0.0024295602281515075,0.0,0.0,Bear,False,-0.0003078500339652943,-0.0003078500339652943,-0.0032587020562820116,-0.0032587020562820116
2021-06-21,0.0015637060904199766,0.0015637060904199766,0.0,0.0,Bear,False,0.002411515284612274,0.002411515284612274,0.0012755524924177959,0.0012755524924177959
2021-06-22,0.0005637182173815593,0.0005637182173815593,0.0,0.0,Bear,False,0.001005651740419694,0.001005651740419694,0.0004086890404852982,0.0004086890404852982
2021-06-23,-0.0018032897865940035,-0.0018032897865940035,0.0,0.0,Bear,False,-0.003270684254589438,-0.003270684254589438,-0.0012875823984157568,-0.0012875823984157568
2021-06-24,0.002090364479219189,0.002090364479219189,0.0,0.0,Bear,False,0.003958361362990904,0.003958361362990904,0.0014317421985533263,0.0014317421985533263
2021-06-25,0.002075125065201778,0.002075125065201778,0.0,0.0,Bear,False,0.002658775467183455,0.002658775467183455,0.0018935761689664364,0.0018935761689664364
2021-06-28,-0.001908501296509458,-0.001908501296509458,0.0,0.0,Bear,False,-0.00173436873619857,-0.00173436873619857,-0.0020064787350289257,-0.0020064787350289257
2021-06-29,-0.002212743292883424,-0.002212743292883424,0.0,0.0,Bear,False,-0.002521424637741523,-0.002521424637741523,-0.0021358327246214243,-0.0021358327246214243
2021-06-30,-0.0011175304879839478,-0.0011175304879839478,0.0,0.0,Bear,False,-0.0001748348950092682,-0.0001748348950092682,-0.0015258301629795567,-0.0015258301629795567
2021-07-01,0.0011653891864877091,0.0011653891864877091,0.0,0.0,Bear,False,-0.0015797015659330456,-0.0015797015659330456,0.002211288580940272,0.002211288580940272
2021-07-02,0.0024558796271674154,0.0024558796271674154,0.0,0.0,Bear,False,0.0016129968854181268,0.0016129968854181268,0.002812342083548925,0.002812342083548925
2021-07-05,0.0028472363896428613,0.002728031467720493,0.00011886648095222706,0.23773296190445412,Bear,True,0.004275887019641411,0.004275873969568966,0.0027793905518876945,0.0027755581954060915
2021-07-06,-0.00040241724267037123,-0.00040241724267037123,0.0,0.0,Bear,False,-0.0006077781795460379,-0.0006077781795460379,0.002974932806713256,0.002974932806713256
2021-07-07,0.0015583242321684588,0.0015583242321684588,0.0,0.0,Bear,False,0.002334640752948912,0.002334640752948912,0.0021802668209915635,0.0021802668209915635
2021-07-08,-0.003845378947755899,-0.003845378947755899,0.0,0.0,Bear,False,-0.005756584552947444,-0.005756584552947444,-0.003031191969238041,-0.003031191969238041
2021-07-09,-0.0009692043315823092,-0.0009692043315823092,0.0,0.0,Bear,False,-0.001453701101019742,-0.001453701101019742,-0.0020935985295894976,-0.0020935985295894976
2021-07-12,7.129064493055822e-05,7.129064493055822e-05,0.0,0.0,Bear,False,0.00010698009882848101,0.00010698009882848101,-0.0005870490094239742,-0.0005870490094239742
2021-07-13,0.003048943503314255,0.003048943503314255,0.0,0.0,Bear,False,0.004575139305499885,0.004575139305499885,0.002694936171755068,0.002694936171755068
2021-07-14,0.001049943925851242,0.001049943925851242,0.0,0.0,Bear,False,0.0015781311770335525,0.0015781311770335525,0.0018416426602410275,0.0018416426602410275
2021-07-15,0.0017813215186139662,0.0017813215186139662,0.0,0.0,Bear,False,0.0026675211343590607,0.0026675211343590607,0.004215063802544848,0.004215063802544848
2021-07-16,-1.4236423602494323e-05,-1.4236423602494323e-05,0.0,0.0,Bear,False,-2.6294088991921548e-05,-2.6294088991921548e-05,-0.0010550600922120913,-0.0010550600922120913
2021-07-19,-0.004328379665798267,-0.004328379665798267,0.0,0.0,Bear,False,-0.006476078776906345,-0.006476078776906345,-0.005434547686538664,-0.005434547686538664
2021-07-20,-0.003058310363038226,-0.003058310363038226,0.0,0.0,Bear,False,-0.004585705202751114,-0.004585705202751114,-0.0019747388749575814,-0.0019747388749575814
2021-07-22,0.004888712920089257,0.004888712920089257,0.0,0.0,Bear,False,0.007346553045431034,0.007346553045431034,0.0009048679495654179,0.0009048679495654179
2021-07-23,0.0008180594920011988,0.0008180594920011988,0.0,0.0,Bear,False,0.0012204901255081914,0.0012204901255081914,0.0011639153523175833,0.0011639153523175833
2021-07-26,-0.0008072387567367604,-0.0008072387567367604,0.0,0.0,Bear,False,-0.0012038000529145708,-0.0012038000529145708,-0.00034770883705798126,-0.00034770883705798126
2021-07-27,-0.0019732947126262397,-0.0019732947126262397,0.0,0.0,Bear,False,-0.0029611139539739875,-0.0029611139539739875,-0.002046829188856767,-0.002046829188856767
2021-07-28,-0.0009480651871282941,-0.0009480651871282941,0.0,0.0,Bear,False,-0.0014166317211605948,-0.0014166317211605948,-0.0006255166908020103,-0.0006255166908020103
2021-07-29,0.001757329496428348,0.001757329496428348,0.0,0.0,Bear,False,0.0026364183484577333,0.0026364183484577333,0.0039691218045975404,0.0039691218045975404
2021-07-30,0.0005405172388237868,0.0005405172388237868,0.0,0.0,Bear,False,3.4274392525563964e-05,3.4274392525563964e-05,0.002124321502350791,0.002124321502350791
2021-08-02,0.003094414259319528,0.003094414259319528,0.0,0.0,Bear,False,0.004645594624080515,0.004645594624080515,-0.0005694282516029938,-0.0005694282516029938
2021-08-03,0.006222900296763574,0.006222900296763574,0.0,0.0,Bear,False,0.009313053592131996,0.009313053592131996,0.004771741136324532,0.004771741136324532
2021-08-04,0.0031752969862648686,0.0031723877575640103,2.9000202752254697e-06,0.005800040550450939,Bear,True,0.004762945480681368,0.0047600456637280075,0.003047874760340482,0.003045539333611069
2021-08-05,0.0008790072878694132,0.0008790072878694132,0.0,0.0,Bear,False,0.0013213558953324208,0.0013213558953324208,0.000974613001110761,0.000974613001110761
2021-08-06,-0.0013929053723187113,-0.0013929053723187113,0.0,0.0,Bear,False,-0.0020851350706473167,-0.0020851350706473167,-0.003241791596082887,-0.003241791596082887
2021-08-09,0.000501790390861833,0.000501790390861833,0.0,0.0,Bear,False,0.0007467531795787618,0.0007467531795787618,-0.0071307154702680816,-0.0071307154702680816
2021-08-10,0.0005401049791239017,0.0005401049791239017,0.0,0.0,Bear,False,0.0008088827916518741,0.0008088827916518741,-0.0006778396313428894,-0.0006778396313428894
2021-08-11,4.720696406798417e-05,4.720696406798417e-05,0.0,0.0,Bear,False,7.560453697970583e-05,7.560453697970583e-05,0.0003651223400212222,0.0003651223400212222
2021-08-12,0.002035420377060343,0.002035420377060343,0.0,0.0,Bear,False,0.003042497549921913,0.003042497549921913,0.004139356801850411,0.004139356801850411
2021-08-13,0.004060579026435435,0.004060579026435435,0.0,0.0,Bear,False,0.0060733755902580245,0.0060733755902580245,0.0029287620953582193,0.0029287620953582193
2021-08-16,0.00083366444750979,0.00083366444750979,0.0,0.0,Bear,False,0.0012444106337941734,0.0012444106337941734,0.0029506018017579566,0.0029506018017579566
2021-08-17,0.0012647171375333181,0.0012647171375333181,0.0,0.0,Bear,False,0.0018870683753232076,0.0018870683753232076,0.0042655311896443796,0.0042655311896443796
2021-08-18,-0.001126900621752365,-0.001126900621752365,0.0,0.0,Bear,False,-0.0016755253301538606,-0.0016755253301538606,-0.0021378913364626566,-0.0021378913364626566
2021-08-20,-0.0028973567094589996,-0.0028973567094589996,0.0,0.0,Bear,False,-0.004327670452025233,-0.004327670452025233,-0.002908666210991,-0.002908666210991
2021-08-23,0.0011245604719593003,0.0011245604719593003,0.0,0.0,Bear,False,0.001685125510931103,0.001685125510931103,0.0012644589171628023,0.0012644589171628023
2021-08-24,0.003149251373566927,0.003149251373566927,0.0,0.0,Bear,False,0.004702736246271967,0.004702736246271967,0.00399919161515146,0.00399919161515146
2021-08-25,0.0002462190551746453,0.0002462190551746453,0.0,0.0,Bear,False,0.000367107217893779,0.000367107217893779,-0.0009102494685560066,-0.0009102494685560066
2021-08-26,5.5105816040998564e-05,5.5105816040998564e-05,0.0,0.0,Bear,False,8.215163614183434e-05,8.215163614183434e-05,-0.0018693096926500159,-0.0018693096926500159
2021-08-27,0.00167851538359445,0.00167851538359445,0.0,0.0,Bear,False,0.0024973992093868936,0.0024973992093868936,0.001887410065176027,0.001887410065176027
2021-08-30,0.005516005552545201,0.005516005552545201,0.0,0.0,Bear,False,0.008221158536073336,0.008221158536073336,0.0058290299563377905,0.0058290299563377905
2021-08-31,0.006088372828661201,0.006088372828661201,0.0,0.0,Bear,False,0.008056279150887503,0.008056279150887503,0.0033459383643569705,0.0033459383643569705
2021-09-01,-0.0013579195323501247,-0.0013579195323501247,0.0,0.0,Bear,False,-0.0020085750345053377,-0.0020085750345053377,-0.0011410146506842913,-0.0011410146506842913
2021-09-02,0.0038212975435239546,0.0038212975435239546,0.0,0.0,Bear,False,0.005669314846262089,0.005669314846262089,0.003927280784223608,0.003927280784223608
2021-09-03,0.002076092332993469,0.002068330991002121,7.745262111999658e-06,0.015490524223999314,Bear,True,0.0031141385002183774,0.003106468133281748,0.0017300769445657651,0.0017219779104198363
2021-09-06,0.0012612627949978763,0.0012612627949978763,0.0,0.0,Bear,False,0.001885046097311409,0.001885046097311409,0.0034080436215894257,0.0034080436215894257
2021-09-07,-0.00036320687936397663,-0.00036320687936397663,0.0,0.0,Bear,False,-0.0005439076830025045,-0.0005439076830025045,-0.001517753759568748,-0.001517753759568748
2021-09-08,-0.00019900248076635296,-0.00019900248076635296,0.0,0.0,Bear,False,-0.00029806304280687935,-0.00029806304280687935,-0.001626720846681377,-0.001626720846681377
2021-09-09,0.00036454131617897256,0.00036454131617897256,0.0,0.0,Bear,False,0.0005460588256363954,0.0005460588256363954,-0.0004276621100030098,-0.0004276621100030098
2021-09-13,-0.00032274371595140066,-0.00032274371595140066,0.0,0.0,Bear,False,-0.00048336107287543883,-0.00048336107287543883,-0.0008387077170265165,-0.0008387077170265165
2021-09-14,0.0005657813411649104,0.0005657813411649104,0.0,0.0,Bear,False,0.0008523704337704924,0.0008523704337704924,0.0005554957806560401,0.0005554957806560401
2021-09-15,0.003225659620973234,0.003225659620973234,0.0,0.0,Bear,False,0.004830341346918153,0.004830341346918153,0.0045649077710130225,0.0045649077710130225
2021-09-16,0.002543294760667673,0.002543294760667673,0.0,0.0,Bear,False,0.003797578344478166,0.003797578344478166,-0.0014439686505477672,-0.0014439686505477672
2021-09-17,-0.0010199772450801836,-0.0010199772450801836,0.0,0.0,Bear,False,-0.00152304470727442,-0.00152304470727442,-0.0034493474321339985,-0.0034493474321339985
2021-09-20,-0.004333899790787495,-0.004333899790787495,0.0,0.0,Bear,False,-0.006474702105708172,-0.006474702105708172,-0.003881828427320393,-0.003881828427320393
2021-09-21,0.003811610562861353,0.003811610562861353,0.0,0.0,Bear,False,0.005711567335534871,0.005711567335534871,0.00368967956049793,0.00368967956049793
2021-09-22,-0.0003535698887104523,-0.0003535698887104523,0.0,0.0,Bear,False,-0.0005283597907643935,-0.0005283597907643935,0.00271516299393816,0.00271516299393816
2021-09-23,0.006366644030860694,0.006366644030860694,0.0,0.0,Bear,False,0.009515705639702705,0.009515705639702705,0.0032150261930930534,0.0032150261930930534
2021-09-24,0.000704458673530399,0.000704458673530399,0.0,0.0,Bear,False,0.0010398207128822163,0.0010398207128822163,-0.0017588796578209167,-0.0017588796578209167
2021-09-27,3.166093563139075e-05,3.166093563139075e-05,0.0,0.0,Bear,False,5.693949717122764e-05,5.693949717122764e-05,-0.0002943120061733025,-0.0002943120061733025
2021-09-28,-0.0024309152209759897,-0.0024309152209759897,0.0,0.0,Bear,False,-0.003625454708968257,-0.003625454708968257,-0.0026147883924441022,-0.0026147883924441022
2021-09-29,-0.0008732292852338426,-0.0008732292852338426,0.0,0.0,Bear,False,-0.0012874566298252904,-0.0012874566298252904,-7.954406787665176e-05,-7.954406787665176e-05
2021-09-30,-0.001177410525515731,-0.001177410525515731,0.0,0.0,Bear,False,-0.0025528989785314647,-0.0025528989785314647,-0.003698700915692988,-0.003698700915692988
2021-10-01,-0.0019788139113915875,-0.0019788139113915875,0.0,0.0,Bear,False,-0.0029561126159145727,-0.0029561126159145727,0.002330450032865982,0.002330450032865982
2021-10-04,0.0036661053898974197,0.0036661053898974197,0.0,0.0,Bear,False,0.005482093654892037,0.005482093654892037,0.0033218447590656792,0.0033218447590656792
2021-10-05,0.0029571871089672155,0.0029542217184845843,2.9566471240636237e-06,0.005913294248127247,Bear,True,0.004440678379943019,0.004437723165900964,0.003377128051516872,0.0033733484217852716
2021-10-06,-0.003968555986814144,-0.003968555986814144,0.0,0.0,Bear,False,-0.0059489181110910835,-0.0059489181110910835,-0.002481779000005419,-0.002481779000005419
2021-10-07,0.0032612108021293756,0.0032612108021293756,0.0,0.0,Bear,False,0.004899227714073564,0.004899227714073564,0.0035417368481362745,0.0035417368481362745
2021-10-08,0.0023712327294337903,0.0023712327294337903,0.0,0.0,Bear,False,0.0035479893342097385,0.0035479893342097385,0.001887622608694108,0.001887622608694108
2021-10-11,0.0011421929068962642,0.0011421929068962642,0.0,0.0,Bear,False,0.0017093662490423739,0.0017093662490423739,0.0022672495338711875,0.0022672495338711875
2021-10-12,0.0010341070023535614,0.0010341070023535614,0.0,0.0,Bear,False,0.0015467323724369392,0.0015467323724369392,0.002009124376352476,0.002009124376352476
2021-10-13,0.003807440327715101,0.003807440327715101,0.0,0.0,Bear,False,0.00569679017459126,0.00569679017459126,0.003818136206339297,0.003818136206339297
2021-10-14,0.003961234849769683,0.003961234849769683,0.0,0.0,Bear,False,0.005905911491777088,0.005905911491777088,0.008186037857951219,0.008186037857951219
2021-10-18,0.003080529204756252,0.003080529204756252,0.0,0.0,Bear,False,0.004592498877821843,0.004592498877821843,-0.001825243034059157,-0.001825243034059157
2021-10-19,-0.001295179587745001,-0.001295179587745001,0.0,0.0,Bear,False,-0.001925955038109825,-0.001925955038109825,0.0007090800198225043,0.0007090800198225043
2021-10-20,-0.0033844768110705328,-0.0033844768110705328,0.0,0.0,Bear,False,-0.00503595776940334,-0.00503595776940334,-0.003941125839527675,-0.003941125839527675
2021-10-21,-0.001975304686962173,-0.001975304686962173,0.0,0.0,Bear,False,-0.0029440480428893044,-0.0029440480428893044,-0.0007432153077605253,-0.0007432153077605253
2021-10-22,-0.0014075741967811458,-0.0014075741967811458,0.0,0.0,Bear,False,-0.002104743511653696,-0.002104743511653696,-0.00019024731807867825,-0.00019024731807867825
2021-10-25,0.00023515302519812995,0.00023515302519812995,0.0,0.0,Bear,False,0.00035106410975257785,0.00035106410975257785,0.0025574401810917777,0.0025574401810917777
2021-10-26,0.0031959871858654493,0.0031959871858654493,0.0,0.0,Bear,False,0.004775619606783555,0.004775619606783555,0.0032903345828471557,0.0032903345828471557
2021-10-27,-0.0012764470951533893,-0.0012764470951533893,0.0,0.0,Bear,False,-0.001907217809106343,-0.001907217809106343,-0.0037284061685061405,-0.0037284061685061405
2021-10-28,-0.007904277463341606,-0.007904277463341606,0.0,0.0,Bear,False,-0.011787963762603127,-0.011787963762603127,-0.004589856430936881,-0.004589856430936881
2021-10-29,-0.002870225806910372,-0.002870225806910372,0.0,0.0,Bear,False,-0.005387348740887511,-0.005387348740887511,-0.003299407585949909,-0.003299407585949909
2021-11-01,0.005822262229601556,0.005822262229601556,0.0,0.0,Bear,False,0.00874419833621095,0.00874419833621095,0.0030029607649496378,0.0030029607649496378
2021-11-02,-0.0009141310994913423,-0.0009141310994913423,0.0,0.0,Bear,False,-0.0013681270732204586,-0.0013681270732204586,0.0006326026346571688,0.0006326026346571688
2021-11-03,-0.001331197603783392,-0.001331197603783392,0.0,0.0,Bear,False,-0.002003205902867145,-0.002003205902867145,-0.003961043735386619,-0.003961043735386619
2021-11-04,0.003926690021113889,0.003726575765406359,0.00019933154252858198,0.39866308505716397,Bull,True,0.0029400038581727907,0.002939334180799724,0.0037398026123243162,0.0037379956272420856
2021-11-08,0.006782422641363891,0.006782422641363891,0.0,0.0,Bull,False,0.005091821356064171,0.005091821356064171,0.003957742223388466,0.003957742223388466
2021-11-09,-0.0010787995537602847,-0.0010787995537602847,0.0,0.0,Bull,False,-0.0008112579308294452,-0.0008112579308294452,0.0009173358711233952,0.0009173358711233952
2021-11-10,-0.0012001854378722193,-0.0012001854378722193,0.0,0.0,Bull,False,-0.0008998007072381277,-0.0008998007072381277,0.00046684150576288173,0.00046684150576288173
2021-11-11,-0.00638945914257882,-0.00638945914257882,0.0,0.0,Bull,False,-0.004802146446642022,-0.004802146446642022,0.004653264676124402,0.004653264676124402
2021-11-12,0.010259595328248262,0.010259595328248262,0.0,0.0,Bull,False,0.007696026469922848,0.007696026469922848,0.002222569690682367,0.002222569690682367
2021-11-15,0.00029695171331930477,0.00029695171331930477,0.0,0.0,Bull,False,0.00022339184964563914,0.00022339184964563914,0.00171970190700121,0.00171970190700121
2021-11-16,-0.004883538177108387,-0.004883538177108387,0.0,0.0,Bull,False,-0.0036715826674803115,-0.0036715826674803115,-0.0008266273615217689,-0.0008266273615217689
2021-11-17,-0.0044755192779186255,-0.0044755192779186255,0.0,0.0,Bull,False,-0.003360527215641192,-0.003360527215641192,-0.003918716058775041,-0.003918716058775041
2021-11-18,-0.005989194889884634,-0.005989194889884634,0.0,0.0,Bull,False,-0.004497879471816063,-0.004497879471816063,-0.001913225277959067,-0.001913225277959067
2021-11-22,-0.015671367198190643,-0.015671367198190643,0.0,0.0,Bull,False,-0.011745039787289,-0.011745039787289,-0.009488037109977426,-0.009488037109977426
2021-11-23,0.003966112309127981,0.003966112309127981,0.0,0.0,Bull,False,0.0029580759394017427,0.0029580759394017427,-0.005590645969025917,-0.005590645969025917
2021-11-24,-0.004018748706546353,-0.004018748706546353,0.0,0.0,Bull,False,-0.003000390614334548,-0.003000390614334548,-0.002794514227538559,-0.002794514227538559
2021-11-25,0.005541218129662182,0.005541218129662182,0.0,0.0,Bull,False,0.004136341782093279,0.004136341782093279,0.0030984370927974953,0.0030984370927974953
2021-11-26,-0.023179605736539023,-0.023179605736539023,0.0,0.0,Bull,False,-0.017327041191103315,-0.017327041191103315,-0.00574149696169745,-0.00574149696169745
2021-11-29,0.001277952033920143,0.001277952033920143,0.0,0.0,Bull,False,0.0009470097246475006,0.0009470097246475006,-0.0007125990178460573,-0.0007125990178460573
2021-11-30,-0.0028520041325102016,-0.0028520041325102016,0.0,0.0,Bull,False,-0.001578554117759215,-0.001578554117759215,-0.0015276104912945526,-0.0015276104912945526
2021-12-01,0.008564233160420511,0.008564233160420511,0.0,0.0,Bull,False,0.006357726557097516,0.006357726557097516,0.0010133315015198544,0.0010133315015198544
2021-12-02,0.010851220638678135,0.010851220638678135,0.0,0.0,Bull,False,0.008073152085383358,0.008073152085383358,0.0025510380692943526,0.0025510380692943526
2021-12-03,-0.009372083723266676,-0.009372083723266676,0.0,0.0,Bull,False,-0.006991910984196086,-0.006991910984196086,-0.004354392854065673,-0.004354392854065673
2021-12-06,-0.01312838925179924,-0.01312838925179924,0.0,0.0,Bull,False,-0.00976820525116735,-0.00976820525116735,-0.0022612293720700198,-0.0022612293720700198
2021-12-07,-4.911641772962502e-05,-0.0004304877222363057,0.0003813900370190398,0.7627800740380796,Crisis,True,0.009377912179751034,0.009371227862560394,0.004563169382671502,0.004556947975107972
2021-12-08,0.0020036625709936914,0.0020036625709936914,0.0,0.0,Crisis,False,0.010300040848506987,0.010300040848506987,0.007758261656394382,0.007758261656394382
2021-12-09,-0.0006463619521953428,-0.0006463619521953428,0.0,0.0,Crisis,False,0.0016385624504534433,0.0016385624504534433,-3.9740631437144456e-05,-3.9740631437144456e-05
2021-12-10,-0.00048565437425703364,-0.00048565437425703364,0.0,0.0,Crisis,False,-0.00018879142512649334,-0.00018879142512649334,-0.0007425380520066255,-0.0007425380520066255
2021-12-13,0.0014471861985133868,0.0014471861985133868,0.0,0.0,Crisis,False,-0.004973366945586084,-0.004973366945586084,-0.0005565050677011363,-0.0005565050677011363
2021-12-14,-6.512224211542309e-05,-6.512224211542309e-05,0.0,0.0,Crisis,False,-0.0015094936931219318,-0.0015094936931219318,-0.0008417936964413323,-0.0008417936964413323
2021-12-15,-0.0006559494860949478,-0.0006559494860949478,0.0,0.0,Crisis,False,-0.003618914812248682,-0.003618914812248682,-0.0026586200218335874,-0.0026586200218335874
2021-12-16,0.0015488568152536343,0.0015488568152536343,0.0,0.0,Crisis,False,0.0009435202424915507,0.0009435202424915507,0.0025276974044156496,0.0025276974044156496
2021-12-17,0.002102823553829274,0.002102823553829274,0.0,0.0,Crisis,False,-0.00922367330927626,-0.00922367330927626,-0.001776633668192083,-0.001776633668192083
2021-12-20,-0.0023035602450639757,-0.0023035602450639757,0.0,0.0,Crisis,False,-0.013128081127162385,-0.013128081127162385,-0.009494113626835929,-0.009494113626835929
2021-12-21,-0.0007720398340439107,-0.0007720398340439107,0.0,0.0,Crisis,False,0.005612857444444839,0.005612857444444839,0.0017143979849030125,0.0017143979849030125
2021-12-22,-0.0007187246748577576,-0.0007187246748577576,0.0,0.0,Crisis,False,0.006582130840768056,0.006582130840768056,0.0022655114427915317,0.0022655114427915317
2021-12-23,0.0012233219617348934,0.0012233219617348934,0.0,0.0,Crisis,False,0.004149829541385084,0.004149829541385084,0.003671411640551836,0.003671411640551836
2021-12-24,1.3107151244655892e-05,1.3107151244655892e-05,0.0,0.0,Crisis,False,-0.002424793011008337,-0.002424793011008337,-0.0011847555545193029,-0.0011847555545193029
2021-12-27,-0.0005940647253339475,-0.0005940647253339475,0.0,0.0,Crisis,False,0.002913398184845087,0.002913398184845087,0.0006508509173488531,0.0006508509173488531
2021-12-28,0.0003662323906603559,0.0003662323906603559,0.0,0.0,Crisis,False,0.005183179540298655,0.005183179540298655,0.0030411946320721387,0.0030411946320721387
2021-12-29,-0.0006898345681841928,-0.0006898345681841928,0.0,0.0,Crisis,False,-0.0006853228730495426,-0.0006853228730495426,-0.0012606453828258373,-0.0012606453828258373
2021-12-30,-0.0017081393834172953,-0.0017081393834172953,0.0,0.0,Crisis,False,-0.00033874768206476044,-0.00033874768206476044,-0.002431713933217998,-0.002431713933217998
2021-12-31,0.003287981100384015,0.003287981100384015,0.0,0.0,Crisis,False,0.006073218466717762,0.006073218466717762,0.005703515429005328,0.005703515429005328
2022-01-03,0.001954081167037364,0.001954081167037364,0.0,0.0,Crisis,False,0.009477093079553262,0.009477093079553262,0.007289494634575892,0.007289494634575892
2022-01-04,-0.001327068885070439,-0.001327068885070439,0.0,0.0,Crisis,False,0.006207830106811967,0.006207830106811967,0.0013353796772645806,0.0013353796772645806
2022-01-05,0.000759179183622303,0.0007559276351400968,3.2490818470045124e-06,0.006498163694009025,Crisis,True,0.004043751140815254,0.00403782485387616,0.003050534610523921,0.0030450847417025084
2022-01-06,-0.0021613607005934125,-0.0021613607005934125,0.0,0.0,Crisis,False,-0.006019369065432344,-0.006019369065432344,-0.005912339310440274,-0.005912339310440274
2022-01-07,-0.0008114354773098052,-0.0008114354773098052,0.0,0.0,Crisis,False,0.002259509787715623,0.002259509787715623,4.803063625126681e-05,4.803063625126681e-05
2022-01-10,0.0001204223819776524,0.0001204223819776524,0.0,0.0,Crisis,False,0.0064172318988006075,0.0064172318988006075,0.0034137909156315093,0.0034137909156315093
2022-01-11,0.0009216678911091684,0.0009216678911091684,0.0,0.0,Crisis,False,0.0017596947560990029,0.0017596947560990029,0.0021096171748212853,0.0021096171748212853
2022-01-12,0.0009285020408197961,0.0009285020408197961,0.0,0.0,Crisis,False,0.005232888555673098,0.005232888555673098,0.003886093317267603,0.003886093317267603
2022-01-13,0.0005946900015513171,0.0005946900015513171,0.0,0.0,Crisis,False,0.001506922722919005,0.001506922722919005,0.001560843812035951,0.001560843812035951
2022-01-14,0.0006604063298790264,0.0006604063298790264,0.0,0.0,Crisis,False,-6.80690210365255e-05,-6.80690210365255e-05,0.0008391589880201484,0.0008391589880201484
2022-01-17,6.805756957887357e-05,6.805756957887357e-05,0.0,0.0,Crisis,False,0.0017376934934206878,0.0017376934934206878,0.0009713022585368206,0.0009713022585368206
2022-01-18,-0.00030650628157077837,-0.00030650628157077837,0.0,0.0,Crisis,False,-0.0064592797040551216,-0.0064592797040551216,-0.0036917360936620904,-0.0036917360936620904
2022-01-19,0.0002476291457099314,0.0002476291457099314,0.0,0.0,Crisis,False,-0.005828882866176327,-0.005828882866176327,-0.0026134793593354405,-0.0026134793593354405
2022-01-20,0.0024749220221881984,0.0024749220221881984,0.0,0.0,Crisis,False,-0.006085511936093755,-0.006085511936093755,0.0002211416368124372,0.0002211416368124372
2022-01-21,-0.0014359896101852983,-0.0014359896101852983,0.0,0.0,Crisis,False,-0.004716301281270231,-0.004716301281270231,-0.004286698676310547,-0.004286698676310547
2022-01-24,0.0005956760538410001,0.0005956760538410001,0.0,0.0,Crisis,False,-0.015872888402096608,-0.015872888402096608,-0.007157743240338261,-0.007157743240338261
2022-01-25,0.00028025665111486406,0.00028025665111486406,0.0,0.0,Crisis,False,0.004436022439481987,0.004436022439481987,0.0025893873501247394,0.0025893873501247394
2022-01-27,-0.0016534488940485403,-0.0016534488940485403,0.0,0.0,Crisis,False,-0.00575268272980551,-0.00575268272980551,-0.0050933266280073965,-0.0050933266280073965
2022-01-28,-0.0023593683575663916,-0.0023593683575663916,0.0,0.0,Crisis,False,-0.0002829899408213188,-0.0002829899408213188,-0.003322692266913657,-0.003322692266913657
2022-01-31,0.0009626980489766603,0.0009626980489766603,0.0,0.0,Crisis,False,0.009190721643185348,0.009190721643185348,0.003855069777884027,0.003855069777884027
2022-02-01,0.002110511979879852,0.002110511979879852,0.0,0.0,Crisis,False,0.008101737798285191,0.008101737798285191,0.0069119195011569335,0.0069119195011569335
2022-02-02,2.3121988560828192e-05,2.3121988560828192e-05,0.0,0.0,Crisis,False,0.006892202871076027,0.006892202871076027,0.0034912100288172197,0.0034912100288172197
2022-02-03,2.2611041278847952e-05,2.2611041278847952e-05,0.0,0.0,Crisis,False,-0.007402099297299319,-0.007402099297299319,-0.003706902947592915,-0.003706902947592915
2022-02-04,0.0001805918170592455,0.0001799920929304033,5.99615843097619e-07,0.001199231686195238,Crisis,True,-0.0014999295948691094,-0.0015018805229899401,-0.00051249618032434,-0.000514297199183833
2022-02-07,-0.00023327833974263218,-0.00023327833974263218,0.0,0.0,Crisis,False,-0.0103582840005862,-0.0103582840005862,-0.005508156859554858,-0.005508156859554858
2022-02-08,0.0012085025429893475,0.0012085025429893475,0.0,0.0,Crisis,False,0.001833827659097499,0.001833827659097499,0.0025448375004146115,0.0025448375004146115
2022-02-09,0.0012905276666822865,0.0012905276666822865,0.0,0.0,Crisis,False,0.0068010847612684526,0.0068010847612684526,0.005121854126539413,0.005121854126539413
2022-02-10,0.0012738338281274852,0.0012738338281274852,0.0,0.0,Crisis,False,0.004869608051558925,0.004869608051558925,0.0041334058145131684,0.0041334058145131684
2022-02-11,-0.00018775343963353693,-0.00018775343963353693,0.0,0.0,Crisis,False,-0.007880050516014241,-0.007880050516014241,-0.004198939693381789,-0.004198939693381789
2022-02-14,0.0038909819479295885,0.0038909819479295885,0.0,0.0,Crisis,False,-0.018291639485408958,-0.018291639485408958,-0.003915815530281467,-0.003915815530281467
2022-02-15,-0.0007485854844134021,-0.0007485854844134021,0.0,0.0,Crisis,False,0.017847292781263978,0.017847292781263978,0.007764665722204718,0.007764665722204718
2022-02-16,-0.0005120248570973052,-0.0005120248570973052,0.0,0.0,Crisis,False,-0.0010370108698100598,-0.0010370108698100598,-0.0012061265243897856,-0.0012061265243897856
2022-02-17,0.004460034280222551,0.004460034280222551,0.0,0.0,Crisis,False,-0.0006062768322857169,-0.0006062768322857169,0.005657869508531621,0.005657869508531621
2022-02-18,-0.001288201938870416,-0.001288201938870416,0.0,0.0,Crisis,False,-0.0009754382420038894,-0.0009754382420038894,-0.002199866675117035,-0.002199866675117035
2022-02-21,-0.0005711202837598937,-0.0005711202837598937,0.0,0.0,Crisis,False,-0.0024031380355856373,-0.0024031380355856373,-0.0019489630129014884,-0.0019489630129014884
2022-02-22,0.001514596126653959,0.001514596126653959,0.0,0.0,Crisis,False,-0.003958405945690271,-0.003958405945690271,7.281031765871788e-05,7.281031765871788e-05
2022-02-23,-0.0017658688264889403,-0.0017658688264889403,0.0,0.0,Crisis,False,-0.0010052161553829868,-0.0010052161553829868,-0.002859148915897965,-0.002859148915897965
2022-02-24,0.008013690409602474,0.008013690409602474,0.0,0.0,Crisis,False,-0.02834250139688713,-0.02834250139688713,-0.003199083031340661,-0.003199083031340661
2022-02-25,-0.005358258622948373,-0.005358258622948373,0.0,0.0,Crisis,False,0.014686851332059967,0.014686851332059967,-0.00022603390656805237,-0.00022603390656805237
2022-02-28,5.595288334923363e-05,5.595288334923363e-05,0.0,0.0,Crisis,False,0.004806429315184765,0.004806429315184765,0.002356687465307289,0.002356687465307289
2022-03-02,0.004497801143039366,0.004497801143039366,0.0,0.0,Crisis,False,-0.006598499887730412,-0.006598499887730412,0.0028403644128107276,0.0028403644128107276
2022-03-03,-8.597702550201998e-05,-8.597702550201998e-05,0.0,0.0,Crisis,False,-0.003810852071582445,-0.003810852071582445,-0.001958920074636643,-0.001958920074636643
2022-03-04,0.0011476385344046111,0.0011476385344046111,0.0,0.0,Crisis,False,-0.00895514511726952,-0.00895514511726952,-0.0027810798524769186,-0.0027810798524769186
2022-03-07,0.00746548447609219,0.00746548447609219,0.0,0.0,Crisis,False,-0.013677087855070658,-0.013677087855070658,0.0035699108944193055,0.0035699108944193055
2022-03-08,0.00011680969325508062,0.00010114900025826046,1.565886388983214e-05,0.031317727779664274,Crisis,True,0.00568486590569015,0.00567247751467459,0.002651014671101626,0.0026337918817114225
2022-03-09,-0.00036939565407954704,-0.00036939565407954704,0.0,0.0,Crisis,False,0.012482638109051751,0.012482638109051751,0.005004430476711112,0.005004430476711112
2022-03-10,-0.0038498123364041495,-0.0038498123364041495,0.0,0.0,Crisis,False,0.009269818762963438,0.009269818762963438,-0.0009805433989214093,-0.0009805433989214093
2022-03-11,0.0027448301804409827,0.0027448301804409827,0.0,0.0,Crisis,False,0.0013122325392056283,0.0013122325392056283,0.004200493747099016,0.004200493747099016
2022-03-14,-0.0026854827796126803,-0.0026854827796126803,0.0,0.0,Crisis,False,0.008852887990730928,0.008852887990730928,0.0004187830435485682,0.0004187830435485682
2022-03-15,-0.002383838680719299,-0.002383838680719299,0.0,0.0,Crisis,False,-0.007589244744910021,-0.007589244744910021,-0.0065491770473230316,-0.0065491770473230316
2022-03-16,0.0004860995263401048,0.0004860995263401048,0.0,0.0,Crisis,False,0.01146334045911151,0.01146334045911151,0.0058081069992769845,0.0058081069992769845
2022-03-17,0.0010444432109070576,0.0010444432109070576,0.0,0.0,Crisis,False,0.011317505488192945,0.011317505488192945,0.006484725075173425,0.006484725075173425
2022-03-21,-0.001061981423077003,-0.001061981423077003,0.0,0.0,Crisis,False,-0.006085440876175357,-0.006085440876175357,-0.0041452961174306404,-0.0041452961174306404
2022-03-22,0.0016429665097440517,0.0016429665097440517,0.0,0.0,Crisis,False,0.007146215771072251,0.007146215771072251,0.0053933679025822134,0.0053933679025822134
2022-03-23,0.00032074168364113305,0.00032074168364113305,0.0,0.0,Crisis,False,-0.002500620529972117,-0.002500620529972117,-0.0007264918112581257,-0.0007264918112581257
2022-03-24,0.0007971216943605689,0.0007971216943605689,0.0,0.0,Crisis,False,-0.0008231276766787818,-0.0008231276766787818,0.000666505986197948,0.000666505986197948
2022-03-25,0.0009136026983368715,0.0009136026983368715,0.0,0.0,Crisis,False,-0.00250914727518142,-0.00250914727518142,5.506481092892282e-05,5.506481092892282e-05
2022-03-28,-0.0014055793496577987,-0.0014055793496577987,0.0,0.0,Crisis,False,0.002488410986600209,0.002488410986600209,-0.0007109680029178719,-0.0007109680029178719
2022-03-29,-0.001348214541640237,-0.001348214541640237,0.0,0.0,Crisis,False,0.003716184475099047,0.003716184475099047,-7.441050091946608e-05,-7.441050091946608e-05
2022-03-30,0.00019272189437194556,0.00019272189437194556,0.0,0.0,Crisis,False,0.0061987102474737035,0.0061987102474737035,0.0030730494677028977,0.0030730494677028977
2022-03-31,0.0015692956195067587,0.0015692956195067587,0.0,0.0,Crisis,False,-0.0003193305060187338,-0.0003193305060187338,0.00013898080885957234,0.00013898080885957234
2022-04-01,0.003136896798774928,0.003136896798774928,0.0,0.0,Crisis,False,0.007329432054159186,0.007329432054159186,0.007428669686704968,0.007428669686704968
2022-04-04,-0.0006426352468954114,-0.0006426352468954114,0.0,0.0,Crisis,False,0.013542105356186251,0.013542105356186251,0.005355283789466277,0.005355283789466277
2022-04-05,0.00017170159650154316,0.00017170159650154316,0.0,0.0,Crisis,False,-0.0033503917874992697,-0.0033503917874992697,-0.0013203217852017632,-0.0013203217852017632
2022-04-06,0.0004904031646060146,0.0004904031646060146,0.0,0.0,Crisis,False,-0.0052400222032083455,-0.0052400222032083455,-0.0017809856747600923,-0.0017809856747600923
2022-04-07,0.0002941669069046495,0.00029008289157506084,4.082814300863231e-06,0.008165628601726461,Crisis,True,-0.005667949216571677,-0.005681302823680068,-0.0020261699648671896,-0.0020409979898875497
2022-04-08,0.0005859368943579823,0.0005859368943579823,0.0,0.0,Crisis,False,0.004910700651925459,0.004910700651925459,0.0028695080128923116,0.0028695080128923116
2022-04-11,0.0027921214165120656,0.0027921214165120656,0.0,0.0,Crisis,False,-0.0036889654952126758,-0.0036889654952126758,0.0021460958244449496,0.0021460958244449496
2022-04-12,-0.0005763995197476419,-0.0005763995197476419,0.0,0.0,Crisis,False,-0.004895584226215213,-0.004895584226215213,-0.0028489530333924208,-0.0028489530333924208
2022-04-13,0.002793747008031971,0.002793747008031971,0.0,0.0,Crisis,False,-0.001858726099372641,-0.001858726099372641,0.0029475674514131277,0.0029475674514131277
2022-04-18,0.0015954277927766917,0.0015954277927766917,0.0,0.0,Crisis,False,-0.010294664688497355,-0.010294664688497355,-0.0022031843649022945,-0.0022031843649022945
2022-04-19,-0.0018519771955433128,-0.0018519771955433128,0.0,0.0,Crisis,False,-0.007398037291903661,-0.007398037291903661,-0.005589607135598256,-0.005589607135598256
2022-04-20,-0.003677062327791613,-0.003677062327791613,0.0,0.0,Crisis,False,0.00617057979648911,0.00617057979648911,-0.0023753457779954377,-0.0023753457779954377
2022-04-21,0.000760305526852786,0.000760305526852786,0.0,0.0,Crisis,False,0.008822538760745529,0.008822538760745529,0.004748179275543146,0.004748179275543146
2022-04-22,-2.944719649718992e-05,-2.944719649718992e-05,0.0,0.0,Crisis,False,-0.0075357683756480266,-0.0075357683756480266,-0.0032354293937717107,-0.0032354293937717107
2022-04-25,-0.00311070543001283,-0.00311070543001283,0.0,0.0,Crisis,False,-0.007505926545535221,-0.007505926545535221,-0.00734350970779361,-0.00734350970779361
2022-04-26,-0.0006731158116967936,-0.0006731158116967936,0.0,0.0,Crisis,False,0.00855936208115534,0.00855936208115534,0.002704168718732625,0.002704168718732625
2022-04-27,-0.0017053918464476408,-0.0017053918464476408,0.0,0.0,Crisis,False,-0.005586058746244379,-0.005586058746244379,-0.004661003333402645,-0.004661003333402645
2022-04-28,0.0001113617302694073,0.0001113617302694073,0.0,0.0,Crisis,False,0.007152261707994519,0.007152261707994519,0.003169468464980737,0.003169468464980737
2022-04-29,0.003643167994605217,0.003643167994605217,0.0,0.0,Crisis,False,-0.004006690350179609,-0.004006690350179609,0.001522397612284346,0.001522397612284346
2022-05-02,-0.00365203672197968,-0.00365203672197968,0.0,0.0,Crisis,False,-0.0011576831881816524,-0.0011576831881816524,-0.005405015216193327,-0.005405015216193327
2022-05-04,-0.0022722561015371626,-0.0022722561015371626,0.0,0.0,Crisis,False,-0.01351136874039301,-0.01351136874039301,-0.008810737884561257,-0.008810737884561257
2022-05-05,0.00317214399943947,0.00317214399943947,0.0,0.0,Crisis,False,0.00017249082143975898,0.00017249082143975898,0.004393365026292901,0.004393365026292901
2022-05-06,-0.0008127698517530465,-0.0008127698517530465,0.0,0.0,Crisis,False,-0.009491858062289589,-0.009491858062289589,-0.005103769699248831,-0.005103769699248831
2022-05-09,-0.0010860021335662075,-0.0010860021335662075,0.0,0.0,Crisis,False,-0.003864529002925778,-0.003864529002925778,-0.003099192909972099,-0.003099192909972099
2022-05-10,-0.0011024387111658314,-0.0011024387111658314,0.0,0.0,Crisis,False,-0.0021915248313251414,-0.0021915248313251414,-0.002423392238733808,-0.002423392238733808
2022-05-11,-0.0014067374426953488,-0.001410521147820587,3.7890353030751864e-06,0.007578070606150372,Crisis,True,-0.0026992916344871,-0.0027106786635002766,-0.0030069721562815026,-0.0030168579605422963
2022-05-12,-0.0015496677444917883,-0.0015496677444917883,0.0,0.0,Crisis,False,-0.013298988468206641,-0.013298988468206641,-0.007691631616883415,-0.007691631616883415
2022-05-13,-0.0034953509683090024,-0.0034953509683090024,0.0,0.0,Crisis,False,-0.0009705237716726563,-0.0009705237716726563,-0.005103829314706499,-0.005103829314706499
2022-05-16,-0.0013679704030557514,-0.0013679704030557514,0.0,0.0,Crisis,False,0.002260504060635024,0.002260504060635024,-0.0008881175942538166,-0.0008881175942538166
2022-05-17,0.0038251644415779012,0.0038251644415779012,0.0,0.0,Crisis,False,0.015631975305859053,0.015631975305859053,0.011763448648683306,0.011763448648683306
2022-05-18,-0.0009142438313534763,-0.0009142438313534763,0.0,0.0,Crisis,False,-0.0006973795273904418,-0.0006973795273904418,-0.001523935681446182,-0.001523935681446182
2022-05-19,-0.00046672903900166836,-0.00046672903900166836,0.0,0.0,Crisis,False,-0.015919733226611936,-0.015919733226611936,-0.007386480859891446,-0.007386480859891446
2022-05-20,0.003566132529637552,0.003566132529637552,0.0,0.0,Crisis,False,0.01714361861830138,0.01714361861830138,0.012023810115226005,0.012023810115226005
2022-05-23,0.0016768825657313311,0.0016768825657313311,0.0,0.0,Crisis,False,-0.0018990399805587624,-0.0018990399805587624,0.001432197634393346,0.001432197634393346
2022-05-24,-0.0013412753724200623,-0.0013412753724200623,0.0,0.0,Crisis,False,-0.0033074957461596637,-0.0033074957461596637,-0.0031921718913624966,-0.0031921718913624966
2022-05-25,-8.525914581009346e-05,-8.525914581009346e-05,0.0,0.0,Crisis,False,-0.0036862250634945356,-0.0036862250634945356,-0.0016689766066099207,-0.0016689766066099207
2022-05-26,-0.0008866422927427552,-0.0008866422927427552,0.0,0.0,Crisis,False,0.005371556913861834,0.005371556913861834,0.001082526958831854,0.001082526958831854
2022-05-27,0.0018724523603319756,0.0018724523603319756,0.0,0.0,Crisis,False,0.006756766349047114,0.006756766349047114,0.005350181456463686,0.005350181456463686
2022-05-30,0.0005714174600022475,0.0005714174600022475,0.0,0.0,Crisis,False,0.011363097775910451,0.011363097775910451,0.005579458406781712,0.005579458406781712
2022-05-31,0.0014627896595832996,0.0014627896595832996,0.0,0.0,Crisis,False,-0.0017015737712340157,-0.0017015737712340157,-0.0008715936036931771,-0.0008715936036931771
2022-06-01,-0.0026468458034958533,-0.0026468458034958533,0.0,0.0,Crisis,False,-0.002248075461664465,-0.002248075461664465,-0.004478172261278727,-0.004478172261278727
2022-06-02,0.002984487000120852,0.002984487000120852,0.0,0.0,Crisis,False,0.0038400643566975073,0.0038400643566975073,0.005614767078896398,0.005614767078896398
2022-06-03,0.0007972509377577625,0.0007972509377577625,0.0,0.0,Crisis,False,-0.00158994906822087,-0.00158994906822087,0.0003808042528483552,0.0003808042528483552
2022-06-06,-0.0008996192687122085,-0.0008996192687122085,0.0,0.0,Crisis,False,-0.0005375175093105549,-0.0005375175093105549,-0.0014222657090197438,-0.0014222657090197438
2022-06-07,-0.0013483586617449154,-0.0013483586617449154,0.0,0.0,Crisis,False,-0.005581897009635193,-0.005581897009635193,-0.004171578462761551,-0.004171578462761551
2022-06-08,-0.00010933956766910594,-0.00010933956766910594,0.0,0.0,Crisis,False,-0.002203620106887063,-0.002203620106887063,-0.0010812826106525993,-0.0010812826106525993
2022-06-09,0.0034313353564355974,0.003190287427473182,0.00024022364108934678,0.48044728217869354,Bear,True,0.00446983664501337,0.004469311875876514,0.0030149935158432966,0.003013483858589794
2022-06-10,-0.007578633934839418,-0.007578633934839418,0.0,0.0,Bear,False,-0.010094531308860372,-0.010094531308860372,-0.006677643464141014,-0.006677643464141014
2022-06-13,-0.006105992081779488,-0.006105992081779488,0.0,0.0,Bear,False,-0.015763681774329796,-0.015763681774329796,-0.005841686486138265,-0.005841686486138265
2022-06-14,-0.006933650520920927,-0.006933650520920927,0.0,0.0,Bear,False,-0.0015897450827278008,-0.0015897450827278008,-0.005628771674562665,-0.005628771674562665
2022-06-15,-0.0005350492720062887,-0.0005350492720062887,0.0,0.0,Bear,False,-0.001499811772579079,-0.001499811772579079,-0.0005180938648028312,-0.0005180938648028312
2022-06-16,-0.006591209103344546,-0.006591209103344546,0.0,0.0,Bear,False,-0.012461906981162785,-0.012461906981162785,-0.006011552922798829,-0.006011552922798829
2022-06-17,0.0019482082673362357,0.0019482082673362357,0.0,0.0,Bear,False,-0.0025589776132850317,-0.0025589776132850317,0.0013938475133676174,0.0013938475133676174
2022-06-20,-0.0012158431056371072,-0.0012158431056371072,0.0,0.0,Bear,False,0.002162430422137385,0.002162430422137385,-0.0008374576516440725,-0.0008374576516440725
2022-06-21,0.006317553112947273,0.006317553112947273,0.0,0.0,Bear,False,0.010994406654906702,0.010994406654906702,0.005698135295582325,0.005698135295582325
2022-06-22,-0.006173227768462275,-0.006173227768462275,0.0,0.0,Bear,False,-0.008491500229993188,-0.008491500229993188,-0.005435446304550624,-0.005435446304550624
2022-06-23,0.004110189331571459,0.004110189331571459,0.0,0.0,Bear,False,0.00544697515216871,0.00544697515216871,0.0036038565227835347,0.0036038565227835347
2022-06-24,0.0023270933657689365,0.0023270933657689365,0.0,0.0,Bear,False,0.005384877931884616,0.005384877931884616,0.002180600960582705,0.002180600960582705
2022-06-27,0.005098896443069809,0.005098896443069809,0.0,0.0,Bear,False,0.00499185357062022,0.00499185357062022,0.004367446936644035,0.004367446936644035
2022-06-28,-0.00025519248760845096,-0.00025519248760845096,0.0,0.0,Bear,False,0.0006830362941243941,0.0006830362941243941,-0.00016017406120079044,-0.00016017406120079044
2022-06-29,-0.0015594148225323836,-0.0015594148225323836,0.0,0.0,Bear,False,-0.0019099904774842397,-0.0019099904774842397,-0.0013601275922118317,-0.0013601275922118317
2022-06-30,0.00014735021563418415,0.00014735021563418415,0.0,0.0,Bear,False,0.0004020027577497524,0.0004020027577497524,0.000526689374183177,0.000526689374183177
2022-07-01,0.005140314789537463,0.005140314789537463,0.0,0.0,Bear,False,-0.0010556335326290342,-0.0010556335326290342,0.00403053667287191,0.00403053667287191
2022-07-04,0.0049762888601425056,0.0049762888601425056,0.0,0.0,Bear,False,0.0031174473627418836,0.0031174473627418836,0.004157448337941308,0.004157448337941308
2022-07-05,0.0005902756151110548,0.0005902756151110548,0.0,0.0,Bear,False,-0.0009111951037235511,-0.0009111951037235511,0.0004170949891564411,0.0004170949891564411
2022-07-06,-0.0019427143768920194,-0.0019427143768920194,0.0,0.0,Bear,False,0.006687030864825642,0.006687030864825642,-0.0011458596819689069,-0.0011458596819689069
2022-07-07,-0.00228374946541291,-0.00228374946541291,0.0,0.0,Bear,False,0.005315092421088489,0.005315092421088489,-0.0014961413984008933,-0.0014961413984008933
2022-07-08,0.0001965238841096847,-4.38444628790835e-05,0.00024032111814923222,0.4806422362984644,Crisis,True,0.0032655880645919397,0.00326360452634078,0.0016623716325870526,0.0016609347023568422
2022-07-11,-8.01654861315613e-05,-8.01654861315613e-05,0.0,0.0,Crisis,False,-0.00017445409280177974,-0.00017445409280177974,-0.0001745024706667885,-0.0001745024706667885
2022-07-12,-0.0002031645379644643,-0.0002031645379644643,0.0,0.0,Crisis,False,-0.005846970249445152,-0.005846970249445152,-0.0027953954060229514,-0.0027953954060229514
2022-07-13,-0.0013506445755673345,-0.0013506445755673345,0.0,0.0,Crisis,False,-0.0034180239794024225,-0.0034180239794024225,-0.003274394494399027,-0.003274394494399027
2022-07-14,-0.0008946022028914995,-0.0008946022028914995,0.0,0.0,Crisis,False,-0.0010438450260474498,-0.0010438450260474498,-0.0016533816502962684,-0.0016533816502962684
2022-07-15,-0.0007146483551267254,-0.0007146483551267254,0.0,0.0,Crisis,False,0.004137380939184258,0.004137380939184258,0.0008331151327163091,0.0008331151327163091
2022-07-18,0.00332969427851488,0.00332969427851488,0.0,0.0,Crisis,False,0.00855453695984556,0.00855453695984556,0.00814639211519734,0.00814639211519734
2022-07-19,-0.0007021792969386189,-0.0007021792969386189,0.0,0.0,Crisis,False,0.002295270387395953,0.002295270387395953,5.837635971199734e-05,5.837635971199734e-05
2022-07-20,0.0006328962606273389,0.0006328962606273389,0.0,0.0,Crisis,False,0.006658085489537001,0.006658085489537001,0.0037183357353375514,0.0037183357353375514
2022-07-21,-0.0017715997957517078,-0.0017715997957517078,0.0,0.0,Crisis,False,0.0030942843749825776,0.0030942843749825776,-0.0010025668763182665,-0.0010025668763182665
2022-07-22,0.0041885262033720914,0.0041885262033720914,0.0,0.0,Crisis,False,0.004173852954165899,0.004173852954165899,0.007366208661427167,0.007366208661427167
2022-07-25,-0.0008279016902099868,-0.0008279016902099868,0.0,0.0,Crisis,False,-0.00322315741737311,-0.00322315741737311,-0.0024869939833092494,-0.0024869939833092494
2022-07-26,-0.0013113724080488366,-0.0013113724080488366,0.0,0.0,Crisis,False,-0.005373145270832003,-0.005373145270832003,-0.004068770971447184,-0.004068770971447184
2022-07-27,0.0011785768183399797,0.0011785768183399797,0.0,0.0,Crisis,False,0.005798689236619976,0.005798689236619976,0.004079193840121067,0.004079193840121067
2022-07-28,0.0035740569021815946,0.0035740569021815946,0.0,0.0,Crisis,False,0.01050473106059671,0.01050473106059671,0.00929130368723595,0.00929130368723595
2022-07-29,0.0033409430922247,0.0033409430922247,0.0,0.0,Crisis,False,0.009566393606590385,0.009566393606590385,0.006032795054711654,0.006032795054711654
2022-08-01,0.0015286917993510571,0.0015286917993510571,0.0,0.0,Crisis,False,0.006500758544342172,0.006500758544342172,0.0048508923327498935,0.0048508923327498935
2022-08-02,-0.00020858755260286807,-0.00020858755260286807,0.0,0.0,Crisis,False,0.00019190074096344392,0.00019190074096344392,-0.00018852533590268852,-0.00018852533590268852
2022-08-03,0.00021033162453319053,0.00021033162453319053,0.0,0.0,Crisis,False,0.0015214106039046608,0.0015214106039046608,0.0009333961728766131,0.0009333961728766131
2022-08-04,0.0026476540933555977,0.0026476540933555977,0.0,0.0,Crisis,False,-0.00021825675907443886,-0.00021825675907443886,0.0033606777255151135,0.0033606777255151135
2022-08-05,0.0003861355870904763,0.0003861355870904763,0.0,0.0,Crisis,False,0.0005463844343219954,0.0005463844343219954,0.0007494724908510935,0.0007494724908510935
2022-08-08,0.0015091465325170969,0.0011650097898014966,0.0003436181725418182,0.6872363450836364,Bear,True,0.004404564907154995,0.004395938802962851,0.0017026809516490493,0.0016958316988864297
2022-08-10,0.0036142127168636504,0.0036142127168636504,0.0,0.0,Bear,False,0.0003313604110317088,0.0003313604110317088,0.002044864777423009,0.002044864777423009
2022-08-11,0.0033222565751218976,0.0033222565751218976,0.0,0.0,Bear,False,0.004264893989651929,0.004264893989651929,0.0026687579335339913,0.0026687579335339913
2022-08-12,0.0020879001075939712,0.0020879001075939712,0.0,0.0,Bear,False,0.0013381341719995395,0.0013381341719995395,0.0014118790701871638,0.0014118790701871638
2022-08-16,-0.001884712256503435,-0.001884712256503435,0.0,0.0,Bear,False,0.004338374330969941,0.004338374330969941,-0.0001722532175676382,-0.0001722532175676382
2022-08-17,0.001979059073712919,0.001979059073712919,0.0,0.0,Bear,False,0.004044359107929552,0.004044359107929552,0.0018927778774759396,0.0018927778774759396
2022-08-18,-0.0004006841958522197,-0.0004006841958522197,0.0,0.0,Bear,False,0.00041465407465638923,0.00041465407465638923,-0.00013666571071490512,-0.00013666571071490512
2022-08-19,-0.00616108464756834,-0.00616108464756834,0.0,0.0,Bear,False,-0.006697093375742181,-0.006697093375742181,-0.004715668474920582,-0.004715668474920582
2022-08-22,-0.011827420120450233,-0.011827420120450233,0.0,0.0,Bear,False,-0.009124515274515492,-0.009124515274515492,-0.008299661664420293,-0.008299661664420293
2022-08-23,0.0041627785808188615,0.0041627785808188615,0.0,0.0,Bear,False,0.0029800241565265785,0.0029800241565265785,0.002862861418878142,0.002862861418878142
2022-08-24,0.003078729767232216,0.003078729767232216,0.0,0.0,Bear,False,0.0009408203850219071,0.0009408203850219071,0.0018691015438754661,0.0018691015438754661
2022-08-25,0.0023649507700339795,0.0023649507700339795,0.0,0.0,Bear,False,-0.0028211068147682254,-0.0028211068147682254,0.0007324750217063875,0.0007324750217063875
2022-08-26,-0.0038010533634901473,-0.0038010533634901473,0.0,0.0,Bear,False,0.0012517187196953467,0.0012517187196953467,-0.0018325893747429,-0.0018325893747429
2022-08-29,-0.011682546639925188,-0.011682546639925188,0.0,0.0,Bear,False,-0.00843698126388395,-0.00843698126388395,-0.008067812064059312,-0.008067812064059312
2022-08-30,0.010871290996880648,0.010871290996880648,0.0,0.0,Bear,False,0.016949372329174112,0.016949372329174112,0.010262707236103874,0.010262707236103874
2022-09-01,-0.01239313002900664,-0.01239313002900664,0.0,0.0,Bear,False,-0.0073596809321129575,-0.0073596809321129575,-0.008227309663890169,-0.008227309663890169
2022-09-02,0.000199897836857216,0.000199897836857216,0.0,0.0,Bear,False,-0.00011483855921412287,-0.00011483855921412287,8.539036071069292e-05,8.539036071069292e-05
2022-09-05,0.005235409316285643,0.005235409316285643,0.0,0.0,Bear,False,0.004325881420505723,0.004325881420505723,0.0037072714154548817,0.0037072714154548817
2022-09-06,-0.0007817283450484185,-0.0007817283450484185,0.0,0.0,Bear,False,-0.00034806928368101597,-0.00034806928368101597,-0.000494797483600484,-0.000494797483600484
2022-09-07,-0.0019477614662307022,-0.0019477614662307022,0.0,0.0,Bear,False,-0.001060970665863212,-0.001060970665863212,-0.0012689708873299531,-0.0012689708873299531
2022-09-08,0.006591639269102151,0.006591639269102151,0.0,0.0,Bear,False,0.005953353380696602,0.005953353380696602,0.004773248421252745,0.004773248421252745
2022-09-09,0.0013584133445830743,0.0012346830346723348,0.0001235624610146148,0.2471249220292296,Bull,True,0.0011703204349450935,0.0011680377004668063,0.001110004008710641,0.0011057282203363883
2022-09-12,0.0021175981606187046,0.0021175981606187046,0.0,0.0,Bull,False,0.0034641402294113333,0.0034641402294113333,0.0014653221547437838,0.0014653221547437838
2022-09-13,0.002570621896879419,0.002570621896879419,0.0,0.0,Bull,False,0.004490229149535295,0.004490229149535295,0.0017382489952140546,0.0017382489952140546
2022-09-14,-0.004219503323508492,-0.004219503323508492,0.0,0.0,Bull,False,-0.002214750727070503,-0.002214750727070503,-0.00367229265998488,-0.00367229265998488
2022-09-15,-0.004230373124516664,-0.004230373124516664,0.0,0.0,Bull,False,-0.0042300259468525895,-0.0042300259468525895,-0.003358035032932888,-0.003358035032932888
2022-09-16,-0.01514019598639187,-0.01514019598639187,0.0,0.0,Bull,False,-0.011651369716944441,-0.011651369716944441,-0.01256421644119447,-0.01256421644119447
2022-09-19,0.0030057493822281452,0.0030057493822281452,0.0,0.0,Bull,False,0.0031091951973330474,0.0031091951973330474,0.0023593734743515005,0.0023593734743515005
2022-09-20,0.006197329117525287,0.006197329117525287,0.0,0.0,Bull,False,0.006574919326997016,0.006574919326997016,0.004839312436908802,0.004839312436908802
2022-09-21,-0.0007941577802380143,-0.0007941577802380143,0.0,0.0,Bull,False,-0.003294341937954784,-0.003294341937954784,-0.00022652018563522786,-0.00022652018563522786
2022-09-22,8.80720048521714e-05,8.80720048521714e-05,0.0,0.0,Bull,False,-0.0029970722855061274,-0.0029970722855061274,0.0005601948109176343,0.0005601948109176343
2022-09-23,-0.009092859540205863,-0.009092859540205863,0.0,0.0,Bull,False,-0.01025011742437462,-0.01025011742437462,-0.007015602842612884,-0.007015602842612884
2022-09-26,-0.009481458864727323,-0.009481458864727323,0.0,0.0,Bull,False,-0.010654801747254866,-0.010654801747254866,-0.007309538589009606,-0.007309538589009606
2022-09-27,-0.0020494021066017904,-0.0020494021066017904,0.0,0.0,Bull,False,-0.0003122280579909763,-0.0003122280579909763,-0.0018935915589101571,-0.0018935915589101571
2022-09-28,-0.004866873316392197,-0.004866873316392197,0.0,0.0,Bull,False,-0.005149520970783916,-0.005149520970783916,-0.0037912403398412927,-0.0037912403398412927
2022-09-29,0.003926896317123616,0.003926896317123616,0.0,0.0,Bull,False,-0.001409943739207205,-0.001409943739207205,0.003937132177189342,0.003937132177189342
2022-09-30,0.010097995653418134,0.010097995653418134,0.0,0.0,Bull,False,0.011118820633856594,0.011118820633856594,0.008563451420568913,0.008563451420568913
2022-10-03,-0.005507637240758842,-0.005507637240758842,0.0,0.0,Bull,False,-0.007137196835260628,-0.007137196835260628,-0.0040924184228396995,-0.0040924184228396995
2022-10-04,0.01754461479611849,0.01754461479611849,0.0,0.0,Bull,False,0.013437678755906601,0.013437678755906601,0.014484730052671643,0.014484730052671643
2022-10-06,0.0033318424609238774,0.0033318424609238774,0.0,0.0,Bull,False,0.0019744407778359238,0.0019744407778359238,0.002853409497095415,0.002853409497095415
2022-10-07,0.0012572431786683988,0.0012572431786683988,0.0,0.0,Bull,False,-0.0005906306042723903,-0.0005906306042723903,0.0012839706732448036,0.0012839706732448036
2022-10-10,-0.008000038518584721,-0.008000038518584721,0.0,0.0,Bull,False,-0.0025243981920946125,-0.0025243981920946125,-0.007200755053125835,-0.007200755053125835
2022-10-11,-0.009198688644134556,-0.009202976659646755,4.327825834571704e-06,0.008655651669143408,Bull,True,-0.008955371826090009,-0.008959599690984255,-0.007337074798055564,-0.007340925652784991
2022-10-12,0.005060513765335474,0.005060513765335474,0.0,0.0,Bull,False,0.0049137528322981934,0.0049137528322981934,0.00402970032244609,0.00402970032244609
2022-10-13,-0.002059753543787334,-0.002059753543787334,0.0,0.0,Bull,False,-0.003817580841553524,-0.003817580841553524,-0.0013544913953669828,-0.0013544913953669828
2022-10-14,0.0010372153168973978,0.0010372153168973978,0.0,0.0,Bull,False,0.006010506105153534,0.006010506105153534,3.530626549640365e-05,3.530626549640365e-05
2022-10-17,0.003147660795908045,0.003147660795908045,0.0,0.0,Bull,False,0.004396892782528139,0.004396892782528139,0.0022962738618439913,0.0022962738618439913
2022-10-18,0.0036185179292817417,0.0036185179292817417,0.0,0.0,Bull,False,0.006080318295265179,0.006080318295265179,0.0024774148207079337,0.0024774148207079337
2022-10-19,0.0012187451721380348,0.0012187451721380348,0.0,0.0,Bull,False,0.0008730142363188152,0.0008730142363188152,0.0010226263750236645,0.0010226263750236645
2022-10-20,0.00015046286778580865,0.00015046286778580865,0.0,0.0,Bull,False,0.0017863676992821225,0.0017863676992821225,-0.00014028217881905655,-0.00014028217881905655
2022-10-21,-0.0021545246303839635,-0.0021545246303839635,0.0,0.0,Bull,False,0.00042105187747477874,0.00042105187747477874,-0.002125475829792356,-0.002125475829792356
2022-10-24,0.010026458877916007,0.010026458877916007,0.0,0.0,Bull,False,0.00531295564886682,0.00531295564886682,0.008712915057430978,0.008712915057430978
2022-10-25,-0.004375858369669625,-0.004375858369669625,0.0,0.0,Bull,False,-0.002545800755352929,-0.002545800755352929,-0.003772899947867979,-0.003772899947867979
2022-10-27,0.004396806081556702,0.004396806081556702,0.0,0.0,Bull,False,0.0027649620143518593,0.0027649620143518593,0.0037547108656153807,0.0037547108656153807
2022-10-28,-0.00013601092228075366,-0.00013601092228075366,0.0,0.0,Bull,False,0.001709426931481705,0.001709426931481705,-0.00040183232522090275,-0.00040183232522090275
2022-10-31,0.006323487593418278,0.006323487593418278,0.0,0.0,Bull,False,0.009479849227557681,0.009479849227557681,0.005451096159781845,0.005451096159781845
2022-11-01,0.004047969588689598,0.004047969588689598,0.0,0.0,Bull,False,0.004506358224297296,0.004506358224297296,0.003145414698534422,0.003145414698534422
2022-11-02,-0.000107593842358463,-0.000107593842358463,0.0,0.0,Bull,False,-0.0021026939563094896,-0.0021026939563094896,0.00023858782698922012,0.00023858782698922012
2022-11-03,-0.004690074238509749,-0.004690074238509749,0.0,0.0,Bull,False,-0.0010175882168593294,-0.0010175882168593294,-0.004324803654457029,-0.004324803654457029
2022-11-04,0.0039392477918458145,0.0039392477918458145,0.0,0.0,Bull,False,0.002177469610012884,0.002177469610012884,0.003416822782330812,0.003416822782330812
2022-11-07,0.005721272766421821,0.005721272766421821,0.0,0.0,Bull,False,0.002887393651367668,0.002887393651367668,0.005010404919057738,0.005010404919057738
2022-11-09,0.0006289971222647648,0.0006289971222647648,0.0,0.0,Bull,False,-0.0015395626378607473,-0.0015395626378607473,0.0008505046877946811,0.0008505046877946811
2022-11-10,-0.0016372319682988509,-0.0016372319682988509,0.0,0.0,Bull,False,-0.004336228036096334,-0.004336228036096334,-0.0008711330432878688,-0.0008711330432878688
2022-11-11,0.012619751688356533,0.01261517327416306,4.5213558059819874e-06,0.009042711611963974,Bull,True,0.010699903948220024,0.01069506088728489,0.010320413508412432,0.010316206385232896
2022-11-14,-3.7109761949438345e-05,-3.7109761949438345e-05,0.0,0.0,Bull,False,-0.0006766494560499822,-0.0006766494560499822,7.202195486748317e-05,7.202195486748317e-05
2022-11-15,0.004412151710040511,0.004412151710040511,0.0,0.0,Bull,False,0.0024466232585254972,0.0024466232585254972,0.0038229449061751575,0.0038229449061751575
2022-11-16,0.0017112325353330063,0.0017112325353330063,0.0,0.0,Bull,False,0.00020544207936150257,0.00020544207936150257,0.0016016817435850746,0.0016016817435850746
2022-11-17,-0.0030126062197151707,-0.0030126062197151707,0.0,0.0,Bull,False,-0.0021648511882137174,-0.0021648511882137174,-0.00253689721905619,-0.00253689721905619
2022-11-18,-0.0001868535445800137,-0.0001868535445800137,0.0,0.0,Bull,False,-0.0011898507289801986,-0.0011898507289801986,1.2048035019302913e-05,1.2048035019302913e-05
2022-11-21,-0.0072188121253604996,-0.0072188121253604996,0.0,0.0,Bull,False,-0.004870374623774381,-0.004870374623774381,-0.006120080693453931,-0.006120080693453931
2022-11-22,0.0028716389588579433,0.0028716389588579433,0.0,0.0,Bull,False,0.002791699577849558,0.002791699577849558,0.0022959185013663947,0.0022959185013663947
2022-11-23,-0.0004495303212851303,-0.0004495303212851303,0.0,0.0,Bull,False,0.0007616819958951226,0.0007616819958951226,-0.0005494660908518197,-0.0005494660908518197
2022-11-24,0.007472229242413246,0.007472229242413246,0.0,0.0,Bull,False,0.007160049366100649,0.007160049366100649,0.005993406432688724,0.005993406432688724
2022-11-25,0.0002355156657205664,0.0002355156657205664,0.0,0.0,Bull,False,0.0009392677903119157,0.0009392677903119157,7.589678410877427e-05,7.589678410877427e-05
2022-11-28,0.0023144774503628947,0.0023144774503628947,0.0,0.0,Bull,False,0.0016376502618747116,0.0016376502618747116,0.0019514951624543502,0.0019514951624543502
2022-11-29,0.0011970249443998755,0.0011970249443998755,0.0,0.0,Bull,False,0.0018083054060969743,0.0018083054060969743,0.0008570365209097409,0.0008570365209097409
2022-11-30,0.00419930695832805,0.00419930695832805,0.0,0.0,Bull,False,0.006128515670400538,0.006128515670400538,0.003841757064190127,0.003841757064190127
2022-12-01,0.003401161013380982,0.003401161013380982,0.0,0.0,Bull,False,0.0017567259715068867,0.0017567259715068867,0.00297364119663277,0.00297364119663277
2022-12-02,0.0011020152457522103,0.0011020152457522103,0.0,0.0,Bull,False,-0.0037695941850784836,-0.0037695941850784836,0.0016546901832321724,0.0016546901832321724
2022-12-05,0.0017316358935469838,0.0017316358935469838,0.0,0.0,Bull,False,0.0001569758998766315,0.0001569758998766315,0.0016294096725053653,0.0016294096725053653
2022-12-06,-0.00347839430836798,-0.00347839430836798,0.0,0.0,Bull,False,-0.0018909287068226384,-0.0018909287068226384,-0.003026451874737062,-0.003026451874737062
2022-12-07,-0.001842951158576462,-0.001842951158576462,0.0,0.0,Bull,False,-0.0026823471495618844,-0.0026823471495618844,-0.0013396913431482714,-0.0013396913431482714
2022-12-08,0.002883700535904594,0.002883700535904594,0.0,0.0,Bull,False,0.00159500403593777,0.00159500403593777,0.0025038043065945745,0.0025038043065945745
2022-12-09,-0.0023454047448637355,-0.0023454047448637355,0.0,0.0,Bull,False,-0.003671588948659817,-0.003671588948659817,-0.001660492947916497,-0.001660492947916497
2022-12-12,0.0012744692484590646,0.0010869624610660988,0.00018726811993279428,0.37453623986558854,Bear,True,1.3814733607597772e-05,1.1215392367924792e-05,0.0005848622135781929,0.0005815108377109635
2022-12-13,0.0011420104384281546,0.0011420104384281546,0.0,0.0,Bear,False,0.003599785384752268,0.003599785384752268,0.001783127124612752,0.001783127124612752
2022-12-14,0.006762921536094986,0.006762921536094986,0.0,0.0,Bear,False,0.0016904447135947152,0.0016904447135947152,0.003680871388585094,0.003680871388585094
2022-12-15,-0.011550249803596781,-0.011550249803596781,0.0,0.0,Bear,False,-0.007922377041187088,-0.007922377041187088,-0.008063813574097495,-0.008063813574097495
2022-12-16,-0.0010244713433165548,-0.0010244713433165548,0.0,0.0,Bear,False,-0.004741307324828499,-0.004741307324828499,-0.002124271984577965,-0.002124271984577965
2022-12-19,0.007302364178085394,0.007302364178085394,0.0,0.0,Bear,False,0.004949310133492562,0.004949310133492562,0.005063758828598269,0.005063758828598269
2022-12-20,0.004693204059193169,0.004693204059193169,0.0,0.0,Bear,False,-0.0011470440412235487,-0.0011470440412235487,0.001747296991342686,0.001747296991342686
2022-12-21,-0.0009688445006121937,-0.0009688445006121937,0.0,0.0,Bear,False,-0.0060579111503595824,-0.0060579111503595824,-0.0025503366553154354,-0.0025503366553154354
2022-12-22,-0.0008826005274033318,-0.0008826005274033318,0.0,0.0,Bear,False,-0.002350134616473365,-0.002350134616473365,-0.0012206778780472062,-0.0012206778780472062
2022-12-23,-0.007479780149449988,-0.007479780149449988,0.0,0.0,Bear,False,-0.010528247208152383,-0.010528247208152383,-0.0070895570236638806,-0.0070895570236638806
2022-12-26,0.003036496024316209,0.003036496024316209,0.0,0.0,Bear,False,0.0068991144536977985,0.0068991144536977985,0.003779335597355263,0.003779335597355263
2022-12-27,0.004558161869987691,0.004558161869987691,0.0,0.0,Bear,False,0.003878681450405327,0.003878681450405327,0.003437817644009825,0.003437817644009825
2022-12-28,-0.005174188394307506,-0.005174188394307506,0.0,0.0,Bear,False,-0.00032172350448580073,-0.00032172350448580073,-0.002492599342187112,-0.002492599342187112
2022-12-29,0.0019470165378319,0.0019470165378319,0.0,0.0,Bear,False,0.0022493260423496033,0.0022493260423496033,0.0016741781677667264,0.0016741781677667264
2022-12-30,0.0015928560717392809,0.0015928560717392809,0.0,0.0,Bear,False,-0.001002372019905169,-0.001002372019905169,0.0012487795266426438,0.0012487795266426438
2023-01-02,0.007323975241351541,0.007323975241351541,0.0,0.0,Bear,False,0.003022105252203671,0.003022105252203671,0.004410522439352992,0.004410522439352992
2023-01-03,0.007699089976812704,0.007699089976812704,0.0,0.0,Bear,False,0.0011477242414635088,0.0011477242414635088,0.003943147661372009,0.003943147661372009
2023-01-04,0.004114243455794439,0.004114243455794439,0.0,0.0,Bear,False,-0.00619234084512087,-0.00619234084512087,-0.00023427440524431123,-0.00023427440524431123
2023-01-05,-0.005205534988911944,-0.005205534988911944,0.0,0.0,Bear,False,-0.0016694149384964894,-0.0016694149384964894,-0.0029895337857280533,-0.0029895337857280533
2023-01-06,-0.0062507655142669035,-0.0062507655142669035,0.0,0.0,Bear,False,-0.004368285181767095,-0.004368285181767095,-0.004395932389617706,-0.004395932389617706
2023-01-09,0.013020837855273436,0.013020837855273436,0.0,0.0,Bear,False,0.00798873457728083,0.00798873457728083,0.008762517790282138,0.008762517790282138
2023-01-10,-0.0057413376534605634,-0.005936409854727209,0.00019619864392857381,0.3923972878571476,Bull,True,-0.006200102850575107,-0.006203218291413459,-0.004483797114560484,-0.004489480472423479
2023-01-11,-2.231887921705475e-05,-2.231887921705475e-05,0.0,0.0,Bull,False,-0.0006154161785293755,-0.0006154161785293755,7.628748106801303e-05,7.628748106801303e-05
2023-01-12,-0.0014478199026486426,-0.0014478199026486426,0.0,0.0,Bull,False,-0.0012474472471566628,-0.0012474472471566628,-0.0011773645292366066,-0.0011773645292366066
2023-01-13,0.0045157733800355905,0.0045157733800355905,0.0,0.0,Bull,False,0.0032881470311004503,0.0032881470311004503,0.003773085884251108,0.003773085884251108
2023-01-16,0.0018892754775238659,0.0018892754775238659,0.0,0.0,Bull,False,-0.0020566750850885282,-0.0020566750850885282,0.002123190446304821,0.002123190446304821
2023-01-17,0.002486205955022598,0.002486205955022598,0.0,0.0,Bull,False,0.0052883270165446465,0.0052883270165446465,0.0015317113648318941,0.0015317113648318941
2023-01-18,0.002488420486345492,0.002488420486345492,0.0,0.0,Bull,False,0.00371590276003467,0.00371590276003467,0.001779598938963501,0.001779598938963501
2023-01-19,-0.0011317395578744173,-0.0011317395578744173,0.0,0.0,Bull,False,-0.0018978539284837978,-0.0018978539284837978,-0.0007755312615547446,-0.0007755312615547446
2023-01-20,-0.00010400305722794104,-0.00010400305722794104,0.0,0.0,Bull,False,-0.0026618254832208835,-0.0026618254832208835,0.0003202578093114662,0.0003202578093114662
2023-01-23,0.0023258247566651283,0.0023258247566651283,0.0,0.0,Bull,False,0.003020436571989395,0.003020436571989395,0.00173775743974092,0.00173775743974092
2023-01-24,0.0010070102357782236,0.0010070102357782236,0.0,0.0,Bull,False,-8.281980381983146e-06,-8.281980381983146e-06,0.0009606912512846923,0.0009606912512846923
2023-01-25,-0.006676715743068159,-0.006676715743068159,0.0,0.0,Bull,False,-0.007498618903630133,-0.007498618903630133,-0.00517722939081126,-0.00517722939081126
2023-01-27,-0.007005574658595548,-0.007005574658595548,0.0,0.0,Bull,False,-0.009595550314542891,-0.009595550314542891,-0.005150834539828906,-0.005150834539828906
2023-01-30,0.0010438220398993375,0.0010438220398993375,0.0,0.0,Bull,False,0.0015030905276064966,0.0015030905276064966,0.0007554295855452907,0.0007554295855452907
2023-01-31,0.00044607776275415624,0.00044607776275415624,0.0,0.0,Bull,False,0.0021549489506094764,0.0021549489506094764,0.0009580502407948964,0.0009580502407948964
2023-02-01,0.004271305383281338,0.004271305383281338,0.0,0.0,Bull,False,-0.001535494730645894,-0.001535494730645894,0.00429821648118188,0.00429821648118188
2023-02-02,0.007578085748011997,0.007578085748011997,0.0,0.0,Bull,False,-0.0001984335250011845,-0.0001984335250011845,0.007224878544743149,0.007224878544743149
2023-02-03,-0.0015724190920281787,-0.0015724190920281787,0.0,0.0,Bull,False,0.00819572885962729,0.00819572885962729,-0.0027640824798042364,-0.0027640824798042364
2023-02-06,-0.004967230461076592,-0.004967230461076592,0.0,0.0,Bull,False,-0.002984431748738904,-0.002984431748738904,-0.004254821058007854,-0.004254821058007854
2023-02-07,-0.0008538705336376735,-0.0008538705336376735,0.0,0.0,Bull,False,-0.0014422714648224969,-0.0014422714648224969,-0.0005848616069231564,-0.0005848616069231564
2023-02-08,0.004687285656957579,0.004687285656957579,0.0,0.0,Bull,False,0.005033477985246928,0.005033477985246928,0.0036627175942288096,0.0036627175942288096
2023-02-09,-9.25913860953568e-05,-9.61238772142492e-05,3.5328182274484354e-06,0.00706563645489687,Bull,True,0.000730204769018794,0.000728161807832528,-0.0002040878057772607,-0.00020705970893619696
2023-02-10,-0.004131969493717391,-0.004131969493717391,0.0,0.0,Bull,False,-0.001239577417543969,-0.001239577417543969,-0.0037387056131001836,-0.0037387056131001836
2023-02-13,-0.002093068531457149,-0.002093068531457149,0.0,0.0,Bull,False,-0.0028752714626622926,-0.0028752714626622926,-0.0015348691268439662,-0.0015348691268439662
2023-02-14,0.0048847426790224096,0.0048847426790224096,0.0,0.0,Bull,False,0.005350433362889269,0.005350433362889269,0.0037950771799839566,0.0037950771799839566
2023-02-15,-0.0023196538707484777,-0.0023196538707484777,0.0,0.0,Bull,False,0.0028816323172974182,0.0028816323172974182,-0.002668801764909719,-0.002668801764909719
2023-02-16,0.000648313833213454,0.000648313833213454,0.0,0.0,Bull,False,0.0006682214819169356,0.0006682214819169356,0.0005107610414267802,0.0005107610414267802
2023-02-17,-0.003954232582507203,-0.003954232582507203,0.0,0.0,Bull,False,-0.0030560984321802167,-0.0030560984321802167,-0.0032769527485596037,-0.0032769527485596037
2023-02-20,0.0005529786931052562,0.0005529786931052562,0.0,0.0,Bull,False,-0.003339708972291019,-0.003339708972291019,0.001059797622239846,0.001059797622239846
2023-02-21,-0.0013109364447783634,-0.0013109364447783634,0.0,0.0,Bull,False,-0.0005974925091220436,-0.0005974925091220436,-0.0011505250981410492,-0.0011505250981410492
2023-02-22,-0.007629887547319516,-0.007629887547319516,0.0,0.0,Bull,False,-0.009158969870911006,-0.009158969870911006,-0.005799931052781756,-0.005799931052781756
2023-02-23,-0.0032704790741712353,-0.0032704790741712353,0.0,0.0,Bull,False,-0.001464955238899373,-0.001464955238899373,-0.0028761142117207715,-0.0028761142117207715
2023-02-24,-0.0017439536257347872,-0.0017439536257347872,0.0,0.0,Bull,False,-0.0015404811080814227,-0.0015404811080814227,-0.0014086280957012862,-0.0014086280957012862
2023-02-27,-0.004347713325167157,-0.004347713325167157,0.0,0.0,Bull,False,-0.002488117711163901,-0.002488117711163901,-0.003731117529290326,-0.003731117529290326
2023-02-28,-0.0016180402647734135,-0.0016180402647734135,0.0,0.0,Bull,False,-0.0012602011570243203,-0.0012602011570243203,-0.0004175745224699438,-0.0004175745224699438
2023-03-01,0.006431412553522843,0.006431412553522843,0.0,0.0,Bull,False,0.005024642891627895,0.005024642891627895,0.005295904516694055,0.005295904516694055
2023-03-02,-0.0030237548992907244,-0.0030237548992907244,0.0,0.0,Bull,False,-0.004385173978755067,-0.004385173978755067,-0.0021699304621164333,-0.0021699304621164333
2023-03-03,0.007093410183991822,0.007093410183991822,0.0,0.0,Bull,False,0.009302321169561437,0.009302321169561437,0.005244871045249452,0.005244871045249452
2023-03-06,0.003068538170912592,0.003068538170912592,0.0,0.0,Bull,False,0.0039613200962271555,0.0039613200962271555,0.002281664340553208,0.002281664340553208
2023-03-08,-0.00402331907430247,-0.00402331907430247,0.0,0.0,Bull,False,0.0014431595614347239,0.0014431595614347239,-0.004056490602375296,-0.004056490602375296
2023-03-09,-0.004580569012586997,-0.004580569012586997,0.0,0.0,Bull,False,-0.005540905111749979,-0.005540905111749979,-0.003460449743980859,-0.003460449743980859
2023-03-10,-0.0019294730782261223,-0.0019294730782261223,0.0,0.0,Bull,False,-0.0059784542593335705,-0.0059784542593335705,-0.000872585845937638,-0.000872585845937638
2023-03-13,0.007308353275899822,0.007034835206129131,0.0002715336062498584,0.5430672124997168,Crisis,True,-0.008910621558975707,-0.008914242638487613,0.0048184324019103775,0.004814427874629157
2023-03-14,0.0016067410616129821,0.0016067410616129821,0.0,0.0,Crisis,False,-0.0038632287671573158,-0.0038632287671573158,5.017697192410365e-05,5.017697192410365e-05
2023-03-15,-0.0010500271481804927,-0.0010500271481804927,0.0,0.0,Crisis,False,-0.0024832796511801776,-0.0024832796511801776,-0.0027542002109701043,-0.0027542002109701043
2023-03-16,0.004035684880923034,0.004035684880923034,0.0,0.0,Crisis,False,0.00047468806896306667,0.00047468806896306667,0.0056604285593773165,0.0056604285593773165
2023-03-17,0.0002611282527959562,0.0002611282527959562,0.0,0.0,Crisis,False,0.003998485904993744,0.003998485904993744,0.0025193534254415216,0.0025193534254415216
2023-03-20,0.006040490671009071,0.006040490671009071,0.0,0.0,Crisis,False,-0.0038850024986406897,-0.0038850024986406897,0.005956999159040944,0.005956999159040944
2023-03-21,-0.002224877404026151,-0.002224877404026151,0.0,0.0,Crisis,False,0.004160644121242788,0.004160644121242788,-0.0007334882489450434,-0.0007334882489450434
2023-03-22,-0.002272086724351637,-0.002272086724351637,0.0,0.0,Crisis,False,0.0015502884921602812,0.0015502884921602812,-0.002204576551527919,-0.002204576551527919
2023-03-23,0.0016585918987614891,0.0016585918987614891,0.0,0.0,Crisis,False,-0.0026077431999530915,-0.0026077431999530915,0.000802498352080142,0.000802498352080142
2023-03-24,0.0027938702943852796,0.0027938702943852796,0.0,0.0,Crisis,False,-0.0045963851556557085,-0.0045963851556557085,0.0012533425212444297,0.0012533425212444297
2023-03-27,-0.002592940535558298,-0.002592940535558298,0.0,0.0,Crisis,False,0.0014194601842612078,0.0014194601842612078,-0.0026975744826213807,-0.0026975744826213807
2023-03-28,5.694541065893207e-05,5.694541065893207e-05,0.0,0.0,Crisis,False,-0.0011849380230980965,-0.0011849380230980965,-0.0005699785589436209,-0.0005699785589436209
2023-03-29,0.001454879167431835,0.001454879167431835,0.0,0.0,Crisis,False,0.0045126394197283325,0.0045126394197283325,0.0043807877443138325,0.0043807877443138325
2023-03-31,0.005515204218673718,0.005515204218673718,0.0,0.0,Crisis,False,0.011664965544882845,0.011664965544882845,0.009452756815767011,0.009452756815767011
2023-04-03,-0.0013964821241975725,-0.0013964821241975725,0.0,0.0,Crisis,False,0.001315467303168362,0.001315467303168362,-0.0011380507053623632,-0.0011380507053623632
2023-04-05,0.005482084250805742,0.005482084250805742,0.0,0.0,Crisis,False,0.0054710580946378245,0.0054710580946378245,0.010237474038038295,0.010237474038038295
2023-04-06,-0.0002536827047797679,-0.0002536827047797679,0.0,0.0,Crisis,False,0.0014407303137871483,0.0014407303137871483,0.00043894373521274985,0.00043894373521274985
2023-04-10,-0.0022129932916203376,-0.0022129932916203376,0.0,0.0,Crisis,False,0.000847111580052439,0.000847111580052439,-0.002460118317523291,-0.002460118317523291
2023-04-11,0.0008816943869231496,0.0008816943869231496,0.0,0.0,Crisis,False,0.0033546266734186593,0.0033546266734186593,0.00297614929293246,0.00297614929293246
2023-04-12,0.000887361642078616,0.000887361642078616,0.0,0.0,Crisis,False,0.003069842273421113,0.003069842273421113,0.0028198934505229856,0.0028198934505229856
2023-04-13,0.0011311402867288602,0.0011311402867288602,0.0,0.0,Crisis,False,0.0005292242416295157,0.0005292242416295157,0.0017748358562921529,0.0017748358562921529
2023-04-17,-0.00369844801263492,-0.003964214361909524,0.0002667529210854076,0.5335058421708152,Bear,True,-0.004081122907530399,-0.004083365490819557,-0.0038085754659274622,-0.0038171631197020384
2023-04-18,-0.0027808113936430862,-0.0027808113936430862,0.0,0.0,Bear,False,-0.0015742678605896565,-0.0015742678605896565,-0.002032887486910296,-0.002032887486910296
2023-04-19,-0.006201093341981122,-0.006201093341981122,0.0,0.0,Bear,False,-0.0014012426065452732,-0.0014012426065452732,-0.00336075067724666,-0.00336075067724666
2023-04-20,0.008109766863706885,0.008109766863706885,0.0,0.0,Bear,False,0.00018932443981186978,0.00018932443981186978,0.0034724256351173115,0.0034724256351173115
2023-04-21,-0.005413930914863206,-0.005413930914863206,0.0,0.0,Bear,False,-9.659979498053118e-06,-9.659979498053118e-06,-0.0022634208671569074,-0.0022634208671569074
2023-04-24,-0.0004667847696430408,-0.0004667847696430408,0.0,0.0,Bear,False,0.0040444629041246705,0.0040444629041246705,0.002055366256910984,0.002055366256910984
2023-04-25,0.0009320182314202574,0.0009320182314202574,0.0,0.0,Bear,False,0.0008686241846858189,0.0008686241846858189,0.0008703787239527629,0.0008703787239527629
2023-04-26,0.0024900711122474396,0.0024900711122474396,0.0,0.0,Bear,False,0.0014993687001580614,0.0014993687001580614,0.001868711345352635,0.001868711345352635
2023-04-27,-0.00015701828685428236,-0.00015701828685428236,0.0,0.0,Bear,False,0.003412169634839609,0.003412169634839609,0.0018354178954297425,0.0018354178954297425
2023-04-28,-0.0025056805163395377,-0.0025056805163395377,0.0,0.0,Bear,False,0.006828564539025523,0.006828564539025523,0.002897445692775973,0.002897445692775973
2023-05-02,0.0009312338201464272,0.0009312338201464272,0.0,0.0,Bear,False,0.0027507256279463896,0.0027507256279463896,0.0019241915677975809,0.0019241915677975809
2023-05-03,0.011656431618594807,0.011656431618594807,0.0,0.0,Bear,False,-0.0019172354351589798,-0.0019172354351589798,0.0037230863754835796,0.0037230863754835796
2023-05-04,0.006912037224255925,0.006912037224255925,0.0,0.0,Bear,False,0.0055264347223361,0.0055264347223361,0.005948131828599248,0.005948131828599248
2023-05-05,-0.00015252191272160318,-0.00015252191272160318,0.0,0.0,Bear,False,-0.006186569793833499,-0.006186569793833499,-0.0035106306002111527,-0.0035106306002111527
2023-05-08,-0.005034861772942317,-0.005034861772942317,0.0,0.0,Bear,False,0.006511661177079976,0.006511661177079976,0.0015209971286788693,0.0015209971286788693
2023-05-09,0.0030668673805669556,0.0030668673805669556,0.0,0.0,Bear,False,5.128032661125829e-05,5.128032661125829e-05,0.0012980434942445667,0.0012980434942445667
2023-05-10,0.0009152893489950207,0.0009152893489950207,0.0,0.0,Bear,False,0.0016233268630131532,0.0016233268630131532,0.0012847348317592121,0.0012847348317592121
2023-05-11,-0.0009144523499443723,-0.0009144523499443723,0.0,0.0,Bear,False,-0.0005943509047064449,-0.0005943509047064449,-0.0007103972386324861,-0.0007103972386324861
2023-05-12,-0.007032187235358516,-0.007032187235358516,0.0,0.0,Bear,False,0.000588732646568275,0.000588732646568275,-0.002585611084571518,-0.002585611084571518
2023-05-15,0.005694388180255225,0.005694388180255225,0.0,0.0,Bear,False,0.002774237042178021,0.002774237042178021,0.003902075165652122,0.003902075165652122
2023-05-16,-0.0035189669416408635,-0.0035189669416408635,0.0,0.0,Bear,False,-0.0036994267403199833,-0.0036994267403199833,-0.0035228092578045746,-0.0035228092578045746
2023-05-17,-0.006614827789280614,-0.006937677968053224,0.00032499999778957733,0.6499999955791547,Bull,True,-0.0034369616930522537,-0.0034394566515433267,-0.0046631875654878545,-0.004665639671682542
2023-05-18,-0.002056601750186757,-0.002056601750186757,0.0,0.0,Bull,False,-0.0017094780203161606,-0.0017094780203161606,-0.001145001089454945,-0.001145001089454945
2023-05-19,0.0016161842855232336,0.0016161842855232336,0.0,0.0,Bull,False,0.0024264488447055424,0.0024264488447055424,0.0003838007706261115,0.0003838007706261115
2023-05-22,0.007630501737813582,0.007630501737813582,0.0,0.0,Bull,False,0.0036480151371119786,0.0036480151371119786,0.005508128724945301,0.005508128724945301
2023-05-23,-0.0025027480541066614,-0.0025027480541066614,0.0,0.0,Bull,False,0.0011014358756869175,0.0011014358756869175,-0.0029096170212798223,-0.0029096170212798223
2023-05-24,-7.34955218329638e-05,-7.34955218329638e-05,0.0,0.0,Bull,False,-0.0020458786849166717,-0.0020458786849166717,0.0009141298637666508,0.0009141298637666508
2023-05-25,-0.0007480781000719261,-0.0007480781000719261,0.0,0.0,Bull,False,0.0011730387953230235,0.0011730387953230235,-0.0012720293730149042,-0.0012720293730149042
2023-05-26,0.0055427798711105885,0.0055427798711105885,0.0,0.0,Bull,False,0.005840270727190431,0.005840270727190431,0.0024877865348356216,0.0024877865348356216
2023-05-29,0.002514175549194209,0.002514175549194209,0.0,0.0,Bull,False,0.0032316351954538524,0.0032316351954538524,0.00084678507138415,0.00084678507138415
2023-05-30,0.0009770651146152908,0.0009770651146152908,0.0,0.0,Bull,False,0.0011471427616351797,0.0011471427616351797,0.00038871237750875206,0.00038871237750875206
2023-05-31,-0.0035798948494172042,-0.0035798948494172042,0.0,0.0,Bull,False,-0.0011238927288530973,-0.0011238927288530973,-0.00010482954003985102,-0.00010482954003985102
2023-06-01,-0.002592795741707796,-0.002592795741707796,0.0,0.0,Bull,False,-0.0015151048664858262,-0.0015151048664858262,-0.0017462343523489436,-0.0017462343523489436
2023-06-02,0.00386642025653873,0.00386642025653873,0.0,0.0,Bull,False,0.0015076203379988285,0.0015076203379988285,0.00296221114909109,0.00296221114909109
2023-06-05,-0.0019033291011093397,-0.0019033291011093397,0.0,0.0,Bull,False,0.0019366488042467252,0.0019366488042467252,-0.0027521738183883056,-0.0027521738183883056
2023-06-06,0.002531552064807222,0.002531552064807222,0.0,0.0,Bull,False,0.00017086669368007252,0.00017086669368007252,0.0023412940064244797,0.0023412940064244797
2023-06-07,0.003972611555240128,0.003972611555240128,0.0,0.0,Bull,False,0.004125115090063626,0.004125115090063626,0.001804534334413101,0.001804534334413101
2023-06-08,-0.005170883189532311,-0.005170883189532311,0.0,0.0,Bull,False,-0.002960705905716784,-0.002960705905716784,-0.003517613018460217,-0.003517613018460217
2023-06-09,-0.0007781945167450732,-0.0007781945167450732,0.0,0.0,Bull,False,-0.0023072300465323036,-0.0023072300465323036,0.0003649893710113712,0.0003649893710113712
2023-06-12,0.0011496538512871164,0.0011496538512871164,0.0,0.0,Bull,False,0.0012401528677623305,0.0012401528677623305,0.0005057643688574144,0.0005057643688574144
2023-06-13,0.0037924083594705923,0.0037924083594705923,0.0,0.0,Bull,False,0.0037155023473236974,0.0037155023473236974,0.0018330958254074489,0.0018330958254074489
2023-06-14,-0.0008001010224927207,-0.0008001010224927207,0.0,0.0,Bull,False,0.0012834191123058064,0.0012834191123058064,-0.0013857475968764837,-0.0013857475968764837
2023-06-15,-0.0051186853456615285,-0.005124789146530251,6.135205052846872e-06,0.012270410105693744,Bull,True,-0.0021689424609193206,-0.002171337588990685,-0.003842108823758498,-0.003846988243463967
2023-06-16,0.00828267334420946,0.00828267334420946,0.0,0.0,Bull,False,0.0044210132031786255,0.0044210132031786255,0.005769371231312466,0.005769371231312466
2023-06-19,-0.0033345103088089846,-0.0033345103088089846,0.0,0.0,Bull,False,-0.002251865010785539,-0.002251865010785539,-0.0021069022213288545,-0.0021069022213288545
2023-06-20,0.0018461991240405957,0.0018461991240405957,0.0,0.0,Bull,False,0.0019554700759275854,0.0019554700759275854,0.0008217368795582894,0.0008217368795582894
2023-06-21,-0.0013753237725208775,-0.0013753237725208775,0.0,0.0,Bull,False,0.0012858540125081478,0.0012858540125081478,-0.00191911429807792,-0.00191911429807792
2023-06-22,-0.004557567925109981,-0.004557567925109981,0.0,0.0,Bull,False,-0.0027295112121584735,-0.0027295112121584735,-0.003041607177496718,-0.003041607177496718
2023-06-23,-0.004445499438467909,-0.004445499438467909,0.0,0.0,Bull,False,-0.0033812751149167454,-0.0033812751149167454,-0.0026159826359707142,-0.0026159826359707142
2023-06-26,0.0025745315176869134,0.0025745315176869134,0.0,0.0,Bull,False,0.0008205476803061263,0.0008205476803061263,0.0020499769510269224,0.0020499769510269224
2023-06-27,0.003077354994879276,0.003077354994879276,0.0,0.0,Bull,False,0.00404950618102886,0.00404950618102886,0.0009984052644345651,0.0009984052644345651
2023-06-28,0.003642001080447379,0.003642001080447379,0.0,0.0,Bull,False,0.00493910057685193,0.00493910057685193,0.001105467191643358,0.001105467191643358
2023-06-30,0.00585429879042479,0.00585429879042479,0.0,0.0,Bull,False,0.008796262374452768,0.008796262374452768,0.003881736010932278,0.003881736010932278
2023-07-03,0.006316997241638451,0.006316997241638451,0.0,0.0,Bull,False,0.004204339775300389,0.004204339775300389,0.004016558490707296,0.004016558490707296
2023-07-04,0.004461309248184433,0.004461309248184433,0.0,0.0,Bull,False,0.0020878798039471705,0.0020878798039471705,0.0032773697965298313,0.0032773697965298313
2023-07-05,0.0010041609574773826,0.0010041609574773826,0.0,0.0,Bull,False,0.00029337603472314925,0.00029337603472314925,0.0008179105680948375,0.0008179105680948375
2023-07-06,0.0028187767081767063,0.0028187767081767063,0.0,0.0,Bull,False,0.003102991601121329,0.003102991601121329,0.0012272895139366494,0.0012272895139366494
2023-07-07,-0.004803368954709508,-0.004803368954709508,0.0,0.0,Bull,False,-0.0051737431105722655,-0.0051737431105722655,-0.002137940815999724,-0.002137940815999724
2023-07-10,0.0008899679982184965,0.0008899679982184965,0.0,0.0,Bull,False,0.0007516603073325208,0.0007516603073325208,0.00048686254024187013,0.00048686254024187013
2023-07-11,0.0037298130351846102,0.0037298130351846102,0.0,0.0,Bull,False,0.0026159451631338686,0.0026159451631338686,0.002320715238599145,0.002320715238599145
2023-07-12,-0.0022772407179575322,-0.0022772407179575322,0.0,0.0,Bull,False,-0.0017216944248519763,-0.0017216944248519763,-0.0013597205259066772,-0.0013597205259066772
2023-07-13,0.0038563331155591772,0.0038563331155591772,0.0,0.0,Bull,False,0.0009256949737143963,0.0009256949737143963,0.0032639510568037338,0.0032639510568037338
2023-07-14,0.005583185782002039,0.005583185782002039,0.0,0.0,Bull,False,0.0047103306683409845,0.0047103306683409845,0.0030969843745355546,0.0030969843745355546
2023-07-17,0.005613480851248235,0.005542789980915508,7.029626360309509e-05,0.14059252720619017,Bull,True,0.004506607950624852,0.004502112549424453,0.0018447893954714651,0.0018403611233810402
2023-07-18,0.0022053712482772666,0.0022053712482772666,0.0,0.0,Bull,False,0.0011580246039280054,0.0011580246039280054,0.0017642003287520998,0.0017642003287520998
2023-07-19,0.0048162114458191255,0.0048162114458191255,0.0,0.0,Bull,False,0.002558533154709482,0.002558533154709482,0.003787798316496725,0.003787798316496725
2023-07-20,0.006129449587357259,0.006129449587357259,0.0,0.0,Bull,False,0.004440891721947396,0.004440891721947396,0.002861627390718213,0.002861627390718213
2023-07-21,-0.011065390594284873,-0.011065390594284873,0.0,0.0,Bull,False,-0.007090679085353071,-0.007090679085353071,-0.006753078129516292,-0.006753078129516292
2023-07-24,-0.0029482429034020444,-0.0029482429034020444,0.0,0.0,Bull,False,-0.0022157528148466616,-0.0022157528148466616,-0.001233507630181685,-0.001233507630181685
2023-07-25,6.033186557629875e-05,6.033186557629875e-05,0.0,0.0,Bull,False,0.0002482104295503803,0.0002482104295503803,-0.0003232527383562808,-0.0003232527383562808
2023-07-26,0.0049993671462338456,0.0049993671462338456,0.0,0.0,Bull,False,0.002989611469283369,0.002989611469283369,0.003374568266197117,0.003374568266197117
2023-07-27,-0.004442407300583352,-0.004442407300583352,0.0,0.0,Bull,False,-0.003611362021829006,-0.003611362021829006,-0.0014200596461866294,-0.0014200596461866294
2023-07-28,-0.001585877709948732,-0.001585877709948732,0.0,0.0,Bull,False,-0.000419532591228783,-0.000419532591228783,-0.0019382907600002113,-0.0019382907600002113
2023-07-31,0.004350528671436652,0.004350528671436652,0.0,0.0,Bull,False,0.005112635828747747,0.005112635828747747,0.003281120912279554,0.003281120912279554
2023-08-01,-0.0007037920254438592,-0.0007037920254438592,0.0,0.0,Bull,False,-0.0006124269127592945,-0.0006124269127592945,-0.00014333777710873232,-0.00014333777710873232
2023-08-02,-0.00844214224491292,-0.00844214224491292,0.0,0.0,Bull,False,-0.006304020766915239,-0.006304020766915239,-0.003574575360998171,-0.003574575360998171
2023-08-03,-0.006486256776692015,-0.006486256776692015,0.0,0.0,Bull,False,-0.004440821463744737,-0.004440821463744737,-0.0033862287740547806,-0.0033862287740547806
2023-08-04,0.005417939566735669,0.005417939566735669,0.0,0.0,Bull,False,0.004170745744234016,0.004170745744234016,0.0020498420687331083,0.0020498420687331083
2023-08-07,0.003251475113065465,0.003251475113065465,0.0,0.0,Bull,False,0.002453689349003941,0.002453689349003941,0.0012954014357868388,0.0012954014357868388
2023-08-08,-0.0008041045432761119,-0.0008041045432761119,0.0,0.0,Bull,False,-0.0008049973591259344,-0.0008049973591259344,1.3805470389198505e-05,1.3805470389198505e-05
2023-08-09,0.0017715882360006797,0.0017715882360006797,0.0,0.0,Bull,False,0.0018845023483987937,0.0018845023483987937,-0.000203643549304156,-0.000203643549304156
2023-08-10,-0.004203119577074776,-0.004203119577074776,0.0,0.0,Bull,False,-0.002728672679998109,-0.002728672679998109,-0.002440211159792259,-0.002440211159792259
2023-08-11,-0.00510122137932607,-0.00510122137932607,0.0,0.0,Bull,False,-0.003516503085776472,-0.003516503085776472,-0.0026179597077144448,-0.0026179597077144448
2023-08-14,9.815233212289264e-05,9.815233212289264e-05,0.0,0.0,Bull,False,0.0001921248116798387,0.0001921248116798387,-0.00015768084124404848,-0.00015768084124404848
2023-08-16,0.0008662229501134266,0.0006657653315156331,0.00020028412788991213,0.40056825577982424,Bear,True,0.000936149268097619,0.0009347993799582177,0.0006520950315115347,0.000650662286876047
2023-08-17,-0.005522042537633872,-0.005522042537633872,0.0,0.0,Bear,False,-0.0030727854097991588,-0.0030727854097991588,-0.003635111637548184,-0.003635111637548184
2023-08-18,-0.0019817099746864825,-0.0019817099746864825,0.0,0.0,Bear,False,-0.0017006271159781222,-0.0017006271159781222,-0.0014116749148468213,-0.0014116749148468213
2023-08-21,0.0008846649003689924,0.0008846649003689924,0.0,0.0,Bear,False,0.002578208241648265,0.002578208241648265,0.0009630252487874279,0.0009630252487874279
2023-08-22,0.0027097034765086025,0.0027097034765086025,0.0,0.0,Bear,False,9.19971767036668e-05,9.19971767036668e-05,0.001521393506527861,0.001521393506527861
2023-08-23,-9.987412450101867e-05,-9.987412450101867e-05,0.0,0.0,Bear,False,0.0014697570886228434,0.0014697570886228434,0.00021706457699884442,0.00021706457699884442
2023-08-24,0.0014608139020545093,0.0014608139020545093,0.0,0.0,Bear,False,-0.0017685225885991388,-0.0017685225885991388,0.00048203502651369664,0.00048203502651369664
2023-08-25,-0.003572261109500542,-0.003572261109500542,0.0,0.0,Bear,False,-0.0037380017089732862,-0.0037380017089732862,-0.002675787195001163,-0.002675787195001163
2023-08-28,-0.0008532690909979861,-0.0008532690909979861,0.0,0.0,Bear,False,0.0012491400342471348,0.0012491400342471348,-0.0002422439700501401,-0.0002422439700501401
2023-08-29,0.0029273975264876087,0.0029273975264876087,0.0,0.0,Bear,False,0.0011344347906735019,0.0011344347906735019,0.0018331652080588712,0.0018331652080588712
2023-08-30,0.004425525616919883,0.004425525616919883,0.0,0.0,Bear,False,0.00014465899816166545,0.00014465899816166545,0.0024804707681121236,0.0024804707681121236
2023-08-31,-0.0018052924915716898,-0.0018052924915716898,0.0,0.0,Bear,False,-0.0011552874385726943,-0.0011552874385726943,-9.048658928326831e-05,-9.048658928326831e-05
2023-09-01,0.0039771850496611826,0.0039771850496611826,0.0,0.0,Bear,False,0.005629079891464681,0.005629079891464681,0.0032492063252666076,0.0032492063252666076
2023-09-04,0.0027534581594261536,0.0027534581594261536,0.0,0.0,Bear,False,0.0028775279402622456,0.0028775279402622456,0.0020593072747657074,0.0020593072747657074
2023-09-05,-0.00012864404636349445,-0.00012864404636349445,0.0,0.0,Bear,False,0.0014166462430082194,0.0014166462430082194,0.000190730036692617,0.000190730036692617
2023-09-06,0.00026323962526493376,0.00026323962526493376,0.0,0.0,Bear,False,0.0011093340844684624,0.0011093340844684624,0.00035190343074147865,0.00035190343074147865
2023-09-07,0.0007056588128407798,0.0007056588128407798,0.0,0.0,Bear,False,0.0035557059715130446,0.0035557059715130446,0.0010516621382825157,0.0010516621382825157
2023-09-08,0.0023744227967314167,0.0023744227967314167,0.0,0.0,Bear,False,0.0028374928559405338,0.0028374928559405338,0.001846631566153129,0.001846631566153129
2023-09-11,0.003003145198503701,0.003003145198503701,0.0,0.0,Bear,False,0.0053727340969980785,0.0053727340969980785,0.0026691820678833023,0.0026691820678833023
2023-09-12,-0.0017205970009581556,-0.0017205970009581556,0.0,0.0,Bear,False,-9.54405884478094e-05,-9.54405884478094e-05,-0.0009744342045638613,-0.0009744342045638613
2023-09-13,-9.555596702873293e-05,-9.555596702873293e-05,0.0,0.0,Bear,False,0.0023229781837527043,0.0023229781837527043,0.0003782859490939682,0.0003782859490939682
2023-09-14,0.0005274411595767373,0.0004829671836439342,4.445053089343746e-05,0.08890106178687492,Bear,True,0.0009895249439461295,0.0009861885178705787,0.0005497360799700719,0.0005461478907460293
2023-09-15,0.0046924350527848754,0.0046924350527848754,0.0,0.0,Bear,False,0.0026655238326564286,0.0026655238326564286,0.00308445120223725,0.00308445120223725
2023-09-18,0.003404930908820048,0.003404930908820048,0.0,0.0,Bear,False,-0.001754898914735377,-0.001754898914735377,0.0011568498915507902,0.0011568498915507902
2023-09-20,-0.00447479260394147,-0.00447479260394147,0.0,0.0,Bear,False,-0.006923585989817447,-0.006923585989817447,-0.004235462032470618,-0.004235462032470618
2023-09-21,-0.004017884327305905,-0.004017884327305905,0.0,0.0,Bear,False,-0.0047749803540230815,-0.0047749803540230815,-0.003371570693125943,-0.003371570693125943
2023-09-22,-0.0017668045629613128,-0.0017668045629613128,0.0,0.0,Bear,False,-0.002055993528497223,-0.002055993528497223,-0.0014693264986006844,-0.0014693264986006844
2023-09-25,4.800955707077214e-06,4.800955707077214e-06,0.0,0.0,Bear,False,5.083532216972594e-06,5.083532216972594e-06,1.695692724744736e-06,1.695692724744736e-06
2023-09-26,-0.0028890914799867625,-0.0028890914799867625,0.0,0.0,Bear,False,-0.0002940234866275509,-0.0002940234866275509,-0.0015033168254723127,-0.0015033168254723127
2023-09-27,-0.0035551930953024056,-0.0035551930953024056,0.0,0.0,Bear,False,0.0015620370477655986,0.0015620370477655986,-0.0012897498857502093,-0.0012897498857502093
2023-09-28,-0.007635637224760016,-0.007635637224760016,0.0,0.0,Bear,False,-0.005828372591423425,-0.005828372591423425,-0.005447606687925429,-0.005447606687925429
2023-09-29,0.0007493872174712899,0.0007493872174712899,0.0,0.0,Bear,False,0.0053080724940344015,0.0053080724940344015,0.0028998149623424563,0.0028998149623424563
2023-10-03,-0.008139918857988324,-0.008139918857988324,0.0,0.0,Bear,False,-0.0033200338935394647,-0.0033200338935394647,-0.004947842093207349,-0.004947842093207349
2023-10-04,-0.008070686133099414,-0.008070686133099414,0.0,0.0,Bear,False,-0.002810279974769427,-0.002810279974769427,-0.004748619475318488,-0.004748619475318488
2023-10-05,0.000255124678976569,0.000255124678976569,0.0,0.0,Bear,False,0.003335298625467361,0.003335298625467361,0.0011072911396522878,0.0011072911396522878
2023-10-06,0.0035998307186742746,0.0035998307186742746,0.0,0.0,Bear,False,0.0032665982765157343,0.0032665982765157343,0.0027073704247429532,0.0027073704247429532
2023-10-09,0.004696216584929369,0.004696216584929369,0.0,0.0,Bear,False,-0.004269285401455937,-0.004269285401455937,0.0010093214997062845,0.0010093214997062845
2023-10-10,0.0035911495807564708,0.0035911495807564708,0.0,0.0,Bear,False,0.0053866474191866884,0.0053866474191866884,0.0033303087909715957,0.0033303087909715957
2023-10-11,0.005309763534083648,0.005309763534083648,0.0,0.0,Bear,False,0.0036714769124984578,0.0036714769124984578,0.0036660884363421543,0.0036660884363421543
2023-10-12,0.002761686931726688,0.002761686931726688,0.0,0.0,Bear,False,-0.0005217773207299198,-0.0005217773207299198,0.0011910498780069328,0.0011910498780069328
2023-10-13,0.000686890648892893,0.000686890648892893,0.0,0.0,Bear,False,-0.0012923419138063772,-0.0012923419138063772,-4.5326742212517296e-05,-4.5326742212517296e-05
2023-10-16,0.010161796561773883,0.010161796561773883,0.0,0.0,Bear,False,-0.0005815119849006075,-0.0005815119849006075,0.0047890221780937875,0.0047890221780937875
2023-10-17,0.002332977841106926,0.002290169070773951,4.270913087716072e-05,0.08541826175432143,Bear,True,0.002425025656619395,0.0024224406643309493,0.0017452555358732356,0.0017427145776733877
2023-10-18,0.0027600910439828067,0.0027600910439828067,0.0,0.0,Bear,False,-0.004258945295910971,-0.004258945295910971,0.0007446093430439013,0.0007446093430439013
2023-10-19,0.0006087641905370218,0.0006087641905370218,0.0,0.0,Bear,False,-0.0014175278120978614,-0.0014175278120978614,7.500714390573921e-05,7.500714390573921e-05
2023-10-20,0.006420313519902796,0.006420313519902796,0.0,0.0,Bear,False,-0.0024990953779662466,-0.0024990953779662466,0.003120017930953708,0.003120017930953708
2023-10-23,-0.005814597345736223,-0.005814597345736223,0.0,0.0,Bear,False,-0.007983301213610367,-0.007983301213610367,-0.0047155870710992006,-0.0047155870710992006
2023-10-25,-0.004757476053504658,-0.004757476053504658,0.0,0.0,Bear,False,-0.0049204286258472275,-0.0049204286258472275,-0.0035551333672967787,-0.0035551333672967787
2023-10-26,-0.00035349131294581514,-0.00035349131294581514,0.0,0.0,Bear,False,-0.008207216703195193,-0.008207216703195193,-0.0016933588754764342,-0.0016933588754764342
2023-10-27,0.001580514309203418,0.001580514309203418,0.0,0.0,Bear,False,0.005939431199659755,0.005939431199659755,0.00196107449315604,0.00196107449315604
2023-10-30,0.006418448237104947,0.006418448237104947,0.0,0.0,Bear,False,0.0029041769734539503,0.0029041769734539503,0.004109108379063533,0.004109108379063533
2023-10-31,-0.0007579245438037938,-0.0007579245438037938,0.0,0.0,Bear,False,-5.6874173793510776e-05,-5.6874173793510776e-05,0.0007352956068943323,0.0007352956068943323
2023-11-01,-0.005370681437966294,-0.005370681437966294,0.0,0.0,Bear,False,-0.0028008548756874177,-0.0028008548756874177,-0.0035093016271397558,-0.0035093016271397558
2023-11-02,0.003983661638128451,0.003983661638128451,0.0,0.0,Bear,False,0.004470639226977586,0.004470639226977586,0.003031095752306376,0.003031095752306376
2023-11-03,0.0013666331919877496,0.0013666331919877496,0.0,0.0,Bear,False,0.0030136161984760236,0.0030136161984760236,0.0013135867850411723,0.0013135867850411723
2023-11-06,0.0030492931915825725,0.0030492931915825725,0.0,0.0,Bear,False,0.0055793455837034045,0.0055793455837034045,0.002716195486933584,0.002716195486933584
2023-11-07,-0.004705696564343258,-0.004705696564343258,0.0,0.0,Bear,False,-0.00015077472749868608,-0.00015077472749868608,-0.002653011466468461,-0.002653011466468461
2023-11-08,0.0012154889702172377,0.0012154889702172377,0.0,0.0,Bear,False,0.0011241108233915702,0.0011241108233915702,0.0008807208995916295,0.0008807208995916295
2023-11-09,-0.0064193388510852935,-0.0064193388510852935,0.0,0.0,Bear,False,-0.001471881509410819,-0.001471881509410819,-0.0038459524891243067,-0.0038459524891243067
2023-11-10,0.005020244970746993,0.005020244970746993,0.0,0.0,Bear,False,0.0009214850090143803,0.0009214850090143803,0.0029608600889375804,0.0029608600889375804
2023-11-13,-0.004142061667232835,-0.004142061667232835,0.0,0.0,Bear,False,0.0005576479037075195,0.0005576479037075195,-0.0022058506039979806,-0.0022058506039979806
2023-11-15,0.011004228174967098,0.011004228174967098,0.0,0.0,Bear,False,0.007096917190662745,0.007096917190662745,0.00742142477423443,0.00742142477423443
2023-11-16,0.000970381181816267,0.000970381181816267,0.0,0.0,Bear,False,0.002728863409124044,0.002728863409124044,0.0010428827038710946,0.0010428827038710946
2023-11-17,0.002259406089797564,0.0018916373738380177,0.00036693965027924543,0.7338793005584908,Crisis,True,-0.0010138558320722524,-0.0010141911794337988,0.0024853374474169687,0.00248317631986672
2023-11-20,-0.0009942621339954535,-0.0009942621339954535,0.0,0.0,Crisis,False,-0.0011446692059050884,-0.0011446692059050884,-0.001926661074569594,-0.001926661074569594
2023-11-21,0.001134415780336708,0.001134415780336708,0.0,0.0,Crisis,False,0.002715745144187177,0.002715745144187177,0.0029297663971713473,0.0029297663971713473
2023-11-22,0.0014306158360184744,0.0014306158360184744,0.0,0.0,Crisis,False,0.0008631385386734988,0.0008631385386734988,0.0023526084910882937,0.0023526084910882937
2023-11-23,-0.0007276783545713774,-0.0007276783545713774,0.0,0.0,Crisis,False,-0.00029459495071940985,-0.00029459495071940985,-0.0011291244432426906,-0.0011291244432426906
2023-11-24,0.0006245860229697756,0.0006245860229697756,0.0,0.0,Crisis,False,-0.00022137713604107948,-0.00022137713604107948,0.0007167307081335352,0.0007167307081335352
2023-11-28,0.0007968630243868299,0.0007968630243868299,0.0,0.0,Crisis,False,0.0028772820763246837,0.0028772820763246837,0.0025578672403471533,0.0025578672403471533
2023-11-29,0.003807462996763459,0.003807462996763459,0.0,0.0,Crisis,False,0.006261071437856941,0.006261071437856941,0.008291039395438854,0.008291039395438854
2023-11-30,0.003309166672503522,0.003309166672503522,0.0,0.0,Crisis,False,0.002620491275728867,0.002620491275728867,0.0025051776715530184,0.0025051776715530184
2023-12-01,0.0007817483745762758,0.0007817483745762758,0.0,0.0,Crisis,False,0.004039180996338095,0.004039180996338095,0.0031215813428835198,0.0031215813428835198
2023-12-04,0.002396135246580762,0.002396135246580762,0.0,0.0,Crisis,False,0.012502310881719748,0.012502310881719748,0.009637605478830078,0.009637605478830078
2023-12-05,-0.003603980546968767,-0.003603980546968767,0.0,0.0,Crisis,False,0.004962482047432714,0.004962482047432714,-0.002152326220255567,-0.002152326220255567
2023-12-06,-0.00045551827739124514,-0.00045551827739124514,0.0,0.0,Crisis,False,0.0024273182383481233,0.0024273182383481233,0.0006631097748102205,0.0006631097748102205
2023-12-07,0.0009331678658667644,0.0009331678658667644,0.0,0.0,Crisis,False,-0.001069765458797651,-0.001069765458797651,0.0006607792146106514,0.0006607792146106514
2023-12-08,-0.0003778298642675692,-0.0003778298642675692,0.0,0.0,Crisis,False,0.0019997818022920145,0.0019997818022920145,0.0005501426475697819,0.0005501426475697819
2023-12-11,-0.004410497753501667,-0.004410497753501667,0.0,0.0,Crisis,False,0.00080620145629967,0.00080620145629967,-0.00533473972026482,-0.00533473972026482
2023-12-12,-0.0008948034282197075,-0.0008948034282197075,0.0,0.0,Crisis,False,-0.002650122124520593,-0.002650122124520593,-0.0025652397033317465,-0.0025652397033317465
2023-12-13,-8.055231153809291e-05,-8.055231153809291e-05,0.0,0.0,Crisis,False,0.0005844410270952841,0.0005844410270952841,0.00020198282566182612,0.00020198282566182612
2023-12-14,0.0049062241017528525,0.0049062241017528525,0.0,0.0,Crisis,False,0.007509537167858711,0.007509537167858711,0.010372260763959602,0.010372260763959602
2023-12-15,0.0002689178056871182,0.0002689178056871182,0.0,0.0,Crisis,False,0.007961319515931329,0.007961319515931329,0.00452944795455724,0.00452944795455724
2023-12-18,-0.0015703411550796393,-0.0015703411550796393,0.0,0.0,Crisis,False,-0.001095598986222272,-0.001095598986222272,-0.002614467287429971,-0.002614467287429971
2023-12-19,0.001786407348389519,0.0014208777159883113,0.0003648778119966153,0.7297556239932306,Bear,True,0.0009650249139435018,0.0009559110028762863,0.0011711568371432315,0.0011635326576830973
2023-12-20,-0.0029090744699157697,-0.0029090744699157697,0.0,0.0,Bear,False,-0.008478325427875945,-0.008478325427875945,-0.0031868834559656885,-0.0031868834559656885
2023-12-21,0.0023045550103249247,0.0023045550103249247,0.0,0.0,Bear,False,0.002960841358407785,0.002960841358407785,0.0018267334239654531,0.0018267334239654531
2023-12-22,0.005527642918572344,0.005527642918572344,0.0,0.0,Bear,False,0.002655181187932908,0.002655181187932908,0.003564665157489528,0.003564665157489528
2023-12-26,0.004771479607484156,0.004771479607484156,0.0,0.0,Bear,False,0.002576851340424201,0.002576851340424201,0.0031317872836981817,0.0031317872836981817
2023-12-27,0.005861097176412757,0.005861097176412757,0.0,0.0,Bear,False,0.005978118882811137,0.005978118882811137,0.004375463875344931,0.004375463875344931
2023-12-28,0.004634411544090943,0.004634411544090943,0.0,0.0,Bear,False,0.0034493720503571477,0.0034493720503571477,0.0032273507762044136,0.0032273507762044136
2023-12-29,-0.0028771147011641216,-0.0028771147011641216,0.0,0.0,Bear,False,0.00014055128860571684,0.00014055128860571684,-0.0006475394051829529,-0.0006475394051829529
2024-01-01,0.0010896346974164704,0.0010896346974164704,0.0,0.0,Bear,False,0.0002911582118296238,0.0002911582118296238,0.0006624971234026383,0.0006624971234026383
2024-01-02,0.00163191133164368,0.00163191133164368,0.0,0.0,Bear,False,-0.0021095787489719547,-0.0021095787489719547,0.0005228510617370514,0.0005228510617370514
2024-01-03,-0.008081413401209247,-0.008081413401209247,0.0,0.0,Bear,False,-0.004123956644013813,-0.004123956644013813,-0.005280766402974831,-0.005280766402974831
2024-01-04,-0.00010403948237572985,-0.00010403948237572985,0.0,0.0,Bear,False,0.003940157950198102,0.003940157950198102,0.0006679002671604861,0.0006679002671604861
2024-01-05,-0.0007298126463888379,-0.0007298126463888379,0.0,0.0,Bear,False,0.0014504327640290546,0.0014504327640290546,-0.0001387847092243188,-0.0001387847092243188
2024-01-08,-0.006919751033216461,-0.006919751033216461,0.0,0.0,Bear,False,-0.005491955759880567,-0.005491955759880567,-0.004875014444546103,-0.004875014444546103
2024-01-09,0.0025232223541188196,0.0025232223541188196,0.0,0.0,Bear,False,0.0008885537420182625,0.0008885537420182625,0.0015674552034866318,0.0015674552034866318
2024-01-10,0.00023409324962643204,0.00023409324962643204,0.0,0.0,Bear,False,0.002058458282204129,0.002058458282204129,0.0005109018685490001,0.0005109018685490001
2024-01-11,-0.00037891295158125,-0.00037891295158125,0.0,0.0,Bear,False,0.0007967104222237801,0.0007967104222237801,-6.074369241083868e-05,-6.074369241083868e-05
2024-01-12,0.00628205079461126,0.00628205079461126,0.0,0.0,Bear,False,0.006874950855387138,0.006874950855387138,0.0047686553999957745,0.0047686553999957745
2024-01-15,0.0066638548153045525,0.0066638548153045525,0.0,0.0,Bear,False,0.0056009037039703915,0.0056009037039703915,0.004752656977109042,0.004752656977109042
2024-01-16,-0.003429556406907085,-0.003429556406907085,0.0,0.0,Bear,False,-0.001788371550879436,-0.001788371550879436,-0.002246654444075373,-0.002246654444075373
2024-01-17,-0.012713819571208294,-0.012713819571208294,0.0,0.0,Bear,False,-0.012659622196629439,-0.012659622196629439,-0.009442210770783709,-0.009442210770783709
2024-01-18,-0.004751704946343929,-0.0049503115772498996,0.0001995548567056184,0.3991097134112368,Bull,True,-0.0030551194914670843,-0.0030555346066420963,-0.002837533894009277,-0.0028379318645492813
2024-01-19,0.007302934334275993,0.007302934334275993,0.0,0.0,Bull,False,0.0044720258243935804,0.0044720258243935804,0.004706362087074366,0.004706362087074366
2024-01-23,-0.014114401717172246,-0.014114401717172246,0.0,0.0,Bull,False,-0.010658400744684,-0.010658400744684,-0.005793415174828141,-0.005793415174828141
2024-01-24,0.008264828827487242,0.008264828827487242,0.0,0.0,Bull,False,0.006044102847579809,0.006044102847579809,0.003658684321838876,0.003658684321838876
2024-01-25,-0.004495614436505532,-0.004495614436505532,0.0,0.0,Bull,False,-0.002828210018279937,-0.002828210018279937,-0.0027693609890293803,-0.0027693609890293803
2024-01-29,0.01534905250607118,0.01534905250607118,0.0,0.0,Bull,False,0.010770102275092631,0.010770102275092631,0.007551169558063771,0.007551169558063771
2024-01-30,-0.007330917786644969,-0.007330917786644969,0.0,0.0,Bull,False,-0.00596249059309594,-0.00596249059309594,-0.002303787978859907,-0.002303787978859907
2024-01-31,0.00838676709243582,0.00838676709243582,0.0,0.0,Bull,False,0.007403510912167743,0.007403510912167743,0.005967535190989634,0.005967535190989634
2024-02-01,-0.0006247837283436218,-0.0006247837283436218,0.0,0.0,Bull,False,-0.0007770394376670593,-0.0007770394376670593,0.0002608830781869556,0.0002608830781869556
2024-02-02,0.006206501795354594,0.006206501795354594,0.0,0.0,Bull,False,0.004326142236142026,0.004326142236142026,0.003149030981589704,0.003149030981589704
2024-02-05,-0.0052500800821950145,-0.0052500800821950145,0.0,0.0,Bull,False,-0.0022619094941403258,-0.0022619094941403258,-0.00500799868199084,-0.00500799868199084
2024-02-06,0.005647998928512496,0.005647998928512496,0.0,0.0,Bull,False,0.004350532336232218,0.004350532336232218,0.0021662400718391902,0.0021662400718391902
2024-02-07,0.0010510225020304725,0.0010510225020304725,0.0,0.0,Bull,False,3.0231546792326385e-05,3.0231546792326385e-05,0.0017109063301502918,0.0017109063301502918
2024-02-08,-0.008361712817484096,-0.008361712817484096,0.0,0.0,Bull,False,-0.0058394902786720205,-0.0058394902786720205,-0.004249406791472856,-0.004249406791472856
2024-02-09,0.002377574521890417,0.002377574521890417,0.0,0.0,Bull,False,0.0017850640354347325,0.0017850640354347325,0.000991395653777076,0.000991395653777076
2024-02-12,-0.007094442526042431,-0.007094442526042431,0.0,0.0,Bull,False,-0.0045947248157100565,-0.0045947248157100565,-0.004187707588051966,-0.004187707588051966
2024-02-13,0.0047831519674827825,0.0047831519674827825,0.0,0.0,Bull,False,0.0035274612438811873,0.0035274612438811873,0.0020860596884420316,0.0020860596884420316
2024-02-14,0.0008877217034312266,0.0008877217034312266,0.0,0.0,Bull,False,0.0026750223073731733,0.0026750223073731733,-0.0029827740638227935,-0.0029827740638227935
2024-02-15,0.0028654116205627505,0.0028654116205627505,0.0,0.0,Bull,False,0.0019485114582529234,0.0019485114582529234,0.0015324287738975968,0.0015324287738975968
2024-02-16,0.005444622988145793,0.005444622988145793,0.0,0.0,Bull,False,0.003574510834488529,0.003574510834488529,0.0031361400407586195,0.0031361400407586195
2024-02-19,0.0040598839457537325,0.0040598839457537325,0.0,0.0,Bull,False,0.0022352260406505804,0.0022352260406505804,0.0030749793011856227,0.0030749793011856227
2024-02-20,-0.00035575812374306047,-0.0007540761790583161,0.00039845981062985815,0.7969196212597163,Crisis,True,0.002025993343805421,0.002023489967346803,0.0006189787998873708,0.0006163773598195643
2024-02-21,0.0003340968292907092,0.0003340968292907092,0.0,0.0,Crisis,False,-0.003840790158571713,-0.003840790158571713,-0.0016305130080482943,-0.0016305130080482943
2024-02-22,0.0004251699631456548,0.0004251699631456548,0.0,0.0,Crisis,False,0.004408589589378963,0.004408589589378963,0.0029532238381366543,0.0029532238381366543
2024-02-23,-0.0013234808907412695,-0.0013234808907412695,0.0,0.0,Crisis,False,-0.00012449034407592015,-0.00012449034407592015,-0.001837728548984003,-0.001837728548984003
2024-02-26,0.0012542040788095865,0.0012542040788095865,0.0,0.0,Crisis,False,-0.002452551782228878,-0.002452551782228878,0.00034382494146189516,0.00034382494146189516
2024-02-27,0.0004045822095693638,0.0004045822095693638,0.0,0.0,Crisis,False,0.002069389154885815,0.002069389154885815,0.0016555227851011627,0.0016555227851011627
2024-02-28,-0.0009818574089092461,-0.0009818574089092461,0.0,0.0,Crisis,False,-0.006690731459038753,-0.006690731459038753,-0.0049175915007967355,-0.0049175915007967355
2024-02-29,0.0036042162214129903,0.0036042162214129903,0.0,0.0,Crisis,False,0.002343776645507818,0.002343776645507818,0.00285353187526138,0.00285353187526138
2024-03-01,0.0006757152531133304,0.0006757152531133304,0.0,0.0,Crisis,False,0.00967241504448744,0.00967241504448744,0.0061198716866958875,0.0061198716866958875
2024-03-04,0.004704902844785184,0.004704902844785184,0.0,0.0,Crisis,False,0.0017998806247914365,0.0017998806247914365,0.007231898523228836,0.007231898523228836
2024-03-05,0.0034286539552905006,0.0034286539552905006,0.0,0.0,Crisis,False,-0.001321023136360494,-0.001321023136360494,0.003831687482054695,0.003831687482054695
2024-03-06,0.0005069541883061277,0.0005069541883061277,0.0,0.0,Crisis,False,0.003168829413459537,0.003168829413459537,0.0023665527184869367,0.0023665527184869367
2024-03-07,0.003383043269792515,0.003383043269792515,0.0,0.0,Crisis,False,0.0005231166304053097,0.0005231166304053097,0.00475931355601684,0.00475931355601684
2024-03-11,0.0026129760506637496,0.0026129760506637496,0.0,0.0,Crisis,False,-0.004314136545716439,-0.004314136545716439,0.0011566086577325112,0.0011566086577325112
2024-03-12,-0.00033259893223780657,-0.00033259893223780657,0.0,0.0,Crisis,False,7.816330696356709e-05,7.816330696356709e-05,-0.00039057326935284403,-0.00039057326935284403
2024-03-13,-0.002299432072357557,-0.002299432072357557,0.0,0.0,Crisis,False,-0.009101169502294913,-0.009101169502294913,-0.007869681579954255,-0.007869681579954255
2024-03-14,0.001784253392313104,0.001784253392313104,0.0,0.0,Crisis,False,0.004051550270151015,0.004051550270151015,0.004512690389741351,0.004512690389741351
2024-03-15,-0.0005525217097373287,-0.0005525217097373287,0.0,0.0,Crisis,False,-0.00333703686200472,-0.00333703686200472,-0.0024997840691914045,-0.0024997840691914045
2024-03-18,-0.0010707039183080757,-0.0010707039183080757,0.0,0.0,Crisis,False,0.0008744771089709982,0.0008744771089709982,-0.0009538834699929796,-0.0009538834699929796
2024-03-19,0.0004453614457722619,0.0004453614457722619,0.0,0.0,Crisis,False,-0.006460015086142533,-0.006460015086142533,-0.0028380067227189477,-0.0028380067227189477
2024-03-20,0.0005135265699563149,0.0005135265699563149,0.0,0.0,Crisis,False,0.0005872250834674822,0.0005872250834674822,0.0010039733236742916,0.0010039733236742916
2024-03-21,0.009849334942289128,0.009448908576163317,0.00039652089898035926,0.7930417979607185,Bull,True,0.004752762662079357,0.004750763778795131,0.008504164967681803,0.008497211813724759
2024-03-22,0.0005524886335092128,0.0005524886335092128,0.0,0.0,Bull,False,0.0023187672913885637,0.0023187672913885637,-0.002928193623739114,-0.002928193623739114
2024-03-26,-0.0022359941508263725,-0.0022359941508263725,0.0,0.0,Bull,False,-0.002515109728385021,-0.002515109728385021,0.0004437556060148957,0.0004437556060148957
2024-03-27,0.004037326258541292,0.004037326258541292,0.0,0.0,Bull,False,0.0032532231140319032,0.0032532231140319032,0.0013290268528051608,0.0013290268528051608
2024-03-28,0.008738447753431106,0.008738447753431106,0.0,0.0,Bull,False,0.007087963994480399,0.007087963994480399,0.006685750759899966,0.006685750759899966
2024-04-01,0.010858029243322648,0.010858029243322648,0.0,0.0,Bull,False,0.0036569687434167535,0.0036569687434167535,0.01212122480679952,0.01212122480679952
2024-04-02,0.000804081913845515,0.000804081913845515,0.0,0.0,Bull,False,-0.00023461841816945097,-0.00023461841816945097,0.001735797215094602,0.001735797215094602
2024-04-03,-0.000209655509609547,-0.000209655509609547,0.0,0.0,Bull,False,-0.0005031201236678566,-0.0005031201236678566,0.0004795452326296921,0.0004795452326296921
2024-04-04,0.004262512178548252,0.004262512178548252,0.0,0.0,Bull,False,0.002159197160281634,0.002159197160281634,0.003571518529547769,0.003571518529547769
2024-04-05,-0.0005527127644272879,-0.0005527127644272879,0.0,0.0,Bull,False,-2.5616783456919186e-05,-2.5616783456919186e-05,-0.0008833311084952672,-0.0008833311084952672
2024-04-08,0.00947864856776301,0.00947864856776301,0.0,0.0,Bull,False,0.004106043025434072,0.004106043025434072,0.009099278714074519,0.009099278714074519
2024-04-09,0.0003418201596882784,0.0003418201596882784,0.0,0.0,Bull,False,-0.0006316877573903002,-0.0006316877573903002,0.001608906380609862,0.001608906380609862
2024-04-10,0.004126210879278373,0.004126210879278373,0.0,0.0,Bull,False,0.00298441342952175,0.00298441342952175,0.0020308344530690385,0.0020308344530690385
2024-04-12,-0.0037638380500327378,-0.0037638380500327378,0.0,0.0,Bull,False,-0.006272428416675925,-0.006272428416675925,0.003962836427461078,0.003962836427461078
2024-04-15,-0.010968097714175064,-0.010968097714175064,0.0,0.0,Bull,False,-0.006652523184632423,-0.006652523184632423,-0.007475590223229976,-0.007475590223229976
2024-04-16,-0.002119713551781779,-0.002119713551781779,0.0,0.0,Bull,False,-0.0033738100878186817,-0.0033738100878186817,0.001969350186456346,0.001969350186456346
2024-04-18,-0.005146409909326197,-0.005146409909326197,0.0,0.0,Bull,False,-0.0041358541034434895,-0.0041358541034434895,-0.0018237334541898642,-0.0018237334541898642
2024-04-19,0.006362858128714245,0.006362858128714245,0.0,0.0,Bull,False,0.004128437662880116,0.004128437662880116,0.0038251734492096923,0.0038251734492096923
2024-04-22,0.004970941108083743,0.004970941108083743,0.0,0.0,Bull,False,0.005147969592830128,0.005147969592830128,-9.915288621176498e-05,-9.915288621176498e-05
2024-04-23,-0.004030133415182918,-0.004030133415182918,0.0,0.0,Bull,False,0.0008551433149977526,0.0008551433149977526,-0.008069017858631915,-0.008069017858631915
2024-04-24,0.002880397216911576,0.002880397216911576,0.0,0.0,Bull,False,0.0009301421813270853,0.0009301421813270853,0.0032770463750782155,0.0032770463750782155
2024-04-25,0.004283155833624848,0.004087259283015232,0.00019506107363426883,0.39012214726853767,Bear,True,0.004498157764030131,0.00449556158273734,0.003212523212640983,0.003204475784207572
2024-04-26,0.0019497317055692577,0.0019497317055692577,0.0,0.0,Bear,False,-0.004010112117016848,-0.004010112117016848,0.00034077519376766487,0.00034077519376766487
2024-04-29,0.0036704442768364927,0.0036704442768364927,0.0,0.0,Bear,False,0.005985806558127573,0.005985806558127573,0.0031522298630101368,0.0031522298630101368
2024-04-30,-0.004790240175898494,-0.004790240175898494,0.0,0.0,Bear,False,0.0005081486338942636,0.0005081486338942636,-0.0015816528044907245,-0.0015816528044907245
2024-05-02,0.00047517584847161154,0.00047517584847161154,0.0,0.0,Bear,False,0.0011490030821065993,0.0011490030821065993,0.000474559360368003,0.000474559360368003
2024-05-03,-0.006695532439972896,-0.006695532439972896,0.0,0.0,Bear,False,-0.004574818734812232,-0.004574818734812232,-0.004566364238230287,-0.004566364238230287
2024-05-06,0.0017813234475190934,0.0017813234475190934,0.0,0.0,Bear,False,-0.00088475178276162,-0.00088475178276162,0.0008232268571974592,0.0008232268571974592
2024-05-07,-0.002896691916457602,-0.002896691916457602,0.0,0.0,Bear,False,-0.0037450946887821533,-0.0037450946887821533,-0.002301408115047897,-0.002301408115047897
2024-05-08,-0.0017824261690709464,-0.0017824261690709464,0.0,0.0,Bear,False,0.0,0.0,-0.0009884468010696056,-0.0009884468010696056
2024-05-09,-0.006978762371500042,-0.006978762371500042,0.0,0.0,Bear,False,-0.009250513288754564,-0.009250513288754564,-0.005580632483152756,-0.005580632483152756
2024-05-10,0.016748478852586377,0.016748478852586377,0.0,0.0,Bear,False,0.002644076225588252,0.002644076225588252,0.009755459914365468,0.009755459914365468
2024-05-13,-0.0066979295552187165,-0.0066979295552187165,0.0,0.0,Bear,False,0.0013145589881482312,0.0013145589881482312,-0.003493527171779326,-0.003493527171779326
2024-05-14,0.0024299287646550333,0.0024299287646550333,0.0,0.0,Bear,False,0.0030676326184676615,0.0030676326184676615,0.0019144108504381744,0.0019144108504381744
2024-05-15,0.004822598045304312,0.004822598045304312,0.0,0.0,Bear,False,-0.00046489194806056115,-0.00046489194806056115,0.0025940066616259427,0.0025940066616259427
2024-05-16,0.00645585755497346,0.00645585755497346,0.0,0.0,Bear,False,0.005470061608978229,0.005470061608978229,0.00460319338030192,0.00460319338030192
2024-05-17,0.0007073929294570623,0.0007073929294570623,0.0,0.0,Bear,False,0.001664590836357069,0.001664590836357069,0.0007008791486362628,0.0007008791486362628
2024-05-21,0.007641932968814019,0.007641932968814019,0.0,0.0,Bear,False,0.0016805430467545872,0.0016805430467545872,0.004573056714523484,0.004573056714523484
2024-05-22,0.001686066242525385,0.001686066242525385,0.0,0.0,Bear,False,0.0018322692226493487,0.0018322692226493487,0.0012799788038533174,0.0012799788038533174
2024-05-23,-0.0037827725227967688,-0.0037827725227967688,0.0,0.0,Bear,False,0.009838904206154405,0.009838904206154405,-0.0003103603427141626,-0.0003103603427141626
2024-05-24,-0.0072634578078027996,-0.0072634578078027996,0.0,0.0,Bear,False,-0.0002818901936524846,-0.0002818901936524846,-0.004107231641661653,-0.004107231641661653
2024-05-27,0.000639302787852263,0.000639302787852263,0.0,0.0,Bear,False,-0.0006456053159367976,-0.0006456053159367976,0.00023785374215855055,0.00023785374215855055
2024-05-28,0.00040763361822339947,0.0004053545931499425,2.278096444849049e-06,0.004556192889698098,Bear,True,-0.0011590256505732643,-0.0011613610053501366,1.1828729015395112e-05,9.684608449633814e-06
2024-05-29,-0.0024119665912465103,-0.0024119665912465103,0.0,0.0,Bear,False,-0.004805349174705795,-0.004805349174705795,-0.002229349404894858,-0.002229349404894858
2024-05-30,-0.008309683480090663,-0.008309683480090663,0.0,0.0,Bear,False,-0.005686543192939591,-0.005686543192939591,-0.005666587784981039,-0.005666587784981039
2024-05-31,0.006207190403012131,0.006207190403012131,0.0,0.0,Bear,False,0.0025417694154107216,0.0025417694154107216,0.0048314385790214145,0.0048314385790214145
2024-06-03,0.00592826425272993,0.00592826425272993,0.0,0.0,Bear,False,0.01935948431478942,0.01935948431478942,0.006853359601681907,0.006853359601681907
2024-06-04,-0.024312793863067166,-0.024312793863067166,0.0,0.0,Bear,False,-0.035730048923209225,-0.035730048923209225,-0.020138522923616956,-0.020138522923616956
2024-06-05,0.014339569171306273,0.014339569171306273,0.0,0.0,Bear,False,0.019766678405334446,0.019766678405334446,0.01154160784422548,0.01154160784422548
2024-06-06,0.011176632189376116,0.011176632189376116,0.0,0.0,Bear,False,0.005296019566203211,0.005296019566203211,0.0071666250777553155,0.0071666250777553155
2024-06-07,0.004623687951569913,0.004623687951569913,0.0,0.0,Bear,False,0.01228262333189047,0.01228262333189047,0.004836495382526951,0.004836495382526951
2024-06-10,-0.009911864161655331,-0.009911864161655331,0.0,0.0,Bear,False,-0.0008011709026634178,-0.0008011709026634178,-0.005656934413948246,-0.005656934413948246
2024-06-11,0.002959445801933229,0.002959445801933229,0.0,0.0,Bear,False,0.00014239266952958805,0.00014239266952958805,0.001661513211863365,0.001661513211863365
2024-06-12,0.00268530535827579,0.00268530535827579,0.0,0.0,Bear,False,0.0015048996150971504,0.0015048996150971504,0.0017684616089012877,0.0017684616089012877
2024-06-13,0.0013211100591259514,0.0013211100591259514,0.0,0.0,Bear,False,0.001968314122197406,0.001968314122197406,0.0011022575078497169,0.0011022575078497169
2024-06-14,0.0012565912708776038,0.0012565912708776038,0.0,0.0,Bear,False,0.0017216624187487404,0.0017216624187487404,0.0010183173051039514,0.0010183173051039514
2024-06-18,-0.00104016478284167,-0.00104016478284167,0.0,0.0,Bear,False,0.0023744399187322286,0.0023744399187322286,-0.0001361944804238834,-0.0001361944804238834
2024-06-19,0.0029938974453395367,0.0029938974453395367,0.0,0.0,Bear,False,-0.001073176030588294,-0.001073176030588294,0.0014611522020300217,0.0014611522020300217
2024-06-20,0.004007745886380735,0.004007745886380735,0.0,0.0,Bear,False,0.001312461896973863,0.001312461896973863,0.0024699965790702053,0.0024699965790702053
2024-06-21,0.003726221162661101,0.003726221162661101,0.0,0.0,Bear,False,-0.0016936937912575387,-0.0016936937912575387,0.0017558004477237232,0.0017558004477237232
2024-06-24,-0.008185937168320211,-0.008185937168320211,0.0,0.0,Bear,False,0.000946107391654501,0.000946107391654501,-0.004384402231524287,-0.004384402231524287
2024-06-25,0.004448206429009365,0.004448206429009365,0.0,0.0,Bear,False,0.004718379707948979,0.004718379707948979,0.0033504639234918383,0.0033504639234918383
2024-06-26,-0.0002765690998020681,-0.0002765690998020681,0.0,0.0,Bear,False,0.0037719586110895945,0.0037719586110895945,0.0005497205270813497,0.0005497205270813497
2024-06-27,-0.0005454887995701685,-0.0009185120672999814,0.0003732268588010318,0.7464537176020636,Crisis,True,0.004420635047953647,0.004416251536678573,0.0016851655605181575,0.0016803810305647815
2024-06-28,0.0039102511928599875,0.0039102511928599875,0.0,0.0,Crisis,False,0.0005553423088958776,0.0005553423088958776,0.002406615495468673,0.002406615495468673
2024-07-01,-0.0003103762469319523,-0.0003103762469319523,0.0,0.0,Crisis,False,0.0032854336029035677,0.0032854336029035677,0.0013875713994755809,0.0013875713994755809
2024-07-02,0.0007057586040547369,0.0007057586040547369,0.0,0.0,Crisis,False,-0.0004472121561459204,-0.0004472121561459204,0.0006841344436980802,0.0006841344436980802
2024-07-03,0.0014658672261712888,0.0014658672261712888,0.0,0.0,Crisis,False,0.0040568483926127375,0.0040568483926127375,0.004175301706284234,0.004175301706284234
2024-07-04,0.0009073337763988203,0.0009073337763988203,0.0,0.0,Crisis,False,0.00038877698419146457,0.00038877698419146457,0.0014167876977272777,0.0014167876977272777
2024-07-05,0.0007840879699573123,0.0007840879699573123,0.0,0.0,Crisis,False,0.0005388286157193252,0.0005388286157193252,0.0013347883271354213,0.0013347883271354213
2024-07-08,0.0003616012828498823,0.0003616012828498823,0.0,0.0,Crisis,False,-8.588210745962802e-05,-8.588210745962802e-05,0.00044093974881866045,0.00044093974881866045
2024-07-09,-0.000763481091097071,-0.000763481091097071,0.0,0.0,Crisis,False,0.00279598655394595,0.00279598655394595,0.0005185881954211788,0.0005185881954211788
2024-07-10,0.0006489193655383381,0.0006489193655383381,0.0,0.0,Crisis,False,-0.0026876997145941443,-0.0026876997145941443,-0.000624384521100594,-0.000624384521100594
2024-07-11,0.0005660360422944479,0.0005660360422944479,0.0,0.0,Crisis,False,-0.00021496332387442574,-0.00021496332387442574,0.0006411125781250108,0.0006411125781250108
2024-07-12,0.0008965536067723289,0.0008965536067723289,0.0,0.0,Crisis,False,0.004626138994913153,0.004626138994913153,0.003709033620893661,0.003709033620893661
2024-07-15,0.00012786040815597499,0.00012786040815597499,0.0,0.0,Crisis,False,0.0020851233366794737,0.0020851233366794737,0.0013191243676895883,0.0013191243676895883
2024-07-16,0.0021429949435493455,0.0021429949435493455,0.0,0.0,Crisis,False,0.0006524982902012707,0.0006524982902012707,0.003176436569759596,0.003176436569759596
2024-07-18,0.0019500054605792706,0.0019500054605792706,0.0,0.0,Crisis,False,0.004628896124592437,0.004628896124592437,0.00509991325325366,0.00509991325325366
2024-07-19,-0.002080659479857399,-0.002080659479857399,0.0,0.0,Crisis,False,-0.00662130430830572,-0.00662130430830572,-0.006350600170742607,-0.006350600170742607
2024-07-22,-0.0013607082150287832,-0.0013607082150287832,0.0,0.0,Crisis,False,-0.0005385697714563801,-0.0005385697714563801,-0.0020810374783576924,-0.0020810374783576924
2024-07-23,-0.007869976915065434,-0.007869976915065434,0.0,0.0,Crisis,False,-0.0007460643708062647,-0.0007460643708062647,-0.010801451750140668,-0.010801451750140668
2024-07-24,-0.0023144245422252762,-0.0023144245422252762,0.0,0.0,Crisis,False,-0.0016166299149805285,-0.0016166299149805285,-0.003967569483655747,-0.003967569483655747
2024-07-25,-0.0009605839336343623,-0.0009605839336343623,0.0,0.0,Crisis,False,-0.00018725940405634842,-0.00018725940405634842,-0.0013692453954133217,-0.0013692453954133217
2024-07-26,0.0026319534425581397,0.0026319534425581397,0.0,0.0,Crisis,False,0.01061922573564721,0.01061922573564721,0.009380777685340892,0.009380777685340892
2024-07-29,-0.003993749852776635,-0.0043903262168056845,0.0003981665415958361,0.7963330831916722,Bull,True,3.019949835803004e-05,2.587782108820491e-05,-0.006706581201335123,-0.006711225881164462
2024-07-30,-0.0007536342445813317,-0.0007536342445813317,0.0,0.0,Bull,False,0.0005121963361092995,0.0005121963361092995,-0.0021189374448598555,-0.0021189374448598555
2024-07-31,0.004143003985048791,0.004143003985048791,0.0,0.0,Bull,False,0.0036515397555937365,0.0036515397555937365,0.004286191649157471,0.004286191649157471
2024-08-01,0.0032936542123901216,0.0032936542123901216,0.0,0.0,Bull,False,0.0014415097101973878,0.0014415097101973878,0.003097606837597978,0.003097606837597978
2024-08-02,-0.0074911747734276455,-0.0074911747734276455,0.0,0.0,Bull,False,-0.007043870634239236,-0.007043870634239236,-0.0007136534646901551,-0.0007136534646901551
2024-08-05,-0.024547409875408346,-0.024547409875408346,0.0,0.0,Bull,False,-0.01602315849345669,-0.01602315849345669,-0.014088442532645903,-0.014088442532645903
2024-08-06,-0.0025043554236457263,-0.0025043554236457263,0.0,0.0,Bull,False,-0.0015461778963358765,-0.0015461778963358765,-0.0015346194640820452,-0.0015346194640820452
2024-08-07,0.008698793654859595,0.008698793654859595,0.0,0.0,Bull,False,0.0075098328805565774,0.0075098328805565774,0.0017911251859134758,0.0017911251859134758
2024-08-08,-0.006328448269841617,-0.006328448269841617,0.0,0.0,Bull,False,-0.004411950796196277,-0.004411950796196277,-0.003083218518264476,-0.003083218518264476
2024-08-09,0.010272224243382488,0.010272224243382488,0.0,0.0,Bull,False,0.0061460031721026044,0.0061460031721026044,0.006652677644439468,0.006652677644439468
2024-08-12,0.000550569782778152,0.000550569782778152,0.0,0.0,Bull,False,-0.0005002264295754722,-0.0005002264295754722,0.0017470372805094617,0.0017470372805094617
2024-08-13,-0.005538325276650407,-0.005538325276650407,0.0,0.0,Bull,False,-0.005073943881969643,-0.005073943881969643,-0.0006843340362627262,-0.0006843340362627262
2024-08-14,0.000874445463319933,0.000874445463319933,0.0,0.0,Bull,False,0.00011655552846035025,0.00011655552846035025,0.0012448762290195037,0.0012448762290195037
2024-08-16,0.012631852139625229,0.012631852139625229,0.0,0.0,Bull,False,0.009750276717590014,0.009750276717590014,0.0046030884029602285,0.0046030884029602285
2024-08-19,0.0039595080299660735,0.0039595080299660735,0.0,0.0,Bull,False,0.0007613490566925667,0.0007613490566925667,0.005283547296359485,0.005283547296359485
2024-08-20,0.005203283031994824,0.005203283031994824,0.0,0.0,Bull,False,0.0030640850320331004,0.0030640850320331004,0.0035289535601671818,0.0035289535601671818
2024-08-21,0.0013343729577089214,0.0013343729577089214,0.0,0.0,Bull,False,0.0017270585698239108,0.0017270585698239108,-0.0006516836028532636,-0.0006516836028532636
2024-08-22,0.0015650093146699377,0.0015650093146699377,0.0,0.0,Bull,False,0.0010020085944630803,0.0010020085944630803,0.0009443251039190741,0.0009443251039190741
2024-08-23,-0.0002912611572853588,-0.0002912611572853588,0.0,0.0,Bull,False,0.00028123644485628845,0.00028123644485628845,-0.0009516922422524333,-0.0009516922422524333
2024-08-26,0.00796802172309193,0.00796802172309193,0.0,0.0,Bull,False,0.004523687800720889,0.004523687800720889,0.005724709344000494,0.005724709344000494
2024-08-27,-0.0006972634505545705,-0.0006972634505545705,0.0,0.0,Bull,False,0.00017178236421709284,0.00017178236421709284,-0.0014480050013941064,-0.0014480050013941064
2024-08-28,0.0005532009497105595,0.0003532468030678082,0.0001998435929771664,0.3996871859543328,Bear,True,0.0008298014659591679,0.0008293370684469004,0.00046100081442175994,0.0004604625927995265
2024-08-29,0.0017896608441670904,0.0017896608441670904,0.0,0.0,Bear,False,0.002386714152894388,0.002386714152894388,0.0014364947247182366,0.0014364947247182366
2024-08-30,0.0022288680301621308,0.0022288680301621308,0.0,0.0,Bear,False,0.0033092524219871045,0.0033092524219871045,0.0026976472246531542,0.0026976472246531542
2024-09-02,-0.003363065429425733,-0.003363065429425733,0.0,0.0,Bear,False,0.001019775401570011,0.001019775401570011,-0.0016791153430800484,-0.0016791153430800484
2024-09-03,0.0011070796215540439,0.0011070796215540439,0.0,0.0,Bear,False,2.738264088741777e-05,2.738264088741777e-05,0.000619087097580747,0.000619087097580747
2024-09-04,-0.006534250744903618,-0.006534250744903618,0.0,0.0,Bear,False,-0.0019315622975706191,-0.0019315622975706191,-0.00398484339250102,-0.00398484339250102
2024-09-05,0.006304328307251998,0.006304328307251998,0.0,0.0,Bear,False,-0.0012822207953963928,-0.0012822207953963928,0.003247685744705344,0.003247685744705344
2024-09-06,-0.0035865446342907095,-0.0035865446342907095,0.0,0.0,Bear,False,-0.006991350868781075,-0.006991350868781075,-0.0032851958490520065,-0.0032851958490520065
2024-09-09,-0.0036131679083010126,-0.0036131679083010126,0.0,0.0,Bear,False,0.0020219715457597915,0.0020219715457597915,-0.0016341654651755922,-0.0016341654651755922
2024-09-10,0.0036748210508633057,0.0036748210508633057,0.0,0.0,Bear,False,0.0025166129634494236,0.0025166129634494236,0.0025047142867801395,0.0025047142867801395
2024-09-11,0.0015094576694389163,0.0015094576694389163,0.0,0.0,Bear,False,-0.00293604078192695,-0.00293604078192695,0.00029249210939993084,0.00029249210939993084
2024-09-12,0.0065309908183909466,0.0065309908183909466,0.0,0.0,Bear,False,0.01129097284209918,0.01129097284209918,0.005710720273135102,0.005710720273135102
2024-09-13,0.00962554804390012,0.00962554804390012,0.0,0.0,Bear,False,-0.0007652664882329994,-0.0007652664882329994,0.005208726176604974,0.005208726176604974
2024-09-16,0.00442665956894259,0.00442665956894259,0.0,0.0,Bear,False,0.00064348491205261,0.00064348491205261,0.0025868293807659293,0.0025868293807659293
2024-09-17,-0.0021731196210452186,-0.0021731196210452186,0.0,0.0,Bear,False,0.0008302396498880716,0.0008302396498880716,-0.0010593555078208066,-0.0010593555078208066
2024-09-18,-0.0015192586062826871,-0.0015192586062826871,0.0,0.0,Bear,False,-0.0009726812477906724,-0.0009726812477906724,-0.001028221781142427,-0.001028221781142427
2024-09-19,0.005570798429990326,0.005570798429990326,0.0,0.0,Bear,False,0.000908323942055471,0.000908323942055471,0.0032775562281714093,0.0032775562281714093
2024-09-20,0.008191088520081049,0.008191088520081049,0.0,0.0,Bear,False,0.00890057702954273,0.00890057702954273,0.006223688164526546,0.006223688164526546
2024-09-23,0.005949066074449519,0.005949066074449519,0.0,0.0,Bear,False,0.003482781999586202,0.003482781999586202,0.003978728495874563,0.003978728495874563
2024-09-24,0.0017406110648261778,0.0017406110648261778,0.0,0.0,Bear,False,2.7736023760706087e-05,2.7736023760706087e-05,0.0009802847255438191,0.0009802847255438191
2024-09-25,0.007371427572805808,0.007371427572805808,0.0,0.0,Bear,False,0.0014978028604493393,0.0014978028604493393,0.004422543966851406,0.004422543966851406
2024-09-26,0.006425085655987183,0.006256866103191205,0.00016714562782021498,0.33429125564042994,Bull,True,0.004885258969745009,0.004881004563472846,0.0032889098405312804,0.003284356210673245
2024-09-27,-0.0022521731800193437,-0.0022521731800193437,0.0,0.0,Bull,False,-0.0008518915409241925,-0.0008518915409241925,-0.0019875367190960573,-0.0019875367190960573
2024-09-30,-0.010018617539013447,-0.010018617539013447,0.0,0.0,Bull,False,-0.007010857397677034,-0.007010857397677034,-0.0031360953857576257,-0.0031360953857576257
2024-10-01,-0.0002250724022036664,-0.0002250724022036664,0.0,0.0,Bull,False,-0.0003188180956980547,-0.0003188180956980547,3.4035342105499354e-05,3.4035342105499354e-05
2024-10-03,-0.01505324899644833,-0.01505324899644833,0.0,0.0,Bull,False,-0.012658590325422726,-0.012658590325422726,-0.006497309387180865,-0.006497309387180865
2024-10-04,-0.0054755258104289125,-0.0054755258104289125,0.0,0.0,Bull,False,-0.005521788627671783,-0.005521788627671783,-0.0014600012537901543,-0.0014600012537901543
2024-10-07,-0.007103629217180794,-0.007103629217180794,0.0,0.0,Bull,False,-0.0051639597071230356,-0.0051639597071230356,-0.003788068274241874,-0.003788068274241874
2024-10-08,0.004756572693736347,0.004756572693736347,0.0,0.0,Bull,False,0.005152314966168342,0.005152314966168342,0.0009140583766329051,0.0009140583766329051
2024-10-09,-0.0027707090917324755,-0.0027707090917324755,0.0,0.0,Bull,False,-0.0007356667244713243,-0.0007356667244713243,-0.0026853168858904275,-0.0026853168858904275
2024-10-10,0.00043570945166886957,0.00043570945166886957,0.0,0.0,Bull,False,0.0003893263197913717,0.0003893263197913717,0.00016159564899759818,0.00016159564899759818
2024-10-11,0.0013136149554161807,0.0013136149554161807,0.0,0.0,Bull,False,-0.0008066348028516466,-0.0008066348028516466,0.002372585939599963,0.002372585939599963
2024-10-14,0.006658807332766116,0.006658807332766116,0.0,0.0,Bull,False,0.0038682716682258023,0.0038682716682258023,0.004462497135368352,0.004462497135368352
2024-10-15,-0.002551595160596576,-0.002551595160596576,0.0,0.0,Bull,False,-0.001664181325422707,-0.001664181325422707,-0.0015495704051430317,-0.0015495704051430317
2024-10-16,2.5707266470905918e-05,2.5707266470905918e-05,0.0,0.0,Bull,False,-0.002026762257422775,-0.002026762257422775,0.001953262624640388,0.001953262624640388
2024-10-17,-0.0063946858029456065,-0.0063946858029456065,0.0,0.0,Bull,False,-0.005226571978655123,-0.005226571978655123,-0.002861403618666411,-0.002861403618666411
2024-10-18,0.006251923656257767,0.006251923656257767,0.0,0.0,Bull,False,0.0024763296258885105,0.0024763296258885105,0.005270615004772788,0.005270615004772788
2024-10-21,0.0005338622817044956,0.0005338622817044956,0.0,0.0,Bull,False,-0.0017265252042647531,-0.0017265252042647531,0.0022715895133796626,0.0022715895133796626
2024-10-22,-0.009179241137759538,-0.009179241137759538,0.0,0.0,Bull,False,-0.007329812957239071,-0.007329812957239071,-0.004292612397355637,-0.004292612397355637
2024-10-23,0.0008115171671143509,0.0008115171671143509,0.0,0.0,Bull,False,-0.0008741029576258825,-0.0008741029576258825,0.0017960294384571289,0.0017960294384571289
2024-10-24,-0.0028398758018721272,-0.0028398758018721272,0.0,0.0,Bull,False,-0.0008587768212421351,-0.0008587768212421351,-0.0026214808562949566,-0.0026214808562949566
2024-10-25,-0.007694313195672907,-0.007694313195672907,0.0,0.0,Bull,False,-0.005229840301253752,-0.005229840301253752,-0.004410084057627532,-0.004410084057627532
2024-10-28,0.005343349681275902,0.0050862934313584685,0.0002556900087904602,0.5113800175809204,Bear,True,0.003925159867067629,0.003915898600777679,0.003860220289524707,0.0038505042234036058
2024-10-29,0.007372856817416053,0.007372856817416053,0.0,0.0,Bear,False,0.0031601866449049313,0.0031601866449049313,0.004395044347823049,0.004395044347823049
2024-10-30,0.007660666067005448,0.007660666067005448,0.0,0.0,Bear,False,-0.0031083656375171242,-0.0031083656375171242,0.0019108494152338836,0.0019108494152338836
2024-10-31,-0.002295914397598068,-0.002295914397598068,0.0,0.0,Bear,False,-0.0018022369255060327,-0.0018022369255060327,-0.0010722372011236292,-0.0010722372011236292
2024-11-01,0.000804218422020704,0.000804218422020704,0.0,0.0,Bear,False,0.002451204787037484,0.002451204787037484,0.0013523910616960746,0.0013523910616960746
2024-11-04,-0.013303891318419395,-0.013303891318419395,0.0,0.0,Bear,False,-0.00763202244292787,-0.00763202244292787,-0.008751517641314035,-0.008751517641314035
2024-11-05,0.0008204479724408609,0.0008204479724408609,0.0,0.0,Bear,False,0.005420631524502119,0.005420631524502119,0.002589524123875625,0.002589524123875625
2024-11-06,-0.0020260884464492696,-0.0020260884464492696,0.0,0.0,Bear,False,0.00670238066449876,0.00670238066449876,0.0019415230185428414,0.0019415230185428414
2024-11-07,-0.01768116859106241,-0.01768116859106241,0.0,0.0,Bear,False,-0.006996898296397529,-0.006996898296397529,-0.010274899946316638,-0.010274899946316638
2024-11-08,0.007872939147535833,0.007872939147535833,0.0,0.0,Bear,False,-0.001266653649735136,-0.001266653649735136,0.0027184571493016115,0.0027184571493016115
2024-11-11,-0.0063273578237140315,-0.0063273578237140315,0.0,0.0,Bear,False,-0.0001749971635114615,-0.0001749971635114615,-0.002699720931891092,-0.002699720931891092
2024-11-12,-0.022572984512158025,-0.022572984512158025,0.0,0.0,Bear,False,-0.006390525778150276,-0.006390525778150276,-0.012004322711603756,-0.012004322711603756
2024-11-13,0.0024112006930462845,0.0024112006930462845,0.0,0.0,Bear,False,-0.008100498710096072,-0.008100498710096072,-0.00242609687160763,-0.00242609687160763
2024-11-14,-0.01866141087196511,-0.01866141087196511,0.0,0.0,Bear,False,-0.0006590575602396947,-0.0006590575602396947,-0.007942499077406726,-0.007942499077406726
2024-11-18,0.013596169289180716,0.013596169289180716,0.0,0.0,Bear,False,-0.0019865829630557057,-0.0019865829630557057,0.004688793912708039,0.004688793912708039
2024-11-19,0.01096577000210466,0.01096577000210466,0.0,0.0,Bear,False,0.0016323036838694772,0.0016323036838694772,0.005180608666762922,0.005180608666762922
2024-11-21,0.009241132434347238,0.009241132434347238,0.0,0.0,Bear,False,-0.004246686149787561,-0.004246686149787561,0.0020387899593920632,0.0020387899593920632
2024-11-22,0.014148839237513491,0.014148839237513491,0.0,0.0,Bear,False,0.014094358638474266,0.014094358638474266,0.011722113095897485,0.011722113095897485
2024-11-25,-0.009043214513573447,-0.009043214513573447,0.0,0.0,Bear,False,0.007848591934493599,0.007848591934493599,-0.0005024087047075633,-0.0005024087047075633
2024-11-26,-0.012486505070990922,-0.012486505070990922,0.0,0.0,Bear,False,-0.0006742036242855836,-0.0006742036242855836,-0.005435970805296098,-0.005435970805296098
2024-11-27,0.007828367479007382,0.007828367479007382,0.0,0.0,Bear,False,0.0019912199808822368,0.0019912199808822368,0.004047779000831168,0.004047779000831168
2024-11-28,-0.004837647039571721,-0.004924001264881239,8.677400732921645e-05,0.1735480146584329,Bear,True,-0.008916617432695761,-0.008916619741835885,-0.004536739556626664,-0.004539701736333557
2024-11-29,0.005837131140856257,0.005837131140856257,0.0,0.0,Bear,False,0.006810402896563362,0.006810402896563362,0.0054628818419474425,0.0054628818419474425
2024-12-02,-0.0028958393462060147,-0.0028958393462060147,0.0,0.0,Bear,False,0.003590522363120652,0.003590522363120652,-0.000771049397104439,-0.000771049397104439
2024-12-03,0.005748216279858822,0.005748216279858822,0.0,0.0,Bear,False,0.004473850080871798,0.004473850080871798,0.004053040579423361,0.004053040579423361
2024-12-04,-0.00032472490566908083,-0.00032472490566908083,0.0,0.0,Bear,False,0.0002530629283431583,0.0002530629283431583,-0.00011863994813031113,-0.00011863994813031113
2024-12-05,0.0042224570864889946,0.0042224570864889946,0.0,0.0,Bear,False,0.0059191571691097865,0.0059191571691097865,0.003554755209409812,0.003554755209409812
2024-12-06,-0.001148297250697307,-0.001148297250697307,0.0,0.0,Bear,False,-0.0007511983989944487,-0.0007511983989944487,-0.0007823045542752162,-0.0007823045542752162
2024-12-09,0.001989552237765061,0.001989552237765061,0.0,0.0,Bear,False,-0.001433146765796083,-0.001433146765796083,0.0007541862270946595,0.0007541862270946595
2024-12-10,0.0035265458905534806,0.0035265458905534806,0.0,0.0,Bear,False,-0.0002229557392878701,-0.0002229557392878701,0.0018402050292588043,0.0018402050292588043
2024-12-11,0.004044080632126312,0.004044080632126312,0.0,0.0,Bear,False,0.0007772442838391294,0.0007772442838391294,0.0023421282412299316,0.0023421282412299316
2024-12-12,0.002880896606777822,0.002880896606777822,0.0,0.0,Bear,False,-0.0022734444127971223,-0.0022734444127971223,0.0010575671110694019,0.0010575671110694019
2024-12-13,-0.005044249776490742,-0.005044249776490742,0.0,0.0,Bear,False,0.005383940846064578,0.005383940846064578,-0.001550710531563969,-0.001550710531563969
2024-12-16,-0.002782946114866467,-0.002782946114866467,0.0,0.0,Bear,False,-0.0024437075266798528,-0.0024437075266798528,-0.0020316520037699888,-0.0020316520037699888
2024-12-17,-0.008770212291714851,-0.008770212291714851,0.0,0.0,Bear,False,-0.008118031491147898,-0.008118031491147898,-0.006479403114281216,-0.006479403114281216
2024-12-18,0.000587050430348388,0.000587050430348388,0.0,0.0,Bear,False,-0.0033801233643376304,-0.0033801233643376304,-0.0004229022087150953,-0.0004229022087150953
2024-12-19,-0.009655298205262083,-0.009655298205262083,0.0,0.0,Bear,False,-0.0061117736090352676,-0.0061117736090352676,-0.00650572865362229,-0.00650572865362229
2024-12-20,-0.010212959792296469,-0.010212959792296469,0.0,0.0,Bear,False,-0.009061652872084587,-0.009061652872084587,-0.007429695492860489,-0.007429695492860489
2024-12-23,0.00905894052694739,0.00905894052694739,0.0,0.0,Bear,False,0.004166745632395288,0.004166745632395288,0.005732878779941544,0.005732878779941544
2024-12-24,-0.0032483751745008347,-0.0032483751745008347,0.0,0.0,Bear,False,-0.0006490949621061932,-0.0006490949621061932,-0.0018801142384243636,-0.0018801142384243636
2024-12-26,0.0035028963056418466,0.0035028963056418466,0.0,0.0,Bear,False,0.0005681995704181468,0.0005681995704181468,0.0019962495966055014,0.0019962495966055014
2024-12-27,0.0030501483902524626,0.0030501483902524626,0.0,0.0,Bear,False,0.0015764222023912043,0.0015764222023912043,0.001970480143533409,0.001970480143533409
2024-12-30,-0.004031573106127199,-0.004117462904480784,8.623747102240713e-05,0.17247494204481426,Bear,True,-0.004245508761520744,-0.004248222073943264,-0.0034487841116594975,-0.003451307416750593
2024-12-31,0.0011249738879980536,0.0011249738879980536,0.0,0.0,Bear,False,0.0016209276216855421,0.0016209276216855421,0.0018192074451947495,0.0018192074451947495
2025-01-01,0.004075163399312539,0.004075163399312539,0.0,0.0,Bear,False,0.0024782290893455316,0.0024782290893455316,0.0027273814939090075,0.0027273814939090075
2025-01-02,0.0068505771404431814,0.0068505771404431814,0.0,0.0,Bear,False,0.011232865904714458,0.011232865904714458,0.007529124294675367,0.007529124294675367
2025-01-03,0.004277027478413264,0.004277027478413264,0.0,0.0,Bear,False,-0.004582797823839907,-0.004582797823839907,-0.00013312118010634557,-0.00013312118010634557
2025-01-06,-0.008886229655711952,-0.008886229655711952,0.0,0.0,Bear,False,-0.009734981717437927,-0.009734981717437927,-0.007766315697953724,-0.007766315697953724
2025-01-07,0.0027556548244569434,0.0027556548244569434,0.0,0.0,Bear,False,0.0023260763281353555,0.0023260763281353555,0.0021182353962988618,0.0021182353962988618
2025-01-08,0.004176166543359181,0.004176166543359181,0.0,0.0,Bear,False,-0.00047798966728740123,-0.00047798966728740123,0.0015474153561704218,0.0015474153561704218
2025-01-09,0.0021025460120220013,0.0021025460120220013,0.0,0.0,Bear,False,-0.0041033149024704094,-0.0041033149024704094,-0.000820167027244962,-0.000820167027244962
2025-01-10,0.005734246552305772,0.005734246552305772,0.0,0.0,Bear,False,-0.0024030787683647346,-0.0024030787683647346,0.0014199775539056,0.0014199775539056
2025-01-13,0.001065347106800639,0.001065347106800639,0.0,0.0,Bear,False,-0.008776726564602612,-0.008776726564602612,-0.0031601283544710358,-0.0031601283544710358
2025-01-14,-0.0018244489334346187,-0.0018244489334346187,0.0,0.0,Bear,False,0.002304678418605432,0.002304678418605432,0.00016739828433367325,0.00016739828433367325
2025-01-15,0.003000663782926229,0.003000663782926229,0.0,0.0,Bear,False,0.0009537944569986515,0.0009537944569986515,0.0016622465174056973,0.0016622465174056973
2025-01-16,0.004840326768666781,0.004840326768666781,0.0,0.0,Bear,False,0.0025142853011831555,0.0025142853011831555,0.003078892863749898,0.003078892863749898
2025-01-17,-3.888580546034956e-05,-3.888580546034956e-05,0.0,0.0,Bear,False,-0.002762747503584052,-0.002762747503584052,-0.00114573799915324,-0.00114573799915324
2025-01-20,0.00030876089871843023,0.00030876089871843023,0.0,0.0,Bear,False,0.003616251428407509,0.003616251428407509,0.0016090701850423775,0.0016090701850423775
2025-01-21,0.0017518398863753865,0.0017518398863753865,0.0,0.0,Bear,False,-0.008148239891144026,-0.008148239891144026,-0.0025932719230052606,-0.0025932719230052606
2025-01-22,0.009192459408910987,0.009192459408910987,0.0,0.0,Bear,False,0.00335022049658701,0.00335022049658701,0.005280412242201081,0.005280412242201081
2025-01-23,-0.0018779252640903038,-0.0018779252640903038,0.0,0.0,Bear,False,0.0012789375774441042,0.0012789375774441042,-0.0002836835211280351,-0.0002836835211280351
2025-01-24,0.0031745984593608925,0.0031745984593608925,0.0,0.0,Bear,False,-0.002886465272966289,-0.002886465272966289,0.0001827862608303111,0.0001827862608303111
2025-01-27,-0.003087658629979378,-0.003087658629979378,0.0,0.0,Bear,False,-0.006743414587180647,-0.006743414587180647,-0.004061186906302044,-0.004061186906302044
2025-01-28,-0.00018819250604320328,-0.00019557445698581422,7.383340431959088e-06,0.014766680863918176,Bear,True,0.0033707493659623114,0.003365157797066365,0.001332064716132749,0.0013240051672103181
2025-01-29,0.005096818279664735,0.005096818279664735,0.0,0.0,Bear,False,0.005392002840762624,0.005392002840762624,0.004378650583668262,0.004378650583668262
2025-01-30,0.003451197653163926,0.003451197653163926,0.0,0.0,Bear,False,0.002251025136658364,0.002251025136658364,0.0023805355241721627,0.0023805355241721627
2025-01-31,0.01384086904823974,0.01384086904823974,0.0,0.0,Bear,False,0.008695187463797712,0.008695187463797712,0.010228175548239548,0.010228175548239548
2025-02-01,-0.0017257876398841855,-0.0017257876398841855,0.0,0.0,Bear,False,-0.0006804915767747989,-0.0006804915767747989,-0.0010083103088636448,-0.0010083103088636448
2025-02-03,0.006960598761514355,0.006960598761514355,0.0,0.0,Bear,False,-0.0031229609759848014,-0.0031229609759848014,0.0016017905244187862,0.0016017905244187862
2025-02-04,0.008254367895350077,0.008254367895350077,0.0,0.0,Bear,False,0.009783693739698495,0.009783693739698495,0.007545372934399049,0.007545372934399049
2025-02-05,0.016635450231534923,0.016635450231534923,0.0,0.0,Bear,False,-0.001096311039346624,-0.001096311039346624,0.006538976712047639,0.006538976712047639
2025-02-06,-0.0023366079249691916,-0.0023366079249691916,0.0,0.0,Bear,False,-0.002383884013633151,-0.002383884013633151,-0.001980414796146062,-0.001980414796146062
2025-02-07,0.0008786097145501754,0.0008786097145501754,0.0,0.0,Bear,False,-0.0011157333993824594,-0.0011157333993824594,-8.921083032153434e-05,-8.921083032153434e-05
2025-02-10,0.009539514967067906,0.009539514967067906,0.0,0.0,Bear,False,-0.0045901173133791814,-0.0045901173133791814,0.0021543727019545447,0.0021543727019545447
2025-02-11,-0.008542211566680885,-0.008542211566680885,0.0,0.0,Bear,False,-0.008013964141369675,-0.008013964141369675,-0.006952996502681152,-0.006952996502681152
2025-02-12,-0.005944004395186851,-0.005944004395186851,0.0,0.0,Bear,False,-0.000692024420877557,-0.000692024420877557,-0.0028247730865056187,-0.0028247730865056187
2025-02-13,0.0044022950241477355,0.0044022950241477355,0.0,0.0,Bear,False,-0.0003571726633836985,-0.0003571726633836985,0.0017304209560946554,0.0017304209560946554
2025-02-14,0.0030916814528767315,0.0030916814528767315,0.0,0.0,Bear,False,-0.0026652621997232673,-0.0026652621997232673,0.0002263139709176075,0.0002263139709176075
2025-02-17,-0.00613992163132576,-0.00613992163132576,0.0,0.0,Bear,False,0.0007913786710433544,0.0007913786710433544,-0.0023065735681313177,-0.0023065735681313177
2025-02-18,0.0036041219072863594,0.0036041219072863594,0.0,0.0,Bear,False,-0.00037117597377110255,-0.00037117597377110255,0.0013857783814275602,0.0013857783814275602
2025-02-19,0.008325708657755167,0.008325708657755167,0.0,0.0,Bear,False,-0.00032427390566385265,-0.00032427390566385265,0.00342831922574346,0.00342831922574346
2025-02-20,-0.002836429213755508,-0.002836429213755508,0.0,0.0,Bear,False,-0.0005207038826122678,-0.0005207038826122678,-0.0014335365577855391,-0.0014335365577855391
2025-02-21,-0.005544589976929904,-0.005544589976929904,0.0,0.0,Bear,False,-0.003064644783697652,-0.003064644783697652,-0.0036312763258549052,-0.0036312763258549052
2025-02-24,0.0038421157229608306,0.0038421157229608306,0.0,0.0,Bear,False,-0.006371735283004567,-0.006371735283004567,-0.0009623321676806728,-0.0009623321676806728
2025-02-25,0.001652909273096668,0.0015536285271962047,9.911691463300978e-05,0.19823382926601957,Bear,True,-0.00015426962891373908,-0.00015632588470337883,0.0006030069051102814,0.0005947275126476637
2025-02-27,-0.009568957247416266,-0.009568957247416266,0.0,0.0,Bear,False,-6.245163824573013e-05,-6.245163824573013e-05,-0.004025635856403072,-0.004025635856403072
2025-02-28,-0.007924587377944183,-0.007924587377944183,0.0,0.0,Bear,False,-0.009718348026368158,-0.009718348026368158,-0.008601239878527815,-0.008601239878527815
2025-03-03,0.002908959240555127,0.002908959240555127,0.0,0.0,Bear,False,-0.00014914107251017965,-0.00014914107251017965,0.0011240952761259605,0.0011240952761259605
2025-03-04,0.011833426290989697,0.011833426290989697,0.0,0.0,Bear,False,-0.0009849608676195318,-0.0009849608676195318,0.004372757680976699,0.004372757680976699
2025-03-05,-0.0016549726517344726,-0.0016549726517344726,0.0,0.0,Bear,False,0.0068503488646553985,0.0068503488646553985,0.0030952703924311373,0.0030952703924311373
2025-03-06,-0.004197457537846997,-0.004197457537846997,0.0,0.0,Bear,False,0.005545323954020538,0.005545323954020538,0.0013285938150156215,0.0013285938150156215
2025-03-07,0.003551340786991317,0.003551340786991317,0.0,0.0,Bear,False,0.00020727163173785815,0.00020727163173785815,0.001587963631904004,0.001587963631904004
2025-03-10,-0.0004423592853248115,-0.0004423592853248115,0.0,0.0,Bear,False,-0.0024492831813051597,-0.0024492831813051597,-0.0015472359490992882,-0.0015472359490992882
2025-03-11,-0.0009977090633302892,-0.0009977090633302892,0.0,0.0,Bear,False,0.0009972446023288268,0.0009972446023288268,0.0001394352047156886,0.0001394352047156886
2025-03-12,0.0026599156377530037,0.0026599156377530037,0.0,0.0,Bear,False,-0.0007249129843778148,-0.0007249129843778148,0.0007017080826557219,0.0007017080826557219
2025-03-13,0.005522618729746043,0.005522618729746043,0.0,0.0,Bear,False,-0.0019514949666943377,-0.0019514949666943377,0.001213874659505471,0.001213874659505471
2025-03-17,0.007797027661979128,0.007797027661979128,0.0,0.0,Bear,False,0.0029715832349508234,0.0029715832349508234,0.004905548178525216,0.004905548178525216
2025-03-18,7.261094181065311e-09,7.261094181065311e-09,0.0,0.0,Bear,False,0.008658393052664422,0.008658393052664422,0.004788423393531,0.004788423393531
2025-03-19,0.007849720611485861,0.007849720611485861,0.0,0.0,Bear,False,0.0019367373404266832,0.0019367373404266832,0.004350539793201461,0.004350539793201461
2025-03-20,0.0025955112239344166,0.0025955112239344166,0.0,0.0,Bear,False,0.007449009111090754,0.007449009111090754,0.005212180466794511,0.005212180466794511
2025-03-21,-0.0058248261052075995,-0.0058248261052075995,0.0,0.0,Bear,False,0.004173034165013721,0.004173034165013721,-0.00011603271432532531,-0.00011603271432532531
2025-03-24,-0.010307366993561533,-0.010307366993561533,0.0,0.0,Bear,False,0.008010905809061258,0.008010905809061258,0.0001860597931894895,0.0001860597931894895
2025-03-25,0.0025215041903435633,0.0025215041903435633,0.0,0.0,Bear,False,0.0002658321185550199,0.0002658321185550199,0.0011852861430539966,0.0011852861430539966
2025-03-26,0.00021666024000360602,0.00021666024000360602,0.0,0.0,Bear,False,-0.0046944031440872246,-0.0046944031440872246,-0.002546075737257172,-0.002546075737257172
2025-03-27,0.006013162876829142,0.006013162876829142,0.0,0.0,Bear,False,0.002724372635956926,0.002724372635956926,0.004006483915241405,0.004006483915241405
2025-03-28,0.003286985965350237,0.0031866576255146217,9.999964241431883e-05,0.19999928482863766,Bear,True,-0.00019970168074341372,-0.00020464298946154535,0.001972484950778915,0.0019685687715826905
2025-04-01,0.02467149781525076,0.02467149781525076,0.0,0.0,Bear,False,-0.008999979245106786,-0.008999979245106786,0.006549749853818815,0.006549749853818815
2025-04-02,-0.003792517090424507,-0.003792517090424507,0.0,0.0,Bear,False,0.004277665647190274,0.004277665647190274,0.0001402462386798542,0.0001402462386798542
2025-04-03,-0.004703030484424513,-0.004703030484424513,0.0,0.0,Bear,False,-0.002098219458080544,-0.002098219458080544,-0.0028504250262285924,-0.0028504250262285924
2025-04-04,-0.012020451747205615,-0.012020451747205615,0.0,0.0,Bear,False,-0.008853111829795129,-0.008853111829795129,-0.008717534194430323,-0.008717534194430323
2025-04-07,-0.01873944565990502,-0.01873944565990502,0.0,0.0,Bear,False,-0.019200554216241107,-0.019200554216241107,-0.01578533912666696,-0.01578533912666696
2025-04-08,0.0015651260704929006,0.0015651260704929006,0.0,0.0,Bear,False,0.00986058028706399,0.00986058028706399,0.0046981876022996446,0.0046981876022996446
2025-04-09,0.012081541191481538,0.012081541191481538,0.0,0.0,Bear,False,-0.0035624194280584665,-0.0035624194280584665,0.0035876811175248953,0.0035876811175248953
2025-04-11,0.03620728362729718,0.03620728362729718,0.0,0.0,Bear,False,0.011243242587792536,0.011243242587792536,0.01987216413565558,0.01987216413565558
2025-04-15,0.0015772353768395554,0.0015772353768395554,0.0,0.0,Bear,False,0.012946235947447923,0.012946235947447923,0.0059265964127351006,0.0059265964127351006
2025-04-16,0.017256501071123406,0.017256501071123406,0.0,0.0,Bear,False,0.0027772220425517145,0.0027772220425517145,0.008498146163820124,0.008498146163820124
2025-04-17,0.006397311395278143,0.006397311395278143,0.0,0.0,Bear,False,0.010564672290375464,0.010564672290375464,0.0070438014618651274,0.0070438014618651274
2025-04-21,0.01786665505696246,0.01786665505696246,0.0,0.0,Bear,False,0.00690893644722575,0.00690893644722575,0.01050099471933573,0.01050099471933573
2025-04-22,0.01863781085568347,0.01863781085568347,0.0,0.0,Bear,False,0.0010446150276998156,0.0010446150276998156,0.00849990912839499,0.00849990912839499
2025-04-23,-0.02341402710653325,-0.02341402710653325,0.0,0.0,Bear,False,0.0040425927136271975,0.0040425927136271975,-0.008619455760865912,-0.008619455760865912
2025-04-24,0.0005600635590794421,0.0005600635590794421,0.0,0.0,Bear,False,-0.0020461006586093046,-0.0020461006586093046,-0.0005921639955222769,-0.0005921639955222769
2025-04-25,-0.006455685278257671,-0.006455685278257671,0.0,0.0,Bear,False,-0.0051786376294031475,-0.0051786376294031475,-0.004897256292524717,-0.004897256292524717
2025-04-28,-0.007627924270456574,-0.007627924270456574,0.0,0.0,Bear,False,0.0072552864850826595,0.0072552864850826595,-0.0003323455931532843,-0.0003323455931532843
2025-04-29,0.010153587867445293,0.010153587867445293,0.0,0.0,Bear,False,0.00018566856076524728,0.00018566856076524728,0.00441992932213386,0.00441992932213386
2025-04-30,-0.009602860447472175,-0.009602860447472175,0.0,0.0,Bear,False,0.001357887660544397,0.001357887660544397,-0.003003360285602532,-0.003003360285602532
2025-05-02,-0.007136365178045349,-0.007136365178045349,0.0,0.0,Bear,False,0.0003071362629865829,0.0003071362629865829,-0.002925529556431115,-0.002925529556431115
2025-05-05,0.0038419286177484462,0.003467010575101348,0.000373483147056092,0.746966294112184,Crisis,True,0.002820534418567755,0.0028176715950403164,0.006670325901871369,0.00666575757397081
2025-05-06,0.008100115956240488,0.008100115956240488,0.0,0.0,Crisis,False,-0.002000099486611333,-0.002000099486611333,0.009666912326978808,0.009666912326978808
2025-05-07,-0.0026823266490260474,-0.0026823266490260474,0.0,0.0,Crisis,False,0.0008529389735119043,0.0008529389735119043,-0.0030910321730072948,-0.0030910321730072948
2025-05-08,-0.0010844435197026729,-0.0010844435197026729,0.0,0.0,Crisis,False,-0.003455175312051666,-0.003455175312051666,-0.0033234963822325572,-0.0033234963822325572
2025-05-09,-0.0004756489815004216,-0.0004756489815004216,0.0,0.0,Crisis,False,-0.0065621565944007565,-0.0065621565944007565,-0.004193016008706363,-0.004193016008706363
2025-05-12,-0.008821115905323852,-0.008821115905323852,0.0,0.0,Crisis,False,0.022777164776912478,0.022777164776912478,0.0005513255353162182,0.0005513255353162182
2025-05-13,0.0034380154229200826,0.0034380154229200826,0.0,0.0,Crisis,False,-0.008415565723759755,-0.008415565723759755,-0.00010573282991909686,-0.00010573282991909686
2025-05-14,-0.0015485427020638387,-0.0015485427020638387,0.0,0.0,Crisis,False,0.002169857983852703,0.002169857983852703,-0.0008662083926588048,-0.0008662083926588048
2025-05-15,-0.004852474285590193,-0.004852474285590193,0.0,0.0,Crisis,False,0.009667002403092985,0.009667002403092985,-0.0011293361404070266,-0.0011293361404070266
2025-05-16,0.002365054837104857,0.002365054837104857,0.0,0.0,Crisis,False,-0.0010243485319296453,-0.0010243485319296453,0.0025574508476954158,0.0025574508476954158
2025-05-19,0.0017163833929549027,0.0017163833929549027,0.0,0.0,Crisis,False,-0.0018024142420874853,-0.0018024142420874853,0.0012700848994918938,0.0012700848994918938
2025-05-20,-0.0004546133061005269,-0.0004546133061005269,0.0,0.0,Crisis,False,-0.0063557962080363906,-0.0063557962080363906,-0.004104461632010683,-0.004104461632010683
2025-05-21,0.004204488235712769,0.004204488235712769,0.0,0.0,Crisis,False,0.003170252703631664,0.003170252703631664,0.007320256208691998,0.007320256208691998
2025-05-22,0.0009600560168014912,0.0009600560168014912,0.0,0.0,Crisis,False,-0.004964094769803399,-0.004964094769803399,-0.0014549775635103244,-0.0014549775635103244
2025-05-23,-0.000929904124345319,-0.000929904124345319,0.0,0.0,Crisis,False,0.005956980483643115,0.005956980483643115,0.0020342670764808488,0.0020342670764808488
2025-05-26,0.0008520162860664096,0.0008520162860664096,0.0,0.0,Crisis,False,0.0036062979552024268,0.0036062979552024268,0.00309893544382152,0.00309893544382152
2025-05-27,-0.0006958629341053926,-0.0006958629341053926,0.0,0.0,Crisis,False,-0.004246979212888477,-0.004246979212888477,-0.0032434414326837297,-0.0032434414326837297
2025-05-28,0.001579695848452132,0.001579695848452132,0.0,0.0,Crisis,False,-0.001796268689447878,-0.001796268689447878,0.0011038869939050417,0.0011038869939050417
2025-05-29,-0.0030282637685258543,-0.0030282637685258543,0.0,0.0,Crisis,False,0.001984027581322383,0.001984027581322383,-0.0029310768956448334,-0.0029310768956448334
2025-05-30,0.003912867745644689,0.003912867745644689,0.0,0.0,Crisis,False,-0.0005962070642828805,-0.0005962070642828805,0.0017066715919053176,0.0017066715919053176
2025-06-02,0.003253263988020407,0.003253263988020407,0.0,0.0,Crisis,False,-0.0008348547675614542,-0.0008348547675614542,0.003865868700066157,0.003865868700066157
2025-06-03,0.001294738570693613,0.001288973889782996,5.757226807027954e-06,0.011514453614055908,Crisis,True,-0.004226300028155094,-0.004227670959646712,-0.00048503422495738135,-0.0004869928156768788
2025-06-04,0.0010999837665439318,0.0010999837665439318,0.0,0.0,Crisis,False,0.0018941681440932886,0.0018941681440932886,0.0024565624502637905,0.0024565624502637905
2025-06-05,0.001385082937063551,0.001385082937063551,0.0,0.0,Crisis,False,0.003184253401197883,0.003184253401197883,0.003497833530740596,0.003497833530740596
2025-06-06,-0.0013987278109688934,-0.0013987278109688934,0.0,0.0,Crisis,False,0.006115880153245771,0.006115880153245771,0.0013234288802184326,0.0013234288802184326
2025-06-09,-0.002264349551937555,-0.002264349551937555,0.0,0.0,Crisis,False,0.0024143236865219867,0.0024143236865219867,-0.00174233773033971,-0.00174233773033971
2025-06-10,0.00040420640220663686,0.00040420640220663686,0.0,0.0,Crisis,False,2.527064740846062e-05,2.527064740846062e-05,0.0005495521976285871,0.0005495521976285871
2025-06-11,0.00048736440619635645,0.00048736440619635645,0.0,0.0,Crisis,False,0.0008934216314970677,0.0008934216314970677,0.0011157357314598778,0.0011157357314598778
2025-06-12,0.0018052253124173478,0.0018052253124173478,0.0,0.0,Crisis,False,-0.006083744341318908,-0.006083744341318908,-0.0008012991483475453,-0.0008012991483475453
2025-06-13,0.005287871363036996,0.005287871363036996,0.0,0.0,Crisis,False,-0.004099966403358541,-0.004099966403358541,0.00488698738579646,0.00488698738579646
2025-06-16,2.5801043418691545e-06,2.5801043418691545e-06,0.0,0.0,Crisis,False,0.005528026514517676,0.005528026514517676,0.0028734460874535305,0.0028734460874535305
2025-06-17,-0.0016794234405642526,-0.0016794234405642526,0.0,0.0,Crisis,False,-0.002243482707440248,-0.002243482707440248,-0.003399579977976588,-0.003399579977976588
2025-06-18,0.0006780800251187137,0.0006780800251187137,0.0,0.0,Crisis,False,-0.001004436581141749,-0.001004436581141749,0.000387184221616226,0.000387184221616226
2025-06-19,-3.675206850803957e-06,-3.675206850803957e-06,0.0,0.0,Crisis,False,-0.0004513397916754297,-0.0004513397916754297,-0.00024756717552608637,-0.00024756717552608637
2025-06-20,-0.0015472462833410062,-0.0015472462833410062,0.0,0.0,Crisis,False,0.007729015214211313,0.007729015214211313,0.001962063774153397,0.001962063774153397
2025-06-23,0.0012455040618813045,0.0012455040618813045,0.0,0.0,Crisis,False,-0.003378205076527654,-0.003378205076527654,-0.00011330864420039432,-0.00011330864420039432
2025-06-24,-0.00513871716105454,-0.00513871716105454,0.0,0.0,Crisis,False,0.0017478856312137052,0.0017478856312137052,-0.00590508452657873,-0.00590508452657873
2025-06-25,0.0005281217963248354,0.0005281217963248354,0.0,0.0,Crisis,False,0.0048303321142770545,0.0048303321142770545,0.0032237502947781464,0.0032237502947781464
2025-06-26,0.00020237001621986302,0.00020237001621986302,0.0,0.0,Crisis,False,0.007288246427528535,0.007288246427528535,0.004101997566919959,0.004101997566919959
2025-06-27,-0.0039984228505788744,-0.0039984228505788744,0.0,0.0,Crisis,False,0.00211688688489263,0.00211688688489263,-0.00416507727824081,-0.00416507727824081
2025-06-30,0.0028291288750385193,0.0028291288750385193,0.0,0.0,Crisis,False,-0.0016240217401459107,-0.0016240217401459107,0.00017411500245770783,0.00017411500245770783
2025-07-01,0.00330935590230613,0.00330935590230613,0.0,0.0,Crisis,False,0.0005925725657218002,0.0005925725657218002,0.004680083307384602,0.004680083307384602
2025-07-02,-0.0019905609815750696,-0.00235707845034705,0.0003672484993051988,0.7344969986103975,Bull,True,-0.0020806238412227397,-0.0020841635745977305,-0.000910267235940454,-0.0009133857837926307
2025-07-03,-0.001659187055480127,-0.001659187055480127,0.0,0.0,Bull,False,-0.0011282320339419214,-0.0011282320339419214,-0.001036581177290387,-0.001036581177290387
2025-07-04,0.0009025373489043872,0.0009025373489043872,0.0,0.0,Bull,False,0.0013126339940260812,0.0013126339940260812,0.0002338239950484839,0.0002338239950484839
2025-07-07,-0.0015512055671451509,-0.0015512055671451509,0.0,0.0,Bull,False,3.0527005041136114e-06,3.0527005041136114e-06,-0.0014825324800535617,-0.0014825324800535617
2025-07-08,0.0026483760064203695,0.0026483760064203695,0.0,0.0,Bull,False,0.0014403545205763453,0.0014403545205763453,0.0018327033845635856,0.0018327033845635856
2025-07-09,-0.0044268936808060395,-0.0044268936808060395,0.0,0.0,Bull,False,-0.0010904859404836948,-0.0010904859404836948,-0.0036951103530876417,-0.0036951103530876417
2025-07-10,-0.00013982036365504466,-0.00013982036365504466,0.0,0.0,Bull,False,-0.0028392413398149667,-0.0028392413398149667,0.0012290432799911878,0.0012290432799911878
2025-07-11,-0.0033478511516714608,-0.0033478511516714608,0.0,0.0,Bull,False,-0.004846278524449333,-0.004846278524449333,-0.0008743370199477086,-0.0008743370199477086
2025-07-14,0.0014471557011192357,0.0014471557011192357,0.0,0.0,Bull,False,-0.0016055848616664324,-0.0016055848616664324,0.002127356081107769,0.002127356081107769
2025-07-15,0.001997751850143132,0.001997751850143132,0.0,0.0,Bull,False,0.0026953219751506686,0.0026953219751506686,0.0006191729402249446,0.0006191729402249446
2025-07-16,-0.0009742952155355161,-0.0009742952155355161,0.0,0.0,Bull,False,0.00038890846736873067,0.00038890846736873067,-0.0011028105530518674,-0.0011028105530518674
2025-07-17,-0.0034047696731664134,-0.0034047696731664134,0.0,0.0,Bull,False,-0.0023857204940187227,-0.0023857204940187227,-0.002104097925691179,-0.002104097925691179
2025-07-18,-0.0011914057148957743,-0.0011914057148957743,0.0,0.0,Bull,False,-0.0033906181898021547,-0.0033906181898021547,0.00048321737067815005,0.00048321737067815005
2025-07-21,0.004896687724425526,0.004896687724425526,0.0,0.0,Bull,False,0.002908062066089319,0.002908062066089319,0.003253007447537986,0.003253007447537986
2025-07-22,0.0020191530865212868,0.0020191530865212868,0.0,0.0,Bull,False,-0.0007034397305166441,-0.0007034397305166441,0.002249836233754799,0.002249836233754799
2025-07-23,0.008318284149273885,0.008318284149273885,0.0,0.0,Bull,False,0.0037736653666910905,0.0037736653666910905,0.006097264075000304,0.006097264075000304
2025-07-24,-0.010241818474967029,-0.010241818474967029,0.0,0.0,Bull,False,-0.0037310928629124,-0.0037310928629124,-0.007964460609821769,-0.007964460609821769
2025-07-25,-0.006637310461957671,-0.006637310461957671,0.0,0.0,Bull,False,-0.005348058611243953,-0.005348058611243953,-0.0037644335397570153,-0.0037644335397570153
2025-07-28,-0.004332836696480571,-0.004332836696480571,0.0,0.0,Bull,False,-0.0037327404895094356,-0.0037327404895094356,-0.0023398318129029946,-0.0023398318129029946
2025-07-29,0.0031045481112972804,0.0031045481112972804,0.0,0.0,Bull,False,0.0033613986205710666,0.0033613986205710666,0.0013458690081586677,0.0013458690081586677
2025-07-30,0.0029803732558240847,0.0029803732558240847,0.0,0.0,Bull,False,0.0008153698750585094,0.0008153698750585094,0.0024347982121251856,0.0024347982121251856
2025-07-31,-0.001643921982843724,-0.0017437567388122188,9.999914676419474e-05,0.19999829352838946,Bull,True,-0.000627068101535322,-0.0006303454250565776,-0.0007098897100780153,-0.0007138064308293002
2025-08-01,-0.004747144722350157,-0.004747144722350157,0.0,0.0,Bull,False,-0.004907508497576511,-0.004907508497576511,-0.0037399048227015467,-0.0037399048227015467
2025-08-04,0.008340549964727193,0.008340549964727193,0.0,0.0,Bull,False,0.0038207741759835575,0.0038207741759835575,0.007322121333782652,0.007322121333782652
2025-08-05,0.00029044844146935804,0.00029044844146935804,0.0,0.0,Bull,False,-0.0017660662755609544,-0.0017660662755609544,0.000557475317337408,0.000557475317337408
2025-08-06,-0.002083840410036173,-0.002083840410036173,0.0,0.0,Bull,False,-0.0018293961260981795,-0.0018293961260981795,-0.0016959052939272154,-0.0016959052939272154
2025-08-07,0.0025212007035627627,0.0025212007035627627,0.0,0.0,Bull,False,0.0005327334787671131,0.0005327334787671131,0.0023133561300365257,0.0023133561300365257
2025-08-08,-0.0024231686305819368,-0.0024231686305819368,0.0,0.0,Bull,False,-0.005643985409474915,-0.005643985409474915,-0.0014145080736630363,-0.0014145080736630363
2025-08-11,-0.0007874036655760876,-0.0007874036655760876,0.0,0.0,Bull,False,0.005405259377144644,0.005405259377144644,-0.0015970334468427669,-0.0015970334468427669
2025-08-12,-0.0028296369712259113,-0.0028296369712259113,0.0,0.0,Bull,False,-0.0023652164048442786,-0.0023652164048442786,-0.002315393414374898,-0.002315393414374898
2025-08-13,0.0032902649499417964,0.0032902649499417964,0.0,0.0,Bull,False,0.003204976731251434,0.003204976731251434,0.0026193106128951683,0.0026193106128951683
2025-08-14,5.968431216322438e-06,5.968431216322438e-06,0.0,0.0,Bull,False,0.0002937615678941788,0.0002937615678941788,-3.8625116538043264e-05,-3.8625116538043264e-05
2025-08-18,0.002789064944280484,0.002789064944280484,0.0,0.0,Bull,False,0.0059493385695493905,0.0059493385695493905,0.001711057827767961,0.001711057827767961
2025-08-19,8.315464579615288e-06,8.315464579615288e-06,0.0,0.0,Bull,False,0.0024983694125826476,0.0024983694125826476,-0.0003882628908184649,-0.0003882628908184649
2025-08-20,0.0002897396244754253,0.0002897396244754253,0.0,0.0,Bull,False,0.0016838446046705377,0.0016838446046705377,1.0246601911855995e-05,1.0246601911855995e-05
2025-08-21,0.002590022658467774,0.002590022658467774,0.0,0.0,Bull,False,0.0007965013379285327,0.0007965013379285327,0.002340707244384879,0.002340707244384879
2025-08-22,-0.0035510495971162416,-0.0035510495971162416,0.0,0.0,Bull,False,-0.005121728564035583,-0.005121728564035583,-0.0025693974314395986,-0.0025693974314395986
2025-08-25,0.005493363865810008,0.005493363865810008,0.0,0.0,Bull,False,0.00234896141775741,0.00234896141775741,0.00485511214735182,0.00485511214735182
2025-08-26,-0.0032035660157595665,-0.0032035660157595665,0.0,0.0,Bull,False,-0.006146860793478675,-0.006146860793478675,-0.002079072520482528,-0.002079072520482528
2025-08-28,-0.0013109318293596478,-0.0013109318293596478,0.0,0.0,Bull,False,-0.005107326851717151,-0.005107326851717151,-0.00044248235671058263,-0.00044248235671058263
2025-08-29,0.0031771287587502974,0.0031771287587502974,0.0,0.0,Bull,False,-0.0005536433721558835,-0.0005536433721558835,0.0037430547472899855,0.0037430547472899855
2025-09-01,0.008926781840696408,0.008926781840696408,0.0,0.0,Bull,False,0.004817315471091747,0.004817315471091747,0.007727666945534555,0.007727666945534555
2025-09-02,-0.0008305780780428471,-0.0008367979498766775,6.225042217328753e-06,0.012450084434657505,Bull,True,-0.0011074374370738215,-0.0011093599506054597,-0.0006152430205965675,-0.0006209771203602443
2025-09-03,0.007613756780010566,0.007613756780010566,0.0,0.0,Bull,False,0.00330398527293417,0.00330398527293417,0.00672545071361866,0.00672545071361866
2025-09-04,0.0014753209946802928,0.0014753209946802928,0.0,0.0,Bull,False,0.0004720157927968684,0.0004720157927968684,0.0013334319878212605,0.0013334319878212605
2025-09-05,0.0020833332199951555,0.0020833332199951555,0.0,0.0,Bull,False,0.00015878972975064574,0.00015878972975064574,0.001958589384209803,0.001958589384209803
2025-09-08,0.005901043173490675,0.005901043173490675,0.0,0.0,Bull,False,0.0007811512844048768,0.0007811512844048768,0.005502103140644096,0.005502103140644096
2025-09-09,0.0064478775611877355,0.0064478775611877355,0.0,0.0,Bull,False,0.0023172994472637934,0.0023172994472637934,0.005785298336431216,0.005785298336431216
2025-09-10,0.0008002481606991917,0.0008002481606991917,0.0,0.0,Bull,False,0.0025311672597854644,0.0025311672597854644,0.0003677541834016249,0.0003677541834016249
2025-09-11,-0.0005269305205163098,-0.0005269305205163098,0.0,0.0,Bull,False,0.0007828109950536536,0.0007828109950536536,-0.0006257599637208386,-0.0006257599637208386
2025-09-12,0.004467592236925428,0.004467592236925428,0.0,0.0,Bull,False,0.0026233477418787588,0.0026233477418787588,0.0038558229570146135,0.0038558229570146135
2025-09-15,-0.002135479177047266,-0.002135479177047266,0.0,0.0,Bull,False,-0.001082703600404515,-0.001082703600404515,-0.0018724402102447534,-0.0018724402102447534
2025-09-16,0.00834712452287982,0.00834712452287982,0.0,0.0,Bull,False,0.004095376783232424,0.004095376783232424,0.0073298757919946006,0.0073298757919946006
2025-09-17,-0.00237330030665407,-0.00237330030665407,0.0,0.0,Bull,False,0.0021921371463166934,0.0021921371463166934,-0.002609894218858726,-0.002609894218858726
2025-09-18,0.003024561923801773,0.003024561923801773,0.0,0.0,Bull,False,0.00223607328498378,0.00223607328498378,0.002541000604885155,0.002541000604885155
2025-09-19,-0.002915722656750428,-0.002915722656750428,0.0,0.0,Bull,False,-0.0023075467302410145,-0.0023075467302410145,-0.0024271401976649052,-0.0024271401976649052
2025-09-22,0.0050353919023584885,0.0050353919023584885,0.0,0.0,Bull,False,-0.0029912384755981752,-0.0029912384755981752,0.005283304254456208,0.005283304254456208
2025-09-23,0.007178346054158841,0.007178346054158841,0.0,0.0,Bull,False,-0.0007853320311916877,-0.0007853320311916877,0.006987322035687285,0.006987322035687285
2025-09-24,-0.0038661981210013022,-0.0038661981210013022,0.0,0.0,Bull,False,-0.0027076088138093474,-0.0027076088138093474,-0.0032783565945908627,-0.0032783565945908627
2025-09-25,-0.003732470613052358,-0.003732470613052358,0.0,0.0,Bull,False,-0.004003754620699601,-0.004003754620699601,-0.002947603193071983,-0.002947603193071983
2025-09-26,-0.004982396317212559,-0.004982396317212559,0.0,0.0,Bull,False,-0.005716859206979585,-0.005716859206979585,-0.003874276862567984,-0.003874276862567984
2025-09-29,0.0062302562762048,0.0062302562762048,0.0,0.0,Bull,False,-0.00048607021746492407,-0.00048607021746492407,0.006015789197663076,0.006015789197663076
2025-09-30,-1.701911427712515e-05,-1.701911427712515e-05,0.0,0.0,Bull,False,0.0006586129276193646,0.0006586129276193646,0.0004996859621754858,0.0004996859621754858
2025-10-01,0.010617410544577356,0.010605653984342434,1.1633047394722916e-05,0.02326609478944583,Bull,True,0.005490234295485541,0.005489792687467965,0.009240353803989798,0.009228947480514504
2025-10-03,-0.0009749330134754795,-0.0009749330134754795,0.0,0.0,Bull,False,0.0014050441162699943,0.0014050441162699943,-0.0011519687036995398,-0.0011519687036995398
2025-10-06,0.011095312984814842,0.011095312984814842,0.0,0.0,Bull,False,0.004436533590169881,0.004436533590169881,0.009877818276269398,0.009877818276269398
2025-10-07,0.002124843358184063,0.002124843358184063,0.0,0.0,Bull,False,0.0007427916019383756,0.0007427916019383756,0.0019141215569780739,0.0019141215569780739
2025-10-08,0.006135106450533632,0.006135106450533632,0.0,0.0,Bull,False,-0.0014970334077299829,-0.0014970334077299829,0.006096047886173388,0.006096047886173388
2025-10-09,0.0016272987440485562,0.0016272987440485562,0.0,0.0,Bull,False,0.003268384878340172,0.003268384878340172,0.001041536813998679,0.001041536813998679
2025-10-10,-0.0009951056242099084,-0.0009951056242099084,0.0,0.0,Bull,False,0.002493759692727099,0.002493759692727099,-0.001339793956179112,-0.001339793956179112
2025-10-13,0.005988337140815324,0.005988337140815324,0.0,0.0,Bull,False,-0.0013950683304449342,-0.0013950683304449342,0.005942990835911341,0.005942990835911341
2025-10-14,0.007154897327701025,0.007154897327701025,0.0,0.0,Bull,False,-0.001965904287251765,-0.001965904287251765,0.007148209677526694,0.007148209677526694
2025-10-15,0.003819689595931078,0.003819689595931078,0.0,0.0,Bull,False,0.0042849352535898385,0.0042849352535898385,0.002989384776372511,0.002989384776372511
2025-10-16,0.004849742114868831,0.004849742114868831,0.0,0.0,Bull,False,0.006276283231930423,0.006276283231930423,0.0036707864350436262,0.0036707864350436262
2025-10-17,0.01166901083401979,0.01166901083401979,0.0,0.0,Bull,False,0.002965963764659798,0.002965963764659798,0.010719336964943257,0.010719336964943257
2025-10-20,-0.007895650578075477,-0.007895650578075477,0.0,0.0,Bull,False,0.0031649925698031835,0.0031649925698031835,-0.008059642819507835,-0.008059642819507835
2025-10-21,0.0023415038409818124,0.0023415038409818124,0.0,0.0,Bull,False,0.0006023405298053758,0.0006023405298053758,0.0021519718446755716,0.0021519718446755716
2025-10-23,-0.013367120963317944,-0.013367120963317944,0.0,0.0,Bull,False,0.0005354467634754879,0.0005354467634754879,-0.012908790988251352,-0.012908790988251352
2025-10-24,-0.0016844647507400338,-0.0016844647507400338,0.0,0.0,Bull,False,-0.002275487092224225,-0.002275487092224225,-0.0012562742122265008,-0.0012562742122265008
2025-10-27,-0.002463615027011614,-0.002463615027011614,0.0,0.0,Bull,False,0.004053434923620992,0.004053434923620992,-0.0029980568138101437,-0.0029980568138101437
2025-10-28,-0.012108257122470274,-0.012108257122470274,0.0,0.0,Bull,False,-0.0007083632877892095,-0.0007083632877892095,-0.011501268124992733,-0.011501268124992733
2025-10-29,0.013142478400861439,0.013142478400861439,0.0,0.0,Bull,False,0.002779679368050567,0.002779679368050567,0.012149815517583786,0.012149815517583786
2025-10-30,-0.004037923430194121,-0.004037923430194121,0.0,0.0,Bull,False,-0.004146162780036661,-0.004146162780036661,-0.0032147448232014925,-0.0032147448232014925
2025-10-31,-0.0015468312517381635,-0.0015468312517381635,0.0,0.0,Bull,False,-0.0036794478561871275,-0.0036794478561871275,-0.000896437732238736,-0.000896437732238736
2025-11-03,0.0011473929534861823,0.0010493667785695937,9.791382927895853e-05,0.19582765855791706,Bull,True,0.0009582037041652835,0.0009529244362818101,0.0006312245604109071,0.0006264380185527774
2025-11-04,-0.00505625895440713,-0.00505625895440713,0.0,0.0,Bull,False,-0.003857440469606168,-0.003857440469606168,-0.002975252414574508,-0.002975252414574508
2025-11-06,-0.0012827569302951724,-0.0012827569302951724,0.0,0.0,Bull,False,-0.0020575435029651598,-0.0020575435029651598,-0.00024051679115057645,-0.00024051679115057645
2025-11-07,-0.0008992287914049779,-0.0008992287914049779,0.0,0.0,Bull,False,-0.00040786096611219986,-0.00040786096611219986,-0.0006604120647237684,-0.0006604120647237684
2025-11-10,0.008282546659581535,0.008282546659581535,0.0,0.0,Bull,False,0.0019242054779737832,0.0019242054779737832,0.006951302214002631,0.006951302214002631
2025-11-11,0.008593031667651529,0.008593031667651529,0.0,0.0,Bull,False,0.002818847164572931,0.002818847164572931,0.006833295255409189,0.006833295255409189
2025-11-12,0.0024442696835963967,0.0024442696835963967,0.0,0.0,Bull,False,0.004221278181196851,0.004221278181196851,0.00034047535354119656,0.00034047535354119656
2025-11-13,0.00933923876705332,0.00933923876705332,0.0,0.0,Bull,False,7.785498974473292e-05,7.785498974473292e-05,0.008878300435190448,0.008878300435190448
2025-11-14,-0.004574280399917481,-0.004574280399917481,0.0,0.0,Bull,False,0.0007221513502315844,0.0007221513502315844,-0.00470181619405457,-0.00470181619405457
2025-11-17,-0.0038612375880526175,-0.0038612375880526175,0.0,0.0,Bull,False,0.002397382796020582,0.002397382796020582,-0.004822801876606456,-0.004822801876606456
2025-11-18,-0.006130834627320147,-0.006130834627320147,0.0,0.0,Bull,False,-0.002391649097619879,-0.002391649097619879,-0.004721229531544642,-0.004721229531544642
2025-11-19,0.008158423887881294,0.008158423887881294,0.0,0.0,Bull,False,0.0033117938890369868,0.0033117938890369868,0.00621350733652614,0.00621350733652614
2025-11-20,0.001127515545253999,0.001127515545253999,0.0,0.0,Bull,False,0.0032291130875423926,0.0032291130875423926,-0.00045315183215394097,-0.00045315183215394097
2025-11-21,-0.0015324108685821414,-0.0015324108685821414,0.0,0.0,Bull,False,-0.002861083980755277,-0.002861083980755277,-0.00010604250886715543,-0.00010604250886715543
2025-11-24,-0.0019108063926594812,-0.0019108063926594812,0.0,0.0,Bull,False,-0.0025180834144306035,-0.0025180834144306035,-0.0006377468870363303,-0.0006377468870363303
2025-11-25,0.0023837329539565183,0.0023837329539565183,0.0,0.0,Bull,False,-0.0017288813448951958,-0.0017288813448951958,0.003102092850482084,0.003102092850482084
2025-11-26,0.0104498118855472,0.0104498118855472,0.0,0.0,Bull,False,0.007443806857642893,0.007443806857642893,0.006461849594950724,0.006461849594950724
2025-11-27,1.3701784612175574e-05,1.3701784612175574e-05,0.0,0.0,Bull,False,0.000236430091772394,0.000236430091772394,-9.847412558147708e-05,-9.847412558147708e-05
2025-11-28,0.0014279645581341807,0.0014279645581341807,0.0,0.0,Bull,False,-0.0002906033490479543,-0.0002906033490479543,0.0015062061259663243,0.0015062061259663243
2025-12-01,0.006478202545171557,0.006478202545171557,0.0,0.0,Bull,False,-0.0006234612326987151,-0.0006234612326987151,0.0065091309051689365,0.0065091309051689365
2025-12-02,-0.007190769960974305,-0.007190769960974305,0.0,0.0,Bull,False,-0.003317400019147829,-0.003317400019147829,-0.00534545174676605,-0.00534545174676605
2025-12-03,0.0017623027051590402,0.001757419244074132,4.8748700880899155e-06,0.009749740176179831,Bull,True,-0.0010648171142618955,-0.0010662530843095208,0.002185439277757384,0.0021799880470010358
2025-12-04,-0.0007613351066387869,-0.0007613351066387869,0.0,0.0,Bull,False,0.0011017332530507194,0.0011017332530507194,-0.0012477082987478773,-0.0012477082987478773
2025-12-05,0.007019794576363323,0.007019794576363323,0.0,0.0,Bull,False,0.0035233475144760503,0.0035233475144760503,0.005014911510334002,0.005014911510334002
2025-12-08,-0.005727048854361154,-0.005727048854361154,0.0,0.0,Bull,False,-0.005188127189228489,-0.005188127189228489,-0.0030009120013060483,-0.0030009120013060483
2025-12-09,-0.004896404552236102,-0.004896404552236102,0.0,0.0,Bull,False,-0.0027951666911862987,-0.0027951666911862987,-0.00334034826135406,-0.00334034826135406
2025-12-10,-0.0022102584340585804,-0.0022102584340585804,0.0,0.0,Bull,False,-0.0018902981950489812,-0.0018902981950489812,-0.001203772870995219,-0.001203772870995219
2025-12-11,0.006589809719100018,0.006589809719100018,0.0,0.0,Bull,False,0.003260070859418906,0.003260070859418906,0.004710533992949503,0.004710533992949503
2025-12-12,0.011836348160726375,0.011836348160726375,0.0,0.0,Bull,False,0.0034349282961812035,0.0034349282961812035,0.00963673856960901,0.00963673856960901
2025-12-15,0.003896589571713934,0.003896589571713934,0.0,0.0,Bull,False,-0.000456711491339864,-0.000456711491339864,0.0039236239521290624,0.0039236239521290624
2025-12-16,-0.008629494671245118,-0.008629494671245118,0.0,0.0,Bull,False,-0.0038501467577230276,-0.0038501467577230276,-0.006416673377778733,-0.006416673377778733
2025-12-17,0.000383999499855843,0.000383999499855843,0.0,0.0,Bull,False,-0.0009614429740713641,-0.0009614429740713641,0.0008165899272493145,0.0008165899272493145
2025-12-18,-0.00043542146885581324,-0.00043542146885581324,0.0,0.0,Bull,False,-6.948703101963346e-05,-6.948703101963346e-05,-0.00038133477284876664,-0.00038133477284876664
2025-12-19,0.0035371003831224236,0.0035371003831224236,0.0,0.0,Bull,False,0.0034942733019913057,0.0034942733019913057,0.0017239010498108942,0.0017239010498108942
2025-12-22,0.01022064445841983,0.01022064445841983,0.0,0.0,Bull,False,0.004755158549549719,0.004755158549549719,0.0074992944371343895,0.0074992944371343895
2025-12-23,0.0056568378085464785,0.0056568378085464785,0.0,0.0,Bull,False,0.00010912673125761433,0.00010912673125761433,0.005350143305228328,0.005350143305228328
2025-12-24,-0.0004966144938743172,-0.0004966144938743172,0.0,0.0,Bull,False,-0.0008051704892902003,-0.0008051704892902003,-9.916561958685417e-05,-9.916561958685417e-05
2025-12-26,0.0011216587714109978,0.0011216587714109978,0.0,0.0,Bull,False,-0.0022983741407380173,-0.0022983741407380173,0.0021359015861230715,0.0021359015861230715
2025-12-29,-0.0065530233636970445,-0.0065530233636970445,0.0,0.0,Bull,False,-0.002304934017725027,-0.002304934017725027,-0.005176497510201546,-0.005176497510201546
2025-12-30,-0.0061081460577605525,-0.0061081460577605525,0.0,0.0,Bull,False,-7.506281116116922e-05,-7.506281116116922e-05,-0.00578277499103573,-0.00578277499103573
2025-12-31,0.00123087409300791,0.00123087409300791,0.0,0.0,Bull,False,0.004401927767665587,0.004401927767665587,-0.0008913301885920139,-0.0008913301885920139
2026-01-01,0.0017514982147542396,0.0017514982147542396,0.0,0.0,Bull,False,0.000393816896360249,0.000393816896360249,0.001491259982298824,0.001491259982298824
2026-01-02,0.008641409010690784,0.008636691495853777,4.677098119295805e-06,0.00935419623859161,Bull,True,0.0041764591021431485,0.0041759323735619525,0.006241123349797501,0.006236275550174586
2026-01-05,0.0015250637424704602,0.0015250637424704602,0.0,0.0,Bull,False,-0.001792166932498917,-0.001792166932498917,0.0023023573236514716,0.0023023573236514716
2026-01-06,-0.0010723790957467222,-0.0010723790957467222,0.0,0.0,Bull,False,-0.001639186373396818,-0.001639186373396818,-0.0002471745930563931,-0.0002471745930563931
2026-01-07,-0.0016567043195098593,-0.0016567043195098593,0.0,0.0,Bull,False,-0.0008662031766848391,-0.0008662031766848391,-0.00116446739775326,-0.00116446739775326
2026-01-08,-0.008461164468355837,-0.008461164468355837,0.0,0.0,Bull,False,-0.006056680890281325,-0.006056680890281325,-0.005197251911101826,-0.005197251911101826
2026-01-09,-0.0006320565548606459,-0.0006320565548606459,0.0,0.0,Bull,False,-0.004469136162886744,-0.004469136162886744,0.001510821314015909,0.001510821314015909
2026-01-12,0.012656224385617107,0.012656224385617107,0.0,0.0,Bull,False,0.0024765484400820423,0.0024765484400820423,0.010823720011292459,0.010823720011292459
2026-01-13,-0.0026468192931711765,-0.0026468192931711765,0.0,0.0,Bull,False,-0.0013367250175629428,-0.0013367250175629428,-0.0018847895155709945,-0.0018847895155709945
2026-01-14,0.003506593729260173,0.003506593729260173,0.0,0.0,Bull,False,-0.0015453201759872992,-0.0015453201759872992,0.004045943524002836,0.004045943524002836
2026-01-15,0.0,0.0,0.0,0.0,Bull,False,0.0,0.0,0.0,0.0
2026-01-16,-1.3505330285419484e-05,-1.3505330285419484e-05,0.0,0.0,Bull,False,0.0006671054718072287,0.0006671054718072287,-0.0003218790555612846,-0.0003218790555612846
2026-01-19,0.007717270532912981,0.007717270532912981,0.0,0.0,Bull,False,-0.0025240264696318104,-0.0025240264696318104,0.008488648976952414,0.008488648976952414
2026-01-20,0.006177842256233707,0.006177842256233707,0.0,0.0,Bull,False,-0.008206146994472648,-0.008206146994472648,0.009617994010441163,0.009617994010441163
2026-01-21,0.02630533633065234,0.02630533633065234,0.0,0.0,Bull,False,-0.0017620312658685289,-0.0017620312658685289,0.025629568082601077,0.025629568082601077
2026-01-22,-0.028847782058068077,-0.028847782058068077,0.0,0.0,Bull,False,0.003108839893632131,0.003108839893632131,-0.028622933408934598,-0.028622933408934598
2026-01-23,0.00367390080196435,0.00367390080196435,0.0,0.0,Bull,False,-0.005643053184610797,-0.005643053184610797,0.006031632727614933,0.006031632727614933
2026-01-27,0.01550670192435286,0.01550670192435286,0.0,0.0,Bull,False,0.0029837792406741167,0.0029837792406741167,0.013279547824463432,0.013279547824463432
2026-01-28,0.017271630905315215,0.017271630905315215,0.0,0.0,Bull,False,0.003923706167266383,0.003923706167266383,0.014570895925934023,0.014570895925934023
2026-01-29,0.03377859409891132,0.03377859409891132,0.0,0.0,Bull,False,0.0017803124809942365,0.0017803124809942365,0.031210985996837318,0.031210985996837318
2026-01-30,-0.04675730606395808,-0.04675730606395808,0.0,0.0,Bull,False,-0.0022888230873675543,-0.0022888230873675543,-0.04341424429239588,-0.04341424429239588
2026-02-02,-0.04326670078899677,-0.04326670078899677,0.0,0.0,Bull,False,-0.00543661576541974,-0.00543661576541974,-0.03852597351989576,-0.03852597351989576
2026-02-03,0.035818643069465056,0.035805179401189546,1.2998094179546782e-05,0.025996188359093564,Bull,True,0.015285559398131365,0.015280507291881795,0.02683415569697637,0.02682355058542507
2026-02-04,0.013740273961601676,0.013740273961601676,0.0,0.0,Bull,False,0.0011412396385475727,0.0011412396385475727,0.012663138083928365,0.012663138083928365
2026-02-05,-0.015588925559185614,-0.015588925559185614,0.0,0.0,Bull,False,-0.0031300420906623873,-0.0031300420906623873,-0.01353042152942797,-0.01353042152942797
2026-02-06,0.0007621411872734359,0.0007621411872734359,0.0,0.0,Bull,False,0.0012013254010418346,0.0012013254010418346,0.0001663631564219095,0.0001663631564219095
2026-02-09,0.012730047465194372,0.012730047465194372,0.0,0.0,Bull,False,0.004088550709364746,0.004088550709364746,0.010294378113239739,0.010294378113239739
2026-02-10,0.0026914064544107798,0.0026914064544107798,0.0,0.0,Bull,False,0.0015969100184758144,0.0015969100184758144,0.0018485275822639144,0.0018485275822639144
2026-02-11,0.001471963725846624,0.001471963725846624,0.0,0.0,Bull,False,0.0004343975369754459,0.0004343975369754459,0.001209840202248038,0.001209840202248038
2026-02-12,-0.004116273071660098,-0.004116273071660098,0.0,0.0,Bull,False,-0.0034321663015223643,-0.0034321663015223643,-0.002357181228356792,-0.002357181228356792
2026-02-13,-0.015124222529508206,-0.015124222529508206,0.0,0.0,Bull,False,-0.007902096511719492,-0.007902096511719492,-0.010858932259357714,-0.010858932259357714
2026-02-16,0.007658238054942784,0.007658238054942784,0.0,0.0,Bull,False,0.005011816828797873,0.005011816828797873,0.004982688654933368,0.004982688654933368
2026-02-17,-0.005574979504263437,-0.005574979504263437,0.0,0.0,Bull,False,0.001005707375153703,0.001005707375153703,-0.005825180963705455,-0.005825180963705455
2026-02-18,0.0025253314020587457,0.0025253314020587457,0.0,0.0,Bull,False,0.00221706528281987,0.00221706528281987,0.0013853834498931612,0.0013853834498931612
2026-02-19,-0.0021520038181525826,-0.0021520038181525826,0.0,0.0,Bull,False,-0.00857912783516701,-0.00857912783516701,0.001979866850895522,0.001979866850895522
2026-02-20,0.004211410644947335,0.004211410644947335,0.0,0.0,Bull,False,0.0027714572204492836,0.0027714572204492836,0.002739092827852698,0.002739092827852698
2026-02-23,0.010521068977847289,0.010521068977847289,0.0,0.0,Bull,False,0.0033513001098001293,0.0033513001098001293,0.00852610207465619,0.00852610207465619
2026-02-24,-0.003689464004022847,-0.003689464004022847,0.0,0.0,Bull,False,-0.006794485917675859,-0.006794485917675859,-0.0003886458928106522,-0.0003886458928106522
2026-02-25,0.002758839705247723,0.002758839705247723,0.0,0.0,Bull,False,0.0013684843709498493,0.0013684843709498493,0.0020057893977588064,0.0020057893977588064
2026-02-26,-0.003056144217806864,-0.003056144217806864,0.0,0.0,Bull,False,0.0003328930030802266,0.0003328930030802266,-0.00308321274236794,-0.00308321274236794
2026-02-27,-0.004718717788259076,-0.004718717788259076,0.0,0.0,Bull,False,-0.0075292324711567155,-0.0075292324711567155,-0.0010376781596374849,-0.0010376781596374849
2026-03-02,0.011256041307275307,0.011256041307275307,0.0,0.0,Bull,False,-0.007468244080561343,-0.007468244080561343,0.014185675654166442,0.014185675654166442
2026-03-04,-0.021706336066873243,-0.021706336066873243,0.0,0.0,Bull,False,-0.009261533627795122,-0.009261533627795122,-0.016502702741464852,-0.016502702741464852
2026-03-05,-0.0031251239322628165,-0.0034956441558001705,0.00037168177514797007,0.7433635502959401,Crisis,True,0.006998968688674534,0.00699599750206592,-0.00039045922016389705,-0.00040558776529220353
2026-03-06,-0.00274413121495436,-0.00274413121495436,0.0,0.0,Crisis,False,-0.007677752108490176,-0.007677752108490176,-0.007831717649650877,-0.007831717649650877
2026-03-09,0.000872277972172477,0.000872277972172477,0.0,0.0,Crisis,False,-0.010364287419599513,-0.010364287419599513,-0.0044727957711705214,-0.0044727957711705214
2026-03-10,0.0016578663627107096,0.0016578663627107096,0.0,0.0,Crisis,False,0.005788306849210064,0.005788306849210064,0.005362971707519119,0.005362971707519119
2026-03-11,0.0008550973409077983,0.0008550973409077983,0.0,0.0,Crisis,False,-0.00972320949350127,-0.00972320949350127,-0.0041330494398539195,-0.0041330494398539195
2026-03-12,-0.0005932109454158856,-0.0005932109454158856,0.0,0.0,Crisis,False,-0.00567000819998966,-0.00567000819998966,-0.003844582357672771,-0.003844582357672771
2026-03-13,-0.004075142453562576,-0.004075142453562576,0.0,0.0,Crisis,False,-0.012209552562628696,-0.012209552562628696,-0.012076715287778685,-0.012076715287778685
2026-03-16,-0.005764116933372718,-0.005764116933372718,0.0,0.0,Crisis,False,0.006524636235250028,0.006524636235250028,-0.004325630607116166,-0.004325630607116166
2026-03-17,0.0019454279270803042,0.0019454279270803042,0.0,0.0,Crisis,False,0.004342228381426123,0.004342228381426123,0.004995065909344615,0.004995065909344615
2026-03-18,-0.0005310382181133841,-0.0005310382181133841,0.0,0.0,Crisis,False,0.004928377773223177,0.004928377773223177,0.0019582207573378757,0.0019582207573378757
2026-03-19,-0.01265392751579521,-0.01265392751579521,0.0,0.0,Crisis,False,-0.019343723783598752,-0.019343723783598752,-0.027639879357071705,-0.027639879357071705
2026-03-20,-0.00047356984365270354,-0.00047356984365270354,0.0,0.0,Crisis,False,0.002852967776463276,0.002852967776463276,0.000927311831209429,0.000927311831209429
2026-03-23,-0.019939979771319304,-0.019939979771319304,0.0,0.0,Crisis,False,-0.015257735209434341,-0.015257735209434341,-0.03573226896575966,-0.03573226896575966
2026-03-24,0.009416191855234535,0.009416191855234535,0.0,0.0,Crisis,False,0.010289833959234076,0.010289833959234076,0.0189090549287646,0.0189090549287646
2026-03-25,0.007458776690926594,0.007458776690926594,0.0,0.0,Crisis,False,0.010043878942964515,0.010043878942964515,0.01589065613408742,0.01589065613408742
2026-03-27,-0.0035062083983679357,-0.0035062083983679357,0.0,0.0,Crisis,False,-0.012281750212460472,-0.012281750212460472,-0.011614823662586619,-0.011614823662586619
2026-03-30,0.006913126440977103,0.006913126440977103,0.0,0.0,Crisis,False,-0.012473122572823103,-0.012473122572823103,0.0026265180383893373,0.0026265180383893373
2026-04-01,0.004266861165930861,0.004266861165930861,0.0,0.0,Crisis,False,0.009003439060311818,0.009003439060311818,0.01082358912271596,0.01082358912271596
2026-04-02,-0.005305057750246899,-0.005305057750246899,0.0,0.0,Crisis,False,0.0008640848121649715,0.0008640848121649715,-0.006831023283619639,-0.006831023283619639
2026-04-06,0.004333671319676203,0.004333671319676203,0.0,0.0,Crisis,False,0.006532501496206866,0.006532501496206866,0.009568583578740112,0.009568583578740112
2026-04-07,-0.0019132516143374441,-0.0019132516143374441,0.0,0.0,Crisis,False,0.003959515507392792,0.003959515507392792,-0.00046617196938549476,-0.00046617196938549476
2026-04-08,0.0053508424829543134,0.005342116923276574,8.67911907861509e-06,0.01735823815723018,Crisis,True,0.022666271867445964,0.022659234803471984,0.019735293024188822,0.019726575738787444
2026-04-09,-0.0024095921364700873,-0.0024095921364700873,0.0,0.0,Crisis,False,-0.005639007763814554,-0.005639007763814554,-0.00630914665932651,-0.00630914665932651
2026-04-10,0.0005807129811539149,0.0005807129811539149,0.0,0.0,Crisis,False,0.007033664165337836,0.007033664165337836,0.004678908449775824,0.004678908449775824
2026-04-13,0.000552272137753381,0.000552272137753381,0.0,0.0,Crisis,False,-0.005269023652276165,-0.005269023652276165,-0.002218562813595325,-0.002218562813595325
2026-04-15,0.002658077665057543,0.002658077665057543,0.0,0.0,Crisis,False,0.00989979772948446,0.00989979772948446,0.00901846239715272,0.00901846239715272
2026-04-16,0.0011215275788103085,0.0011215275788103085,0.0,0.0,Crisis,False,-0.0008714586789664803,-0.0008714586789664803,0.0009828790849575255,0.0009828790849575255
2026-04-17,-0.00164980114562225,-0.00164980114562225,0.0,0.0,Crisis,False,0.003958364512374431,0.003958364512374431,4.212397317807136e-05,4.212397317807136e-05
2026-04-20,0.00040058377254158456,0.00040058377254158456,0.0,0.0,Crisis,False,0.0002802290950239856,0.0002802290950239856,0.0006890534591679718,0.0006890534591679718
2026-04-21,0.00044875160509083296,0.00044875160509083296,0.0,0.0,Crisis,False,0.005322964795759851,0.005322964795759851,0.003559563024343517,0.003559563024343517
2026-04-22,-0.0004689348616993161,-0.0004689348616993161,0.0,0.0,Crisis,False,-0.004963466358577949,-0.004963466358577949,-0.00338813378358724,-0.00338813378358724
2026-04-23,-0.001848516216189276,-0.001848516216189276,0.0,0.0,Crisis,False,-0.005148916962959362,-0.005148916962959362,-0.005300899289222644,-0.005300899289222644
2026-04-24,-0.00029362435427356825,-0.00029362435427356825,0.0,0.0,Crisis,False,-0.0069528691849752005,-0.0069528691849752005,-0.00426091780847365,-0.00426091780847365
2026-04-27,0.0006336554157409342,0.0006336554157409342,0.0,0.0,Crisis,False,0.004953761269568831,0.004953761269568831,0.0035945279649861987,0.0035945279649861987
2026-04-28,-0.0031993558828727663,-0.0031993558828727663,0.0,0.0,Crisis,False,-0.0024512738530608497,-0.0024512738530608497,-0.005576722872265917,-0.005576722872265917
2026-04-29,-0.0022614307454159144,-0.0022614307454159144,0.0,0.0,Crisis,False,0.004612791185905895,0.004612791185905895,-0.0003855571641607001,-0.0003855571641607001
2026-04-30,0.0037993531198422465,0.0037993531198422465,0.0,0.0,Crisis,False,-0.0045487437934027255,-0.0045487437934027255,0.0024319788974426276,0.0024319788974426276
2026-05-01,0.0,0.0,0.0,0.0,Crisis,False,0.0,0.0,0.0,0.0
2026-05-04,-0.002148228594558805,-0.002148228594558805,0.0,0.0,Crisis,False,0.003089069475697886,0.003089069475697886,-0.0011001618190445198,-0.0011001618190445198
2026-05-05,-0.0004436026581324834,-0.0004436026581324834,0.0,0.0,Crisis,False,-0.0021840364467794783,-0.0021840364467794783,-0.0018166926107937781,-0.0018166926107937781
2026-05-06,0.0038079803580055617,0.0038079803580055617,0.0,0.0,Crisis,False,0.007553991097709162,0.007553991097709162,0.009254762394668367,0.009254762394668367
2026-05-07,0.0009270563964376918,0.0009270563964376918,0.0,0.0,Crisis,False,-0.0001042736709671693,-0.0001042736709671693,0.0011461394444826007,0.0011461394444826007
2026-05-08,-0.0032339016793011418,-0.003505955057871546,0.00027293602684594495,0.5458720536918898,Bull,True,-0.0037119783673464687,-0.003718009880127604,-0.0024907034435237194,-0.0024951359484085556
2026-05-11,-0.00973326354992373,-0.00973326354992373,0.0,0.0,Bull,False,-0.00891967912931402,-0.00891967912931402,-0.007848779662786647,-0.007848779662786647
2026-05-12,-0.004245226106369441,-0.004245226106369441,0.0,0.0,Bull,False,-0.01089831161588073,-0.01089831161588073,-0.0023064786352896345,-0.0023064786352896345
2026-05-13,0.021020360890783785,0.021020360890783785,0.0,0.0,Bull,False,0.000834622899672881,0.000834622899672881,0.019796643446736224,0.019796643446736224
2026-05-14,0.00521802561838258,0.00521802561838258,0.0,0.0,Bull,False,0.0069895896558304325,0.0069895896558304325,0.003875750525036466,0.003875750525036466
2026-05-15,-0.0074516467221370526,-0.0074516467221370526,0.0,0.0,Bull,False,-0.0011551654086942823,-0.0011551654086942823,-0.006903687004380816,-0.006903687004380816
2026-05-18,0.0009335672570419146,0.0009335672570419146,0.0,0.0,Bull,False,0.00016179161494790583,0.00016179161494790583,0.0008616445831527502,0.0008616445831527502
2026-05-19,0.002045730832431652,0.002045730832431652,0.0,0.0,Bull,False,-0.0008054525791856294,-0.0008054525791856294,0.0020664475829364776,0.0020664475829364776
2026-05-20,-0.00047680423508961547,-0.00047680423508961547,0.0,0.0,Bull,False,0.0010292300172400706,0.0010292300172400706,-0.0006123677191897727,-0.0006123677191897727
2026-05-21,0.0014355098521324796,0.0014355098521324796,0.0,0.0,Bull,False,-0.0001037812834503475,-0.0001037812834503475,0.0013820009039695956,0.0013820009039695956
2026-05-22,0.0005174466126483729,0.0005174466126483729,0.0,0.0,Bull,False,0.001620204836684101,0.001620204836684101,0.0002406312480447223,0.0002406312480447223
2026-05-25,0.005771899299578026,0.005771899299578026,0.0,0.0,Bull,False,0.007818202972096205,0.007818202972096205,0.004270612009691689,0.004270612009691689
2026-05-26,-0.004741209879141521,-0.004741209879141521,0.0,0.0,Bull,False,-0.0029276944642567027,-0.0029276944642567027,-0.004054898792003365,-0.004054898792003365
2026-05-27,-0.0016306316319536305,-0.0016306316319536305,0.0,0.0,Bull,False,-0.0001672294788960144,-0.0001672294788960144,-0.001526969800263804,-0.001526969800263804
2026-05-28,0.0,0.0,0.0,0.0,Bull,False,0.0,0.0,0.0,0.0
2026-05-29,-0.0077057093992035355,-0.0077057093992035355,0.0,0.0,Bull,False,-0.008957073776257323,-0.008957073776257323,-0.005930600188493292,-0.005930600188493292
2026-06-01,-0.006333634144438236,-0.006333634144438236,0.0,0.0,Bull,False,-0.0041531225440706405,-0.0041531225440706405,-0.005366670083797062,-0.005366670083797062
2026-06-02,0.005234459741688541,0.005234459741688541,0.0,0.0,Bull,False,0.0025533582455578505,0.0025533582455578505,0.004568841010393198,0.004568841010393198
2026-06-03,-0.0043547215996235095,-0.0043547215996235095,0.0,0.0,Bull,False,-0.0019634404189722626,-0.0019634404189722626,-0.0038276431154695132,-0.0038276431154695132
2026-06-04,0.002640280133353552,0.002640280133353552,0.0,0.0,Bull,False,0.0002722846838157866,0.0002722846838157866,0.0024599836331713684,0.0024599836331713684
2026-06-05,-0.00296105257854318,-0.00296105257854318,0.0,0.0,Bull,False,-0.0012536971202581613,-0.0012536971202581613,-0.002612320348134018,-0.002612320348134018
2026-06-08,-0.007090000455583251,-0.007362203839986203,0.000274147087377263,0.548294174754526,Crisis,True,-0.006261607082511645,-0.006266426853637541,-0.012923084179560338,-0.012928895268445983
2026-06-09,0.0024312240982417377,0.0024312240982417377,0.0,0.0,Crisis,False,0.003081487245699278,0.003081487245699278,0.00497525444282948,0.00497525444282948
2026-06-10,-0.008342024028324995,-0.008342024028324995,0.0,0.0,Crisis,False,-0.0007034104000234357,-0.0007034104000234357,-0.011543807645708786,-0.011543807645708786
2026-06-11,-0.003699146206992749,-0.003699146206992749,0.0,0.0,Crisis,False,-0.0013712328941679034,-0.0013712328941679034,-0.005747766989615209,-0.005747766989615209
2026-06-12,0.005244870618708732,0.005244870618708732,0.0,0.0,Crisis,False,0.01190376882393762,0.01190376882393762,0.013810740196665968,0.013810740196665968
2026-06-15,0.004334455078341488,0.004334455078341488,0.0,0.0,Crisis,False,0.00589277537463535,0.00589277537463535,0.009114285277551535,0.009114285277551535
2026-06-16,6.668652614792168e-05,6.668652614792168e-05,0.0,0.0,Crisis,False,0.0034339494879762128,0.0034339494879762128,0.0020162735670262856,0.0020162735670262856
2026-06-17,-0.0007760580206550984,-0.0007760580206550984,0.0,0.0,Crisis,False,0.002436197339458158,0.002436197339458158,0.0003568106677845479,0.0003568106677845479
2026-06-18,-0.0032144352084260528,-0.0032144352084260528,0.0,0.0,Crisis,False,0.0020749834861832866,0.0020749834861832866,-0.003078844992287097,-0.003078844992287097
2026-06-19,-0.0046021205173515135,-0.0046021205173515135,0.0,0.0,Crisis,False,-0.003893369101252853,-0.003893369101252853,-0.008312268348751647,-0.008312268348751647
2026-06-22,0.002643461967598708,0.002643461967598708,0.0,0.0,Crisis,False,0.002268217780282483,0.002268217780282483,0.004806406229334111,0.004806406229334111
2026-06-23,-0.0044007656329142246,-0.0044007656329142246,0.0,0.0,Crisis,False,-0.0070261054408026265,-0.0070261054408026265,-0.009835975438979887,-0.009835975438979887
2026-06-24,-0.0026756850119527904,-0.0026756850119527904,0.0,0.0,Crisis,False,0.005009780129751783,0.005009780129751783,-0.0006923344975463981,-0.0006923344975463981
2026-06-25,-0.005190693961635599,-0.005190693961635599,0.0,0.0,Crisis,False,0.0008674298442627238,0.0008674298442627238,-0.006403389755993529,-0.006403389755993529
2026-06-26,0.0,0.0,0.0,0.0,Crisis,False,0.0,0.0,0.0,0.0
2026-06-29,0.00295775079950746,0.00295775079950746,0.0,0.0,Crisis,False,-0.002765177764760462,-0.002765177764760462,0.0023273944570543314,0.0023273944570543314
2026-06-30,-0.0009204266242959452,-0.0009204266242959452,0.0,0.0,Crisis,False,-0.0020367346226107903,-0.0020367346226107903,-0.00239954256432345,-0.00239954256432345
2026-07-01,-0.0010214062236137452,-0.0010214062236137452,0.0,0.0,Crisis,False,0.003551901672768991,0.003551901672768991,0.0006843597017794575,0.0006843597017794575
2026-07-02,0.004470748348542159,0.004470748348542159,0.0,0.0,Crisis,False,0.004290903271577464,0.004290903271577464,0.008434425154984698,0.008434425154984698
2026-07-03,0.005229225831553365,0.005229225831553365,0.0,0.0,Crisis,False,0.002393509847976906,0.002393509847976906,0.008314900891528105,0.008314900891528105
2026-07-06,-0.001596005806511202,-0.001596005806511202,0.0,0.0,Crisis,False,0.003998732040431401,0.003998732040431401,0.00018630037010786504,0.00018630037010786504
2026-07-07,-0.0033046114018784314,-0.0035848479458508997,0.0002811656873085112,0.5623313746170224,Bull,True,-0.0007733174869968495,-0.0007786317328839498,-0.003022434618160319,-0.0030321871978429282
2026-07-08,-0.014308179133907247,-0.014308179133907247,0.0,0.0,Bull,False,-0.012698507100646145,-0.012698507100646145,-0.011602797238748925,-0.011602797238748925
2026-07-09,0.005864187247916322,0.005864187247916322,0.0,0.0,Bull,False,0.002006192399979551,0.002006192399979551,0.005247173155694836,0.005247173155694836
2026-07-10,0.0037221727151738955,0.0037221727151738955,0.0,0.0,Bull,False,0.006068682149066096,0.006068682149066096,0.0025772008359576343,0.0025772008359576343
2026-07-13,-0.003439509220428183,-0.003439509220428183,0.0,0.0,Bull,False,9.721398911773456e-05,9.721398911773456e-05,-0.003289100951160795,-0.003289100951160795
2026-07-14,-0.005833853451324813,-0.005833853451324813,0.0,0.0,Bull,False,-0.003920849972221196,-0.003920849972221196,-0.004920739717314078,-0.004920739717314078
2026-07-15,0.0017176339641094087,0.0017176339641094087,0.0,0.0,Bull,False,0.0006556717890411249,0.0006556717890411249,0.0015273428593553695,0.0015273428593553695
2026-07-16,0.00013041868816418507,0.00013041868816418507,0.0,0.0,Bull,False,-0.000142448156436445,-0.000142448156436445,0.00014666402907779775,0.00014666402907779775
2026-07-17,0.0028706849062256714,0.0028706849062256714,0.0,0.0,Bull,False,0.006480475584593928,0.006480475584593928,0.0016946569655281816,0.0016946569655281816
2026-07-20,0.0013272251329174908,0.0013272251329174908,0.0,0.0,Bull,False,-0.002358384182029402,-0.002358384182029402,0.0016406519502133103,0.0016406519502133103
2026-07-21,0.0016899441969184205,0.0016899441969184205,0.0,0.0,Bull,False,-0.0012535490633217787,-0.0012535490633217787,0.0018074256827542226,0.0018074256827542226
2026-07-22,0.0006088039497492738,0.0006088039497492738,0.0,0.0,Bull,False,-0.004730088809581938,-0.004730088809581938,0.0013315515960657868,0.0013315515960657868
2026-07-23,-0.003686199862533127,-0.003686199862533127,0.0,0.0,Bull,False,-0.0031480385198805884,-0.0031480385198805884,-0.0030074067098855984,-0.0030074067098855984
2026-07-24,-0.004219621976392689,-0.004219621976392689,0.0,0.0,Bull,False,-0.002543807161508732,-0.002543807161508732,-0.003605138539269439,-0.003605138539269439
2026-07-27,0.0,0.0,0.0,0.0,Bull,False,0.0,0.0,0.0,0.0
